t,a,b,pdr
1.02,UAV-1,GCS,1.000
2.02,UAV-1,GCS,1.000
3.02,UAV-1,GCS,1.000
4.02,UAV-1,GCS,1.000
5.04,UAV-1,GCS,1.000
5.04,UAV-1,UAV-2,1.000
5.04,UAV-2,GCS,1.000
6.06,UAV-1,GCS,1.000
6.06,UAV-1,UAV-2,1.000
6.06,UAV-2,GCS,1.000
7.08,UAV-1,GCS,1.000
7.08,UAV-1,UAV-2,1.000
7.08,UAV-2,GCS,1.000
8.10,UAV-1,GCS,1.000
8.10,UAV-1,UAV-2,1.000
8.10,UAV-2,GCS,1.000
9.12,UAV-1,GCS,1.000
9.12,UAV-1,UAV-2,1.000
9.12,UAV-1,UAV-3,1.000
9.12,UAV-2,GCS,1.000
9.12,UAV-2,UAV-3,1.000
9.12,UAV-3,GCS,1.000
10.14,UAV-1,GCS,1.000
10.14,UAV-1,UAV-2,1.000
10.14,UAV-1,UAV-3,1.000
10.14,UAV-2,GCS,1.000
10.14,UAV-2,UAV-3,1.000
10.14,UAV-3,GCS,1.000
11.16,UAV-1,GCS,1.000
11.16,UAV-1,UAV-2,1.000
11.16,UAV-1,UAV-3,1.000
11.16,UAV-2,GCS,1.000
11.16,UAV-2,UAV-3,1.000
11.16,UAV-3,GCS,1.000
12.18,UAV-1,GCS,1.000
12.18,UAV-1,UAV-2,1.000
12.18,UAV-1,UAV-3,1.000
12.18,UAV-2,GCS,1.000
12.18,UAV-2,UAV-3,1.000
12.18,UAV-3,GCS,1.000
13.20,UAV-1,GCS,1.000
13.20,UAV-1,UAV-2,1.000
13.20,UAV-1,UAV-3,1.000
13.20,UAV-1,UAV-4,1.000
13.20,UAV-2,GCS,1.000
13.20,UAV-2,UAV-3,1.000
13.20,UAV-2,UAV-4,1.000
13.20,UAV-3,GCS,1.000
13.20,UAV-3,UAV-4,1.000
13.20,UAV-4,GCS,1.000
14.22,UAV-1,GCS,1.000
14.22,UAV-1,UAV-2,1.000
14.22,UAV-1,UAV-3,1.000
14.22,UAV-1,UAV-4,1.000
14.22,UAV-2,GCS,1.000
14.22,UAV-2,UAV-3,1.000
14.22,UAV-2,UAV-4,1.000
14.22,UAV-3,GCS,1.000
14.22,UAV-3,UAV-4,1.000
14.22,UAV-4,GCS,1.000
15.24,UAV-1,GCS,1.000
15.24,UAV-1,UAV-2,1.000
15.24,UAV-1,UAV-3,1.000
15.24,UAV-1,UAV-4,1.000
15.24,UAV-2,GCS,1.000
15.24,UAV-2,UAV-3,1.000
15.24,UAV-2,UAV-4,1.000
15.24,UAV-3,GCS,1.000
15.24,UAV-3,UAV-4,1.000
15.24,UAV-4,GCS,1.000
16.26,UAV-1,GCS,1.000
16.26,UAV-1,UAV-2,1.000
16.26,UAV-1,UAV-3,1.000
16.26,UAV-1,UAV-4,1.000
16.26,UAV-2,GCS,1.000
16.26,UAV-2,UAV-3,1.000
16.26,UAV-2,UAV-4,1.000
16.26,UAV-3,GCS,1.000
16.26,UAV-3,UAV-4,1.000
16.26,UAV-4,GCS,1.000
17.28,UAV-1,GCS,1.000
17.28,UAV-1,UAV-2,1.000
17.28,UAV-1,UAV-3,1.000
17.28,UAV-1,UAV-4,1.000
17.28,UAV-1,UAV-5,1.000
17.28,UAV-2,GCS,1.000
17.28,UAV-2,UAV-3,1.000
17.28,UAV-2,UAV-4,1.000
17.28,UAV-2,UAV-5,1.000
17.28,UAV-3,GCS,1.000
17.28,UAV-3,UAV-4,1.000
17.28,UAV-3,UAV-5,1.000
17.28,UAV-4,GCS,1.000
17.28,UAV-4,UAV-5,1.000
17.28,UAV-5,GCS,1.000
18.30,UAV-1,GCS,1.000
18.30,UAV-1,UAV-2,1.000
18.30,UAV-1,UAV-3,1.000
18.30,UAV-1,UAV-4,1.000
18.30,UAV-1,UAV-5,1.000
18.30,UAV-2,GCS,1.000
18.30,UAV-2,UAV-3,1.000
18.30,UAV-2,UAV-4,1.000
18.30,UAV-2,UAV-5,1.000
18.30,UAV-3,GCS,1.000
18.30,UAV-3,UAV-4,1.000
18.30,UAV-3,UAV-5,1.000
18.30,UAV-4,GCS,1.000
18.30,UAV-4,UAV-5,1.000
18.30,UAV-5,GCS,1.000
19.32,UAV-1,GCS,1.000
19.32,UAV-1,UAV-2,1.000
19.32,UAV-1,UAV-3,1.000
19.32,UAV-1,UAV-4,1.000
19.32,UAV-1,UAV-5,1.000
19.32,UAV-2,GCS,1.000
19.32,UAV-2,UAV-3,1.000
19.32,UAV-2,UAV-4,1.000
19.32,UAV-2,UAV-5,1.000
19.32,UAV-3,GCS,1.000
19.32,UAV-3,UAV-4,1.000
19.32,UAV-3,UAV-5,1.000
19.32,UAV-4,GCS,1.000
19.32,UAV-4,UAV-5,1.000
19.32,UAV-5,GCS,1.000
20.34,UAV-1,GCS,1.000
20.34,UAV-1,UAV-2,1.000
20.34,UAV-1,UAV-3,1.000
20.34,UAV-1,UAV-4,1.000
20.34,UAV-1,UAV-5,1.000
20.34,UAV-2,GCS,1.000
20.34,UAV-2,UAV-3,1.000
20.34,UAV-2,UAV-4,1.000
20.34,UAV-2,UAV-5,1.000
20.34,UAV-3,GCS,1.000
20.34,UAV-3,UAV-4,1.000
20.34,UAV-3,UAV-5,1.000
20.34,UAV-4,GCS,1.000
20.34,UAV-4,UAV-5,1.000
20.34,UAV-5,GCS,1.000
21.36,UAV-1,GCS,1.000
21.36,UAV-1,UAV-2,1.000
21.36,UAV-1,UAV-3,1.000
21.36,UAV-1,UAV-4,1.000
21.36,UAV-1,UAV-5,1.000
21.36,UAV-2,GCS,1.000
21.36,UAV-2,UAV-3,1.000
21.36,UAV-2,UAV-4,1.000
21.36,UAV-2,UAV-5,1.000
21.36,UAV-3,GCS,1.000
21.36,UAV-3,UAV-4,1.000
21.36,UAV-3,UAV-5,1.000
21.36,UAV-4,GCS,1.000
21.36,UAV-4,UAV-5,1.000
21.36,UAV-5,GCS,1.000
22.38,UAV-1,GCS,1.000
22.38,UAV-1,UAV-2,1.000
22.38,UAV-1,UAV-3,1.000
22.38,UAV-1,UAV-4,1.000
22.38,UAV-1,UAV-5,1.000
22.38,UAV-2,GCS,1.000
22.38,UAV-2,UAV-3,1.000
22.38,UAV-2,UAV-4,1.000
22.38,UAV-2,UAV-5,1.000
22.38,UAV-3,GCS,1.000
22.38,UAV-3,UAV-4,1.000
22.38,UAV-3,UAV-5,1.000
22.38,UAV-4,GCS,1.000
22.38,UAV-4,UAV-5,1.000
22.38,UAV-5,GCS,1.000
23.40,UAV-1,GCS,1.000
23.40,UAV-1,UAV-2,1.000
23.40,UAV-1,UAV-3,1.000
23.40,UAV-1,UAV-4,1.000
23.40,UAV-1,UAV-5,1.000
23.40,UAV-2,GCS,1.000
23.40,UAV-2,UAV-3,1.000
23.40,UAV-2,UAV-4,1.000
23.40,UAV-2,UAV-5,1.000
23.40,UAV-3,GCS,1.000
23.40,UAV-3,UAV-4,1.000
23.40,UAV-3,UAV-5,1.000
23.40,UAV-4,GCS,1.000
23.40,UAV-4,UAV-5,1.000
23.40,UAV-5,GCS,1.000
24.42,UAV-1,GCS,1.000
24.42,UAV-1,UAV-2,1.000
24.42,UAV-1,UAV-3,1.000
24.42,UAV-1,UAV-4,1.000
24.42,UAV-1,UAV-5,1.000
24.42,UAV-2,GCS,1.000
24.42,UAV-2,UAV-3,1.000
24.42,UAV-2,UAV-4,1.000
24.42,UAV-2,UAV-5,1.000
24.42,UAV-3,GCS,1.000
24.42,UAV-3,UAV-4,1.000
24.42,UAV-3,UAV-5,1.000
24.42,UAV-4,GCS,1.000
24.42,UAV-4,UAV-5,1.000
24.42,UAV-5,GCS,1.000
25.44,UAV-1,GCS,1.000
25.44,UAV-1,UAV-2,1.000
25.44,UAV-1,UAV-3,1.000
25.44,UAV-1,UAV-4,1.000
25.44,UAV-1,UAV-5,1.000
25.44,UAV-2,GCS,1.000
25.44,UAV-2,UAV-3,1.000
25.44,UAV-2,UAV-4,1.000
25.44,UAV-2,UAV-5,1.000
25.44,UAV-3,GCS,1.000
25.44,UAV-3,UAV-4,1.000
25.44,UAV-3,UAV-5,1.000
25.44,UAV-4,GCS,1.000
25.44,UAV-4,UAV-5,1.000
25.44,UAV-5,GCS,1.000
26.46,UAV-1,GCS,1.000
26.46,UAV-1,UAV-2,1.000
26.46,UAV-1,UAV-3,1.000
26.46,UAV-1,UAV-4,1.000
26.46,UAV-1,UAV-5,1.000
26.46,UAV-2,GCS,1.000
26.46,UAV-2,UAV-3,1.000
26.46,UAV-2,UAV-4,1.000
26.46,UAV-2,UAV-5,1.000
26.46,UAV-3,GCS,1.000
26.46,UAV-3,UAV-4,1.000
26.46,UAV-3,UAV-5,1.000
26.46,UAV-4,GCS,1.000
26.46,UAV-4,UAV-5,1.000
26.46,UAV-5,GCS,1.000
27.48,UAV-1,GCS,1.000
27.48,UAV-1,UAV-2,1.000
27.48,UAV-1,UAV-3,1.000
27.48,UAV-1,UAV-4,1.000
27.48,UAV-1,UAV-5,1.000
27.48,UAV-2,GCS,1.000
27.48,UAV-2,UAV-3,1.000
27.48,UAV-2,UAV-4,1.000
27.48,UAV-2,UAV-5,1.000
27.48,UAV-3,GCS,1.000
27.48,UAV-3,UAV-4,1.000
27.48,UAV-3,UAV-5,1.000
27.48,UAV-4,GCS,1.000
27.48,UAV-4,UAV-5,1.000
27.48,UAV-5,GCS,1.000
28.50,UAV-1,GCS,1.000
28.50,UAV-1,UAV-2,1.000
28.50,UAV-1,UAV-3,1.000
28.50,UAV-1,UAV-4,1.000
28.50,UAV-1,UAV-5,1.000
28.50,UAV-2,GCS,1.000
28.50,UAV-2,UAV-3,1.000
28.50,UAV-2,UAV-4,1.000
28.50,UAV-2,UAV-5,1.000
28.50,UAV-3,GCS,1.000
28.50,UAV-3,UAV-4,1.000
28.50,UAV-3,UAV-5,1.000
28.50,UAV-4,GCS,1.000
28.50,UAV-4,UAV-5,1.000
28.50,UAV-5,GCS,1.000
29.52,UAV-1,GCS,1.000
29.52,UAV-1,UAV-2,1.000
29.52,UAV-1,UAV-3,1.000
29.52,UAV-1,UAV-4,1.000
29.52,UAV-1,UAV-5,1.000
29.52,UAV-2,GCS,1.000
29.52,UAV-2,UAV-3,1.000
29.52,UAV-2,UAV-4,1.000
29.52,UAV-2,UAV-5,1.000
29.52,UAV-3,GCS,1.000
29.52,UAV-3,UAV-4,1.000
29.52,UAV-3,UAV-5,1.000
29.52,UAV-4,GCS,1.000
29.52,UAV-4,UAV-5,1.000
29.52,UAV-5,GCS,1.000
30.54,UAV-1,GCS,1.000
30.54,UAV-1,UAV-2,1.000
30.54,UAV-1,UAV-3,1.000
30.54,UAV-1,UAV-4,1.000
30.54,UAV-1,UAV-5,1.000
30.54,UAV-2,GCS,1.000
30.54,UAV-2,UAV-3,1.000
30.54,UAV-2,UAV-4,1.000
30.54,UAV-2,UAV-5,1.000
30.54,UAV-3,GCS,1.000
30.54,UAV-3,UAV-4,1.000
30.54,UAV-3,UAV-5,1.000
30.54,UAV-4,GCS,1.000
30.54,UAV-4,UAV-5,1.000
30.54,UAV-5,GCS,1.000
31.56,UAV-1,GCS,1.000
31.56,UAV-1,UAV-2,1.000
31.56,UAV-1,UAV-3,1.000
31.56,UAV-1,UAV-4,1.000
31.56,UAV-1,UAV-5,1.000
31.56,UAV-2,GCS,1.000
31.56,UAV-2,UAV-3,1.000
31.56,UAV-2,UAV-4,1.000
31.56,UAV-2,UAV-5,1.000
31.56,UAV-3,GCS,1.000
31.56,UAV-3,UAV-4,1.000
31.56,UAV-3,UAV-5,1.000
31.56,UAV-4,GCS,1.000
31.56,UAV-4,UAV-5,1.000
31.56,UAV-5,GCS,1.000
32.56,UAV-1,GCS,1.000
32.56,UAV-1,UAV-2,1.000
32.56,UAV-1,UAV-3,1.000
32.56,UAV-1,UAV-4,1.000
32.56,UAV-1,UAV-5,1.000
32.56,UAV-2,GCS,1.000
32.56,UAV-2,UAV-3,1.000
32.56,UAV-2,UAV-4,1.000
32.56,UAV-2,UAV-5,1.000
32.56,UAV-3,GCS,1.000
32.56,UAV-3,UAV-4,1.000
32.56,UAV-3,UAV-5,1.000
32.56,UAV-4,GCS,1.000
32.56,UAV-4,UAV-5,1.000
32.56,UAV-5,GCS,1.000
33.56,UAV-1,GCS,1.000
33.56,UAV-1,UAV-2,1.000
33.56,UAV-1,UAV-3,1.000
33.56,UAV-1,UAV-4,1.000
33.56,UAV-1,UAV-5,1.000
33.56,UAV-2,GCS,1.000
33.56,UAV-2,UAV-3,1.000
33.56,UAV-2,UAV-4,1.000
33.56,UAV-2,UAV-5,1.000
33.56,UAV-3,GCS,1.000
33.56,UAV-3,UAV-4,1.000
33.56,UAV-3,UAV-5,1.000
33.56,UAV-4,GCS,1.000
33.56,UAV-4,UAV-5,1.000
33.56,UAV-5,GCS,1.000
34.56,UAV-1,GCS,1.000
34.56,UAV-1,UAV-2,1.000
34.56,UAV-1,UAV-3,1.000
34.56,UAV-1,UAV-4,1.000
34.56,UAV-1,UAV-5,1.000
34.56,UAV-2,GCS,1.000
34.56,UAV-2,UAV-3,1.000
34.56,UAV-2,UAV-4,1.000
34.56,UAV-2,UAV-5,1.000
34.56,UAV-3,GCS,1.000
34.56,UAV-3,UAV-4,1.000
34.56,UAV-3,UAV-5,1.000
34.56,UAV-4,GCS,1.000
34.56,UAV-4,UAV-5,1.000
34.56,UAV-5,GCS,1.000
35.56,UAV-1,GCS,1.000
35.56,UAV-1,UAV-2,1.000
35.56,UAV-1,UAV-3,1.000
35.56,UAV-1,UAV-4,1.000
35.56,UAV-1,UAV-5,1.000
35.56,UAV-2,GCS,1.000
35.56,UAV-2,UAV-3,1.000
35.56,UAV-2,UAV-4,1.000
35.56,UAV-2,UAV-5,1.000
35.56,UAV-3,GCS,1.000
35.56,UAV-3,UAV-4,1.000
35.56,UAV-3,UAV-5,1.000
35.56,UAV-4,GCS,1.000
35.56,UAV-4,UAV-5,1.000
35.56,UAV-5,GCS,1.000
36.56,UAV-1,GCS,1.000
36.56,UAV-1,UAV-2,1.000
36.56,UAV-1,UAV-3,1.000
36.56,UAV-1,UAV-4,1.000
36.56,UAV-1,UAV-5,1.000
36.56,UAV-2,GCS,1.000
36.56,UAV-2,UAV-3,1.000
36.56,UAV-2,UAV-4,1.000
36.56,UAV-2,UAV-5,1.000
36.56,UAV-3,GCS,1.000
36.56,UAV-3,UAV-4,1.000
36.56,UAV-3,UAV-5,1.000
36.56,UAV-4,GCS,1.000
36.56,UAV-4,UAV-5,1.000
36.56,UAV-5,GCS,1.000
37.56,UAV-1,GCS,1.000
37.56,UAV-1,UAV-2,1.000
37.56,UAV-1,UAV-3,1.000
37.56,UAV-1,UAV-4,1.000
37.56,UAV-1,UAV-5,1.000
37.56,UAV-2,GCS,1.000
37.56,UAV-2,UAV-3,1.000
37.56,UAV-2,UAV-4,1.000
37.56,UAV-2,UAV-5,1.000
37.56,UAV-3,GCS,1.000
37.56,UAV-3,UAV-4,1.000
37.56,UAV-3,UAV-5,1.000
37.56,UAV-4,GCS,1.000
37.56,UAV-4,UAV-5,1.000
37.56,UAV-5,GCS,1.000
38.56,UAV-1,GCS,1.000
38.56,UAV-1,UAV-2,1.000
38.56,UAV-1,UAV-3,1.000
38.56,UAV-1,UAV-4,1.000
38.56,UAV-1,UAV-5,1.000
38.56,UAV-2,GCS,1.000
38.56,UAV-2,UAV-3,1.000
38.56,UAV-2,UAV-4,1.000
38.56,UAV-2,UAV-5,1.000
38.56,UAV-3,GCS,1.000
38.56,UAV-3,UAV-4,1.000
38.56,UAV-3,UAV-5,1.000
38.56,UAV-4,GCS,1.000
38.56,UAV-4,UAV-5,1.000
38.56,UAV-5,GCS,1.000
39.56,UAV-1,GCS,1.000
39.56,UAV-1,UAV-2,1.000
39.56,UAV-1,UAV-3,1.000
39.56,UAV-1,UAV-4,1.000
39.56,UAV-1,UAV-5,1.000
39.56,UAV-2,GCS,1.000
39.56,UAV-2,UAV-3,1.000
39.56,UAV-2,UAV-4,1.000
39.56,UAV-2,UAV-5,1.000
39.56,UAV-3,GCS,1.000
39.56,UAV-3,UAV-4,1.000
39.56,UAV-3,UAV-5,1.000
39.56,UAV-4,GCS,1.000
39.56,UAV-4,UAV-5,1.000
39.56,UAV-5,GCS,1.000
40.56,UAV-1,GCS,1.000
40.56,UAV-1,UAV-2,1.000
40.56,UAV-1,UAV-3,1.000
40.56,UAV-1,UAV-4,1.000
40.56,UAV-1,UAV-5,1.000
40.56,UAV-2,GCS,1.000
40.56,UAV-2,UAV-3,1.000
40.56,UAV-2,UAV-4,1.000
40.56,UAV-2,UAV-5,1.000
40.56,UAV-3,GCS,1.000
40.56,UAV-3,UAV-4,1.000
40.56,UAV-3,UAV-5,1.000
40.56,UAV-4,GCS,1.000
40.56,UAV-4,UAV-5,1.000
40.56,UAV-5,GCS,1.000
41.56,UAV-1,GCS,1.000
41.56,UAV-1,UAV-2,1.000
41.56,UAV-1,UAV-3,1.000
41.56,UAV-1,UAV-4,1.000
41.56,UAV-1,UAV-5,1.000
41.56,UAV-2,GCS,1.000
41.56,UAV-2,UAV-3,1.000
41.56,UAV-2,UAV-4,1.000
41.56,UAV-2,UAV-5,1.000
41.56,UAV-3,GCS,1.000
41.56,UAV-3,UAV-4,1.000
41.56,UAV-3,UAV-5,1.000
41.56,UAV-4,GCS,1.000
41.56,UAV-4,UAV-5,1.000
41.56,UAV-5,GCS,1.000
42.56,UAV-1,GCS,1.000
42.56,UAV-1,UAV-2,1.000
42.56,UAV-1,UAV-3,1.000
42.56,UAV-1,UAV-4,1.000
42.56,UAV-1,UAV-5,1.000
42.56,UAV-2,GCS,1.000
42.56,UAV-2,UAV-3,1.000
42.56,UAV-2,UAV-4,1.000
42.56,UAV-2,UAV-5,1.000
42.56,UAV-3,GCS,1.000
42.56,UAV-3,UAV-4,1.000
42.56,UAV-3,UAV-5,1.000
42.56,UAV-4,GCS,1.000
42.56,UAV-4,UAV-5,1.000
42.56,UAV-5,GCS,1.000
43.56,UAV-1,GCS,1.000
43.56,UAV-1,UAV-2,1.000
43.56,UAV-1,UAV-3,1.000
43.56,UAV-1,UAV-4,1.000
43.56,UAV-1,UAV-5,1.000
43.56,UAV-2,GCS,1.000
43.56,UAV-2,UAV-3,1.000
43.56,UAV-2,UAV-4,1.000
43.56,UAV-2,UAV-5,1.000
43.56,UAV-3,GCS,1.000
43.56,UAV-3,UAV-4,1.000
43.56,UAV-3,UAV-5,1.000
43.56,UAV-4,GCS,1.000
43.56,UAV-4,UAV-5,1.000
43.56,UAV-5,GCS,1.000
44.56,UAV-1,GCS,1.000
44.56,UAV-1,UAV-2,1.000
44.56,UAV-1,UAV-3,1.000
44.56,UAV-1,UAV-4,1.000
44.56,UAV-1,UAV-5,1.000
44.56,UAV-2,GCS,1.000
44.56,UAV-2,UAV-3,1.000
44.56,UAV-2,UAV-4,1.000
44.56,UAV-2,UAV-5,1.000
44.56,UAV-3,GCS,1.000
44.56,UAV-3,UAV-4,1.000
44.56,UAV-3,UAV-5,1.000
44.56,UAV-4,GCS,1.000
44.56,UAV-4,UAV-5,1.000
44.56,UAV-5,GCS,1.000
45.56,UAV-1,GCS,1.000
45.56,UAV-1,UAV-2,1.000
45.56,UAV-1,UAV-3,1.000
45.56,UAV-1,UAV-4,1.000
45.56,UAV-1,UAV-5,1.000
45.56,UAV-2,GCS,1.000
45.56,UAV-2,UAV-3,1.000
45.56,UAV-2,UAV-4,1.000
45.56,UAV-2,UAV-5,1.000
45.56,UAV-3,GCS,1.000
45.56,UAV-3,UAV-4,1.000
45.56,UAV-3,UAV-5,1.000
45.56,UAV-4,GCS,1.000
45.56,UAV-4,UAV-5,1.000
45.56,UAV-5,GCS,1.000
46.56,UAV-1,GCS,1.000
46.56,UAV-1,UAV-2,1.000
46.56,UAV-1,UAV-3,1.000
46.56,UAV-1,UAV-4,1.000
46.56,UAV-1,UAV-5,1.000
46.56,UAV-2,GCS,1.000
46.56,UAV-2,UAV-3,1.000
46.56,UAV-2,UAV-4,1.000
46.56,UAV-2,UAV-5,1.000
46.56,UAV-3,GCS,1.000
46.56,UAV-3,UAV-4,1.000
46.56,UAV-3,UAV-5,1.000
46.56,UAV-4,GCS,1.000
46.56,UAV-4,UAV-5,1.000
46.56,UAV-5,GCS,1.000
47.56,UAV-1,GCS,1.000
47.56,UAV-1,UAV-2,1.000
47.56,UAV-1,UAV-3,1.000
47.56,UAV-1,UAV-4,1.000
47.56,UAV-1,UAV-5,1.000
47.56,UAV-2,GCS,1.000
47.56,UAV-2,UAV-3,1.000
47.56,UAV-2,UAV-4,1.000
47.56,UAV-2,UAV-5,1.000
47.56,UAV-3,GCS,1.000
47.56,UAV-3,UAV-4,1.000
47.56,UAV-3,UAV-5,1.000
47.56,UAV-4,GCS,1.000
47.56,UAV-4,UAV-5,1.000
47.56,UAV-5,GCS,1.000
48.56,UAV-1,GCS,1.000
48.56,UAV-1,UAV-2,1.000
48.56,UAV-1,UAV-3,1.000
48.56,UAV-1,UAV-4,1.000
48.56,UAV-1,UAV-5,1.000
48.56,UAV-2,GCS,1.000
48.56,UAV-2,UAV-3,1.000
48.56,UAV-2,UAV-4,1.000
48.56,UAV-2,UAV-5,1.000
48.56,UAV-3,GCS,1.000
48.56,UAV-3,UAV-4,1.000
48.56,UAV-3,UAV-5,1.000
48.56,UAV-4,GCS,1.000
48.56,UAV-4,UAV-5,1.000
48.56,UAV-5,GCS,1.000
49.56,UAV-1,GCS,1.000
49.56,UAV-1,UAV-2,1.000
49.56,UAV-1,UAV-3,1.000
49.56,UAV-1,UAV-4,1.000
49.56,UAV-1,UAV-5,1.000
49.56,UAV-2,GCS,1.000
49.56,UAV-2,UAV-3,1.000
49.56,UAV-2,UAV-4,1.000
49.56,UAV-2,UAV-5,1.000
49.56,UAV-3,GCS,1.000
49.56,UAV-3,UAV-4,1.000
49.56,UAV-3,UAV-5,1.000
49.56,UAV-4,GCS,1.000
49.56,UAV-4,UAV-5,1.000
49.56,UAV-5,GCS,1.000
50.56,UAV-1,GCS,1.000
50.56,UAV-1,UAV-2,1.000
50.56,UAV-1,UAV-3,1.000
50.56,UAV-1,UAV-4,1.000
50.56,UAV-1,UAV-5,1.000
50.56,UAV-2,GCS,1.000
50.56,UAV-2,UAV-3,1.000
50.56,UAV-2,UAV-4,1.000
50.56,UAV-2,UAV-5,1.000
50.56,UAV-3,GCS,1.000
50.56,UAV-3,UAV-4,1.000
50.56,UAV-3,UAV-5,1.000
50.56,UAV-4,GCS,1.000
50.56,UAV-4,UAV-5,1.000
50.56,UAV-5,GCS,1.000
51.56,UAV-1,GCS,1.000
51.56,UAV-1,UAV-2,1.000
51.56,UAV-1,UAV-3,1.000
51.56,UAV-1,UAV-4,1.000
51.56,UAV-1,UAV-5,1.000
51.56,UAV-2,GCS,1.000
51.56,UAV-2,UAV-3,1.000
51.56,UAV-2,UAV-4,1.000
51.56,UAV-2,UAV-5,1.000
51.56,UAV-3,GCS,1.000
51.56,UAV-3,UAV-4,1.000
51.56,UAV-3,UAV-5,1.000
51.56,UAV-4,GCS,1.000
51.56,UAV-4,UAV-5,1.000
51.56,UAV-5,GCS,1.000
52.56,UAV-1,GCS,1.000
52.56,UAV-1,UAV-2,1.000
52.56,UAV-1,UAV-3,1.000
52.56,UAV-1,UAV-4,1.000
52.56,UAV-1,UAV-5,1.000
52.56,UAV-2,GCS,1.000
52.56,UAV-2,UAV-3,1.000
52.56,UAV-2,UAV-4,1.000
52.56,UAV-2,UAV-5,1.000
52.56,UAV-3,GCS,1.000
52.56,UAV-3,UAV-4,1.000
52.56,UAV-3,UAV-5,1.000
52.56,UAV-4,GCS,1.000
52.56,UAV-4,UAV-5,1.000
52.56,UAV-5,GCS,1.000
53.56,UAV-1,GCS,1.000
53.56,UAV-1,UAV-2,1.000
53.56,UAV-1,UAV-3,1.000
53.56,UAV-1,UAV-4,1.000
53.56,UAV-1,UAV-5,1.000
53.56,UAV-2,GCS,1.000
53.56,UAV-2,UAV-3,1.000
53.56,UAV-2,UAV-4,1.000
53.56,UAV-2,UAV-5,1.000
53.56,UAV-3,GCS,1.000
53.56,UAV-3,UAV-4,1.000
53.56,UAV-3,UAV-5,1.000
53.56,UAV-4,GCS,1.000
53.56,UAV-4,UAV-5,1.000
53.56,UAV-5,GCS,1.000
54.56,UAV-1,GCS,1.000
54.56,UAV-1,UAV-2,1.000
54.56,UAV-1,UAV-3,1.000
54.56,UAV-1,UAV-4,1.000
54.56,UAV-1,UAV-5,1.000
54.56,UAV-2,GCS,1.000
54.56,UAV-2,UAV-3,1.000
54.56,UAV-2,UAV-4,1.000
54.56,UAV-2,UAV-5,1.000
54.56,UAV-3,GCS,1.000
54.56,UAV-3,UAV-4,1.000
54.56,UAV-3,UAV-5,1.000
54.56,UAV-4,GCS,1.000
54.56,UAV-4,UAV-5,1.000
54.56,UAV-5,GCS,1.000
55.56,UAV-1,GCS,1.000
55.56,UAV-1,UAV-2,1.000
55.56,UAV-1,UAV-3,1.000
55.56,UAV-1,UAV-4,1.000
55.56,UAV-1,UAV-5,1.000
55.56,UAV-2,GCS,1.000
55.56,UAV-2,UAV-3,1.000
55.56,UAV-2,UAV-4,1.000
55.56,UAV-2,UAV-5,1.000
55.56,UAV-3,GCS,1.000
55.56,UAV-3,UAV-4,1.000
55.56,UAV-3,UAV-5,1.000
55.56,UAV-4,GCS,1.000
55.56,UAV-4,UAV-5,1.000
55.56,UAV-5,GCS,1.000
56.56,UAV-1,GCS,1.000
56.56,UAV-1,UAV-2,1.000
56.56,UAV-1,UAV-3,1.000
56.56,UAV-1,UAV-4,1.000
56.56,UAV-1,UAV-5,1.000
56.56,UAV-2,GCS,1.000
56.56,UAV-2,UAV-3,1.000
56.56,UAV-2,UAV-4,1.000
56.56,UAV-2,UAV-5,1.000
56.56,UAV-3,GCS,1.000
56.56,UAV-3,UAV-4,1.000
56.56,UAV-3,UAV-5,1.000
56.56,UAV-4,GCS,1.000
56.56,UAV-4,UAV-5,1.000
56.56,UAV-5,GCS,1.000
57.56,UAV-1,GCS,1.000
57.56,UAV-1,UAV-2,1.000
57.56,UAV-1,UAV-3,1.000
57.56,UAV-1,UAV-4,1.000
57.56,UAV-1,UAV-5,1.000
57.56,UAV-2,GCS,1.000
57.56,UAV-2,UAV-3,1.000
57.56,UAV-2,UAV-4,1.000
57.56,UAV-2,UAV-5,1.000
57.56,UAV-3,GCS,1.000
57.56,UAV-3,UAV-4,1.000
57.56,UAV-3,UAV-5,1.000
57.56,UAV-4,GCS,1.000
57.56,UAV-4,UAV-5,1.000
57.56,UAV-5,GCS,1.000
58.56,UAV-1,GCS,1.000
58.56,UAV-1,UAV-2,1.000
58.56,UAV-1,UAV-3,1.000
58.56,UAV-1,UAV-4,1.000
58.56,UAV-1,UAV-5,1.000
58.56,UAV-2,GCS,1.000
58.56,UAV-2,UAV-3,1.000
58.56,UAV-2,UAV-4,1.000
58.56,UAV-2,UAV-5,1.000
58.56,UAV-3,GCS,1.000
58.56,UAV-3,UAV-4,1.000
58.56,UAV-3,UAV-5,1.000
58.56,UAV-4,GCS,1.000
58.56,UAV-4,UAV-5,1.000
58.56,UAV-5,GCS,1.000
59.56,UAV-1,GCS,1.000
59.56,UAV-1,UAV-2,1.000
59.56,UAV-1,UAV-3,1.000
59.56,UAV-1,UAV-4,1.000
59.56,UAV-1,UAV-5,1.000
59.56,UAV-2,GCS,1.000
59.56,UAV-2,UAV-3,1.000
59.56,UAV-2,UAV-4,1.000
59.56,UAV-2,UAV-5,1.000
59.56,UAV-3,GCS,1.000
59.56,UAV-3,UAV-4,1.000
59.56,UAV-3,UAV-5,1.000
59.56,UAV-4,GCS,1.000
59.56,UAV-4,UAV-5,1.000
59.56,UAV-5,GCS,1.000
60.56,UAV-1,GCS,1.000
60.56,UAV-1,UAV-2,1.000
60.56,UAV-1,UAV-3,1.000
60.56,UAV-1,UAV-4,1.000
60.56,UAV-1,UAV-5,1.000
60.56,UAV-2,GCS,1.000
60.56,UAV-2,UAV-3,1.000
60.56,UAV-2,UAV-4,1.000
60.56,UAV-2,UAV-5,1.000
60.56,UAV-3,GCS,1.000
60.56,UAV-3,UAV-4,1.000
60.56,UAV-3,UAV-5,1.000
60.56,UAV-4,GCS,1.000
60.56,UAV-4,UAV-5,1.000
60.56,UAV-5,GCS,1.000
61.56,UAV-1,GCS,1.000
61.56,UAV-1,UAV-2,1.000
61.56,UAV-1,UAV-3,1.000
61.56,UAV-1,UAV-4,1.000
61.56,UAV-1,UAV-5,1.000
61.56,UAV-2,GCS,1.000
61.56,UAV-2,UAV-3,1.000
61.56,UAV-2,UAV-4,1.000
61.56,UAV-2,UAV-5,1.000
61.56,UAV-3,GCS,1.000
61.56,UAV-3,UAV-4,1.000
61.56,UAV-3,UAV-5,1.000
61.56,UAV-4,GCS,1.000
61.56,UAV-4,UAV-5,1.000
61.56,UAV-5,GCS,1.000
62.56,UAV-1,GCS,1.000
62.56,UAV-1,UAV-2,1.000
62.56,UAV-1,UAV-3,1.000
62.56,UAV-1,UAV-4,1.000
62.56,UAV-1,UAV-5,1.000
62.56,UAV-2,GCS,1.000
62.56,UAV-2,UAV-3,1.000
62.56,UAV-2,UAV-4,1.000
62.56,UAV-2,UAV-5,1.000
62.56,UAV-3,GCS,1.000
62.56,UAV-3,UAV-4,1.000
62.56,UAV-3,UAV-5,1.000
62.56,UAV-4,GCS,1.000
62.56,UAV-4,UAV-5,1.000
62.56,UAV-5,GCS,1.000
63.56,UAV-1,GCS,1.000
63.56,UAV-1,UAV-2,1.000
63.56,UAV-1,UAV-3,1.000
63.56,UAV-1,UAV-4,1.000
63.56,UAV-1,UAV-5,1.000
63.56,UAV-2,GCS,1.000
63.56,UAV-2,UAV-3,1.000
63.56,UAV-2,UAV-4,1.000
63.56,UAV-2,UAV-5,1.000
63.56,UAV-3,GCS,1.000
63.56,UAV-3,UAV-4,1.000
63.56,UAV-3,UAV-5,1.000
63.56,UAV-4,GCS,1.000
63.56,UAV-4,UAV-5,1.000
63.56,UAV-5,GCS,1.000
64.58,UAV-1,GCS,0.958
64.58,UAV-1,UAV-2,1.000
64.58,UAV-1,UAV-3,1.000
64.58,UAV-1,UAV-4,1.000
64.58,UAV-1,UAV-5,1.000
64.58,UAV-2,GCS,1.000
64.58,UAV-2,UAV-3,1.000
64.58,UAV-2,UAV-4,1.000
64.58,UAV-2,UAV-5,1.000
64.58,UAV-3,GCS,1.000
64.58,UAV-3,UAV-4,1.000
64.58,UAV-3,UAV-5,1.000
64.58,UAV-4,GCS,1.000
64.58,UAV-4,UAV-5,1.000
64.58,UAV-5,GCS,1.000
65.60,UAV-1,GCS,1.000
65.60,UAV-1,UAV-2,1.000
65.60,UAV-1,UAV-3,1.000
65.60,UAV-1,UAV-4,1.000
65.60,UAV-1,UAV-5,1.000
65.60,UAV-2,GCS,1.000
65.60,UAV-2,UAV-3,1.000
65.60,UAV-2,UAV-4,1.000
65.60,UAV-2,UAV-5,1.000
65.60,UAV-3,GCS,1.000
65.60,UAV-3,UAV-4,1.000
65.60,UAV-3,UAV-5,1.000
65.60,UAV-4,GCS,1.000
65.60,UAV-4,UAV-5,1.000
65.60,UAV-5,GCS,1.000
66.62,UAV-1,GCS,1.000
66.62,UAV-1,UAV-2,1.000
66.62,UAV-1,UAV-3,1.000
66.62,UAV-1,UAV-4,1.000
66.62,UAV-1,UAV-5,1.000
66.62,UAV-2,GCS,1.000
66.62,UAV-2,UAV-3,1.000
66.62,UAV-2,UAV-4,1.000
66.62,UAV-2,UAV-5,1.000
66.62,UAV-3,GCS,1.000
66.62,UAV-3,UAV-4,1.000
66.62,UAV-3,UAV-5,1.000
66.62,UAV-4,GCS,1.000
66.62,UAV-4,UAV-5,1.000
66.62,UAV-5,GCS,1.000
67.64,UAV-1,GCS,1.000
67.64,UAV-1,UAV-2,1.000
67.64,UAV-1,UAV-3,1.000
67.64,UAV-1,UAV-4,1.000
67.64,UAV-1,UAV-5,1.000
67.64,UAV-2,GCS,1.000
67.64,UAV-2,UAV-3,1.000
67.64,UAV-2,UAV-4,1.000
67.64,UAV-2,UAV-5,1.000
67.64,UAV-3,GCS,1.000
67.64,UAV-3,UAV-4,1.000
67.64,UAV-3,UAV-5,1.000
67.64,UAV-4,GCS,1.000
67.64,UAV-4,UAV-5,1.000
67.64,UAV-5,GCS,1.000
68.66,UAV-1,GCS,1.000
68.66,UAV-1,UAV-2,1.000
68.66,UAV-1,UAV-3,1.000
68.66,UAV-1,UAV-4,1.000
68.66,UAV-1,UAV-5,1.000
68.66,UAV-2,GCS,1.000
68.66,UAV-2,UAV-3,1.000
68.66,UAV-2,UAV-4,1.000
68.66,UAV-2,UAV-5,1.000
68.66,UAV-3,GCS,1.000
68.66,UAV-3,UAV-4,1.000
68.66,UAV-3,UAV-5,1.000
68.66,UAV-4,GCS,1.000
68.66,UAV-4,UAV-5,1.000
68.66,UAV-5,GCS,1.000
69.68,UAV-1,GCS,1.000
69.68,UAV-1,UAV-2,1.000
69.68,UAV-1,UAV-3,1.000
69.68,UAV-1,UAV-4,1.000
69.68,UAV-1,UAV-5,1.000
69.68,UAV-2,GCS,1.000
69.68,UAV-2,UAV-3,1.000
69.68,UAV-2,UAV-4,1.000
69.68,UAV-2,UAV-5,1.000
69.68,UAV-3,GCS,1.000
69.68,UAV-3,UAV-4,1.000
69.68,UAV-3,UAV-5,1.000
69.68,UAV-4,GCS,1.000
69.68,UAV-4,UAV-5,1.000
69.68,UAV-5,GCS,1.000
70.70,UAV-1,GCS,1.000
70.70,UAV-1,UAV-2,1.000
70.70,UAV-1,UAV-3,1.000
70.70,UAV-1,UAV-4,1.000
70.70,UAV-1,UAV-5,1.000
70.70,UAV-2,GCS,1.000
70.70,UAV-2,UAV-3,1.000
70.70,UAV-2,UAV-4,1.000
70.70,UAV-2,UAV-5,1.000
70.70,UAV-3,GCS,1.000
70.70,UAV-3,UAV-4,1.000
70.70,UAV-3,UAV-5,1.000
70.70,UAV-4,GCS,1.000
70.70,UAV-4,UAV-5,1.000
70.70,UAV-5,GCS,1.000
71.72,UAV-1,GCS,1.000
71.72,UAV-1,UAV-2,1.000
71.72,UAV-1,UAV-3,1.000
71.72,UAV-1,UAV-4,1.000
71.72,UAV-1,UAV-5,1.000
71.72,UAV-2,GCS,1.000
71.72,UAV-2,UAV-3,1.000
71.72,UAV-2,UAV-4,1.000
71.72,UAV-2,UAV-5,1.000
71.72,UAV-3,GCS,1.000
71.72,UAV-3,UAV-4,1.000
71.72,UAV-3,UAV-5,1.000
71.72,UAV-4,GCS,1.000
71.72,UAV-4,UAV-5,1.000
71.72,UAV-5,GCS,1.000
72.74,UAV-1,GCS,1.000
72.74,UAV-1,UAV-2,1.000
72.74,UAV-1,UAV-3,1.000
72.74,UAV-1,UAV-4,1.000
72.74,UAV-1,UAV-5,1.000
72.74,UAV-2,GCS,1.000
72.74,UAV-2,UAV-3,1.000
72.74,UAV-2,UAV-4,1.000
72.74,UAV-2,UAV-5,1.000
72.74,UAV-3,GCS,1.000
72.74,UAV-3,UAV-4,1.000
72.74,UAV-3,UAV-5,1.000
72.74,UAV-4,GCS,1.000
72.74,UAV-4,UAV-5,1.000
72.74,UAV-5,GCS,1.000
73.76,UAV-1,GCS,1.000
73.76,UAV-1,UAV-2,1.000
73.76,UAV-1,UAV-3,1.000
73.76,UAV-1,UAV-4,1.000
73.76,UAV-1,UAV-5,1.000
73.76,UAV-2,GCS,1.000
73.76,UAV-2,UAV-3,1.000
73.76,UAV-2,UAV-4,1.000
73.76,UAV-2,UAV-5,1.000
73.76,UAV-3,GCS,1.000
73.76,UAV-3,UAV-4,1.000
73.76,UAV-3,UAV-5,1.000
73.76,UAV-4,GCS,1.000
73.76,UAV-4,UAV-5,1.000
73.76,UAV-5,GCS,1.000
74.78,UAV-1,GCS,1.000
74.78,UAV-1,UAV-2,1.000
74.78,UAV-1,UAV-3,1.000
74.78,UAV-1,UAV-4,1.000
74.78,UAV-1,UAV-5,1.000
74.78,UAV-2,GCS,1.000
74.78,UAV-2,UAV-3,1.000
74.78,UAV-2,UAV-4,1.000
74.78,UAV-2,UAV-5,1.000
74.78,UAV-3,GCS,1.000
74.78,UAV-3,UAV-4,1.000
74.78,UAV-3,UAV-5,1.000
74.78,UAV-4,GCS,1.000
74.78,UAV-4,UAV-5,1.000
74.78,UAV-5,GCS,1.000
75.80,UAV-1,GCS,1.000
75.80,UAV-1,UAV-2,1.000
75.80,UAV-1,UAV-3,1.000
75.80,UAV-1,UAV-4,1.000
75.80,UAV-1,UAV-5,1.000
75.80,UAV-2,GCS,1.000
75.80,UAV-2,UAV-3,1.000
75.80,UAV-2,UAV-4,1.000
75.80,UAV-2,UAV-5,1.000
75.80,UAV-3,GCS,1.000
75.80,UAV-3,UAV-4,1.000
75.80,UAV-3,UAV-5,1.000
75.80,UAV-4,GCS,1.000
75.80,UAV-4,UAV-5,1.000
75.80,UAV-5,GCS,1.000
76.82,UAV-1,GCS,1.000
76.82,UAV-1,UAV-2,1.000
76.82,UAV-1,UAV-3,1.000
76.82,UAV-1,UAV-4,1.000
76.82,UAV-1,UAV-5,1.000
76.82,UAV-2,GCS,1.000
76.82,UAV-2,UAV-3,1.000
76.82,UAV-2,UAV-4,1.000
76.82,UAV-2,UAV-5,1.000
76.82,UAV-3,GCS,1.000
76.82,UAV-3,UAV-4,1.000
76.82,UAV-3,UAV-5,1.000
76.82,UAV-4,GCS,1.000
76.82,UAV-4,UAV-5,1.000
76.82,UAV-5,GCS,1.000
77.84,UAV-1,GCS,1.000
77.84,UAV-1,UAV-2,1.000
77.84,UAV-1,UAV-3,1.000
77.84,UAV-1,UAV-4,1.000
77.84,UAV-1,UAV-5,1.000
77.84,UAV-2,GCS,1.000
77.84,UAV-2,UAV-3,1.000
77.84,UAV-2,UAV-4,1.000
77.84,UAV-2,UAV-5,1.000
77.84,UAV-3,GCS,1.000
77.84,UAV-3,UAV-4,1.000
77.84,UAV-3,UAV-5,1.000
77.84,UAV-4,GCS,1.000
77.84,UAV-4,UAV-5,1.000
77.84,UAV-5,GCS,1.000
78.86,UAV-1,GCS,1.000
78.86,UAV-1,UAV-2,1.000
78.86,UAV-1,UAV-3,1.000
78.86,UAV-1,UAV-4,1.000
78.86,UAV-1,UAV-5,1.000
78.86,UAV-2,GCS,1.000
78.86,UAV-2,UAV-3,1.000
78.86,UAV-2,UAV-4,1.000
78.86,UAV-2,UAV-5,1.000
78.86,UAV-3,GCS,1.000
78.86,UAV-3,UAV-4,1.000
78.86,UAV-3,UAV-5,1.000
78.86,UAV-4,GCS,1.000
78.86,UAV-4,UAV-5,1.000
78.86,UAV-5,GCS,1.000
79.88,UAV-1,GCS,1.000
79.88,UAV-1,UAV-2,1.000
79.88,UAV-1,UAV-3,1.000
79.88,UAV-1,UAV-4,1.000
79.88,UAV-1,UAV-5,1.000
79.88,UAV-2,GCS,1.000
79.88,UAV-2,UAV-3,1.000
79.88,UAV-2,UAV-4,1.000
79.88,UAV-2,UAV-5,1.000
79.88,UAV-3,GCS,1.000
79.88,UAV-3,UAV-4,1.000
79.88,UAV-3,UAV-5,1.000
79.88,UAV-4,GCS,1.000
79.88,UAV-4,UAV-5,1.000
79.88,UAV-5,GCS,1.000
80.90,UAV-1,GCS,1.000
80.90,UAV-1,UAV-2,1.000
80.90,UAV-1,UAV-3,1.000
80.90,UAV-1,UAV-4,1.000
80.90,UAV-1,UAV-5,1.000
80.90,UAV-2,GCS,1.000
80.90,UAV-2,UAV-3,1.000
80.90,UAV-2,UAV-4,1.000
80.90,UAV-2,UAV-5,1.000
80.90,UAV-3,GCS,1.000
80.90,UAV-3,UAV-4,1.000
80.90,UAV-3,UAV-5,1.000
80.90,UAV-4,GCS,1.000
80.90,UAV-4,UAV-5,1.000
80.90,UAV-5,GCS,1.000
81.92,UAV-1,GCS,1.000
81.92,UAV-1,UAV-2,1.000
81.92,UAV-1,UAV-3,1.000
81.92,UAV-1,UAV-4,1.000
81.92,UAV-1,UAV-5,1.000
81.92,UAV-2,GCS,1.000
81.92,UAV-2,UAV-3,1.000
81.92,UAV-2,UAV-4,1.000
81.92,UAV-2,UAV-5,1.000
81.92,UAV-3,GCS,1.000
81.92,UAV-3,UAV-4,1.000
81.92,UAV-3,UAV-5,1.000
81.92,UAV-4,GCS,1.000
81.92,UAV-4,UAV-5,1.000
81.92,UAV-5,GCS,1.000
82.94,UAV-1,GCS,1.000
82.94,UAV-1,UAV-2,1.000
82.94,UAV-1,UAV-3,1.000
82.94,UAV-1,UAV-4,1.000
82.94,UAV-1,UAV-5,1.000
82.94,UAV-2,GCS,1.000
82.94,UAV-2,UAV-3,1.000
82.94,UAV-2,UAV-4,1.000
82.94,UAV-2,UAV-5,1.000
82.94,UAV-3,GCS,1.000
82.94,UAV-3,UAV-4,1.000
82.94,UAV-3,UAV-5,1.000
82.94,UAV-4,GCS,1.000
82.94,UAV-4,UAV-5,1.000
82.94,UAV-5,GCS,1.000
83.96,UAV-1,GCS,1.000
83.96,UAV-1,UAV-2,1.000
83.96,UAV-1,UAV-3,1.000
83.96,UAV-1,UAV-4,1.000
83.96,UAV-1,UAV-5,1.000
83.96,UAV-2,GCS,1.000
83.96,UAV-2,UAV-3,1.000
83.96,UAV-2,UAV-4,1.000
83.96,UAV-2,UAV-5,1.000
83.96,UAV-3,GCS,1.000
83.96,UAV-3,UAV-4,1.000
83.96,UAV-3,UAV-5,1.000
83.96,UAV-4,GCS,1.000
83.96,UAV-4,UAV-5,1.000
83.96,UAV-5,GCS,1.000
84.98,UAV-1,GCS,1.000
84.98,UAV-1,UAV-2,1.000
84.98,UAV-1,UAV-3,0.918
84.98,UAV-1,UAV-4,1.000
84.98,UAV-1,UAV-5,1.000
84.98,UAV-2,GCS,1.000
84.98,UAV-2,UAV-3,1.000
84.98,UAV-2,UAV-4,1.000
84.98,UAV-2,UAV-5,1.000
84.98,UAV-3,GCS,1.000
84.98,UAV-3,UAV-4,1.000
84.98,UAV-3,UAV-5,1.000
84.98,UAV-4,GCS,1.000
84.98,UAV-4,UAV-5,1.000
84.98,UAV-5,GCS,1.000
86.00,UAV-1,GCS,1.000
86.00,UAV-1,UAV-2,1.000
86.00,UAV-1,UAV-3,0.512
86.00,UAV-1,UAV-4,1.000
86.00,UAV-1,UAV-5,1.000
86.00,UAV-2,GCS,1.000
86.00,UAV-2,UAV-3,1.000
86.00,UAV-2,UAV-4,1.000
86.00,UAV-2,UAV-5,1.000
86.00,UAV-3,GCS,1.000
86.00,UAV-3,UAV-4,1.000
86.00,UAV-3,UAV-5,1.000
86.00,UAV-4,GCS,1.000
86.00,UAV-4,UAV-5,1.000
86.00,UAV-5,GCS,1.000
87.02,UAV-1,GCS,1.000
87.02,UAV-1,UAV-2,1.000
87.02,UAV-1,UAV-3,0.250
87.02,UAV-1,UAV-4,1.000
87.02,UAV-1,UAV-5,1.000
87.02,UAV-2,GCS,1.000
87.02,UAV-2,UAV-3,1.000
87.02,UAV-2,UAV-4,1.000
87.02,UAV-2,UAV-5,1.000
87.02,UAV-3,GCS,1.000
87.02,UAV-3,UAV-4,1.000
87.02,UAV-3,UAV-5,1.000
87.02,UAV-4,GCS,1.000
87.02,UAV-4,UAV-5,1.000
87.02,UAV-5,GCS,1.000
88.04,UAV-1,GCS,1.000
88.04,UAV-1,UAV-2,1.000
88.04,UAV-1,UAV-3,0.081
88.04,UAV-1,UAV-4,1.000
88.04,UAV-1,UAV-5,1.000
88.04,UAV-2,GCS,1.000
88.04,UAV-2,UAV-3,1.000
88.04,UAV-2,UAV-4,1.000
88.04,UAV-2,UAV-5,1.000
88.04,UAV-3,GCS,1.000
88.04,UAV-3,UAV-4,1.000
88.04,UAV-3,UAV-5,1.000
88.04,UAV-4,GCS,1.000
88.04,UAV-4,UAV-5,1.000
88.04,UAV-5,GCS,1.000
89.06,UAV-1,GCS,1.000
89.06,UAV-1,UAV-2,1.000
89.06,UAV-1,UAV-3,0.000
89.06,UAV-1,UAV-4,1.000
89.06,UAV-1,UAV-5,1.000
89.06,UAV-2,GCS,1.000
89.06,UAV-2,UAV-3,1.000
89.06,UAV-2,UAV-4,1.000
89.06,UAV-2,UAV-5,1.000
89.06,UAV-3,GCS,1.000
89.06,UAV-3,UAV-4,1.000
89.06,UAV-3,UAV-5,1.000
89.06,UAV-4,GCS,1.000
89.06,UAV-4,UAV-5,1.000
89.06,UAV-5,GCS,1.000
90.08,UAV-1,GCS,0.948
90.08,UAV-1,UAV-2,1.000
90.08,UAV-1,UAV-3,0.000
90.08,UAV-1,UAV-4,1.000
90.08,UAV-1,UAV-5,1.000
90.08,UAV-2,GCS,1.000
90.08,UAV-2,UAV-3,1.000
90.08,UAV-2,UAV-4,1.000
90.08,UAV-2,UAV-5,1.000
90.08,UAV-3,GCS,1.000
90.08,UAV-3,UAV-4,1.000
90.08,UAV-3,UAV-5,1.000
90.08,UAV-4,GCS,1.000
90.08,UAV-4,UAV-5,1.000
90.08,UAV-5,GCS,1.000
91.10,UAV-1,GCS,0.752
91.10,UAV-1,UAV-2,1.000
91.10,UAV-1,UAV-3,0.000
91.10,UAV-1,UAV-4,1.000
91.10,UAV-1,UAV-5,1.000
91.10,UAV-2,GCS,1.000
91.10,UAV-2,UAV-3,1.000
91.10,UAV-2,UAV-4,1.000
91.10,UAV-2,UAV-5,1.000
91.10,UAV-3,GCS,1.000
91.10,UAV-3,UAV-4,1.000
91.10,UAV-3,UAV-5,1.000
91.10,UAV-4,GCS,1.000
91.10,UAV-4,UAV-5,1.000
91.10,UAV-5,GCS,1.000
92.12,UAV-1,GCS,0.760
92.12,UAV-1,UAV-2,1.000
92.12,UAV-1,UAV-3,0.000
92.12,UAV-1,UAV-4,1.000
92.12,UAV-1,UAV-5,1.000
92.12,UAV-2,GCS,1.000
92.12,UAV-2,UAV-3,1.000
92.12,UAV-2,UAV-4,1.000
92.12,UAV-2,UAV-5,1.000
92.12,UAV-3,GCS,1.000
92.12,UAV-3,UAV-4,1.000
92.12,UAV-3,UAV-5,1.000
92.12,UAV-4,GCS,1.000
92.12,UAV-4,UAV-5,1.000
92.12,UAV-5,GCS,1.000
93.14,UAV-1,GCS,0.951
93.14,UAV-1,UAV-2,1.000
93.14,UAV-1,UAV-3,0.000
93.14,UAV-1,UAV-4,1.000
93.14,UAV-1,UAV-5,1.000
93.14,UAV-2,GCS,1.000
93.14,UAV-2,UAV-3,1.000
93.14,UAV-2,UAV-4,1.000
93.14,UAV-2,UAV-5,1.000
93.14,UAV-3,GCS,1.000
93.14,UAV-3,UAV-4,1.000
93.14,UAV-3,UAV-5,1.000
93.14,UAV-4,GCS,1.000
93.14,UAV-4,UAV-5,1.000
93.14,UAV-5,GCS,1.000
94.16,UAV-1,GCS,1.000
94.16,UAV-1,UAV-2,1.000
94.16,UAV-1,UAV-3,0.000
94.16,UAV-1,UAV-4,1.000
94.16,UAV-1,UAV-5,1.000
94.16,UAV-2,GCS,1.000
94.16,UAV-2,UAV-3,1.000
94.16,UAV-2,UAV-4,1.000
94.16,UAV-2,UAV-5,1.000
94.16,UAV-3,GCS,1.000
94.16,UAV-3,UAV-4,1.000
94.16,UAV-3,UAV-5,1.000
94.16,UAV-4,GCS,1.000
94.16,UAV-4,UAV-5,1.000
94.16,UAV-5,GCS,1.000
95.18,UAV-1,GCS,1.000
95.18,UAV-1,UAV-2,1.000
95.18,UAV-1,UAV-3,0.000
95.18,UAV-1,UAV-4,1.000
95.18,UAV-1,UAV-5,1.000
95.18,UAV-2,GCS,1.000
95.18,UAV-2,UAV-3,1.000
95.18,UAV-2,UAV-4,1.000
95.18,UAV-2,UAV-5,1.000
95.18,UAV-3,GCS,1.000
95.18,UAV-3,UAV-4,1.000
95.18,UAV-3,UAV-5,1.000
95.18,UAV-4,GCS,1.000
95.18,UAV-4,UAV-5,1.000
95.18,UAV-5,GCS,1.000
96.20,UAV-1,GCS,1.000
96.20,UAV-1,UAV-2,1.000
96.20,UAV-1,UAV-3,0.000
96.20,UAV-1,UAV-4,1.000
96.20,UAV-1,UAV-5,1.000
96.20,UAV-2,GCS,1.000
96.20,UAV-2,UAV-3,1.000
96.20,UAV-2,UAV-4,1.000
96.20,UAV-2,UAV-5,1.000
96.20,UAV-3,GCS,1.000
96.20,UAV-3,UAV-4,1.000
96.20,UAV-3,UAV-5,1.000
96.20,UAV-4,GCS,0.996
96.20,UAV-4,UAV-5,1.000
96.20,UAV-5,GCS,1.000
97.22,UAV-1,GCS,0.950
97.22,UAV-1,UAV-2,1.000
97.22,UAV-1,UAV-3,0.000
97.22,UAV-1,UAV-4,1.000
97.22,UAV-1,UAV-5,1.000
97.22,UAV-2,GCS,1.000
97.22,UAV-2,UAV-3,1.000
97.22,UAV-2,UAV-4,1.000
97.22,UAV-2,UAV-5,1.000
97.22,UAV-3,GCS,1.000
97.22,UAV-3,UAV-4,1.000
97.22,UAV-3,UAV-5,1.000
97.22,UAV-4,GCS,0.878
97.22,UAV-4,UAV-5,1.000
97.22,UAV-5,GCS,1.000
98.24,UAV-1,GCS,0.959
98.24,UAV-1,UAV-2,1.000
98.24,UAV-1,UAV-3,0.000
98.24,UAV-1,UAV-4,1.000
98.24,UAV-1,UAV-5,1.000
98.24,UAV-2,GCS,1.000
98.24,UAV-2,UAV-3,1.000
98.24,UAV-2,UAV-4,1.000
98.24,UAV-2,UAV-5,1.000
98.24,UAV-3,GCS,1.000
98.24,UAV-3,UAV-4,1.000
98.24,UAV-3,UAV-5,1.000
98.24,UAV-4,GCS,0.474
98.24,UAV-4,UAV-5,1.000
98.24,UAV-5,GCS,1.000
99.26,UAV-1,GCS,1.000
99.26,UAV-1,UAV-2,1.000
99.26,UAV-1,UAV-3,0.000
99.26,UAV-1,UAV-4,1.000
99.26,UAV-1,UAV-5,1.000
99.26,UAV-2,GCS,1.000
99.26,UAV-2,UAV-3,1.000
99.26,UAV-2,UAV-4,1.000
99.26,UAV-2,UAV-5,1.000
99.26,UAV-3,GCS,1.000
99.26,UAV-3,UAV-4,1.000
99.26,UAV-3,UAV-5,1.000
99.26,UAV-4,GCS,0.374
99.26,UAV-4,UAV-5,1.000
99.26,UAV-5,GCS,1.000
100.28,UAV-1,GCS,1.000
100.28,UAV-1,UAV-2,1.000
100.28,UAV-1,UAV-3,0.000
100.28,UAV-1,UAV-4,1.000
100.28,UAV-1,UAV-5,1.000
100.28,UAV-2,GCS,1.000
100.28,UAV-2,UAV-3,1.000
100.28,UAV-2,UAV-4,1.000
100.28,UAV-2,UAV-5,1.000
100.28,UAV-3,GCS,1.000
100.28,UAV-3,UAV-4,1.000
100.28,UAV-3,UAV-5,1.000
100.28,UAV-4,GCS,0.086
100.28,UAV-4,UAV-5,1.000
100.28,UAV-5,GCS,0.958
101.30,UAV-1,GCS,1.000
101.30,UAV-1,UAV-2,1.000
101.30,UAV-1,UAV-3,0.074
101.30,UAV-1,UAV-4,1.000
101.30,UAV-1,UAV-5,1.000
101.30,UAV-2,GCS,0.958
101.30,UAV-2,UAV-3,1.000
101.30,UAV-2,UAV-4,1.000
101.30,UAV-2,UAV-5,1.000
101.30,UAV-3,GCS,1.000
101.30,UAV-3,UAV-4,1.000
101.30,UAV-3,UAV-5,1.000
101.30,UAV-4,GCS,0.067
101.30,UAV-4,UAV-5,1.000
101.30,UAV-5,GCS,0.811
102.32,UAV-1,GCS,1.000
102.32,UAV-1,UAV-2,1.000
102.32,UAV-1,UAV-3,0.385
102.32,UAV-1,UAV-4,1.000
102.32,UAV-1,UAV-5,1.000
102.32,UAV-2,GCS,0.959
102.32,UAV-2,UAV-3,1.000
102.32,UAV-2,UAV-4,1.000
102.32,UAV-2,UAV-5,1.000
102.32,UAV-3,GCS,1.000
102.32,UAV-3,UAV-4,1.000
102.32,UAV-3,UAV-5,1.000
102.32,UAV-4,GCS,0.077
102.32,UAV-4,UAV-5,1.000
102.32,UAV-5,GCS,0.363
103.34,UAV-1,GCS,1.000
103.34,UAV-1,UAV-2,1.000
103.34,UAV-1,UAV-3,0.711
103.34,UAV-1,UAV-4,1.000
103.34,UAV-1,UAV-5,1.000
103.34,UAV-2,GCS,0.843
103.34,UAV-2,UAV-3,1.000
103.34,UAV-2,UAV-4,1.000
103.34,UAV-2,UAV-5,1.000
103.34,UAV-3,GCS,1.000
103.34,UAV-3,UAV-4,1.000
103.34,UAV-3,UAV-5,1.000
103.34,UAV-4,GCS,0.001
103.34,UAV-4,UAV-5,1.000
103.34,UAV-5,GCS,0.171
104.36,UAV-1,GCS,1.000
104.36,UAV-1,UAV-2,1.000
104.36,UAV-1,UAV-3,0.894
104.36,UAV-1,UAV-4,1.000
104.36,UAV-1,UAV-5,1.000
104.36,UAV-2,GCS,0.769
104.36,UAV-2,UAV-3,1.000
104.36,UAV-2,UAV-4,1.000
104.36,UAV-2,UAV-5,1.000
104.36,UAV-3,GCS,0.997
104.36,UAV-3,UAV-4,1.000
104.36,UAV-3,UAV-5,1.000
104.36,UAV-4,GCS,0.056
104.36,UAV-4,UAV-5,1.000
104.36,UAV-5,GCS,0.105
105.38,UAV-1,GCS,1.000
105.38,UAV-1,UAV-2,1.000
105.38,UAV-1,UAV-3,0.946
105.38,UAV-1,UAV-4,1.000
105.38,UAV-1,UAV-5,1.000
105.38,UAV-2,GCS,0.542
105.38,UAV-2,UAV-3,1.000
105.38,UAV-2,UAV-4,1.000
105.38,UAV-2,UAV-5,1.000
105.38,UAV-3,GCS,1.000
105.38,UAV-3,UAV-4,1.000
105.38,UAV-3,UAV-5,1.000
105.38,UAV-4,GCS,0.041
105.38,UAV-4,UAV-5,1.000
105.38,UAV-5,GCS,0.042
106.40,UAV-1,GCS,1.000
106.40,UAV-1,UAV-2,1.000
106.40,UAV-1,UAV-3,0.958
106.40,UAV-1,UAV-4,1.000
106.40,UAV-1,UAV-5,1.000
106.40,UAV-2,GCS,0.381
106.40,UAV-2,UAV-3,1.000
106.40,UAV-2,UAV-4,1.000
106.40,UAV-2,UAV-5,1.000
106.40,UAV-3,GCS,1.000
106.40,UAV-3,UAV-4,1.000
106.40,UAV-3,UAV-5,1.000
106.40,UAV-4,GCS,0.111
106.40,UAV-4,UAV-5,1.000
106.40,UAV-5,GCS,0.000
107.42,UAV-1,GCS,1.000
107.42,UAV-1,UAV-2,1.000
107.42,UAV-1,UAV-3,1.000
107.42,UAV-1,UAV-4,1.000
107.42,UAV-1,UAV-5,1.000
107.42,UAV-2,GCS,0.168
107.42,UAV-2,UAV-3,1.000
107.42,UAV-2,UAV-4,1.000
107.42,UAV-2,UAV-5,1.000
107.42,UAV-3,GCS,1.000
107.42,UAV-3,UAV-4,1.000
107.42,UAV-3,UAV-5,1.000
107.42,UAV-4,GCS,0.233
107.42,UAV-4,UAV-5,1.000
107.42,UAV-5,GCS,0.000
108.44,UAV-1,GCS,1.000
108.44,UAV-1,UAV-2,1.000
108.44,UAV-1,UAV-3,1.000
108.44,UAV-1,UAV-4,1.000
108.44,UAV-1,UAV-5,1.000
108.44,UAV-2,GCS,0.201
108.44,UAV-2,UAV-3,1.000
108.44,UAV-2,UAV-4,1.000
108.44,UAV-2,UAV-5,1.000
108.44,UAV-3,GCS,1.000
108.44,UAV-3,UAV-4,1.000
108.44,UAV-3,UAV-5,1.000
108.44,UAV-4,GCS,0.341
108.44,UAV-4,UAV-5,1.000
108.44,UAV-5,GCS,0.029
109.46,UAV-1,GCS,1.000
109.46,UAV-1,UAV-2,1.000
109.46,UAV-1,UAV-3,1.000
109.46,UAV-1,UAV-4,1.000
109.46,UAV-1,UAV-5,1.000
109.46,UAV-2,GCS,0.008
109.46,UAV-2,UAV-3,1.000
109.46,UAV-2,UAV-4,1.000
109.46,UAV-2,UAV-5,1.000
109.46,UAV-3,GCS,1.000
109.46,UAV-3,UAV-4,1.000
109.46,UAV-3,UAV-5,1.000
109.46,UAV-4,GCS,0.344
109.46,UAV-4,UAV-5,1.000
109.46,UAV-5,GCS,0.068
110.48,UAV-2,GCS,0.041
110.48,UAV-2,UAV-3,1.000
110.48,UAV-2,UAV-4,1.000
110.48,UAV-2,UAV-5,1.000
110.48,UAV-3,GCS,1.000
110.48,UAV-3,UAV-4,1.000
110.48,UAV-3,UAV-5,1.000
110.48,UAV-4,GCS,0.503
110.48,UAV-4,UAV-5,1.000
110.48,UAV-5,GCS,0.139
111.50,UAV-2,GCS,0.002
111.50,UAV-2,UAV-3,1.000
111.50,UAV-2,UAV-4,1.000
111.50,UAV-2,UAV-5,1.000
111.50,UAV-3,GCS,1.000
111.50,UAV-3,UAV-4,1.000
111.50,UAV-3,UAV-5,1.000
111.50,UAV-4,GCS,0.447
111.50,UAV-4,UAV-5,1.000
111.50,UAV-5,GCS,0.428
112.52,UAV-2,GCS,0.067
112.52,UAV-2,UAV-3,1.000
112.52,UAV-2,UAV-4,1.000
112.52,UAV-2,UAV-5,1.000
112.52,UAV-3,GCS,1.000
112.52,UAV-3,UAV-4,1.000
112.52,UAV-3,UAV-5,1.000
112.52,UAV-4,GCS,0.644
112.52,UAV-4,UAV-5,1.000
112.52,UAV-5,GCS,0.489
113.54,UAV-2,GCS,0.001
113.54,UAV-2,UAV-3,1.000
113.54,UAV-2,UAV-4,1.000
113.54,UAV-2,UAV-5,1.000
113.54,UAV-3,GCS,1.000
113.54,UAV-3,UAV-4,1.000
113.54,UAV-3,UAV-5,1.000
113.54,UAV-4,GCS,0.911
113.54,UAV-4,UAV-5,1.000
113.54,UAV-5,GCS,0.674
114.56,UAV-2,GCS,0.171
114.56,UAV-2,UAV-3,1.000
114.56,UAV-2,UAV-4,1.000
114.56,UAV-2,UAV-5,1.000
114.56,UAV-3,GCS,1.000
114.56,UAV-3,UAV-4,1.000
114.56,UAV-3,UAV-5,1.000
114.56,UAV-4,GCS,0.999
114.56,UAV-4,UAV-5,1.000
114.56,UAV-5,GCS,0.823
115.58,UAV-2,GCS,0.155
115.58,UAV-2,UAV-3,1.000
115.58,UAV-2,UAV-4,1.000
115.58,UAV-2,UAV-5,1.000
115.58,UAV-3,GCS,1.000
115.58,UAV-3,UAV-4,1.000
115.58,UAV-3,UAV-5,1.000
115.58,UAV-4,GCS,1.000
115.58,UAV-4,UAV-5,1.000
115.58,UAV-5,GCS,1.000
116.60,UAV-2,GCS,0.631
116.60,UAV-2,UAV-3,1.000
116.60,UAV-2,UAV-4,1.000
116.60,UAV-2,UAV-5,1.000
116.60,UAV-3,GCS,1.000
116.60,UAV-3,UAV-4,1.000
116.60,UAV-3,UAV-5,1.000
116.60,UAV-4,GCS,1.000
116.60,UAV-4,UAV-5,1.000
116.60,UAV-5,GCS,1.000
117.62,UAV-2,GCS,0.833
117.62,UAV-2,UAV-3,1.000
117.62,UAV-2,UAV-4,1.000
117.62,UAV-2,UAV-5,1.000
117.62,UAV-3,GCS,1.000
117.62,UAV-3,UAV-4,1.000
117.62,UAV-3,UAV-5,1.000
117.62,UAV-4,GCS,1.000
117.62,UAV-4,UAV-5,1.000
117.62,UAV-5,GCS,1.000
118.64,UAV-2,GCS,0.958
118.64,UAV-2,UAV-3,1.000
118.64,UAV-2,UAV-4,1.000
118.64,UAV-2,UAV-5,1.000
118.64,UAV-3,GCS,1.000
118.64,UAV-3,UAV-4,1.000
118.64,UAV-3,UAV-5,1.000
118.64,UAV-4,GCS,1.000
118.64,UAV-4,UAV-5,1.000
118.64,UAV-5,GCS,1.000
119.66,UAV-2,GCS,0.995
119.66,UAV-2,UAV-3,1.000
119.66,UAV-2,UAV-4,1.000
119.66,UAV-2,UAV-5,1.000
119.66,UAV-3,GCS,1.000
119.66,UAV-3,UAV-4,1.000
119.66,UAV-3,UAV-5,1.000
119.66,UAV-4,GCS,1.000
119.66,UAV-4,UAV-5,1.000
119.66,UAV-5,GCS,1.000
120.68,UAV-2,GCS,1.000
120.68,UAV-2,UAV-3,1.000
120.68,UAV-2,UAV-4,1.000
120.68,UAV-2,UAV-5,1.000
120.68,UAV-3,GCS,1.000
120.68,UAV-3,UAV-4,1.000
120.68,UAV-3,UAV-5,1.000
120.68,UAV-4,GCS,1.000
120.68,UAV-4,UAV-5,1.000
120.68,UAV-5,GCS,1.000
121.70,UAV-2,GCS,1.000
121.70,UAV-2,UAV-3,1.000
121.70,UAV-2,UAV-4,1.000
121.70,UAV-2,UAV-5,1.000
121.70,UAV-3,GCS,1.000
121.70,UAV-3,UAV-4,1.000
121.70,UAV-3,UAV-5,1.000
121.70,UAV-4,GCS,1.000
121.70,UAV-4,UAV-5,1.000
121.70,UAV-5,GCS,1.000
122.72,UAV-2,GCS,1.000
122.72,UAV-2,UAV-3,1.000
122.72,UAV-2,UAV-4,1.000
122.72,UAV-2,UAV-5,1.000
122.72,UAV-3,GCS,1.000
122.72,UAV-3,UAV-4,1.000
122.72,UAV-3,UAV-5,1.000
122.72,UAV-4,GCS,1.000
122.72,UAV-4,UAV-5,1.000
122.72,UAV-5,GCS,1.000
123.74,UAV-2,GCS,1.000
123.74,UAV-2,UAV-3,1.000
123.74,UAV-2,UAV-4,1.000
123.74,UAV-2,UAV-5,1.000
123.74,UAV-3,GCS,0.958
123.74,UAV-3,UAV-4,1.000
123.74,UAV-3,UAV-5,1.000
123.74,UAV-4,GCS,1.000
123.74,UAV-4,UAV-5,1.000
123.74,UAV-5,GCS,1.000
124.76,UAV-2,GCS,1.000
124.76,UAV-2,UAV-3,1.000
124.76,UAV-2,UAV-4,1.000
124.76,UAV-2,UAV-5,1.000
124.76,UAV-3,GCS,0.894
124.76,UAV-3,UAV-4,1.000
124.76,UAV-3,UAV-5,1.000
124.76,UAV-4,GCS,1.000
124.76,UAV-4,UAV-5,1.000
124.76,UAV-5,GCS,1.000
125.78,UAV-2,GCS,1.000
125.78,UAV-2,UAV-3,1.000
125.78,UAV-2,UAV-4,1.000
125.78,UAV-2,UAV-5,1.000
125.78,UAV-3,GCS,0.676
125.78,UAV-3,UAV-4,1.000
125.78,UAV-3,UAV-5,1.000
125.78,UAV-4,GCS,0.212
125.78,UAV-4,UAV-5,1.000
125.78,UAV-5,GCS,1.000
126.80,UAV-2,GCS,1.000
126.80,UAV-2,UAV-3,1.000
126.80,UAV-2,UAV-4,1.000
126.80,UAV-2,UAV-5,1.000
126.80,UAV-3,GCS,0.628
126.80,UAV-3,UAV-4,1.000
126.80,UAV-3,UAV-5,1.000
126.80,UAV-4,GCS,0.000
126.80,UAV-4,UAV-5,1.000
126.80,UAV-5,GCS,1.000
127.82,UAV-2,GCS,1.000
127.82,UAV-2,UAV-3,1.000
127.82,UAV-2,UAV-4,1.000
127.82,UAV-2,UAV-5,1.000
127.82,UAV-3,GCS,0.388
127.82,UAV-3,UAV-4,1.000
127.82,UAV-3,UAV-5,1.000
127.82,UAV-4,GCS,0.000
127.82,UAV-4,UAV-5,1.000
127.82,UAV-5,GCS,1.000
128.82,UAV-2,GCS,1.000
128.82,UAV-2,UAV-3,1.000
128.82,UAV-2,UAV-4,1.000
128.82,UAV-2,UAV-5,1.000
128.82,UAV-3,GCS,0.302
128.82,UAV-3,UAV-4,1.000
128.82,UAV-3,UAV-5,1.000
128.82,UAV-4,GCS,0.000
128.82,UAV-4,UAV-5,1.000
128.82,UAV-5,GCS,1.000
129.82,UAV-2,GCS,1.000
129.82,UAV-2,UAV-3,1.000
129.82,UAV-2,UAV-4,1.000
129.82,UAV-2,UAV-5,1.000
129.82,UAV-3,GCS,0.093
129.82,UAV-3,UAV-4,1.000
129.82,UAV-3,UAV-5,1.000
129.82,UAV-4,GCS,0.000
129.82,UAV-4,UAV-5,1.000
129.82,UAV-5,GCS,1.000
130.82,UAV-2,GCS,1.000
130.82,UAV-2,UAV-3,1.000
130.82,UAV-2,UAV-4,1.000
130.82,UAV-2,UAV-5,1.000
130.82,UAV-3,GCS,0.032
130.82,UAV-3,UAV-4,1.000
130.82,UAV-3,UAV-5,1.000
130.82,UAV-4,GCS,0.000
130.82,UAV-4,UAV-5,1.000
130.82,UAV-5,GCS,1.000
131.82,UAV-2,GCS,1.000
131.82,UAV-2,UAV-3,1.000
131.82,UAV-2,UAV-4,1.000
131.82,UAV-2,UAV-5,1.000
131.82,UAV-3,GCS,0.000
131.82,UAV-3,UAV-4,1.000
131.82,UAV-3,UAV-5,1.000
131.82,UAV-4,GCS,0.000
131.82,UAV-4,UAV-5,1.000
131.82,UAV-5,GCS,1.000
132.82,UAV-2,GCS,0.698
132.82,UAV-2,UAV-3,1.000
132.82,UAV-2,UAV-4,1.000
132.82,UAV-2,UAV-5,1.000
132.82,UAV-3,GCS,0.003
132.82,UAV-3,UAV-4,1.000
132.82,UAV-3,UAV-5,1.000
132.82,UAV-4,GCS,0.000
132.82,UAV-4,UAV-5,1.000
132.82,UAV-5,GCS,1.000
133.82,UAV-2,GCS,0.004
133.82,UAV-2,UAV-3,1.000
133.82,UAV-2,UAV-4,1.000
133.82,UAV-2,UAV-5,1.000
133.82,UAV-3,GCS,0.000
133.82,UAV-3,UAV-4,1.000
133.82,UAV-3,UAV-5,1.000
133.82,UAV-4,GCS,0.000
133.82,UAV-4,UAV-5,1.000
133.82,UAV-5,GCS,1.000
134.82,UAV-2,GCS,0.000
134.82,UAV-2,UAV-3,1.000
134.82,UAV-2,UAV-4,1.000
134.82,UAV-2,UAV-5,1.000
134.82,UAV-3,GCS,0.000
134.82,UAV-3,UAV-4,1.000
134.82,UAV-3,UAV-5,1.000
134.82,UAV-4,GCS,0.008
134.82,UAV-4,UAV-5,1.000
134.82,UAV-5,GCS,1.000
135.82,UAV-2,GCS,0.000
135.82,UAV-2,UAV-3,1.000
135.82,UAV-2,UAV-4,1.000
135.82,UAV-2,UAV-5,1.000
135.82,UAV-3,GCS,0.094
135.82,UAV-3,UAV-4,1.000
135.82,UAV-3,UAV-5,1.000
135.82,UAV-4,GCS,0.000
135.82,UAV-4,UAV-5,1.000
135.82,UAV-5,GCS,1.000
136.82,UAV-2,GCS,0.000
136.82,UAV-2,UAV-3,1.000
136.82,UAV-2,UAV-4,1.000
136.82,UAV-2,UAV-5,1.000
136.82,UAV-3,GCS,0.298
136.82,UAV-3,UAV-4,1.000
136.82,UAV-3,UAV-5,1.000
136.82,UAV-4,GCS,0.000
136.82,UAV-4,UAV-5,1.000
136.82,UAV-5,GCS,1.000
137.82,UAV-2,GCS,0.000
137.82,UAV-2,UAV-3,1.000
137.82,UAV-2,UAV-4,1.000
137.82,UAV-2,UAV-5,1.000
137.82,UAV-3,GCS,0.517
137.82,UAV-3,UAV-4,1.000
137.82,UAV-3,UAV-5,1.000
137.82,UAV-4,GCS,0.000
137.82,UAV-4,UAV-5,1.000
137.82,UAV-5,GCS,1.000
138.82,UAV-2,GCS,0.000
138.82,UAV-2,UAV-3,1.000
138.82,UAV-2,UAV-4,1.000
138.82,UAV-2,UAV-5,1.000
138.82,UAV-3,GCS,0.784
138.82,UAV-3,UAV-4,1.000
138.82,UAV-3,UAV-5,1.000
138.82,UAV-4,GCS,0.000
138.82,UAV-4,UAV-5,1.000
138.82,UAV-5,GCS,1.000
139.82,UAV-2,GCS,0.000
139.82,UAV-2,UAV-3,1.000
139.82,UAV-2,UAV-4,1.000
139.82,UAV-2,UAV-5,1.000
139.82,UAV-3,GCS,0.996
139.82,UAV-3,UAV-4,1.000
139.82,UAV-3,UAV-5,1.000
139.82,UAV-4,GCS,0.000
139.82,UAV-4,UAV-5,1.000
139.82,UAV-5,GCS,1.000
140.82,UAV-2,GCS,0.000
140.82,UAV-2,UAV-3,1.000
140.82,UAV-2,UAV-4,1.000
140.82,UAV-2,UAV-5,1.000
140.82,UAV-3,GCS,0.915
140.82,UAV-3,UAV-4,1.000
140.82,UAV-3,UAV-5,1.000
140.82,UAV-4,GCS,0.000
140.82,UAV-4,UAV-5,1.000
140.82,UAV-5,GCS,1.000
141.82,UAV-2,GCS,0.000
141.82,UAV-2,UAV-3,1.000
141.82,UAV-2,UAV-4,1.000
141.82,UAV-2,UAV-5,1.000
141.82,UAV-3,GCS,1.000
141.82,UAV-3,UAV-4,1.000
141.82,UAV-3,UAV-5,1.000
141.82,UAV-4,GCS,0.000
141.82,UAV-4,UAV-5,1.000
141.82,UAV-5,GCS,1.000
142.82,UAV-2,GCS,0.000
142.82,UAV-2,UAV-3,1.000
142.82,UAV-2,UAV-4,1.000
142.82,UAV-2,UAV-5,1.000
142.82,UAV-3,GCS,1.000
142.82,UAV-3,UAV-4,1.000
142.82,UAV-3,UAV-5,1.000
142.82,UAV-4,GCS,0.000
142.82,UAV-4,UAV-5,1.000
142.82,UAV-5,GCS,1.000
143.82,UAV-2,GCS,0.000
143.82,UAV-2,UAV-3,1.000
143.82,UAV-2,UAV-4,1.000
143.82,UAV-2,UAV-5,1.000
143.82,UAV-3,GCS,1.000
143.82,UAV-3,UAV-4,1.000
143.82,UAV-3,UAV-5,1.000
143.82,UAV-4,GCS,0.000
143.82,UAV-4,UAV-5,1.000
143.82,UAV-5,GCS,1.000
144.82,UAV-2,GCS,0.000
144.82,UAV-2,UAV-3,1.000
144.82,UAV-2,UAV-4,1.000
144.82,UAV-2,UAV-5,1.000
144.82,UAV-3,GCS,1.000
144.82,UAV-3,UAV-4,1.000
144.82,UAV-3,UAV-5,1.000
144.82,UAV-4,GCS,0.000
144.82,UAV-4,UAV-5,1.000
144.82,UAV-5,GCS,1.000
145.82,UAV-2,GCS,0.000
145.82,UAV-2,UAV-3,1.000
145.82,UAV-2,UAV-4,1.000
145.82,UAV-2,UAV-5,1.000
145.82,UAV-3,GCS,1.000
145.82,UAV-3,UAV-4,1.000
145.82,UAV-3,UAV-5,1.000
145.82,UAV-4,GCS,0.000
145.82,UAV-4,UAV-5,1.000
145.82,UAV-5,GCS,1.000
146.82,UAV-2,GCS,0.000
146.82,UAV-2,UAV-3,1.000
146.82,UAV-2,UAV-4,1.000
146.82,UAV-2,UAV-5,1.000
146.82,UAV-3,GCS,1.000
146.82,UAV-3,UAV-4,1.000
146.82,UAV-3,UAV-5,1.000
146.82,UAV-4,GCS,0.000
146.82,UAV-4,UAV-5,1.000
146.82,UAV-5,GCS,1.000
147.82,UAV-2,GCS,0.000
147.82,UAV-2,UAV-3,1.000
147.82,UAV-2,UAV-4,1.000
147.82,UAV-2,UAV-5,1.000
147.82,UAV-3,GCS,1.000
147.82,UAV-3,UAV-4,1.000
147.82,UAV-3,UAV-5,1.000
147.82,UAV-4,GCS,0.000
147.82,UAV-4,UAV-5,1.000
147.82,UAV-5,GCS,1.000
148.82,UAV-2,GCS,0.000
148.82,UAV-2,UAV-3,1.000
148.82,UAV-2,UAV-4,1.000
148.82,UAV-2,UAV-5,1.000
148.82,UAV-3,GCS,1.000
148.82,UAV-3,UAV-4,1.000
148.82,UAV-3,UAV-5,1.000
148.82,UAV-4,GCS,0.000
148.82,UAV-4,UAV-5,1.000
148.82,UAV-5,GCS,1.000
149.82,UAV-2,GCS,0.000
149.82,UAV-2,UAV-3,1.000
149.82,UAV-2,UAV-4,1.000
149.82,UAV-2,UAV-5,1.000
149.82,UAV-3,GCS,1.000
149.82,UAV-3,UAV-4,1.000
149.82,UAV-3,UAV-5,1.000
149.82,UAV-4,GCS,0.000
149.82,UAV-4,UAV-5,1.000
149.82,UAV-5,GCS,1.000
150.82,UAV-2,GCS,0.000
150.82,UAV-2,UAV-3,1.000
150.82,UAV-2,UAV-4,1.000
150.82,UAV-2,UAV-5,1.000
150.82,UAV-3,GCS,1.000
150.82,UAV-3,UAV-4,1.000
150.82,UAV-3,UAV-5,1.000
150.82,UAV-4,GCS,0.000
150.82,UAV-4,UAV-5,1.000
150.82,UAV-5,GCS,0.916
151.82,UAV-2,GCS,0.000
151.82,UAV-2,UAV-3,1.000
151.82,UAV-2,UAV-4,1.000
151.82,UAV-2,UAV-5,1.000
151.82,UAV-3,GCS,1.000
151.82,UAV-3,UAV-4,1.000
151.82,UAV-3,UAV-5,1.000
151.82,UAV-4,GCS,0.000
151.82,UAV-4,UAV-5,1.000
151.82,UAV-5,GCS,0.621
152.82,UAV-2,GCS,0.000
152.82,UAV-2,UAV-3,1.000
152.82,UAV-2,UAV-4,1.000
152.82,UAV-2,UAV-5,1.000
152.82,UAV-3,GCS,1.000
152.82,UAV-3,UAV-4,1.000
152.82,UAV-3,UAV-5,1.000
152.82,UAV-4,GCS,0.000
152.82,UAV-4,UAV-5,1.000
152.82,UAV-5,GCS,0.103
153.82,UAV-2,GCS,0.000
153.82,UAV-2,UAV-3,1.000
153.82,UAV-2,UAV-4,1.000
153.82,UAV-2,UAV-5,1.000
153.82,UAV-3,GCS,1.000
153.82,UAV-3,UAV-4,1.000
153.82,UAV-3,UAV-5,1.000
153.82,UAV-4,GCS,0.000
153.82,UAV-4,UAV-5,1.000
153.82,UAV-5,GCS,0.000
154.82,UAV-2,GCS,0.000
154.82,UAV-2,UAV-3,1.000
154.82,UAV-2,UAV-4,1.000
154.82,UAV-2,UAV-5,1.000
154.82,UAV-3,GCS,1.000
154.82,UAV-3,UAV-4,1.000
154.82,UAV-3,UAV-5,1.000
154.82,UAV-4,GCS,0.000
154.82,UAV-4,UAV-5,1.000
154.82,UAV-5,GCS,0.000
155.82,UAV-2,GCS,0.000
155.82,UAV-2,UAV-3,1.000
155.82,UAV-2,UAV-4,1.000
155.82,UAV-2,UAV-5,1.000
155.82,UAV-3,GCS,1.000
155.82,UAV-3,UAV-4,1.000
155.82,UAV-3,UAV-5,1.000
155.82,UAV-4,GCS,0.000
155.82,UAV-4,UAV-5,1.000
155.82,UAV-5,GCS,0.000
156.82,UAV-2,UAV-3,1.000
156.82,UAV-2,UAV-4,1.000
156.82,UAV-2,UAV-5,1.000
156.82,UAV-3,GCS,1.000
156.82,UAV-3,UAV-4,1.000
156.82,UAV-3,UAV-5,1.000
156.82,UAV-4,GCS,0.000
156.82,UAV-4,UAV-5,1.000
156.82,UAV-5,GCS,0.003
157.82,UAV-2,GCS,0.000
157.82,UAV-2,UAV-3,1.000
157.82,UAV-2,UAV-4,1.000
157.82,UAV-2,UAV-5,1.000
157.82,UAV-3,GCS,1.000
157.82,UAV-3,UAV-4,1.000
157.82,UAV-3,UAV-5,1.000
157.82,UAV-4,GCS,0.000
157.82,UAV-4,UAV-5,1.000
157.82,UAV-5,GCS,0.546
158.82,UAV-2,GCS,0.000
158.82,UAV-2,UAV-3,1.000
158.82,UAV-2,UAV-4,1.000
158.82,UAV-2,UAV-5,1.000
158.82,UAV-3,GCS,1.000
158.82,UAV-3,UAV-4,1.000
158.82,UAV-3,UAV-5,1.000
158.82,UAV-4,UAV-5,1.000
158.82,UAV-5,GCS,0.974
159.82,UAV-2,UAV-3,1.000
159.82,UAV-2,UAV-4,1.000
159.82,UAV-2,UAV-5,1.000
159.82,UAV-3,GCS,1.000
159.82,UAV-3,UAV-4,1.000
159.82,UAV-3,UAV-5,1.000
159.82,UAV-4,GCS,0.000
159.82,UAV-4,UAV-5,1.000
159.82,UAV-5,GCS,0.958
160.82,UAV-3,GCS,1.000
160.82,UAV-3,UAV-4,1.000
160.82,UAV-3,UAV-5,1.000
160.82,UAV-4,UAV-5,1.000
160.82,UAV-5,GCS,1.000
161.82,UAV-3,GCS,1.000
161.82,UAV-3,UAV-4,1.000
161.82,UAV-3,UAV-5,1.000
161.82,UAV-4,GCS,0.000
161.82,UAV-4,UAV-5,1.000
161.82,UAV-5,GCS,1.000
162.82,UAV-3,GCS,1.000
162.82,UAV-3,UAV-4,1.000
162.82,UAV-3,UAV-5,1.000
162.82,UAV-4,UAV-5,1.000
162.82,UAV-5,GCS,1.000
163.82,UAV-3,GCS,0.970
163.82,UAV-3,UAV-4,1.000
163.82,UAV-3,UAV-5,1.000
163.82,UAV-4,UAV-5,1.000
163.82,UAV-5,GCS,1.000
164.82,UAV-3,GCS,0.279
164.82,UAV-3,UAV-4,1.000
164.82,UAV-3,UAV-5,1.000
164.82,UAV-4,GCS,0.000
164.82,UAV-4,UAV-5,1.000
164.82,UAV-5,GCS,1.000
165.82,UAV-3,GCS,0.000
165.82,UAV-3,UAV-4,1.000
165.82,UAV-3,UAV-5,1.000
165.82,UAV-4,UAV-5,1.000
165.82,UAV-5,GCS,1.000
166.82,UAV-3,GCS,0.000
166.82,UAV-3,UAV-4,1.000
166.82,UAV-3,UAV-5,1.000
166.82,UAV-4,GCS,0.000
166.82,UAV-4,UAV-5,1.000
166.82,UAV-5,GCS,1.000
167.82,UAV-3,GCS,0.000
167.82,UAV-3,UAV-4,1.000
167.82,UAV-3,UAV-5,1.000
167.82,UAV-4,GCS,0.000
167.82,UAV-4,UAV-5,1.000
167.82,UAV-5,GCS,1.000
168.82,UAV-3,GCS,0.000
168.82,UAV-3,UAV-4,1.000
168.82,UAV-3,UAV-5,1.000
168.82,UAV-4,GCS,0.000
168.82,UAV-4,UAV-5,1.000
168.82,UAV-5,GCS,1.000
169.82,UAV-3,GCS,0.000
169.82,UAV-3,UAV-4,1.000
169.82,UAV-3,UAV-5,1.000
169.82,UAV-4,GCS,0.000
169.82,UAV-4,UAV-5,1.000
169.82,UAV-5,GCS,1.000
170.82,UAV-3,GCS,0.000
170.82,UAV-3,UAV-4,1.000
170.82,UAV-3,UAV-5,1.000
170.82,UAV-4,GCS,0.000
170.82,UAV-4,UAV-5,1.000
170.82,UAV-5,GCS,1.000
171.82,UAV-3,GCS,0.000
171.82,UAV-3,UAV-4,1.000
171.82,UAV-3,UAV-5,1.000
171.82,UAV-4,GCS,0.000
171.82,UAV-4,UAV-5,1.000
171.82,UAV-5,GCS,1.000
172.82,UAV-3,GCS,0.000
172.82,UAV-3,UAV-4,1.000
172.82,UAV-3,UAV-5,1.000
172.82,UAV-4,UAV-5,1.000
172.82,UAV-5,GCS,1.000
173.82,UAV-3,GCS,0.000
173.82,UAV-3,UAV-4,1.000
173.82,UAV-3,UAV-5,1.000
173.82,UAV-4,GCS,0.000
173.82,UAV-4,UAV-5,1.000
173.82,UAV-5,GCS,1.000
174.82,UAV-3,GCS,0.000
174.82,UAV-3,UAV-4,1.000
174.82,UAV-3,UAV-5,1.000
174.82,UAV-4,UAV-5,1.000
174.82,UAV-5,GCS,1.000
175.82,UAV-3,GCS,0.000
175.82,UAV-3,UAV-4,1.000
175.82,UAV-3,UAV-5,1.000
175.82,UAV-4,GCS,0.000
175.82,UAV-4,UAV-5,1.000
175.82,UAV-5,GCS,1.000
176.82,UAV-3,GCS,0.000
176.82,UAV-3,UAV-4,1.000
176.82,UAV-3,UAV-5,1.000
176.82,UAV-4,GCS,0.000
176.82,UAV-4,UAV-5,1.000
176.82,UAV-5,GCS,1.000
177.82,UAV-3,GCS,0.000
177.82,UAV-3,UAV-4,1.000
177.82,UAV-3,UAV-5,1.000
177.82,UAV-4,GCS,0.000
177.82,UAV-4,UAV-5,1.000
177.82,UAV-5,GCS,1.000
178.82,UAV-3,GCS,0.000
178.82,UAV-3,UAV-4,1.000
178.82,UAV-3,UAV-5,1.000
178.82,UAV-4,GCS,0.000
178.82,UAV-4,UAV-5,1.000
178.82,UAV-5,GCS,1.000
179.82,UAV-3,GCS,0.000
179.82,UAV-3,UAV-4,1.000
179.82,UAV-3,UAV-5,1.000
179.82,UAV-4,GCS,0.000
179.82,UAV-4,UAV-5,1.000
179.82,UAV-5,GCS,1.000
180.82,UAV-3,GCS,0.000
180.82,UAV-3,UAV-4,1.000
180.82,UAV-3,UAV-5,1.000
180.82,UAV-4,GCS,0.000
180.82,UAV-4,UAV-5,1.000
180.82,UAV-5,GCS,1.000
181.82,UAV-3,GCS,0.000
181.82,UAV-3,UAV-4,1.000
181.82,UAV-3,UAV-5,1.000
181.82,UAV-4,GCS,0.000
181.82,UAV-4,UAV-5,1.000
181.82,UAV-5,GCS,1.000
182.82,UAV-3,GCS,0.000
182.82,UAV-3,UAV-4,1.000
182.82,UAV-3,UAV-5,1.000
182.82,UAV-4,GCS,0.000
182.82,UAV-4,UAV-5,1.000
182.82,UAV-5,GCS,1.000
183.82,UAV-3,GCS,0.000
183.82,UAV-3,UAV-4,1.000
183.82,UAV-3,UAV-5,1.000
183.82,UAV-4,GCS,0.000
183.82,UAV-4,UAV-5,1.000
183.82,UAV-5,GCS,1.000
184.82,UAV-3,GCS,0.000
184.82,UAV-3,UAV-4,1.000
184.82,UAV-3,UAV-5,1.000
184.82,UAV-4,GCS,0.000
184.82,UAV-4,UAV-5,1.000
184.82,UAV-5,GCS,1.000
185.82,UAV-3,GCS,0.000
185.82,UAV-3,UAV-4,1.000
185.82,UAV-3,UAV-5,1.000
185.82,UAV-4,GCS,0.000
185.82,UAV-4,UAV-5,1.000
185.82,UAV-5,GCS,1.000
186.82,UAV-3,GCS,0.000
186.82,UAV-3,UAV-4,1.000
186.82,UAV-3,UAV-5,1.000
186.82,UAV-4,GCS,0.000
186.82,UAV-4,UAV-5,1.000
186.82,UAV-5,GCS,1.000
187.82,UAV-3,GCS,0.000
187.82,UAV-3,UAV-4,1.000
187.82,UAV-3,UAV-5,1.000
187.82,UAV-4,GCS,0.000
187.82,UAV-4,UAV-5,1.000
187.82,UAV-5,GCS,1.000
188.82,UAV-3,GCS,0.000
188.82,UAV-3,UAV-4,1.000
188.82,UAV-3,UAV-5,1.000
188.82,UAV-4,GCS,0.000
188.82,UAV-4,UAV-5,1.000
188.82,UAV-5,GCS,1.000
189.82,UAV-3,GCS,0.000
189.82,UAV-3,UAV-4,1.000
189.82,UAV-3,UAV-5,1.000
189.82,UAV-4,GCS,0.000
189.82,UAV-4,UAV-5,1.000
189.82,UAV-5,GCS,1.000
190.82,UAV-3,GCS,0.000
190.82,UAV-3,UAV-4,1.000
190.82,UAV-3,UAV-5,1.000
190.82,UAV-4,GCS,0.000
190.82,UAV-4,UAV-5,1.000
190.82,UAV-5,GCS,1.000
191.82,UAV-3,GCS,0.000
191.82,UAV-3,UAV-4,1.000
191.82,UAV-3,UAV-5,1.000
191.82,UAV-4,GCS,0.000
191.82,UAV-4,UAV-5,1.000
191.82,UAV-5,GCS,1.000
192.82,UAV-3,GCS,0.000
192.82,UAV-3,UAV-4,1.000
192.82,UAV-3,UAV-5,1.000
192.82,UAV-4,GCS,0.000
192.82,UAV-4,UAV-5,1.000
192.82,UAV-5,GCS,1.000
193.82,UAV-3,GCS,0.000
193.82,UAV-3,UAV-4,1.000
193.82,UAV-3,UAV-5,1.000
193.82,UAV-4,GCS,0.000
193.82,UAV-4,UAV-5,1.000
193.82,UAV-5,GCS,1.000
194.82,UAV-3,GCS,0.000
194.82,UAV-3,UAV-4,1.000
194.82,UAV-3,UAV-5,1.000
194.82,UAV-4,GCS,0.000
194.82,UAV-4,UAV-5,1.000
194.82,UAV-5,GCS,1.000
195.82,UAV-3,GCS,0.000
195.82,UAV-3,UAV-4,1.000
195.82,UAV-3,UAV-5,1.000
195.82,UAV-4,GCS,0.000
195.82,UAV-4,UAV-5,1.000
195.82,UAV-5,GCS,1.000
196.82,UAV-3,GCS,0.000
196.82,UAV-3,UAV-4,1.000
196.82,UAV-3,UAV-5,1.000
196.82,UAV-4,GCS,0.000
196.82,UAV-4,UAV-5,1.000
196.82,UAV-5,GCS,1.000
197.82,UAV-3,GCS,0.000
197.82,UAV-3,UAV-4,1.000
197.82,UAV-3,UAV-5,1.000
197.82,UAV-4,GCS,0.000
197.82,UAV-4,UAV-5,1.000
197.82,UAV-5,GCS,1.000
198.82,UAV-3,GCS,0.000
198.82,UAV-3,UAV-4,1.000
198.82,UAV-3,UAV-5,1.000
198.82,UAV-4,GCS,0.000
198.82,UAV-4,UAV-5,1.000
198.82,UAV-5,GCS,1.000
199.82,UAV-3,GCS,0.000
199.82,UAV-3,UAV-4,1.000
199.82,UAV-3,UAV-5,1.000
199.82,UAV-4,GCS,0.000
199.82,UAV-4,UAV-5,1.000
199.82,UAV-5,GCS,1.000
200.82,UAV-3,GCS,0.000
200.82,UAV-3,UAV-4,1.000
200.82,UAV-3,UAV-5,1.000
200.82,UAV-4,GCS,0.000
200.82,UAV-4,UAV-5,1.000
200.82,UAV-5,GCS,1.000
201.82,UAV-3,GCS,0.000
201.82,UAV-3,UAV-4,1.000
201.82,UAV-3,UAV-5,1.000
201.82,UAV-4,GCS,0.000
201.82,UAV-4,UAV-5,1.000
201.82,UAV-5,GCS,1.000
202.82,UAV-3,GCS,0.000
202.82,UAV-3,UAV-4,1.000
202.82,UAV-3,UAV-5,1.000
202.82,UAV-4,GCS,0.000
202.82,UAV-4,UAV-5,1.000
202.82,UAV-5,GCS,1.000
203.82,UAV-3,GCS,0.000
203.82,UAV-3,UAV-4,1.000
203.82,UAV-3,UAV-5,1.000
203.82,UAV-4,GCS,0.006
203.82,UAV-4,UAV-5,1.000
203.82,UAV-5,GCS,1.000
204.82,UAV-3,GCS,0.000
204.82,UAV-3,UAV-4,1.000
204.82,UAV-3,UAV-5,1.000
204.82,UAV-4,GCS,0.035
204.82,UAV-4,UAV-5,1.000
204.82,UAV-5,GCS,1.000
205.82,UAV-2,GCS,0.000
205.82,UAV-2,UAV-3,1.000
205.82,UAV-2,UAV-4,1.000
205.82,UAV-2,UAV-5,1.000
205.82,UAV-3,GCS,0.000
205.82,UAV-3,UAV-4,1.000
205.82,UAV-3,UAV-5,1.000
205.82,UAV-4,GCS,0.406
205.82,UAV-4,UAV-5,1.000
205.82,UAV-5,GCS,1.000
206.82,UAV-2,UAV-3,1.000
206.82,UAV-2,UAV-4,1.000
206.82,UAV-2,UAV-5,1.000
206.82,UAV-3,UAV-4,1.000
206.82,UAV-3,UAV-5,1.000
206.82,UAV-4,GCS,0.850
206.82,UAV-4,UAV-5,1.000
206.82,UAV-5,GCS,1.000
207.82,UAV-2,UAV-3,1.000
207.82,UAV-2,UAV-4,1.000
207.82,UAV-2,UAV-5,1.000
207.82,UAV-3,GCS,0.000
207.82,UAV-3,UAV-4,1.000
207.82,UAV-3,UAV-5,1.000
207.82,UAV-4,GCS,0.958
207.82,UAV-4,UAV-5,1.000
207.82,UAV-5,GCS,1.000
208.82,UAV-2,UAV-3,1.000
208.82,UAV-2,UAV-4,1.000
208.82,UAV-2,UAV-5,1.000
208.82,UAV-3,GCS,0.000
208.82,UAV-3,UAV-4,1.000
208.82,UAV-3,UAV-5,1.000
208.82,UAV-4,GCS,1.000
208.82,UAV-4,UAV-5,1.000
208.82,UAV-5,GCS,1.000
209.82,UAV-2,GCS,0.000
209.82,UAV-2,UAV-3,1.000
209.82,UAV-2,UAV-4,1.000
209.82,UAV-2,UAV-5,1.000
209.82,UAV-3,GCS,0.000
209.82,UAV-3,UAV-4,1.000
209.82,UAV-3,UAV-5,1.000
209.82,UAV-4,GCS,1.000
209.82,UAV-4,UAV-5,1.000
209.82,UAV-5,GCS,1.000
210.82,UAV-2,UAV-3,1.000
210.82,UAV-2,UAV-4,1.000
210.82,UAV-2,UAV-5,1.000
210.82,UAV-3,GCS,0.000
210.82,UAV-3,UAV-4,1.000
210.82,UAV-3,UAV-5,1.000
210.82,UAV-4,GCS,1.000
210.82,UAV-4,UAV-5,1.000
210.82,UAV-5,GCS,1.000
211.82,UAV-2,GCS,0.000
211.82,UAV-2,UAV-3,1.000
211.82,UAV-2,UAV-4,1.000
211.82,UAV-2,UAV-5,1.000
211.82,UAV-3,GCS,0.000
211.82,UAV-3,UAV-4,1.000
211.82,UAV-3,UAV-5,1.000
211.82,UAV-4,GCS,1.000
211.82,UAV-4,UAV-5,1.000
211.82,UAV-5,GCS,1.000
212.82,UAV-2,GCS,0.000
212.82,UAV-2,UAV-3,1.000
212.82,UAV-2,UAV-4,1.000
212.82,UAV-2,UAV-5,1.000
212.82,UAV-3,GCS,0.000
212.82,UAV-3,UAV-4,1.000
212.82,UAV-3,UAV-5,1.000
212.82,UAV-4,GCS,1.000
212.82,UAV-4,UAV-5,1.000
212.82,UAV-5,GCS,1.000
213.82,UAV-2,GCS,0.000
213.82,UAV-2,UAV-3,1.000
213.82,UAV-2,UAV-4,1.000
213.82,UAV-2,UAV-5,1.000
213.82,UAV-3,UAV-4,1.000
213.82,UAV-3,UAV-5,1.000
213.82,UAV-4,GCS,1.000
213.82,UAV-4,UAV-5,1.000
213.82,UAV-5,GCS,1.000
214.82,UAV-2,GCS,0.000
214.82,UAV-2,UAV-3,1.000
214.82,UAV-2,UAV-4,1.000
214.82,UAV-2,UAV-5,1.000
214.82,UAV-3,UAV-4,1.000
214.82,UAV-3,UAV-5,1.000
214.82,UAV-4,GCS,1.000
214.82,UAV-4,UAV-5,1.000
214.82,UAV-5,GCS,1.000
215.82,UAV-2,GCS,0.000
215.82,UAV-2,UAV-3,1.000
215.82,UAV-2,UAV-4,1.000
215.82,UAV-2,UAV-5,1.000
215.82,UAV-3,GCS,0.000
215.82,UAV-3,UAV-4,1.000
215.82,UAV-3,UAV-5,1.000
215.82,UAV-4,GCS,1.000
215.82,UAV-4,UAV-5,1.000
215.82,UAV-5,GCS,1.000
216.82,UAV-2,UAV-3,1.000
216.82,UAV-2,UAV-4,1.000
216.82,UAV-2,UAV-5,1.000
216.82,UAV-3,GCS,0.000
216.82,UAV-3,UAV-4,1.000
216.82,UAV-3,UAV-5,1.000
216.82,UAV-4,GCS,1.000
216.82,UAV-4,UAV-5,1.000
216.82,UAV-5,GCS,1.000
217.82,UAV-2,UAV-3,1.000
217.82,UAV-2,UAV-4,1.000
217.82,UAV-2,UAV-5,1.000
217.82,UAV-3,GCS,0.000
217.82,UAV-3,UAV-4,1.000
217.82,UAV-3,UAV-5,1.000
217.82,UAV-4,GCS,1.000
217.82,UAV-4,UAV-5,1.000
217.82,UAV-5,GCS,1.000
218.82,UAV-2,GCS,0.000
218.82,UAV-2,UAV-3,1.000
218.82,UAV-2,UAV-4,1.000
218.82,UAV-2,UAV-5,1.000
218.82,UAV-3,GCS,0.000
218.82,UAV-3,UAV-4,1.000
218.82,UAV-3,UAV-5,1.000
218.82,UAV-4,GCS,1.000
218.82,UAV-4,UAV-5,1.000
218.82,UAV-5,GCS,1.000
219.82,UAV-2,GCS,0.000
219.82,UAV-2,UAV-3,1.000
219.82,UAV-2,UAV-4,1.000
219.82,UAV-2,UAV-5,1.000
219.82,UAV-3,GCS,0.000
219.82,UAV-3,UAV-4,1.000
219.82,UAV-3,UAV-5,1.000
219.82,UAV-4,GCS,1.000
219.82,UAV-4,UAV-5,1.000
219.82,UAV-5,GCS,1.000
220.82,UAV-2,UAV-3,1.000
220.82,UAV-2,UAV-4,1.000
220.82,UAV-2,UAV-5,1.000
220.82,UAV-3,UAV-4,0.958
220.82,UAV-3,UAV-5,1.000
220.82,UAV-4,GCS,1.000
220.82,UAV-4,UAV-5,1.000
220.82,UAV-5,GCS,1.000
221.82,UAV-2,UAV-3,1.000
221.82,UAV-2,UAV-4,1.000
221.82,UAV-2,UAV-5,1.000
221.82,UAV-3,UAV-4,1.000
221.82,UAV-3,UAV-5,1.000
221.82,UAV-4,GCS,0.999
221.82,UAV-4,UAV-5,1.000
221.82,UAV-5,GCS,0.958
222.82,UAV-2,UAV-3,1.000
222.82,UAV-2,UAV-4,1.000
222.82,UAV-2,UAV-5,1.000
222.82,UAV-3,UAV-4,1.000
222.82,UAV-3,UAV-5,1.000
222.82,UAV-4,GCS,1.000
222.82,UAV-4,UAV-5,1.000
222.82,UAV-5,GCS,1.000
223.82,UAV-2,UAV-3,1.000
223.82,UAV-2,UAV-4,1.000
223.82,UAV-2,UAV-5,1.000
223.82,UAV-3,UAV-4,1.000
223.82,UAV-3,UAV-5,1.000
223.82,UAV-4,GCS,0.988
223.82,UAV-4,UAV-5,1.000
223.82,UAV-5,GCS,1.000
224.82,UAV-2,UAV-3,1.000
224.82,UAV-2,UAV-4,1.000
224.82,UAV-2,UAV-5,1.000
224.82,UAV-3,UAV-4,1.000
224.82,UAV-3,UAV-5,1.000
224.82,UAV-4,GCS,1.000
224.82,UAV-4,UAV-5,1.000
224.82,UAV-5,GCS,0.969
225.82,UAV-2,UAV-3,1.000
225.82,UAV-2,UAV-4,1.000
225.82,UAV-2,UAV-5,1.000
225.82,UAV-3,UAV-4,1.000
225.82,UAV-3,UAV-5,1.000
225.82,UAV-4,GCS,1.000
225.82,UAV-4,UAV-5,1.000
225.82,UAV-5,GCS,1.000
226.82,UAV-2,UAV-3,1.000
226.82,UAV-2,UAV-4,1.000
226.82,UAV-2,UAV-5,1.000
226.82,UAV-3,UAV-4,0.993
226.82,UAV-3,UAV-5,1.000
226.82,UAV-4,GCS,1.000
226.82,UAV-4,UAV-5,1.000
226.82,UAV-5,GCS,0.958
227.82,UAV-2,UAV-3,1.000
227.82,UAV-2,UAV-4,1.000
227.82,UAV-2,UAV-5,1.000
227.82,UAV-3,UAV-4,1.000
227.82,UAV-3,UAV-5,1.000
227.82,UAV-4,GCS,0.945
227.82,UAV-4,UAV-5,1.000
227.82,UAV-5,GCS,0.977
228.82,UAV-2,UAV-3,1.000
228.82,UAV-2,UAV-4,1.000
228.82,UAV-2,UAV-5,1.000
228.82,UAV-3,UAV-4,1.000
228.82,UAV-3,UAV-5,0.944
228.82,UAV-4,GCS,0.703
228.82,UAV-4,UAV-5,1.000
228.82,UAV-5,GCS,0.958
229.82,UAV-2,UAV-3,1.000
229.82,UAV-2,UAV-4,1.000
229.82,UAV-2,UAV-5,1.000
229.82,UAV-3,UAV-4,1.000
229.82,UAV-3,UAV-5,1.000
229.82,UAV-4,GCS,0.063
229.82,UAV-4,UAV-5,1.000
229.82,UAV-5,GCS,1.000
230.82,UAV-2,UAV-3,1.000
230.82,UAV-2,UAV-4,1.000
230.82,UAV-2,UAV-5,1.000
230.82,UAV-3,UAV-4,1.000
230.82,UAV-3,UAV-5,1.000
230.82,UAV-4,GCS,0.000
230.82,UAV-4,UAV-5,1.000
230.82,UAV-5,GCS,0.959
231.82,UAV-2,UAV-3,1.000
231.82,UAV-2,UAV-4,1.000
231.82,UAV-2,UAV-5,1.000
231.82,UAV-3,UAV-4,1.000
231.82,UAV-3,UAV-5,1.000
231.82,UAV-4,GCS,0.000
231.82,UAV-4,UAV-5,1.000
231.82,UAV-5,GCS,0.991
232.82,UAV-2,UAV-3,1.000
232.82,UAV-2,UAV-4,1.000
232.82,UAV-2,UAV-5,1.000
232.82,UAV-3,UAV-4,1.000
232.82,UAV-3,UAV-5,0.985
232.82,UAV-4,GCS,0.000
232.82,UAV-4,UAV-5,1.000
232.82,UAV-5,GCS,1.000
233.82,UAV-2,UAV-3,1.000
233.82,UAV-2,UAV-4,1.000
233.82,UAV-2,UAV-5,1.000
233.82,UAV-3,UAV-4,1.000
233.82,UAV-3,UAV-5,1.000
233.82,UAV-4,GCS,0.000
233.82,UAV-4,UAV-5,1.000
233.82,UAV-5,GCS,0.999
234.82,UAV-2,UAV-3,1.000
234.82,UAV-2,UAV-4,1.000
234.82,UAV-2,UAV-5,1.000
234.82,UAV-3,UAV-4,0.996
234.82,UAV-3,UAV-5,0.998
234.82,UAV-4,GCS,0.000
234.82,UAV-4,UAV-5,1.000
234.82,UAV-5,GCS,0.997
235.82,UAV-2,UAV-3,1.000
235.82,UAV-2,UAV-4,1.000
235.82,UAV-2,UAV-5,1.000
235.82,UAV-3,UAV-4,1.000
235.82,UAV-3,UAV-5,1.000
235.82,UAV-4,GCS,0.000
235.82,UAV-4,UAV-5,1.000
235.82,UAV-5,GCS,0.983
236.82,UAV-2,UAV-3,1.000
236.82,UAV-2,UAV-4,1.000
236.82,UAV-2,UAV-5,1.000
236.82,UAV-3,UAV-4,1.000
236.82,UAV-3,UAV-5,1.000
236.82,UAV-4,GCS,0.000
236.82,UAV-4,UAV-5,1.000
236.82,UAV-5,GCS,0.989
237.82,UAV-2,UAV-3,1.000
237.82,UAV-2,UAV-4,1.000
237.82,UAV-2,UAV-5,1.000
237.82,UAV-3,UAV-4,1.000
237.82,UAV-3,UAV-5,1.000
237.82,UAV-4,GCS,0.000
237.82,UAV-4,UAV-5,1.000
237.82,UAV-5,GCS,1.000
238.82,UAV-2,UAV-3,1.000
238.82,UAV-2,UAV-4,1.000
238.82,UAV-2,UAV-5,1.000
238.82,UAV-3,UAV-4,1.000
238.82,UAV-3,UAV-5,1.000
238.82,UAV-4,GCS,0.000
238.82,UAV-4,UAV-5,1.000
238.82,UAV-5,GCS,0.958
239.82,UAV-2,UAV-3,1.000
239.82,UAV-2,UAV-4,1.000
239.82,UAV-2,UAV-5,1.000
239.82,UAV-3,UAV-4,1.000
239.82,UAV-3,UAV-5,1.000
239.82,UAV-4,GCS,0.000
239.82,UAV-4,UAV-5,1.000
239.82,UAV-5,GCS,1.000
240.82,UAV-2,UAV-3,1.000
240.82,UAV-2,UAV-4,1.000
240.82,UAV-2,UAV-5,1.000
240.82,UAV-3,UAV-4,0.959
240.82,UAV-3,UAV-5,1.000
240.82,UAV-4,GCS,0.000
240.82,UAV-4,UAV-5,1.000
240.82,UAV-5,GCS,1.000
241.82,UAV-2,UAV-3,1.000
241.82,UAV-2,UAV-4,1.000
241.82,UAV-2,UAV-5,1.000
241.82,UAV-3,UAV-4,0.956
241.82,UAV-3,UAV-5,1.000
241.82,UAV-4,GCS,0.000
241.82,UAV-4,UAV-5,1.000
241.82,UAV-5,GCS,1.000
242.82,UAV-2,UAV-3,1.000
242.82,UAV-2,UAV-4,1.000
242.82,UAV-2,UAV-5,1.000
242.82,UAV-3,UAV-4,1.000
242.82,UAV-3,UAV-5,1.000
242.82,UAV-4,GCS,0.000
242.82,UAV-4,UAV-5,1.000
242.82,UAV-5,GCS,1.000
243.82,UAV-2,UAV-3,1.000
243.82,UAV-2,UAV-4,1.000
243.82,UAV-2,UAV-5,1.000
243.82,UAV-3,UAV-4,0.998
243.82,UAV-3,UAV-5,1.000
243.82,UAV-4,GCS,0.000
243.82,UAV-4,UAV-5,1.000
243.82,UAV-5,GCS,1.000
244.82,UAV-2,UAV-3,1.000
244.82,UAV-2,UAV-4,1.000
244.82,UAV-2,UAV-5,1.000
244.82,UAV-3,UAV-4,0.924
244.82,UAV-3,UAV-5,1.000
244.82,UAV-4,GCS,0.000
244.82,UAV-4,UAV-5,1.000
244.82,UAV-5,GCS,0.964
245.82,UAV-2,UAV-3,1.000
245.82,UAV-2,UAV-4,1.000
245.82,UAV-2,UAV-5,1.000
245.82,UAV-3,UAV-4,1.000
245.82,UAV-3,UAV-5,1.000
245.82,UAV-4,GCS,0.000
245.82,UAV-4,UAV-5,1.000
245.82,UAV-5,GCS,0.958
246.82,UAV-2,UAV-3,1.000
246.82,UAV-2,UAV-4,1.000
246.82,UAV-2,UAV-5,1.000
246.82,UAV-3,UAV-4,1.000
246.82,UAV-3,UAV-5,0.958
246.82,UAV-4,GCS,0.000
246.82,UAV-4,UAV-5,1.000
246.82,UAV-5,GCS,1.000
247.82,UAV-2,UAV-3,1.000
247.82,UAV-2,UAV-4,1.000
247.82,UAV-2,UAV-5,1.000
247.82,UAV-3,UAV-4,1.000
247.82,UAV-3,UAV-5,1.000
247.82,UAV-4,GCS,0.000
247.82,UAV-4,UAV-5,1.000
247.82,UAV-5,GCS,0.999
248.82,UAV-2,UAV-3,1.000
248.82,UAV-2,UAV-4,1.000
248.82,UAV-2,UAV-5,1.000
248.82,UAV-3,UAV-4,1.000
248.82,UAV-3,UAV-5,1.000
248.82,UAV-4,GCS,0.000
248.82,UAV-4,UAV-5,1.000
248.82,UAV-5,GCS,1.000
249.82,UAV-2,UAV-3,1.000
249.82,UAV-2,UAV-4,1.000
249.82,UAV-2,UAV-5,1.000
249.82,UAV-3,UAV-4,1.000
249.82,UAV-3,UAV-5,1.000
249.82,UAV-4,GCS,0.000
249.82,UAV-4,UAV-5,1.000
249.82,UAV-5,GCS,0.984
250.82,UAV-2,GCS,0.000
250.82,UAV-2,UAV-3,1.000
250.82,UAV-2,UAV-4,1.000
250.82,UAV-2,UAV-5,1.000
250.82,UAV-3,UAV-4,1.000
250.82,UAV-3,UAV-5,1.000
250.82,UAV-4,GCS,0.072
250.82,UAV-4,UAV-5,1.000
250.82,UAV-5,GCS,1.000
251.82,UAV-2,GCS,0.000
251.82,UAV-2,UAV-3,1.000
251.82,UAV-2,UAV-4,1.000
251.82,UAV-2,UAV-5,1.000
251.82,UAV-3,UAV-4,1.000
251.82,UAV-3,UAV-5,1.000
251.82,UAV-4,GCS,0.061
251.82,UAV-4,UAV-5,1.000
251.82,UAV-5,GCS,1.000
252.82,UAV-2,GCS,0.000
252.82,UAV-2,UAV-3,1.000
252.82,UAV-2,UAV-4,1.000
252.82,UAV-2,UAV-5,1.000
252.82,UAV-3,UAV-4,1.000
252.82,UAV-3,UAV-5,1.000
252.82,UAV-4,GCS,0.066
252.82,UAV-4,UAV-5,1.000
252.82,UAV-5,GCS,1.000
253.82,UAV-2,GCS,0.000
253.82,UAV-2,UAV-3,1.000
253.82,UAV-2,UAV-4,1.000
253.82,UAV-2,UAV-5,1.000
253.82,UAV-3,UAV-4,1.000
253.82,UAV-3,UAV-5,1.000
253.82,UAV-4,GCS,0.001
253.82,UAV-4,UAV-5,1.000
253.82,UAV-5,GCS,1.000
254.82,UAV-2,GCS,0.000
254.82,UAV-2,UAV-3,1.000
254.82,UAV-2,UAV-4,1.000
254.82,UAV-2,UAV-5,1.000
254.82,UAV-3,UAV-4,1.000
254.82,UAV-3,UAV-5,1.000
254.82,UAV-4,GCS,0.020
254.82,UAV-4,UAV-5,1.000
254.82,UAV-5,GCS,1.000
255.82,UAV-2,GCS,0.000
255.82,UAV-2,UAV-3,1.000
255.82,UAV-2,UAV-4,1.000
255.82,UAV-2,UAV-5,1.000
255.82,UAV-3,UAV-4,1.000
255.82,UAV-3,UAV-5,1.000
255.82,UAV-4,GCS,0.013
255.82,UAV-4,UAV-5,1.000
255.82,UAV-5,GCS,1.000
256.84,UAV-2,GCS,0.000
256.84,UAV-2,UAV-3,1.000
256.84,UAV-2,UAV-4,1.000
256.84,UAV-2,UAV-5,1.000
256.84,UAV-3,GCS,0.000
256.84,UAV-3,UAV-4,1.000
256.84,UAV-3,UAV-5,1.000
256.84,UAV-4,GCS,0.003
256.84,UAV-4,UAV-5,1.000
256.84,UAV-5,GCS,1.000
257.86,UAV-2,GCS,0.000
257.86,UAV-2,UAV-3,1.000
257.86,UAV-2,UAV-4,1.000
257.86,UAV-2,UAV-5,1.000
257.86,UAV-3,UAV-4,1.000
257.86,UAV-3,UAV-5,1.000
257.86,UAV-4,GCS,0.000
257.86,UAV-4,UAV-5,1.000
257.86,UAV-5,GCS,1.000
258.88,UAV-2,GCS,0.000
258.88,UAV-2,UAV-3,1.000
258.88,UAV-2,UAV-4,1.000
258.88,UAV-2,UAV-5,1.000
258.88,UAV-3,UAV-4,1.000
258.88,UAV-3,UAV-5,1.000
258.88,UAV-4,GCS,0.000
258.88,UAV-4,UAV-5,1.000
258.88,UAV-5,GCS,1.000
259.90,UAV-2,GCS,0.000
259.90,UAV-2,UAV-3,1.000
259.90,UAV-2,UAV-4,1.000
259.90,UAV-2,UAV-5,1.000
259.90,UAV-3,UAV-4,1.000
259.90,UAV-3,UAV-5,1.000
259.90,UAV-4,GCS,0.000
259.90,UAV-4,UAV-5,1.000
259.90,UAV-5,GCS,1.000
260.92,UAV-2,GCS,0.000
260.92,UAV-2,UAV-3,1.000
260.92,UAV-2,UAV-4,1.000
260.92,UAV-2,UAV-5,1.000
260.92,UAV-3,UAV-4,1.000
260.92,UAV-3,UAV-5,1.000
260.92,UAV-4,GCS,0.001
260.92,UAV-4,UAV-5,1.000
260.92,UAV-5,GCS,1.000
261.94,UAV-2,GCS,0.000
261.94,UAV-2,UAV-3,1.000
261.94,UAV-2,UAV-4,1.000
261.94,UAV-2,UAV-5,1.000
261.94,UAV-3,GCS,0.000
261.94,UAV-3,UAV-4,1.000
261.94,UAV-3,UAV-5,1.000
261.94,UAV-4,GCS,0.000
261.94,UAV-4,UAV-5,1.000
261.94,UAV-5,GCS,1.000
262.96,UAV-2,GCS,0.000
262.96,UAV-2,UAV-3,1.000
262.96,UAV-2,UAV-4,1.000
262.96,UAV-2,UAV-5,1.000
262.96,UAV-3,GCS,0.000
262.96,UAV-3,UAV-4,1.000
262.96,UAV-3,UAV-5,1.000
262.96,UAV-4,GCS,0.000
262.96,UAV-4,UAV-5,1.000
262.96,UAV-5,GCS,1.000
263.98,UAV-2,GCS,0.000
263.98,UAV-2,UAV-3,1.000
263.98,UAV-2,UAV-4,1.000
263.98,UAV-2,UAV-5,1.000
263.98,UAV-3,UAV-4,1.000
263.98,UAV-3,UAV-5,1.000
263.98,UAV-4,GCS,0.000
263.98,UAV-4,UAV-5,1.000
263.98,UAV-5,GCS,1.000
265.00,UAV-2,GCS,0.000
265.00,UAV-2,UAV-3,1.000
265.00,UAV-2,UAV-4,1.000
265.00,UAV-2,UAV-5,1.000
265.00,UAV-3,GCS,0.000
265.00,UAV-3,UAV-4,1.000
265.00,UAV-3,UAV-5,1.000
265.00,UAV-4,GCS,0.000
265.00,UAV-4,UAV-5,1.000
265.00,UAV-5,GCS,1.000
266.02,UAV-2,GCS,0.000
266.02,UAV-2,UAV-3,1.000
266.02,UAV-2,UAV-4,1.000
266.02,UAV-2,UAV-5,1.000
266.02,UAV-3,UAV-4,1.000
266.02,UAV-3,UAV-5,1.000
266.02,UAV-4,GCS,0.000
266.02,UAV-4,UAV-5,1.000
266.02,UAV-5,GCS,1.000
267.04,UAV-2,GCS,0.000
267.04,UAV-2,UAV-3,1.000
267.04,UAV-2,UAV-4,1.000
267.04,UAV-2,UAV-5,1.000
267.04,UAV-3,UAV-4,1.000
267.04,UAV-3,UAV-5,1.000
267.04,UAV-4,GCS,0.000
267.04,UAV-4,UAV-5,1.000
267.04,UAV-5,GCS,1.000
268.06,UAV-2,GCS,0.000
268.06,UAV-2,UAV-3,1.000
268.06,UAV-2,UAV-4,1.000
268.06,UAV-2,UAV-5,1.000
268.06,UAV-3,UAV-4,1.000
268.06,UAV-3,UAV-5,1.000
268.06,UAV-4,GCS,0.000
268.06,UAV-4,UAV-5,1.000
268.06,UAV-5,GCS,1.000
269.08,UAV-2,GCS,0.000
269.08,UAV-2,UAV-3,1.000
269.08,UAV-2,UAV-4,1.000
269.08,UAV-2,UAV-5,1.000
269.08,UAV-3,UAV-4,1.000
269.08,UAV-3,UAV-5,1.000
269.08,UAV-4,GCS,0.000
269.08,UAV-4,UAV-5,1.000
269.08,UAV-5,GCS,1.000
270.10,UAV-2,GCS,0.000
270.10,UAV-2,UAV-3,1.000
270.10,UAV-2,UAV-4,1.000
270.10,UAV-2,UAV-5,1.000
270.10,UAV-3,UAV-4,1.000
270.10,UAV-3,UAV-5,1.000
270.10,UAV-4,GCS,0.000
270.10,UAV-4,UAV-5,1.000
270.10,UAV-5,GCS,1.000
271.12,UAV-2,GCS,0.000
271.12,UAV-2,UAV-3,1.000
271.12,UAV-2,UAV-4,1.000
271.12,UAV-2,UAV-5,1.000
271.12,UAV-3,GCS,0.000
271.12,UAV-3,UAV-4,1.000
271.12,UAV-3,UAV-5,1.000
271.12,UAV-4,GCS,0.000
271.12,UAV-4,UAV-5,1.000
271.12,UAV-5,GCS,1.000
272.14,UAV-2,GCS,0.000
272.14,UAV-2,UAV-3,1.000
272.14,UAV-2,UAV-4,1.000
272.14,UAV-2,UAV-5,1.000
272.14,UAV-3,GCS,0.000
272.14,UAV-3,UAV-4,1.000
272.14,UAV-3,UAV-5,1.000
272.14,UAV-4,GCS,0.000
272.14,UAV-4,UAV-5,1.000
272.14,UAV-5,GCS,1.000
273.16,UAV-2,GCS,0.000
273.16,UAV-2,UAV-3,1.000
273.16,UAV-2,UAV-4,1.000
273.16,UAV-2,UAV-5,1.000
273.16,UAV-3,UAV-4,1.000
273.16,UAV-3,UAV-5,1.000
273.16,UAV-4,GCS,0.000
273.16,UAV-4,UAV-5,1.000
273.16,UAV-5,GCS,1.000
274.18,UAV-2,GCS,0.000
274.18,UAV-2,UAV-3,1.000
274.18,UAV-2,UAV-4,1.000
274.18,UAV-2,UAV-5,1.000
274.18,UAV-3,UAV-4,1.000
274.18,UAV-3,UAV-5,1.000
274.18,UAV-4,GCS,0.000
274.18,UAV-4,UAV-5,1.000
274.18,UAV-5,GCS,1.000
275.20,UAV-2,GCS,0.000
275.20,UAV-2,UAV-3,1.000
275.20,UAV-2,UAV-4,1.000
275.20,UAV-2,UAV-5,1.000
275.20,UAV-3,GCS,0.000
275.20,UAV-3,UAV-4,1.000
275.20,UAV-3,UAV-5,1.000
275.20,UAV-4,GCS,0.000
275.20,UAV-4,UAV-5,1.000
275.20,UAV-5,GCS,1.000
276.22,UAV-2,GCS,0.000
276.22,UAV-2,UAV-3,1.000
276.22,UAV-2,UAV-4,1.000
276.22,UAV-2,UAV-5,1.000
276.22,UAV-3,GCS,0.000
276.22,UAV-3,UAV-4,1.000
276.22,UAV-3,UAV-5,1.000
276.22,UAV-4,GCS,0.000
276.22,UAV-4,UAV-5,1.000
276.22,UAV-5,GCS,1.000
277.24,UAV-2,GCS,0.000
277.24,UAV-2,UAV-3,1.000
277.24,UAV-2,UAV-4,1.000
277.24,UAV-2,UAV-5,1.000
277.24,UAV-3,UAV-4,1.000
277.24,UAV-3,UAV-5,1.000
277.24,UAV-4,GCS,0.030
277.24,UAV-4,UAV-5,1.000
277.24,UAV-5,GCS,1.000
278.26,UAV-2,GCS,0.000
278.26,UAV-2,UAV-3,1.000
278.26,UAV-2,UAV-4,1.000
278.26,UAV-2,UAV-5,1.000
278.26,UAV-3,GCS,0.000
278.26,UAV-3,UAV-4,1.000
278.26,UAV-3,UAV-5,1.000
278.26,UAV-4,GCS,0.040
278.26,UAV-4,UAV-5,1.000
278.26,UAV-5,GCS,1.000
279.28,UAV-2,GCS,0.000
279.28,UAV-2,UAV-3,1.000
279.28,UAV-2,UAV-4,1.000
279.28,UAV-2,UAV-5,1.000
279.28,UAV-3,UAV-4,1.000
279.28,UAV-3,UAV-5,1.000
279.28,UAV-4,GCS,0.019
279.28,UAV-4,UAV-5,1.000
279.28,UAV-5,GCS,1.000
280.30,UAV-2,GCS,0.000
280.30,UAV-2,UAV-3,0.600
280.30,UAV-2,UAV-4,0.600
280.30,UAV-2,UAV-5,0.600
280.30,UAV-3,UAV-4,0.600
280.30,UAV-3,UAV-5,0.600
280.30,UAV-4,GCS,0.140
280.30,UAV-4,UAV-5,0.600
280.30,UAV-5,GCS,0.600
281.32,UAV-2,GCS,0.000
281.32,UAV-2,UAV-3,0.600
281.32,UAV-2,UAV-4,0.600
281.32,UAV-2,UAV-5,0.600
281.32,UAV-3,GCS,0.000
281.32,UAV-3,UAV-4,0.600
281.32,UAV-3,UAV-5,0.600
281.32,UAV-4,GCS,0.225
281.32,UAV-4,UAV-5,0.600
281.32,UAV-5,GCS,0.600
282.34,UAV-2,GCS,0.002
282.34,UAV-2,UAV-3,0.600
282.34,UAV-2,UAV-4,0.600
282.34,UAV-2,UAV-5,0.600
282.34,UAV-3,UAV-4,0.600
282.34,UAV-3,UAV-5,0.600
282.34,UAV-4,GCS,0.252
282.34,UAV-4,UAV-5,0.600
282.34,UAV-5,GCS,0.600
283.36,UAV-2,GCS,0.008
283.36,UAV-2,UAV-3,0.600
283.36,UAV-2,UAV-4,0.600
283.36,UAV-2,UAV-5,0.600
283.36,UAV-3,GCS,0.000
283.36,UAV-3,UAV-4,0.600
283.36,UAV-3,UAV-5,0.600
283.36,UAV-4,GCS,0.441
283.36,UAV-4,UAV-5,0.600
283.36,UAV-5,GCS,0.600
284.38,UAV-2,GCS,0.049
284.38,UAV-2,UAV-3,0.600
284.38,UAV-2,UAV-4,0.600
284.38,UAV-2,UAV-5,0.600
284.38,UAV-3,GCS,0.000
284.38,UAV-3,UAV-4,0.600
284.38,UAV-3,UAV-5,0.600
284.38,UAV-4,GCS,0.585
284.38,UAV-4,UAV-5,0.600
284.38,UAV-5,GCS,0.600
285.40,UAV-2,GCS,0.088
285.40,UAV-2,UAV-3,0.600
285.40,UAV-2,UAV-4,0.600
285.40,UAV-2,UAV-5,0.600
285.40,UAV-3,GCS,0.000
285.40,UAV-3,UAV-4,0.600
285.40,UAV-3,UAV-5,0.600
285.40,UAV-4,GCS,0.582
285.40,UAV-4,UAV-5,0.600
285.40,UAV-5,GCS,0.600
286.42,UAV-2,GCS,0.089
286.42,UAV-2,UAV-3,0.600
286.42,UAV-2,UAV-4,0.600
286.42,UAV-2,UAV-5,0.600
286.42,UAV-3,GCS,0.000
286.42,UAV-3,UAV-4,0.600
286.42,UAV-3,UAV-5,0.600
286.42,UAV-4,GCS,0.600
286.42,UAV-4,UAV-5,0.600
286.42,UAV-5,GCS,0.600
287.44,UAV-2,GCS,0.069
287.44,UAV-2,UAV-3,0.600
287.44,UAV-2,UAV-4,0.600
287.44,UAV-2,UAV-5,0.600
287.44,UAV-3,GCS,0.000
287.44,UAV-3,UAV-4,0.600
287.44,UAV-3,UAV-5,0.600
287.44,UAV-4,GCS,0.600
287.44,UAV-4,UAV-5,0.600
287.44,UAV-5,GCS,0.600
288.46,UAV-2,GCS,0.174
288.46,UAV-2,UAV-3,0.600
288.46,UAV-2,UAV-4,0.600
288.46,UAV-2,UAV-5,0.600
288.46,UAV-3,UAV-4,0.600
288.46,UAV-3,UAV-5,0.600
288.46,UAV-4,GCS,0.600
288.46,UAV-4,UAV-5,0.600
288.46,UAV-5,GCS,0.600
289.48,UAV-2,GCS,0.305
289.48,UAV-2,UAV-3,0.600
289.48,UAV-2,UAV-4,0.600
289.48,UAV-2,UAV-5,0.600
289.48,UAV-3,UAV-4,0.600
289.48,UAV-3,UAV-5,0.600
289.48,UAV-4,GCS,0.600
289.48,UAV-4,UAV-5,0.600
289.48,UAV-5,GCS,0.600
290.50,UAV-2,GCS,0.452
290.50,UAV-2,UAV-3,0.600
290.50,UAV-2,UAV-4,0.600
290.50,UAV-2,UAV-5,0.600
290.50,UAV-3,UAV-4,0.600
290.50,UAV-3,UAV-5,0.600
290.50,UAV-4,GCS,0.600
290.50,UAV-4,UAV-5,0.600
290.50,UAV-5,GCS,0.600
291.52,UAV-2,GCS,0.504
291.52,UAV-2,UAV-3,0.600
291.52,UAV-2,UAV-4,0.600
291.52,UAV-2,UAV-5,0.600
291.52,UAV-3,GCS,0.000
291.52,UAV-3,UAV-4,0.600
291.52,UAV-3,UAV-5,0.600
291.52,UAV-4,GCS,0.600
291.52,UAV-4,UAV-5,0.600
291.52,UAV-5,GCS,0.600
292.54,UAV-2,GCS,0.570
292.54,UAV-2,UAV-3,0.600
292.54,UAV-2,UAV-4,0.600
292.54,UAV-2,UAV-5,0.600
292.54,UAV-3,UAV-4,0.573
292.54,UAV-3,UAV-5,0.600
292.54,UAV-4,GCS,0.600
292.54,UAV-4,UAV-5,0.600
292.54,UAV-5,GCS,0.600
293.56,UAV-2,GCS,0.585
293.56,UAV-2,UAV-3,0.600
293.56,UAV-2,UAV-4,0.600
293.56,UAV-2,UAV-5,0.600
293.56,UAV-3,GCS,0.000
293.56,UAV-3,UAV-4,0.313
293.56,UAV-3,UAV-5,0.600
293.56,UAV-4,GCS,0.600
293.56,UAV-4,UAV-5,0.600
293.56,UAV-5,GCS,0.600
294.58,UAV-2,GCS,0.575
294.58,UAV-2,UAV-3,0.600
294.58,UAV-2,UAV-4,0.600
294.58,UAV-2,UAV-5,0.600
294.58,UAV-3,GCS,0.000
294.58,UAV-3,UAV-4,0.087
294.58,UAV-3,UAV-5,0.600
294.58,UAV-4,GCS,0.600
294.58,UAV-4,UAV-5,0.600
294.58,UAV-5,GCS,0.600
295.60,UAV-2,GCS,0.600
295.60,UAV-2,UAV-3,0.600
295.60,UAV-2,UAV-4,0.600
295.60,UAV-2,UAV-5,0.600
295.60,UAV-3,GCS,0.000
295.60,UAV-3,UAV-4,0.006
295.60,UAV-3,UAV-5,0.600
295.60,UAV-4,GCS,0.600
295.60,UAV-4,UAV-5,0.600
295.60,UAV-5,GCS,0.600
296.62,UAV-2,GCS,0.600
296.62,UAV-2,UAV-3,0.600
296.62,UAV-2,UAV-4,0.600
296.62,UAV-2,UAV-5,0.600
296.62,UAV-3,GCS,0.000
296.62,UAV-3,UAV-4,0.009
296.62,UAV-3,UAV-5,0.600
296.62,UAV-4,GCS,0.600
296.62,UAV-4,UAV-5,0.600
296.62,UAV-5,GCS,0.600
297.64,UAV-2,GCS,0.600
297.64,UAV-2,UAV-3,0.600
297.64,UAV-2,UAV-4,0.600
297.64,UAV-2,UAV-5,0.600
297.64,UAV-3,GCS,0.000
297.64,UAV-3,UAV-4,0.000
297.64,UAV-3,UAV-5,0.600
297.64,UAV-4,GCS,0.600
297.64,UAV-4,UAV-5,0.600
297.64,UAV-5,GCS,0.600
298.66,UAV-2,GCS,0.600
298.66,UAV-2,UAV-3,0.600
298.66,UAV-2,UAV-4,0.600
298.66,UAV-2,UAV-5,0.600
298.66,UAV-3,GCS,0.000
298.66,UAV-3,UAV-4,0.000
298.66,UAV-3,UAV-5,0.600
298.66,UAV-4,GCS,0.600
298.66,UAV-4,UAV-5,0.600
298.66,UAV-5,GCS,0.600
299.68,UAV-2,GCS,0.600
299.68,UAV-2,UAV-3,0.600
299.68,UAV-2,UAV-4,0.600
299.68,UAV-2,UAV-5,0.600
299.68,UAV-3,GCS,0.000
299.68,UAV-3,UAV-4,0.000
299.68,UAV-3,UAV-5,0.600
299.68,UAV-4,GCS,0.600
299.68,UAV-4,UAV-5,0.600
299.68,UAV-5,GCS,0.600
300.70,UAV-2,GCS,0.600
300.70,UAV-2,UAV-3,0.600
300.70,UAV-2,UAV-4,0.600
300.70,UAV-2,UAV-5,0.600
300.70,UAV-3,GCS,0.000
300.70,UAV-3,UAV-4,0.000
300.70,UAV-3,UAV-5,0.600
300.70,UAV-4,GCS,0.600
300.70,UAV-4,UAV-5,0.600
300.70,UAV-5,GCS,0.600
301.72,UAV-2,GCS,0.600
301.72,UAV-2,UAV-3,0.600
301.72,UAV-2,UAV-4,0.600
301.72,UAV-2,UAV-5,0.600
301.72,UAV-3,GCS,0.000
301.72,UAV-3,UAV-4,0.000
301.72,UAV-3,UAV-5,0.600
301.72,UAV-4,GCS,0.600
301.72,UAV-4,UAV-5,0.600
301.72,UAV-5,GCS,0.600
302.74,UAV-2,GCS,0.600
302.74,UAV-2,UAV-3,0.600
302.74,UAV-2,UAV-4,0.600
302.74,UAV-2,UAV-5,0.600
302.74,UAV-3,GCS,0.000
302.74,UAV-3,UAV-4,0.000
302.74,UAV-3,UAV-5,0.600
302.74,UAV-4,GCS,0.600
302.74,UAV-4,UAV-5,0.600
302.74,UAV-5,GCS,0.600
303.76,UAV-2,GCS,0.600
303.76,UAV-2,UAV-3,0.600
303.76,UAV-2,UAV-4,0.600
303.76,UAV-2,UAV-5,0.600
303.76,UAV-3,GCS,0.000
303.76,UAV-3,UAV-4,0.000
303.76,UAV-3,UAV-5,0.600
303.76,UAV-4,GCS,0.600
303.76,UAV-4,UAV-5,0.600
303.76,UAV-5,GCS,0.600
304.78,UAV-2,GCS,0.600
304.78,UAV-2,UAV-3,0.600
304.78,UAV-2,UAV-4,0.600
304.78,UAV-2,UAV-5,0.600
304.78,UAV-3,UAV-4,0.000
304.78,UAV-3,UAV-5,0.600
304.78,UAV-4,GCS,0.600
304.78,UAV-4,UAV-5,0.600
304.78,UAV-5,GCS,0.600
305.80,UAV-2,GCS,0.600
305.80,UAV-2,UAV-3,0.600
305.80,UAV-2,UAV-4,0.600
305.80,UAV-2,UAV-5,0.600
305.80,UAV-3,GCS,0.000
305.80,UAV-3,UAV-4,0.000
305.80,UAV-3,UAV-5,0.600
305.80,UAV-4,GCS,0.600
305.80,UAV-4,UAV-5,0.600
305.80,UAV-5,GCS,0.600
306.82,UAV-2,GCS,0.600
306.82,UAV-2,UAV-3,0.600
306.82,UAV-2,UAV-4,0.600
306.82,UAV-2,UAV-5,0.600
306.82,UAV-3,GCS,0.000
306.82,UAV-3,UAV-4,0.000
306.82,UAV-3,UAV-5,0.600
306.82,UAV-4,GCS,0.600
306.82,UAV-4,UAV-5,0.600
306.82,UAV-5,GCS,0.600
307.84,UAV-2,GCS,0.600
307.84,UAV-2,UAV-3,0.600
307.84,UAV-2,UAV-4,0.600
307.84,UAV-2,UAV-5,0.600
307.84,UAV-3,UAV-4,0.000
307.84,UAV-3,UAV-5,0.600
307.84,UAV-4,GCS,0.600
307.84,UAV-4,UAV-5,0.600
307.84,UAV-5,GCS,0.600
308.86,UAV-2,GCS,0.600
308.86,UAV-2,UAV-3,0.600
308.86,UAV-2,UAV-4,0.600
308.86,UAV-2,UAV-5,0.600
308.86,UAV-3,UAV-4,0.000
308.86,UAV-3,UAV-5,0.600
308.86,UAV-4,GCS,0.600
308.86,UAV-4,UAV-5,0.600
308.86,UAV-5,GCS,0.600
309.88,UAV-2,GCS,0.600
309.88,UAV-2,UAV-3,0.600
309.88,UAV-2,UAV-4,0.600
309.88,UAV-2,UAV-5,0.600
309.88,UAV-3,GCS,0.000
309.88,UAV-3,UAV-4,0.000
309.88,UAV-3,UAV-5,0.600
309.88,UAV-4,GCS,0.600
309.88,UAV-4,UAV-5,0.600
309.88,UAV-5,GCS,0.600
310.90,UAV-2,GCS,0.600
310.90,UAV-2,UAV-3,0.600
310.90,UAV-2,UAV-4,0.600
310.90,UAV-2,UAV-5,0.600
310.90,UAV-3,UAV-4,0.000
310.90,UAV-3,UAV-5,0.600
310.90,UAV-4,GCS,0.600
310.90,UAV-4,UAV-5,0.600
310.90,UAV-5,GCS,0.600
311.92,UAV-2,GCS,0.600
311.92,UAV-2,UAV-3,0.600
311.92,UAV-2,UAV-4,0.600
311.92,UAV-2,UAV-5,0.600
311.92,UAV-3,GCS,0.000
311.92,UAV-3,UAV-4,0.000
311.92,UAV-3,UAV-5,0.600
311.92,UAV-4,GCS,0.600
311.92,UAV-4,UAV-5,0.599
311.92,UAV-5,GCS,0.600
312.94,UAV-2,GCS,0.600
312.94,UAV-2,UAV-3,0.600
312.94,UAV-2,UAV-4,0.600
312.94,UAV-2,UAV-5,0.600
312.94,UAV-3,UAV-4,0.000
312.94,UAV-3,UAV-5,0.600
312.94,UAV-4,GCS,0.600
312.94,UAV-4,UAV-5,0.600
312.94,UAV-5,GCS,0.600
313.96,UAV-2,GCS,0.600
313.96,UAV-2,UAV-3,0.600
313.96,UAV-2,UAV-4,0.600
313.96,UAV-2,UAV-5,0.600
313.96,UAV-3,UAV-4,0.000
313.96,UAV-3,UAV-5,0.600
313.96,UAV-4,GCS,0.600
313.96,UAV-4,UAV-5,0.542
313.96,UAV-5,GCS,0.600
314.98,UAV-2,GCS,0.600
314.98,UAV-2,UAV-3,0.600
314.98,UAV-2,UAV-4,0.600
314.98,UAV-2,UAV-5,0.600
314.98,UAV-3,GCS,0.000
314.98,UAV-3,UAV-4,0.000
314.98,UAV-3,UAV-5,0.600
314.98,UAV-4,GCS,0.600
314.98,UAV-4,UAV-5,0.499
314.98,UAV-5,GCS,0.600
316.00,UAV-2,GCS,0.600
316.00,UAV-2,UAV-3,0.600
316.00,UAV-2,UAV-4,0.600
316.00,UAV-2,UAV-5,0.600
316.00,UAV-3,GCS,0.000
316.00,UAV-3,UAV-4,0.000
316.00,UAV-3,UAV-5,0.600
316.00,UAV-4,GCS,0.600
316.00,UAV-4,UAV-5,0.580
316.00,UAV-5,GCS,0.600
317.02,UAV-2,GCS,0.600
317.02,UAV-2,UAV-3,0.600
317.02,UAV-2,UAV-4,0.600
317.02,UAV-2,UAV-5,0.600
317.02,UAV-3,GCS,0.000
317.02,UAV-3,UAV-4,0.000
317.02,UAV-3,UAV-5,0.600
317.02,UAV-4,GCS,0.600
317.02,UAV-4,UAV-5,0.374
317.02,UAV-5,GCS,0.600
318.04,UAV-2,GCS,0.600
318.04,UAV-2,UAV-3,0.600
318.04,UAV-2,UAV-4,0.600
318.04,UAV-2,UAV-5,0.600
318.04,UAV-3,GCS,0.000
318.04,UAV-3,UAV-4,0.000
318.04,UAV-3,UAV-5,0.600
318.04,UAV-4,GCS,0.600
318.04,UAV-4,UAV-5,0.344
318.04,UAV-5,GCS,0.600
319.06,UAV-2,GCS,0.600
319.06,UAV-2,UAV-3,0.600
319.06,UAV-2,UAV-4,0.600
319.06,UAV-2,UAV-5,0.600
319.06,UAV-3,GCS,0.000
319.06,UAV-3,UAV-4,0.000
319.06,UAV-3,UAV-5,0.600
319.06,UAV-4,GCS,0.600
319.06,UAV-4,UAV-5,0.163
319.06,UAV-5,GCS,0.600
320.08,UAV-2,GCS,0.600
320.08,UAV-2,UAV-3,0.600
320.08,UAV-2,UAV-4,0.600
320.08,UAV-2,UAV-5,0.600
320.08,UAV-3,UAV-4,0.000
320.08,UAV-3,UAV-5,0.600
320.08,UAV-4,GCS,0.600
320.08,UAV-4,UAV-5,0.249
320.08,UAV-5,GCS,0.600
321.10,UAV-2,GCS,0.600
321.10,UAV-2,UAV-3,0.600
321.10,UAV-2,UAV-4,0.600
321.10,UAV-2,UAV-5,0.600
321.10,UAV-3,UAV-4,0.000
321.10,UAV-3,UAV-5,0.600
321.10,UAV-4,GCS,0.600
321.10,UAV-4,UAV-5,0.202
321.10,UAV-5,GCS,0.600
322.12,UAV-2,GCS,0.595
322.12,UAV-2,UAV-3,0.600
322.12,UAV-2,UAV-4,0.600
322.12,UAV-2,UAV-5,0.600
322.12,UAV-3,GCS,0.000
322.12,UAV-3,UAV-4,0.000
322.12,UAV-3,UAV-5,0.600
322.12,UAV-4,GCS,0.600
322.12,UAV-4,UAV-5,0.217
322.12,UAV-5,GCS,0.600
323.14,UAV-2,GCS,0.518
323.14,UAV-2,UAV-3,0.600
323.14,UAV-2,UAV-4,0.600
323.14,UAV-2,UAV-5,0.600
323.14,UAV-3,UAV-4,0.000
323.14,UAV-3,UAV-5,0.600
323.14,UAV-4,GCS,0.600
323.14,UAV-4,UAV-5,0.260
323.14,UAV-5,GCS,0.600
324.16,UAV-2,GCS,0.537
324.16,UAV-2,UAV-3,0.600
324.16,UAV-2,UAV-4,0.600
324.16,UAV-2,UAV-5,0.600
324.16,UAV-3,GCS,0.000
324.16,UAV-3,UAV-4,0.000
324.16,UAV-3,UAV-5,0.600
324.16,UAV-4,GCS,0.600
324.16,UAV-4,UAV-5,0.141
324.16,UAV-5,GCS,0.600
325.18,UAV-2,GCS,0.493
325.18,UAV-2,UAV-3,0.600
325.18,UAV-2,UAV-4,0.600
325.18,UAV-2,UAV-5,0.600
325.18,UAV-3,UAV-4,0.000
325.18,UAV-3,UAV-5,0.600
325.18,UAV-4,GCS,0.600
325.18,UAV-4,UAV-5,0.200
325.18,UAV-5,GCS,0.600
326.20,UAV-2,GCS,0.328
326.20,UAV-2,UAV-3,0.600
326.20,UAV-2,UAV-4,0.600
326.20,UAV-2,UAV-5,0.600
326.20,UAV-3,GCS,0.000
326.20,UAV-3,UAV-4,0.000
326.20,UAV-3,UAV-5,0.600
326.20,UAV-4,GCS,0.600
326.20,UAV-4,UAV-5,0.133
326.20,UAV-5,GCS,0.600
327.22,UAV-2,GCS,0.448
327.22,UAV-2,UAV-3,0.600
327.22,UAV-2,UAV-4,0.600
327.22,UAV-2,UAV-5,0.600
327.22,UAV-3,GCS,0.000
327.22,UAV-3,UAV-4,0.000
327.22,UAV-3,UAV-5,0.600
327.22,UAV-4,GCS,0.600
327.22,UAV-4,UAV-5,0.073
327.22,UAV-5,GCS,0.600
328.24,UAV-2,GCS,0.338
328.24,UAV-2,UAV-3,0.600
328.24,UAV-2,UAV-4,0.600
328.24,UAV-2,UAV-5,0.600
328.24,UAV-3,UAV-4,0.000
328.24,UAV-3,UAV-5,0.600
328.24,UAV-4,GCS,0.600
328.24,UAV-4,UAV-5,0.100
328.24,UAV-5,GCS,0.600
329.26,UAV-2,GCS,0.359
329.26,UAV-2,UAV-3,0.600
329.26,UAV-2,UAV-4,0.600
329.26,UAV-2,UAV-5,0.600
329.26,UAV-3,GCS,0.000
329.26,UAV-3,UAV-4,0.000
329.26,UAV-3,UAV-5,0.600
329.26,UAV-4,GCS,0.600
329.26,UAV-4,UAV-5,0.091
329.26,UAV-5,GCS,0.600
330.28,UAV-2,UAV-3,0.600
330.28,UAV-2,UAV-4,0.600
330.28,UAV-2,UAV-5,0.600
330.28,UAV-3,UAV-4,0.000
330.28,UAV-3,UAV-5,0.600
330.28,UAV-4,UAV-5,0.082
331.30,UAV-2,UAV-3,0.600
331.30,UAV-2,UAV-4,0.600
331.30,UAV-2,UAV-5,0.600
331.30,UAV-3,UAV-4,0.000
331.30,UAV-3,UAV-5,0.600
331.30,UAV-4,UAV-5,0.049
332.32,UAV-2,UAV-3,0.600
332.32,UAV-2,UAV-4,0.600
332.32,UAV-2,UAV-5,0.600
332.32,UAV-3,UAV-4,0.000
332.32,UAV-3,UAV-5,0.600
332.32,UAV-4,UAV-5,0.035
333.34,UAV-2,UAV-3,0.600
333.34,UAV-2,UAV-4,0.600
333.34,UAV-2,UAV-5,0.600
333.34,UAV-3,UAV-4,0.000
333.34,UAV-3,UAV-5,0.600
333.34,UAV-4,UAV-5,0.034
334.36,UAV-2,UAV-3,0.600
334.36,UAV-2,UAV-4,0.600
334.36,UAV-2,UAV-5,0.600
334.36,UAV-3,UAV-4,0.000
334.36,UAV-3,UAV-5,0.600
334.36,UAV-4,UAV-5,0.101
335.38,UAV-2,UAV-3,0.600
335.38,UAV-2,UAV-4,0.600
335.38,UAV-2,UAV-5,0.600
335.38,UAV-3,UAV-4,0.000
335.38,UAV-3,UAV-5,0.600
335.38,UAV-4,UAV-5,0.056
336.40,UAV-2,UAV-3,0.600
336.40,UAV-2,UAV-4,0.600
336.40,UAV-2,UAV-5,0.600
336.40,UAV-3,UAV-4,0.000
336.40,UAV-3,UAV-5,0.600
336.40,UAV-4,UAV-5,0.028
337.42,UAV-2,UAV-3,0.600
337.42,UAV-2,UAV-4,0.600
337.42,UAV-2,UAV-5,0.600
337.42,UAV-3,UAV-4,0.000
337.42,UAV-3,UAV-5,0.600
337.42,UAV-4,UAV-5,0.053
338.44,UAV-2,UAV-3,0.600
338.44,UAV-2,UAV-4,0.600
338.44,UAV-2,UAV-5,0.600
338.44,UAV-3,UAV-4,0.000
338.44,UAV-3,UAV-5,0.600
338.44,UAV-4,UAV-5,0.063
339.46,UAV-2,UAV-3,0.600
339.46,UAV-2,UAV-4,0.600
339.46,UAV-2,UAV-5,0.600
339.46,UAV-3,UAV-4,0.000
339.46,UAV-3,UAV-5,0.600
339.46,UAV-4,UAV-5,0.087
340.48,UAV-2,UAV-3,1.000
340.48,UAV-2,UAV-4,1.000
340.48,UAV-2,UAV-5,1.000
340.48,UAV-3,UAV-4,0.000
340.48,UAV-3,UAV-5,1.000
340.48,UAV-4,UAV-5,0.263
341.50,UAV-2,UAV-3,1.000
341.50,UAV-2,UAV-4,1.000
341.50,UAV-2,UAV-5,1.000
341.50,UAV-3,UAV-4,0.000
341.50,UAV-3,UAV-5,1.000
341.50,UAV-4,UAV-5,0.189
342.52,UAV-2,UAV-3,1.000
342.52,UAV-2,UAV-4,1.000
342.52,UAV-2,UAV-5,1.000
342.52,UAV-3,UAV-4,0.000
342.52,UAV-3,UAV-5,1.000
342.52,UAV-4,UAV-5,0.263
343.54,UAV-2,UAV-3,1.000
343.54,UAV-2,UAV-4,1.000
343.54,UAV-2,UAV-5,1.000
343.54,UAV-3,UAV-4,0.000
343.54,UAV-3,UAV-5,1.000
343.54,UAV-4,UAV-5,0.452
344.56,UAV-2,UAV-3,1.000
344.56,UAV-2,UAV-4,1.000
344.56,UAV-2,UAV-5,1.000
344.56,UAV-3,UAV-4,0.000
344.56,UAV-3,UAV-5,1.000
344.56,UAV-4,UAV-5,0.539
345.58,UAV-2,UAV-3,1.000
345.58,UAV-2,UAV-4,1.000
345.58,UAV-2,UAV-5,1.000
345.58,UAV-3,UAV-4,0.000
345.58,UAV-3,UAV-5,1.000
345.58,UAV-4,UAV-5,0.544
346.60,UAV-2,UAV-3,1.000
346.60,UAV-2,UAV-4,1.000
346.60,UAV-2,UAV-5,1.000
346.60,UAV-3,UAV-4,0.000
346.60,UAV-3,UAV-5,1.000
346.60,UAV-4,UAV-5,0.727
347.62,UAV-2,UAV-3,1.000
347.62,UAV-2,UAV-4,1.000
347.62,UAV-2,UAV-5,1.000
347.62,UAV-3,UAV-4,0.000
347.62,UAV-3,UAV-5,1.000
347.62,UAV-4,UAV-5,0.801
348.64,UAV-2,UAV-3,1.000
348.64,UAV-2,UAV-4,1.000
348.64,UAV-2,UAV-5,1.000
348.64,UAV-3,UAV-4,0.000
348.64,UAV-3,UAV-5,1.000
348.64,UAV-4,UAV-5,0.910
349.66,UAV-2,UAV-3,1.000
349.66,UAV-2,UAV-4,1.000
349.66,UAV-2,UAV-5,1.000
349.66,UAV-3,UAV-4,0.000
349.66,UAV-3,UAV-5,1.000
349.66,UAV-4,UAV-5,0.821
350.68,UAV-2,UAV-3,1.000
350.68,UAV-2,UAV-4,1.000
350.68,UAV-2,UAV-5,1.000
350.68,UAV-3,UAV-4,0.000
350.68,UAV-3,UAV-5,1.000
350.68,UAV-4,UAV-5,0.954
351.70,UAV-2,UAV-3,1.000
351.70,UAV-2,UAV-4,1.000
351.70,UAV-2,UAV-5,1.000
351.70,UAV-3,UAV-4,0.000
351.70,UAV-3,UAV-5,1.000
351.70,UAV-4,UAV-5,0.923
352.72,UAV-2,UAV-3,1.000
352.72,UAV-2,UAV-4,1.000
352.72,UAV-2,UAV-5,1.000
352.72,UAV-3,UAV-4,0.000
352.72,UAV-3,UAV-5,1.000
352.72,UAV-4,UAV-5,0.944
353.74,UAV-2,UAV-3,1.000
353.74,UAV-2,UAV-4,1.000
353.74,UAV-2,UAV-5,1.000
353.74,UAV-3,UAV-4,0.000
353.74,UAV-3,UAV-5,1.000
353.74,UAV-4,UAV-5,0.994
354.76,UAV-2,UAV-3,1.000
354.76,UAV-2,UAV-4,1.000
354.76,UAV-2,UAV-5,1.000
354.76,UAV-3,UAV-4,0.000
354.76,UAV-3,UAV-5,1.000
354.76,UAV-4,UAV-5,0.958
355.78,UAV-2,GCS,1.000
355.78,UAV-2,UAV-3,1.000
355.78,UAV-2,UAV-4,1.000
355.78,UAV-2,UAV-5,1.000
355.78,UAV-3,GCS,0.000
355.78,UAV-3,UAV-4,0.000
355.78,UAV-3,UAV-5,1.000
355.78,UAV-4,GCS,1.000
355.78,UAV-4,UAV-5,0.998
355.78,UAV-5,GCS,1.000
356.80,UAV-2,GCS,1.000
356.80,UAV-2,UAV-3,1.000
356.80,UAV-2,UAV-4,1.000
356.80,UAV-2,UAV-5,1.000
356.80,UAV-3,GCS,0.000
356.80,UAV-3,UAV-4,0.000
356.80,UAV-3,UAV-5,1.000
356.80,UAV-4,GCS,1.000
356.80,UAV-4,UAV-5,1.000
356.80,UAV-5,GCS,1.000
357.82,UAV-2,GCS,1.000
357.82,UAV-2,UAV-3,1.000
357.82,UAV-2,UAV-4,1.000
357.82,UAV-2,UAV-5,1.000
357.82,UAV-3,GCS,0.000
357.82,UAV-3,UAV-4,0.000
357.82,UAV-3,UAV-5,1.000
357.82,UAV-4,GCS,1.000
357.82,UAV-4,UAV-5,1.000
357.82,UAV-5,GCS,1.000
358.84,UAV-2,GCS,1.000
358.84,UAV-2,UAV-3,1.000
358.84,UAV-2,UAV-4,1.000
358.84,UAV-2,UAV-5,1.000
358.84,UAV-3,GCS,0.000
358.84,UAV-3,UAV-4,0.000
358.84,UAV-3,UAV-5,1.000
358.84,UAV-4,GCS,1.000
358.84,UAV-4,UAV-5,1.000
358.84,UAV-5,GCS,1.000
359.86,UAV-2,GCS,1.000
359.86,UAV-2,UAV-3,1.000
359.86,UAV-2,UAV-4,1.000
359.86,UAV-2,UAV-5,1.000
359.86,UAV-3,GCS,0.000
359.86,UAV-3,UAV-4,0.000
359.86,UAV-3,UAV-5,1.000
359.86,UAV-4,GCS,1.000
359.86,UAV-4,UAV-5,1.000
359.86,UAV-5,GCS,1.000
360.88,UAV-2,GCS,1.000
360.88,UAV-2,UAV-3,1.000
360.88,UAV-2,UAV-4,1.000
360.88,UAV-2,UAV-5,1.000
360.88,UAV-3,GCS,0.000
360.88,UAV-3,UAV-4,0.000
360.88,UAV-3,UAV-5,1.000
360.88,UAV-4,GCS,1.000
360.88,UAV-4,UAV-5,1.000
360.88,UAV-5,GCS,1.000
361.90,UAV-2,GCS,1.000
361.90,UAV-2,UAV-3,1.000
361.90,UAV-2,UAV-4,1.000
361.90,UAV-2,UAV-5,1.000
361.90,UAV-3,GCS,0.000
361.90,UAV-3,UAV-4,0.000
361.90,UAV-3,UAV-5,1.000
361.90,UAV-4,GCS,1.000
361.90,UAV-4,UAV-5,1.000
361.90,UAV-5,GCS,1.000
362.92,UAV-2,GCS,1.000
362.92,UAV-2,UAV-3,1.000
362.92,UAV-2,UAV-4,1.000
362.92,UAV-2,UAV-5,1.000
362.92,UAV-3,GCS,0.000
362.92,UAV-3,UAV-4,0.000
362.92,UAV-3,UAV-5,1.000
362.92,UAV-4,GCS,1.000
362.92,UAV-4,UAV-5,1.000
362.92,UAV-5,GCS,1.000
363.94,UAV-2,GCS,1.000
363.94,UAV-2,UAV-3,1.000
363.94,UAV-2,UAV-4,1.000
363.94,UAV-2,UAV-5,1.000
363.94,UAV-3,GCS,0.000
363.94,UAV-3,UAV-4,0.000
363.94,UAV-3,UAV-5,1.000
363.94,UAV-4,GCS,1.000
363.94,UAV-4,UAV-5,1.000
363.94,UAV-5,GCS,1.000
364.96,UAV-2,GCS,1.000
364.96,UAV-2,UAV-3,1.000
364.96,UAV-2,UAV-4,1.000
364.96,UAV-2,UAV-5,1.000
364.96,UAV-3,GCS,0.185
364.96,UAV-3,UAV-4,0.005
364.96,UAV-3,UAV-5,1.000
364.96,UAV-4,GCS,1.000
364.96,UAV-4,UAV-5,1.000
364.96,UAV-5,GCS,1.000
365.98,UAV-2,GCS,1.000
365.98,UAV-2,UAV-3,1.000
365.98,UAV-2,UAV-4,1.000
365.98,UAV-2,UAV-5,1.000
365.98,UAV-3,GCS,0.496
365.98,UAV-3,UAV-4,0.116
365.98,UAV-3,UAV-5,1.000
365.98,UAV-4,GCS,1.000
365.98,UAV-4,UAV-5,1.000
365.98,UAV-5,GCS,1.000
367.00,UAV-2,GCS,1.000
367.00,UAV-2,UAV-3,1.000
367.00,UAV-2,UAV-4,1.000
367.00,UAV-2,UAV-5,1.000
367.00,UAV-3,GCS,0.995
367.00,UAV-3,UAV-4,0.520
367.00,UAV-3,UAV-5,1.000
367.00,UAV-4,GCS,1.000
367.00,UAV-4,UAV-5,1.000
367.00,UAV-5,GCS,1.000
368.02,UAV-2,GCS,1.000
368.02,UAV-2,UAV-3,1.000
368.02,UAV-2,UAV-4,1.000
368.02,UAV-2,UAV-5,1.000
368.02,UAV-3,GCS,1.000
368.02,UAV-3,UAV-4,0.981
368.02,UAV-3,UAV-5,1.000
368.02,UAV-4,GCS,1.000
368.02,UAV-4,UAV-5,1.000
368.02,UAV-5,GCS,1.000
369.04,UAV-2,GCS,1.000
369.04,UAV-2,UAV-3,1.000
369.04,UAV-2,UAV-4,1.000
369.04,UAV-2,UAV-5,1.000
369.04,UAV-3,GCS,1.000
369.04,UAV-3,UAV-4,1.000
369.04,UAV-3,UAV-5,1.000
369.04,UAV-4,GCS,1.000
369.04,UAV-4,UAV-5,1.000
369.04,UAV-5,GCS,1.000
370.06,UAV-2,GCS,1.000
370.06,UAV-2,UAV-3,1.000
370.06,UAV-2,UAV-4,1.000
370.06,UAV-2,UAV-5,1.000
370.06,UAV-3,GCS,1.000
370.06,UAV-3,UAV-4,1.000
370.06,UAV-3,UAV-5,1.000
370.06,UAV-4,GCS,1.000
370.06,UAV-4,UAV-5,1.000
370.06,UAV-5,GCS,1.000
371.08,UAV-2,GCS,1.000
371.08,UAV-2,UAV-3,1.000
371.08,UAV-2,UAV-4,1.000
371.08,UAV-2,UAV-5,1.000
371.08,UAV-3,GCS,1.000
371.08,UAV-3,UAV-4,1.000
371.08,UAV-3,UAV-5,1.000
371.08,UAV-4,GCS,1.000
371.08,UAV-4,UAV-5,1.000
371.08,UAV-5,GCS,1.000
372.10,UAV-2,GCS,1.000
372.10,UAV-2,UAV-3,1.000
372.10,UAV-2,UAV-4,1.000
372.10,UAV-2,UAV-5,1.000
372.10,UAV-3,GCS,1.000
372.10,UAV-3,UAV-4,1.000
372.10,UAV-3,UAV-5,1.000
372.10,UAV-4,GCS,1.000
372.10,UAV-4,UAV-5,1.000
372.10,UAV-5,GCS,1.000
373.12,UAV-2,GCS,1.000
373.12,UAV-2,UAV-3,1.000
373.12,UAV-2,UAV-4,1.000
373.12,UAV-2,UAV-5,1.000
373.12,UAV-3,GCS,1.000
373.12,UAV-3,UAV-4,1.000
373.12,UAV-3,UAV-5,1.000
373.12,UAV-4,GCS,1.000
373.12,UAV-4,UAV-5,1.000
373.12,UAV-5,GCS,1.000
374.14,UAV-2,GCS,1.000
374.14,UAV-2,UAV-3,1.000
374.14,UAV-2,UAV-4,1.000
374.14,UAV-2,UAV-5,1.000
374.14,UAV-3,GCS,1.000
374.14,UAV-3,UAV-4,1.000
374.14,UAV-3,UAV-5,1.000
374.14,UAV-4,GCS,1.000
374.14,UAV-4,UAV-5,1.000
374.14,UAV-5,GCS,1.000
375.16,UAV-2,GCS,1.000
375.16,UAV-2,UAV-3,1.000
375.16,UAV-2,UAV-4,1.000
375.16,UAV-2,UAV-5,1.000
375.16,UAV-3,GCS,1.000
375.16,UAV-3,UAV-4,1.000
375.16,UAV-3,UAV-5,1.000
375.16,UAV-4,GCS,1.000
375.16,UAV-4,UAV-5,1.000
375.16,UAV-5,GCS,1.000
376.18,UAV-2,GCS,1.000
376.18,UAV-2,UAV-3,1.000
376.18,UAV-2,UAV-4,1.000
376.18,UAV-2,UAV-5,1.000
376.18,UAV-3,GCS,1.000
376.18,UAV-3,UAV-4,1.000
376.18,UAV-3,UAV-5,1.000
376.18,UAV-4,GCS,1.000
376.18,UAV-4,UAV-5,1.000
376.18,UAV-5,GCS,1.000
377.20,UAV-2,GCS,1.000
377.20,UAV-2,UAV-3,1.000
377.20,UAV-2,UAV-4,1.000
377.20,UAV-2,UAV-5,1.000
377.20,UAV-3,GCS,1.000
377.20,UAV-3,UAV-4,1.000
377.20,UAV-3,UAV-5,1.000
377.20,UAV-4,GCS,1.000
377.20,UAV-4,UAV-5,1.000
377.20,UAV-5,GCS,1.000
378.22,UAV-2,GCS,1.000
378.22,UAV-2,UAV-3,1.000
378.22,UAV-2,UAV-4,1.000
378.22,UAV-2,UAV-5,1.000
378.22,UAV-3,GCS,1.000
378.22,UAV-3,UAV-4,1.000
378.22,UAV-3,UAV-5,1.000
378.22,UAV-4,GCS,1.000
378.22,UAV-4,UAV-5,1.000
378.22,UAV-5,GCS,1.000
379.24,UAV-2,GCS,1.000
379.24,UAV-2,UAV-3,1.000
379.24,UAV-2,UAV-4,1.000
379.24,UAV-2,UAV-5,1.000
379.24,UAV-3,GCS,1.000
379.24,UAV-3,UAV-4,1.000
379.24,UAV-3,UAV-5,1.000
379.24,UAV-4,GCS,1.000
379.24,UAV-4,UAV-5,1.000
379.24,UAV-5,GCS,1.000
380.26,UAV-2,GCS,1.000
380.26,UAV-2,UAV-3,1.000
380.26,UAV-2,UAV-4,1.000
380.26,UAV-2,UAV-5,0.890
380.26,UAV-3,GCS,1.000
380.26,UAV-3,UAV-4,1.000
380.26,UAV-3,UAV-5,1.000
380.26,UAV-4,GCS,1.000
380.26,UAV-4,UAV-5,1.000
380.26,UAV-5,GCS,1.000
381.28,UAV-2,GCS,1.000
381.28,UAV-2,UAV-3,1.000
381.28,UAV-2,UAV-4,1.000
381.28,UAV-2,UAV-5,0.880
381.28,UAV-3,GCS,1.000
381.28,UAV-3,UAV-4,1.000
381.28,UAV-3,UAV-5,1.000
381.28,UAV-4,GCS,1.000
381.28,UAV-4,UAV-5,1.000
381.28,UAV-5,GCS,1.000
382.30,UAV-2,GCS,1.000
382.30,UAV-2,UAV-3,1.000
382.30,UAV-2,UAV-4,1.000
382.30,UAV-2,UAV-5,0.820
382.30,UAV-3,GCS,1.000
382.30,UAV-3,UAV-4,1.000
382.30,UAV-3,UAV-5,1.000
382.30,UAV-4,GCS,1.000
382.30,UAV-4,UAV-5,1.000
382.30,UAV-5,GCS,1.000
383.32,UAV-2,GCS,1.000
383.32,UAV-2,UAV-3,1.000
383.32,UAV-2,UAV-4,1.000
383.32,UAV-2,UAV-5,0.936
383.32,UAV-3,GCS,1.000
383.32,UAV-3,UAV-4,1.000
383.32,UAV-3,UAV-5,1.000
383.32,UAV-4,GCS,1.000
383.32,UAV-4,UAV-5,1.000
383.32,UAV-5,GCS,1.000
384.34,UAV-2,GCS,1.000
384.34,UAV-2,UAV-3,1.000
384.34,UAV-2,UAV-4,1.000
384.34,UAV-2,UAV-5,0.913
384.34,UAV-3,GCS,1.000
384.34,UAV-3,UAV-4,1.000
384.34,UAV-3,UAV-5,1.000
384.34,UAV-4,GCS,1.000
384.34,UAV-4,UAV-5,1.000
384.34,UAV-5,GCS,1.000
385.36,UAV-2,GCS,1.000
385.36,UAV-2,UAV-3,1.000
385.36,UAV-2,UAV-4,1.000
385.36,UAV-2,UAV-5,0.958
385.36,UAV-3,GCS,1.000
385.36,UAV-3,UAV-4,1.000
385.36,UAV-3,UAV-5,1.000
385.36,UAV-4,GCS,1.000
385.36,UAV-4,UAV-5,1.000
385.36,UAV-5,GCS,1.000
386.38,UAV-2,GCS,1.000
386.38,UAV-2,UAV-3,1.000
386.38,UAV-2,UAV-4,1.000
386.38,UAV-2,UAV-5,1.000
386.38,UAV-3,GCS,1.000
386.38,UAV-3,UAV-4,1.000
386.38,UAV-3,UAV-5,1.000
386.38,UAV-4,GCS,1.000
386.38,UAV-4,UAV-5,1.000
386.38,UAV-5,GCS,1.000
387.40,UAV-2,GCS,1.000
387.40,UAV-2,UAV-3,1.000
387.40,UAV-2,UAV-4,1.000
387.40,UAV-2,UAV-5,1.000
387.40,UAV-3,GCS,1.000
387.40,UAV-3,UAV-4,1.000
387.40,UAV-3,UAV-5,1.000
387.40,UAV-4,GCS,1.000
387.40,UAV-4,UAV-5,1.000
387.40,UAV-5,GCS,1.000
388.42,UAV-2,GCS,1.000
388.42,UAV-2,UAV-3,1.000
388.42,UAV-2,UAV-4,1.000
388.42,UAV-2,UAV-5,1.000
388.42,UAV-3,GCS,1.000
388.42,UAV-3,UAV-4,1.000
388.42,UAV-3,UAV-5,1.000
388.42,UAV-4,GCS,1.000
388.42,UAV-4,UAV-5,1.000
388.42,UAV-5,GCS,1.000
389.44,UAV-2,GCS,1.000
389.44,UAV-2,UAV-3,1.000
389.44,UAV-2,UAV-4,1.000
389.44,UAV-2,UAV-5,1.000
389.44,UAV-3,GCS,1.000
389.44,UAV-3,UAV-4,1.000
389.44,UAV-3,UAV-5,1.000
389.44,UAV-4,GCS,1.000
389.44,UAV-4,UAV-5,1.000
389.44,UAV-5,GCS,1.000
390.46,UAV-2,GCS,1.000
390.46,UAV-2,UAV-3,1.000
390.46,UAV-2,UAV-4,1.000
390.46,UAV-2,UAV-5,1.000
390.46,UAV-3,GCS,0.947
390.46,UAV-3,UAV-4,1.000
390.46,UAV-3,UAV-5,1.000
390.46,UAV-4,GCS,1.000
390.46,UAV-4,UAV-5,1.000
390.46,UAV-5,GCS,1.000
391.48,UAV-2,GCS,1.000
391.48,UAV-2,UAV-3,1.000
391.48,UAV-2,UAV-4,1.000
391.48,UAV-2,UAV-5,1.000
391.48,UAV-3,GCS,0.928
391.48,UAV-3,UAV-4,1.000
391.48,UAV-3,UAV-5,1.000
391.48,UAV-4,GCS,1.000
391.48,UAV-4,UAV-5,1.000
391.48,UAV-5,GCS,1.000
392.50,UAV-2,GCS,1.000
392.50,UAV-2,UAV-3,1.000
392.50,UAV-2,UAV-4,1.000
392.50,UAV-2,UAV-5,1.000
392.50,UAV-3,GCS,0.829
392.50,UAV-3,UAV-4,1.000
392.50,UAV-3,UAV-5,1.000
392.50,UAV-4,GCS,1.000
392.50,UAV-4,UAV-5,1.000
392.50,UAV-5,GCS,1.000
393.52,UAV-2,GCS,1.000
393.52,UAV-2,UAV-3,1.000
393.52,UAV-2,UAV-4,1.000
393.52,UAV-2,UAV-5,1.000
393.52,UAV-3,GCS,0.757
393.52,UAV-3,UAV-4,1.000
393.52,UAV-3,UAV-5,1.000
393.52,UAV-4,GCS,1.000
393.52,UAV-4,UAV-5,1.000
393.52,UAV-5,GCS,1.000
394.54,UAV-2,GCS,1.000
394.54,UAV-2,UAV-3,1.000
394.54,UAV-2,UAV-4,1.000
394.54,UAV-2,UAV-5,1.000
394.54,UAV-3,GCS,0.527
394.54,UAV-3,UAV-4,1.000
394.54,UAV-3,UAV-5,1.000
394.54,UAV-4,GCS,1.000
394.54,UAV-4,UAV-5,1.000
394.54,UAV-5,GCS,1.000
395.56,UAV-2,GCS,1.000
395.56,UAV-2,UAV-3,1.000
395.56,UAV-2,UAV-4,1.000
395.56,UAV-2,UAV-5,1.000
395.56,UAV-3,GCS,0.412
395.56,UAV-3,UAV-4,1.000
395.56,UAV-3,UAV-5,1.000
395.56,UAV-4,GCS,1.000
395.56,UAV-4,UAV-5,1.000
395.56,UAV-5,GCS,1.000
396.58,UAV-2,GCS,1.000
396.58,UAV-2,UAV-3,1.000
396.58,UAV-2,UAV-4,1.000
396.58,UAV-2,UAV-5,1.000
396.58,UAV-3,GCS,0.285
396.58,UAV-3,UAV-4,1.000
396.58,UAV-3,UAV-5,1.000
396.58,UAV-4,GCS,1.000
396.58,UAV-4,UAV-5,1.000
396.58,UAV-5,GCS,1.000
397.60,UAV-2,GCS,1.000
397.60,UAV-2,UAV-3,1.000
397.60,UAV-2,UAV-4,1.000
397.60,UAV-2,UAV-5,1.000
397.60,UAV-3,GCS,0.297
397.60,UAV-3,UAV-4,1.000
397.60,UAV-3,UAV-5,1.000
397.60,UAV-4,GCS,1.000
397.60,UAV-4,UAV-5,1.000
397.60,UAV-5,GCS,1.000
398.62,UAV-2,GCS,1.000
398.62,UAV-2,UAV-3,1.000
398.62,UAV-2,UAV-4,1.000
398.62,UAV-2,UAV-5,1.000
398.62,UAV-3,GCS,0.171
398.62,UAV-3,UAV-4,1.000
398.62,UAV-3,UAV-5,1.000
398.62,UAV-4,GCS,1.000
398.62,UAV-4,UAV-5,1.000
398.62,UAV-5,GCS,1.000
399.64,UAV-2,GCS,1.000
399.64,UAV-2,UAV-3,1.000
399.64,UAV-2,UAV-4,1.000
399.64,UAV-2,UAV-5,1.000
399.64,UAV-3,GCS,0.082
399.64,UAV-3,UAV-4,1.000
399.64,UAV-3,UAV-5,1.000
399.64,UAV-4,GCS,1.000
399.64,UAV-4,UAV-5,1.000
399.64,UAV-5,GCS,1.000
400.66,UAV-2,GCS,1.000
400.66,UAV-2,UAV-3,1.000
400.66,UAV-2,UAV-4,1.000
400.66,UAV-2,UAV-5,1.000
400.66,UAV-3,GCS,0.091
400.66,UAV-3,UAV-4,1.000
400.66,UAV-3,UAV-5,1.000
400.66,UAV-4,GCS,1.000
400.66,UAV-4,UAV-5,1.000
400.66,UAV-5,GCS,1.000
401.68,UAV-2,GCS,0.906
401.68,UAV-2,UAV-3,1.000
401.68,UAV-2,UAV-4,1.000
401.68,UAV-2,UAV-5,1.000
401.68,UAV-3,GCS,0.218
401.68,UAV-3,UAV-4,1.000
401.68,UAV-3,UAV-5,1.000
401.68,UAV-4,GCS,1.000
401.68,UAV-4,UAV-5,1.000
401.68,UAV-5,GCS,1.000
402.70,UAV-2,GCS,0.648
402.70,UAV-2,UAV-3,1.000
402.70,UAV-2,UAV-4,1.000
402.70,UAV-2,UAV-5,1.000
402.70,UAV-3,GCS,0.298
402.70,UAV-3,UAV-4,1.000
402.70,UAV-3,UAV-5,1.000
402.70,UAV-4,GCS,1.000
402.70,UAV-4,UAV-5,1.000
402.70,UAV-5,GCS,1.000
403.72,UAV-2,GCS,0.409
403.72,UAV-2,UAV-3,1.000
403.72,UAV-2,UAV-4,1.000
403.72,UAV-2,UAV-5,1.000
403.72,UAV-3,GCS,0.587
403.72,UAV-3,UAV-4,1.000
403.72,UAV-3,UAV-5,1.000
403.72,UAV-4,GCS,1.000
403.72,UAV-4,UAV-5,1.000
403.72,UAV-5,GCS,0.958
404.74,UAV-2,GCS,0.051
404.74,UAV-2,UAV-3,1.000
404.74,UAV-2,UAV-4,1.000
404.74,UAV-2,UAV-5,1.000
404.74,UAV-3,GCS,0.677
404.74,UAV-3,UAV-4,1.000
404.74,UAV-3,UAV-5,1.000
404.74,UAV-4,GCS,1.000
404.74,UAV-4,UAV-5,1.000
404.74,UAV-5,GCS,1.000
405.76,UAV-2,GCS,0.040
405.76,UAV-2,UAV-3,1.000
405.76,UAV-2,UAV-4,1.000
405.76,UAV-2,UAV-5,1.000
405.76,UAV-3,GCS,0.673
405.76,UAV-3,UAV-4,1.000
405.76,UAV-3,UAV-5,1.000
405.76,UAV-4,GCS,1.000
405.76,UAV-4,UAV-5,1.000
405.76,UAV-5,GCS,1.000
406.78,UAV-2,GCS,0.021
406.78,UAV-2,UAV-3,1.000
406.78,UAV-2,UAV-4,1.000
406.78,UAV-2,UAV-5,1.000
406.78,UAV-3,GCS,0.706
406.78,UAV-3,UAV-4,1.000
406.78,UAV-3,UAV-5,1.000
406.78,UAV-4,GCS,1.000
406.78,UAV-4,UAV-5,1.000
406.78,UAV-5,GCS,0.918
407.80,UAV-2,GCS,0.018
407.80,UAV-2,UAV-3,1.000
407.80,UAV-2,UAV-4,1.000
407.80,UAV-2,UAV-5,1.000
407.80,UAV-3,GCS,0.950
407.80,UAV-3,UAV-4,1.000
407.80,UAV-3,UAV-5,1.000
407.80,UAV-4,GCS,1.000
407.80,UAV-4,UAV-5,1.000
407.80,UAV-5,GCS,1.000
408.82,UAV-2,GCS,0.000
408.82,UAV-2,UAV-3,1.000
408.82,UAV-2,UAV-4,1.000
408.82,UAV-2,UAV-5,1.000
408.82,UAV-3,GCS,0.974
408.82,UAV-3,UAV-4,1.000
408.82,UAV-3,UAV-5,1.000
408.82,UAV-4,GCS,1.000
408.82,UAV-4,UAV-5,1.000
408.82,UAV-5,GCS,0.974
409.84,UAV-2,GCS,0.081
409.84,UAV-2,UAV-3,1.000
409.84,UAV-2,UAV-4,1.000
409.84,UAV-2,UAV-5,1.000
409.84,UAV-3,GCS,0.955
409.84,UAV-3,UAV-4,1.000
409.84,UAV-3,UAV-5,1.000
409.84,UAV-4,GCS,1.000
409.84,UAV-4,UAV-5,1.000
409.84,UAV-5,GCS,1.000
410.86,UAV-2,GCS,0.062
410.86,UAV-2,UAV-3,1.000
410.86,UAV-2,UAV-4,1.000
410.86,UAV-2,UAV-5,1.000
410.86,UAV-3,GCS,0.963
410.86,UAV-3,UAV-4,1.000
410.86,UAV-3,UAV-5,1.000
410.86,UAV-4,GCS,1.000
410.86,UAV-4,UAV-5,1.000
410.86,UAV-5,GCS,1.000
411.88,UAV-2,GCS,0.282
411.88,UAV-2,UAV-3,1.000
411.88,UAV-2,UAV-4,1.000
411.88,UAV-2,UAV-5,1.000
411.88,UAV-3,GCS,1.000
411.88,UAV-3,UAV-4,1.000
411.88,UAV-3,UAV-5,1.000
411.88,UAV-4,GCS,1.000
411.88,UAV-4,UAV-5,1.000
411.88,UAV-5,GCS,1.000
412.90,UAV-2,GCS,0.221
412.90,UAV-2,UAV-3,1.000
412.90,UAV-2,UAV-4,1.000
412.90,UAV-2,UAV-5,1.000
412.90,UAV-3,GCS,1.000
412.90,UAV-3,UAV-4,1.000
412.90,UAV-3,UAV-5,1.000
412.90,UAV-4,GCS,1.000
412.90,UAV-4,UAV-5,1.000
412.90,UAV-5,GCS,1.000
413.92,UAV-2,GCS,0.575
413.92,UAV-2,UAV-3,1.000
413.92,UAV-2,UAV-4,1.000
413.92,UAV-2,UAV-5,1.000
413.92,UAV-3,GCS,1.000
413.92,UAV-3,UAV-4,1.000
413.92,UAV-3,UAV-5,1.000
413.92,UAV-4,GCS,1.000
413.92,UAV-4,UAV-5,1.000
413.92,UAV-5,GCS,1.000
414.94,UAV-2,GCS,0.442
414.94,UAV-2,UAV-3,1.000
414.94,UAV-2,UAV-4,1.000
414.94,UAV-2,UAV-5,1.000
414.94,UAV-3,GCS,0.980
414.94,UAV-3,UAV-4,1.000
414.94,UAV-3,UAV-5,1.000
414.94,UAV-4,GCS,1.000
414.94,UAV-4,UAV-5,1.000
414.94,UAV-5,GCS,1.000
415.96,UAV-2,GCS,0.261
415.96,UAV-2,UAV-3,1.000
415.96,UAV-2,UAV-4,1.000
415.96,UAV-2,UAV-5,1.000
415.96,UAV-3,GCS,0.999
415.96,UAV-3,UAV-4,1.000
415.96,UAV-3,UAV-5,1.000
415.96,UAV-4,GCS,1.000
415.96,UAV-4,UAV-5,1.000
415.96,UAV-5,GCS,1.000
416.98,UAV-2,GCS,0.089
416.98,UAV-2,UAV-3,1.000
416.98,UAV-2,UAV-4,1.000
416.98,UAV-2,UAV-5,1.000
416.98,UAV-3,GCS,0.998
416.98,UAV-3,UAV-4,1.000
416.98,UAV-3,UAV-5,1.000
416.98,UAV-4,GCS,1.000
416.98,UAV-4,UAV-5,1.000
416.98,UAV-5,GCS,1.000
418.00,UAV-2,GCS,0.002
418.00,UAV-2,UAV-3,1.000
418.00,UAV-2,UAV-4,1.000
418.00,UAV-2,UAV-5,1.000
418.00,UAV-3,GCS,1.000
418.00,UAV-3,UAV-4,1.000
418.00,UAV-3,UAV-5,1.000
418.00,UAV-4,GCS,1.000
418.00,UAV-4,UAV-5,1.000
418.00,UAV-5,GCS,1.000
419.02,UAV-2,GCS,0.000
419.02,UAV-2,UAV-3,1.000
419.02,UAV-2,UAV-4,1.000
419.02,UAV-2,UAV-5,1.000
419.02,UAV-3,GCS,1.000
419.02,UAV-3,UAV-4,1.000
419.02,UAV-3,UAV-5,1.000
419.02,UAV-4,GCS,1.000
419.02,UAV-4,UAV-5,1.000
419.02,UAV-5,GCS,1.000
420.04,UAV-2,GCS,0.000
420.04,UAV-2,UAV-3,1.000
420.04,UAV-2,UAV-4,1.000
420.04,UAV-2,UAV-5,1.000
420.04,UAV-3,GCS,0.969
420.04,UAV-3,UAV-4,1.000
420.04,UAV-3,UAV-5,1.000
420.04,UAV-4,GCS,1.000
420.04,UAV-4,UAV-5,1.000
420.04,UAV-5,GCS,1.000
421.06,UAV-2,GCS,0.000
421.06,UAV-2,UAV-3,1.000
421.06,UAV-2,UAV-4,1.000
421.06,UAV-2,UAV-5,1.000
421.06,UAV-3,GCS,0.655
421.06,UAV-3,UAV-4,1.000
421.06,UAV-3,UAV-5,1.000
421.06,UAV-4,GCS,1.000
421.06,UAV-4,UAV-5,1.000
421.06,UAV-5,GCS,1.000
422.08,UAV-2,GCS,0.000
422.08,UAV-2,UAV-3,1.000
422.08,UAV-2,UAV-4,1.000
422.08,UAV-2,UAV-5,1.000
422.08,UAV-3,GCS,0.525
422.08,UAV-3,UAV-4,1.000
422.08,UAV-3,UAV-5,1.000
422.08,UAV-4,GCS,1.000
422.08,UAV-4,UAV-5,1.000
422.08,UAV-5,GCS,0.996
423.10,UAV-2,GCS,0.000
423.10,UAV-2,UAV-3,1.000
423.10,UAV-2,UAV-4,1.000
423.10,UAV-2,UAV-5,1.000
423.10,UAV-3,GCS,0.102
423.10,UAV-3,UAV-4,1.000
423.10,UAV-3,UAV-5,1.000
423.10,UAV-4,GCS,1.000
423.10,UAV-4,UAV-5,1.000
423.10,UAV-5,GCS,1.000
424.12,UAV-2,GCS,0.000
424.12,UAV-2,UAV-3,1.000
424.12,UAV-2,UAV-4,1.000
424.12,UAV-2,UAV-5,1.000
424.12,UAV-3,GCS,0.309
424.12,UAV-3,UAV-4,1.000
424.12,UAV-3,UAV-5,1.000
424.12,UAV-4,GCS,1.000
424.12,UAV-4,UAV-5,1.000
424.12,UAV-5,GCS,1.000
425.14,UAV-2,GCS,0.000
425.14,UAV-2,UAV-3,1.000
425.14,UAV-2,UAV-4,1.000
425.14,UAV-2,UAV-5,1.000
425.14,UAV-3,GCS,0.225
425.14,UAV-3,UAV-4,1.000
425.14,UAV-3,UAV-5,1.000
425.14,UAV-4,GCS,1.000
425.14,UAV-4,UAV-5,1.000
425.14,UAV-5,GCS,1.000
426.16,UAV-2,GCS,0.000
426.16,UAV-2,UAV-3,1.000
426.16,UAV-2,UAV-4,1.000
426.16,UAV-2,UAV-5,1.000
426.16,UAV-3,GCS,0.160
426.16,UAV-3,UAV-4,1.000
426.16,UAV-3,UAV-5,1.000
426.16,UAV-4,GCS,1.000
426.16,UAV-4,UAV-5,1.000
426.16,UAV-5,GCS,1.000
427.18,UAV-2,GCS,0.000
427.18,UAV-2,UAV-3,1.000
427.18,UAV-2,UAV-4,1.000
427.18,UAV-2,UAV-5,1.000
427.18,UAV-3,GCS,0.177
427.18,UAV-3,UAV-4,1.000
427.18,UAV-3,UAV-5,1.000
427.18,UAV-4,GCS,1.000
427.18,UAV-4,UAV-5,1.000
427.18,UAV-5,GCS,1.000
428.20,UAV-2,GCS,0.000
428.20,UAV-2,UAV-3,1.000
428.20,UAV-2,UAV-4,1.000
428.20,UAV-2,UAV-5,1.000
428.20,UAV-3,GCS,0.123
428.20,UAV-3,UAV-4,1.000
428.20,UAV-3,UAV-5,1.000
428.20,UAV-4,GCS,1.000
428.20,UAV-4,UAV-5,1.000
428.20,UAV-5,GCS,1.000
429.22,UAV-2,GCS,0.010
429.22,UAV-2,UAV-3,1.000
429.22,UAV-2,UAV-4,1.000
429.22,UAV-2,UAV-5,1.000
429.22,UAV-3,GCS,0.187
429.22,UAV-3,UAV-4,1.000
429.22,UAV-3,UAV-5,1.000
429.22,UAV-4,GCS,1.000
429.22,UAV-4,UAV-5,1.000
429.22,UAV-5,GCS,1.000
430.24,UAV-2,GCS,0.006
430.24,UAV-2,UAV-3,1.000
430.24,UAV-2,UAV-4,1.000
430.24,UAV-2,UAV-5,1.000
430.24,UAV-3,GCS,0.059
430.24,UAV-3,UAV-4,1.000
430.24,UAV-3,UAV-5,1.000
430.24,UAV-4,GCS,1.000
430.24,UAV-4,UAV-5,1.000
430.24,UAV-5,GCS,1.000
431.26,UAV-2,GCS,0.024
431.26,UAV-2,UAV-3,1.000
431.26,UAV-2,UAV-4,1.000
431.26,UAV-2,UAV-5,1.000
431.26,UAV-3,GCS,0.186
431.26,UAV-3,UAV-4,1.000
431.26,UAV-3,UAV-5,1.000
431.26,UAV-4,GCS,1.000
431.26,UAV-4,UAV-5,1.000
431.26,UAV-5,GCS,1.000
432.28,UAV-2,GCS,0.000
432.28,UAV-2,UAV-3,1.000
432.28,UAV-2,UAV-4,1.000
432.28,UAV-2,UAV-5,1.000
432.28,UAV-3,GCS,0.113
432.28,UAV-3,UAV-4,1.000
432.28,UAV-3,UAV-5,1.000
432.28,UAV-4,GCS,1.000
432.28,UAV-4,UAV-5,1.000
432.28,UAV-5,GCS,1.000
433.30,UAV-2,GCS,0.000
433.30,UAV-2,UAV-3,1.000
433.30,UAV-2,UAV-4,1.000
433.30,UAV-2,UAV-5,1.000
433.30,UAV-3,GCS,0.153
433.30,UAV-3,UAV-4,1.000
433.30,UAV-3,UAV-5,1.000
433.30,UAV-4,GCS,1.000
433.30,UAV-4,UAV-5,1.000
433.30,UAV-5,GCS,1.000
434.32,UAV-2,GCS,0.000
434.32,UAV-2,UAV-3,1.000
434.32,UAV-2,UAV-4,1.000
434.32,UAV-2,UAV-5,1.000
434.32,UAV-3,GCS,0.165
434.32,UAV-3,UAV-4,1.000
434.32,UAV-3,UAV-5,1.000
434.32,UAV-4,GCS,1.000
434.32,UAV-4,UAV-5,1.000
434.32,UAV-5,GCS,1.000
435.34,UAV-2,GCS,0.000
435.34,UAV-2,UAV-3,1.000
435.34,UAV-2,UAV-4,1.000
435.34,UAV-2,UAV-5,1.000
435.34,UAV-3,GCS,0.172
435.34,UAV-3,UAV-4,1.000
435.34,UAV-3,UAV-5,1.000
435.34,UAV-4,GCS,1.000
435.34,UAV-4,UAV-5,1.000
435.34,UAV-5,GCS,1.000
436.36,UAV-2,GCS,0.000
436.36,UAV-2,UAV-3,1.000
436.36,UAV-2,UAV-4,1.000
436.36,UAV-2,UAV-5,1.000
436.36,UAV-3,GCS,0.148
436.36,UAV-3,UAV-4,1.000
436.36,UAV-3,UAV-5,1.000
436.36,UAV-4,GCS,1.000
436.36,UAV-4,UAV-5,1.000
436.36,UAV-5,GCS,1.000
437.38,UAV-2,GCS,0.000
437.38,UAV-2,UAV-3,1.000
437.38,UAV-2,UAV-4,1.000
437.38,UAV-2,UAV-5,1.000
437.38,UAV-3,GCS,0.122
437.38,UAV-3,UAV-4,1.000
437.38,UAV-3,UAV-5,1.000
437.38,UAV-4,GCS,1.000
437.38,UAV-4,UAV-5,1.000
437.38,UAV-5,GCS,1.000
438.40,UAV-2,GCS,0.000
438.40,UAV-2,UAV-3,1.000
438.40,UAV-2,UAV-4,1.000
438.40,UAV-2,UAV-5,1.000
438.40,UAV-3,GCS,0.411
438.40,UAV-3,UAV-4,1.000
438.40,UAV-3,UAV-5,1.000
438.40,UAV-4,GCS,0.794
438.40,UAV-4,UAV-5,1.000
438.40,UAV-5,GCS,1.000
439.42,UAV-2,GCS,0.000
439.42,UAV-2,UAV-3,1.000
439.42,UAV-2,UAV-4,1.000
439.42,UAV-2,UAV-5,1.000
439.42,UAV-3,GCS,0.566
439.42,UAV-3,UAV-4,1.000
439.42,UAV-3,UAV-5,1.000
439.42,UAV-4,GCS,0.431
439.42,UAV-4,UAV-5,1.000
439.42,UAV-5,GCS,1.000
440.44,UAV-2,GCS,0.000
440.44,UAV-2,UAV-3,1.000
440.44,UAV-2,UAV-4,1.000
440.44,UAV-2,UAV-5,1.000
440.44,UAV-3,GCS,0.871
440.44,UAV-3,UAV-4,1.000
440.44,UAV-3,UAV-5,1.000
440.44,UAV-4,GCS,0.263
440.44,UAV-4,UAV-5,1.000
440.44,UAV-5,GCS,1.000
441.46,UAV-2,GCS,0.000
441.46,UAV-2,UAV-3,1.000
441.46,UAV-2,UAV-4,1.000
441.46,UAV-2,UAV-5,1.000
441.46,UAV-3,GCS,0.998
441.46,UAV-3,UAV-4,1.000
441.46,UAV-3,UAV-5,1.000
441.46,UAV-4,GCS,0.003
441.46,UAV-4,UAV-5,1.000
441.46,UAV-5,GCS,1.000
442.48,UAV-2,GCS,0.000
442.48,UAV-2,UAV-3,1.000
442.48,UAV-2,UAV-4,1.000
442.48,UAV-2,UAV-5,1.000
442.48,UAV-3,GCS,1.000
442.48,UAV-3,UAV-4,1.000
442.48,UAV-3,UAV-5,1.000
442.48,UAV-4,GCS,0.000
442.48,UAV-4,UAV-5,1.000
442.48,UAV-5,GCS,1.000
443.50,UAV-2,GCS,0.000
443.50,UAV-2,UAV-3,1.000
443.50,UAV-2,UAV-4,1.000
443.50,UAV-2,UAV-5,1.000
443.50,UAV-3,GCS,1.000
443.50,UAV-3,UAV-4,1.000
443.50,UAV-3,UAV-5,1.000
443.50,UAV-4,GCS,0.000
443.50,UAV-4,UAV-5,1.000
443.50,UAV-5,GCS,1.000
444.52,UAV-2,GCS,0.000
444.52,UAV-2,UAV-3,1.000
444.52,UAV-2,UAV-4,1.000
444.52,UAV-2,UAV-5,1.000
444.52,UAV-3,GCS,1.000
444.52,UAV-3,UAV-4,1.000
444.52,UAV-3,UAV-5,1.000
444.52,UAV-4,GCS,0.000
444.52,UAV-4,UAV-5,1.000
444.52,UAV-5,GCS,1.000
445.54,UAV-2,GCS,0.000
445.54,UAV-2,UAV-3,1.000
445.54,UAV-2,UAV-4,1.000
445.54,UAV-2,UAV-5,1.000
445.54,UAV-3,GCS,1.000
445.54,UAV-3,UAV-4,1.000
445.54,UAV-3,UAV-5,1.000
445.54,UAV-4,GCS,0.000
445.54,UAV-4,UAV-5,1.000
445.54,UAV-5,GCS,1.000
446.56,UAV-2,GCS,0.000
446.56,UAV-2,UAV-3,1.000
446.56,UAV-2,UAV-4,1.000
446.56,UAV-2,UAV-5,1.000
446.56,UAV-3,GCS,1.000
446.56,UAV-3,UAV-4,1.000
446.56,UAV-3,UAV-5,1.000
446.56,UAV-4,GCS,0.000
446.56,UAV-4,UAV-5,1.000
446.56,UAV-5,GCS,1.000
447.58,UAV-2,GCS,0.000
447.58,UAV-2,UAV-3,1.000
447.58,UAV-2,UAV-4,1.000
447.58,UAV-2,UAV-5,1.000
447.58,UAV-3,GCS,1.000
447.58,UAV-3,UAV-4,1.000
447.58,UAV-3,UAV-5,1.000
447.58,UAV-4,GCS,0.000
447.58,UAV-4,UAV-5,1.000
447.58,UAV-5,GCS,1.000
448.60,UAV-2,GCS,0.000
448.60,UAV-2,UAV-3,1.000
448.60,UAV-2,UAV-4,1.000
448.60,UAV-2,UAV-5,1.000
448.60,UAV-3,GCS,1.000
448.60,UAV-3,UAV-4,1.000
448.60,UAV-3,UAV-5,1.000
448.60,UAV-4,GCS,0.000
448.60,UAV-4,UAV-5,1.000
448.60,UAV-5,GCS,1.000
449.62,UAV-2,GCS,0.000
449.62,UAV-2,UAV-3,1.000
449.62,UAV-2,UAV-4,1.000
449.62,UAV-2,UAV-5,1.000
449.62,UAV-3,GCS,1.000
449.62,UAV-3,UAV-4,1.000
449.62,UAV-3,UAV-5,1.000
449.62,UAV-4,GCS,0.000
449.62,UAV-4,UAV-5,1.000
449.62,UAV-5,GCS,1.000
450.64,UAV-2,GCS,0.000
450.64,UAV-2,UAV-3,1.000
450.64,UAV-2,UAV-4,1.000
450.64,UAV-2,UAV-5,1.000
450.64,UAV-3,GCS,1.000
450.64,UAV-3,UAV-4,1.000
450.64,UAV-3,UAV-5,1.000
450.64,UAV-4,GCS,0.000
450.64,UAV-4,UAV-5,1.000
450.64,UAV-5,GCS,1.000
451.66,UAV-2,GCS,0.000
451.66,UAV-2,UAV-3,1.000
451.66,UAV-2,UAV-4,1.000
451.66,UAV-2,UAV-5,1.000
451.66,UAV-3,GCS,1.000
451.66,UAV-3,UAV-4,1.000
451.66,UAV-3,UAV-5,1.000
451.66,UAV-4,GCS,0.000
451.66,UAV-4,UAV-5,1.000
451.66,UAV-5,GCS,1.000
452.68,UAV-2,GCS,0.000
452.68,UAV-2,UAV-3,1.000
452.68,UAV-2,UAV-4,1.000
452.68,UAV-2,UAV-5,1.000
452.68,UAV-3,GCS,1.000
452.68,UAV-3,UAV-4,1.000
452.68,UAV-3,UAV-5,1.000
452.68,UAV-4,GCS,0.000
452.68,UAV-4,UAV-5,1.000
452.68,UAV-5,GCS,1.000
453.70,UAV-2,GCS,0.000
453.70,UAV-2,UAV-3,1.000
453.70,UAV-2,UAV-4,1.000
453.70,UAV-2,UAV-5,1.000
453.70,UAV-3,GCS,1.000
453.70,UAV-3,UAV-4,1.000
453.70,UAV-3,UAV-5,1.000
453.70,UAV-4,GCS,0.000
453.70,UAV-4,UAV-5,1.000
453.70,UAV-5,GCS,1.000
454.72,UAV-2,GCS,0.000
454.72,UAV-2,UAV-3,1.000
454.72,UAV-2,UAV-4,1.000
454.72,UAV-2,UAV-5,1.000
454.72,UAV-3,GCS,1.000
454.72,UAV-3,UAV-4,1.000
454.72,UAV-3,UAV-5,1.000
454.72,UAV-4,GCS,0.000
454.72,UAV-4,UAV-5,1.000
454.72,UAV-5,GCS,1.000
455.74,UAV-2,GCS,0.000
455.74,UAV-2,UAV-3,1.000
455.74,UAV-2,UAV-4,1.000
455.74,UAV-2,UAV-5,1.000
455.74,UAV-3,GCS,1.000
455.74,UAV-3,UAV-4,1.000
455.74,UAV-3,UAV-5,1.000
455.74,UAV-4,GCS,0.000
455.74,UAV-4,UAV-5,1.000
455.74,UAV-5,GCS,1.000
456.76,UAV-2,GCS,0.000
456.76,UAV-2,UAV-3,1.000
456.76,UAV-2,UAV-4,1.000
456.76,UAV-2,UAV-5,1.000
456.76,UAV-3,GCS,1.000
456.76,UAV-3,UAV-4,1.000
456.76,UAV-3,UAV-5,1.000
456.76,UAV-4,GCS,0.000
456.76,UAV-4,UAV-5,1.000
456.76,UAV-5,GCS,1.000
457.78,UAV-2,GCS,0.000
457.78,UAV-2,UAV-3,1.000
457.78,UAV-2,UAV-4,1.000
457.78,UAV-2,UAV-5,1.000
457.78,UAV-3,GCS,1.000
457.78,UAV-3,UAV-4,1.000
457.78,UAV-3,UAV-5,1.000
457.78,UAV-4,GCS,0.000
457.78,UAV-4,UAV-5,1.000
457.78,UAV-5,GCS,1.000
458.80,UAV-2,GCS,0.000
458.80,UAV-2,UAV-3,1.000
458.80,UAV-2,UAV-4,1.000
458.80,UAV-2,UAV-5,1.000
458.80,UAV-3,GCS,1.000
458.80,UAV-3,UAV-4,1.000
458.80,UAV-3,UAV-5,1.000
458.80,UAV-4,GCS,0.000
458.80,UAV-4,UAV-5,1.000
458.80,UAV-5,GCS,1.000
459.82,UAV-2,GCS,0.000
459.82,UAV-2,UAV-3,1.000
459.82,UAV-2,UAV-4,1.000
459.82,UAV-2,UAV-5,1.000
459.82,UAV-3,GCS,1.000
459.82,UAV-3,UAV-4,1.000
459.82,UAV-3,UAV-5,1.000
459.82,UAV-4,GCS,0.000
459.82,UAV-4,UAV-5,1.000
459.82,UAV-5,GCS,1.000
460.84,UAV-2,GCS,0.001
460.84,UAV-2,UAV-3,1.000
460.84,UAV-2,UAV-4,1.000
460.84,UAV-2,UAV-5,1.000
460.84,UAV-3,GCS,1.000
460.84,UAV-3,UAV-4,1.000
460.84,UAV-3,UAV-5,1.000
460.84,UAV-4,GCS,0.000
460.84,UAV-4,UAV-5,1.000
460.84,UAV-5,GCS,1.000
461.86,UAV-2,GCS,0.195
461.86,UAV-2,UAV-3,1.000
461.86,UAV-2,UAV-4,1.000
461.86,UAV-2,UAV-5,1.000
461.86,UAV-3,GCS,1.000
461.86,UAV-3,UAV-4,1.000
461.86,UAV-3,UAV-5,1.000
461.86,UAV-4,GCS,0.000
461.86,UAV-4,UAV-5,1.000
461.86,UAV-5,GCS,1.000
462.88,UAV-2,GCS,0.435
462.88,UAV-2,UAV-3,1.000
462.88,UAV-2,UAV-4,1.000
462.88,UAV-2,UAV-5,1.000
462.88,UAV-3,GCS,1.000
462.88,UAV-3,UAV-4,1.000
462.88,UAV-3,UAV-5,1.000
462.88,UAV-4,GCS,0.000
462.88,UAV-4,UAV-5,1.000
462.88,UAV-5,GCS,1.000
463.90,UAV-2,GCS,0.581
463.90,UAV-2,UAV-3,1.000
463.90,UAV-2,UAV-4,1.000
463.90,UAV-2,UAV-5,1.000
463.90,UAV-3,GCS,1.000
463.90,UAV-3,UAV-4,1.000
463.90,UAV-3,UAV-5,1.000
463.90,UAV-4,GCS,0.000
463.90,UAV-4,UAV-5,1.000
463.90,UAV-5,GCS,1.000
464.92,UAV-2,GCS,0.853
464.92,UAV-2,UAV-3,1.000
464.92,UAV-2,UAV-4,1.000
464.92,UAV-2,UAV-5,1.000
464.92,UAV-3,GCS,1.000
464.92,UAV-3,UAV-4,1.000
464.92,UAV-3,UAV-5,1.000
464.92,UAV-4,GCS,0.000
464.92,UAV-4,UAV-5,1.000
464.92,UAV-5,GCS,1.000
465.94,UAV-2,GCS,0.970
465.94,UAV-2,UAV-3,1.000
465.94,UAV-2,UAV-4,1.000
465.94,UAV-2,UAV-5,1.000
465.94,UAV-3,GCS,1.000
465.94,UAV-3,UAV-4,1.000
465.94,UAV-3,UAV-5,1.000
465.94,UAV-4,GCS,0.000
465.94,UAV-4,UAV-5,1.000
465.94,UAV-5,GCS,1.000
466.96,UAV-2,GCS,1.000
466.96,UAV-2,UAV-3,1.000
466.96,UAV-2,UAV-4,1.000
466.96,UAV-2,UAV-5,1.000
466.96,UAV-3,GCS,1.000
466.96,UAV-3,UAV-4,1.000
466.96,UAV-3,UAV-5,1.000
466.96,UAV-4,GCS,0.000
466.96,UAV-4,UAV-5,1.000
466.96,UAV-5,GCS,1.000
467.98,UAV-2,GCS,1.000
467.98,UAV-2,UAV-3,1.000
467.98,UAV-2,UAV-4,1.000
467.98,UAV-2,UAV-5,1.000
467.98,UAV-3,GCS,1.000
467.98,UAV-3,UAV-4,1.000
467.98,UAV-3,UAV-5,1.000
467.98,UAV-4,GCS,0.000
467.98,UAV-4,UAV-5,1.000
467.98,UAV-5,GCS,1.000
469.00,UAV-2,GCS,1.000
469.00,UAV-2,UAV-3,1.000
469.00,UAV-2,UAV-4,1.000
469.00,UAV-2,UAV-5,1.000
469.00,UAV-3,GCS,1.000
469.00,UAV-3,UAV-4,1.000
469.00,UAV-3,UAV-5,1.000
469.00,UAV-4,GCS,0.000
469.00,UAV-4,UAV-5,1.000
469.00,UAV-5,GCS,1.000
470.02,UAV-2,GCS,1.000
470.02,UAV-2,UAV-3,1.000
470.02,UAV-2,UAV-4,1.000
470.02,UAV-2,UAV-5,1.000
470.02,UAV-3,GCS,1.000
470.02,UAV-3,UAV-4,1.000
470.02,UAV-3,UAV-5,1.000
470.02,UAV-4,GCS,0.000
470.02,UAV-4,UAV-5,1.000
470.02,UAV-5,GCS,1.000
471.04,UAV-2,GCS,1.000
471.04,UAV-2,UAV-3,1.000
471.04,UAV-2,UAV-4,1.000
471.04,UAV-2,UAV-5,1.000
471.04,UAV-3,GCS,1.000
471.04,UAV-3,UAV-4,1.000
471.04,UAV-3,UAV-5,1.000
471.04,UAV-4,GCS,0.000
471.04,UAV-4,UAV-5,1.000
471.04,UAV-5,GCS,1.000
472.06,UAV-2,GCS,1.000
472.06,UAV-2,UAV-3,1.000
472.06,UAV-2,UAV-4,1.000
472.06,UAV-2,UAV-5,1.000
472.06,UAV-3,GCS,1.000
472.06,UAV-3,UAV-4,1.000
472.06,UAV-3,UAV-5,1.000
472.06,UAV-4,GCS,0.000
472.06,UAV-4,UAV-5,1.000
472.06,UAV-5,GCS,1.000
473.08,UAV-2,GCS,1.000
473.08,UAV-2,UAV-3,1.000
473.08,UAV-2,UAV-4,1.000
473.08,UAV-2,UAV-5,1.000
473.08,UAV-3,GCS,1.000
473.08,UAV-3,UAV-4,1.000
473.08,UAV-3,UAV-5,1.000
473.08,UAV-4,GCS,0.000
473.08,UAV-4,UAV-5,1.000
473.08,UAV-5,GCS,1.000
474.10,UAV-2,GCS,1.000
474.10,UAV-2,UAV-3,1.000
474.10,UAV-2,UAV-4,1.000
474.10,UAV-2,UAV-5,1.000
474.10,UAV-3,GCS,1.000
474.10,UAV-3,UAV-4,1.000
474.10,UAV-3,UAV-5,1.000
474.10,UAV-4,GCS,0.000
474.10,UAV-4,UAV-5,1.000
474.10,UAV-5,GCS,1.000
475.12,UAV-2,GCS,1.000
475.12,UAV-2,UAV-3,1.000
475.12,UAV-2,UAV-4,1.000
475.12,UAV-2,UAV-5,1.000
475.12,UAV-3,GCS,1.000
475.12,UAV-3,UAV-4,1.000
475.12,UAV-3,UAV-5,1.000
475.12,UAV-4,GCS,0.000
475.12,UAV-4,UAV-5,1.000
475.12,UAV-5,GCS,1.000
476.14,UAV-2,GCS,1.000
476.14,UAV-2,UAV-3,1.000
476.14,UAV-2,UAV-4,1.000
476.14,UAV-2,UAV-5,1.000
476.14,UAV-3,GCS,1.000
476.14,UAV-3,UAV-4,1.000
476.14,UAV-3,UAV-5,1.000
476.14,UAV-4,GCS,0.000
476.14,UAV-4,UAV-5,1.000
476.14,UAV-5,GCS,1.000
477.16,UAV-2,GCS,1.000
477.16,UAV-2,UAV-3,1.000
477.16,UAV-2,UAV-4,1.000
477.16,UAV-2,UAV-5,1.000
477.16,UAV-3,GCS,1.000
477.16,UAV-3,UAV-4,1.000
477.16,UAV-3,UAV-5,1.000
477.16,UAV-4,GCS,0.000
477.16,UAV-4,UAV-5,1.000
477.16,UAV-5,GCS,1.000
478.18,UAV-2,GCS,1.000
478.18,UAV-2,UAV-3,1.000
478.18,UAV-2,UAV-4,1.000
478.18,UAV-2,UAV-5,1.000
478.18,UAV-3,GCS,1.000
478.18,UAV-3,UAV-4,1.000
478.18,UAV-3,UAV-5,1.000
478.18,UAV-4,GCS,0.092
478.18,UAV-4,UAV-5,1.000
478.18,UAV-5,GCS,1.000
479.20,UAV-2,GCS,1.000
479.20,UAV-2,UAV-3,1.000
479.20,UAV-2,UAV-4,1.000
479.20,UAV-2,UAV-5,1.000
479.20,UAV-3,GCS,1.000
479.20,UAV-3,UAV-4,1.000
479.20,UAV-3,UAV-5,1.000
479.20,UAV-4,GCS,0.336
479.20,UAV-4,UAV-5,1.000
479.20,UAV-5,GCS,1.000
480.22,UAV-2,GCS,1.000
480.22,UAV-2,UAV-3,1.000
480.22,UAV-2,UAV-4,1.000
480.22,UAV-2,UAV-5,1.000
480.22,UAV-3,GCS,1.000
480.22,UAV-3,UAV-4,1.000
480.22,UAV-3,UAV-5,1.000
480.22,UAV-4,GCS,0.511
480.22,UAV-4,UAV-5,1.000
480.22,UAV-5,GCS,1.000
481.24,UAV-2,GCS,1.000
481.24,UAV-2,UAV-3,1.000
481.24,UAV-2,UAV-4,1.000
481.24,UAV-2,UAV-5,1.000
481.24,UAV-3,GCS,1.000
481.24,UAV-3,UAV-4,1.000
481.24,UAV-3,UAV-5,1.000
481.24,UAV-4,GCS,0.892
481.24,UAV-4,UAV-5,1.000
481.24,UAV-5,GCS,1.000
482.26,UAV-2,GCS,1.000
482.26,UAV-2,UAV-3,1.000
482.26,UAV-2,UAV-4,1.000
482.26,UAV-2,UAV-5,1.000
482.26,UAV-3,GCS,1.000
482.26,UAV-3,UAV-4,1.000
482.26,UAV-3,UAV-5,1.000
482.26,UAV-4,GCS,1.000
482.26,UAV-4,UAV-5,1.000
482.26,UAV-5,GCS,1.000
483.28,UAV-2,GCS,1.000
483.28,UAV-2,UAV-3,1.000
483.28,UAV-2,UAV-4,1.000
483.28,UAV-2,UAV-5,1.000
483.28,UAV-3,GCS,1.000
483.28,UAV-3,UAV-4,1.000
483.28,UAV-3,UAV-5,1.000
483.28,UAV-4,GCS,1.000
483.28,UAV-4,UAV-5,1.000
483.28,UAV-5,GCS,1.000
484.30,UAV-2,GCS,1.000
484.30,UAV-2,UAV-3,1.000
484.30,UAV-2,UAV-4,1.000
484.30,UAV-2,UAV-5,1.000
484.30,UAV-3,GCS,1.000
484.30,UAV-3,UAV-4,1.000
484.30,UAV-3,UAV-5,1.000
484.30,UAV-4,GCS,1.000
484.30,UAV-4,UAV-5,1.000
484.30,UAV-5,GCS,1.000
485.32,UAV-2,GCS,1.000
485.32,UAV-2,UAV-3,1.000
485.32,UAV-2,UAV-4,1.000
485.32,UAV-2,UAV-5,1.000
485.32,UAV-3,GCS,1.000
485.32,UAV-3,UAV-4,1.000
485.32,UAV-3,UAV-5,1.000
485.32,UAV-4,GCS,1.000
485.32,UAV-4,UAV-5,1.000
485.32,UAV-5,GCS,1.000
486.34,UAV-2,GCS,1.000
486.34,UAV-2,UAV-3,1.000
486.34,UAV-2,UAV-4,1.000
486.34,UAV-2,UAV-5,1.000
486.34,UAV-3,GCS,1.000
486.34,UAV-3,UAV-4,1.000
486.34,UAV-3,UAV-5,1.000
486.34,UAV-4,GCS,1.000
486.34,UAV-4,UAV-5,1.000
486.34,UAV-5,GCS,1.000
487.36,UAV-2,GCS,1.000
487.36,UAV-2,UAV-3,1.000
487.36,UAV-2,UAV-4,1.000
487.36,UAV-2,UAV-5,1.000
487.36,UAV-3,GCS,1.000
487.36,UAV-3,UAV-4,1.000
487.36,UAV-3,UAV-5,1.000
487.36,UAV-4,GCS,1.000
487.36,UAV-4,UAV-5,1.000
487.36,UAV-5,GCS,1.000
488.38,UAV-2,GCS,1.000
488.38,UAV-2,UAV-3,1.000
488.38,UAV-2,UAV-4,1.000
488.38,UAV-2,UAV-5,1.000
488.38,UAV-3,GCS,1.000
488.38,UAV-3,UAV-4,1.000
488.38,UAV-3,UAV-5,1.000
488.38,UAV-4,GCS,1.000
488.38,UAV-4,UAV-5,1.000
488.38,UAV-5,GCS,1.000
489.40,UAV-2,GCS,1.000
489.40,UAV-2,UAV-3,1.000
489.40,UAV-2,UAV-4,1.000
489.40,UAV-2,UAV-5,1.000
489.40,UAV-3,GCS,1.000
489.40,UAV-3,UAV-4,1.000
489.40,UAV-3,UAV-5,1.000
489.40,UAV-4,GCS,1.000
489.40,UAV-4,UAV-5,1.000
489.40,UAV-5,GCS,1.000
490.42,UAV-2,GCS,1.000
490.42,UAV-2,UAV-3,1.000
490.42,UAV-2,UAV-4,1.000
490.42,UAV-2,UAV-5,1.000
490.42,UAV-3,GCS,1.000
490.42,UAV-3,UAV-4,1.000
490.42,UAV-3,UAV-5,1.000
490.42,UAV-4,GCS,1.000
490.42,UAV-4,UAV-5,1.000
490.42,UAV-5,GCS,1.000
491.44,UAV-2,GCS,1.000
491.44,UAV-2,UAV-3,1.000
491.44,UAV-2,UAV-4,1.000
491.44,UAV-2,UAV-5,1.000
491.44,UAV-3,GCS,1.000
491.44,UAV-3,UAV-4,1.000
491.44,UAV-3,UAV-5,1.000
491.44,UAV-4,GCS,1.000
491.44,UAV-4,UAV-5,1.000
491.44,UAV-5,GCS,1.000
492.46,UAV-2,GCS,1.000
492.46,UAV-2,UAV-3,1.000
492.46,UAV-2,UAV-4,1.000
492.46,UAV-2,UAV-5,1.000
492.46,UAV-3,GCS,1.000
492.46,UAV-3,UAV-4,1.000
492.46,UAV-3,UAV-5,1.000
492.46,UAV-4,GCS,1.000
492.46,UAV-4,UAV-5,1.000
492.46,UAV-5,GCS,1.000
493.48,UAV-2,GCS,1.000
493.48,UAV-2,UAV-3,1.000
493.48,UAV-2,UAV-4,1.000
493.48,UAV-2,UAV-5,1.000
493.48,UAV-3,GCS,1.000
493.48,UAV-3,UAV-4,1.000
493.48,UAV-3,UAV-5,1.000
493.48,UAV-4,GCS,1.000
493.48,UAV-4,UAV-5,1.000
493.48,UAV-5,GCS,1.000
494.50,UAV-2,GCS,1.000
494.50,UAV-2,UAV-3,1.000
494.50,UAV-2,UAV-4,1.000
494.50,UAV-2,UAV-5,1.000
494.50,UAV-3,GCS,1.000
494.50,UAV-3,UAV-4,1.000
494.50,UAV-3,UAV-5,1.000
494.50,UAV-4,GCS,1.000
494.50,UAV-4,UAV-5,1.000
494.50,UAV-5,GCS,1.000
495.52,UAV-2,GCS,1.000
495.52,UAV-2,UAV-3,1.000
495.52,UAV-2,UAV-4,1.000
495.52,UAV-2,UAV-5,1.000
495.52,UAV-3,GCS,1.000
495.52,UAV-3,UAV-4,1.000
495.52,UAV-3,UAV-5,1.000
495.52,UAV-4,GCS,1.000
495.52,UAV-4,UAV-5,1.000
495.52,UAV-5,GCS,1.000
496.54,UAV-2,GCS,1.000
496.54,UAV-2,UAV-3,1.000
496.54,UAV-2,UAV-4,1.000
496.54,UAV-2,UAV-5,1.000
496.54,UAV-3,GCS,1.000
496.54,UAV-3,UAV-4,1.000
496.54,UAV-3,UAV-5,1.000
496.54,UAV-4,GCS,1.000
496.54,UAV-4,UAV-5,1.000
496.54,UAV-5,GCS,1.000
497.56,UAV-2,GCS,1.000
497.56,UAV-2,UAV-3,1.000
497.56,UAV-2,UAV-4,1.000
497.56,UAV-2,UAV-5,1.000
497.56,UAV-3,GCS,1.000
497.56,UAV-3,UAV-4,1.000
497.56,UAV-3,UAV-5,1.000
497.56,UAV-4,GCS,1.000
497.56,UAV-4,UAV-5,1.000
497.56,UAV-5,GCS,1.000
498.58,UAV-2,GCS,1.000
498.58,UAV-2,UAV-3,1.000
498.58,UAV-2,UAV-4,1.000
498.58,UAV-2,UAV-5,1.000
498.58,UAV-3,GCS,1.000
498.58,UAV-3,UAV-4,1.000
498.58,UAV-3,UAV-5,1.000
498.58,UAV-4,GCS,1.000
498.58,UAV-4,UAV-5,1.000
498.58,UAV-5,GCS,1.000
499.60,UAV-2,GCS,1.000
499.60,UAV-2,UAV-3,1.000
499.60,UAV-2,UAV-4,1.000
499.60,UAV-2,UAV-5,1.000
499.60,UAV-3,GCS,1.000
499.60,UAV-3,UAV-4,1.000
499.60,UAV-3,UAV-5,1.000
499.60,UAV-4,GCS,1.000
499.60,UAV-4,UAV-5,1.000
499.60,UAV-5,GCS,1.000
500.62,UAV-2,GCS,1.000
500.62,UAV-2,UAV-3,1.000
500.62,UAV-2,UAV-4,1.000
500.62,UAV-2,UAV-5,1.000
500.62,UAV-3,GCS,1.000
500.62,UAV-3,UAV-4,1.000
500.62,UAV-3,UAV-5,1.000
500.62,UAV-4,GCS,1.000
500.62,UAV-4,UAV-5,1.000
500.62,UAV-5,GCS,1.000
501.64,UAV-2,GCS,1.000
501.64,UAV-2,UAV-3,1.000
501.64,UAV-2,UAV-4,1.000
501.64,UAV-2,UAV-5,1.000
501.64,UAV-3,GCS,1.000
501.64,UAV-3,UAV-4,1.000
501.64,UAV-3,UAV-5,1.000
501.64,UAV-4,GCS,1.000
501.64,UAV-4,UAV-5,1.000
501.64,UAV-5,GCS,1.000
502.66,UAV-2,GCS,1.000
502.66,UAV-2,UAV-3,1.000
502.66,UAV-2,UAV-4,1.000
502.66,UAV-2,UAV-5,1.000
502.66,UAV-3,GCS,1.000
502.66,UAV-3,UAV-4,1.000
502.66,UAV-3,UAV-5,1.000
502.66,UAV-4,GCS,1.000
502.66,UAV-4,UAV-5,1.000
502.66,UAV-5,GCS,1.000
503.68,UAV-2,GCS,1.000
503.68,UAV-2,UAV-3,1.000
503.68,UAV-2,UAV-4,1.000
503.68,UAV-2,UAV-5,1.000
503.68,UAV-3,GCS,1.000
503.68,UAV-3,UAV-4,1.000
503.68,UAV-3,UAV-5,1.000
503.68,UAV-4,GCS,1.000
503.68,UAV-4,UAV-5,1.000
503.68,UAV-5,GCS,1.000
504.70,UAV-2,GCS,1.000
504.70,UAV-2,UAV-3,1.000
504.70,UAV-2,UAV-4,1.000
504.70,UAV-2,UAV-5,1.000
504.70,UAV-3,GCS,1.000
504.70,UAV-3,UAV-4,1.000
504.70,UAV-3,UAV-5,1.000
504.70,UAV-4,GCS,1.000
504.70,UAV-4,UAV-5,1.000
504.70,UAV-5,GCS,1.000
505.72,UAV-2,GCS,1.000
505.72,UAV-2,UAV-3,1.000
505.72,UAV-2,UAV-4,1.000
505.72,UAV-2,UAV-5,1.000
505.72,UAV-3,GCS,1.000
505.72,UAV-3,UAV-4,1.000
505.72,UAV-3,UAV-5,1.000
505.72,UAV-4,GCS,1.000
505.72,UAV-4,UAV-5,1.000
505.72,UAV-5,GCS,1.000
506.74,UAV-2,GCS,1.000
506.74,UAV-2,UAV-3,1.000
506.74,UAV-2,UAV-4,1.000
506.74,UAV-2,UAV-5,1.000
506.74,UAV-3,GCS,1.000
506.74,UAV-3,UAV-4,1.000
506.74,UAV-3,UAV-5,1.000
506.74,UAV-4,GCS,1.000
506.74,UAV-4,UAV-5,1.000
506.74,UAV-5,GCS,1.000
507.76,UAV-2,GCS,1.000
507.76,UAV-2,UAV-3,1.000
507.76,UAV-2,UAV-4,1.000
507.76,UAV-2,UAV-5,1.000
507.76,UAV-3,GCS,1.000
507.76,UAV-3,UAV-4,1.000
507.76,UAV-3,UAV-5,1.000
507.76,UAV-4,GCS,1.000
507.76,UAV-4,UAV-5,1.000
507.76,UAV-5,GCS,1.000
508.78,UAV-2,GCS,1.000
508.78,UAV-2,UAV-3,1.000
508.78,UAV-2,UAV-4,1.000
508.78,UAV-2,UAV-5,1.000
508.78,UAV-3,GCS,1.000
508.78,UAV-3,UAV-4,1.000
508.78,UAV-3,UAV-5,1.000
508.78,UAV-4,GCS,1.000
508.78,UAV-4,UAV-5,1.000
508.78,UAV-5,GCS,1.000
509.80,UAV-2,GCS,1.000
509.80,UAV-2,UAV-3,1.000
509.80,UAV-2,UAV-4,1.000
509.80,UAV-2,UAV-5,1.000
509.80,UAV-3,GCS,1.000
509.80,UAV-3,UAV-4,1.000
509.80,UAV-3,UAV-5,1.000
509.80,UAV-4,GCS,1.000
509.80,UAV-4,UAV-5,1.000
509.80,UAV-5,GCS,1.000
510.82,UAV-2,GCS,1.000
510.82,UAV-2,UAV-3,1.000
510.82,UAV-2,UAV-4,1.000
510.82,UAV-2,UAV-5,1.000
510.82,UAV-3,GCS,1.000
510.82,UAV-3,UAV-4,1.000
510.82,UAV-3,UAV-5,1.000
510.82,UAV-4,GCS,1.000
510.82,UAV-4,UAV-5,1.000
510.82,UAV-5,GCS,1.000
511.84,UAV-2,GCS,1.000
511.84,UAV-2,UAV-3,1.000
511.84,UAV-2,UAV-4,1.000
511.84,UAV-2,UAV-5,1.000
511.84,UAV-3,GCS,1.000
511.84,UAV-3,UAV-4,1.000
511.84,UAV-3,UAV-5,1.000
511.84,UAV-4,GCS,1.000
511.84,UAV-4,UAV-5,1.000
511.84,UAV-5,GCS,1.000
512.86,UAV-2,GCS,1.000
512.86,UAV-2,UAV-3,1.000
512.86,UAV-2,UAV-4,1.000
512.86,UAV-2,UAV-5,1.000
512.86,UAV-3,GCS,1.000
512.86,UAV-3,UAV-4,1.000
512.86,UAV-3,UAV-5,1.000
512.86,UAV-4,GCS,1.000
512.86,UAV-4,UAV-5,1.000
512.86,UAV-5,GCS,1.000
513.88,UAV-2,GCS,1.000
513.88,UAV-2,UAV-3,1.000
513.88,UAV-2,UAV-4,1.000
513.88,UAV-2,UAV-5,1.000
513.88,UAV-3,GCS,1.000
513.88,UAV-3,UAV-4,1.000
513.88,UAV-3,UAV-5,1.000
513.88,UAV-4,GCS,1.000
513.88,UAV-4,UAV-5,1.000
513.88,UAV-5,GCS,1.000
514.90,UAV-2,GCS,1.000
514.90,UAV-2,UAV-3,1.000
514.90,UAV-2,UAV-4,1.000
514.90,UAV-2,UAV-5,1.000
514.90,UAV-3,GCS,1.000
514.90,UAV-3,UAV-4,1.000
514.90,UAV-3,UAV-5,1.000
514.90,UAV-4,GCS,1.000
514.90,UAV-4,UAV-5,1.000
514.90,UAV-5,GCS,1.000
515.92,UAV-2,GCS,1.000
515.92,UAV-2,UAV-3,1.000
515.92,UAV-2,UAV-4,1.000
515.92,UAV-2,UAV-5,1.000
515.92,UAV-3,GCS,1.000
515.92,UAV-3,UAV-4,1.000
515.92,UAV-3,UAV-5,1.000
515.92,UAV-4,GCS,1.000
515.92,UAV-4,UAV-5,1.000
515.92,UAV-5,GCS,1.000
516.94,UAV-2,GCS,1.000
516.94,UAV-2,UAV-3,1.000
516.94,UAV-2,UAV-4,1.000
516.94,UAV-2,UAV-5,1.000
516.94,UAV-3,GCS,1.000
516.94,UAV-3,UAV-4,1.000
516.94,UAV-3,UAV-5,1.000
516.94,UAV-4,GCS,1.000
516.94,UAV-4,UAV-5,1.000
516.94,UAV-5,GCS,1.000
517.96,UAV-2,GCS,1.000
517.96,UAV-2,UAV-3,1.000
517.96,UAV-2,UAV-4,1.000
517.96,UAV-2,UAV-5,1.000
517.96,UAV-3,GCS,1.000
517.96,UAV-3,UAV-4,1.000
517.96,UAV-3,UAV-5,1.000
517.96,UAV-4,GCS,1.000
517.96,UAV-4,UAV-5,1.000
517.96,UAV-5,GCS,1.000
518.98,UAV-2,GCS,1.000
518.98,UAV-2,UAV-3,1.000
518.98,UAV-2,UAV-4,1.000
518.98,UAV-2,UAV-5,1.000
518.98,UAV-3,GCS,1.000
518.98,UAV-3,UAV-4,1.000
518.98,UAV-3,UAV-5,1.000
518.98,UAV-4,GCS,1.000
518.98,UAV-4,UAV-5,1.000
518.98,UAV-5,GCS,1.000
520.00,UAV-2,GCS,1.000
520.00,UAV-2,UAV-3,1.000
520.00,UAV-2,UAV-4,1.000
520.00,UAV-2,UAV-5,1.000
520.00,UAV-3,GCS,1.000
520.00,UAV-3,UAV-4,1.000
520.00,UAV-3,UAV-5,1.000
520.00,UAV-4,GCS,1.000
520.00,UAV-4,UAV-5,1.000
520.00,UAV-5,GCS,1.000
521.02,UAV-2,GCS,1.000
521.02,UAV-2,UAV-3,1.000
521.02,UAV-2,UAV-4,1.000
521.02,UAV-2,UAV-5,1.000
521.02,UAV-3,GCS,1.000
521.02,UAV-3,UAV-4,1.000
521.02,UAV-3,UAV-5,1.000
521.02,UAV-4,GCS,1.000
521.02,UAV-4,UAV-5,1.000
521.02,UAV-5,GCS,1.000
522.04,UAV-2,GCS,1.000
522.04,UAV-2,UAV-3,1.000
522.04,UAV-2,UAV-4,1.000
522.04,UAV-2,UAV-5,1.000
522.04,UAV-3,GCS,1.000
522.04,UAV-3,UAV-4,1.000
522.04,UAV-3,UAV-5,1.000
522.04,UAV-4,GCS,1.000
522.04,UAV-4,UAV-5,1.000
522.04,UAV-5,GCS,1.000
523.06,UAV-2,GCS,1.000
523.06,UAV-2,UAV-3,1.000
523.06,UAV-2,UAV-4,1.000
523.06,UAV-2,UAV-5,1.000
523.06,UAV-3,GCS,1.000
523.06,UAV-3,UAV-4,1.000
523.06,UAV-3,UAV-5,1.000
523.06,UAV-4,GCS,1.000
523.06,UAV-4,UAV-5,1.000
523.06,UAV-5,GCS,1.000
524.08,UAV-2,GCS,1.000
524.08,UAV-2,UAV-3,1.000
524.08,UAV-2,UAV-4,1.000
524.08,UAV-2,UAV-5,1.000
524.08,UAV-3,GCS,1.000
524.08,UAV-3,UAV-4,1.000
524.08,UAV-3,UAV-5,1.000
524.08,UAV-4,GCS,1.000
524.08,UAV-4,UAV-5,1.000
524.08,UAV-5,GCS,1.000
525.10,UAV-2,GCS,1.000
525.10,UAV-2,UAV-3,1.000
525.10,UAV-2,UAV-4,1.000
525.10,UAV-2,UAV-5,1.000
525.10,UAV-3,GCS,1.000
525.10,UAV-3,UAV-4,1.000
525.10,UAV-3,UAV-5,1.000
525.10,UAV-4,GCS,1.000
525.10,UAV-4,UAV-5,1.000
525.10,UAV-5,GCS,1.000
526.12,UAV-2,GCS,1.000
526.12,UAV-2,UAV-3,1.000
526.12,UAV-2,UAV-4,1.000
526.12,UAV-2,UAV-5,1.000
526.12,UAV-3,GCS,1.000
526.12,UAV-3,UAV-4,1.000
526.12,UAV-3,UAV-5,1.000
526.12,UAV-4,GCS,1.000
526.12,UAV-4,UAV-5,1.000
526.12,UAV-5,GCS,1.000
527.14,UAV-2,GCS,1.000
527.14,UAV-2,UAV-3,1.000
527.14,UAV-2,UAV-4,1.000
527.14,UAV-2,UAV-5,1.000
527.14,UAV-3,GCS,1.000
527.14,UAV-3,UAV-4,1.000
527.14,UAV-3,UAV-5,1.000
527.14,UAV-4,GCS,1.000
527.14,UAV-4,UAV-5,1.000
527.14,UAV-5,GCS,1.000
528.16,UAV-2,GCS,1.000
528.16,UAV-2,UAV-3,1.000
528.16,UAV-2,UAV-4,1.000
528.16,UAV-2,UAV-5,1.000
528.16,UAV-3,GCS,1.000
528.16,UAV-3,UAV-4,1.000
528.16,UAV-3,UAV-5,1.000
528.16,UAV-4,GCS,1.000
528.16,UAV-4,UAV-5,1.000
528.16,UAV-5,GCS,1.000
529.18,UAV-2,GCS,1.000
529.18,UAV-2,UAV-3,1.000
529.18,UAV-2,UAV-4,1.000
529.18,UAV-2,UAV-5,1.000
529.18,UAV-3,GCS,1.000
529.18,UAV-3,UAV-4,1.000
529.18,UAV-3,UAV-5,1.000
529.18,UAV-4,GCS,1.000
529.18,UAV-4,UAV-5,1.000
529.18,UAV-5,GCS,1.000
530.20,UAV-2,GCS,1.000
530.20,UAV-2,UAV-3,1.000
530.20,UAV-2,UAV-4,1.000
530.20,UAV-2,UAV-5,1.000
530.20,UAV-3,GCS,1.000
530.20,UAV-3,UAV-4,1.000
530.20,UAV-3,UAV-5,1.000
530.20,UAV-4,GCS,1.000
530.20,UAV-4,UAV-5,1.000
530.20,UAV-5,GCS,1.000
531.22,UAV-2,GCS,1.000
531.22,UAV-2,UAV-3,1.000
531.22,UAV-2,UAV-4,1.000
531.22,UAV-2,UAV-5,1.000
531.22,UAV-3,GCS,1.000
531.22,UAV-3,UAV-4,1.000
531.22,UAV-3,UAV-5,1.000
531.22,UAV-4,GCS,1.000
531.22,UAV-4,UAV-5,1.000
531.22,UAV-5,GCS,1.000
532.24,UAV-2,GCS,1.000
532.24,UAV-2,UAV-3,1.000
532.24,UAV-2,UAV-4,1.000
532.24,UAV-2,UAV-5,1.000
532.24,UAV-3,GCS,1.000
532.24,UAV-3,UAV-4,1.000
532.24,UAV-3,UAV-5,1.000
532.24,UAV-4,GCS,1.000
532.24,UAV-4,UAV-5,1.000
532.24,UAV-5,GCS,1.000
533.26,UAV-2,GCS,1.000
533.26,UAV-2,UAV-3,1.000
533.26,UAV-2,UAV-4,1.000
533.26,UAV-2,UAV-5,1.000
533.26,UAV-3,GCS,1.000
533.26,UAV-3,UAV-4,1.000
533.26,UAV-3,UAV-5,1.000
533.26,UAV-4,GCS,1.000
533.26,UAV-4,UAV-5,1.000
533.26,UAV-5,GCS,1.000
534.28,UAV-2,GCS,1.000
534.28,UAV-2,UAV-3,1.000
534.28,UAV-2,UAV-4,1.000
534.28,UAV-2,UAV-5,1.000
534.28,UAV-3,GCS,1.000
534.28,UAV-3,UAV-4,1.000
534.28,UAV-3,UAV-5,1.000
534.28,UAV-4,GCS,1.000
534.28,UAV-4,UAV-5,1.000
534.28,UAV-5,GCS,1.000
535.30,UAV-2,GCS,1.000
535.30,UAV-2,UAV-3,1.000
535.30,UAV-2,UAV-4,1.000
535.30,UAV-2,UAV-5,1.000
535.30,UAV-3,GCS,1.000
535.30,UAV-3,UAV-4,1.000
535.30,UAV-3,UAV-5,1.000
535.30,UAV-4,GCS,1.000
535.30,UAV-4,UAV-5,1.000
535.30,UAV-5,GCS,1.000
536.32,UAV-2,GCS,1.000
536.32,UAV-2,UAV-3,1.000
536.32,UAV-2,UAV-4,1.000
536.32,UAV-2,UAV-5,1.000
536.32,UAV-3,GCS,1.000
536.32,UAV-3,UAV-4,1.000
536.32,UAV-3,UAV-5,1.000
536.32,UAV-4,GCS,1.000
536.32,UAV-4,UAV-5,1.000
536.32,UAV-5,GCS,1.000
537.34,UAV-2,GCS,1.000
537.34,UAV-2,UAV-3,1.000
537.34,UAV-2,UAV-4,1.000
537.34,UAV-2,UAV-5,1.000
537.34,UAV-3,GCS,1.000
537.34,UAV-3,UAV-4,1.000
537.34,UAV-3,UAV-5,1.000
537.34,UAV-4,GCS,1.000
537.34,UAV-4,UAV-5,1.000
537.34,UAV-5,GCS,1.000
538.36,UAV-2,GCS,1.000
538.36,UAV-2,UAV-3,1.000
538.36,UAV-2,UAV-4,1.000
538.36,UAV-2,UAV-5,1.000
538.36,UAV-3,GCS,1.000
538.36,UAV-3,UAV-4,1.000
538.36,UAV-3,UAV-5,1.000
538.36,UAV-4,GCS,1.000
538.36,UAV-4,UAV-5,1.000
538.36,UAV-5,GCS,1.000
539.38,UAV-2,GCS,1.000
539.38,UAV-2,UAV-3,1.000
539.38,UAV-2,UAV-4,1.000
539.38,UAV-2,UAV-5,1.000
539.38,UAV-3,GCS,1.000
539.38,UAV-3,UAV-4,1.000
539.38,UAV-3,UAV-5,1.000
539.38,UAV-4,GCS,1.000
539.38,UAV-4,UAV-5,1.000
539.38,UAV-5,GCS,1.000
540.40,UAV-2,GCS,1.000
540.40,UAV-2,UAV-3,1.000
540.40,UAV-2,UAV-4,1.000
540.40,UAV-2,UAV-5,1.000
540.40,UAV-3,GCS,1.000
540.40,UAV-3,UAV-4,1.000
540.40,UAV-3,UAV-5,1.000
540.40,UAV-4,GCS,1.000
540.40,UAV-4,UAV-5,1.000
540.40,UAV-5,GCS,1.000
541.42,UAV-2,GCS,1.000
541.42,UAV-2,UAV-3,1.000
541.42,UAV-2,UAV-4,1.000
541.42,UAV-2,UAV-5,1.000
541.42,UAV-3,GCS,1.000
541.42,UAV-3,UAV-4,1.000
541.42,UAV-3,UAV-5,1.000
541.42,UAV-4,GCS,1.000
541.42,UAV-4,UAV-5,1.000
541.42,UAV-5,GCS,1.000
542.44,UAV-2,GCS,1.000
542.44,UAV-2,UAV-3,1.000
542.44,UAV-2,UAV-4,1.000
542.44,UAV-2,UAV-5,1.000
542.44,UAV-3,GCS,1.000
542.44,UAV-3,UAV-4,1.000
542.44,UAV-3,UAV-5,1.000
542.44,UAV-4,GCS,1.000
542.44,UAV-4,UAV-5,1.000
542.44,UAV-5,GCS,1.000
543.46,UAV-2,GCS,1.000
543.46,UAV-2,UAV-3,1.000
543.46,UAV-2,UAV-4,1.000
543.46,UAV-2,UAV-5,1.000
543.46,UAV-3,GCS,1.000
543.46,UAV-3,UAV-4,1.000
543.46,UAV-3,UAV-5,1.000
543.46,UAV-4,GCS,1.000
543.46,UAV-4,UAV-5,1.000
543.46,UAV-5,GCS,1.000
544.48,UAV-2,GCS,1.000
544.48,UAV-2,UAV-3,1.000
544.48,UAV-2,UAV-4,1.000
544.48,UAV-2,UAV-5,1.000
544.48,UAV-3,GCS,1.000
544.48,UAV-3,UAV-4,1.000
544.48,UAV-3,UAV-5,1.000
544.48,UAV-4,GCS,1.000
544.48,UAV-4,UAV-5,1.000
544.48,UAV-5,GCS,1.000
545.50,UAV-2,GCS,1.000
545.50,UAV-2,UAV-3,1.000
545.50,UAV-2,UAV-4,1.000
545.50,UAV-2,UAV-5,1.000
545.50,UAV-3,GCS,1.000
545.50,UAV-3,UAV-4,1.000
545.50,UAV-3,UAV-5,1.000
545.50,UAV-4,GCS,1.000
545.50,UAV-4,UAV-5,1.000
545.50,UAV-5,GCS,1.000
546.52,UAV-2,GCS,1.000
546.52,UAV-2,UAV-3,1.000
546.52,UAV-2,UAV-4,1.000
546.52,UAV-2,UAV-5,1.000
546.52,UAV-3,GCS,1.000
546.52,UAV-3,UAV-4,1.000
546.52,UAV-3,UAV-5,1.000
546.52,UAV-4,GCS,1.000
546.52,UAV-4,UAV-5,1.000
546.52,UAV-5,GCS,1.000
547.54,UAV-2,GCS,1.000
547.54,UAV-2,UAV-3,1.000
547.54,UAV-2,UAV-4,1.000
547.54,UAV-2,UAV-5,1.000
547.54,UAV-3,GCS,1.000
547.54,UAV-3,UAV-4,1.000
547.54,UAV-3,UAV-5,1.000
547.54,UAV-4,GCS,1.000
547.54,UAV-4,UAV-5,1.000
547.54,UAV-5,GCS,1.000
548.56,UAV-2,GCS,1.000
548.56,UAV-2,UAV-3,1.000
548.56,UAV-2,UAV-4,1.000
548.56,UAV-2,UAV-5,1.000
548.56,UAV-3,GCS,1.000
548.56,UAV-3,UAV-4,1.000
548.56,UAV-3,UAV-5,1.000
548.56,UAV-4,GCS,1.000
548.56,UAV-4,UAV-5,1.000
548.56,UAV-5,GCS,1.000
549.58,UAV-2,GCS,1.000
549.58,UAV-2,UAV-3,1.000
549.58,UAV-2,UAV-4,1.000
549.58,UAV-2,UAV-5,1.000
549.58,UAV-3,GCS,1.000
549.58,UAV-3,UAV-4,1.000
549.58,UAV-3,UAV-5,1.000
549.58,UAV-4,GCS,1.000
549.58,UAV-4,UAV-5,1.000
549.58,UAV-5,GCS,1.000
550.60,UAV-2,GCS,1.000
550.60,UAV-2,UAV-3,1.000
550.60,UAV-2,UAV-4,1.000
550.60,UAV-2,UAV-5,1.000
550.60,UAV-3,GCS,1.000
550.60,UAV-3,UAV-4,1.000
550.60,UAV-3,UAV-5,1.000
550.60,UAV-4,GCS,1.000
550.60,UAV-4,UAV-5,1.000
550.60,UAV-5,GCS,1.000
551.62,UAV-2,GCS,1.000
551.62,UAV-2,UAV-3,1.000
551.62,UAV-2,UAV-4,1.000
551.62,UAV-2,UAV-5,1.000
551.62,UAV-3,GCS,1.000
551.62,UAV-3,UAV-4,1.000
551.62,UAV-3,UAV-5,1.000
551.62,UAV-4,GCS,1.000
551.62,UAV-4,UAV-5,1.000
551.62,UAV-5,GCS,1.000
552.64,UAV-2,GCS,1.000
552.64,UAV-2,UAV-3,1.000
552.64,UAV-2,UAV-4,1.000
552.64,UAV-2,UAV-5,1.000
552.64,UAV-3,GCS,1.000
552.64,UAV-3,UAV-4,1.000
552.64,UAV-3,UAV-5,1.000
552.64,UAV-4,GCS,1.000
552.64,UAV-4,UAV-5,1.000
552.64,UAV-5,GCS,1.000
553.66,UAV-2,GCS,1.000
553.66,UAV-2,UAV-3,1.000
553.66,UAV-2,UAV-4,1.000
553.66,UAV-2,UAV-5,1.000
553.66,UAV-3,GCS,1.000
553.66,UAV-3,UAV-4,1.000
553.66,UAV-3,UAV-5,1.000
553.66,UAV-4,GCS,1.000
553.66,UAV-4,UAV-5,1.000
553.66,UAV-5,GCS,1.000
554.68,UAV-2,GCS,1.000
554.68,UAV-2,UAV-3,1.000
554.68,UAV-2,UAV-4,1.000
554.68,UAV-2,UAV-5,1.000
554.68,UAV-3,GCS,1.000
554.68,UAV-3,UAV-4,1.000
554.68,UAV-3,UAV-5,1.000
554.68,UAV-4,GCS,1.000
554.68,UAV-4,UAV-5,1.000
554.68,UAV-5,GCS,1.000
555.70,UAV-2,GCS,1.000
555.70,UAV-2,UAV-3,1.000
555.70,UAV-2,UAV-4,1.000
555.70,UAV-2,UAV-5,1.000
555.70,UAV-3,GCS,1.000
555.70,UAV-3,UAV-4,1.000
555.70,UAV-3,UAV-5,1.000
555.70,UAV-4,GCS,1.000
555.70,UAV-4,UAV-5,1.000
555.70,UAV-5,GCS,1.000
556.72,UAV-2,GCS,1.000
556.72,UAV-2,UAV-3,1.000
556.72,UAV-2,UAV-4,1.000
556.72,UAV-2,UAV-5,1.000
556.72,UAV-3,GCS,1.000
556.72,UAV-3,UAV-4,1.000
556.72,UAV-3,UAV-5,1.000
556.72,UAV-4,GCS,1.000
556.72,UAV-4,UAV-5,1.000
556.72,UAV-5,GCS,1.000
557.74,UAV-2,GCS,1.000
557.74,UAV-2,UAV-3,1.000
557.74,UAV-2,UAV-4,1.000
557.74,UAV-2,UAV-5,1.000
557.74,UAV-3,GCS,1.000
557.74,UAV-3,UAV-4,1.000
557.74,UAV-3,UAV-5,1.000
557.74,UAV-4,GCS,1.000
557.74,UAV-4,UAV-5,1.000
557.74,UAV-5,GCS,1.000
558.76,UAV-2,GCS,1.000
558.76,UAV-2,UAV-3,1.000
558.76,UAV-2,UAV-4,1.000
558.76,UAV-2,UAV-5,1.000
558.76,UAV-3,GCS,1.000
558.76,UAV-3,UAV-4,1.000
558.76,UAV-3,UAV-5,1.000
558.76,UAV-4,GCS,1.000
558.76,UAV-4,UAV-5,1.000
558.76,UAV-5,GCS,1.000
559.78,UAV-2,GCS,1.000
559.78,UAV-2,UAV-3,1.000
559.78,UAV-2,UAV-4,1.000
559.78,UAV-2,UAV-5,1.000
559.78,UAV-3,GCS,1.000
559.78,UAV-3,UAV-4,1.000
559.78,UAV-3,UAV-5,1.000
559.78,UAV-4,GCS,1.000
559.78,UAV-4,UAV-5,1.000
559.78,UAV-5,GCS,1.000
560.80,UAV-2,GCS,1.000
560.80,UAV-2,UAV-3,1.000
560.80,UAV-2,UAV-4,1.000
560.80,UAV-2,UAV-5,1.000
560.80,UAV-3,GCS,1.000
560.80,UAV-3,UAV-4,1.000
560.80,UAV-3,UAV-5,1.000
560.80,UAV-4,GCS,1.000
560.80,UAV-4,UAV-5,1.000
560.80,UAV-5,GCS,1.000
561.82,UAV-2,GCS,1.000
561.82,UAV-2,UAV-3,1.000
561.82,UAV-2,UAV-4,1.000
561.82,UAV-2,UAV-5,1.000
561.82,UAV-3,GCS,1.000
561.82,UAV-3,UAV-4,1.000
561.82,UAV-3,UAV-5,1.000
561.82,UAV-4,GCS,1.000
561.82,UAV-4,UAV-5,1.000
561.82,UAV-5,GCS,1.000
562.84,UAV-2,GCS,1.000
562.84,UAV-2,UAV-3,1.000
562.84,UAV-2,UAV-4,1.000
562.84,UAV-2,UAV-5,1.000
562.84,UAV-3,GCS,1.000
562.84,UAV-3,UAV-4,1.000
562.84,UAV-3,UAV-5,1.000
562.84,UAV-4,GCS,1.000
562.84,UAV-4,UAV-5,1.000
562.84,UAV-5,GCS,1.000
563.86,UAV-2,GCS,1.000
563.86,UAV-2,UAV-3,1.000
563.86,UAV-2,UAV-4,1.000
563.86,UAV-2,UAV-5,1.000
563.86,UAV-3,GCS,1.000
563.86,UAV-3,UAV-4,1.000
563.86,UAV-3,UAV-5,1.000
563.86,UAV-4,GCS,1.000
563.86,UAV-4,UAV-5,1.000
563.86,UAV-5,GCS,1.000
564.88,UAV-2,GCS,1.000
564.88,UAV-2,UAV-3,1.000
564.88,UAV-2,UAV-4,1.000
564.88,UAV-2,UAV-5,1.000
564.88,UAV-3,GCS,1.000
564.88,UAV-3,UAV-4,1.000
564.88,UAV-3,UAV-5,1.000
564.88,UAV-4,GCS,1.000
564.88,UAV-4,UAV-5,1.000
564.88,UAV-5,GCS,1.000
565.90,UAV-2,GCS,1.000
565.90,UAV-2,UAV-3,1.000
565.90,UAV-2,UAV-4,1.000
565.90,UAV-2,UAV-5,1.000
565.90,UAV-3,GCS,1.000
565.90,UAV-3,UAV-4,1.000
565.90,UAV-3,UAV-5,1.000
565.90,UAV-4,GCS,1.000
565.90,UAV-4,UAV-5,1.000
565.90,UAV-5,GCS,1.000
566.92,UAV-2,GCS,1.000
566.92,UAV-2,UAV-3,1.000
566.92,UAV-2,UAV-4,1.000
566.92,UAV-2,UAV-5,1.000
566.92,UAV-3,GCS,1.000
566.92,UAV-3,UAV-4,1.000
566.92,UAV-3,UAV-5,1.000
566.92,UAV-4,GCS,1.000
566.92,UAV-4,UAV-5,1.000
566.92,UAV-5,GCS,1.000
567.94,UAV-2,GCS,1.000
567.94,UAV-2,UAV-3,1.000
567.94,UAV-2,UAV-4,1.000
567.94,UAV-2,UAV-5,1.000
567.94,UAV-3,GCS,1.000
567.94,UAV-3,UAV-4,1.000
567.94,UAV-3,UAV-5,1.000
567.94,UAV-4,GCS,1.000
567.94,UAV-4,UAV-5,1.000
567.94,UAV-5,GCS,1.000
568.96,UAV-2,GCS,1.000
568.96,UAV-2,UAV-3,1.000
568.96,UAV-2,UAV-4,1.000
568.96,UAV-2,UAV-5,1.000
568.96,UAV-3,GCS,1.000
568.96,UAV-3,UAV-4,1.000
568.96,UAV-3,UAV-5,1.000
568.96,UAV-4,GCS,1.000
568.96,UAV-4,UAV-5,1.000
568.96,UAV-5,GCS,1.000
569.98,UAV-2,GCS,1.000
569.98,UAV-2,UAV-3,1.000
569.98,UAV-2,UAV-4,1.000
569.98,UAV-2,UAV-5,1.000
569.98,UAV-3,GCS,1.000
569.98,UAV-3,UAV-4,1.000
569.98,UAV-3,UAV-5,1.000
569.98,UAV-4,GCS,1.000
569.98,UAV-4,UAV-5,1.000
569.98,UAV-5,GCS,1.000
571.00,UAV-2,GCS,1.000
571.00,UAV-2,UAV-3,1.000
571.00,UAV-2,UAV-4,1.000
571.00,UAV-2,UAV-5,1.000
571.00,UAV-3,GCS,1.000
571.00,UAV-3,UAV-4,1.000
571.00,UAV-3,UAV-5,1.000
571.00,UAV-4,GCS,1.000
571.00,UAV-4,UAV-5,1.000
571.00,UAV-5,GCS,1.000
572.02,UAV-2,GCS,1.000
572.02,UAV-2,UAV-3,1.000
572.02,UAV-2,UAV-4,1.000
572.02,UAV-2,UAV-5,1.000
572.02,UAV-3,GCS,1.000
572.02,UAV-3,UAV-4,1.000
572.02,UAV-3,UAV-5,1.000
572.02,UAV-4,GCS,1.000
572.02,UAV-4,UAV-5,1.000
572.02,UAV-5,GCS,1.000
573.04,UAV-2,GCS,1.000
573.04,UAV-2,UAV-3,1.000
573.04,UAV-2,UAV-4,1.000
573.04,UAV-2,UAV-5,1.000
573.04,UAV-3,GCS,1.000
573.04,UAV-3,UAV-4,1.000
573.04,UAV-3,UAV-5,1.000
573.04,UAV-4,GCS,1.000
573.04,UAV-4,UAV-5,1.000
573.04,UAV-5,GCS,1.000
574.06,UAV-2,GCS,1.000
574.06,UAV-2,UAV-3,1.000
574.06,UAV-2,UAV-4,1.000
574.06,UAV-2,UAV-5,1.000
574.06,UAV-3,GCS,1.000
574.06,UAV-3,UAV-4,1.000
574.06,UAV-3,UAV-5,1.000
574.06,UAV-4,GCS,1.000
574.06,UAV-4,UAV-5,1.000
574.06,UAV-5,GCS,1.000
575.08,UAV-2,GCS,1.000
575.08,UAV-2,UAV-3,1.000
575.08,UAV-2,UAV-4,1.000
575.08,UAV-2,UAV-5,1.000
575.08,UAV-3,GCS,1.000
575.08,UAV-3,UAV-4,1.000
575.08,UAV-3,UAV-5,1.000
575.08,UAV-4,GCS,1.000
575.08,UAV-4,UAV-5,1.000
575.08,UAV-5,GCS,1.000
576.10,UAV-2,GCS,1.000
576.10,UAV-2,UAV-3,1.000
576.10,UAV-2,UAV-4,1.000
576.10,UAV-2,UAV-5,1.000
576.10,UAV-3,GCS,1.000
576.10,UAV-3,UAV-4,1.000
576.10,UAV-3,UAV-5,1.000
576.10,UAV-4,GCS,1.000
576.10,UAV-4,UAV-5,1.000
576.10,UAV-5,GCS,1.000
577.12,UAV-2,GCS,1.000
577.12,UAV-2,UAV-3,1.000
577.12,UAV-2,UAV-4,1.000
577.12,UAV-2,UAV-5,1.000
577.12,UAV-3,GCS,1.000
577.12,UAV-3,UAV-4,1.000
577.12,UAV-3,UAV-5,1.000
577.12,UAV-4,GCS,1.000
577.12,UAV-4,UAV-5,1.000
577.12,UAV-5,GCS,1.000
578.14,UAV-2,GCS,1.000
578.14,UAV-2,UAV-3,1.000
578.14,UAV-2,UAV-4,1.000
578.14,UAV-2,UAV-5,1.000
578.14,UAV-3,GCS,1.000
578.14,UAV-3,UAV-4,1.000
578.14,UAV-3,UAV-5,1.000
578.14,UAV-4,GCS,1.000
578.14,UAV-4,UAV-5,1.000
578.14,UAV-5,GCS,1.000
579.16,UAV-2,GCS,1.000
579.16,UAV-2,UAV-3,1.000
579.16,UAV-2,UAV-4,1.000
579.16,UAV-2,UAV-5,1.000
579.16,UAV-3,GCS,1.000
579.16,UAV-3,UAV-4,1.000
579.16,UAV-3,UAV-5,1.000
579.16,UAV-4,GCS,1.000
579.16,UAV-4,UAV-5,1.000
579.16,UAV-5,GCS,1.000
580.18,UAV-2,GCS,1.000
580.18,UAV-2,UAV-3,1.000
580.18,UAV-2,UAV-4,1.000
580.18,UAV-2,UAV-5,1.000
580.18,UAV-3,GCS,1.000
580.18,UAV-3,UAV-4,1.000
580.18,UAV-3,UAV-5,1.000
580.18,UAV-4,GCS,1.000
580.18,UAV-4,UAV-5,1.000
580.18,UAV-5,GCS,1.000
581.20,UAV-2,GCS,1.000
581.20,UAV-2,UAV-3,1.000
581.20,UAV-2,UAV-4,1.000
581.20,UAV-2,UAV-5,1.000
581.20,UAV-3,GCS,1.000
581.20,UAV-3,UAV-4,1.000
581.20,UAV-3,UAV-5,1.000
581.20,UAV-4,GCS,1.000
581.20,UAV-4,UAV-5,1.000
581.20,UAV-5,GCS,1.000
582.22,UAV-2,GCS,1.000
582.22,UAV-2,UAV-3,1.000
582.22,UAV-2,UAV-4,1.000
582.22,UAV-2,UAV-5,1.000
582.22,UAV-3,GCS,1.000
582.22,UAV-3,UAV-4,1.000
582.22,UAV-3,UAV-5,1.000
582.22,UAV-4,GCS,1.000
582.22,UAV-4,UAV-5,1.000
582.22,UAV-5,GCS,1.000
583.24,UAV-2,GCS,1.000
583.24,UAV-2,UAV-4,1.000
583.24,UAV-2,UAV-5,1.000
583.24,UAV-4,GCS,1.000
583.24,UAV-4,UAV-5,1.000
583.24,UAV-5,GCS,1.000
584.26,UAV-2,GCS,1.000
584.26,UAV-2,UAV-4,1.000
584.26,UAV-2,UAV-5,1.000
584.26,UAV-4,GCS,1.000
584.26,UAV-4,UAV-5,1.000
584.26,UAV-5,GCS,1.000
585.28,UAV-2,GCS,1.000
585.28,UAV-2,UAV-4,1.000
585.28,UAV-2,UAV-5,1.000
585.28,UAV-4,GCS,1.000
585.28,UAV-4,UAV-5,1.000
585.28,UAV-5,GCS,1.000
586.30,UAV-2,GCS,1.000
586.30,UAV-2,UAV-4,1.000
586.30,UAV-2,UAV-5,1.000
586.30,UAV-4,GCS,1.000
586.30,UAV-4,UAV-5,1.000
586.30,UAV-5,GCS,1.000
587.32,UAV-2,GCS,1.000
587.32,UAV-2,UAV-4,1.000
587.32,UAV-2,UAV-5,1.000
587.32,UAV-4,GCS,1.000
587.32,UAV-4,UAV-5,1.000
587.32,UAV-5,GCS,1.000
588.34,UAV-2,GCS,1.000
588.34,UAV-2,UAV-4,1.000
588.34,UAV-2,UAV-5,1.000
588.34,UAV-4,GCS,1.000
588.34,UAV-4,UAV-5,1.000
588.34,UAV-5,GCS,1.000
589.36,UAV-2,GCS,1.000
589.36,UAV-2,UAV-4,1.000
589.36,UAV-2,UAV-5,1.000
589.36,UAV-4,GCS,1.000
589.36,UAV-4,UAV-5,1.000
589.36,UAV-5,GCS,1.000
590.38,UAV-2,GCS,1.000
590.38,UAV-2,UAV-4,1.000
590.38,UAV-2,UAV-5,1.000
590.38,UAV-4,GCS,1.000
590.38,UAV-4,UAV-5,1.000
590.38,UAV-5,GCS,1.000
591.40,UAV-2,GCS,1.000
591.40,UAV-2,UAV-4,1.000
591.40,UAV-2,UAV-5,1.000
591.40,UAV-4,GCS,1.000
591.40,UAV-4,UAV-5,1.000
591.40,UAV-5,GCS,1.000
592.42,UAV-2,GCS,1.000
592.42,UAV-2,UAV-4,1.000
592.42,UAV-2,UAV-5,1.000
592.42,UAV-4,GCS,1.000
592.42,UAV-4,UAV-5,1.000
592.42,UAV-5,GCS,1.000
593.44,UAV-2,GCS,1.000
593.44,UAV-2,UAV-4,1.000
593.44,UAV-2,UAV-5,1.000
593.44,UAV-4,GCS,1.000
593.44,UAV-4,UAV-5,1.000
593.44,UAV-5,GCS,1.000
594.46,UAV-2,GCS,1.000
594.46,UAV-2,UAV-4,1.000
594.46,UAV-2,UAV-5,1.000
594.46,UAV-4,GCS,1.000
594.46,UAV-4,UAV-5,1.000
594.46,UAV-5,GCS,1.000
595.48,UAV-2,GCS,1.000
595.48,UAV-2,UAV-4,1.000
595.48,UAV-2,UAV-5,1.000
595.48,UAV-4,GCS,1.000
595.48,UAV-4,UAV-5,1.000
595.48,UAV-5,GCS,1.000
596.50,UAV-2,GCS,1.000
596.50,UAV-2,UAV-4,1.000
596.50,UAV-2,UAV-5,1.000
596.50,UAV-4,GCS,1.000
596.50,UAV-4,UAV-5,1.000
596.50,UAV-5,GCS,1.000
597.52,UAV-2,GCS,1.000
597.52,UAV-2,UAV-4,1.000
597.52,UAV-2,UAV-5,1.000
597.52,UAV-4,GCS,1.000
597.52,UAV-4,UAV-5,1.000
597.52,UAV-5,GCS,1.000
598.54,UAV-2,GCS,1.000
598.54,UAV-2,UAV-4,1.000
598.54,UAV-2,UAV-5,1.000
598.54,UAV-4,GCS,1.000
598.54,UAV-4,UAV-5,1.000
598.54,UAV-5,GCS,1.000
599.56,UAV-2,GCS,1.000
599.56,UAV-2,UAV-4,1.000
599.56,UAV-2,UAV-5,1.000
599.56,UAV-4,GCS,1.000
599.56,UAV-4,UAV-5,1.000
599.56,UAV-5,GCS,1.000
600.58,UAV-2,GCS,1.000
600.58,UAV-2,UAV-4,1.000
600.58,UAV-2,UAV-5,1.000
600.58,UAV-4,GCS,1.000
600.58,UAV-4,UAV-5,1.000
600.58,UAV-5,GCS,1.000
601.60,UAV-2,GCS,1.000
601.60,UAV-2,UAV-4,1.000
601.60,UAV-2,UAV-5,1.000
601.60,UAV-4,GCS,1.000
601.60,UAV-4,UAV-5,1.000
601.60,UAV-5,GCS,1.000
602.62,UAV-4,GCS,1.000
602.62,UAV-4,UAV-5,1.000
602.62,UAV-5,GCS,1.000
603.64,UAV-4,GCS,1.000
603.64,UAV-4,UAV-5,1.000
603.64,UAV-5,GCS,1.000
604.66,UAV-4,GCS,1.000
604.66,UAV-4,UAV-5,1.000
604.66,UAV-5,GCS,1.000
605.68,UAV-4,GCS,1.000
605.68,UAV-4,UAV-5,1.000
605.68,UAV-5,GCS,1.000
606.70,UAV-4,GCS,1.000
606.70,UAV-4,UAV-5,1.000
606.70,UAV-5,GCS,1.000
607.72,UAV-5,GCS,1.000
608.74,UAV-5,GCS,1.000
609.76,UAV-5,GCS,1.000
610.78,UAV-5,GCS,1.000
611.80,UAV-5,GCS,1.000
612.82,UAV-5,GCS,1.000
613.84,UAV-5,GCS,1.000
614.86,UAV-5,GCS,1.000
615.88,UAV-5,GCS,1.000
616.90,UAV-5,GCS,1.000
617.92,UAV-5,GCS,1.000
618.94,UAV-5,GCS,1.000
619.96,UAV-5,GCS,1.000
620.98,UAV-5,GCS,1.000
622.00,UAV-5,GCS,1.000
623.02,UAV-5,GCS,1.000
624.04,UAV-5,GCS,1.000
625.06,UAV-5,GCS,1.000
626.08,UAV-5,GCS,1.000
627.10,UAV-5,GCS,1.000
628.12,UAV-5,GCS,1.000
629.14,UAV-5,GCS,1.000
630.16,UAV-5,GCS,1.000
631.18,UAV-5,GCS,1.000
632.20,UAV-5,GCS,1.000
633.22,UAV-5,GCS,1.000
634.24,UAV-5,GCS,1.000
635.26,UAV-5,GCS,1.000
636.28,UAV-5,GCS,1.000
637.30,UAV-5,GCS,1.000
638.32,UAV-5,GCS,1.000
639.34,UAV-5,GCS,1.000
640.36,UAV-5,GCS,1.000
641.38,UAV-5,GCS,1.000
642.40,UAV-5,GCS,1.000
643.42,UAV-5,GCS,1.000
644.44,UAV-5,GCS,1.000
645.46,UAV-5,GCS,1.000
646.48,UAV-5,GCS,1.000
665.86,UAV-3,GCS,1.000
666.88,UAV-3,GCS,1.000
667.90,UAV-3,GCS,1.000
668.92,UAV-3,GCS,1.000
669.94,UAV-3,GCS,1.000
670.96,UAV-3,GCS,1.000
671.98,UAV-3,GCS,1.000
673.00,UAV-3,GCS,1.000
674.02,UAV-3,GCS,1.000
675.04,UAV-3,GCS,1.000
676.06,UAV-3,GCS,1.000
677.08,UAV-3,GCS,1.000
678.10,UAV-3,GCS,1.000
679.12,UAV-3,GCS,1.000
680.14,UAV-3,GCS,1.000
681.16,UAV-3,GCS,1.000
682.18,UAV-3,GCS,1.000
683.20,UAV-3,GCS,1.000
684.22,UAV-3,GCS,1.000
685.24,UAV-3,GCS,1.000
686.26,UAV-3,GCS,1.000
687.28,UAV-3,GCS,1.000
688.30,UAV-3,GCS,1.000
689.32,UAV-3,GCS,1.000
690.34,UAV-3,GCS,1.000
691.36,UAV-3,GCS,1.000
692.38,UAV-3,GCS,1.000
693.40,UAV-3,GCS,1.000
694.42,UAV-3,GCS,1.000
695.44,UAV-3,GCS,1.000
696.46,UAV-3,GCS,1.000
697.48,UAV-3,GCS,1.000
698.50,UAV-3,GCS,1.000
699.52,UAV-3,GCS,1.000
700.54,UAV-3,GCS,1.000
701.56,UAV-3,GCS,1.000
702.58,UAV-3,GCS,1.000
703.60,UAV-3,GCS,1.000
704.62,UAV-3,GCS,1.000
705.64,UAV-3,GCS,1.000
706.66,UAV-3,GCS,1.000
707.68,UAV-3,GCS,1.000
708.70,UAV-3,GCS,1.000
709.72,UAV-3,GCS,1.000
710.74,UAV-3,GCS,1.000
711.76,UAV-3,GCS,1.000
712.78,UAV-3,GCS,1.000
713.80,UAV-3,GCS,1.000
714.82,UAV-3,GCS,1.000
715.84,UAV-3,GCS,1.000
716.86,UAV-3,GCS,1.000
717.88,UAV-3,GCS,1.000
718.90,UAV-3,GCS,1.000
719.92,UAV-3,GCS,1.000
720.94,UAV-3,GCS,1.000
721.96,UAV-3,GCS,1.000
722.98,UAV-3,GCS,1.000
724.00,UAV-3,GCS,1.000
725.02,UAV-3,GCS,1.000
726.04,UAV-3,GCS,1.000
727.06,UAV-3,GCS,1.000
728.08,UAV-3,GCS,1.000
729.10,UAV-3,GCS,1.000
730.12,UAV-3,GCS,1.000
731.14,UAV-3,GCS,1.000
732.16,UAV-3,GCS,1.000
733.18,UAV-3,GCS,1.000
734.20,UAV-3,GCS,1.000
735.22,UAV-3,GCS,1.000
736.24,UAV-3,GCS,1.000
737.26,UAV-3,GCS,1.000
738.28,UAV-3,GCS,1.000
739.30,UAV-3,GCS,1.000
740.32,UAV-3,GCS,1.000
741.34,UAV-3,GCS,1.000
742.36,UAV-3,GCS,1.000
743.38,UAV-3,GCS,1.000
744.40,UAV-3,GCS,1.000
745.42,UAV-3,GCS,1.000
746.44,UAV-3,GCS,1.000
747.46,UAV-3,GCS,1.000
748.48,UAV-3,GCS,1.000
749.50,UAV-3,GCS,1.000
750.52,UAV-3,GCS,1.000
751.54,UAV-3,GCS,1.000
752.56,UAV-3,GCS,1.000
753.58,UAV-3,GCS,1.000
754.60,UAV-3,GCS,1.000
755.62,UAV-3,GCS,1.000
756.64,UAV-3,GCS,1.000
757.66,UAV-3,GCS,1.000
758.68,UAV-3,GCS,1.000
759.70,UAV-3,GCS,1.000
760.72,UAV-3,GCS,1.000
761.74,UAV-3,GCS,1.000
762.76,UAV-3,GCS,1.000
763.78,UAV-3,GCS,1.000
764.80,UAV-3,GCS,1.000
765.82,UAV-3,GCS,1.000
766.84,UAV-3,GCS,1.000
767.86,UAV-3,GCS,1.000
768.88,UAV-3,GCS,1.000
769.90,UAV-3,GCS,1.000
770.92,UAV-3,GCS,1.000
771.94,UAV-3,GCS,1.000
772.96,UAV-3,GCS,1.000
773.98,UAV-3,GCS,1.000
775.00,UAV-3,GCS,1.000
776.02,UAV-3,GCS,1.000
777.04,UAV-3,GCS,1.000
778.06,UAV-3,GCS,1.000
779.08,UAV-3,GCS,1.000
780.10,UAV-3,GCS,1.000
781.12,UAV-3,GCS,1.000
782.14,UAV-3,GCS,1.000
783.16,UAV-3,GCS,1.000
784.18,UAV-3,GCS,1.000
785.20,UAV-3,GCS,1.000
786.22,UAV-3,GCS,1.000
787.24,UAV-3,GCS,1.000
788.26,UAV-3,GCS,1.000
789.28,UAV-3,GCS,1.000
790.30,UAV-3,GCS,1.000
791.32,UAV-3,GCS,1.000
792.34,UAV-3,GCS,1.000
793.36,UAV-3,GCS,1.000
794.38,UAV-3,GCS,1.000
795.40,UAV-3,GCS,1.000
796.42,UAV-3,GCS,1.000
797.44,UAV-3,GCS,1.000
798.46,UAV-3,GCS,1.000
799.48,UAV-3,GCS,1.000
800.50,UAV-3,GCS,1.000
801.52,UAV-3,GCS,1.000
802.54,UAV-3,GCS,1.000
803.56,UAV-3,GCS,1.000
804.58,UAV-3,GCS,1.000
805.60,UAV-3,GCS,1.000
806.62,UAV-3,GCS,1.000
807.64,UAV-3,GCS,1.000
808.66,UAV-3,GCS,1.000
809.68,UAV-3,GCS,1.000
810.70,UAV-3,GCS,1.000
811.72,UAV-3,GCS,1.000
812.74,UAV-3,GCS,1.000
813.76,UAV-3,GCS,1.000
814.78,UAV-3,GCS,1.000
815.80,UAV-3,GCS,1.000
816.82,UAV-3,GCS,1.000
817.84,UAV-3,GCS,1.000
818.86,UAV-3,GCS,1.000
819.88,UAV-3,GCS,1.000
820.90,UAV-3,GCS,1.000
821.92,UAV-3,GCS,1.000
822.94,UAV-3,GCS,1.000
823.96,UAV-3,GCS,1.000
824.98,UAV-3,GCS,1.000
826.00,UAV-3,GCS,1.000
827.02,UAV-3,GCS,1.000
828.04,UAV-3,GCS,1.000
829.06,UAV-3,GCS,1.000
830.08,UAV-3,GCS,1.000
