t,mission_t,uav,role,status,phase,x,y,z,agl,speed,battery,connected,path_pdr,hops,gcs_link,radio_ok,assigned_task,survey_backlog
0.02,0.02,UAV-1,RELAY,ACTIVE,RELAY_TRANSIT,168.4,2236.3,632.9,4.0,0.00,100.00,1,0.000,0,0.000,1,,0
0.02,0.02,UAV-2,STANDBY,READY,READY,168.4,2256.3,629.0,0.3,0.00,100.00,1,0.000,0,0.000,1,,0
0.02,0.02,UAV-3,STANDBY,READY,READY,184.4,2236.3,628.6,0.3,0.00,100.00,1,0.000,0,0.000,1,,0
0.02,0.02,UAV-4,STANDBY,READY,READY,184.4,2256.3,628.5,0.3,0.00,100.00,1,0.000,0,0.000,1,,0
0.02,0.02,UAV-5,STANDBY,READY,READY,200.4,2236.3,628.1,0.3,0.00,100.00,1,0.000,0,0.000,1,,0
1.02,1.02,UAV-1,RELAY,ACTIVE,RELAY_TRANSIT,172.3,2234.4,637.9,9.1,12.94,99.85,1,1.000,1,1.000,1,,0
1.02,1.02,UAV-2,STANDBY,READY,READY,168.4,2256.3,629.0,0.3,0.00,100.00,1,0.000,0,0.000,1,,0
1.02,1.02,UAV-3,STANDBY,READY,READY,184.4,2236.3,628.6,0.3,0.00,100.00,1,0.000,0,0.000,1,,0
1.02,1.02,UAV-4,STANDBY,READY,READY,184.4,2256.3,628.5,0.3,0.00,100.00,1,0.000,0,0.000,1,,0
1.02,1.02,UAV-5,STANDBY,READY,READY,200.4,2236.3,628.1,0.3,0.00,100.00,1,0.000,0,0.000,1,,0
2.02,2.02,UAV-1,RELAY,ACTIVE,RELAY_TRANSIT,185.0,2231.4,648.2,19.8,19.16,99.72,1,1.000,1,1.000,1,,0
2.02,2.02,UAV-2,STANDBY,READY,READY,168.4,2256.3,629.0,0.3,0.00,100.00,1,0.000,0,0.000,1,,0
2.02,2.02,UAV-3,STANDBY,READY,READY,184.4,2236.3,628.6,0.3,0.00,100.00,1,0.000,0,0.000,1,,0
2.02,2.02,UAV-4,STANDBY,READY,READY,184.4,2256.3,628.5,0.3,0.00,100.00,1,0.000,0,0.000,1,,0
2.02,2.02,UAV-5,STANDBY,READY,READY,200.4,2236.3,628.1,0.3,0.00,100.00,1,0.000,0,0.000,1,,0
3.02,3.02,UAV-1,RELAY,ACTIVE,RELAY_TRANSIT,202.4,2228.5,658.5,30.9,21.08,99.60,1,1.000,1,1.000,1,,0
3.02,3.02,UAV-2,STANDBY,READY,READY,168.4,2256.3,629.0,0.3,0.00,100.00,1,0.000,0,0.000,1,,0
3.02,3.02,UAV-3,STANDBY,READY,READY,184.4,2236.3,628.6,0.3,0.00,100.00,1,0.000,0,0.000,1,,0
3.02,3.02,UAV-4,STANDBY,READY,READY,184.4,2256.3,628.5,0.3,0.00,100.00,1,0.000,0,0.000,1,,0
3.02,3.02,UAV-5,STANDBY,READY,READY,200.4,2236.3,628.1,0.3,0.00,100.00,1,0.000,0,0.000,1,,0
4.02,4.02,UAV-1,RELAY,ACTIVE,RELAY_TRANSIT,220.9,2225.7,668.6,41.6,21.38,99.48,1,1.000,1,1.000,1,,0
4.02,4.02,UAV-2,SCOUT,ACTIVE,IDLE,168.4,2256.3,632.7,4.0,0.00,100.00,1,0.000,0,0.000,1,,0
4.02,4.02,UAV-3,STANDBY,READY,READY,184.4,2236.3,628.6,0.3,0.00,100.00,1,0.000,0,0.000,1,,0
4.02,4.02,UAV-4,STANDBY,READY,READY,184.4,2256.3,628.5,0.3,0.00,100.00,1,0.000,0,0.000,1,,0
4.02,4.02,UAV-5,STANDBY,READY,READY,200.4,2236.3,628.1,0.3,0.00,100.00,1,0.000,0,0.000,1,,0
5.04,5.04,UAV-1,RELAY,ACTIVE,RELAY_TRANSIT,239.8,2222.7,677.6,50.9,19.87,99.36,1,1.000,1,1.000,1,,0
5.04,5.04,UAV-2,SCOUT,ACTIVE,TRANSIT,168.5,2256.3,638.9,10.2,11.46,99.85,1,1.000,1,1.000,1,POI-001,0
5.04,5.04,UAV-3,STANDBY,READY,READY,184.4,2236.3,628.6,0.3,0.00,100.00,1,0.000,0,0.000,1,,0
5.04,5.04,UAV-4,STANDBY,READY,READY,184.4,2256.3,628.5,0.3,0.00,100.00,1,0.000,0,0.000,1,,0
5.04,5.04,UAV-5,STANDBY,READY,READY,200.4,2236.3,628.1,0.3,0.00,100.00,1,0.000,0,0.000,1,,0
6.06,6.06,UAV-1,RELAY,ACTIVE,RELAY_TRANSIT,259.8,2218.9,683.7,57.0,21.71,99.25,1,1.000,1,1.000,1,,0
6.06,6.06,UAV-2,SCOUT,ACTIVE,TRANSIT,168.8,2256.4,654.7,26.0,18.65,99.69,1,1.000,1,1.000,1,POI-001,0
6.06,6.06,UAV-3,STANDBY,READY,READY,184.4,2236.3,628.6,0.3,0.00,100.00,1,0.000,0,0.000,1,,0
6.06,6.06,UAV-4,STANDBY,READY,READY,184.4,2256.3,628.5,0.3,0.00,100.00,1,0.000,0,0.000,1,,0
6.06,6.06,UAV-5,STANDBY,READY,READY,200.4,2236.3,628.1,0.3,0.00,100.00,1,0.000,0,0.000,1,,0
7.08,7.08,UAV-1,RELAY,ACTIVE,RELAY_TRANSIT,280.9,2214.5,689.5,62.7,21.96,99.13,1,1.000,1,1.000,1,,0
7.08,7.08,UAV-2,SCOUT,ACTIVE,TRANSIT,169.0,2256.5,675.2,46.5,20.64,99.55,1,1.000,1,1.000,1,POI-001,0
7.08,7.08,UAV-3,STANDBY,READY,READY,184.4,2236.3,628.6,0.3,0.00,100.00,1,0.000,0,0.000,1,,0
7.08,7.08,UAV-4,STANDBY,READY,READY,184.4,2256.3,628.5,0.3,0.00,100.00,1,0.000,0,0.000,1,,0
7.08,7.08,UAV-5,STANDBY,READY,READY,200.4,2236.3,628.1,0.3,0.00,100.00,1,0.000,0,0.000,1,,0
8.10,8.10,UAV-1,RELAY,ACTIVE,RELAY_TRANSIT,302.2,2210.3,695.1,68.0,21.99,99.02,1,1.000,1,1.000,1,,0
8.10,8.10,UAV-2,SCOUT,ACTIVE,TRANSIT,169.2,2256.5,696.5,67.8,21.07,99.41,1,1.000,1,1.000,1,POI-001,0
8.10,8.10,UAV-3,SCOUT,ACTIVE,IDLE,184.4,2236.3,632.3,4.0,0.00,100.00,0,0.000,0,0.000,1,,0
8.10,8.10,UAV-4,STANDBY,READY,READY,184.4,2256.3,628.5,0.3,0.00,100.00,1,0.000,0,0.000,1,,0
8.10,8.10,UAV-5,STANDBY,READY,READY,200.4,2236.3,628.1,0.3,0.00,100.00,1,0.000,0,0.000,1,,0
9.12,9.12,UAV-1,RELAY,ACTIVE,RELAY_TRANSIT,323.5,2206.0,700.5,72.9,21.96,98.91,1,1.000,1,1.000,1,,0
9.12,9.12,UAV-2,SCOUT,ACTIVE,TRANSIT,169.3,2256.5,717.2,88.5,16.24,99.27,1,1.000,1,1.000,1,POI-001,0
9.12,9.12,UAV-3,SCOUT,ACTIVE,TRANSIT,184.5,2236.3,638.5,10.2,11.44,99.85,1,1.000,1,1.000,1,POI-002,0
9.12,9.12,UAV-4,STANDBY,READY,READY,184.4,2256.3,628.5,0.3,0.00,100.00,1,0.000,0,0.000,1,,0
9.12,9.12,UAV-5,STANDBY,READY,READY,200.4,2236.3,628.1,0.3,0.00,100.00,1,0.000,0,0.000,1,,0
10.14,10.14,UAV-1,RELAY,ACTIVE,RELAY_TRANSIT,344.9,2201.8,705.7,77.1,21.93,98.80,1,1.000,1,1.000,1,,0
10.14,10.14,UAV-2,SCOUT,ACTIVE,TRANSIT,171.6,2256.5,727.9,99.3,6.86,99.16,1,1.000,1,1.000,1,POI-001,0
10.14,10.14,UAV-3,SCOUT,ACTIVE,TRANSIT,184.7,2236.4,654.4,26.0,18.64,99.69,1,1.000,1,1.000,1,POI-002,0
10.14,10.14,UAV-4,STANDBY,READY,READY,184.4,2256.3,628.5,0.3,0.00,100.00,1,0.000,0,0.000,1,,0
10.14,10.14,UAV-5,STANDBY,READY,READY,200.4,2236.3,628.1,0.3,0.00,100.00,1,0.000,0,0.000,1,,0
11.16,11.16,UAV-1,RELAY,ACTIVE,RELAY_TRANSIT,366.0,2197.9,709.0,79.7,21.26,98.69,1,1.000,1,1.000,1,,0
11.16,11.16,UAV-2,SCOUT,ACTIVE,TRANSIT,177.1,2256.0,731.3,102.8,8.38,99.05,1,1.000,1,1.000,1,POI-001,0
11.16,11.16,UAV-3,SCOUT,ACTIVE,TRANSIT,185.0,2236.5,674.8,46.5,20.64,99.55,1,1.000,1,1.000,1,POI-002,0
11.16,11.16,UAV-4,STANDBY,READY,READY,184.4,2256.3,628.5,0.3,0.00,100.00,1,0.000,0,0.000,1,,0
11.16,11.16,UAV-5,STANDBY,READY,READY,200.4,2236.3,628.1,0.3,0.00,100.00,1,0.000,0,0.000,1,,0
12.18,12.18,UAV-1,RELAY,ACTIVE,RELAY_TRANSIT,387.7,2193.8,710.9,80.6,21.90,98.59,1,1.000,1,1.000,1,,0
12.18,12.18,UAV-2,SCOUT,ACTIVE,TRANSIT,188.6,2255.1,733.1,105.0,14.25,98.92,1,1.000,1,1.000,1,POI-001,0
12.18,12.18,UAV-3,SCOUT,ACTIVE,TRANSIT,185.1,2236.5,696.1,67.8,21.08,99.41,1,1.000,1,1.000,1,POI-002,0
12.18,12.18,UAV-4,SCOUT,ACTIVE,IDLE,184.4,2256.3,632.2,4.0,0.00,100.00,1,0.000,0,0.000,1,,0
12.18,12.18,UAV-5,STANDBY,READY,READY,200.4,2236.3,628.1,0.3,0.00,100.00,1,0.000,0,0.000,1,,0
13.20,13.20,UAV-1,RELAY,ACTIVE,RELAY_TRANSIT,409.6,2189.7,712.7,81.2,21.91,98.48,1,1.000,1,1.000,1,,0
13.20,13.20,UAV-2,SCOUT,ACTIVE,TRANSIT,205.5,2254.2,734.6,106.8,18.68,98.80,1,1.000,1,1.000,1,POI-001,0
13.20,13.20,UAV-3,SCOUT,ACTIVE,TRANSIT,185.2,2236.5,716.8,88.5,16.28,99.27,1,1.000,1,1.000,1,POI-002,0
13.20,13.20,UAV-4,SCOUT,ACTIVE,TRANSIT,184.5,2256.3,638.5,10.2,11.47,99.85,1,1.000,1,1.000,1,POI-005,0
13.20,13.20,UAV-5,STANDBY,READY,READY,200.4,2236.3,628.1,0.3,0.00,100.00,1,0.000,0,0.000,1,,0
14.22,14.22,UAV-1,RELAY,ACTIVE,RELAY_TRANSIT,431.5,2185.7,714.4,82.4,21.88,98.37,1,1.000,1,1.000,1,,0
14.22,14.22,UAV-2,SCOUT,ACTIVE,TRANSIT,225.9,2253.5,735.8,108.7,20.80,98.69,1,1.000,1,1.000,1,POI-001,0
14.22,14.22,UAV-3,SCOUT,ACTIVE,TRANSIT,187.5,2237.0,727.6,99.4,6.91,99.16,1,1.000,1,1.000,1,POI-002,0
14.22,14.22,UAV-4,SCOUT,ACTIVE,TRANSIT,184.7,2256.4,654.3,26.1,18.67,99.69,1,1.000,1,1.000,1,POI-005,0
14.22,14.22,UAV-5,STANDBY,READY,READY,200.4,2236.3,628.1,0.3,0.00,100.00,1,0.000,0,0.000,1,,0
15.24,15.24,UAV-1,RELAY,ACTIVE,RELAY_TRANSIT,453.4,2181.7,716.1,84.3,21.90,98.27,1,1.000,1,1.000,1,,0
15.24,15.24,UAV-2,SCOUT,ACTIVE,TRANSIT,247.3,2252.8,737.0,110.5,21.19,98.59,1,1.000,1,1.000,1,POI-001,0
15.24,15.24,UAV-3,SCOUT,ACTIVE,TRANSIT,193.1,2237.8,731.1,103.0,8.56,99.05,1,1.000,1,1.000,1,POI-002,0
15.24,15.24,UAV-4,SCOUT,ACTIVE,TRANSIT,185.0,2256.5,674.7,46.5,20.64,99.55,1,1.000,1,1.000,1,POI-005,0
15.24,15.24,UAV-5,STANDBY,READY,READY,200.4,2236.3,628.1,0.3,0.00,100.00,1,0.000,0,0.000,1,,0
16.26,16.26,UAV-1,RELAY,ACTIVE,RELAY_TRANSIT,475.3,2177.7,717.6,84.9,21.65,98.16,1,1.000,1,1.000,1,,0
16.26,16.26,UAV-2,SCOUT,ACTIVE,TRANSIT,269.0,2252.1,738.1,111.8,21.41,98.49,1,1.000,1,1.000,1,POI-001,0
16.26,16.26,UAV-3,SCOUT,ACTIVE,TRANSIT,204.7,2238.7,733.1,105.3,14.41,98.93,1,1.000,1,1.000,1,POI-002,0
16.26,16.26,UAV-4,SCOUT,ACTIVE,TRANSIT,185.1,2256.5,696.0,67.8,21.07,99.41,1,1.000,1,1.000,1,POI-005,0
16.26,16.26,UAV-5,SCOUT,ACTIVE,IDLE,200.4,2236.3,631.8,4.0,0.00,100.00,1,0.000,0,0.000,1,,0
17.28,17.28,UAV-1,RELAY,ACTIVE,RELAY_TRANSIT,497.2,2173.9,718.3,83.8,21.90,98.06,1,1.000,1,1.000,1,,0
17.28,17.28,UAV-2,SCOUT,ACTIVE,TRANSIT,290.9,2251.6,739.2,113.0,21.56,98.38,1,1.000,1,1.000,1,POI-001,0
17.28,17.28,UAV-3,SCOUT,ACTIVE,TRANSIT,221.8,2239.5,734.7,107.5,18.85,98.81,1,1.000,1,1.000,1,POI-002,0
17.28,17.28,UAV-4,SCOUT,ACTIVE,TRANSIT,185.2,2256.5,716.7,88.5,16.25,99.27,1,1.000,1,1.000,1,POI-005,0
17.28,17.28,UAV-5,SCOUT,ACTIVE,TRANSIT,200.5,2236.3,638.1,10.2,11.46,99.85,1,1.000,1,1.000,1,POI-006,0
18.30,18.30,UAV-1,RELAY,ACTIVE,RELAY_TRANSIT,519.3,2170.2,718.9,82.9,21.90,97.95,1,1.000,1,1.000,1,,0
18.30,18.30,UAV-2,SCOUT,ACTIVE,TRANSIT,312.9,2251.0,740.2,113.3,21.68,98.28,1,1.000,1,1.000,1,POI-001,0
18.30,18.30,UAV-3,SCOUT,ACTIVE,TRANSIT,242.3,2240.3,736.1,109.5,20.87,98.70,1,1.000,1,1.000,1,POI-002,0
18.30,18.30,UAV-4,SCOUT,ACTIVE,TRANSIT,187.5,2256.3,727.5,99.3,6.82,99.16,1,1.000,1,1.000,1,POI-005,0
18.30,18.30,UAV-5,SCOUT,ACTIVE,TRANSIT,200.7,2236.4,653.9,26.0,18.64,99.69,1,1.000,1,1.000,1,POI-006,0
19.32,19.32,UAV-1,RELAY,ACTIVE,RELAY_TRANSIT,541.3,2166.6,719.4,81.5,21.92,97.85,1,1.000,1,1.000,1,,0
19.32,19.32,UAV-2,SCOUT,ACTIVE,TRANSIT,335.1,2250.5,741.1,112.3,21.78,98.17,1,1.000,1,1.000,1,POI-001,0
19.32,19.32,UAV-3,SCOUT,ACTIVE,TRANSIT,263.7,2241.0,737.5,111.0,21.24,98.59,1,1.000,1,1.000,1,POI-002,0
19.32,19.32,UAV-4,SCOUT,ACTIVE,TRANSIT,192.9,2255.5,731.0,102.9,8.45,99.04,1,1.000,1,1.000,1,POI-005,0
19.32,19.32,UAV-5,SCOUT,ACTIVE,TRANSIT,201.0,2236.5,674.3,46.5,20.64,99.55,1,1.000,1,1.000,1,POI-006,0
20.34,20.34,UAV-1,RELAY,ACTIVE,RELAY_TRANSIT,563.3,2162.9,720.0,81.1,21.91,97.74,1,1.000,1,1.000,1,,0
20.34,20.34,UAV-2,SCOUT,ACTIVE,TRANSIT,357.3,2250.0,741.9,111.4,21.84,98.07,1,1.000,1,1.000,1,POI-001,0
20.34,20.34,UAV-3,SCOUT,ACTIVE,TRANSIT,285.5,2241.7,738.7,112.5,21.44,98.49,1,1.000,1,1.000,1,POI-002,0
20.34,20.34,UAV-4,SCOUT,ACTIVE,TRANSIT,204.3,2254.1,733.0,105.1,14.28,98.92,1,1.000,1,1.000,1,POI-005,0
20.34,20.34,UAV-5,SCOUT,ACTIVE,TRANSIT,201.1,2236.5,695.6,67.8,21.08,99.41,1,1.000,1,1.000,1,POI-006,0
21.36,21.36,UAV-1,RELAY,ACTIVE,RELAY_TRANSIT,585.4,2159.3,720.5,81.0,21.91,97.64,1,1.000,1,1.000,1,,0
21.36,21.36,UAV-2,SCOUT,ACTIVE,TRANSIT,378.6,2251.3,742.7,110.6,20.42,97.95,1,1.000,1,1.000,1,POI-001,0
21.36,21.36,UAV-3,SCOUT,ACTIVE,TRANSIT,307.4,2242.4,739.9,113.5,21.59,98.39,1,1.000,1,1.000,1,POI-002,0
21.36,21.36,UAV-4,SCOUT,ACTIVE,TRANSIT,221.3,2252.8,734.6,107.3,18.74,98.80,1,1.000,1,1.000,1,POI-005,0
21.36,21.36,UAV-5,SCOUT,ACTIVE,TRANSIT,201.2,2236.5,716.3,88.5,16.26,99.27,1,1.000,1,1.000,1,POI-006,0
22.38,22.38,UAV-1,RELAY,ACTIVE,RELAY_TRANSIT,607.4,2155.7,721.0,80.5,21.92,97.53,1,1.000,1,1.000,1,,0
22.38,22.38,UAV-2,SCOUT,ACTIVE,TRANSIT,399.0,2257.8,743.2,109.1,21.67,97.83,1,1.000,1,1.000,1,POI-001,0
22.38,22.38,UAV-3,SCOUT,ACTIVE,TRANSIT,329.4,2243.1,741.0,113.2,21.70,98.28,1,1.000,1,1.000,1,POI-002,0
22.38,22.38,UAV-4,SCOUT,ACTIVE,TRANSIT,241.7,2251.7,736.0,109.4,20.87,98.69,1,1.000,1,1.000,1,POI-005,0
22.38,22.38,UAV-5,SCOUT,ACTIVE,TRANSIT,203.6,2236.9,727.1,99.3,6.90,99.16,1,1.000,1,1.000,1,POI-006,0
23.40,23.40,UAV-1,RELAY,ACTIVE,RELAY_TRANSIT,629.5,2151.9,721.4,80.2,21.90,97.43,1,1.000,1,1.000,1,,0
23.40,23.40,UAV-2,SCOUT,ACTIVE,TRANSIT,419.7,2266.2,743.8,108.3,22.00,97.73,1,1.000,1,1.000,1,POI-001,0
23.40,23.40,UAV-3,SCOUT,ACTIVE,TRANSIT,351.5,2243.7,742.0,112.3,21.76,98.18,1,1.000,1,1.000,1,POI-002,0
23.40,23.40,UAV-4,SCOUT,ACTIVE,TRANSIT,263.1,2250.7,737.3,110.9,21.21,98.59,1,1.000,1,1.000,1,POI-005,0
23.40,23.40,UAV-5,SCOUT,ACTIVE,TRANSIT,209.3,2237.4,730.6,103.0,8.74,99.05,1,1.000,1,1.000,1,POI-006,0
24.42,24.42,UAV-1,RELAY,ACTIVE,RELAY_TRANSIT,651.5,2148.2,721.9,80.5,21.91,97.32,1,1.000,1,1.000,1,,0
24.42,24.42,UAV-2,SCOUT,ACTIVE,TRANSIT,440.2,2274.7,743.9,109.0,20.47,97.61,1,1.000,1,1.000,1,POI-001,0
24.42,24.42,UAV-3,SCOUT,ACTIVE,TRANSIT,373.7,2244.4,743.0,111.6,21.84,98.07,1,1.000,1,1.000,1,POI-002,0
24.42,24.42,UAV-4,SCOUT,ACTIVE,TRANSIT,284.8,2249.7,738.6,112.4,21.43,98.48,1,1.000,1,1.000,1,POI-005,0
24.42,24.42,UAV-5,SCOUT,ACTIVE,TRANSIT,221.1,2237.8,732.7,105.5,14.59,98.93,1,1.000,1,1.000,1,POI-006,0
25.44,25.44,UAV-1,RELAY,ACTIVE,RELAY_TRANSIT,673.5,2144.5,722.3,81.2,21.91,97.22,1,1.000,1,1.000,1,,0
25.44,25.44,UAV-2,SCOUT,ACTIVE,TRANSIT,457.1,2281.2,739.0,104.4,17.29,97.48,1,1.000,1,1.000,1,POI-001,0
25.44,25.44,UAV-3,SCOUT,ACTIVE,TRANSIT,395.4,2243.4,743.8,110.5,21.16,97.96,1,1.000,1,1.000,1,POI-002,0
25.44,25.44,UAV-4,SCOUT,ACTIVE,TRANSIT,306.7,2248.8,739.8,113.3,21.58,98.38,1,1.000,1,1.000,1,POI-005,0
25.44,25.44,UAV-5,SCOUT,ACTIVE,TRANSIT,238.4,2238.1,734.5,107.8,19.02,98.81,1,1.000,1,1.000,1,POI-006,0
26.46,26.46,UAV-1,RELAY,ACTIVE,RELAY_TRANSIT,695.6,2140.8,722.8,81.7,21.93,97.11,1,1.000,1,1.000,1,,0
26.46,26.46,UAV-2,SCOUT,ACTIVE,TRANSIT,470.2,2285.4,728.5,93.7,17.14,97.35,1,1.000,1,1.000,1,POI-001,0
26.46,26.46,UAV-3,SCOUT,ACTIVE,TRANSIT,417.2,2239.6,744.5,109.9,21.95,97.85,1,1.000,1,1.000,1,POI-002,0
26.46,26.46,UAV-4,SCOUT,ACTIVE,TRANSIT,328.7,2248.0,740.9,112.8,21.71,98.27,1,1.000,1,1.000,1,POI-005,0
26.46,26.46,UAV-5,SCOUT,ACTIVE,TRANSIT,259.0,2238.5,736.0,109.5,20.94,98.70,1,1.000,1,1.000,1,POI-006,0
27.48,27.48,UAV-1,RELAY,ACTIVE,RELAY_TRANSIT,717.6,2137.1,723.2,81.8,21.95,97.01,1,1.000,1,1.000,1,,0
27.48,27.48,UAV-2,SCOUT,ACTIVE,TRANSIT,480.3,2287.8,714.0,78.8,17.88,97.22,1,1.000,1,1.000,1,POI-001,0
27.48,27.48,UAV-3,SCOUT,ACTIVE,TRANSIT,439.2,2235.4,745.2,111.1,22.00,97.74,1,1.000,1,1.000,1,POI-002,0
27.48,27.48,UAV-4,SCOUT,ACTIVE,TRANSIT,350.9,2247.1,742.0,112.1,21.80,98.17,1,1.000,1,1.000,1,POI-005,0
27.48,27.48,UAV-5,SCOUT,ACTIVE,TRANSIT,280.5,2238.9,737.4,111.2,21.28,98.60,1,1.000,1,1.000,1,POI-006,0
28.50,28.50,UAV-1,RELAY,ACTIVE,RELAY_TRANSIT,739.7,2133.8,724.0,82.0,21.93,96.90,1,1.000,1,1.000,1,,0
28.50,28.50,UAV-2,SCOUT,ACTIVE,SURVEY,488.0,2288.9,697.4,61.7,17.34,97.09,1,1.000,1,1.000,1,POI-001,0
28.50,28.50,UAV-3,SCOUT,ACTIVE,TRANSIT,461.2,2231.2,745.9,112.6,21.99,97.64,1,1.000,1,1.000,1,POI-002,0
28.50,28.50,UAV-4,SCOUT,ACTIVE,TRANSIT,373.1,2246.3,743.0,111.5,21.84,98.06,1,1.000,1,1.000,1,POI-005,0
28.50,28.50,UAV-5,SCOUT,ACTIVE,TRANSIT,302.3,2239.2,738.8,112.6,21.46,98.49,1,1.000,1,1.000,1,POI-006,0
29.52,29.52,UAV-1,RELAY,ACTIVE,RELAY_TRANSIT,761.8,2130.6,725.0,82.4,21.92,96.80,1,1.000,1,1.000,1,,0
29.52,29.52,UAV-2,SCOUT,ACTIVE,SURVEY,491.3,2287.3,683.4,47.7,11.19,96.96,1,1.000,1,1.000,1,POI-001,0
29.52,29.52,UAV-3,SCOUT,ACTIVE,TRANSIT,483.2,2227.0,746.6,113.0,21.98,97.53,1,1.000,1,1.000,1,POI-002,0
29.52,29.52,UAV-4,SCOUT,ACTIVE,TRANSIT,394.9,2244.2,743.8,110.5,21.55,97.95,1,1.000,1,1.000,1,POI-005,0
29.52,29.52,UAV-5,SCOUT,ACTIVE,TRANSIT,324.2,2239.5,740.1,112.9,21.59,98.39,1,1.000,1,1.000,1,POI-006,0
30.54,30.54,UAV-1,RELAY,ACTIVE,RELAY_TRANSIT,784.0,2127.5,726.0,83.2,21.91,96.69,1,1.000,1,1.000,1,,0
30.54,30.54,UAV-2,SCOUT,ACTIVE,SURVEY,487.3,2284.7,675.2,39.9,9.25,96.82,1,1.000,1,1.000,1,POI-001,0
30.54,30.54,UAV-3,SCOUT,ACTIVE,TRANSIT,505.2,2222.9,747.3,112.0,21.96,97.43,1,1.000,1,1.000,1,POI-002,0
30.54,30.54,UAV-4,SCOUT,ACTIVE,TRANSIT,416.8,2240.1,744.5,109.9,21.94,97.85,1,1.000,1,1.000,1,POI-005,0
30.54,30.54,UAV-5,SCOUT,ACTIVE,TRANSIT,346.2,2239.9,741.3,112.3,21.69,98.28,1,1.000,1,1.000,1,POI-006,0
31.56,31.56,UAV-1,RELAY,ACTIVE,RELAY_TRANSIT,806.1,2124.4,726.9,83.8,21.92,96.58,1,1.000,1,1.000,1,,0
31.56,31.56,UAV-2,SCOUT,ACTIVE,SURVEY,477.8,2283.3,671.2,36.4,11.24,96.70,1,1.000,1,1.000,1,POI-001,0
31.56,31.56,UAV-3,SCOUT,ACTIVE,TRANSIT,527.3,2218.7,747.9,110.7,21.97,97.32,1,1.000,1,1.000,1,POI-002,0
31.56,31.56,UAV-4,SCOUT,ACTIVE,TRANSIT,438.8,2235.8,745.2,111.0,21.97,97.74,1,1.000,1,1.000,1,POI-005,0
31.56,31.56,UAV-5,SCOUT,ACTIVE,TRANSIT,368.4,2240.2,742.5,111.8,21.78,98.18,1,1.000,1,1.000,1,POI-006,0
32.56,32.56,UAV-1,RELAY,ACTIVE,RELAY_TRANSIT,827.8,2121.4,727.7,83.8,21.94,96.48,1,1.000,1,1.000,1,,0
32.56,32.56,UAV-2,SCOUT,ACTIVE,TRANSIT,466.6,2282.9,670.4,35.8,9.09,96.56,1,1.000,1,1.000,1,POI-007,4
32.56,32.56,UAV-3,SCOUT,ACTIVE,TRANSIT,548.8,2214.7,748.5,109.7,21.98,97.22,1,1.000,1,1.000,1,POI-002,0
32.56,32.56,UAV-4,SCOUT,ACTIVE,TRANSIT,460.3,2231.7,745.9,112.5,21.99,97.64,1,1.000,1,1.000,1,POI-005,0
32.56,32.56,UAV-5,SCOUT,ACTIVE,TRANSIT,390.2,2240.5,743.6,110.9,21.85,98.08,1,1.000,1,1.000,1,POI-006,0
33.56,33.56,UAV-1,RELAY,ACTIVE,RELAY_TRANSIT,849.5,2118.3,728.8,84.0,21.90,96.38,1,1.000,1,1.000,1,,0
33.56,33.56,UAV-2,SCOUT,ACTIVE,TRANSIT,464.2,2282.7,678.0,43.4,11.97,96.41,1,1.000,1,1.000,1,POI-007,0
33.56,33.56,UAV-3,SCOUT,ACTIVE,TRANSIT,570.4,2210.6,749.1,109.6,21.95,97.12,1,1.000,1,1.000,1,POI-002,0
33.56,33.56,UAV-4,SCOUT,ACTIVE,TRANSIT,481.9,2227.6,746.5,113.1,21.96,97.54,1,1.000,1,1.000,1,POI-005,0
33.56,33.56,UAV-5,SCOUT,ACTIVE,TRANSIT,411.5,2239.4,744.3,110.0,21.30,97.96,1,1.000,1,1.000,1,POI-006,0
34.56,34.56,UAV-1,RELAY,ACTIVE,RELAY_TRANSIT,871.2,2115.4,730.2,83.9,21.91,96.27,1,1.000,1,1.000,1,,0
34.56,34.56,UAV-2,SCOUT,ACTIVE,TRANSIT,467.4,2282.7,693.7,59.0,19.04,96.26,1,1.000,1,1.000,1,POI-007,0
34.56,34.56,UAV-3,SCOUT,ACTIVE,TRANSIT,592.0,2206.6,749.7,109.8,21.95,97.02,1,1.000,1,1.000,1,POI-002,0
34.56,34.56,UAV-4,SCOUT,ACTIVE,TRANSIT,503.5,2223.4,747.2,112.1,21.96,97.43,1,1.000,1,1.000,1,POI-005,0
34.56,34.56,UAV-5,SCOUT,ACTIVE,TRANSIT,432.9,2235.8,744.9,110.5,21.94,97.86,1,1.000,1,1.000,1,POI-006,0
35.56,35.56,UAV-1,RELAY,ACTIVE,RELAY_TRANSIT,892.8,2112.6,731.6,84.3,21.90,96.17,1,1.000,1,1.000,1,,0
35.56,35.56,UAV-2,SCOUT,ACTIVE,TRANSIT,470.1,2282.8,713.8,79.2,20.86,96.12,1,1.000,1,1.000,1,POI-007,0
35.56,35.56,UAV-3,SCOUT,ACTIVE,TRANSIT,613.0,2201.8,750.1,109.8,21.41,96.90,1,1.000,1,1.000,1,POI-002,0
35.56,35.56,UAV-4,SCOUT,ACTIVE,TRANSIT,525.0,2219.3,747.8,110.8,21.95,97.33,1,1.000,1,1.000,1,POI-005,0
35.56,35.56,UAV-5,SCOUT,ACTIVE,TRANSIT,454.5,2232.0,745.5,112.0,21.95,97.76,1,1.000,1,1.000,1,POI-006,0
36.56,36.56,UAV-1,RELAY,ACTIVE,RELAY_TRANSIT,914.5,2109.7,732.9,85.0,21.91,96.07,1,1.000,1,1.000,1,,0
36.56,36.56,UAV-2,SCOUT,ACTIVE,TRANSIT,472.9,2282.7,729.5,94.9,10.85,95.99,1,1.000,1,1.000,1,POI-007,0
36.56,36.56,UAV-3,SCOUT,ACTIVE,TRANSIT,633.7,2195.0,750.6,110.1,21.96,96.80,1,1.000,1,1.000,1,POI-002,0
36.56,36.56,UAV-4,SCOUT,ACTIVE,TRANSIT,546.6,2215.3,748.5,109.7,21.95,97.23,1,1.000,1,1.000,1,POI-005,0
36.56,36.56,UAV-5,SCOUT,ACTIVE,TRANSIT,476.1,2228.2,746.1,112.9,21.96,97.65,1,1.000,1,1.000,1,POI-006,0
37.56,37.56,UAV-1,RELAY,ACTIVE,RELAY_TRANSIT,936.2,2106.8,734.2,85.4,21.93,95.96,1,1.000,1,1.000,1,,0
37.56,37.56,UAV-2,SCOUT,ACTIVE,TRANSIT,477.4,2281.8,735.5,100.8,6.56,95.86,1,1.000,1,1.000,1,POI-007,0
37.56,37.56,UAV-3,SCOUT,ACTIVE,TRANSIT,654.5,2187.9,751.0,110.7,22.00,96.69,1,1.000,1,1.000,1,POI-002,0
37.56,37.56,UAV-4,SCOUT,ACTIVE,TRANSIT,568.2,2211.2,749.0,109.5,21.96,97.12,1,1.000,1,1.000,1,POI-005,0
37.56,37.56,UAV-5,SCOUT,ACTIVE,TRANSIT,497.8,2224.4,746.7,112.1,21.97,97.55,1,1.000,1,1.000,1,POI-006,0
38.56,38.56,UAV-1,RELAY,ACTIVE,RELAY_TRANSIT,957.9,2103.9,735.3,85.6,21.76,95.86,1,1.000,1,1.000,1,,0
38.56,38.56,UAV-2,SCOUT,ACTIVE,TRANSIT,485.1,2278.0,737.6,102.8,11.51,95.72,1,1.000,1,1.000,1,POI-007,0
38.56,38.56,UAV-3,SCOUT,ACTIVE,TRANSIT,675.3,2180.8,751.4,110.7,21.99,96.59,1,1.000,1,1.000,1,POI-002,0
38.56,38.56,UAV-4,SCOUT,ACTIVE,TRANSIT,589.7,2207.1,749.6,109.8,21.94,97.02,1,1.000,1,1.000,1,POI-005,0
38.56,38.56,UAV-5,SCOUT,ACTIVE,TRANSIT,519.4,2220.7,747.3,110.8,21.95,97.45,1,1.000,1,1.000,1,POI-006,0
39.56,39.56,UAV-1,RELAY,ACTIVE,RELAY_TRANSIT,979.5,2101.0,735.8,84.7,21.90,95.76,1,1.000,1,1.000,1,,0
39.56,39.56,UAV-2,SCOUT,ACTIVE,TRANSIT,497.5,2271.4,739.3,104.1,16.33,95.60,1,1.000,1,1.000,1,POI-007,0
39.56,39.56,UAV-3,SCOUT,ACTIVE,TRANSIT,696.2,2173.8,751.8,110.5,21.98,96.49,1,1.000,1,1.000,1,POI-002,0
39.56,39.56,UAV-4,SCOUT,ACTIVE,TRANSIT,611.1,2204.3,750.3,110.1,21.02,96.90,1,1.000,1,1.000,1,POI-005,0
39.56,39.56,UAV-5,SCOUT,ACTIVE,TRANSIT,541.0,2217.0,747.8,109.5,21.94,97.34,1,1.000,1,1.000,1,POI-006,0
40.56,40.56,UAV-1,RELAY,ACTIVE,RELAY_TRANSIT,1001.2,2098.1,736.1,83.1,21.90,95.66,1,1.000,1,1.000,1,,0
40.56,40.56,UAV-2,SCOUT,ACTIVE,TRANSIT,514.1,2264.4,740.8,104.4,19.54,95.48,1,1.000,1,1.000,1,POI-007,0
40.56,40.56,UAV-3,SCOUT,ACTIVE,TRANSIT,717.0,2166.8,752.2,110.3,21.97,96.38,1,1.000,1,1.000,1,POI-002,0
40.56,40.56,UAV-4,SCOUT,ACTIVE,TRANSIT,632.5,2205.9,751.1,111.2,21.90,96.80,1,1.000,1,1.000,1,POI-005,0
40.56,40.56,UAV-5,SCOUT,ACTIVE,TRANSIT,562.6,2213.3,748.4,109.0,21.94,97.24,1,1.000,1,1.000,1,POI-006,0
41.56,41.56,UAV-1,RELAY,ACTIVE,RELAY_TRANSIT,1022.9,2095.2,736.4,82.0,21.92,95.55,1,1.000,1,1.000,1,,0
41.56,41.56,UAV-2,SCOUT,ACTIVE,TRANSIT,533.3,2257.3,742.2,104.2,21.43,95.36,1,1.000,1,1.000,1,POI-007,0
41.56,41.56,UAV-3,SCOUT,ACTIVE,TRANSIT,737.8,2159.8,752.6,109.8,22.00,96.28,1,1.000,1,1.000,1,POI-002,0
41.56,41.56,UAV-4,SCOUT,ACTIVE,TRANSIT,654.3,2208.5,751.9,112.0,22.00,96.69,1,1.000,1,1.000,1,POI-005,0
41.56,41.56,UAV-5,SCOUT,ACTIVE,TRANSIT,584.3,2209.6,748.9,109.2,21.96,97.14,1,1.000,1,1.000,1,POI-006,0
42.56,42.56,UAV-1,RELAY,ACTIVE,RELAY_TRANSIT,1044.6,2092.2,736.8,80.9,21.90,95.45,1,1.000,1,1.000,1,,0
42.56,42.56,UAV-2,SCOUT,ACTIVE,TRANSIT,553.7,2249.9,743.6,104.7,21.81,95.26,1,1.000,1,1.000,1,POI-007,0
42.56,42.56,UAV-3,SCOUT,ACTIVE,TRANSIT,758.7,2152.8,752.9,109.4,21.98,96.18,1,1.000,1,1.000,1,POI-002,0
42.56,42.56,UAV-4,SCOUT,ACTIVE,TRANSIT,676.1,2211.2,752.7,111.9,22.00,96.59,1,1.000,1,1.000,1,POI-005,0
42.56,42.56,UAV-5,SCOUT,ACTIVE,TRANSIT,605.9,2205.9,749.4,109.3,21.95,97.04,1,1.000,1,1.000,1,POI-006,0
43.56,43.56,UAV-1,RELAY,ACTIVE,RELAY_TRANSIT,1066.4,2089.3,737.2,80.5,21.90,95.35,1,1.000,1,1.000,1,,0
43.56,43.56,UAV-2,SCOUT,ACTIVE,TRANSIT,574.2,2242.6,745.0,105.7,21.86,95.15,1,1.000,1,1.000,1,POI-007,0
43.56,43.56,UAV-3,SCOUT,ACTIVE,TRANSIT,779.5,2145.9,753.3,109.5,21.97,96.07,1,1.000,1,1.000,1,POI-002,0
43.56,43.56,UAV-4,SCOUT,ACTIVE,TRANSIT,697.9,2213.8,753.5,111.6,22.00,96.49,1,1.000,1,1.000,1,POI-005,0
43.56,43.56,UAV-5,SCOUT,ACTIVE,TRANSIT,627.4,2203.6,750.1,110.0,21.06,96.92,1,1.000,1,1.000,1,POI-006,0
44.56,44.56,UAV-1,RELAY,ACTIVE,RELAY_TRANSIT,1088.1,2086.5,737.9,81.5,21.92,95.24,1,1.000,1,1.000,1,,0
44.56,44.56,UAV-2,SCOUT,ACTIVE,TRANSIT,594.8,2235.3,746.3,107.1,21.92,95.05,1,1.000,1,1.000,1,POI-007,0
44.56,44.56,UAV-3,SCOUT,ACTIVE,TRANSIT,800.4,2138.9,753.6,109.9,21.99,95.97,1,1.000,1,1.000,1,POI-002,0
44.56,44.56,UAV-4,SCOUT,ACTIVE,TRANSIT,719.8,2216.5,754.2,112.0,22.00,96.39,1,1.000,1,1.000,1,POI-005,0
44.56,44.56,UAV-5,SCOUT,ACTIVE,TRANSIT,648.8,2205.7,751.0,111.1,21.95,96.81,1,1.000,1,1.000,1,POI-006,0
45.56,45.56,UAV-1,RELAY,ACTIVE,RELAY_TRANSIT,1109.8,2083.6,738.6,81.9,21.94,95.14,1,1.000,1,1.000,1,,0
45.56,45.56,UAV-2,SCOUT,ACTIVE,TRANSIT,615.5,2228.0,747.6,108.1,21.96,94.94,1,1.000,1,1.000,1,POI-007,0
45.56,45.56,UAV-3,SCOUT,ACTIVE,TRANSIT,819.1,2133.3,751.1,107.2,17.75,95.85,1,1.000,1,1.000,1,POI-002,0
45.56,45.56,UAV-4,SCOUT,ACTIVE,TRANSIT,741.6,2219.1,755.0,112.2,22.00,96.29,1,1.000,1,1.000,1,POI-005,0
45.56,45.56,UAV-5,SCOUT,ACTIVE,TRANSIT,670.5,2208.8,751.8,111.3,22.00,96.71,1,1.000,1,1.000,1,POI-006,0
46.56,46.56,UAV-1,RELAY,ACTIVE,RELAY_TRANSIT,1131.5,2080.7,739.3,81.8,21.90,95.04,1,1.000,1,1.000,1,,0
46.56,46.56,UAV-2,SCOUT,ACTIVE,TRANSIT,636.2,2220.8,748.8,109.0,21.94,94.84,1,1.000,1,1.000,1,POI-007,0
46.56,46.56,UAV-3,SCOUT,ACTIVE,TRANSIT,833.4,2130.4,742.8,98.7,16.59,95.73,1,1.000,1,1.000,1,POI-002,0
46.56,46.56,UAV-4,SCOUT,ACTIVE,TRANSIT,763.4,2221.7,755.7,112.1,21.98,96.18,1,1.000,1,1.000,1,POI-005,0
46.56,46.56,UAV-5,SCOUT,ACTIVE,TRANSIT,692.3,2211.8,752.7,111.1,21.99,96.61,1,1.000,1,1.000,1,POI-006,0
47.56,47.56,UAV-1,RELAY,ACTIVE,RELAY_TRANSIT,1153.2,2077.8,740.0,82.6,21.90,94.93,1,1.000,1,1.000,1,,0
47.56,47.56,UAV-2,SCOUT,ACTIVE,TRANSIT,656.9,2213.6,750.0,109.9,21.96,94.74,1,1.000,1,1.000,1,POI-007,0
47.56,47.56,UAV-3,SCOUT,ACTIVE,TRANSIT,844.3,2129.4,730.1,85.7,17.12,95.61,1,1.000,1,1.000,1,POI-002,0
47.56,47.56,UAV-4,SCOUT,ACTIVE,TRANSIT,785.2,2224.4,756.4,111.2,21.98,96.08,1,1.000,1,1.000,1,POI-005,0
47.56,47.56,UAV-5,SCOUT,ACTIVE,TRANSIT,714.0,2214.9,753.6,111.4,21.99,96.51,1,1.000,1,1.000,1,POI-006,0
48.56,48.56,UAV-1,RELAY,ACTIVE,RELAY_TRANSIT,1174.9,2075.0,740.6,83.7,21.86,94.83,1,1.000,1,1.000,1,,0
48.56,48.56,UAV-2,SCOUT,ACTIVE,TRANSIT,677.5,2207.4,751.0,110.1,20.70,94.61,1,1.000,1,1.000,1,POI-007,0
48.56,48.56,UAV-3,SCOUT,ACTIVE,TRANSIT,852.2,2129.5,714.6,69.9,17.85,95.50,1,1.000,1,1.000,1,POI-002,0
48.56,48.56,UAV-4,SCOUT,ACTIVE,TRANSIT,807.0,2227.0,757.0,110.3,21.99,95.98,1,1.000,1,1.000,1,POI-005,0
48.56,48.56,UAV-5,SCOUT,ACTIVE,TRANSIT,735.8,2218.0,754.4,111.8,21.99,96.40,1,1.000,1,1.000,1,POI-006,0
49.56,49.56,UAV-1,RELAY,ACTIVE,RELAY_TRANSIT,1196.6,2072.1,740.9,83.4,21.91,94.73,1,1.000,1,1.000,1,,0
49.56,49.56,UAV-2,SCOUT,ACTIVE,TRANSIT,697.9,2207.1,751.8,109.9,20.78,94.49,1,1.000,1,1.000,1,POI-007,0
49.56,49.56,UAV-3,SCOUT,ACTIVE,SURVEY,857.1,2130.2,698.5,53.6,14.44,95.39,1,1.000,1,1.000,1,POI-002,0
49.56,49.56,UAV-4,SCOUT,ACTIVE,TRANSIT,828.8,2229.9,757.6,110.1,21.99,95.88,1,1.000,1,1.000,1,POI-005,0
49.56,49.56,UAV-5,SCOUT,ACTIVE,TRANSIT,757.6,2221.1,755.2,111.9,22.00,96.30,1,1.000,1,1.000,1,POI-006,0
50.56,50.56,UAV-1,RELAY,ACTIVE,RELAY_TRANSIT,1218.3,2069.2,741.2,82.9,21.90,94.63,1,1.000,1,1.000,1,,0
50.56,50.56,UAV-2,SCOUT,ACTIVE,TRANSIT,719.1,2210.6,752.6,110.3,21.91,94.38,1,1.000,1,1.000,1,POI-007,0
50.56,50.56,UAV-3,SCOUT,ACTIVE,SURVEY,855.6,2130.5,687.3,42.5,9.69,95.26,1,1.000,1,1.000,1,,0
50.56,50.56,UAV-4,SCOUT,ACTIVE,TRANSIT,850.5,2233.4,758.2,110.0,21.99,95.78,1,1.000,1,1.000,1,POI-005,0
50.56,50.56,UAV-5,SCOUT,ACTIVE,TRANSIT,779.3,2224.3,756.0,111.3,21.99,96.20,1,1.000,1,1.000,1,POI-006,0
51.56,51.56,UAV-1,RELAY,ACTIVE,RELAY_TRANSIT,1240.0,2066.3,741.4,82.4,21.89,94.53,1,1.000,1,1.000,1,,0
51.56,51.56,UAV-2,SCOUT,ACTIVE,TRANSIT,740.6,2214.7,753.4,110.7,21.96,94.28,1,1.000,1,1.000,1,POI-007,0
51.56,51.56,UAV-3,SCOUT,ACTIVE,TRANSIT,853.3,2130.8,685.2,40.5,3.71,95.11,1,1.000,1,1.000,1,POI-003,0
51.56,51.56,UAV-4,SCOUT,ACTIVE,TRANSIT,872.2,2236.9,758.7,109.9,21.98,95.68,1,1.000,1,1.000,1,POI-005,0
51.56,51.56,UAV-5,SCOUT,ACTIVE,TRANSIT,801.1,2227.4,756.7,110.3,21.97,96.10,1,1.000,1,1.000,1,POI-006,0
52.56,52.56,UAV-1,RELAY,ACTIVE,RELAY_TRANSIT,1261.7,2063.4,741.6,81.4,21.90,94.42,1,1.000,1,1.000,1,,0
52.56,52.56,UAV-2,SCOUT,ACTIVE,TRANSIT,762.2,2218.9,754.1,110.7,21.99,94.18,1,1.000,1,1.000,1,POI-007,0
52.56,52.56,UAV-3,SCOUT,ACTIVE,TRANSIT,855.2,2131.0,694.2,49.4,13.87,94.96,1,1.000,1,1.000,1,POI-003,0
52.56,52.56,UAV-4,SCOUT,ACTIVE,TRANSIT,893.9,2240.3,759.2,110.5,22.00,95.57,1,1.000,1,1.000,1,POI-005,0
52.56,52.56,UAV-5,SCOUT,ACTIVE,TRANSIT,822.8,2230.5,757.4,110.1,22.00,96.00,1,1.000,1,1.000,1,POI-006,0
53.56,53.56,UAV-1,RELAY,ACTIVE,RELAY_TRANSIT,1283.5,2060.5,741.9,80.3,21.90,94.32,1,1.000,1,1.000,1,,0
53.56,53.56,UAV-2,SCOUT,ACTIVE,TRANSIT,783.8,2223.1,754.9,109.8,21.99,94.08,1,1.000,1,1.000,1,POI-007,0
53.56,53.56,UAV-3,SCOUT,ACTIVE,TRANSIT,856.6,2131.2,711.3,66.5,19.60,94.81,1,1.000,1,1.000,1,POI-003,0
53.56,53.56,UAV-4,SCOUT,ACTIVE,TRANSIT,915.7,2243.8,759.7,110.9,22.00,95.47,1,1.000,1,1.000,1,POI-005,0
53.56,53.56,UAV-5,SCOUT,ACTIVE,TRANSIT,844.6,2233.6,758.1,110.1,22.00,95.89,1,1.000,1,1.000,1,POI-006,0
54.56,54.56,UAV-1,RELAY,ACTIVE,RELAY_TRANSIT,1305.2,2057.6,742.3,80.1,21.90,94.22,1,1.000,1,1.000,1,,0
54.56,54.56,UAV-2,SCOUT,ACTIVE,TRANSIT,805.3,2227.5,755.6,109.0,21.98,93.97,1,1.000,1,1.000,1,POI-007,0
54.56,54.56,UAV-3,SCOUT,ACTIVE,TRANSIT,857.2,2131.1,731.2,86.3,17.32,94.67,1,1.000,1,1.000,1,POI-003,0
54.56,54.56,UAV-4,SCOUT,ACTIVE,TRANSIT,937.4,2247.3,760.2,110.8,21.99,95.37,1,1.000,1,1.000,1,POI-005,0
54.56,54.56,UAV-5,SCOUT,ACTIVE,TRANSIT,866.4,2236.6,758.6,110.0,21.99,95.79,1,1.000,1,1.000,1,POI-006,0
55.56,55.56,UAV-1,RELAY,ACTIVE,RELAY_TRANSIT,1326.9,2054.6,743.0,80.9,21.90,94.11,1,1.000,1,1.000,1,,0
55.56,55.56,UAV-2,SCOUT,ACTIVE,TRANSIT,826.8,2231.8,756.3,108.9,21.98,93.87,1,1.000,1,1.000,1,POI-007,0
55.56,55.56,UAV-3,SCOUT,ACTIVE,TRANSIT,859.2,2132.0,742.7,97.7,7.49,94.54,1,1.000,1,1.000,1,POI-003,0
55.56,55.56,UAV-4,SCOUT,ACTIVE,TRANSIT,959.1,2250.8,760.7,110.4,21.99,95.27,1,1.000,1,1.000,1,POI-005,0
55.56,55.56,UAV-5,SCOUT,ACTIVE,TRANSIT,888.1,2239.6,759.2,110.5,21.98,95.69,1,1.000,1,1.000,1,POI-006,0
56.56,56.56,UAV-1,RELAY,ACTIVE,RELAY_TRANSIT,1348.5,2051.7,743.8,82.0,21.89,94.01,1,1.000,1,1.000,1,,0
56.56,56.56,UAV-2,SCOUT,ACTIVE,TRANSIT,848.4,2236.2,757.0,109.0,21.99,93.77,1,1.000,1,1.000,1,POI-007,0
56.56,56.56,UAV-3,SCOUT,ACTIVE,TRANSIT,863.3,2134.5,746.3,101.1,7.53,94.41,1,1.000,1,1.000,1,POI-003,0
56.56,56.56,UAV-4,SCOUT,ACTIVE,TRANSIT,980.8,2254.3,761.2,110.9,21.99,95.17,1,1.000,1,1.000,1,POI-005,0
56.56,56.56,UAV-5,SCOUT,ACTIVE,TRANSIT,909.9,2242.6,759.8,111.0,21.98,95.59,1,1.000,1,1.000,1,POI-006,0
57.56,57.56,UAV-1,RELAY,ACTIVE,RELAY_TRANSIT,1370.2,2048.8,744.6,83.1,21.88,93.91,1,1.000,1,1.000,1,,0
57.56,57.56,UAV-2,SCOUT,ACTIVE,TRANSIT,869.9,2240.7,757.7,109.0,21.99,93.67,1,1.000,1,1.000,1,POI-007,0
57.56,57.56,UAV-3,SCOUT,ACTIVE,TRANSIT,871.4,2140.9,748.1,102.3,13.43,94.27,1,1.000,1,1.000,1,POI-003,0
57.56,57.56,UAV-4,SCOUT,ACTIVE,TRANSIT,1002.5,2257.8,761.6,111.6,21.98,95.07,1,1.000,1,1.000,1,POI-005,0
57.56,57.56,UAV-5,SCOUT,ACTIVE,TRANSIT,931.7,2245.6,760.3,111.1,21.98,95.49,1,1.000,1,1.000,1,POI-006,0
58.56,58.56,UAV-1,RELAY,ACTIVE,RELAY_TRANSIT,1391.9,2045.9,745.3,84.0,21.90,93.80,1,1.000,1,1.000,1,,0
58.56,58.56,UAV-2,SCOUT,ACTIVE,TRANSIT,891.4,2244.9,758.3,109.7,21.62,93.56,1,1.000,1,1.000,1,POI-007,0
58.56,58.56,UAV-3,SCOUT,ACTIVE,TRANSIT,884.0,2150.6,749.7,103.0,18.07,94.15,1,1.000,1,1.000,1,POI-003,0
58.56,58.56,UAV-4,SCOUT,ACTIVE,TRANSIT,1024.2,2261.2,762.1,111.2,21.99,94.96,1,1.000,1,1.000,1,POI-005,0
58.56,58.56,UAV-5,SCOUT,ACTIVE,TRANSIT,953.4,2248.6,760.9,110.7,21.99,95.39,1,1.000,1,1.000,1,POI-006,0
59.56,59.56,UAV-1,RELAY,ACTIVE,RELAY_TRANSIT,1413.6,2043.0,746.0,84.9,21.87,93.70,1,1.000,1,1.000,1,,0
59.56,59.56,UAV-2,SCOUT,ACTIVE,TRANSIT,913.1,2246.4,759.1,110.3,21.90,93.46,1,1.000,1,1.000,1,POI-007,0
59.56,59.56,UAV-3,SCOUT,ACTIVE,TRANSIT,900.4,2161.3,751.2,104.0,20.94,94.03,1,1.000,1,1.000,1,POI-003,0
59.56,59.56,UAV-4,SCOUT,ACTIVE,TRANSIT,1045.7,2264.3,762.7,110.6,20.66,94.85,1,1.000,1,1.000,1,POI-005,0
59.56,59.56,UAV-5,SCOUT,ACTIVE,TRANSIT,975.2,2251.6,761.4,111.0,21.96,95.28,1,1.000,1,1.000,1,POI-006,0
60.56,60.56,UAV-1,RELAY,ACTIVE,RELAY_TRANSIT,1435.3,2040.2,746.6,85.2,21.91,93.60,1,1.000,1,1.000,1,,0
60.56,60.56,UAV-2,SCOUT,ACTIVE,TRANSIT,935.0,2247.2,759.8,110.5,21.96,93.35,1,1.000,1,1.000,1,POI-007,0
60.56,60.56,UAV-3,SCOUT,ACTIVE,TRANSIT,918.7,2172.6,752.6,105.2,21.74,93.93,1,1.000,1,1.000,1,POI-003,0
60.56,60.56,UAV-4,SCOUT,ACTIVE,TRANSIT,1065.5,2262.6,763.8,110.8,19.94,94.73,1,1.000,1,1.000,1,POI-009,0
60.56,60.56,UAV-5,SCOUT,ACTIVE,TRANSIT,997.0,2254.6,761.9,111.9,22.00,95.18,1,1.000,1,1.000,1,POI-006,0
61.56,61.56,UAV-1,RELAY,ACTIVE,RELAY_TRANSIT,1455.9,2037.4,749.7,87.2,20.13,93.46,1,1.000,1,1.000,1,,0
61.56,61.56,UAV-2,SCOUT,ACTIVE,TRANSIT,956.9,2248.1,760.5,110.2,21.99,93.25,1,1.000,1,1.000,1,POI-007,0
61.56,61.56,UAV-3,SCOUT,ACTIVE,TRANSIT,937.3,2183.9,754.1,106.1,21.84,93.82,1,1.000,1,1.000,1,POI-003,0
61.56,61.56,UAV-4,SCOUT,ACTIVE,TRANSIT,1084.9,2256.6,764.9,110.6,20.87,94.60,1,1.000,1,1.000,1,POI-009,0
61.56,61.56,UAV-5,SCOUT,ACTIVE,TRANSIT,1018.7,2257.6,762.4,111.8,22.00,95.08,1,1.000,1,1.000,1,POI-006,0
62.56,62.56,UAV-1,RELAY,ACTIVE,RELAY_TRANSIT,1473.8,2034.9,759.7,96.1,21.14,93.33,1,1.000,1,1.000,1,,0
62.56,62.56,UAV-2,SCOUT,ACTIVE,TRANSIT,978.9,2249.0,761.3,110.9,21.98,93.15,1,1.000,1,1.000,1,POI-007,0
62.56,62.56,UAV-3,SCOUT,ACTIVE,TRANSIT,956.0,2195.2,755.5,106.4,21.89,93.72,1,1.000,1,1.000,1,POI-003,0
62.56,62.56,UAV-4,SCOUT,ACTIVE,TRANSIT,1104.7,2248.5,766.0,110.4,21.79,94.49,1,1.000,1,1.000,1,POI-009,0
62.56,62.56,UAV-5,SCOUT,ACTIVE,TRANSIT,1040.5,2260.6,762.8,110.9,22.00,94.98,1,1.000,1,1.000,1,POI-006,0
63.56,63.56,UAV-1,RELAY,ACTIVE,RELAY_TRANSIT,1492.9,2031.5,769.2,104.1,21.82,93.22,1,1.000,1,1.000,1,,0
63.56,63.56,UAV-2,SCOUT,ACTIVE,TRANSIT,1000.8,2249.8,762.0,111.9,21.98,93.05,1,1.000,1,1.000,1,POI-007,0
63.56,63.56,UAV-3,SCOUT,ACTIVE,TRANSIT,974.7,2206.4,756.9,106.8,21.90,93.62,1,1.000,1,1.000,1,POI-003,0
63.56,63.56,UAV-4,SCOUT,ACTIVE,TRANSIT,1124.7,2239.8,767.1,111.3,21.95,94.39,1,1.000,1,1.000,1,POI-009,0
63.56,63.56,UAV-5,SCOUT,ACTIVE,TRANSIT,1062.0,2263.2,763.5,110.7,20.44,94.87,1,1.000,1,1.000,1,POI-006,0
64.58,64.58,UAV-1,RELAY,ACTIVE,RELAY_TRANSIT,1512.8,2027.9,778.8,112.9,21.90,93.10,1,1.000,1,0.958,1,,0
64.58,64.58,UAV-2,SCOUT,ACTIVE,TRANSIT,1023.2,2250.8,762.7,111.7,22.00,92.94,1,1.000,1,1.000,1,POI-007,0
64.58,64.58,UAV-3,SCOUT,ACTIVE,TRANSIT,993.8,2217.9,758.2,107.8,21.95,93.51,1,1.000,1,1.000,1,POI-003,0
64.58,64.58,UAV-4,SCOUT,ACTIVE,TRANSIT,1145.2,2230.7,768.2,112.4,21.97,94.28,1,1.000,1,1.000,1,POI-009,0
64.58,64.58,UAV-5,SCOUT,ACTIVE,TRANSIT,1081.9,2261.0,764.4,110.5,19.63,94.74,1,1.000,1,1.000,1,POI-006,0
65.60,65.60,UAV-1,RELAY,ACTIVE,RELAY_TRANSIT,1532.7,2024.4,788.3,121.7,21.92,92.99,1,1.000,1,1.000,1,,0
65.60,65.60,UAV-2,SCOUT,ACTIVE,TRANSIT,1045.6,2251.7,763.3,110.9,21.98,92.84,1,1.000,1,1.000,1,POI-007,0
65.60,65.60,UAV-3,SCOUT,ACTIVE,TRANSIT,1013.0,2229.4,759.6,108.9,21.95,93.41,1,1.000,1,1.000,1,POI-003,0
65.60,65.60,UAV-4,SCOUT,ACTIVE,TRANSIT,1165.7,2221.6,769.3,112.0,21.96,94.17,1,1.000,1,1.000,1,POI-009,0
65.60,65.60,UAV-5,SCOUT,ACTIVE,TRANSIT,1101.2,2254.2,765.2,109.8,20.46,94.61,1,1.000,1,1.000,1,POI-006,0
66.62,66.62,UAV-1,RELAY,ACTIVE,RELAY_TRANSIT,1552.7,2020.8,797.6,129.3,21.95,92.87,1,1.000,1,1.000,1,,0
66.62,66.62,UAV-2,SCOUT,ACTIVE,TRANSIT,1068.0,2252.6,764.0,110.5,21.98,92.74,1,1.000,1,1.000,1,POI-007,0
66.62,66.62,UAV-3,SCOUT,ACTIVE,TRANSIT,1032.2,2240.9,760.9,109.1,21.96,93.30,1,1.000,1,1.000,1,POI-003,0
66.62,66.62,UAV-4,SCOUT,ACTIVE,TRANSIT,1186.1,2212.5,770.3,111.2,21.97,94.07,1,1.000,1,1.000,1,POI-009,0
66.62,66.62,UAV-5,SCOUT,ACTIVE,TRANSIT,1120.5,2245.1,766.1,110.2,21.37,94.50,1,1.000,1,1.000,1,POI-006,0
67.64,67.64,UAV-1,RELAY,ACTIVE,RELAY_TRANSIT,1572.9,2017.2,806.5,136.6,21.96,92.76,1,1.000,1,1.000,1,,0
67.64,67.64,UAV-2,SCOUT,ACTIVE,TRANSIT,1090.4,2253.6,764.6,109.8,21.98,92.63,1,1.000,1,1.000,1,POI-007,0
67.64,67.64,UAV-3,SCOUT,ACTIVE,TRANSIT,1051.4,2252.3,762.0,109.3,21.98,93.20,1,1.000,1,1.000,1,POI-003,0
67.64,67.64,UAV-4,SCOUT,ACTIVE,TRANSIT,1206.5,2203.3,771.3,110.6,21.97,93.96,1,1.000,1,1.000,1,POI-009,0
67.64,67.64,UAV-5,SCOUT,ACTIVE,TRANSIT,1140.1,2235.1,766.9,111.2,21.87,94.39,1,1.000,1,1.000,1,POI-006,0
68.66,68.66,UAV-1,RELAY,ACTIVE,RELAY_TRANSIT,1592.7,2013.6,816.2,144.6,21.87,92.63,1,1.000,1,1.000,1,,0
68.66,68.66,UAV-2,SCOUT,ACTIVE,TRANSIT,1112.4,2254.2,765.2,109.4,19.97,92.52,1,1.000,1,1.000,1,POI-007,0
68.66,68.66,UAV-3,SCOUT,ACTIVE,TRANSIT,1070.7,2260.6,763.2,109.9,19.61,93.06,1,1.000,1,1.000,1,POI-003,0
68.66,68.66,UAV-4,SCOUT,ACTIVE,TRANSIT,1226.9,2194.0,772.3,110.1,21.97,93.85,1,1.000,1,1.000,1,POI-009,0
68.66,68.66,UAV-5,SCOUT,ACTIVE,TRANSIT,1160.0,2224.7,767.7,111.0,21.97,94.28,1,1.000,1,1.000,1,POI-006,0
69.68,69.68,UAV-1,RELAY,ACTIVE,RELAY_TRANSIT,1611.1,2010.4,828.5,149.9,21.93,92.50,1,1.000,1,1.000,1,,0
69.68,69.68,UAV-2,SCOUT,ACTIVE,TRANSIT,1131.3,2250.6,765.7,110.1,18.74,92.40,1,1.000,1,1.000,1,POI-007,0
69.68,69.68,UAV-3,SCOUT,ACTIVE,TRANSIT,1090.2,2262.0,764.2,109.8,19.10,92.93,1,1.000,1,1.000,1,POI-003,0
69.68,69.68,UAV-4,SCOUT,ACTIVE,TRANSIT,1247.2,2184.7,773.2,110.1,21.97,93.75,1,1.000,1,1.000,1,POI-009,0
69.68,69.68,UAV-5,SCOUT,ACTIVE,TRANSIT,1179.8,2214.2,768.5,109.9,21.98,94.17,1,1.000,1,1.000,1,POI-006,0
70.70,70.70,UAV-1,RELAY,ACTIVE,RELAY_TRANSIT,1629.6,2007.1,840.7,149.0,21.96,92.38,1,1.000,1,1.000,1,,0
70.70,70.70,UAV-2,SCOUT,ACTIVE,TRANSIT,1149.1,2242.5,766.2,110.7,19.65,92.27,1,1.000,1,1.000,1,POI-007,0
70.70,70.70,UAV-3,SCOUT,ACTIVE,TRANSIT,1109.4,2257.9,765.2,109.5,19.68,92.80,1,1.000,1,1.000,1,POI-003,0
70.70,70.70,UAV-4,SCOUT,ACTIVE,TRANSIT,1265.3,2174.9,773.5,109.5,18.90,93.62,1,1.000,1,1.000,1,POI-009,0
70.70,70.70,UAV-5,SCOUT,ACTIVE,TRANSIT,1199.5,2203.7,769.3,109.0,22.00,94.06,1,1.000,1,1.000,1,POI-006,0
71.72,71.72,UAV-1,RELAY,ACTIVE,RELAY_TRANSIT,1648.2,2003.9,852.7,143.5,21.94,92.26,1,1.000,1,1.000,1,,0
71.72,71.72,UAV-2,SCOUT,ACTIVE,TRANSIT,1166.6,2231.9,766.7,109.9,20.53,92.14,1,1.000,1,1.000,1,POI-007,0
71.72,71.72,UAV-3,SCOUT,ACTIVE,TRANSIT,1128.4,2249.9,766.1,110.5,20.68,92.68,1,1.000,1,1.000,1,POI-003,0
71.72,71.72,UAV-4,SCOUT,ACTIVE,TRANSIT,1280.4,2162.7,773.4,109.5,19.31,93.50,1,1.000,1,1.000,1,POI-009,0
71.72,71.72,UAV-5,SCOUT,ACTIVE,TRANSIT,1219.3,2193.1,770.1,108.5,21.97,93.96,1,1.000,1,1.000,1,POI-006,0
72.74,72.74,UAV-1,RELAY,ACTIVE,RELAY_TRANSIT,1666.9,2000.5,864.6,136.5,21.96,92.14,1,1.000,1,1.000,1,,0
72.74,72.74,UAV-2,SCOUT,ACTIVE,TRANSIT,1184.3,2220.1,767.1,108.5,21.02,92.02,1,1.000,1,1.000,1,POI-007,0
72.74,72.74,UAV-3,SCOUT,ACTIVE,TRANSIT,1147.5,2240.2,767.0,111.5,21.43,92.57,1,1.000,1,1.000,1,POI-003,0
72.74,72.74,UAV-4,SCOUT,ACTIVE,TRANSIT,1294.9,2149.0,773.4,110.5,19.81,93.37,1,1.000,1,1.000,1,POI-009,0
72.74,72.74,UAV-5,SCOUT,ACTIVE,TRANSIT,1239.0,2182.5,770.8,108.2,21.99,93.85,1,1.000,1,1.000,1,POI-006,0
73.76,73.76,UAV-1,RELAY,ACTIVE,RELAY_TRANSIT,1685.8,1997.2,876.1,128.4,21.97,92.02,1,1.000,1,1.000,1,,0
73.76,73.76,UAV-2,SCOUT,ACTIVE,TRANSIT,1202.0,2207.7,767.6,107.2,21.30,91.90,1,1.000,1,1.000,1,POI-007,0
73.76,73.76,UAV-3,SCOUT,ACTIVE,TRANSIT,1166.9,2229.6,767.9,111.0,21.81,92.46,1,1.000,1,1.000,1,POI-003,0
73.76,73.76,UAV-4,SCOUT,ACTIVE,TRANSIT,1309.5,2134.7,773.3,111.8,20.13,93.24,1,1.000,1,1.000,1,POI-009,0
73.76,73.76,UAV-5,SCOUT,ACTIVE,TRANSIT,1258.7,2171.8,771.5,108.0,21.99,93.74,1,1.000,1,1.000,1,POI-006,0
74.78,74.78,UAV-1,RELAY,ACTIVE,RELAY_TRANSIT,1705.0,1993.8,887.2,120.3,21.94,91.91,1,1.000,1,1.000,1,,0
74.78,74.78,UAV-2,SCOUT,ACTIVE,TRANSIT,1219.7,2195.1,768.0,106.3,21.34,91.79,1,1.000,1,1.000,1,POI-007,0
74.78,74.78,UAV-3,SCOUT,ACTIVE,TRANSIT,1186.3,2218.7,768.8,110.0,21.84,92.35,1,1.000,1,1.000,1,POI-003,0
74.78,74.78,UAV-4,SCOUT,ACTIVE,TRANSIT,1324.0,2120.1,773.3,113.0,20.21,93.12,1,1.000,1,1.000,1,POI-009,0
74.78,74.78,UAV-5,SCOUT,ACTIVE,TRANSIT,1278.4,2161.2,772.2,108.4,21.52,93.63,1,1.000,1,1.000,1,POI-006,0
75.80,75.80,UAV-1,RELAY,ACTIVE,RELAY_TRANSIT,1724.4,1990.4,897.7,112.9,21.45,91.79,1,1.000,1,1.000,1,,0
75.80,75.80,UAV-2,SCOUT,ACTIVE,TRANSIT,1237.4,2182.5,768.5,105.9,21.36,91.67,1,1.000,1,1.000,1,POI-007,0
75.80,75.80,UAV-3,SCOUT,ACTIVE,TRANSIT,1205.6,2207.5,769.7,109.1,21.89,92.24,1,1.000,1,1.000,1,POI-003,0
75.80,75.80,UAV-4,SCOUT,ACTIVE,TRANSIT,1338.6,2105.6,773.3,112.8,20.25,92.99,1,1.000,1,1.000,1,POI-009,0
75.80,75.80,UAV-5,SCOUT,ACTIVE,TRANSIT,1294.9,2149.7,772.5,109.6,19.20,93.51,1,1.000,1,1.000,1,POI-006,0
76.82,76.82,UAV-1,RELAY,ACTIVE,RELAY_TRANSIT,1742.7,1987.4,902.3,101.5,17.91,91.68,1,1.000,1,1.000,1,,0
76.82,76.82,UAV-2,SCOUT,ACTIVE,TRANSIT,1255.2,2169.8,768.9,105.6,21.46,91.55,1,1.000,1,1.000,1,POI-007,0
76.82,76.82,UAV-3,SCOUT,ACTIVE,TRANSIT,1224.9,2196.2,770.6,108.5,21.95,92.14,1,1.000,1,1.000,1,POI-003,0
76.82,76.82,UAV-4,SCOUT,ACTIVE,TRANSIT,1353.2,2090.9,773.3,112.3,20.34,92.86,1,1.000,1,1.000,1,POI-009,0
76.82,76.82,UAV-5,SCOUT,ACTIVE,TRANSIT,1309.6,2136.3,772.7,111.1,19.69,93.38,1,1.000,1,1.000,1,POI-006,0
77.84,77.84,UAV-1,RELAY,ACTIVE,RELAY_TRANSIT,1761.8,1983.8,902.9,88.6,20.18,91.55,1,1.000,1,1.000,1,,0
77.84,77.84,UAV-2,SCOUT,ACTIVE,TRANSIT,1272.9,2157.0,769.3,105.9,21.45,91.44,1,1.000,1,1.000,1,POI-007,0
77.84,77.84,UAV-3,SCOUT,ACTIVE,TRANSIT,1244.1,2184.8,771.4,108.4,21.94,92.03,1,1.000,1,1.000,1,POI-003,0
77.84,77.84,UAV-4,SCOUT,ACTIVE,TRANSIT,1367.8,2076.1,773.3,112.2,20.33,92.73,1,1.000,1,1.000,1,POI-009,0
77.84,77.84,UAV-5,SCOUT,ACTIVE,TRANSIT,1323.9,2122.0,772.9,112.4,20.02,93.25,1,1.000,1,1.000,1,POI-006,0
78.86,78.86,UAV-1,RELAY,ACTIVE,RELAY_TRANSIT,1782.9,1979.8,903.2,78.7,21.69,91.44,1,1.000,1,1.000,1,,0
78.86,78.86,UAV-2,SCOUT,ACTIVE,TRANSIT,1290.6,2144.1,769.7,107.2,21.40,91.32,1,1.000,1,1.000,1,POI-007,0
78.86,78.86,UAV-3,SCOUT,ACTIVE,TRANSIT,1263.3,2173.3,772.1,108.3,21.92,91.92,1,1.000,1,1.000,1,POI-003,0
78.86,78.86,UAV-4,SCOUT,ACTIVE,TRANSIT,1382.2,2061.3,773.2,112.3,20.28,92.60,1,1.000,1,1.000,1,POI-009,0
78.86,78.86,UAV-5,SCOUT,ACTIVE,TRANSIT,1338.3,2107.3,773.1,112.7,20.18,93.13,1,1.000,1,1.000,1,POI-006,0
79.88,79.88,UAV-1,RELAY,ACTIVE,RELAY_TRANSIT,1804.8,1975.7,903.4,77.4,21.94,91.33,1,1.000,1,1.000,1,,0
79.88,79.88,UAV-2,SCOUT,ACTIVE,TRANSIT,1308.1,2131.2,770.1,108.8,21.32,91.20,1,1.000,1,1.000,1,POI-007,0
79.88,79.88,UAV-3,SCOUT,ACTIVE,TRANSIT,1282.0,2162.9,772.7,108.8,18.71,91.80,1,1.000,1,1.000,1,POI-003,0
79.88,79.88,UAV-4,SCOUT,ACTIVE,TRANSIT,1396.6,2046.4,773.2,112.0,20.21,92.47,1,1.000,1,1.000,1,POI-009,0
79.88,79.88,UAV-5,SCOUT,ACTIVE,TRANSIT,1352.6,2092.5,773.3,112.4,20.24,93.00,1,1.000,1,1.000,1,POI-006,0
80.90,80.90,UAV-1,RELAY,ACTIVE,RELAY_TRANSIT,1826.8,1971.6,903.5,83.6,21.96,91.23,1,1.000,1,1.000,1,,0
80.90,80.90,UAV-2,SCOUT,ACTIVE,TRANSIT,1325.6,2118.3,770.4,110.1,21.35,91.09,1,1.000,1,1.000,1,POI-007,0
80.90,80.90,UAV-3,SCOUT,ACTIVE,TRANSIT,1298.4,2160.1,772.9,109.3,14.88,91.68,1,1.000,1,1.000,1,POI-003,0
80.90,80.90,UAV-4,SCOUT,ACTIVE,TRANSIT,1410.8,2031.5,773.2,111.8,20.26,92.35,1,1.000,1,1.000,1,POI-009,0
80.90,80.90,UAV-5,SCOUT,ACTIVE,TRANSIT,1367.0,2077.6,773.5,112.4,20.36,92.87,1,1.000,1,1.000,1,POI-006,0
81.92,81.92,UAV-1,RELAY,ACTIVE,RELAY_TRANSIT,1848.9,1967.8,903.7,97.0,21.95,91.13,1,1.000,1,1.000,1,,0
81.92,81.92,UAV-2,SCOUT,ACTIVE,TRANSIT,1341.9,2104.8,771.0,110.4,20.19,90.96,1,1.000,1,1.000,1,POI-007,0
81.92,81.92,UAV-3,SCOUT,ACTIVE,TRANSIT,1312.1,2164.8,773.1,109.6,14.27,91.56,1,1.000,1,1.000,1,POI-003,0
81.92,81.92,UAV-4,SCOUT,ACTIVE,TRANSIT,1424.9,2016.4,773.2,111.4,20.22,92.22,1,1.000,1,1.000,1,POI-009,0
81.92,81.92,UAV-5,SCOUT,ACTIVE,TRANSIT,1381.4,2062.6,773.7,112.8,20.37,92.74,1,1.000,1,1.000,1,POI-006,0
82.94,82.94,UAV-1,RELAY,ACTIVE,RELAY_TRANSIT,1870.6,1964.2,903.3,113.5,20.06,91.03,1,1.000,1,1.000,1,,0
82.94,82.94,UAV-2,SCOUT,ACTIVE,TRANSIT,1356.5,2090.2,771.5,110.5,20.26,90.84,1,1.000,1,1.000,1,POI-007,0
82.94,82.94,UAV-3,SCOUT,ACTIVE,TRANSIT,1323.1,2175.3,773.2,109.6,15.84,91.44,1,1.000,1,1.000,1,POI-003,0
82.94,82.94,UAV-4,SCOUT,ACTIVE,TRANSIT,1438.9,2001.2,773.2,109.8,20.20,92.09,1,1.000,1,1.000,1,POI-009,0
82.94,82.94,UAV-5,SCOUT,ACTIVE,TRANSIT,1395.8,2047.6,773.9,112.7,20.40,92.61,1,1.000,1,1.000,1,POI-006,0
83.96,83.96,UAV-1,RELAY,ACTIVE,RELAY_TRANSIT,1888.4,1961.1,897.8,124.9,18.33,90.95,1,1.000,1,1.000,1,,0
83.96,83.96,UAV-2,SCOUT,ACTIVE,TRANSIT,1370.8,2075.2,772.1,111.1,20.38,90.71,1,1.000,1,1.000,1,POI-007,0
83.96,83.96,UAV-3,SCOUT,ACTIVE,TRANSIT,1331.7,2190.0,773.2,109.6,17.05,91.31,1,1.000,1,1.000,1,POI-003,0
83.96,83.96,UAV-4,SCOUT,ACTIVE,TRANSIT,1452.6,1985.9,773.2,108.5,20.12,91.97,1,1.000,1,1.000,1,POI-009,0
83.96,83.96,UAV-5,SCOUT,ACTIVE,TRANSIT,1410.0,2032.4,774.1,112.7,20.37,92.49,1,1.000,1,1.000,1,POI-006,0
84.98,84.98,UAV-1,RELAY,ACTIVE,RELAY_TRANSIT,1904.1,1958.4,887.2,131.1,19.30,90.87,1,1.000,1,1.000,1,,0
84.98,84.98,UAV-2,SCOUT,ACTIVE,TRANSIT,1385.0,2060.0,772.7,111.8,20.42,90.58,1,1.000,1,1.000,1,POI-007,0
84.98,84.98,UAV-3,SCOUT,ACTIVE,TRANSIT,1338.6,2203.3,769.0,105.4,14.41,91.18,1,1.000,1,1.000,1,POI-003,0
84.98,84.98,UAV-4,SCOUT,ACTIVE,TRANSIT,1465.9,1970.4,773.2,108.7,19.96,91.84,1,1.000,1,1.000,1,POI-009,0
84.98,84.98,UAV-5,SCOUT,ACTIVE,TRANSIT,1424.1,2017.2,774.3,112.5,20.30,92.36,1,1.000,1,1.000,1,POI-006,0
86.00,86.00,UAV-1,RELAY,ACTIVE,RELAY_TRANSIT,1918.5,1956.3,873.3,131.3,19.98,90.76,1,1.000,1,1.000,1,,0
86.00,86.00,UAV-2,SCOUT,ACTIVE,TRANSIT,1399.3,2044.8,773.3,112.0,20.44,90.45,1,1.000,1,1.000,1,POI-007,0
86.00,86.00,UAV-3,SCOUT,ACTIVE,TRANSIT,1344.1,2212.7,759.1,95.7,15.01,91.05,1,1.000,1,1.000,1,POI-003,0
86.00,86.00,UAV-4,SCOUT,ACTIVE,TRANSIT,1478.8,1954.7,773.2,109.3,19.72,91.72,1,1.000,1,1.000,1,POI-009,0
86.00,86.00,UAV-5,SCOUT,ACTIVE,TRANSIT,1438.1,2002.0,774.4,111.1,20.25,92.23,1,1.000,1,1.000,1,POI-006,0
87.02,87.02,UAV-1,RELAY,ACTIVE,RELAY_TRANSIT,1933.0,1954.0,859.1,130.8,19.74,90.63,1,1.000,1,1.000,1,,0
87.02,87.02,UAV-2,SCOUT,ACTIVE,TRANSIT,1413.5,2029.6,773.8,112.4,20.49,90.32,1,1.000,1,1.000,1,POI-007,0
87.02,87.02,UAV-3,SCOUT,ACTIVE,TRANSIT,1348.5,2219.0,745.0,81.9,16.39,90.92,1,1.000,1,1.000,1,POI-003,0
87.02,87.02,UAV-4,SCOUT,ACTIVE,TRANSIT,1492.3,1939.7,773.8,110.5,20.24,91.59,1,1.000,1,1.000,1,POI-009,0
87.02,87.02,UAV-5,SCOUT,ACTIVE,TRANSIT,1452.0,1986.7,774.6,110.0,20.25,92.10,1,1.000,1,1.000,1,POI-006,0
88.04,88.04,UAV-1,RELAY,ACTIVE,RELAY_TRANSIT,1949.8,1950.7,848.1,135.5,20.19,90.51,1,1.000,1,1.000,1,,0
88.04,88.04,UAV-2,SCOUT,ACTIVE,TRANSIT,1427.7,2014.3,774.4,112.4,20.51,90.20,1,1.000,1,1.000,1,POI-007,0
88.04,88.04,UAV-3,SCOUT,ACTIVE,SURVEY,1352.1,2222.7,728.6,65.6,17.42,90.78,1,1.000,1,1.000,1,POI-003,0
88.04,88.04,UAV-4,SCOUT,ACTIVE,TRANSIT,1507.6,1925.3,774.6,111.0,20.74,91.46,1,1.000,1,1.000,1,POI-009,0
88.04,88.04,UAV-5,SCOUT,ACTIVE,TRANSIT,1465.7,1971.3,774.8,110.3,20.22,91.98,1,1.000,1,1.000,1,POI-006,0
89.06,89.06,UAV-1,RELAY,ACTIVE,RELAY_TRANSIT,1967.1,1947.4,837.2,137.9,20.37,90.40,1,1.000,1,1.000,1,,0
89.06,89.06,UAV-2,SCOUT,ACTIVE,TRANSIT,1441.9,1998.9,774.9,111.2,20.39,90.07,1,1.000,1,1.000,1,POI-007,0
89.06,89.06,UAV-3,SCOUT,ACTIVE,SURVEY,1354.9,2224.4,711.4,48.5,15.49,90.65,1,1.000,1,1.000,1,POI-003,0
89.06,89.06,UAV-4,SCOUT,ACTIVE,TRANSIT,1523.1,1910.9,775.3,110.2,20.79,91.34,1,1.000,1,1.000,1,POI-009,0
89.06,89.06,UAV-5,SCOUT,ACTIVE,TRANSIT,1479.1,1955.8,774.9,111.0,20.02,91.85,1,1.000,1,1.000,1,POI-006,0
90.08,90.08,UAV-1,RELAY,ACTIVE,RELAY_TRANSIT,1984.1,1944.4,825.6,136.3,20.47,90.29,1,1.000,2,0.948,1,,0
90.08,90.08,UAV-2,SCOUT,ACTIVE,TRANSIT,1455.9,1983.7,775.4,110.7,20.35,89.94,1,1.000,1,1.000,1,POI-007,0
90.08,90.08,UAV-3,SCOUT,ACTIVE,TRANSIT,1353.9,2221.6,700.0,37.0,7.07,90.50,1,1.000,1,1.000,1,POI-005,6
90.08,90.08,UAV-4,SCOUT,ACTIVE,TRANSIT,1538.6,1896.5,776.1,109.3,20.84,91.21,1,1.000,1,1.000,1,POI-009,0
90.08,90.08,UAV-5,SCOUT,ACTIVE,TRANSIT,1492.3,1940.2,775.1,111.8,19.88,91.73,1,1.000,1,1.000,1,POI-006,0
91.10,91.10,UAV-1,RELAY,ACTIVE,RELAY_HOLD,2000.9,1940.8,814.2,129.7,20.06,90.17,1,1.000,2,0.752,1,,0
91.10,91.10,UAV-2,SCOUT,ACTIVE,TRANSIT,1470.0,1968.3,775.9,111.5,20.40,89.81,1,1.000,1,1.000,1,POI-007,0
91.10,91.10,UAV-3,SCOUT,ACTIVE,TRANSIT,1353.8,2220.3,700.4,37.4,6.37,90.35,1,1.000,1,1.000,1,POI-005,0
91.10,91.10,UAV-4,SCOUT,ACTIVE,TRANSIT,1554.1,1881.9,776.9,109.1,20.94,91.09,1,1.000,1,1.000,1,POI-009,0
91.10,91.10,UAV-5,SCOUT,ACTIVE,TRANSIT,1504.9,1924.4,775.2,111.7,19.70,91.60,1,1.000,1,1.000,1,POI-006,0
92.12,92.12,UAV-1,RELAY,ACTIVE,RELAY_HOLD,2021.1,1935.0,812.7,128.2,21.59,90.02,1,1.000,2,0.760,1,,0
92.12,92.12,UAV-2,SCOUT,ACTIVE,TRANSIT,1483.9,1952.9,776.4,112.7,20.35,89.69,1,1.000,1,1.000,1,POI-007,0
92.12,92.12,UAV-3,SCOUT,ACTIVE,TRANSIT,1354.5,2220.4,712.1,49.1,15.72,90.19,1,1.000,1,1.000,1,POI-005,0
92.12,92.12,UAV-4,SCOUT,ACTIVE,TRANSIT,1569.7,1867.2,777.6,108.8,20.93,90.97,1,1.000,1,1.000,1,POI-009,0
92.12,92.12,UAV-5,SCOUT,ACTIVE,TRANSIT,1518.1,1909.5,775.8,111.0,19.89,91.47,1,1.000,1,1.000,1,POI-006,0
93.14,93.14,UAV-1,RELAY,ACTIVE,RELAY_HOLD,2042.1,1929.1,817.3,132.4,21.99,89.90,1,1.000,2,0.951,1,,0
93.14,93.14,UAV-2,SCOUT,ACTIVE,TRANSIT,1497.6,1937.4,776.9,113.7,20.28,89.56,1,1.000,1,1.000,1,POI-007,0
93.14,93.14,UAV-3,SCOUT,ACTIVE,TRANSIT,1355.0,2220.9,730.9,67.9,20.07,90.04,1,1.000,1,1.000,1,POI-005,0
93.14,93.14,UAV-4,SCOUT,ACTIVE,TRANSIT,1585.1,1852.5,778.3,108.9,20.89,90.84,1,1.000,1,1.000,1,POI-009,0
93.14,93.14,UAV-5,SCOUT,ACTIVE,TRANSIT,1533.6,1895.7,776.4,110.0,20.64,91.34,1,1.000,1,1.000,1,POI-006,0
94.16,94.16,UAV-1,RELAY,ACTIVE,RELAY_HOLD,2063.2,1923.4,822.4,136.7,22.00,89.79,1,1.000,2,1.000,1,,0
94.16,94.16,UAV-2,SCOUT,ACTIVE,TRANSIT,1511.2,1921.9,777.4,113.5,20.11,89.43,1,1.000,1,1.000,1,POI-007,0
94.16,94.16,UAV-3,SCOUT,ACTIVE,TRANSIT,1355.4,2221.6,751.0,88.0,16.04,89.90,1,1.000,1,1.000,1,POI-005,0
94.16,94.16,UAV-4,SCOUT,ACTIVE,TRANSIT,1600.4,1837.8,779.0,109.0,20.76,90.72,1,1.000,1,1.000,1,POI-009,0
94.16,94.16,UAV-5,SCOUT,ACTIVE,TRANSIT,1549.7,1881.9,777.1,109.6,20.83,91.22,1,1.000,1,1.000,1,POI-006,0
95.18,95.18,UAV-1,RELAY,ACTIVE,RELAY_HOLD,2084.4,1918.3,827.4,141.3,21.05,89.67,1,1.000,2,1.000,1,,0
95.18,95.18,UAV-2,SCOUT,ACTIVE,TRANSIT,1524.5,1906.4,777.8,112.4,20.02,89.31,1,1.000,1,1.000,1,POI-007,0
95.18,95.18,UAV-3,SCOUT,ACTIVE,TRANSIT,1357.6,2221.8,761.6,98.6,6.55,89.77,1,1.000,1,1.000,1,POI-005,0
95.18,95.18,UAV-4,SCOUT,ACTIVE,TRANSIT,1615.6,1823.2,779.7,108.7,20.72,90.59,1,1.000,1,1.000,1,POI-009,0
95.18,95.18,UAV-5,SCOUT,ACTIVE,TRANSIT,1565.8,1868.0,777.8,109.2,20.93,91.10,1,1.000,1,1.000,1,POI-006,0
96.20,96.20,UAV-1,RELAY,ACTIVE,RELAY_HOLD,2104.6,1916.0,829.1,142.5,20.21,89.54,1,1.000,1,1.000,1,,0
96.20,96.20,UAV-2,SCOUT,ACTIVE,TRANSIT,1537.5,1890.7,778.2,111.5,19.91,89.18,1,1.000,1,1.000,1,POI-007,0
96.20,96.20,UAV-3,SCOUT,ACTIVE,TRANSIT,1362.0,2220.5,764.3,101.4,6.94,89.64,1,1.000,1,1.000,1,POI-005,0
96.20,96.20,UAV-4,SCOUT,ACTIVE,TRANSIT,1630.7,1808.4,780.4,108.8,20.71,90.47,1,1.000,2,0.996,1,POI-009,0
96.20,96.20,UAV-5,SCOUT,ACTIVE,TRANSIT,1581.9,1853.9,778.5,109.2,21.00,90.97,1,1.000,1,1.000,1,POI-006,0
97.22,97.22,UAV-1,RELAY,ACTIVE,RELAY_HOLD,2126.1,1917.6,830.2,142.9,21.99,89.42,1,1.000,2,0.950,1,,0
97.22,97.22,UAV-2,SCOUT,ACTIVE,TRANSIT,1550.1,1874.9,778.6,110.9,19.71,89.06,1,1.000,1,1.000,1,POI-007,0
97.22,97.22,UAV-3,SCOUT,ACTIVE,TRANSIT,1370.4,2215.2,765.3,102.0,12.27,89.51,1,1.000,1,1.000,1,POI-005,0
97.22,97.22,UAV-4,SCOUT,ACTIVE,TRANSIT,1645.7,1793.6,781.1,108.6,20.65,90.34,1,1.000,3,0.878,1,POI-009,0
97.22,97.22,UAV-5,SCOUT,ACTIVE,TRANSIT,1597.9,1839.7,779.2,109.2,21.01,90.85,1,1.000,1,1.000,1,POI-006,0
98.24,98.24,UAV-1,RELAY,ACTIVE,RELAY_HOLD,2146.5,1916.6,835.2,148.1,18.94,89.29,1,1.000,2,0.960,1,,0
98.24,98.24,UAV-2,SCOUT,ACTIVE,TRANSIT,1562.1,1859.0,779.0,110.3,18.82,88.93,1,1.000,1,1.000,1,POI-007,0
98.24,98.24,UAV-3,SCOUT,ACTIVE,TRANSIT,1380.6,2205.2,766.2,102.3,15.47,89.38,1,1.000,1,1.000,1,POI-005,0
98.24,98.24,UAV-4,SCOUT,ACTIVE,TRANSIT,1660.5,1778.7,781.7,108.8,20.59,90.22,1,1.000,3,0.474,1,POI-009,0
98.24,98.24,UAV-5,SCOUT,ACTIVE,TRANSIT,1613.9,1825.5,779.8,108.9,20.99,90.73,1,1.000,3,1.000,1,POI-006,0
99.26,99.26,UAV-1,RELAY,ACTIVE,RELAY_HOLD,2161.3,1908.7,842.2,155.0,17.35,89.15,1,1.000,1,1.000,1,,0
99.26,99.26,UAV-2,SCOUT,ACTIVE,TRANSIT,1576.6,1846.0,779.7,110.5,19.84,88.80,1,1.000,1,1.000,1,POI-007,0
99.26,99.26,UAV-3,SCOUT,ACTIVE,TRANSIT,1390.8,2191.9,767.0,103.3,17.30,89.26,1,1.000,1,1.000,1,POI-005,0
99.26,99.26,UAV-4,SCOUT,ACTIVE,TRANSIT,1675.2,1763.6,782.3,109.8,20.52,90.09,1,1.000,2,0.374,1,POI-009,0
99.26,99.26,UAV-5,SCOUT,ACTIVE,TRANSIT,1629.9,1811.3,780.4,108.8,20.99,90.61,1,1.000,2,1.000,1,POI-006,0
100.28,100.28,UAV-1,RELAY,ACTIVE,RELAY_HOLD,2169.8,1895.9,850.8,162.9,17.43,89.00,1,1.000,1,1.000,1,,0
100.28,100.28,UAV-2,SCOUT,ACTIVE,TRANSIT,1593.5,1833.8,780.4,110.7,20.89,88.68,1,1.000,1,1.000,1,POI-007,0
100.28,100.28,UAV-3,SCOUT,ACTIVE,TRANSIT,1401.0,2176.8,767.7,105.0,18.31,89.14,1,1.000,1,1.000,1,POI-005,0
100.28,100.28,UAV-4,SCOUT,ACTIVE,TRANSIT,1689.5,1748.5,782.8,110.2,20.43,89.96,1,1.000,2,0.086,1,POI-009,0
100.28,100.28,UAV-5,SCOUT,ACTIVE,TRANSIT,1645.8,1796.9,781.1,108.7,20.99,90.49,1,1.000,2,0.958,1,POI-006,0
101.30,101.30,UAV-1,RELAY,ACTIVE,RELAY_HOLD,2171.4,1883.2,859.5,170.7,12.39,88.88,1,1.000,1,1.000,1,,0
101.30,101.30,UAV-2,SCOUT,ACTIVE,TRANSIT,1611.0,1821.3,781.1,110.3,21.31,88.56,1,1.000,2,0.958,1,POI-007,0
101.30,101.30,UAV-3,SCOUT,ACTIVE,TRANSIT,1411.0,2160.7,768.5,106.4,18.79,89.01,1,1.000,1,1.000,1,POI-005,0
101.30,101.30,UAV-4,SCOUT,ACTIVE,TRANSIT,1703.6,1733.7,783.4,110.0,18.77,89.83,1,1.000,2,0.067,1,POI-009,0
101.30,101.30,UAV-5,SCOUT,ACTIVE,TRANSIT,1661.6,1782.5,781.7,108.7,20.95,90.36,1,1.000,2,0.811,1,POI-006,0
102.32,102.32,UAV-1,RELAY,ACTIVE,RELAY_HOLD,2170.2,1874.9,863.1,173.5,6.12,88.76,1,1.000,1,1.000,1,,0
102.32,102.32,UAV-2,SCOUT,ACTIVE,TRANSIT,1628.7,1808.6,781.8,110.2,21.48,88.44,1,1.000,2,0.959,1,POI-007,0
102.32,102.32,UAV-3,SCOUT,ACTIVE,TRANSIT,1420.9,2144.2,769.3,106.7,19.02,88.89,1,1.000,1,1.000,1,POI-005,0
102.32,102.32,UAV-4,SCOUT,ACTIVE,TRANSIT,1719.3,1725.5,784.1,110.4,17.33,89.69,1,1.000,2,0.077,1,POI-009,0
102.32,102.32,UAV-5,SCOUT,ACTIVE,TRANSIT,1677.2,1768.1,782.2,109.8,20.89,90.24,1,1.000,2,0.363,1,POI-006,0
103.34,103.34,UAV-1,RELAY,ACTIVE,RELAY_HOLD,2169.6,1870.4,859.8,169.9,7.13,88.64,1,1.000,1,1.000,1,,0
103.34,103.34,UAV-2,SCOUT,ACTIVE,TRANSIT,1646.5,1795.7,782.4,110.0,21.51,88.33,1,1.000,2,0.843,1,POI-007,0
103.34,103.34,UAV-3,SCOUT,ACTIVE,TRANSIT,1430.8,2127.4,770.0,106.8,19.09,88.76,1,1.000,1,1.000,1,POI-005,0
103.34,103.34,UAV-4,SCOUT,ACTIVE,TRANSIT,1738.1,1722.4,784.7,111.0,20.08,89.57,1,1.000,2,0.001,1,POI-009,0
103.34,103.34,UAV-5,SCOUT,ACTIVE,TRANSIT,1692.8,1753.5,782.8,110.2,20.80,90.12,1,1.000,2,0.171,1,POI-006,0
104.36,104.36,UAV-1,RELAY,ACTIVE,RELAY_HOLD,2167.4,1871.2,855.7,165.8,7.04,88.50,1,1.000,1,1.000,1,,0
104.36,104.36,UAV-2,SCOUT,ACTIVE,TRANSIT,1664.3,1782.8,783.1,110.1,21.55,88.21,1,1.000,2,0.769,1,POI-007,0
104.36,104.36,UAV-3,SCOUT,ACTIVE,TRANSIT,1440.7,2110.6,770.7,107.1,19.15,88.64,1,1.000,1,0.997,1,POI-005,0
104.36,104.36,UAV-4,SCOUT,ACTIVE,TRANSIT,1759.6,1720.5,785.3,111.0,21.83,89.46,1,1.000,2,0.056,1,POI-009,0
104.36,104.36,UAV-5,SCOUT,ACTIVE,TRANSIT,1708.1,1738.9,783.3,110.0,20.73,89.99,1,1.000,2,0.105,1,POI-006,0
105.38,105.38,UAV-1,RELAY,ACTIVE,RELAY_HOLD,2158.8,1875.6,860.8,171.0,14.41,88.35,1,1.000,1,1.000,1,,0
105.38,105.38,UAV-2,SCOUT,ACTIVE,TRANSIT,1682.1,1769.9,783.7,111.2,21.51,88.10,1,1.000,2,0.542,1,POI-007,0
105.38,105.38,UAV-3,SCOUT,ACTIVE,TRANSIT,1450.5,2093.7,771.4,107.7,19.09,88.51,1,1.000,1,1.000,1,POI-005,0
105.38,105.38,UAV-4,SCOUT,ACTIVE,TRANSIT,1781.9,1718.8,785.9,110.0,21.95,89.35,1,1.000,2,0.041,1,POI-009,0
105.38,105.38,UAV-5,SCOUT,ACTIVE,TRANSIT,1723.1,1724.1,783.7,110.1,20.58,89.87,1,1.000,2,0.042,1,POI-006,0
106.40,106.40,UAV-1,RELAY,ACTIVE,RELAY_HOLD,2149.6,1879.7,870.5,180.9,9.50,88.21,1,1.000,1,1.000,1,,0
106.40,106.40,UAV-2,SCOUT,ACTIVE,TRANSIT,1699.8,1757.0,784.3,111.7,21.46,87.98,1,1.000,2,0.381,1,POI-007,0
106.40,106.40,UAV-3,SCOUT,ACTIVE,TRANSIT,1460.2,2077.0,772.1,108.7,18.99,88.39,1,1.000,1,1.000,1,POI-005,0
106.40,106.40,UAV-4,SCOUT,ACTIVE,TRANSIT,1804.2,1717.1,786.5,109.6,21.97,89.25,1,1.000,2,0.111,1,POI-009,0
106.40,106.40,UAV-5,SCOUT,ACTIVE,TRANSIT,1738.8,1713.6,784.6,110.7,17.55,89.72,1,1.000,2,0.000,1,POI-006,0
107.42,107.42,UAV-1,RELAY,ACTIVE,RELAY_HOLD,2145.6,1884.0,872.5,183.1,4.91,88.08,1,1.000,1,1.000,1,,0
107.42,107.42,UAV-2,SCOUT,ACTIVE,TRANSIT,1717.4,1744.1,784.9,111.5,21.50,87.87,1,1.000,2,0.168,1,POI-007,0
107.42,107.42,UAV-3,SCOUT,ACTIVE,TRANSIT,1469.8,2060.2,772.8,109.8,19.00,88.27,1,1.000,1,1.000,1,POI-005,0
107.42,107.42,UAV-4,SCOUT,ACTIVE,TRANSIT,1826.5,1715.4,787.1,110.0,21.97,89.14,1,1.000,2,0.233,1,POI-009,0
107.42,107.42,UAV-5,SCOUT,ACTIVE,TRANSIT,1756.7,1710.5,785.5,110.9,19.00,89.59,1,1.000,2,0.000,1,POI-006,0
108.44,108.44,UAV-1,RELAY,ACTIVE,RELAY_HOLD,2144.8,1887.9,867.3,178.2,9.09,87.95,1,1.000,1,1.000,1,,0
108.44,108.44,UAV-2,SCOUT,ACTIVE,TRANSIT,1735.0,1731.1,785.5,112.0,21.47,87.75,1,1.000,2,0.201,1,POI-007,0
108.44,108.44,UAV-3,SCOUT,ACTIVE,TRANSIT,1479.3,2043.3,773.4,109.8,18.98,88.14,1,1.000,1,1.000,1,POI-005,0
108.44,108.44,UAV-4,SCOUT,ACTIVE,TRANSIT,1848.8,1713.7,787.6,110.4,21.95,89.04,1,1.000,2,0.341,1,POI-009,0
108.44,108.44,UAV-5,SCOUT,ACTIVE,TRANSIT,1777.5,1710.7,786.3,110.4,21.52,89.47,1,1.000,2,0.029,1,POI-006,0
109.46,109.46,UAV-1,RELAY,ACTIVE,RELAY_HOLD,2146.8,1892.8,857.1,168.4,13.13,87.81,1,1.000,1,1.000,1,,0
109.46,109.46,UAV-2,SCOUT,ACTIVE,TRANSIT,1752.6,1718.0,786.0,111.9,21.46,87.63,1,1.000,2,0.008,1,POI-007,0
109.46,109.46,UAV-3,SCOUT,ACTIVE,TRANSIT,1488.7,2026.4,774.1,109.0,18.99,88.02,1,1.000,1,1.000,1,POI-005,0
109.46,109.46,UAV-4,SCOUT,ACTIVE,TRANSIT,1871.2,1712.1,788.2,110.2,21.96,88.94,1,1.000,2,0.344,1,POI-009,0
109.46,109.46,UAV-5,SCOUT,ACTIVE,TRANSIT,1799.8,1711.6,787.0,110.2,21.96,89.37,1,1.000,2,0.068,1,POI-006,0
110.48,110.48,UAV-1,RELAY,KILLED,LANDED,2151.8,1897.5,849.6,161.3,7.63,87.74,0,1.000,1,0.000,1,,0
110.48,110.48,UAV-2,SCOUT,ACTIVE,TRANSIT,1770.0,1704.8,786.5,110.9,21.43,87.52,1,1.000,2,0.041,1,POI-007,0
110.48,110.48,UAV-3,SCOUT,ACTIVE,TRANSIT,1498.0,2009.4,774.7,108.8,18.91,87.89,1,1.000,1,1.000,1,POI-005,0
110.48,110.48,UAV-4,SCOUT,ACTIVE,TRANSIT,1893.5,1710.4,788.7,109.9,21.97,88.83,1,1.000,3,0.503,1,POI-009,0
110.48,110.48,UAV-5,RELAY,ACTIVE,RELAY_TRANSIT,1821.6,1712.8,787.0,110.0,20.20,89.26,1,1.000,3,0.131,1,,0
111.50,111.50,UAV-1,RELAY,KILLED,LANDED,2156.3,1900.8,840.8,152.9,13.20,87.74,0,1.000,1,0.000,1,,0
111.50,111.50,UAV-2,SCOUT,ACTIVE,TRANSIT,1787.9,1695.4,787.4,110.7,18.94,87.37,1,1.000,2,0.002,1,POI-007,0
111.50,111.50,UAV-3,SCOUT,ACTIVE,TRANSIT,1507.1,1992.5,775.3,109.2,18.87,87.77,1,1.000,1,1.000,1,POI-005,0
111.50,111.50,UAV-4,SCOUT,ACTIVE,TRANSIT,1915.4,1709.1,789.3,110.4,19.36,88.71,1,1.000,3,0.447,1,POI-009,0
111.50,111.50,UAV-5,RELAY,ACTIVE,RELAY_TRANSIT,1841.0,1717.2,784.2,107.2,19.76,89.14,1,1.000,3,0.455,1,,0
112.52,112.52,UAV-1,RELAY,KILLED,LANDED,2159.8,1903.3,825.0,137.4,18.75,87.74,0,1.000,1,0.000,1,,0
112.52,112.52,UAV-2,SCOUT,ACTIVE,TRANSIT,1807.1,1693.4,788.3,111.2,19.48,87.23,1,1.000,2,0.067,1,POI-007,0
112.52,112.52,UAV-3,SCOUT,ACTIVE,TRANSIT,1516.0,1975.5,775.9,110.1,18.83,87.65,1,1.000,1,1.000,1,POI-005,0
112.52,112.52,UAV-4,SCOUT,ACTIVE,TRANSIT,1932.2,1712.4,790.0,110.6,16.05,88.59,1,1.000,3,0.644,1,POI-009,0
112.52,112.52,UAV-5,RELAY,ACTIVE,RELAY_TRANSIT,1859.7,1725.6,781.3,103.8,20.98,89.02,1,1.000,3,0.561,1,,0
113.54,113.54,UAV-1,RELAY,KILLED,LANDED,2162.5,1905.2,803.7,116.3,23.26,87.74,0,1.000,1,0.000,1,,0
113.54,113.54,UAV-2,SCOUT,ACTIVE,TRANSIT,1827.6,1696.7,789.2,112.1,21.27,87.11,1,1.000,2,0.001,1,POI-007,0
113.54,113.54,UAV-3,SCOUT,ACTIVE,TRANSIT,1524.8,1958.4,776.4,111.5,18.79,87.52,1,1.000,1,1.000,1,POI-005,0
113.54,113.54,UAV-4,SCOUT,ACTIVE,TRANSIT,1946.6,1721.7,790.6,109.7,17.89,88.46,1,1.000,3,0.911,1,POI-009,0
113.54,113.54,UAV-5,RELAY,ACTIVE,RELAY_TRANSIT,1878.8,1736.0,778.5,100.1,21.93,88.91,1,1.000,3,0.774,1,,0
114.56,114.56,UAV-1,RELAY,KILLED,LANDED,2164.6,1906.7,778.2,91.0,26.82,87.74,0,1.000,1,0.000,1,,0
114.56,114.56,UAV-2,SCOUT,ACTIVE,TRANSIT,1849.0,1702.3,790.0,112.5,21.87,87.01,1,1.000,2,0.171,1,POI-007,0
114.56,114.56,UAV-3,SCOUT,ACTIVE,TRANSIT,1533.3,1941.3,776.9,112.1,18.71,87.40,1,1.000,1,1.000,1,POI-005,0
114.56,114.56,UAV-4,SCOUT,ACTIVE,TRANSIT,1960.2,1735.3,791.2,108.3,19.93,88.34,1,1.000,3,0.999,1,POI-009,0
114.56,114.56,UAV-5,RELAY,ACTIVE,RELAY_TRANSIT,1898.2,1747.0,775.8,95.9,22.00,88.81,1,1.000,3,0.939,1,,0
115.58,115.58,UAV-1,RELAY,KILLED,LANDED,2166.2,1907.9,749.4,62.3,29.60,87.74,0,1.000,1,0.000,1,,0
115.58,115.58,UAV-2,SCOUT,ACTIVE,TRANSIT,1870.5,1708.4,790.8,112.7,21.93,86.90,1,1.000,2,0.155,1,POI-007,0
115.58,115.58,UAV-3,SCOUT,ACTIVE,TRANSIT,1541.5,1924.2,777.4,111.2,18.52,87.28,1,1.000,1,1.000,1,POI-005,0
115.58,115.58,UAV-4,SCOUT,ACTIVE,TRANSIT,1974.0,1751.4,791.8,107.9,21.27,88.23,1,1.000,1,1.000,1,POI-009,0
115.58,115.58,UAV-5,RELAY,ACTIVE,RELAY_TRANSIT,1917.5,1758.2,773.2,92.2,22.00,88.71,1,1.000,3,1.000,1,,0
116.60,116.60,UAV-1,RELAY,KILLED,LANDED,2167.5,1908.8,718.1,31.0,31.76,87.74,0,1.000,1,0.000,1,,0
116.60,116.60,UAV-2,SCOUT,ACTIVE,TRANSIT,1891.9,1714.7,791.6,113.0,21.94,86.80,1,1.000,2,0.631,1,POI-007,0
116.60,116.60,UAV-3,SCOUT,ACTIVE,TRANSIT,1549.5,1907.2,777.9,110.4,18.30,87.15,1,1.000,1,1.000,1,POI-005,0
116.60,116.60,UAV-4,SCOUT,ACTIVE,TRANSIT,1987.8,1768.3,792.4,108.3,21.53,88.13,1,1.000,1,1.000,1,POI-009,0
116.60,116.60,UAV-5,RELAY,ACTIVE,RELAY_TRANSIT,1936.7,1769.4,770.7,88.6,22.00,88.61,1,1.000,1,1.000,1,,0
117.62,117.62,UAV-1,RELAY,KILLED,LANDED,2168.4,1909.5,687.3,0.3,0.00,87.74,0,1.000,1,0.000,1,,0
117.62,117.62,UAV-2,SCOUT,ACTIVE,TRANSIT,1913.3,1721.2,792.4,113.4,21.95,86.70,1,1.000,2,0.833,1,POI-007,0
117.62,117.62,UAV-3,SCOUT,ACTIVE,TRANSIT,1557.0,1890.2,778.3,110.3,18.19,87.03,1,1.000,1,1.000,1,POI-005,0
117.62,117.62,UAV-4,SCOUT,ACTIVE,TRANSIT,2001.6,1785.4,792.9,108.9,21.62,88.02,1,1.000,1,1.000,1,POI-009,0
117.62,117.62,UAV-5,RELAY,ACTIVE,RELAY_TRANSIT,1956.0,1780.7,768.3,85.5,22.00,88.51,1,1.000,3,1.000,1,,0
118.64,118.64,UAV-1,RELAY,KILLED,LANDED,2168.4,1909.5,687.3,0.3,0.00,87.74,0,1.000,1,0.000,1,,0
118.64,118.64,UAV-2,SCOUT,ACTIVE,TRANSIT,1934.7,1727.9,793.2,112.9,22.00,86.59,1,1.000,2,0.958,1,POI-007,0
118.64,118.64,UAV-3,SCOUT,ACTIVE,TRANSIT,1564.1,1873.1,778.6,110.2,17.97,86.91,1,1.000,1,1.000,1,POI-005,0
118.64,118.64,UAV-4,SCOUT,ACTIVE,TRANSIT,2015.4,1802.7,793.5,109.9,21.76,87.92,1,1.000,1,1.000,1,POI-009,0
118.64,118.64,UAV-5,RELAY,ACTIVE,RELAY_TRANSIT,1975.2,1791.5,768.2,84.9,21.34,88.38,1,1.000,1,1.000,1,,0
119.66,119.66,UAV-1,RELAY,KILLED,LANDED,2168.4,1909.5,687.3,0.3,0.00,87.74,0,1.000,1,0.000,1,,0
119.66,119.66,UAV-2,SCOUT,ACTIVE,TRANSIT,1956.1,1734.7,793.9,111.4,21.99,86.49,1,1.000,2,0.995,1,POI-007,0
119.66,119.66,UAV-3,SCOUT,ACTIVE,TRANSIT,1570.7,1856.6,779.1,110.1,15.99,86.78,1,1.000,1,1.000,1,POI-005,0
119.66,119.66,UAV-4,SCOUT,ACTIVE,TRANSIT,2029.1,1820.2,794.1,110.8,21.81,87.81,1,1.000,1,1.000,1,POI-009,0
119.66,119.66,UAV-5,RELAY,ACTIVE,RELAY_TRANSIT,1993.9,1801.0,775.4,92.1,21.89,88.25,1,1.000,1,1.000,1,,0
120.68,120.68,UAV-1,RELAY,KILLED,LANDED,2168.4,1909.5,687.3,0.3,0.00,87.74,0,1.000,1,0.000,1,,0
120.68,120.68,UAV-2,SCOUT,ACTIVE,TRANSIT,1977.4,1741.5,794.6,110.7,21.98,86.39,1,1.000,1,1.000,1,POI-007,0
120.68,120.68,UAV-3,SCOUT,ACTIVE,TRANSIT,1581.5,1844.1,779.9,110.5,17.34,86.66,1,1.000,1,1.000,1,POI-005,0
120.68,120.68,UAV-4,SCOUT,ACTIVE,TRANSIT,2042.9,1837.7,794.6,111.3,21.84,87.71,1,1.000,1,1.000,1,POI-009,0
120.68,120.68,UAV-5,RELAY,ACTIVE,RELAY_HOLD,2012.6,1810.2,783.6,100.5,21.97,88.13,1,1.000,1,1.000,1,,0
121.70,121.70,UAV-1,RELAY,KILLED,LANDED,2168.4,1909.5,687.3,0.3,0.00,87.74,0,1.000,1,0.000,1,,0
121.70,121.70,UAV-2,SCOUT,ACTIVE,TRANSIT,1997.7,1749.1,795.1,110.5,20.13,86.27,1,1.000,1,1.000,1,POI-007,0
121.70,121.70,UAV-3,SCOUT,ACTIVE,TRANSIT,1596.5,1832.6,780.5,110.7,19.61,86.53,1,1.000,1,1.000,1,POI-005,0
121.70,121.70,UAV-4,SCOUT,ACTIVE,TRANSIT,2056.6,1855.3,795.1,111.0,21.88,87.60,1,1.000,1,1.000,1,POI-009,0
121.70,121.70,UAV-5,RELAY,ACTIVE,RELAY_HOLD,2031.4,1819.1,791.8,108.4,21.98,88.02,1,1.000,1,1.000,1,,0
122.72,122.72,UAV-1,RELAY,KILLED,LANDED,2168.4,1909.5,687.3,0.3,0.00,87.74,0,1.000,1,0.000,1,,0
122.72,122.72,UAV-2,SCOUT,ACTIVE,TRANSIT,2015.2,1760.3,795.5,109.7,21.05,86.15,1,1.000,1,1.000,1,POI-007,0
122.72,122.72,UAV-3,SCOUT,ACTIVE,TRANSIT,1613.3,1820.6,781.2,110.3,20.75,86.41,1,1.000,1,1.000,1,POI-005,0
122.72,122.72,UAV-4,SCOUT,ACTIVE,TRANSIT,2070.3,1872.9,795.6,109.7,21.90,87.49,1,1.000,1,1.000,1,POI-009,0
122.72,122.72,UAV-5,RELAY,ACTIVE,RELAY_HOLD,2050.0,1828.5,800.0,116.2,21.92,87.91,1,1.000,1,1.000,1,,0
123.74,123.74,UAV-1,RELAY,KILLED,LANDED,2168.4,1909.5,687.3,0.3,0.00,87.74,0,1.000,1,0.000,1,,0
123.74,123.74,UAV-2,SCOUT,ACTIVE,TRANSIT,2032.6,1773.9,795.8,109.3,21.91,86.04,1,1.000,1,1.000,1,POI-007,0
123.74,123.74,UAV-3,SCOUT,ACTIVE,TRANSIT,1630.8,1808.0,781.9,110.2,21.26,86.29,1,1.000,2,0.958,1,POI-005,0
123.74,123.74,UAV-4,SCOUT,ACTIVE,TRANSIT,2083.9,1890.6,796.1,109.2,21.91,87.39,1,1.000,1,1.000,1,POI-009,0
123.74,123.74,UAV-5,RELAY,ACTIVE,RELAY_HOLD,2068.3,1838.8,807.8,123.4,22.00,87.79,1,1.000,1,1.000,1,,0
124.76,124.76,UAV-1,RELAY,KILLED,LANDED,2168.4,1909.5,687.3,0.3,0.00,87.74,0,1.000,1,0.000,1,,0
124.76,124.76,UAV-2,SCOUT,ACTIVE,TRANSIT,2050.1,1787.8,796.1,109.8,21.96,85.94,1,1.000,1,1.000,1,POI-007,0
124.76,124.76,UAV-3,SCOUT,ACTIVE,TRANSIT,1648.4,1795.2,782.5,110.0,21.49,86.18,1,1.000,2,0.894,1,POI-005,0
124.76,124.76,UAV-4,SCOUT,ACTIVE,TRANSIT,2096.3,1906.0,793.7,107.0,17.40,87.26,1,1.000,2,1.000,1,POI-009,0
124.76,124.76,UAV-5,RELAY,ACTIVE,RELAY_HOLD,2086.6,1849.2,815.2,129.0,20.94,87.68,1,1.000,1,1.000,1,,0
125.78,125.78,UAV-1,RELAY,KILLED,LANDED,2168.4,1909.5,687.3,0.3,0.00,87.74,0,1.000,1,0.000,1,,0
125.78,125.78,UAV-2,SCOUT,ACTIVE,TRANSIT,2067.7,1801.7,796.4,110.5,21.97,85.84,1,1.000,1,1.000,1,POI-007,0
125.78,125.78,UAV-3,SCOUT,ACTIVE,TRANSIT,1666.2,1782.4,783.2,110.1,21.55,86.06,1,1.000,2,0.676,1,POI-005,0
125.78,125.78,UAV-4,SCOUT,ACTIVE,TRANSIT,2105.9,1916.8,785.2,98.6,16.17,87.13,1,1.000,2,0.212,1,POI-009,0
125.78,125.78,UAV-5,RELAY,ACTIVE,RELAY_HOLD,2102.1,1861.9,822.2,134.4,21.37,87.54,1,1.000,1,1.000,1,,0
126.80,126.80,UAV-1,RELAY,KILLED,LANDED,2168.4,1909.5,687.3,0.3,0.00,87.74,0,1.000,1,0.000,1,,0
126.80,126.80,UAV-2,SCOUT,ACTIVE,TRANSIT,2085.2,1815.7,796.7,111.0,21.97,85.73,1,1.000,1,1.000,1,POI-007,0
126.80,126.80,UAV-3,SCOUT,ACTIVE,TRANSIT,1684.0,1769.5,783.8,111.3,21.58,85.95,1,1.000,2,0.628,1,POI-005,0
126.80,126.80,UAV-4,SCOUT,ACTIVE,TRANSIT,2113.4,1924.1,772.3,85.6,16.82,86.99,1,1.000,2,0.000,1,POI-009,0
126.80,126.80,UAV-5,RELAY,ACTIVE,RELAY_HOLD,2114.8,1876.0,830.7,142.2,18.08,87.42,1,1.000,1,1.000,1,,0
127.82,127.82,UAV-1,RELAY,KILLED,LANDED,2168.4,1909.5,687.3,0.3,0.00,87.74,0,1.000,1,0.000,1,,0
127.82,127.82,UAV-2,SCOUT,ACTIVE,TRANSIT,2102.7,1829.7,797.0,110.4,21.99,85.63,1,1.000,1,1.000,1,POI-007,0
127.82,127.82,UAV-3,SCOUT,ACTIVE,TRANSIT,1701.8,1756.6,784.4,111.6,21.57,85.83,1,1.000,2,0.388,1,POI-005,0
127.82,127.82,UAV-4,SCOUT,ACTIVE,TRANSIT,2119.3,1928.8,756.4,69.7,17.68,86.86,1,1.000,2,0.000,1,POI-009,0
127.82,127.82,UAV-5,RELAY,ACTIVE,RELAY_HOLD,2125.7,1887.4,831.7,142.8,14.61,87.29,1,1.000,1,1.000,1,,0
128.82,128.82,UAV-1,RELAY,KILLED,LANDED,2168.4,1909.5,687.3,0.3,0.00,87.74,0,1.000,1,0.000,1,,0
128.82,128.82,UAV-2,SCOUT,ACTIVE,TRANSIT,2119.8,1843.4,797.2,108.9,21.97,85.53,1,1.000,1,1.000,1,POI-007,0
128.82,128.82,UAV-3,SCOUT,ACTIVE,TRANSIT,1719.2,1743.9,785.0,111.5,21.55,85.72,1,1.000,2,0.302,1,POI-005,0
128.82,128.82,UAV-4,SCOUT,ACTIVE,SURVEY,2123.3,1930.8,740.2,53.5,14.61,86.73,1,1.000,2,0.000,1,POI-009,0
128.82,128.82,UAV-5,RELAY,ACTIVE,RELAY_HOLD,2136.6,1895.2,826.7,138.0,11.91,87.15,1,1.000,1,1.000,1,,0
129.82,129.82,UAV-1,RELAY,KILLED,LANDED,2168.4,1909.5,687.3,0.3,0.00,87.74,0,1.000,1,0.000,1,,0
129.82,129.82,UAV-2,SCOUT,ACTIVE,TRANSIT,2137.0,1857.1,797.5,107.8,21.96,85.42,1,1.000,1,1.000,1,POI-007,0
129.82,129.82,UAV-3,SCOUT,ACTIVE,TRANSIT,1736.6,1731.1,785.5,112.0,21.55,85.61,1,1.000,2,0.093,1,POI-005,0
129.82,129.82,UAV-4,SCOUT,ACTIVE,SURVEY,2123.1,1928.1,728.9,42.2,10.17,86.58,1,1.000,2,0.000,1,,0
129.82,129.82,UAV-5,RELAY,ACTIVE,RELAY_HOLD,2147.0,1896.1,825.6,137.1,13.57,87.01,1,1.000,1,1.000,1,,0
130.82,130.82,UAV-1,RELAY,KILLED,LANDED,2168.4,1909.5,687.3,0.3,0.00,87.74,0,1.000,1,0.000,1,,0
130.82,130.82,UAV-2,SCOUT,ACTIVE,TRANSIT,2154.1,1870.9,797.8,107.7,21.95,85.32,1,1.000,1,1.000,1,POI-007,0
130.82,130.82,UAV-3,SCOUT,ACTIVE,TRANSIT,1753.9,1718.3,786.1,111.9,21.54,85.50,1,1.000,2,0.032,1,POI-005,0
130.82,130.82,UAV-4,SCOUT,ACTIVE,TRANSIT,2122.3,1925.5,726.7,39.8,3.39,86.43,1,1.000,2,0.000,1,POI-006,0
130.82,130.82,UAV-5,RELAY,ACTIVE,RELAY_HOLD,2162.2,1895.8,832.6,144.5,17.58,86.86,1,1.000,1,1.000,1,,0
131.82,131.82,UAV-1,RELAY,KILLED,LANDED,2168.4,1909.5,687.3,0.3,0.00,87.74,0,1.000,1,0.000,1,,0
131.82,131.82,UAV-2,SCOUT,ACTIVE,TRANSIT,2171.3,1884.6,798.1,109.4,21.99,85.22,1,1.000,1,1.000,1,POI-007,0
131.82,131.82,UAV-3,SCOUT,ACTIVE,TRANSIT,1771.1,1705.4,786.6,110.9,21.47,85.38,1,1.000,2,0.000,1,POI-005,0
131.82,131.82,UAV-4,SCOUT,ACTIVE,TRANSIT,2123.4,1927.3,735.3,48.5,13.60,86.28,1,1.000,2,0.000,1,POI-006,0
131.82,131.82,UAV-5,RELAY,ACTIVE,RELAY_HOLD,2173.0,1895.2,841.4,153.5,10.66,86.73,1,1.000,1,1.000,1,,0
132.82,132.82,UAV-1,RELAY,KILLED,LANDED,2168.4,1909.5,687.3,0.3,0.00,87.74,0,1.000,1,0.000,1,,0
132.82,132.82,UAV-2,SCOUT,ACTIVE,TRANSIT,2188.4,1898.4,798.4,110.6,22.00,85.12,1,1.000,2,0.698,1,POI-007,0
132.82,132.82,UAV-3,SCOUT,ACTIVE,TRANSIT,1788.7,1695.3,787.4,110.6,19.11,85.25,1,1.000,3,0.003,1,POI-005,0
132.82,132.82,UAV-4,SCOUT,ACTIVE,TRANSIT,2124.2,1928.5,752.2,65.4,19.49,86.13,1,1.000,3,0.000,1,POI-006,0
132.82,132.82,UAV-5,RELAY,ACTIVE,RELAY_HOLD,2181.7,1895.2,842.2,154.4,8.25,86.60,1,1.000,1,1.000,1,,0
133.82,133.82,UAV-1,RELAY,KILLED,LANDED,2168.4,1909.5,687.3,0.3,0.00,87.74,0,1.000,1,0.000,1,,0
133.82,133.82,UAV-2,SCOUT,ACTIVE,TRANSIT,2205.5,1912.2,798.7,110.5,22.00,85.01,1,1.000,2,0.004,1,POI-007,0
133.82,133.82,UAV-3,SCOUT,ACTIVE,TRANSIT,1807.4,1692.5,788.3,111.2,19.28,85.11,1,1.000,3,0.000,1,POI-005,0
133.82,133.82,UAV-4,SCOUT,ACTIVE,TRANSIT,2124.5,1929.1,772.3,85.5,18.17,86.00,1,1.000,3,0.000,1,POI-006,0
133.82,133.82,UAV-5,RELAY,ACTIVE,RELAY_HOLD,2185.9,1891.9,842.3,154.3,6.77,86.45,1,1.000,1,1.000,1,,0
134.82,134.82,UAV-1,RELAY,KILLED,LANDED,2168.4,1909.5,687.3,0.3,0.00,87.74,0,1.000,1,0.000,1,,0
134.82,134.82,UAV-2,SCOUT,ACTIVE,TRANSIT,2223.3,1924.8,799.3,110.7,21.87,84.90,1,1.000,2,0.000,1,POI-007,0
134.82,134.82,UAV-3,SCOUT,ACTIVE,TRANSIT,1827.2,1695.2,789.1,112.0,20.93,84.99,1,1.000,3,0.000,1,POI-005,0
134.82,134.82,UAV-4,SCOUT,ACTIVE,TRANSIT,2126.1,1930.2,784.4,97.6,7.94,85.87,1,1.000,3,0.008,1,POI-006,0
134.82,134.82,UAV-5,RELAY,ACTIVE,RELAY_HOLD,2182.3,1887.3,847.8,159.6,8.87,86.32,1,1.000,1,1.000,1,,0
135.82,135.82,UAV-1,RELAY,KILLED,LANDED,2168.4,1909.5,687.3,0.3,0.00,87.74,0,1.000,1,0.000,1,,0
135.82,135.82,UAV-2,SCOUT,ACTIVE,TRANSIT,2242.6,1935.4,800.2,110.8,22.00,84.80,1,1.000,2,0.000,1,POI-007,0
135.82,135.82,UAV-3,SCOUT,ACTIVE,TRANSIT,1848.0,1700.7,790.0,112.4,21.85,84.88,1,1.000,3,0.094,1,POI-005,0
135.82,135.82,UAV-4,SCOUT,ACTIVE,TRANSIT,2130.0,1933.0,788.4,101.7,7.55,85.73,1,1.000,3,0.000,1,POI-006,0
135.82,135.82,UAV-5,RELAY,ACTIVE,RELAY_HOLD,2174.8,1884.1,852.3,163.7,9.76,86.21,1,1.000,1,1.000,1,,0
136.82,136.82,UAV-1,RELAY,KILLED,LANDED,2168.4,1909.5,687.3,0.3,0.00,87.74,0,1.000,1,0.000,1,,0
136.82,136.82,UAV-2,SCOUT,ACTIVE,TRANSIT,2261.9,1945.9,801.1,110.1,22.00,84.70,1,1.000,2,0.000,1,POI-007,0
136.82,136.82,UAV-3,SCOUT,ACTIVE,TRANSIT,1869.0,1706.9,790.8,112.7,21.91,84.78,1,1.000,3,0.298,1,POI-005,0
136.82,136.82,UAV-4,SCOUT,ACTIVE,TRANSIT,2138.4,1939.1,790.5,103.9,13.34,85.61,1,1.000,3,0.000,1,POI-006,0
136.82,136.82,UAV-5,RELAY,ACTIVE,RELAY_HOLD,2165.4,1881.9,855.3,166.2,10.51,86.09,1,1.000,1,1.000,1,,0
137.82,137.82,UAV-1,RELAY,KILLED,LANDED,2168.4,1909.5,687.3,0.3,0.00,87.74,0,1.000,1,0.000,1,,0
137.82,137.82,UAV-2,SCOUT,ACTIVE,TRANSIT,2281.2,1956.4,802.0,110.0,22.00,84.59,1,1.000,2,0.000,1,POI-007,0
137.82,137.82,UAV-3,SCOUT,ACTIVE,TRANSIT,1889.9,1713.4,791.6,113.0,21.93,84.68,1,1.000,3,0.517,1,POI-005,0
137.82,137.82,UAV-4,SCOUT,ACTIVE,TRANSIT,2152.3,1946.2,792.3,105.9,17.92,85.49,1,1.000,3,0.000,1,POI-006,0
137.82,137.82,UAV-5,RELAY,ACTIVE,RELAY_HOLD,2154.8,1880.7,857.1,167.6,11.01,85.97,1,1.000,1,1.000,1,,0
138.82,138.82,UAV-1,RELAY,KILLED,LANDED,2168.4,1909.5,687.3,0.3,0.00,87.74,0,1.000,1,0.000,1,,0
138.82,138.82,UAV-2,SCOUT,ACTIVE,TRANSIT,2300.5,1966.9,802.9,110.2,22.00,84.49,1,1.000,2,0.000,1,POI-007,0
138.82,138.82,UAV-3,SCOUT,ACTIVE,TRANSIT,1910.8,1720.0,792.4,113.4,21.94,84.58,1,1.000,3,0.784,1,POI-005,0
138.82,138.82,UAV-4,SCOUT,ACTIVE,TRANSIT,2170.6,1953.1,794.0,107.7,20.94,85.38,1,1.000,3,0.000,1,POI-006,0
138.82,138.82,UAV-5,RELAY,ACTIVE,RELAY_HOLD,2143.8,1880.2,857.9,168.4,9.93,85.86,1,1.000,1,1.000,1,,0
139.82,139.82,UAV-1,RELAY,KILLED,LANDED,2168.4,1909.5,687.3,0.3,0.00,87.74,0,1.000,1,0.000,1,,0
139.82,139.82,UAV-2,SCOUT,ACTIVE,TRANSIT,2319.8,1977.4,803.8,110.1,22.00,84.39,1,1.000,2,0.000,1,POI-007,0
139.82,139.82,UAV-3,SCOUT,ACTIVE,TRANSIT,1931.6,1726.8,793.1,113.2,21.96,84.47,1,1.000,3,0.996,1,POI-005,0
139.82,139.82,UAV-4,SCOUT,ACTIVE,TRANSIT,2190.7,1959.9,795.6,108.1,21.49,85.27,1,1.000,3,0.000,1,POI-006,0
139.82,139.82,UAV-5,RELAY,ACTIVE,RELAY_HOLD,2138.6,1880.5,857.9,168.6,1.14,85.74,1,1.000,1,1.000,1,,0
140.82,140.82,UAV-1,RELAY,KILLED,LANDED,2168.4,1909.5,687.3,0.3,0.00,87.74,0,1.000,1,0.000,1,,0
140.82,140.82,UAV-2,SCOUT,ACTIVE,TRANSIT,2339.1,1987.9,804.6,109.9,22.00,84.28,1,1.000,2,0.000,1,POI-007,0
140.82,140.82,UAV-3,SCOUT,ACTIVE,TRANSIT,1952.5,1733.7,793.9,111.7,21.96,84.37,1,1.000,3,0.915,1,POI-005,0
140.82,140.82,UAV-4,SCOUT,ACTIVE,TRANSIT,2211.2,1966.6,797.2,107.8,21.61,85.17,1,1.000,3,0.000,1,POI-006,0
140.82,140.82,UAV-5,RELAY,ACTIVE,RELAY_HOLD,2142.2,1878.7,860.1,170.6,10.30,85.60,1,1.000,1,1.000,1,,0
141.82,141.82,UAV-1,RELAY,KILLED,LANDED,2168.4,1909.5,687.3,0.3,0.00,87.74,0,1.000,1,0.000,1,,0
141.82,141.82,UAV-2,SCOUT,ACTIVE,TRANSIT,2358.4,1998.5,805.4,109.1,22.00,84.18,1,1.000,2,0.000,1,POI-007,0
141.82,141.82,UAV-3,SCOUT,ACTIVE,TRANSIT,1973.3,1740.7,794.6,110.9,21.96,84.27,1,1.000,1,1.000,1,POI-005,0
141.82,141.82,UAV-4,SCOUT,ACTIVE,TRANSIT,2231.8,1973.2,798.8,108.3,21.70,85.07,1,1.000,3,0.000,1,POI-006,0
141.82,141.82,UAV-5,RELAY,ACTIVE,RELAY_HOLD,2147.8,1873.1,864.0,174.1,6.81,85.48,1,1.000,1,1.000,1,,0
142.82,142.82,UAV-1,RELAY,KILLED,LANDED,2168.4,1909.5,687.3,0.3,0.00,87.74,0,1.000,1,0.000,1,,0
142.82,142.82,UAV-2,SCOUT,ACTIVE,TRANSIT,2377.7,2009.0,806.2,109.0,22.00,84.08,1,1.000,2,0.000,1,POI-007,0
142.82,142.82,UAV-3,SCOUT,ACTIVE,TRANSIT,1993.9,1747.9,795.2,110.7,20.97,84.16,1,1.000,1,1.000,1,POI-005,0
142.82,142.82,UAV-4,SCOUT,ACTIVE,TRANSIT,2252.4,1979.7,800.4,108.9,21.80,84.96,1,1.000,3,0.000,1,POI-006,0
142.82,142.82,UAV-5,RELAY,ACTIVE,RELAY_HOLD,2154.0,1871.3,864.5,174.4,7.60,85.35,1,1.000,1,1.000,1,,0
143.82,143.82,UAV-1,RELAY,KILLED,LANDED,2168.4,1909.5,687.3,0.3,0.00,87.74,0,1.000,1,0.000,1,,0
143.82,143.82,UAV-2,SCOUT,ACTIVE,TRANSIT,2397.0,2019.6,807.0,108.8,22.00,83.98,1,1.000,2,0.000,1,POI-007,0
143.82,143.82,UAV-3,SCOUT,ACTIVE,TRANSIT,2011.6,1757.7,795.4,109.9,20.44,84.04,1,1.000,1,1.000,1,POI-005,0
143.82,143.82,UAV-4,SCOUT,ACTIVE,TRANSIT,2273.3,1986.1,801.9,109.7,21.85,84.86,1,1.000,3,0.000,1,POI-006,0
143.82,143.82,UAV-5,RELAY,ACTIVE,RELAY_HOLD,2162.9,1872.9,861.5,171.6,11.77,85.22,1,1.000,1,1.000,1,,0
144.82,144.82,UAV-1,RELAY,KILLED,LANDED,2168.4,1909.5,687.3,0.3,0.00,87.74,0,1.000,1,0.000,1,,0
144.82,144.82,UAV-2,SCOUT,ACTIVE,TRANSIT,2416.3,2030.1,807.7,108.6,22.00,83.87,1,1.000,2,0.000,1,POI-007,0
144.82,144.82,UAV-3,SCOUT,ACTIVE,TRANSIT,2028.2,1770.6,795.5,109.2,21.68,83.93,1,1.000,1,1.000,1,POI-005,0
144.82,144.82,UAV-4,SCOUT,ACTIVE,TRANSIT,2294.1,1992.5,803.3,110.8,21.88,84.76,1,1.000,3,0.000,1,POI-006,0
144.82,144.82,UAV-5,RELAY,ACTIVE,RELAY_HOLD,2175.8,1877.6,857.4,168.3,16.48,85.09,1,1.000,1,1.000,1,,0
145.82,145.82,UAV-1,RELAY,KILLED,LANDED,2168.4,1909.5,687.3,0.3,0.00,87.74,0,1.000,1,0.000,1,,0
145.82,145.82,UAV-2,SCOUT,ACTIVE,TRANSIT,2435.6,2040.2,808.4,109.3,21.04,83.75,1,1.000,2,0.000,1,POI-007,0
145.82,145.82,UAV-3,SCOUT,ACTIVE,TRANSIT,2045.1,1784.6,795.7,109.4,21.93,83.83,1,1.000,1,1.000,1,POI-005,0
145.82,145.82,UAV-4,SCOUT,ACTIVE,TRANSIT,2315.0,1998.8,804.6,111.1,21.91,84.66,1,1.000,3,0.000,1,POI-006,0
145.82,145.82,UAV-5,RELAY,ACTIVE,RELAY_HOLD,2191.9,1883.3,852.3,164.0,18.60,84.98,1,1.000,1,1.000,1,,0
146.82,146.82,UAV-1,RELAY,KILLED,LANDED,2168.4,1909.5,687.3,0.3,0.00,87.74,0,1.000,1,0.000,1,,0
146.82,146.82,UAV-2,SCOUT,ACTIVE,TRANSIT,2455.5,2045.4,808.8,110.2,20.91,83.63,1,1.000,2,0.000,1,POI-007,0
146.82,146.82,UAV-3,SCOUT,ACTIVE,TRANSIT,2061.9,1798.7,795.8,109.9,21.96,83.73,1,1.000,1,1.000,1,POI-005,0
146.82,146.82,UAV-4,SCOUT,ACTIVE,TRANSIT,2334.1,2006.6,805.5,110.2,20.08,84.54,1,1.000,3,0.000,1,POI-006,0
146.82,146.82,UAV-5,RELAY,ACTIVE,RELAY_HOLD,2205.7,1889.6,845.6,157.3,15.48,84.85,1,1.000,1,1.000,1,,0
147.82,147.82,UAV-1,RELAY,KILLED,LANDED,2168.4,1909.5,687.3,0.3,0.00,87.74,0,1.000,1,0.000,1,,0
147.82,147.82,UAV-2,SCOUT,ACTIVE,TRANSIT,2476.9,2047.8,809.2,110.8,21.95,83.52,1,1.000,2,0.000,1,POI-007,0
147.82,147.82,UAV-3,SCOUT,ACTIVE,TRANSIT,2078.6,1812.6,795.7,110.1,20.48,83.62,1,1.000,1,1.000,1,POI-005,0
147.82,147.82,UAV-4,SCOUT,ACTIVE,TRANSIT,2351.2,2018.2,806.2,109.2,21.49,84.42,1,1.000,3,0.000,1,POI-006,0
147.82,147.82,UAV-5,RELAY,ACTIVE,RELAY_HOLD,2212.8,1894.4,840.7,152.4,2.79,84.71,1,1.000,1,1.000,1,,0
148.82,148.82,UAV-1,RELAY,KILLED,LANDED,2168.4,1909.5,687.3,0.3,0.00,87.74,0,1.000,1,0.000,1,,0
148.82,148.82,UAV-2,SCOUT,ACTIVE,TRANSIT,2498.8,2050.0,809.5,111.3,21.98,83.42,1,1.000,2,0.000,1,POI-007,0
148.82,148.82,UAV-3,SCOUT,ACTIVE,TRANSIT,2092.4,1823.5,790.8,104.9,17.04,83.49,1,1.000,1,1.000,1,POI-005,0
148.82,148.82,UAV-4,SCOUT,ACTIVE,TRANSIT,2368.7,2031.3,806.8,109.2,21.94,84.32,1,1.000,3,0.000,1,POI-006,0
148.82,148.82,UAV-5,RELAY,ACTIVE,RELAY_HOLD,2213.5,1894.2,839.5,151.1,3.66,84.57,1,1.000,1,1.000,1,,0
149.82,149.82,UAV-1,RELAY,KILLED,LANDED,2168.4,1909.5,687.3,0.3,0.00,87.74,0,1.000,1,0.000,1,,0
149.82,149.82,UAV-2,SCOUT,ACTIVE,TRANSIT,2520.7,2052.1,809.9,111.6,21.96,83.32,1,1.000,2,0.000,1,POI-007,0
149.82,149.82,UAV-3,SCOUT,ACTIVE,TRANSIT,2103.1,1831.1,780.6,93.9,16.69,83.36,1,1.000,1,1.000,1,POI-005,0
149.82,149.82,UAV-4,SCOUT,ACTIVE,TRANSIT,2386.1,2044.6,807.5,108.6,21.94,84.22,1,1.000,3,0.000,1,POI-006,0
149.82,149.82,UAV-5,RELAY,ACTIVE,RELAY_HOLD,2211.9,1896.8,835.2,146.8,7.05,84.44,1,1.000,1,1.000,1,,0
150.82,150.82,UAV-1,RELAY,KILLED,LANDED,2168.4,1909.5,687.3,0.3,0.00,87.74,0,1.000,1,0.000,1,,0
150.82,150.82,UAV-2,SCOUT,ACTIVE,TRANSIT,2542.5,2054.2,810.3,111.8,21.98,83.22,1,1.000,2,0.000,1,POI-007,0
150.82,150.82,UAV-3,SCOUT,ACTIVE,TRANSIT,2111.4,1836.0,766.7,79.2,17.39,83.23,1,1.000,1,1.000,1,POI-005,0
150.82,150.82,UAV-4,SCOUT,ACTIVE,TRANSIT,2403.5,2057.9,808.2,108.4,21.96,84.12,1,1.000,3,0.000,1,POI-006,0
150.82,150.82,UAV-5,RELAY,ACTIVE,RELAY_HOLD,2207.9,1903.1,830.7,142.4,10.22,84.30,1,1.000,3,0.916,1,,0
151.82,151.82,UAV-1,RELAY,KILLED,LANDED,2168.4,1909.5,687.3,0.3,0.00,87.74,0,1.000,1,0.000,1,,0
151.82,151.82,UAV-2,SCOUT,ACTIVE,TRANSIT,2564.4,2056.3,810.7,112.2,22.00,83.12,1,1.000,2,0.000,1,POI-007,0
151.82,151.82,UAV-3,SCOUT,ACTIVE,SURVEY,2117.8,1838.9,750.4,62.3,17.76,83.10,1,1.000,1,1.000,1,POI-005,0
151.82,151.82,UAV-4,SCOUT,ACTIVE,TRANSIT,2421.0,2071.3,808.8,109.1,21.99,84.01,1,1.000,3,0.000,1,POI-006,0
151.82,151.82,UAV-5,RELAY,ACTIVE,RELAY_HOLD,2202.4,1912.2,826.5,138.4,12.44,84.16,1,1.000,3,0.585,1,,0
152.82,152.82,UAV-1,RELAY,KILLED,LANDED,2168.4,1909.5,687.3,0.3,0.00,87.74,0,1.000,1,0.000,1,,0
152.82,152.82,UAV-2,SCOUT,ACTIVE,TRANSIT,2586.3,2058.4,811.0,112.0,22.00,83.02,1,1.000,2,0.000,1,POI-007,0
152.82,152.82,UAV-3,SCOUT,ACTIVE,SURVEY,2121.3,1838.7,735.6,47.3,12.42,82.97,1,1.000,1,1.000,1,POI-005,0
152.82,152.82,UAV-4,SCOUT,ACTIVE,TRANSIT,2438.4,2084.6,809.4,110.1,21.99,83.91,1,1.000,3,0.000,1,POI-006,0
152.82,152.82,UAV-5,RELAY,ACTIVE,RELAY_HOLD,2195.8,1923.3,823.4,135.8,14.18,84.02,1,1.000,3,0.094,1,,0
153.82,153.82,UAV-1,RELAY,KILLED,LANDED,2168.4,1909.5,687.3,0.3,0.00,87.74,0,1.000,1,0.000,1,,0
153.82,153.82,UAV-2,SCOUT,ACTIVE,TRANSIT,2608.2,2060.5,811.4,111.6,21.99,82.91,1,1.000,2,0.000,1,POI-007,0
153.82,153.82,UAV-3,SCOUT,ACTIVE,TRANSIT,2120.0,1834.7,727.4,39.2,4.22,82.82,1,1.000,1,1.000,1,POI-008,2
153.82,153.82,UAV-4,SCOUT,ACTIVE,TRANSIT,2455.9,2098.0,810.1,111.2,21.99,83.81,1,1.000,3,0.000,1,POI-006,0
153.82,153.82,UAV-5,RELAY,ACTIVE,RELAY_HOLD,2188.6,1935.8,822.5,135.5,12.17,83.89,1,1.000,3,0.000,1,,0
154.82,154.82,UAV-1,RELAY,KILLED,LANDED,2168.4,1909.5,687.3,0.3,0.00,87.74,0,1.000,1,0.000,1,,0
154.82,154.82,UAV-2,SCOUT,ACTIVE,TRANSIT,2630.1,2062.6,811.7,111.8,22.00,82.81,1,1.000,2,0.000,1,POI-007,0
154.82,154.82,UAV-3,SCOUT,ACTIVE,TRANSIT,2120.9,1834.9,729.8,41.6,8.24,82.67,1,1.000,1,1.000,1,POI-008,0
154.82,154.82,UAV-4,SCOUT,ACTIVE,TRANSIT,2473.4,2111.4,810.7,111.1,22.00,83.71,1,1.000,3,0.000,1,POI-006,0
154.82,154.82,UAV-5,RELAY,ACTIVE,RELAY_HOLD,2186.2,1942.6,823.5,136.7,4.17,83.75,1,1.000,3,0.000,1,,0
155.82,155.82,UAV-1,RELAY,KILLED,LANDED,2168.4,1909.5,687.3,0.3,0.00,87.74,0,1.000,1,0.000,1,,0
155.82,155.82,UAV-2,SCOUT,ACTIVE,TRANSIT,2651.9,2064.9,812.2,111.6,21.96,82.71,1,1.000,2,0.000,1,POI-007,0
155.82,155.82,UAV-3,SCOUT,ACTIVE,TRANSIT,2122.1,1836.0,742.6,54.2,16.63,82.52,1,1.000,1,1.000,1,POI-008,0
155.82,155.82,UAV-4,SCOUT,ACTIVE,TRANSIT,2490.8,2124.7,811.3,109.6,21.99,83.60,1,1.000,3,0.000,1,POI-006,0
155.82,155.82,UAV-5,RELAY,ACTIVE,RELAY_HOLD,2186.3,1940.4,830.5,143.7,10.48,83.61,1,1.000,3,0.000,1,,0
156.82,156.82,UAV-1,RELAY,KILLED,LANDED,2168.4,1909.5,687.3,0.3,0.00,87.74,0,1.000,1,0.000,1,,0
156.82,156.82,UAV-2,SCOUT,ACTIVE,TRANSIT,2673.6,2068.6,813.3,110.8,21.98,82.61,1,1.000,2,0.000,1,POI-007,0
156.82,156.82,UAV-3,SCOUT,ACTIVE,TRANSIT,2122.7,1836.7,761.5,73.1,20.25,82.37,1,1.000,1,1.000,1,POI-008,0
156.82,156.82,UAV-4,SCOUT,ACTIVE,TRANSIT,2508.2,2138.1,811.8,108.8,21.99,83.50,1,1.000,3,0.000,1,POI-006,0
156.82,156.82,UAV-5,RELAY,ACTIVE,RELAY_HOLD,2184.4,1932.3,838.5,151.8,12.33,83.48,1,1.000,3,0.005,1,,0
157.82,157.82,UAV-1,RELAY,KILLED,LANDED,2168.4,1909.5,687.3,0.3,0.00,87.74,0,1.000,1,0.000,1,,0
157.82,157.82,UAV-2,SCOUT,ACTIVE,TRANSIT,2695.2,2072.4,814.4,109.2,22.00,82.50,1,1.000,2,0.000,1,POI-007,0
157.82,157.82,UAV-3,SCOUT,ACTIVE,TRANSIT,2123.1,1837.3,779.7,91.3,13.18,82.24,1,1.000,1,1.000,1,POI-008,0
157.82,157.82,UAV-4,SCOUT,ACTIVE,TRANSIT,2525.7,2151.5,812.3,108.9,22.00,83.40,1,1.000,3,0.000,1,POI-006,0
157.82,157.82,UAV-5,RELAY,ACTIVE,RELAY_HOLD,2181.5,1922.2,844.2,157.3,10.46,83.35,1,1.000,3,0.569,1,,0
158.82,158.82,UAV-1,RELAY,KILLED,LANDED,2168.4,1909.5,687.3,0.3,0.00,87.74,0,1.000,1,0.000,1,,0
158.82,158.82,UAV-2,SCOUT,ACTIVE,TRANSIT,2716.8,2076.2,815.5,107.9,22.00,82.40,1,1.000,2,0.000,1,POI-007,0
158.82,158.82,UAV-3,SCOUT,ACTIVE,TRANSIT,2125.5,1838.9,787.9,99.2,5.60,82.11,1,1.000,1,1.000,1,POI-008,0
158.82,158.82,UAV-4,SCOUT,ACTIVE,TRANSIT,2541.3,2163.1,809.8,106.7,17.72,83.27,1,1.000,3,0.000,1,POI-006,0
158.82,158.82,UAV-5,RELAY,ACTIVE,RELAY_HOLD,2180.3,1913.2,843.3,156.1,9.47,83.24,1,1.000,3,0.984,1,,0
159.82,159.82,UAV-1,RELAY,KILLED,LANDED,2168.4,1909.5,687.3,0.3,0.00,87.74,0,1.000,1,0.000,1,,0
159.82,159.82,UAV-2,SCOUT,ACTIVE,TRANSIT,2738.5,2080.0,816.5,106.9,22.00,82.30,1,1.000,2,0.000,1,POI-007,0
159.82,159.82,UAV-3,SCOUT,ACTIVE,TRANSIT,2130.5,1842.9,790.2,101.1,9.38,81.98,1,1.000,1,1.000,1,POI-008,0
159.82,159.82,UAV-4,SCOUT,ACTIVE,TRANSIT,2553.5,2171.2,801.5,98.6,16.65,83.14,1,1.000,3,0.000,1,POI-006,0
159.82,159.82,UAV-5,RELAY,ACTIVE,RELAY_HOLD,2180.0,1904.8,837.0,149.6,11.17,83.12,1,1.000,3,0.969,1,,0
160.82,160.82,UAV-1,RELAY,KILLED,LANDED,2168.4,1909.5,687.3,0.3,0.00,87.74,0,1.000,1,0.000,1,,0
160.82,160.82,UAV-2,SCOUT,ACTIVE,TRANSIT,2760.1,2083.8,817.6,106.1,22.00,82.20,0,0.000,0,0.000,0,POI-007,0
160.82,160.82,UAV-3,SCOUT,ACTIVE,TRANSIT,2139.9,1850.9,791.7,101.8,15.22,81.84,1,1.000,1,1.000,1,POI-008,0
160.82,160.82,UAV-4,SCOUT,ACTIVE,TRANSIT,2563.0,2176.7,788.7,85.9,17.27,83.01,1,1.000,2,0.000,1,POI-006,0
160.82,160.82,UAV-5,RELAY,ACTIVE,RELAY_HOLD,2177.3,1895.8,835.0,147.2,7.40,82.97,1,1.000,1,1.000,1,,0
161.82,161.82,UAV-1,RELAY,KILLED,LANDED,2168.4,1909.5,687.3,0.3,0.00,87.74,0,1.000,1,0.000,1,,0
161.82,161.82,UAV-2,SCOUT,ACTIVE,TRANSIT,2781.8,2087.6,818.6,106.1,22.00,82.09,0,0.000,0,0.000,0,POI-007,0
161.82,161.82,UAV-3,SCOUT,ACTIVE,TRANSIT,2153.3,1862.1,793.1,102.6,19.40,81.71,1,1.000,1,1.000,1,POI-008,0
161.82,161.82,UAV-4,SCOUT,ACTIVE,TRANSIT,2570.5,2180.0,773.0,70.2,18.06,82.88,1,1.000,2,0.000,1,POI-006,0
161.82,161.82,UAV-5,RELAY,ACTIVE,RELAY_HOLD,2177.3,1891.5,837.2,149.1,4.21,82.84,1,1.000,1,1.000,1,,0
162.82,162.82,UAV-1,RELAY,KILLED,LANDED,2168.4,1909.5,687.3,0.3,0.00,87.74,0,1.000,1,0.000,1,,0
162.82,162.82,UAV-2,SCOUT,ACTIVE,TRANSIT,2803.4,2091.4,819.6,106.7,22.00,81.99,0,0.000,0,0.000,0,POI-007,0
162.82,162.82,UAV-3,SCOUT,ACTIVE,TRANSIT,2169.5,1874.8,794.4,104.8,21.57,81.60,1,1.000,1,1.000,1,POI-008,0
162.82,162.82,UAV-4,SCOUT,ACTIVE,SURVEY,2575.6,2181.1,757.1,54.2,14.33,82.75,1,1.000,2,0.000,1,POI-006,0
162.82,162.82,UAV-5,RELAY,ACTIVE,RELAY_HOLD,2177.9,1888.4,836.4,148.2,1.90,82.69,1,1.000,2,1.000,1,,0
163.82,163.82,UAV-1,RELAY,KILLED,LANDED,2168.4,1909.5,687.3,0.3,0.00,87.74,0,1.000,1,0.000,1,,0
163.82,163.82,UAV-2,SCOUT,ACTIVE,TRANSIT,2825.0,2095.2,820.6,107.4,22.00,81.89,0,0.000,0,0.000,0,POI-007,0
163.82,163.82,UAV-3,SCOUT,ACTIVE,TRANSIT,2186.7,1888.1,795.7,107.6,21.81,81.50,1,1.000,2,0.970,1,POI-008,0
163.82,163.82,UAV-4,SCOUT,ACTIVE,SURVEY,2575.8,2177.8,746.2,43.2,9.76,82.61,1,1.000,3,0.000,1,POI-006,0
163.82,163.82,UAV-5,RELAY,ACTIVE,RELAY_HOLD,2177.4,1890.1,836.9,148.8,2.81,82.56,1,1.000,1,1.000,1,,0
164.82,164.82,UAV-1,RELAY,KILLED,LANDED,2168.4,1909.5,687.3,0.3,0.00,87.74,0,1.000,1,0.000,1,,0
164.82,164.82,UAV-2,SCOUT,ACTIVE,TRANSIT,2846.7,2099.0,821.5,108.4,22.00,81.79,0,0.000,0,0.000,0,POI-007,0
164.82,164.82,UAV-3,SCOUT,ACTIVE,TRANSIT,2203.9,1901.5,797.0,108.8,21.85,81.39,1,1.000,2,0.279,1,POI-008,0
164.82,164.82,UAV-4,SCOUT,ACTIVE,TRANSIT,2574.5,2175.9,744.1,41.0,3.63,82.46,1,1.000,3,0.000,1,POI-004,0
164.82,164.82,UAV-5,RELAY,ACTIVE,RELAY_HOLD,2173.9,1889.9,836.3,148.1,6.72,82.42,1,1.000,1,1.000,1,,0
165.82,165.82,UAV-1,RELAY,KILLED,LANDED,2168.4,1909.5,687.3,0.3,0.00,87.74,0,1.000,1,0.000,1,,0
165.82,165.82,UAV-2,SCOUT,ACTIVE,TRANSIT,2868.3,2102.9,822.3,109.5,21.71,81.68,0,0.000,0,0.000,0,POI-007,0
165.82,165.82,UAV-3,SCOUT,ACTIVE,TRANSIT,2221.2,1914.8,798.3,109.7,21.89,81.29,1,1.000,2,0.000,1,POI-008,0
165.82,165.82,UAV-4,SCOUT,ACTIVE,TRANSIT,2576.0,2176.9,753.0,49.9,13.77,82.31,1,1.000,3,0.000,1,POI-004,0
165.82,165.82,UAV-5,RELAY,ACTIVE,RELAY_HOLD,2165.3,1886.5,842.0,153.2,14.38,82.27,1,1.000,1,1.000,1,,0
166.82,166.82,UAV-1,RELAY,KILLED,LANDED,2168.4,1909.5,687.3,0.3,0.00,87.74,0,1.000,1,0.000,1,,0
166.82,166.82,UAV-2,SCOUT,ACTIVE,TRANSIT,2889.2,2109.0,822.9,109.8,22.00,81.58,0,0.000,0,0.000,0,POI-007,0
166.82,166.82,UAV-3,SCOUT,ACTIVE,TRANSIT,2238.6,1928.1,799.5,110.6,21.92,81.19,1,1.000,2,0.000,1,POI-008,0
166.82,166.82,UAV-4,SCOUT,ACTIVE,TRANSIT,2577.1,2177.7,770.0,67.0,19.57,82.16,1,1.000,3,0.000,1,POI-004,0
166.82,166.82,UAV-5,RELAY,ACTIVE,RELAY_HOLD,2153.5,1884.5,852.1,162.9,15.83,82.13,1,1.000,1,1.000,1,,0
167.82,167.82,UAV-1,RELAY,KILLED,LANDED,2168.4,1909.5,687.3,0.3,0.00,87.74,0,1.000,1,0.000,1,,0
167.82,167.82,UAV-2,SCOUT,ACTIVE,TRANSIT,2910.1,2115.9,823.4,109.1,22.00,81.48,0,0.000,0,0.000,0,POI-007,0
167.82,167.82,UAV-3,SCOUT,ACTIVE,TRANSIT,2256.0,1941.4,800.8,110.4,21.92,81.08,1,1.000,2,0.000,1,POI-008,0
167.82,167.82,UAV-4,SCOUT,ACTIVE,TRANSIT,2577.4,2178.1,789.8,86.8,16.99,82.02,1,1.000,3,0.000,1,POI-004,0
167.82,167.82,UAV-5,RELAY,ACTIVE,RELAY_HOLD,2142.8,1883.2,858.0,168.7,9.41,82.02,1,1.000,1,1.000,1,,0
168.82,168.82,UAV-1,RELAY,KILLED,LANDED,2168.4,1909.5,687.3,0.3,0.00,87.74,0,1.000,1,0.000,1,,0
168.82,168.82,UAV-2,SCOUT,ACTIVE,TRANSIT,2930.9,2122.9,824.0,108.3,22.00,81.37,0,0.000,0,0.000,0,POI-007,0
168.82,168.82,UAV-3,SCOUT,ACTIVE,TRANSIT,2273.4,1954.7,802.0,110.1,21.95,80.98,1,1.000,2,0.000,1,POI-008,0
168.82,168.82,UAV-4,SCOUT,ACTIVE,TRANSIT,2577.8,2177.9,801.0,98.0,6.49,81.89,1,1.000,3,0.000,1,POI-004,0
168.82,168.82,UAV-5,RELAY,ACTIVE,RELAY_HOLD,2135.0,1883.1,858.9,169.7,4.61,81.92,1,1.000,1,1.000,1,,0
169.82,169.82,UAV-1,RELAY,KILLED,LANDED,2168.4,1909.5,687.3,0.3,0.00,87.74,0,1.000,1,0.000,1,,0
169.82,169.82,UAV-2,SCOUT,ACTIVE,TRANSIT,2951.8,2129.9,824.5,107.8,22.00,81.27,0,0.000,0,0.000,0,POI-007,0
169.82,169.82,UAV-3,SCOUT,ACTIVE,TRANSIT,2290.8,1968.0,803.1,110.7,21.96,80.88,1,1.000,2,0.000,1,POI-008,0
169.82,169.82,UAV-4,SCOUT,ACTIVE,TRANSIT,2577.8,2176.6,803.9,100.8,2.87,81.76,1,1.000,3,0.000,1,POI-004,0
169.82,169.82,UAV-5,RELAY,ACTIVE,RELAY_HOLD,2133.8,1883.2,859.8,170.7,1.24,81.82,1,1.000,1,1.000,1,,0
170.82,170.82,UAV-1,RELAY,KILLED,LANDED,2168.4,1909.5,687.3,0.3,0.00,87.74,0,1.000,1,0.000,1,,0
170.82,170.82,UAV-2,SCOUT,ACTIVE,TRANSIT,2972.6,2136.8,825.0,108.9,22.00,81.17,0,0.000,0,0.000,0,POI-007,0
170.82,170.82,UAV-3,SCOUT,ACTIVE,TRANSIT,2308.3,1981.3,804.2,111.0,21.98,80.77,1,1.000,2,0.000,1,POI-008,0
170.82,170.82,UAV-4,SCOUT,ACTIVE,TRANSIT,2575.1,2172.3,804.4,101.2,7.26,81.63,1,1.000,3,0.000,1,POI-004,0
170.82,170.82,UAV-5,RELAY,ACTIVE,RELAY_HOLD,2134.1,1883.1,861.3,172.1,1.93,81.72,1,1.000,1,1.000,1,,0
171.82,171.82,UAV-1,RELAY,KILLED,LANDED,2168.4,1909.5,687.3,0.3,0.00,87.74,0,1.000,1,0.000,1,,0
171.82,171.82,UAV-2,SCOUT,ACTIVE,TRANSIT,2993.5,2143.8,825.5,110.4,22.00,81.07,0,0.000,0,0.000,0,POI-007,0
171.82,171.82,UAV-3,SCOUT,ACTIVE,TRANSIT,2325.7,1994.1,805.1,110.9,20.78,80.66,1,1.000,2,0.000,1,POI-008,0
171.82,171.82,UAV-4,SCOUT,ACTIVE,TRANSIT,2570.0,2165.0,804.7,101.5,10.22,81.49,1,1.000,3,0.000,1,POI-004,0
171.82,171.82,UAV-5,RELAY,ACTIVE,RELAY_HOLD,2135.8,1883.0,863.0,173.9,3.41,81.62,1,1.000,1,1.000,1,,0
172.82,172.82,UAV-1,RELAY,KILLED,LANDED,2168.4,1909.5,687.3,0.3,0.00,87.74,0,1.000,1,0.000,1,,0
172.82,172.82,UAV-2,SCOUT,ACTIVE,TRANSIT,3014.4,2150.7,826.0,111.1,22.00,80.97,0,0.000,0,0.000,0,POI-007,0
172.82,172.82,UAV-3,SCOUT,ACTIVE,TRANSIT,2344.4,2002.3,805.5,109.5,20.93,80.54,1,1.000,2,0.000,1,POI-008,0
172.82,172.82,UAV-4,SCOUT,ACTIVE,TRANSIT,2563.6,2155.9,804.9,101.9,11.85,81.35,1,1.000,3,0.000,1,POI-004,0
172.82,172.82,UAV-5,RELAY,ACTIVE,RELAY_HOLD,2141.2,1883.5,864.4,175.1,7.73,81.50,1,1.000,1,1.000,1,,0
173.82,173.82,UAV-1,RELAY,KILLED,LANDED,2168.4,1909.5,687.3,0.3,0.00,87.74,0,1.000,1,0.000,1,,0
173.82,173.82,UAV-2,SCOUT,ACTIVE,TRANSIT,3035.3,2157.7,826.4,110.5,22.00,80.87,0,0.000,0,0.000,0,POI-007,0
173.82,173.82,UAV-3,SCOUT,ACTIVE,TRANSIT,2365.2,2008.4,805.8,108.8,22.00,80.43,1,1.000,2,0.000,1,POI-008,0
173.82,173.82,UAV-4,SCOUT,ACTIVE,TRANSIT,2556.4,2145.8,805.1,102.5,12.64,81.21,1,1.000,3,0.000,1,POI-004,0
173.82,173.82,UAV-5,RELAY,ACTIVE,RELAY_HOLD,2145.7,1887.4,867.3,178.2,5.43,81.37,1,1.000,1,1.000,1,,0
174.82,174.82,UAV-1,RELAY,KILLED,LANDED,2168.4,1909.5,687.3,0.3,0.00,87.74,0,1.000,1,0.000,1,,0
174.82,174.82,UAV-2,SCOUT,ACTIVE,TRANSIT,3053.9,2163.6,823.9,107.1,17.99,80.74,0,0.000,0,0.000,0,POI-007,0
174.82,174.82,UAV-3,SCOUT,ACTIVE,TRANSIT,2386.4,2014.4,806.1,108.5,22.00,80.33,1,1.000,2,0.000,1,POI-008,0
174.82,174.82,UAV-4,SCOUT,ACTIVE,TRANSIT,2548.8,2135.4,805.3,103.3,13.07,81.08,1,1.000,3,0.000,1,POI-004,0
174.82,174.82,UAV-5,RELAY,ACTIVE,RELAY_HOLD,2145.9,1889.9,868.4,179.5,1.83,81.23,1,1.000,1,1.000,1,,0
175.82,175.82,UAV-1,RELAY,KILLED,LANDED,2168.4,1909.5,687.3,0.3,0.00,87.74,0,1.000,1,0.000,1,,0
175.82,175.82,UAV-2,SCOUT,ACTIVE,TRANSIT,3068.4,2167.3,815.4,98.4,17.02,80.61,0,0.000,0,0.000,0,POI-007,0
175.82,175.82,UAV-3,SCOUT,ACTIVE,TRANSIT,2407.5,2020.4,806.4,107.9,22.00,80.23,1,1.000,2,0.000,1,POI-008,0
175.82,175.82,UAV-4,SCOUT,ACTIVE,TRANSIT,2540.8,2125.1,805.5,104.0,13.09,80.95,1,1.000,3,0.000,1,POI-004,0
175.82,175.82,UAV-5,RELAY,ACTIVE,RELAY_HOLD,2142.3,1888.6,869.0,179.9,5.80,81.11,1,1.000,1,1.000,1,,0
176.82,176.82,UAV-1,RELAY,KILLED,LANDED,2168.4,1909.5,687.3,0.3,0.00,87.74,0,1.000,1,0.000,1,,0
176.82,176.82,UAV-2,SCOUT,ACTIVE,TRANSIT,3079.7,2169.5,802.7,85.4,17.51,80.48,0,0.000,0,0.000,0,POI-007,0
176.82,176.82,UAV-3,SCOUT,ACTIVE,TRANSIT,2428.7,2026.5,806.8,108.0,22.00,80.13,1,1.000,2,0.000,1,POI-008,0
176.82,176.82,UAV-4,SCOUT,ACTIVE,TRANSIT,2532.5,2115.0,805.6,104.3,13.03,80.82,1,1.000,3,0.000,1,POI-004,0
176.82,176.82,UAV-5,RELAY,ACTIVE,RELAY_HOLD,2136.0,1887.7,869.1,180.0,4.75,81.00,1,1.000,1,1.000,1,,0
177.82,177.82,UAV-1,RELAY,KILLED,LANDED,2168.4,1909.5,687.3,0.3,0.00,87.74,0,1.000,1,0.000,1,,0
177.82,177.82,UAV-2,SCOUT,ACTIVE,SURVEY,3088.2,2170.5,787.1,69.5,18.16,80.35,0,0.000,0,0.000,0,POI-007,0
177.82,177.82,UAV-3,SCOUT,ACTIVE,TRANSIT,2449.8,2032.5,807.2,108.6,22.00,80.03,1,1.000,2,0.000,1,POI-008,0
177.82,177.82,UAV-4,SCOUT,ACTIVE,TRANSIT,2523.8,2105.2,805.7,104.6,13.10,80.69,1,1.000,3,0.000,1,POI-004,0
177.82,177.82,UAV-5,RELAY,ACTIVE,RELAY_HOLD,2135.0,1887.7,868.7,179.7,1.87,80.90,1,1.000,1,1.000,1,,0
178.82,178.82,UAV-1,RELAY,KILLED,LANDED,2168.4,1909.5,687.3,0.3,0.00,87.74,0,1.000,1,0.000,1,,0
178.82,178.82,UAV-2,SCOUT,ACTIVE,SURVEY,3093.9,2169.9,771.4,53.7,14.08,80.22,0,0.000,0,0.000,0,POI-007,0
178.82,178.82,UAV-3,SCOUT,ACTIVE,TRANSIT,2471.0,2038.6,807.5,109.1,22.00,79.93,1,1.000,2,0.000,1,POI-008,0
178.82,178.82,UAV-4,SCOUT,ACTIVE,TRANSIT,2514.9,2095.7,805.9,105.3,13.00,80.56,1,1.000,3,0.000,1,POI-004,0
178.82,178.82,UAV-5,RELAY,ACTIVE,RELAY_HOLD,2136.6,1887.6,868.1,179.0,1.17,80.80,1,1.000,1,1.000,1,,0
179.82,179.82,UAV-1,RELAY,KILLED,LANDED,2168.4,1909.5,687.3,0.3,0.00,87.74,0,1.000,1,0.000,1,,0
179.82,179.82,UAV-2,SCOUT,ACTIVE,SURVEY,3093.1,2167.6,760.8,43.3,9.18,80.09,0,0.000,0,0.000,0,POI-007,0
179.82,179.82,UAV-3,SCOUT,ACTIVE,TRANSIT,2492.1,2044.7,807.7,109.5,22.00,79.82,1,1.000,2,0.000,1,POI-008,0
179.82,179.82,UAV-4,SCOUT,ACTIVE,TRANSIT,2505.8,2086.5,806.0,106.1,12.88,80.43,1,1.000,3,0.000,1,POI-004,0
179.82,179.82,UAV-5,RELAY,ACTIVE,RELAY_HOLD,2137.9,1887.6,867.4,178.3,1.29,80.70,1,1.000,1,1.000,1,,0
180.82,180.82,UAV-1,RELAY,KILLED,LANDED,2168.4,1909.5,687.3,0.3,0.00,87.74,0,1.000,1,0.000,1,,0
180.82,180.82,UAV-2,SCOUT,ACTIVE,SURVEY,3085.9,2166.3,755.1,37.9,10.34,79.97,0,0.000,0,0.000,0,POI-007,0
180.82,180.82,UAV-3,SCOUT,ACTIVE,TRANSIT,2513.2,2050.7,808.0,109.7,22.00,79.72,1,1.000,2,0.000,1,POI-008,0
180.82,180.82,UAV-4,SCOUT,ACTIVE,TRANSIT,2496.4,2077.7,806.1,106.9,12.87,80.30,1,1.000,3,0.000,1,POI-004,0
180.82,180.82,UAV-5,RELAY,ACTIVE,RELAY_HOLD,2136.5,1887.5,866.8,177.7,2.53,80.59,1,1.000,1,1.000,1,,0
181.82,181.82,UAV-1,RELAY,KILLED,LANDED,2168.4,1909.5,687.3,0.3,0.00,87.74,0,1.000,1,0.000,1,,0
181.82,181.82,UAV-2,SCOUT,ACTIVE,SURVEY,3074.9,2166.1,752.4,35.3,12.23,79.84,0,0.000,0,0.000,0,POI-007,0
181.82,181.82,UAV-3,SCOUT,ACTIVE,TRANSIT,2534.4,2056.9,808.3,109.7,22.00,79.62,1,1.000,2,0.000,1,POI-008,0
181.82,181.82,UAV-4,SCOUT,ACTIVE,TRANSIT,2486.7,2069.2,806.3,107.4,12.80,80.17,1,1.000,3,0.000,1,POI-004,0
181.82,181.82,UAV-5,RELAY,ACTIVE,RELAY_HOLD,2134.7,1887.5,866.5,177.5,1.36,80.50,1,1.000,1,1.000,1,,0
182.82,182.82,UAV-1,RELAY,KILLED,LANDED,2168.4,1909.5,687.3,0.3,0.00,87.74,0,1.000,1,0.000,1,,0
182.82,182.82,UAV-2,SCOUT,ACTIVE,IDLE,3065.8,2166.1,752.2,35.2,4.48,79.72,0,0.000,0,0.000,0,,12
182.82,182.82,UAV-3,SCOUT,ACTIVE,TRANSIT,2555.8,2060.4,809.5,111.0,21.86,79.50,1,1.000,2,0.000,1,POI-008,0
182.82,182.82,UAV-4,SCOUT,ACTIVE,TRANSIT,2476.8,2061.2,806.4,107.7,12.73,80.05,1,1.000,3,0.000,1,POI-004,0
182.82,182.82,UAV-5,RELAY,ACTIVE,RELAY_HOLD,2133.7,1887.5,866.4,177.4,0.83,80.40,1,1.000,1,1.000,1,,0
183.82,183.82,UAV-1,RELAY,KILLED,LANDED,2168.4,1909.5,687.3,0.3,0.00,87.74,0,1.000,1,0.000,1,,0
183.82,183.82,UAV-2,SCOUT,ACTIVE,IDLE,3065.0,2165.8,752.3,35.4,1.39,79.61,0,0.000,0,0.000,0,,12
183.82,183.82,UAV-3,SCOUT,ACTIVE,TRANSIT,2577.6,2061.9,810.8,112.0,21.98,79.40,1,1.000,2,0.000,1,POI-008,0
183.82,183.82,UAV-4,SCOUT,ACTIVE,TRANSIT,2466.7,2053.5,806.5,107.9,12.68,79.92,1,1.000,3,0.000,1,POI-004,0
183.82,183.82,UAV-5,RELAY,ACTIVE,RELAY_HOLD,2133.2,1887.5,866.4,177.4,0.20,80.31,1,1.000,1,1.000,1,,0
184.82,184.82,UAV-1,RELAY,KILLED,LANDED,2168.4,1909.5,687.3,0.3,0.00,87.74,0,1.000,1,0.000,1,,0
184.82,184.82,UAV-2,SCOUT,ACTIVE,IDLE,3066.4,2165.4,752.4,35.5,1.32,79.52,0,0.000,0,0.000,0,,12
184.82,184.82,UAV-3,SCOUT,ACTIVE,TRANSIT,2599.5,2063.3,812.2,112.7,21.99,79.30,1,1.000,2,0.000,1,POI-008,0
184.82,184.82,UAV-4,SCOUT,ACTIVE,TRANSIT,2456.3,2046.3,806.6,107.9,12.64,79.80,1,1.000,3,0.000,1,POI-004,0
184.82,184.82,UAV-5,RELAY,ACTIVE,RELAY_HOLD,2133.2,1887.4,866.4,177.4,0.07,80.21,1,1.000,1,1.000,1,,0
185.82,185.82,UAV-1,RELAY,KILLED,LANDED,2168.4,1909.5,687.3,0.3,0.00,87.74,0,1.000,1,0.000,1,,0
185.82,185.82,UAV-2,SCOUT,ACTIVE,IDLE,3067.5,2165.2,752.5,35.6,0.93,79.42,0,0.000,0,0.000,0,,12
185.82,185.82,UAV-3,SCOUT,ACTIVE,TRANSIT,2621.4,2064.7,813.6,113.6,21.96,79.19,1,1.000,2,0.000,1,POI-008,0
185.82,185.82,UAV-4,SCOUT,ACTIVE,TRANSIT,2445.6,2039.7,806.7,107.9,12.60,79.68,1,1.000,3,0.000,1,POI-004,0
185.82,185.82,UAV-5,RELAY,ACTIVE,RELAY_HOLD,2133.2,1887.4,866.4,177.4,0.10,80.12,1,1.000,1,1.000,1,,0
186.82,186.82,UAV-1,RELAY,KILLED,LANDED,2168.4,1909.5,687.3,0.3,0.00,87.74,0,1.000,1,0.000,1,,0
186.82,186.82,UAV-2,SCOUT,ACTIVE,IDLE,3068.2,2165.0,752.6,35.6,0.65,79.33,0,0.000,0,0.000,0,,12
186.82,186.82,UAV-3,SCOUT,ACTIVE,TRANSIT,2643.3,2066.1,814.9,114.7,21.97,79.09,1,1.000,2,0.000,1,POI-008,0
186.82,186.82,UAV-4,SCOUT,ACTIVE,TRANSIT,2434.5,2033.7,806.7,107.8,12.56,79.55,1,1.000,3,0.000,1,POI-004,0
186.82,186.82,UAV-5,RELAY,ACTIVE,RELAY_HOLD,2133.1,1887.3,866.3,177.3,0.15,80.02,1,1.000,1,1.000,1,,0
187.82,187.82,UAV-1,RELAY,KILLED,LANDED,2168.4,1909.5,687.3,0.3,0.00,87.74,0,1.000,1,0.000,1,,0
187.82,187.82,UAV-2,SCOUT,ACTIVE,IDLE,3068.8,2164.9,752.6,35.6,0.46,79.24,0,0.000,0,0.000,0,,12
187.82,187.82,UAV-3,SCOUT,ACTIVE,TRANSIT,2665.2,2067.5,816.2,114.6,21.97,78.99,1,1.000,2,0.000,1,POI-008,0
187.82,187.82,UAV-4,SCOUT,ACTIVE,TRANSIT,2423.2,2028.3,806.8,107.9,12.49,79.43,1,1.000,3,0.000,1,POI-004,0
187.82,187.82,UAV-5,RELAY,ACTIVE,RELAY_HOLD,2133.2,1887.3,866.1,177.1,0.21,79.93,1,1.000,1,1.000,1,,0
188.82,188.82,UAV-1,RELAY,KILLED,LANDED,2168.4,1909.5,687.3,0.3,0.00,87.74,0,1.000,1,0.000,1,,0
188.82,188.82,UAV-2,SCOUT,ACTIVE,IDLE,3069.2,2164.8,752.6,35.7,0.33,79.14,0,0.000,0,0.000,0,,12
188.82,188.82,UAV-3,SCOUT,ACTIVE,TRANSIT,2687.1,2068.9,817.4,113.2,21.98,78.89,1,1.000,2,0.000,1,POI-008,0
188.82,188.82,UAV-4,SCOUT,ACTIVE,TRANSIT,2411.6,2023.6,806.8,108.1,12.43,79.31,1,1.000,3,0.000,1,POI-004,0
188.82,188.82,UAV-5,RELAY,ACTIVE,RELAY_HOLD,2133.2,1887.3,865.9,176.8,0.27,79.83,1,1.000,1,1.000,1,,0
189.82,189.82,UAV-1,RELAY,KILLED,LANDED,2168.4,1909.5,687.3,0.3,0.00,87.74,0,1.000,1,0.000,1,,0
189.82,189.82,UAV-2,SCOUT,ACTIVE,IDLE,3069.4,2164.7,752.6,35.7,0.23,79.05,0,0.000,0,0.000,0,,12
189.82,189.82,UAV-3,SCOUT,ACTIVE,TRANSIT,2709.0,2070.4,818.6,111.8,21.98,78.78,1,1.000,2,0.000,1,POI-008,0
189.82,189.82,UAV-4,SCOUT,ACTIVE,TRANSIT,2399.9,2019.8,806.9,108.6,12.39,79.19,1,1.000,3,0.000,1,POI-004,0
189.82,189.82,UAV-5,RELAY,ACTIVE,RELAY_HOLD,2133.3,1887.4,865.6,176.5,0.33,79.74,1,1.000,1,1.000,1,,0
190.82,190.82,UAV-1,RELAY,KILLED,LANDED,2168.4,1909.5,687.3,0.3,0.00,87.74,0,1.000,1,0.000,1,,0
190.82,190.82,UAV-2,SCOUT,ACTIVE,IDLE,3069.6,2164.7,752.7,35.7,0.16,78.95,0,0.000,0,0.000,0,,12
190.82,190.82,UAV-3,SCOUT,ACTIVE,TRANSIT,2730.9,2071.8,819.8,110.9,21.98,78.68,1,1.000,2,0.000,1,POI-008,0
190.82,190.82,UAV-4,SCOUT,ACTIVE,TRANSIT,2387.9,2016.7,806.9,109.2,12.38,79.07,1,1.000,3,0.000,1,POI-004,0
190.82,190.82,UAV-5,RELAY,ACTIVE,RELAY_HOLD,2133.3,1887.4,865.3,176.2,0.47,79.65,1,1.000,1,1.000,1,,0
191.82,191.82,UAV-1,RELAY,KILLED,LANDED,2168.4,1909.5,687.3,0.3,0.00,87.74,0,1.000,1,0.000,1,,0
191.82,191.82,UAV-2,SCOUT,ACTIVE,IDLE,3069.7,2164.7,752.7,35.7,0.12,78.86,0,0.000,0,0.000,0,,12
191.82,191.82,UAV-3,SCOUT,ACTIVE,TRANSIT,2752.8,2073.2,820.8,110.3,22.00,78.58,1,1.000,2,0.000,1,POI-008,0
191.82,191.82,UAV-4,SCOUT,ACTIVE,TRANSIT,2376.1,2014.0,806.6,109.3,11.58,78.94,1,1.000,3,0.000,1,POI-004,0
191.82,191.82,UAV-5,RELAY,ACTIVE,RELAY_HOLD,2133.5,1887.5,864.8,175.8,0.51,79.55,1,1.000,1,1.000,1,,0
192.82,192.82,UAV-1,RELAY,KILLED,LANDED,2168.4,1909.5,687.3,0.3,0.00,87.74,0,1.000,1,0.000,1,,0
192.82,192.82,UAV-2,SCOUT,ACTIVE,IDLE,3069.8,2164.7,752.7,35.7,0.09,78.76,0,0.000,0,0.000,0,,12
192.82,192.82,UAV-3,SCOUT,ACTIVE,TRANSIT,2773.5,2076.8,821.5,109.6,20.88,78.46,1,1.000,2,0.000,1,POI-008,0
192.82,192.82,UAV-4,SCOUT,ACTIVE,TRANSIT,2365.8,2009.1,806.0,109.1,11.62,78.80,1,1.000,3,0.000,1,POI-004,0
192.82,192.82,UAV-5,RELAY,ACTIVE,RELAY_HOLD,2133.7,1887.6,864.3,175.3,0.60,79.46,1,1.000,1,1.000,1,,0
193.82,193.82,UAV-1,RELAY,KILLED,LANDED,2168.4,1909.5,687.3,0.3,0.00,87.74,0,1.000,1,0.000,1,,0
193.82,193.82,UAV-2,SCOUT,ACTIVE,IDLE,3069.9,2164.7,752.7,35.7,0.06,78.67,0,0.000,0,0.000,0,,12
193.82,193.82,UAV-3,SCOUT,ACTIVE,TRANSIT,2793.7,2084.3,821.9,109.3,22.00,78.35,1,1.000,2,0.000,1,POI-008,0
193.82,193.82,UAV-4,SCOUT,ACTIVE,TRANSIT,2356.3,2002.1,805.5,109.0,11.98,78.66,1,1.000,3,0.000,1,POI-004,0
193.82,193.82,UAV-5,RELAY,ACTIVE,RELAY_HOLD,2133.9,1887.7,863.7,174.7,0.70,79.36,1,1.000,1,1.000,1,,0
194.82,194.82,UAV-1,RELAY,KILLED,LANDED,2168.4,1909.5,687.3,0.3,0.00,87.74,0,1.000,1,0.000,1,,0
194.82,194.82,UAV-2,SCOUT,ACTIVE,IDLE,3070.0,2164.7,752.7,35.7,0.03,78.57,0,0.000,0,0.000,0,,12
194.82,194.82,UAV-3,SCOUT,ACTIVE,TRANSIT,2814.2,2092.4,822.3,109.3,22.00,78.25,1,1.000,2,0.000,1,POI-008,0
194.82,194.82,UAV-4,SCOUT,ACTIVE,TRANSIT,2347.5,1993.7,804.9,109.4,12.39,78.52,1,1.000,3,0.000,1,POI-004,0
194.82,194.82,UAV-5,RELAY,ACTIVE,RELAY_HOLD,2134.2,1887.7,863.0,174.0,0.62,79.27,1,1.000,1,1.000,1,,0
195.82,195.82,UAV-1,RELAY,KILLED,LANDED,2168.4,1909.5,687.3,0.3,0.00,87.74,0,1.000,1,0.000,1,,0
195.82,195.82,UAV-2,SCOUT,ACTIVE,IDLE,3070.0,2164.7,752.7,35.7,0.02,78.48,0,0.000,0,0.000,0,,12
195.82,195.82,UAV-3,SCOUT,ACTIVE,TRANSIT,2834.6,2100.5,822.7,109.5,22.00,78.15,1,1.000,2,0.000,1,POI-008,0
195.82,195.82,UAV-4,SCOUT,ACTIVE,TRANSIT,2339.1,1984.3,804.4,109.9,12.75,78.39,1,1.000,3,0.000,1,POI-004,0
195.82,195.82,UAV-5,RELAY,ACTIVE,RELAY_HOLD,2132.3,1885.7,865.6,176.6,9.63,79.13,1,1.000,1,1.000,1,,0
196.82,196.82,UAV-1,RELAY,KILLED,LANDED,2168.4,1909.5,687.3,0.3,0.00,87.74,0,1.000,1,0.000,1,,0
196.82,196.82,UAV-2,SCOUT,ACTIVE,IDLE,3070.0,2164.6,752.7,35.7,0.01,78.39,0,0.000,0,0.000,0,,12
196.82,196.82,UAV-3,SCOUT,ACTIVE,TRANSIT,2855.0,2108.7,823.2,110.0,22.00,78.05,1,1.000,2,0.000,1,POI-008,0
196.82,196.82,UAV-4,SCOUT,ACTIVE,TRANSIT,2330.9,1974.4,803.9,110.1,12.99,78.25,1,1.000,3,0.000,1,POI-004,0
196.82,196.82,UAV-5,RELAY,ACTIVE,RELAY_HOLD,2127.7,1880.0,869.8,180.8,5.30,79.00,1,1.000,1,1.000,1,,0
197.82,197.82,UAV-1,RELAY,KILLED,LANDED,2168.4,1909.5,687.3,0.3,0.00,87.74,0,1.000,1,0.000,1,,0
197.82,197.82,UAV-2,SCOUT,ACTIVE,IDLE,3070.0,2164.6,752.7,35.7,0.02,78.29,0,0.000,0,0.000,0,,12
197.82,197.82,UAV-3,SCOUT,ACTIVE,TRANSIT,2875.4,2116.9,823.6,110.1,22.00,77.95,1,1.000,2,0.000,1,POI-008,0
197.82,197.82,UAV-4,SCOUT,ACTIVE,TRANSIT,2322.8,1964.3,803.4,110.0,12.98,78.12,1,1.000,3,0.000,1,POI-004,0
197.82,197.82,UAV-5,RELAY,ACTIVE,RELAY_HOLD,2126.3,1876.8,866.7,177.8,6.31,78.87,1,1.000,1,1.000,1,,0
198.82,198.82,UAV-1,RELAY,KILLED,LANDED,2168.4,1909.5,687.3,0.3,0.00,87.74,0,1.000,1,0.000,1,,0
198.82,198.82,UAV-2,SCOUT,ACTIVE,IDLE,3070.0,2164.6,752.7,35.7,0.01,78.20,0,0.000,0,0.000,0,,12
198.82,198.82,UAV-3,SCOUT,ACTIVE,TRANSIT,2895.9,2125.1,824.0,110.1,22.00,77.84,1,1.000,2,0.000,1,POI-008,0
198.82,198.82,UAV-4,SCOUT,ACTIVE,TRANSIT,2314.5,1954.3,803.0,110.0,12.93,77.99,1,1.000,3,0.000,1,POI-004,0
198.82,198.82,UAV-5,RELAY,ACTIVE,RELAY_HOLD,2129.6,1877.9,862.0,172.9,8.64,78.72,1,1.000,1,1.000,1,,0
199.82,199.82,UAV-1,RELAY,KILLED,LANDED,2168.4,1909.5,687.3,0.3,0.00,87.74,0,1.000,1,0.000,1,,0
199.82,199.82,UAV-2,SCOUT,ACTIVE,IDLE,3070.0,2164.6,752.7,35.7,0.01,78.10,0,0.000,0,0.000,0,,12
199.82,199.82,UAV-3,SCOUT,ACTIVE,TRANSIT,2916.3,2133.2,824.4,109.3,22.00,77.74,1,1.000,2,0.000,1,POI-008,0
199.82,199.82,UAV-4,SCOUT,ACTIVE,TRANSIT,2306.0,1944.6,802.6,110.1,12.87,77.86,1,1.000,3,0.000,1,POI-004,0
199.82,199.82,UAV-5,RELAY,ACTIVE,RELAY_HOLD,2139.9,1882.0,861.1,171.8,11.12,78.60,1,1.000,1,1.000,1,,0
200.82,200.82,UAV-1,RELAY,KILLED,LANDED,2168.4,1909.5,687.3,0.3,0.00,87.74,0,1.000,1,0.000,1,,0
200.82,200.82,UAV-2,SCOUT,ACTIVE,IDLE,3070.1,2164.6,752.7,35.7,0.01,78.01,0,0.000,0,0.000,0,,12
200.82,200.82,UAV-3,SCOUT,ACTIVE,TRANSIT,2936.7,2141.4,824.8,108.3,22.00,77.64,1,1.000,2,0.000,1,POI-008,0
200.82,200.82,UAV-4,SCOUT,ACTIVE,TRANSIT,2297.3,1935.1,802.2,110.2,12.82,77.73,1,1.000,3,0.000,1,POI-004,0
200.82,200.82,UAV-5,RELAY,ACTIVE,RELAY_HOLD,2148.0,1881.9,860.9,171.5,5.12,78.47,1,1.000,1,1.000,1,,0
201.82,201.82,UAV-1,RELAY,KILLED,LANDED,2168.4,1909.5,687.3,0.3,0.00,87.74,0,1.000,1,0.000,1,,0
201.82,201.82,UAV-2,SCOUT,ACTIVE,IDLE,3070.1,2164.6,752.7,35.7,0.01,77.91,0,0.000,0,0.000,0,,12
201.82,201.82,UAV-3,SCOUT,ACTIVE,TRANSIT,2957.1,2149.6,825.1,108.1,22.00,77.54,1,1.000,2,0.000,1,POI-008,0
201.82,201.82,UAV-4,SCOUT,ACTIVE,TRANSIT,2288.4,1926.0,801.9,110.4,12.74,77.60,1,1.000,3,0.000,1,POI-004,0
201.82,201.82,UAV-5,RELAY,ACTIVE,RELAY_HOLD,2149.6,1881.1,860.6,171.1,1.45,78.35,1,1.000,1,1.000,1,,0
202.82,202.82,UAV-1,RELAY,KILLED,LANDED,2168.4,1909.5,687.3,0.3,0.00,87.74,0,1.000,1,0.000,1,,0
202.82,202.82,UAV-2,SCOUT,ACTIVE,IDLE,3070.1,2164.6,752.7,35.7,0.00,77.82,0,0.000,0,0.000,0,,12
202.82,202.82,UAV-3,SCOUT,ACTIVE,TRANSIT,2977.5,2157.9,825.5,109.3,21.84,77.43,1,1.000,2,0.000,1,POI-008,0
202.82,202.82,UAV-4,SCOUT,ACTIVE,TRANSIT,2279.1,1917.3,801.5,110.8,12.72,77.47,1,1.000,3,0.000,1,POI-004,0
202.82,202.82,UAV-5,RELAY,ACTIVE,RELAY_HOLD,2145.6,1881.2,860.3,170.8,6.22,78.23,1,1.000,1,1.000,1,,0
203.82,203.82,UAV-1,RELAY,KILLED,LANDED,2168.4,1909.5,687.3,0.3,0.00,87.74,0,1.000,1,0.000,1,,0
203.82,203.82,UAV-2,SCOUT,ACTIVE,IDLE,3070.1,2164.6,752.7,35.7,0.00,77.72,0,0.000,0,0.000,0,,12
203.82,203.82,UAV-3,SCOUT,ACTIVE,TRANSIT,2995.9,2168.2,826.3,110.3,21.41,77.31,1,1.000,2,0.000,1,POI-008,0
203.82,203.82,UAV-4,SCOUT,ACTIVE,TRANSIT,2269.6,1908.9,801.2,111.3,12.69,77.35,1,1.000,3,0.006,1,POI-004,0
203.82,203.82,UAV-5,RELAY,ACTIVE,RELAY_HOLD,2139.7,1881.0,860.0,170.7,3.08,78.12,1,1.000,1,1.000,1,,0
204.82,204.82,UAV-1,RELAY,KILLED,LANDED,2168.4,1909.5,687.3,0.3,0.00,87.74,0,1.000,1,0.000,1,,0
204.82,204.82,UAV-2,SCOUT,ACTIVE,IDLE,3070.1,2164.6,752.7,35.7,0.00,77.63,0,0.000,0,0.000,0,,12
204.82,204.82,UAV-3,SCOUT,ACTIVE,TRANSIT,3013.7,2180.9,827.0,110.8,22.00,77.21,1,1.000,2,0.000,1,POI-008,0
204.82,204.82,UAV-4,SCOUT,ACTIVE,TRANSIT,2259.7,1900.9,801.0,111.6,12.66,77.22,1,1.000,3,0.035,1,POI-004,0
204.82,204.82,UAV-5,RELAY,ACTIVE,RELAY_HOLD,2140.2,1880.7,859.0,169.6,3.65,78.01,1,1.000,1,1.000,1,,0
205.82,205.82,UAV-1,RELAY,KILLED,LANDED,2168.4,1909.5,687.3,0.3,0.00,87.74,0,1.000,1,0.000,1,,0
205.82,205.82,UAV-2,SCOUT,ACTIVE,IDLE,3070.1,2164.6,752.7,35.7,0.01,77.54,1,1.000,2,0.000,1,,4
205.82,205.82,UAV-3,SCOUT,ACTIVE,TRANSIT,3031.6,2193.8,827.8,110.8,22.00,77.11,1,1.000,3,0.000,1,POI-008,0
205.82,205.82,UAV-4,SCOUT,ACTIVE,TRANSIT,2249.6,1893.4,800.7,111.7,12.54,77.10,1,1.000,3,0.406,1,POI-004,0
205.82,205.82,UAV-5,RELAY,ACTIVE,RELAY_HOLD,2143.5,1879.8,858.4,168.8,8.40,77.86,1,1.000,1,1.000,1,,0
206.82,206.82,UAV-1,RELAY,KILLED,LANDED,2168.4,1909.5,687.3,0.3,0.00,87.74,0,1.000,1,0.000,1,,0
206.82,206.82,UAV-2,SCOUT,ACTIVE,IDLE,3070.1,2164.6,752.7,35.7,0.00,77.44,1,1.000,2,0.000,1,,0
206.82,206.82,UAV-3,SCOUT,ACTIVE,TRANSIT,3049.4,2206.6,828.5,110.6,22.00,77.00,1,1.000,3,0.000,1,POI-008,0
206.82,206.82,UAV-4,SCOUT,ACTIVE,TRANSIT,2239.3,1886.3,800.5,111.6,12.45,76.97,1,1.000,3,0.850,1,POI-004,0
206.82,206.82,UAV-5,RELAY,ACTIVE,RELAY_HOLD,2154.6,1873.7,865.7,175.8,19.40,77.71,1,1.000,1,1.000,1,,0
207.82,207.82,UAV-1,RELAY,KILLED,LANDED,2168.4,1909.5,687.3,0.3,0.00,87.74,0,1.000,1,0.000,1,,0
207.82,207.82,UAV-2,SCOUT,ACTIVE,IDLE,3070.1,2164.6,752.7,35.7,0.00,77.35,1,1.000,2,0.000,1,,0
207.82,207.82,UAV-3,SCOUT,ACTIVE,TRANSIT,3067.2,2219.5,829.3,111.1,22.00,76.90,1,1.000,3,0.000,1,POI-008,0
207.82,207.82,UAV-4,SCOUT,ACTIVE,TRANSIT,2228.8,1879.8,800.3,111.5,12.38,76.85,1,1.000,3,0.958,1,POI-004,0
207.82,207.82,UAV-5,RELAY,ACTIVE,RELAY_HOLD,2168.2,1867.8,873.5,183.3,13.53,77.59,1,1.000,1,1.000,1,,0
208.82,208.82,UAV-1,RELAY,KILLED,LANDED,2168.4,1909.5,687.3,0.3,0.00,87.74,0,1.000,1,0.000,1,,0
208.82,208.82,UAV-2,SCOUT,ACTIVE,IDLE,3070.1,2164.6,752.7,35.7,0.00,77.25,1,1.000,2,0.000,1,,0
208.82,208.82,UAV-3,SCOUT,ACTIVE,TRANSIT,3085.0,2232.4,830.0,111.5,22.00,76.80,1,1.000,3,0.000,1,POI-008,0
208.82,208.82,UAV-4,SCOUT,ACTIVE,TRANSIT,2218.0,1873.8,800.1,111.3,12.33,76.73,1,1.000,1,1.000,1,POI-004,0
208.82,208.82,UAV-5,RELAY,ACTIVE,RELAY_HOLD,2179.4,1864.4,873.2,183.1,11.25,77.46,1,1.000,1,1.000,1,,0
209.82,209.82,UAV-1,RELAY,KILLED,LANDED,2168.4,1909.5,687.3,0.3,0.00,87.74,0,1.000,1,0.000,1,,0
209.82,209.82,UAV-2,SCOUT,ACTIVE,IDLE,3070.1,2164.6,752.7,35.7,0.00,77.16,1,1.000,2,0.000,1,,0
209.82,209.82,UAV-3,SCOUT,ACTIVE,TRANSIT,3102.8,2245.3,830.7,112.2,22.00,76.69,1,1.000,3,0.000,1,POI-008,0
209.82,209.82,UAV-4,SCOUT,ACTIVE,TRANSIT,2206.9,1868.5,800.0,110.9,12.33,76.61,1,1.000,1,1.000,1,POI-004,0
209.82,209.82,UAV-5,RELAY,ACTIVE,RELAY_HOLD,2188.2,1863.5,867.3,177.4,7.59,77.33,1,1.000,1,1.000,1,,0
210.82,210.82,UAV-1,RELAY,KILLED,LANDED,2168.4,1909.5,687.3,0.3,0.00,87.74,0,1.000,1,0.000,1,,0
210.82,210.82,UAV-2,SCOUT,ACTIVE,IDLE,3070.1,2164.6,752.7,35.7,0.00,77.06,1,1.000,2,0.000,1,,0
210.82,210.82,UAV-3,SCOUT,ACTIVE,TRANSIT,3120.6,2258.2,831.4,112.4,22.00,76.59,1,1.000,3,0.000,1,POI-008,0
210.82,210.82,UAV-4,SCOUT,ACTIVE,TRANSIT,2195.5,1863.8,799.9,110.2,12.29,76.49,1,1.000,1,1.000,1,POI-004,0
210.82,210.82,UAV-5,RELAY,ACTIVE,RELAY_HOLD,2189.3,1867.9,866.3,176.9,4.59,77.19,1,1.000,1,1.000,1,,0
211.82,211.82,UAV-1,RELAY,KILLED,LANDED,2168.4,1909.5,687.3,0.3,0.00,87.74,0,1.000,1,0.000,1,,0
211.82,211.82,UAV-2,SCOUT,ACTIVE,IDLE,3070.1,2164.6,752.7,35.7,0.00,76.97,1,1.000,2,0.000,1,,0
211.82,211.82,UAV-3,SCOUT,ACTIVE,TRANSIT,3138.5,2271.1,832.1,112.6,22.00,76.49,1,1.000,3,0.000,1,POI-008,0
211.82,211.82,UAV-4,SCOUT,ACTIVE,TRANSIT,2183.8,1859.9,799.8,109.5,12.29,76.37,1,1.000,1,1.000,1,POI-004,0
211.82,211.82,UAV-5,RELAY,ACTIVE,RELAY_HOLD,2185.3,1870.0,866.1,176.8,5.51,77.06,1,1.000,1,1.000,1,,0
212.82,212.82,UAV-1,RELAY,KILLED,LANDED,2168.4,1909.5,687.3,0.3,0.00,87.74,0,1.000,1,0.000,1,,0
212.82,212.82,UAV-2,SCOUT,ACTIVE,IDLE,3070.1,2164.6,752.7,35.7,0.01,76.87,1,1.000,2,0.000,1,,0
212.82,212.82,UAV-3,SCOUT,ACTIVE,TRANSIT,3156.3,2284.0,832.8,113.2,22.00,76.39,1,1.000,3,0.000,1,POI-008,0
212.82,212.82,UAV-4,SCOUT,ACTIVE,TRANSIT,2172.0,1856.8,799.7,108.8,12.24,76.25,1,1.000,1,1.000,1,POI-004,0
212.82,212.82,UAV-5,RELAY,ACTIVE,RELAY_HOLD,2177.9,1869.4,866.1,176.4,8.84,76.94,1,1.000,1,1.000,1,,0
213.82,213.82,UAV-1,RELAY,KILLED,LANDED,2168.4,1909.5,687.3,0.3,0.00,87.74,0,1.000,1,0.000,1,,0
213.82,213.82,UAV-2,SCOUT,ACTIVE,IDLE,3070.1,2164.6,752.7,35.7,0.01,76.78,1,1.000,2,0.000,1,,0
213.82,213.82,UAV-3,SCOUT,ACTIVE,TRANSIT,3174.1,2296.8,833.4,113.1,22.00,76.28,1,1.000,3,0.000,1,POI-008,0
213.82,213.82,UAV-4,SCOUT,ACTIVE,TRANSIT,2160.1,1854.5,799.5,108.5,11.66,76.12,1,1.000,1,1.000,1,POI-004,0
213.82,213.82,UAV-5,RELAY,ACTIVE,RELAY_HOLD,2168.5,1869.0,866.4,176.3,8.78,76.83,1,1.000,1,1.000,1,,0
214.82,214.82,UAV-1,RELAY,KILLED,LANDED,2168.4,1909.5,687.3,0.3,0.00,87.74,0,1.000,1,0.000,1,,0
214.82,214.82,UAV-2,SCOUT,ACTIVE,IDLE,3070.1,2164.6,752.7,35.7,0.01,76.69,1,1.000,2,0.000,1,,0
214.82,214.82,UAV-3,SCOUT,ACTIVE,TRANSIT,3191.9,2309.7,834.0,112.4,22.00,76.18,1,1.000,3,0.000,1,POI-008,0
214.82,214.82,UAV-4,SCOUT,ACTIVE,TRANSIT,2149.4,1850.6,798.7,108.1,11.44,75.98,1,1.000,1,1.000,1,POI-004,0
214.82,214.82,UAV-5,RELAY,ACTIVE,RELAY_HOLD,2163.7,1869.2,866.6,176.4,1.84,76.73,1,1.000,1,1.000,1,,0
215.82,215.82,UAV-1,RELAY,KILLED,LANDED,2168.4,1909.5,687.3,0.3,0.00,87.74,0,1.000,1,0.000,1,,0
215.82,215.82,UAV-2,SCOUT,ACTIVE,IDLE,3070.1,2164.6,752.7,35.7,0.00,76.59,1,1.000,2,0.000,1,,0
215.82,215.82,UAV-3,SCOUT,ACTIVE,TRANSIT,3209.9,2321.5,834.5,110.9,20.64,76.06,1,1.000,3,0.000,1,POI-008,0
215.82,215.82,UAV-4,SCOUT,ACTIVE,TRANSIT,2139.6,1844.3,797.8,107.9,11.84,75.85,1,1.000,1,1.000,1,POI-004,0
215.82,215.82,UAV-5,RELAY,ACTIVE,RELAY_HOLD,2162.6,1869.2,867.2,177.0,1.69,76.63,1,1.000,1,1.000,1,,0
216.82,216.82,UAV-1,RELAY,KILLED,LANDED,2168.4,1909.5,687.3,0.3,0.00,87.74,0,1.000,1,0.000,1,,0
216.82,216.82,UAV-2,SCOUT,ACTIVE,IDLE,3070.1,2164.6,752.7,35.7,0.01,76.50,1,1.000,2,0.000,1,,0
216.82,216.82,UAV-3,SCOUT,ACTIVE,TRANSIT,3229.6,2329.1,834.7,109.7,21.86,75.95,1,1.000,3,0.000,1,POI-008,0
216.82,216.82,UAV-4,SCOUT,ACTIVE,TRANSIT,2130.6,1836.4,797.0,107.9,12.23,75.71,1,1.000,1,1.000,1,POI-004,0
216.82,216.82,UAV-5,RELAY,ACTIVE,RELAY_HOLD,2161.8,1869.3,867.5,177.3,0.30,76.54,1,1.000,1,1.000,1,,0
217.82,217.82,UAV-1,RELAY,KILLED,LANDED,2168.4,1909.5,687.3,0.3,0.00,87.74,0,1.000,1,0.000,1,,0
217.82,217.82,UAV-2,SCOUT,ACTIVE,IDLE,3070.1,2164.6,752.7,35.7,0.00,76.40,1,1.000,2,0.000,1,,0
217.82,217.82,UAV-3,SCOUT,ACTIVE,TRANSIT,3250.5,2335.8,834.9,110.4,22.00,75.85,1,1.000,3,0.000,1,POI-008,0
217.82,217.82,UAV-4,SCOUT,ACTIVE,TRANSIT,2122.1,1827.4,796.2,108.0,12.60,75.57,1,1.000,1,1.000,1,POI-004,0
217.82,217.82,UAV-5,RELAY,ACTIVE,RELAY_HOLD,2161.8,1869.3,867.7,177.5,0.36,76.44,1,1.000,1,1.000,1,,0
218.82,218.82,UAV-1,RELAY,KILLED,LANDED,2168.4,1909.5,687.3,0.3,0.00,87.74,0,1.000,1,0.000,1,,0
218.82,218.82,UAV-2,SCOUT,ACTIVE,TRANSIT,3070.1,2164.6,752.7,35.7,0.01,76.31,1,1.000,2,0.000,1,,0
218.82,218.82,UAV-3,SCOUT,ACTIVE,TRANSIT,3271.5,2342.6,835.1,111.8,22.00,75.75,1,1.000,3,0.000,1,POI-008,0
218.82,218.82,UAV-4,SCOUT,ACTIVE,TRANSIT,2113.9,1817.6,795.5,108.1,12.87,75.43,1,1.000,1,1.000,1,POI-004,0
218.82,218.82,UAV-5,RELAY,ACTIVE,RELAY_HOLD,2162.2,1869.4,867.9,177.8,0.87,76.34,1,1.000,1,1.000,1,,0
219.82,219.82,UAV-1,RELAY,KILLED,LANDED,2168.4,1909.5,687.3,0.3,0.00,87.74,0,1.000,1,0.000,1,,0
219.82,219.82,UAV-2,SCOUT,ACTIVE,TRANSIT,3067.2,2161.6,756.4,39.5,9.36,76.16,1,1.000,2,0.000,1,,0
219.82,219.82,UAV-3,SCOUT,ACTIVE,TRANSIT,3292.4,2349.3,835.3,112.6,22.00,75.64,1,1.000,3,0.000,1,POI-008,0
219.82,219.82,UAV-4,SCOUT,ACTIVE,TRANSIT,2105.7,1807.7,794.8,107.9,12.90,75.30,1,1.000,1,1.000,1,POI-004,0
219.82,219.82,UAV-5,RELAY,ACTIVE,RELAY_HOLD,2162.8,1869.4,868.0,177.9,1.97,76.25,1,1.000,1,1.000,1,,0
220.82,220.82,UAV-1,RELAY,KILLED,LANDED,2168.4,1909.5,687.3,0.3,0.00,87.74,0,1.000,1,0.000,1,,0
220.82,220.82,UAV-2,SCOUT,ACTIVE,TRANSIT,3060.1,2155.3,761.6,44.8,11.97,76.03,1,1.000,2,0.000,1,,0
220.82,220.82,UAV-3,SCOUT,ACTIVE,TRANSIT,3313.3,2356.2,835.6,113.2,22.00,75.54,1,1.000,3,0.000,1,POI-008,0
220.82,220.82,UAV-4,SCOUT,ACTIVE,TRANSIT,2097.3,1797.9,794.2,107.5,12.92,75.17,1,1.000,2,1.000,1,POI-004,0
220.82,220.82,UAV-5,RELAY,ACTIVE,RELAY_HOLD,2164.3,1869.7,867.5,177.3,1.77,76.15,1,1.000,1,1.000,1,,0
221.82,221.82,UAV-1,RELAY,KILLED,LANDED,2168.4,1909.5,687.3,0.3,0.00,87.74,0,1.000,1,0.000,1,,0
221.82,221.82,UAV-2,SCOUT,ACTIVE,TRANSIT,3050.2,2148.8,766.2,49.6,13.20,75.91,1,1.000,2,0.000,1,,0
221.82,221.82,UAV-3,SCOUT,ACTIVE,TRANSIT,3334.2,2363.0,835.8,113.8,22.00,75.44,1,1.000,3,0.000,1,POI-008,0
221.82,221.82,UAV-4,SCOUT,ACTIVE,TRANSIT,2088.6,1788.4,793.6,107.0,12.87,75.05,1,1.000,3,0.999,1,POI-004,0
221.82,221.82,UAV-5,RELAY,ACTIVE,RELAY_HOLD,2166.5,1870.3,865.3,175.3,2.46,76.02,1,1.000,1,0.958,1,,0
222.82,222.82,UAV-1,RELAY,KILLED,LANDED,2168.4,1909.5,687.3,0.3,0.00,87.74,0,1.000,1,0.000,1,,0
222.82,222.82,UAV-2,SCOUT,ACTIVE,TRANSIT,3038.9,2142.6,770.3,54.2,13.79,75.78,1,1.000,2,0.000,1,,0
222.82,222.82,UAV-3,SCOUT,ACTIVE,TRANSIT,3355.1,2369.8,836.0,113.3,22.00,75.34,1,1.000,3,0.000,1,POI-008,0
222.82,222.82,UAV-4,SCOUT,ACTIVE,TRANSIT,2079.6,1779.2,793.0,106.5,12.84,74.92,1,1.000,1,1.000,1,POI-004,0
222.82,222.82,UAV-5,RELAY,ACTIVE,RELAY_HOLD,2166.9,1870.2,866.5,176.5,0.44,75.91,1,1.000,3,1.000,1,,0
223.82,223.82,UAV-1,RELAY,KILLED,LANDED,2168.4,1909.5,687.3,0.3,0.00,87.74,0,1.000,1,0.000,1,,0
223.82,223.82,UAV-2,SCOUT,ACTIVE,TRANSIT,3026.8,2136.8,774.0,58.6,13.94,75.66,1,1.000,2,0.000,1,,0
223.82,223.82,UAV-3,SCOUT,ACTIVE,TRANSIT,3376.0,2376.7,836.2,112.5,22.00,75.24,1,1.000,3,0.000,1,POI-008,0
223.82,223.82,UAV-4,SCOUT,ACTIVE,TRANSIT,2070.4,1770.3,792.5,106.0,12.77,74.79,1,1.000,3,0.988,1,POI-004,0
223.82,223.82,UAV-5,RELAY,ACTIVE,RELAY_HOLD,2168.7,1870.7,863.5,173.6,6.91,75.79,1,1.000,1,1.000,1,,0
224.82,224.82,UAV-1,RELAY,KILLED,LANDED,2168.4,1909.5,687.3,0.3,0.00,87.74,0,1.000,1,0.000,1,,0
224.82,224.82,UAV-2,SCOUT,ACTIVE,TRANSIT,3014.4,2131.4,777.3,62.5,13.91,75.53,1,0.999,2,0.000,1,,0
224.82,224.82,UAV-3,SCOUT,ACTIVE,TRANSIT,3396.9,2383.5,836.4,111.4,22.00,75.14,1,0.999,3,0.000,1,POI-008,0
224.82,224.82,UAV-4,SCOUT,ACTIVE,TRANSIT,2061.0,1761.8,792.0,105.4,12.75,74.67,1,0.999,3,1.000,1,POI-004,0
224.82,224.82,UAV-5,RELAY,ACTIVE,RELAY_HOLD,2170.9,1871.3,859.8,170.0,1.88,75.64,1,0.999,1,0.970,1,,0
225.82,225.82,UAV-1,RELAY,KILLED,LANDED,2168.4,1909.5,687.3,0.3,0.00,87.74,0,1.000,1,0.000,1,,0
225.82,225.82,UAV-2,SCOUT,ACTIVE,TRANSIT,3001.8,2126.4,780.1,65.2,13.75,75.41,1,1.000,2,0.000,1,,0
225.82,225.82,UAV-3,SCOUT,ACTIVE,TRANSIT,3417.8,2390.4,836.6,110.5,21.59,75.03,1,1.000,3,0.000,1,POI-008,0
225.82,225.82,UAV-4,SCOUT,ACTIVE,TRANSIT,2051.2,1753.7,791.5,104.7,12.73,74.54,1,1.000,1,1.000,1,POI-004,0
225.82,225.82,UAV-5,RELAY,ACTIVE,RELAY_HOLD,2169.7,1870.7,864.8,174.9,4.23,75.51,1,1.000,3,1.000,1,,0
226.82,226.82,UAV-1,RELAY,KILLED,LANDED,2168.4,1909.5,687.3,0.3,0.00,87.74,0,1.000,1,0.000,1,,0
226.82,226.82,UAV-2,SCOUT,ACTIVE,TRANSIT,2989.2,2121.9,782.4,67.1,13.46,75.29,1,1.000,3,0.000,1,,0
226.82,226.82,UAV-3,SCOUT,ACTIVE,TRANSIT,3434.2,2399.1,837.3,110.9,16.29,74.89,1,1.000,4,0.000,1,POI-008,0
226.82,226.82,UAV-4,SCOUT,ACTIVE,TRANSIT,2041.1,1745.9,791.1,104.3,12.64,74.42,1,1.000,1,1.000,1,POI-004,0
226.82,226.82,UAV-5,RELAY,ACTIVE,RELAY_HOLD,2170.7,1871.5,865.1,175.3,3.98,75.38,1,1.000,2,0.958,1,,0
227.82,227.82,UAV-1,RELAY,KILLED,LANDED,2168.4,1909.5,687.3,0.3,0.00,87.74,0,1.000,1,0.000,1,,0
227.82,227.82,UAV-2,SCOUT,ACTIVE,TRANSIT,2976.6,2118.2,784.2,68.5,13.13,75.17,1,0.937,4,0.000,1,,0
227.82,227.82,UAV-3,SCOUT,ACTIVE,TRANSIT,3444.1,2410.9,837.9,111.2,15.56,74.76,1,0.937,3,0.000,1,POI-008,0
227.82,227.82,UAV-4,SCOUT,ACTIVE,TRANSIT,2030.9,1738.6,790.8,104.4,12.55,74.29,1,0.937,2,0.945,1,POI-004,0
227.82,227.82,UAV-5,RELAY,ACTIVE,RELAY_HOLD,2173.5,1873.6,859.4,169.9,5.82,75.25,1,0.937,1,0.978,1,,0
228.82,228.82,UAV-1,RELAY,KILLED,LANDED,2168.4,1909.5,687.3,0.3,0.00,87.74,0,1.000,1,0.000,1,,0
228.82,228.82,UAV-2,SCOUT,ACTIVE,TRANSIT,2964.2,2115.1,785.3,69.2,12.03,75.04,1,0.916,2,0.000,1,,0
228.82,228.82,UAV-3,SCOUT,ACTIVE,TRANSIT,3450.7,2425.9,838.4,111.1,17.28,74.64,1,0.916,3,0.000,1,POI-008,0
228.82,228.82,UAV-4,SCOUT,ACTIVE,TRANSIT,2020.5,1731.7,790.4,104.8,12.44,74.17,1,0.916,3,0.703,1,POI-004,0
228.82,228.82,UAV-5,RELAY,ACTIVE,RELAY_HOLD,2175.2,1876.7,855.1,166.0,8.28,75.12,1,0.916,1,0.958,1,,0
229.82,229.82,UAV-1,RELAY,KILLED,LANDED,2168.4,1909.5,687.3,0.3,0.00,87.74,0,1.000,1,0.000,1,,0
229.82,229.82,UAV-2,SCOUT,ACTIVE,TRANSIT,2953.2,2110.8,785.0,68.9,11.86,74.91,1,1.000,2,0.000,1,,0
229.82,229.82,UAV-3,SCOUT,ACTIVE,TRANSIT,3455.8,2443.1,838.9,110.7,18.52,74.52,1,1.000,2,0.000,1,POI-008,0
229.82,229.82,UAV-4,SCOUT,ACTIVE,TRANSIT,2009.8,1725.4,790.1,105.3,12.40,74.05,1,1.000,3,0.063,1,POI-004,0
229.82,229.82,UAV-5,RELAY,ACTIVE,RELAY_HOLD,2177.2,1881.4,846.5,157.7,10.45,74.99,1,1.000,1,1.000,1,,0
230.82,230.82,UAV-1,RELAY,KILLED,LANDED,2168.4,1909.5,687.3,0.3,0.00,87.74,0,1.000,1,0.000,1,,0
230.82,230.82,UAV-2,SCOUT,ACTIVE,TRANSIT,2942.8,2104.7,784.6,68.9,12.33,74.78,1,1.000,2,0.000,1,,0
230.82,230.82,UAV-3,SCOUT,ACTIVE,TRANSIT,3460.1,2459.0,836.6,107.8,15.02,74.39,1,1.000,3,0.000,1,POI-008,0
230.82,230.82,UAV-4,SCOUT,ACTIVE,TRANSIT,1998.9,1719.6,789.9,105.8,12.33,73.92,1,1.000,3,0.000,1,POI-004,0
230.82,230.82,UAV-5,RELAY,ACTIVE,RELAY_HOLD,2175.4,1891.6,842.6,154.6,10.69,74.85,1,1.000,1,0.959,1,,0
231.82,231.82,UAV-1,RELAY,KILLED,LANDED,2168.4,1909.5,687.3,0.3,0.00,87.74,0,1.000,1,0.000,1,,0
231.82,231.82,UAV-2,SCOUT,ACTIVE,TRANSIT,2932.1,2098.3,784.2,69.2,12.52,74.66,1,1.000,2,0.000,1,,0
231.82,231.82,UAV-3,SCOUT,ACTIVE,TRANSIT,3463.7,2470.4,828.5,99.1,14.57,74.26,1,1.000,3,0.000,1,POI-008,0
231.82,231.82,UAV-4,SCOUT,ACTIVE,TRANSIT,1987.7,1714.5,789.7,106.4,12.26,73.80,1,1.000,2,0.000,1,POI-004,0
231.82,231.82,UAV-5,RELAY,ACTIVE,RELAY_HOLD,2172.8,1897.5,842.7,154.9,3.07,74.73,1,1.000,1,0.990,1,,0
232.82,232.82,UAV-1,RELAY,KILLED,LANDED,2168.4,1909.5,687.3,0.3,0.00,87.74,0,1.000,1,0.000,1,,0
232.82,232.82,UAV-2,SCOUT,ACTIVE,TRANSIT,2921.2,2092.1,783.9,69.8,12.55,74.53,1,1.000,2,0.000,1,,0
232.82,232.82,UAV-3,SCOUT,ACTIVE,TRANSIT,3466.7,2478.4,816.1,86.2,15.76,74.13,1,1.000,3,0.000,1,POI-008,0
232.82,232.82,UAV-4,SCOUT,ACTIVE,TRANSIT,1976.3,1710.1,789.5,107.0,12.19,73.68,1,1.000,3,0.000,1,POI-004,0
232.82,232.82,UAV-5,RELAY,ACTIVE,RELAY_HOLD,2173.2,1897.3,842.3,154.5,3.60,74.61,1,1.000,1,1.000,1,,0
233.82,233.82,UAV-1,RELAY,KILLED,LANDED,2168.4,1909.5,687.3,0.3,0.00,87.74,0,1.000,1,0.000,1,,0
233.82,233.82,UAV-2,SCOUT,ACTIVE,TRANSIT,2910.0,2086.3,783.6,70.6,12.60,74.41,1,1.000,2,0.000,1,,0
233.82,233.82,UAV-3,SCOUT,ACTIVE,TRANSIT,3469.4,2483.5,800.7,70.5,16.95,74.00,1,1.000,3,0.000,1,POI-008,0
233.82,233.82,UAV-4,SCOUT,ACTIVE,TRANSIT,1964.7,1706.3,789.4,107.7,12.21,73.56,1,1.000,3,0.000,1,POI-004,0
233.82,233.82,UAV-5,RELAY,ACTIVE,RELAY_HOLD,2173.2,1894.7,842.6,154.7,0.67,74.48,1,1.000,1,0.999,1,,0
234.82,234.82,UAV-1,RELAY,KILLED,LANDED,2168.4,1909.5,687.3,0.3,0.00,87.74,0,1.000,1,0.000,1,,0
234.82,234.82,UAV-2,SCOUT,ACTIVE,TRANSIT,2898.6,2081.0,783.4,71.2,12.65,74.29,1,1.000,2,0.000,1,,0
234.82,234.82,UAV-3,SCOUT,ACTIVE,SURVEY,3471.8,2486.4,783.8,53.3,17.27,73.88,1,1.000,4,0.000,1,POI-008,0
234.82,234.82,UAV-4,SCOUT,ACTIVE,TRANSIT,1952.8,1703.3,789.3,108.5,12.27,73.44,1,1.000,3,0.000,1,POI-004,0
234.82,234.82,UAV-5,RELAY,ACTIVE,RELAY_HOLD,2172.5,1896.1,842.4,154.6,2.09,74.38,1,1.000,1,1.000,1,,0
235.82,235.82,UAV-1,RELAY,KILLED,LANDED,2168.4,1909.5,687.3,0.3,0.00,87.74,0,1.000,1,0.000,1,,0
235.82,235.82,UAV-2,SCOUT,ACTIVE,TRANSIT,2886.8,2076.3,783.2,71.4,12.67,74.17,1,1.000,3,0.000,1,,0
235.82,235.82,UAV-3,SCOUT,ACTIVE,SURVEY,3472.0,2486.0,769.4,38.9,11.50,73.73,1,1.000,2,0.000,1,POI-008,0
235.82,235.82,UAV-4,SCOUT,ACTIVE,TRANSIT,1940.8,1701.1,789.1,109.2,11.84,73.32,1,1.000,2,0.000,1,POI-004,0
235.82,235.82,UAV-5,RELAY,ACTIVE,RELAY_HOLD,2171.8,1896.1,842.2,154.3,0.97,74.28,1,1.000,1,1.000,1,,0
236.82,236.82,UAV-1,RELAY,KILLED,LANDED,2168.4,1909.5,687.3,0.3,0.00,87.74,0,1.000,1,0.000,1,,0
236.82,236.82,UAV-2,SCOUT,ACTIVE,TRANSIT,2874.9,2072.1,783.0,71.0,12.65,74.05,1,0.917,2,0.000,1,,0
236.82,236.82,UAV-3,SCOUT,ACTIVE,IDLE,3470.7,2484.2,764.6,34.3,0.85,73.59,1,0.917,3,0.000,1,,0
236.82,236.82,UAV-4,SCOUT,ACTIVE,TRANSIT,1929.3,1701.8,788.6,109.3,11.72,73.19,1,0.917,3,0.000,1,POI-004,0
236.82,236.82,UAV-5,RELAY,ACTIVE,RELAY_HOLD,2172.3,1895.5,842.1,154.2,1.07,74.18,1,0.917,1,0.989,1,,0
237.82,237.82,UAV-1,RELAY,KILLED,LANDED,2168.4,1909.5,687.3,0.3,0.00,87.74,0,1.000,1,0.000,1,,0
237.82,237.82,UAV-2,SCOUT,ACTIVE,TRANSIT,2862.8,2068.4,782.8,70.6,12.67,73.93,1,1.000,2,0.000,1,,0
237.82,237.82,UAV-3,SCOUT,ACTIVE,IDLE,3470.9,2484.9,764.5,34.2,0.72,73.49,1,1.000,3,0.000,1,,0
237.82,237.82,UAV-4,SCOUT,ACTIVE,TRANSIT,1917.5,1704.0,788.0,109.0,12.20,73.07,1,1.000,3,0.000,1,POI-004,0
237.82,237.82,UAV-5,RELAY,ACTIVE,RELAY_HOLD,2172.7,1895.4,842.0,154.2,0.26,74.09,1,1.000,1,1.000,1,,0
238.82,238.82,UAV-1,RELAY,KILLED,LANDED,2168.4,1909.5,687.3,0.3,0.00,87.74,0,1.000,1,0.000,1,,0
238.82,238.82,UAV-2,SCOUT,ACTIVE,TRANSIT,2850.4,2065.5,782.7,70.3,12.76,73.80,1,0.980,2,0.000,1,,0
238.82,238.82,UAV-3,SCOUT,ACTIVE,IDLE,3471.0,2485.4,764.7,34.3,0.52,73.40,1,0.980,3,0.000,1,,0
238.82,238.82,UAV-4,SCOUT,ACTIVE,TRANSIT,1905.4,1706.4,787.5,108.6,12.49,72.95,1,0.980,3,0.000,1,POI-004,0
238.82,238.82,UAV-5,RELAY,ACTIVE,RELAY_HOLD,2172.7,1895.5,842.5,154.7,3.56,73.98,1,0.980,1,0.958,1,,0
239.82,239.82,UAV-1,RELAY,KILLED,LANDED,2168.4,1909.5,687.3,0.3,0.00,87.74,0,1.000,1,0.000,1,,0
239.82,239.82,UAV-2,SCOUT,ACTIVE,TRANSIT,2837.8,2063.2,782.6,70.5,12.77,73.68,1,1.000,2,0.000,1,,0
239.82,239.82,UAV-3,SCOUT,ACTIVE,IDLE,3471.1,2485.9,764.8,34.4,0.37,73.31,1,1.000,3,0.000,1,,0
239.82,239.82,UAV-4,SCOUT,ACTIVE,TRANSIT,1893.1,1708.7,787.0,108.2,12.57,72.83,1,1.000,3,0.000,1,POI-004,0
239.82,239.82,UAV-5,RELAY,ACTIVE,RELAY_HOLD,2168.0,1890.4,849.0,160.7,14.24,73.83,1,1.000,1,1.000,1,,0
240.82,240.82,UAV-1,RELAY,KILLED,LANDED,2168.4,1909.5,687.3,0.3,0.00,87.74,0,1.000,1,0.000,1,,0
240.82,240.82,UAV-2,SCOUT,ACTIVE,TRANSIT,2826.0,2060.2,782.3,70.6,12.01,73.55,1,1.000,2,0.000,1,,0
240.82,240.82,UAV-3,SCOUT,ACTIVE,IDLE,3471.2,2486.1,764.9,34.5,0.26,73.21,1,1.000,3,0.000,1,,0
240.82,240.82,UAV-4,SCOUT,ACTIVE,TRANSIT,1880.7,1710.9,786.5,108.1,12.63,72.71,1,1.000,3,0.000,1,POI-004,0
240.82,240.82,UAV-5,RELAY,ACTIVE,RELAY_HOLD,2159.1,1882.4,859.1,169.8,15.83,73.69,1,1.000,1,1.000,1,,0
241.82,241.82,UAV-1,RELAY,KILLED,LANDED,2168.4,1909.5,687.3,0.3,0.00,87.74,0,1.000,1,0.000,1,,0
241.82,241.82,UAV-2,SCOUT,ACTIVE,TRANSIT,2815.2,2054.8,781.8,70.6,12.32,73.42,1,1.000,2,0.000,1,,0
241.82,241.82,UAV-3,SCOUT,ACTIVE,IDLE,3471.2,2486.3,765.0,34.5,0.18,73.12,1,1.000,3,0.000,1,,0
241.82,241.82,UAV-4,SCOUT,ACTIVE,TRANSIT,1868.2,1713.1,786.1,108.3,12.70,72.59,1,1.000,3,0.000,1,POI-004,0
241.82,241.82,UAV-5,RELAY,ACTIVE,RELAY_HOLD,2149.9,1875.5,866.1,176.3,9.92,73.57,1,1.000,1,1.000,1,,0
242.82,242.82,UAV-1,RELAY,KILLED,LANDED,2168.4,1909.5,687.3,0.3,0.00,87.74,0,1.000,1,0.000,1,,0
242.82,242.82,UAV-2,SCOUT,ACTIVE,TRANSIT,2804.4,2048.5,781.4,70.3,12.58,73.29,1,1.000,2,0.000,1,,0
242.82,242.82,UAV-3,SCOUT,ACTIVE,IDLE,3471.3,2486.5,765.0,34.5,0.12,73.02,1,1.000,3,0.000,1,,0
242.82,242.82,UAV-4,SCOUT,ACTIVE,TRANSIT,1855.7,1715.1,785.7,108.4,12.67,72.47,1,1.000,3,0.000,1,POI-004,0
242.82,242.82,UAV-5,RELAY,ACTIVE,RELAY_HOLD,2144.2,1872.6,866.7,176.9,2.95,73.44,1,1.000,1,1.000,1,,0
243.82,243.82,UAV-1,RELAY,KILLED,LANDED,2168.4,1909.5,687.3,0.3,0.00,87.74,0,1.000,1,0.000,1,,0
243.82,243.82,UAV-2,SCOUT,ACTIVE,TRANSIT,2793.4,2042.2,781.0,69.7,12.69,73.17,1,1.000,2,0.000,1,,0
243.82,243.82,UAV-3,SCOUT,ACTIVE,IDLE,3471.3,2486.6,765.0,34.6,0.09,72.93,1,1.000,3,0.000,1,,0
243.82,243.82,UAV-4,SCOUT,ACTIVE,TRANSIT,1843.2,1717.0,785.4,108.3,12.66,72.36,1,1.000,3,0.000,1,POI-004,0
243.82,243.82,UAV-5,RELAY,ACTIVE,RELAY_HOLD,2144.2,1874.2,866.5,176.8,2.33,73.33,1,1.000,1,1.000,1,,0
244.82,244.82,UAV-1,RELAY,KILLED,LANDED,2168.4,1909.5,687.3,0.3,0.00,87.74,0,1.000,1,0.000,1,,0
244.82,244.82,UAV-2,SCOUT,ACTIVE,TRANSIT,2782.2,2036.3,780.7,69.1,12.76,73.05,1,1.000,2,0.000,1,,0
244.82,244.82,UAV-3,SCOUT,ACTIVE,IDLE,3471.3,2486.7,765.0,34.6,0.06,72.83,1,1.000,2,0.000,1,,0
244.82,244.82,UAV-4,SCOUT,ACTIVE,TRANSIT,1830.6,1718.8,785.0,108.0,12.67,72.24,1,1.000,3,0.000,1,POI-004,0
244.82,244.82,UAV-5,RELAY,ACTIVE,RELAY_HOLD,2144.8,1874.7,866.6,176.9,0.32,73.24,1,1.000,1,0.964,1,,0
245.82,245.82,UAV-1,RELAY,KILLED,LANDED,2168.4,1909.5,687.3,0.3,0.00,87.74,0,1.000,1,0.000,1,,0
245.82,245.82,UAV-2,SCOUT,ACTIVE,TRANSIT,2770.7,2030.8,780.4,69.0,12.76,72.92,1,0.972,2,0.000,1,,0
245.82,245.82,UAV-3,SCOUT,ACTIVE,IDLE,3471.3,2486.7,765.0,34.6,0.04,72.74,1,0.972,3,0.000,1,,0
245.82,245.82,UAV-4,SCOUT,ACTIVE,TRANSIT,1818.1,1720.4,784.7,107.6,12.64,72.12,1,0.972,3,0.000,1,POI-004,0
245.82,245.82,UAV-5,RELAY,ACTIVE,RELAY_HOLD,2144.8,1874.6,866.6,176.9,0.23,73.14,1,0.972,1,0.958,1,,0
246.82,246.82,UAV-1,RELAY,KILLED,LANDED,2168.4,1909.5,687.3,0.3,0.00,87.74,0,1.000,1,0.000,1,,0
246.82,246.82,UAV-2,SCOUT,ACTIVE,TRANSIT,2758.9,2025.9,780.2,69.5,12.77,72.80,1,0.999,3,0.000,1,,0
246.82,246.82,UAV-3,SCOUT,ACTIVE,IDLE,3471.4,2486.7,765.0,34.6,0.03,72.64,1,0.999,2,0.000,1,,0
246.82,246.82,UAV-4,SCOUT,ACTIVE,TRANSIT,1805.6,1722.0,784.4,107.6,12.65,72.00,1,0.999,2,0.000,1,POI-004,0
246.82,246.82,UAV-5,RELAY,ACTIVE,RELAY_HOLD,2145.2,1874.6,866.6,176.9,1.43,73.04,1,0.999,1,1.000,1,,0
247.82,247.82,UAV-1,RELAY,KILLED,LANDED,2168.4,1909.5,687.3,0.3,0.00,87.74,0,1.000,1,0.000,1,,0
247.82,247.82,UAV-2,SCOUT,ACTIVE,TRANSIT,2746.9,2021.5,779.9,70.4,12.74,72.68,1,1.000,2,0.000,1,,0
247.82,247.82,UAV-3,SCOUT,ACTIVE,IDLE,3471.4,2486.8,765.1,34.6,0.02,72.55,1,1.000,3,0.000,1,,0
247.82,247.82,UAV-4,SCOUT,ACTIVE,TRANSIT,1793.0,1723.4,784.2,107.8,12.62,71.88,1,1.000,3,0.000,1,POI-004,0
247.82,247.82,UAV-5,RELAY,ACTIVE,RELAY_HOLD,2147.3,1874.7,866.7,176.9,0.16,72.92,1,1.000,1,0.999,1,,0
248.82,248.82,UAV-1,RELAY,KILLED,LANDED,2168.4,1909.5,687.3,0.3,0.00,87.74,0,1.000,1,0.000,1,,0
248.82,248.82,UAV-2,SCOUT,ACTIVE,TRANSIT,2734.8,2017.7,779.8,71.3,12.74,72.56,1,1.000,2,0.000,1,,0
248.82,248.82,UAV-3,SCOUT,ACTIVE,TRANSIT,3471.4,2486.8,765.1,34.6,0.01,72.46,1,1.000,3,0.000,1,,0
248.82,248.82,UAV-4,SCOUT,ACTIVE,TRANSIT,1780.4,1724.7,784.0,108.4,12.63,71.76,1,1.000,3,0.000,1,POI-004,0
248.82,248.82,UAV-5,RELAY,ACTIVE,RELAY_HOLD,2145.8,1874.6,866.7,176.9,1.28,72.82,1,1.000,1,1.000,1,,0
249.82,249.82,UAV-1,RELAY,KILLED,LANDED,2168.4,1909.5,687.3,0.3,0.00,87.74,0,1.000,1,0.000,1,,0
249.82,249.82,UAV-2,SCOUT,ACTIVE,TRANSIT,2722.4,2014.5,779.6,71.9,12.74,72.44,1,0.973,2,0.000,1,,0
249.82,249.82,UAV-3,SCOUT,ACTIVE,TRANSIT,3468.6,2483.8,768.6,38.5,9.07,72.31,1,0.973,3,0.000,1,,0
249.82,249.82,UAV-4,SCOUT,ACTIVE,TRANSIT,1767.9,1725.8,783.8,109.3,12.61,71.64,1,0.973,3,0.000,1,POI-004,0
249.82,249.82,UAV-5,RELAY,ACTIVE,RELAY_HOLD,2144.9,1874.6,866.7,176.9,0.44,72.73,1,0.973,1,0.984,1,,0
250.82,250.82,UAV-1,RELAY,KILLED,LANDED,2168.4,1909.5,687.3,0.3,0.00,87.74,0,1.000,1,0.000,1,,0
250.82,250.82,UAV-2,SCOUT,ACTIVE,TRANSIT,2709.9,2012.0,779.5,72.6,12.82,72.32,1,1.000,2,0.000,1,,0
250.82,250.82,UAV-3,SCOUT,ACTIVE,TRANSIT,3461.8,2477.1,773.5,44.0,11.83,72.18,1,1.000,3,0.000,1,,0
250.82,250.82,UAV-4,SCOUT,ACTIVE,TRANSIT,1755.3,1726.8,783.6,109.8,12.66,71.52,1,1.000,3,0.072,1,POI-004,0
250.82,250.82,UAV-5,RELAY,ACTIVE,RELAY_HOLD,2145.2,1874.7,866.7,177.0,0.58,72.63,1,1.000,1,1.000,1,,0
251.82,251.82,UAV-1,RELAY,KILLED,LANDED,2168.4,1909.5,687.3,0.3,0.00,87.74,0,1.000,1,0.000,1,,0
251.82,251.82,UAV-2,SCOUT,ACTIVE,TRANSIT,2698.1,2009.5,778.6,72.6,11.62,72.19,1,1.000,2,0.000,1,,0
251.82,251.82,UAV-3,SCOUT,ACTIVE,TRANSIT,3452.4,2470.0,777.8,49.2,13.12,72.05,1,1.000,3,0.000,1,,0
251.82,251.82,UAV-4,SCOUT,ACTIVE,TRANSIT,1742.7,1727.6,783.5,109.9,12.63,71.40,1,1.000,3,0.061,1,POI-004,0
251.82,251.82,UAV-5,RELAY,ACTIVE,RELAY_HOLD,2145.8,1874.7,866.8,177.1,1.59,72.53,1,1.000,1,1.000,1,,0
252.82,252.82,UAV-1,RELAY,KILLED,LANDED,2168.4,1909.5,687.3,0.3,0.00,87.74,0,1.000,1,0.000,1,,0
252.82,252.82,UAV-2,SCOUT,ACTIVE,TRANSIT,2687.6,2004.7,777.1,72.1,11.94,72.05,1,1.000,2,0.000,1,,0
252.82,252.82,UAV-3,SCOUT,ACTIVE,TRANSIT,3441.5,2463.2,781.7,53.8,13.77,71.93,1,1.000,3,0.000,1,,0
252.82,252.82,UAV-4,SCOUT,ACTIVE,TRANSIT,1730.0,1728.3,783.4,109.9,12.65,71.28,1,1.000,3,0.066,1,POI-004,0
252.82,252.82,UAV-5,RELAY,ACTIVE,RELAY_HOLD,2148.2,1874.6,866.9,177.1,2.17,72.41,1,1.000,1,1.000,1,,0
253.82,253.82,UAV-1,RELAY,KILLED,LANDED,2168.4,1909.5,687.3,0.3,0.00,87.74,0,1.000,1,0.000,1,,0
253.82,253.82,UAV-2,SCOUT,ACTIVE,TRANSIT,2677.2,1998.4,775.8,71.9,12.35,71.93,1,1.000,2,0.000,1,,0
253.82,253.82,UAV-3,SCOUT,ACTIVE,TRANSIT,3429.6,2456.7,785.2,57.7,13.96,71.80,1,1.000,3,0.000,1,,0
253.82,253.82,UAV-4,SCOUT,ACTIVE,TRANSIT,1717.7,1729.1,783.2,109.6,11.28,71.15,1,1.000,3,0.001,1,POI-004,0
253.82,253.82,UAV-5,RELAY,ACTIVE,RELAY_HOLD,2151.0,1874.5,866.9,177.1,2.50,72.30,1,1.000,1,1.000,1,,0
254.82,254.82,UAV-1,RELAY,KILLED,LANDED,2168.4,1909.5,687.3,0.3,0.00,87.74,0,1.000,1,0.000,1,,0
254.82,254.82,UAV-2,SCOUT,ACTIVE,TRANSIT,2666.6,1992.1,774.6,72.0,12.45,71.81,1,1.000,2,0.000,1,,0
254.82,254.82,UAV-3,SCOUT,ACTIVE,TRANSIT,3417.5,2450.7,788.2,61.1,13.84,71.68,1,1.000,3,0.000,1,,0
254.82,254.82,UAV-4,SCOUT,ACTIVE,TRANSIT,1709.8,1730.6,778.7,105.2,9.12,71.05,1,1.000,3,0.020,1,POI-004,0
254.82,254.82,UAV-5,RELAY,ACTIVE,RELAY_HOLD,2156.3,1874.5,866.8,176.9,6.13,72.19,1,1.000,1,1.000,1,,0
255.82,255.82,UAV-1,RELAY,KILLED,LANDED,2168.4,1909.5,687.3,0.3,0.00,87.74,0,1.000,1,0.000,1,,0
255.82,255.82,UAV-2,SCOUT,ACTIVE,TRANSIT,2655.7,1986.1,773.5,71.9,12.47,71.68,1,1.000,2,0.000,1,,0
255.82,255.82,UAV-3,SCOUT,ACTIVE,TRANSIT,3405.2,2445.1,790.9,64.2,13.64,71.55,1,1.000,3,0.000,1,,0
255.82,255.82,UAV-4,SCOUT,ACTIVE,TRANSIT,1706.2,1732.1,768.9,95.5,12.25,70.98,1,1.000,3,0.013,1,POI-004,0
255.82,255.82,UAV-5,RELAY,ACTIVE,RELAY_HOLD,2159.2,1874.6,866.7,176.8,0.37,72.07,1,1.000,1,1.000,1,,0
256.84,256.84,UAV-1,RELAY,KILLED,LANDED,2168.4,1909.5,687.3,0.3,0.00,87.74,0,1.000,1,0.000,1,,0
256.84,256.84,UAV-2,SCOUT,ACTIVE,TRANSIT,2644.3,1980.5,772.5,71.4,12.50,71.56,1,1.000,2,0.000,1,,0
256.84,256.84,UAV-3,SCOUT,ACTIVE,TRANSIT,3392.6,2440.0,793.2,67.2,13.38,71.43,1,1.000,3,0.000,1,,0
256.84,256.84,UAV-4,SCOUT,ACTIVE,TRANSIT,1703.9,1733.4,755.1,81.8,15.01,70.90,1,1.000,3,0.003,1,POI-004,0
256.84,256.84,UAV-5,RELAY,ACTIVE,RELAY_HOLD,2157.4,1875.0,866.4,176.6,1.59,71.97,1,1.000,1,1.000,1,,0
257.86,257.86,UAV-1,RELAY,KILLED,LANDED,2168.4,1909.5,687.3,0.3,0.00,87.74,0,1.000,1,0.000,1,,0
257.86,257.86,UAV-2,SCOUT,ACTIVE,TRANSIT,2632.7,1975.4,771.7,71.0,12.54,71.44,1,1.000,2,0.000,1,,0
257.86,257.86,UAV-3,SCOUT,ACTIVE,TRANSIT,3380.0,2435.6,794.9,69.6,13.11,71.30,1,1.000,3,0.000,1,,0
257.86,257.86,UAV-4,SCOUT,ACTIVE,SURVEY,1702.3,1734.7,739.0,65.7,16.64,70.79,1,1.000,3,0.000,1,POI-004,0
257.86,257.86,UAV-5,RELAY,ACTIVE,RELAY_HOLD,2156.8,1875.0,866.8,177.0,3.95,71.85,1,1.000,1,1.000,1,,0
258.88,258.88,UAV-1,RELAY,KILLED,LANDED,2168.4,1909.5,687.3,0.3,0.00,87.74,0,1.000,1,0.000,1,,0
258.88,258.88,UAV-2,SCOUT,ACTIVE,TRANSIT,2620.7,1970.8,771.0,70.6,12.52,71.31,1,1.000,2,0.000,1,,0
258.88,258.88,UAV-3,SCOUT,ACTIVE,TRANSIT,3367.3,2432.1,796.2,71.4,12.52,71.18,1,1.000,3,0.000,1,,0
258.88,258.88,UAV-4,SCOUT,ACTIVE,SURVEY,1701.5,1735.9,721.6,48.3,17.51,70.68,1,1.000,3,0.000,1,POI-004,0
258.88,258.88,UAV-5,RELAY,ACTIVE,RELAY_HOLD,2152.2,1869.7,872.9,182.8,10.80,71.71,1,1.000,1,1.000,1,,0
259.90,259.90,UAV-1,RELAY,KILLED,LANDED,2168.4,1909.5,687.3,0.3,0.00,87.74,0,1.000,1,0.000,1,,0
259.90,259.90,UAV-2,SCOUT,ACTIVE,TRANSIT,2608.6,1966.8,770.4,70.4,12.54,71.19,1,1.000,2,0.000,1,,0
259.90,259.90,UAV-3,SCOUT,ACTIVE,TRANSIT,3355.8,2428.0,796.2,71.8,11.94,71.04,1,1.000,3,0.000,1,,0
259.90,259.90,UAV-4,SCOUT,ACTIVE,IDLE,1699.1,1736.7,707.3,34.1,8.19,70.55,1,1.000,3,0.000,1,,4
259.90,259.90,UAV-5,RELAY,ACTIVE,RELAY_HOLD,2147.4,1865.0,875.7,185.6,3.72,71.61,1,1.000,1,1.000,1,,0
260.92,260.92,UAV-1,RELAY,KILLED,LANDED,2168.4,1909.5,687.3,0.3,0.00,87.74,0,1.000,1,0.000,1,,0
260.92,260.92,UAV-2,SCOUT,ACTIVE,TRANSIT,2596.2,1963.5,769.9,70.2,12.60,71.07,1,1.000,2,0.000,1,,0
260.92,260.92,UAV-3,SCOUT,ACTIVE,TRANSIT,3345.1,2421.6,796.1,72.1,12.40,70.91,1,1.000,3,0.000,1,,0
260.92,260.92,UAV-4,SCOUT,ACTIVE,IDLE,1698.3,1736.6,704.6,31.5,0.32,70.42,1,1.000,3,0.001,1,,0
260.92,260.92,UAV-5,RELAY,ACTIVE,RELAY_HOLD,2146.4,1865.3,875.8,185.8,1.07,71.51,1,1.000,1,1.000,1,,0
261.94,261.94,UAV-1,RELAY,KILLED,LANDED,2168.4,1909.5,687.3,0.3,0.00,87.74,0,1.000,1,0.000,1,,0
261.94,261.94,UAV-2,SCOUT,ACTIVE,TRANSIT,2583.6,1960.9,769.6,70.2,12.62,70.94,1,1.000,2,0.000,1,,0
261.94,261.94,UAV-3,SCOUT,ACTIVE,TRANSIT,3334.5,2414.5,796.0,72.6,12.61,70.78,1,1.000,3,0.000,1,,0
261.94,261.94,UAV-4,SCOUT,ACTIVE,IDLE,1698.3,1736.5,704.6,31.5,0.18,70.32,1,1.000,3,0.000,1,,0
261.94,261.94,UAV-5,RELAY,ACTIVE,RELAY_HOLD,2146.8,1865.7,875.8,185.7,0.30,71.41,1,1.000,1,1.000,1,,0
262.96,262.96,UAV-1,RELAY,KILLED,LANDED,2168.4,1909.5,687.3,0.3,0.00,87.74,0,1.000,1,0.000,1,,0
262.96,262.96,UAV-2,SCOUT,ACTIVE,TRANSIT,2571.0,1958.7,769.3,70.2,12.24,70.81,1,1.000,2,0.000,1,,0
262.96,262.96,UAV-3,SCOUT,ACTIVE,TRANSIT,3323.7,2407.5,795.9,73.3,12.69,70.65,1,1.000,3,0.000,1,,0
262.96,262.96,UAV-4,SCOUT,ACTIVE,IDLE,1698.4,1736.4,704.7,31.6,0.13,70.22,1,1.000,3,0.000,1,,0
262.96,262.96,UAV-5,RELAY,ACTIVE,RELAY_HOLD,2147.0,1865.6,875.7,185.6,0.21,71.31,1,1.000,1,1.000,1,,0
263.98,263.98,UAV-1,RELAY,KILLED,LANDED,2168.4,1909.5,687.3,0.3,0.00,87.74,0,1.000,1,0.000,1,,0
263.98,263.98,UAV-2,SCOUT,ACTIVE,TRANSIT,2559.6,1954.2,769.0,70.1,12.17,70.67,1,1.000,2,0.000,1,,0
263.98,263.98,UAV-3,SCOUT,ACTIVE,TRANSIT,3312.5,2400.9,795.9,73.7,12.72,70.53,1,1.000,3,0.000,1,,0
263.98,263.98,UAV-4,SCOUT,ACTIVE,IDLE,1698.4,1736.3,704.8,31.6,0.09,70.13,1,1.000,3,0.000,1,,0
263.98,263.98,UAV-5,RELAY,ACTIVE,RELAY_HOLD,2146.1,1866.0,875.4,185.4,0.62,71.19,1,1.000,1,1.000,1,,0
265.00,265.00,UAV-1,RELAY,KILLED,LANDED,2168.4,1909.5,687.3,0.3,0.00,87.74,0,1.000,1,0.000,1,,0
265.00,265.00,UAV-2,SCOUT,ACTIVE,TRANSIT,2548.7,1947.9,768.8,70.1,12.48,70.55,1,1.000,2,0.000,1,,0
265.00,265.00,UAV-3,SCOUT,ACTIVE,TRANSIT,3301.1,2394.8,795.8,73.6,12.67,70.40,1,1.000,3,0.000,1,,0
265.00,265.00,UAV-4,SCOUT,ACTIVE,IDLE,1698.4,1736.2,704.9,31.7,0.06,70.03,1,1.000,3,0.000,1,,0
265.00,265.00,UAV-5,RELAY,ACTIVE,RELAY_HOLD,2147.7,1865.9,875.3,185.2,1.48,71.09,1,1.000,1,1.000,1,,0
266.02,266.02,UAV-1,RELAY,KILLED,LANDED,2168.4,1909.5,687.3,0.3,0.00,87.74,0,1.000,1,0.000,1,,0
266.02,266.02,UAV-2,SCOUT,ACTIVE,TRANSIT,2537.6,1941.4,768.6,70.2,12.62,70.42,1,1.000,2,0.000,1,,0
266.02,266.02,UAV-3,SCOUT,ACTIVE,TRANSIT,3289.4,2389.3,795.7,73.1,12.64,70.28,1,1.000,3,0.000,1,,0
266.02,266.02,UAV-4,SCOUT,ACTIVE,IDLE,1698.4,1736.2,704.9,31.7,0.04,69.93,1,1.000,3,0.000,1,,0
266.02,266.02,UAV-5,RELAY,ACTIVE,RELAY_HOLD,2148.5,1866.4,874.5,184.4,1.84,71.00,1,1.000,1,1.000,1,,0
267.04,267.04,UAV-1,RELAY,KILLED,LANDED,2168.4,1909.5,687.3,0.3,0.00,87.74,0,1.000,1,0.000,1,,0
267.04,267.04,UAV-2,SCOUT,ACTIVE,TRANSIT,2526.3,1935.2,768.4,70.0,12.68,70.29,1,1.000,2,0.000,1,,0
267.04,267.04,UAV-3,SCOUT,ACTIVE,TRANSIT,3277.5,2384.4,795.7,72.4,12.63,70.15,1,1.000,3,0.000,1,,0
267.04,267.04,UAV-4,SCOUT,ACTIVE,IDLE,1698.4,1736.1,704.9,31.7,0.03,69.84,1,1.000,3,0.000,1,,0
267.04,267.04,UAV-5,RELAY,ACTIVE,RELAY_HOLD,2148.9,1866.7,874.4,184.2,0.52,70.90,1,1.000,1,1.000,1,,0
268.06,268.06,UAV-1,RELAY,KILLED,LANDED,2168.4,1909.5,687.3,0.3,0.00,87.74,0,1.000,1,0.000,1,,0
268.06,268.06,UAV-2,STANDBY,RETURNING,RTH,2514.7,1929.5,768.2,69.7,12.64,70.17,1,1.000,2,0.000,1,,0
268.06,268.06,UAV-3,SCOUT,ACTIVE,TRANSIT,3265.3,2380.2,795.6,71.6,12.59,70.03,1,1.000,3,0.000,1,,0
268.06,268.06,UAV-4,SCOUT,ACTIVE,IDLE,1698.5,1736.1,704.9,31.7,0.02,69.74,1,1.000,3,0.000,1,,0
268.06,268.06,UAV-5,RELAY,ACTIVE,RELAY_HOLD,2149.7,1867.4,873.4,183.3,1.95,70.80,1,1.000,1,1.000,1,,0
269.08,269.08,UAV-1,RELAY,KILLED,LANDED,2168.4,1909.5,687.3,0.3,0.00,87.74,0,1.000,1,0.000,1,,0
269.08,269.08,UAV-2,STANDBY,RETURNING,RTH,2507.7,1927.1,773.0,74.5,8.89,70.02,1,1.000,2,0.000,1,,0
269.08,269.08,UAV-3,SCOUT,ACTIVE,TRANSIT,3253.0,2376.8,795.6,70.8,12.55,69.91,1,1.000,3,0.000,1,,0
269.08,269.08,UAV-4,SCOUT,ACTIVE,IDLE,1698.5,1736.1,704.9,31.8,0.02,69.65,1,1.000,3,0.000,1,,0
269.08,269.08,UAV-5,RELAY,ACTIVE,RELAY_HOLD,2150.0,1867.8,872.3,182.2,3.78,70.68,1,1.000,1,1.000,1,,0
270.10,270.10,UAV-1,RELAY,KILLED,LANDED,2168.4,1909.5,687.3,0.3,0.00,87.74,0,1.000,1,0.000,1,,0
270.10,270.10,UAV-2,STANDBY,RETURNING,RTH,2510.4,1927.8,785.3,86.8,11.84,69.87,1,1.000,2,0.000,1,,0
270.10,270.10,UAV-3,SCOUT,ACTIVE,TRANSIT,3240.5,2374.1,795.6,70.1,12.56,69.78,1,1.000,3,0.000,1,,0
270.10,270.10,UAV-4,SCOUT,ACTIVE,IDLE,1698.5,1736.1,704.9,31.8,0.01,69.55,1,1.000,3,0.000,1,,0
270.10,270.10,UAV-5,RELAY,ACTIVE,RELAY_HOLD,2149.2,1870.2,867.2,177.2,7.00,70.53,1,1.000,1,1.000,1,,0
271.12,271.12,UAV-1,RELAY,KILLED,LANDED,2168.4,1909.5,687.3,0.3,0.00,87.74,0,1.000,1,0.000,1,,0
271.12,271.12,UAV-2,STANDBY,RETURNING,RTH,2513.7,1929.6,792.0,93.6,4.45,69.74,1,1.000,2,0.000,1,,0
271.12,271.12,UAV-3,SCOUT,ACTIVE,TRANSIT,3228.3,2371.4,795.3,69.5,11.93,69.65,1,1.000,3,0.000,1,,0
271.12,271.12,UAV-4,SCOUT,ACTIVE,IDLE,1698.5,1736.1,704.9,31.8,0.00,69.45,1,1.000,3,0.000,1,,0
271.12,271.12,UAV-5,RELAY,ACTIVE,RELAY_HOLD,2147.7,1874.7,866.7,176.9,1.25,70.42,1,1.000,1,1.000,1,,0
272.14,272.14,UAV-1,RELAY,KILLED,LANDED,2168.4,1909.5,687.3,0.3,0.00,87.74,0,1.000,1,0.000,1,,0
272.14,272.14,UAV-2,STANDBY,RETURNING,RTH,2514.4,1933.4,793.2,95.0,5.14,69.62,1,1.000,2,0.000,1,,0
272.14,272.14,UAV-3,SCOUT,ACTIVE,TRANSIT,3217.3,2366.1,794.8,69.2,12.10,69.51,1,1.000,3,0.000,1,,0
272.14,272.14,UAV-4,SCOUT,ACTIVE,IDLE,1698.5,1736.1,704.9,31.8,0.00,69.36,1,1.000,3,0.000,1,,0
272.14,272.14,UAV-5,RELAY,ACTIVE,RELAY_HOLD,2148.1,1874.4,866.9,177.1,0.56,70.32,1,1.000,1,1.000,1,,0
273.16,273.16,UAV-1,RELAY,KILLED,LANDED,2168.4,1909.5,687.3,0.3,0.00,87.74,0,1.000,1,0.000,1,,0
273.16,273.16,UAV-2,STANDBY,RETURNING,RTH,2509.8,1938.3,793.9,96.1,8.27,69.49,1,1.000,2,0.000,1,,0
273.16,273.16,UAV-3,SCOUT,ACTIVE,TRANSIT,3206.8,2359.3,794.4,69.1,12.51,69.38,1,1.000,3,0.000,1,,0
273.16,273.16,UAV-4,STANDBY,RETURNING,RTH,1698.5,1736.1,704.9,31.8,0.00,69.26,1,1.000,3,0.000,1,,0
273.16,273.16,UAV-5,RELAY,ACTIVE,RELAY_HOLD,2148.2,1874.4,866.9,177.1,0.24,70.22,1,1.000,1,1.000,1,,0
274.18,274.18,UAV-1,RELAY,KILLED,LANDED,2168.4,1909.5,687.3,0.3,0.00,87.74,0,1.000,1,0.000,1,,0
274.18,274.18,UAV-2,STANDBY,RETURNING,RTH,2501.2,1942.9,794.7,97.2,10.68,69.37,1,1.000,2,0.000,1,,0
274.18,274.18,UAV-3,SCOUT,ACTIVE,TRANSIT,3196.0,2352.3,794.0,69.4,12.70,69.25,1,1.000,3,0.000,1,,0
274.18,274.18,UAV-4,STANDBY,RETURNING,RTH,1698.5,1736.1,711.1,37.9,11.39,69.11,1,1.000,3,0.000,1,,0
274.18,274.18,UAV-5,RELAY,ACTIVE,RELAY_HOLD,2148.9,1874.1,867.2,177.3,3.47,70.11,1,1.000,1,1.000,1,,0
275.20,275.20,UAV-1,RELAY,KILLED,LANDED,2168.4,1909.5,687.3,0.3,0.00,87.74,0,1.000,1,0.000,1,,0
275.20,275.20,UAV-2,STANDBY,RETURNING,RTH,2490.2,1946.9,795.5,98.1,12.06,69.25,1,1.000,2,0.000,1,,0
275.20,275.20,UAV-3,SCOUT,ACTIVE,TRANSIT,3184.9,2345.6,793.6,70.0,12.73,69.13,1,1.000,3,0.000,1,,0
275.20,275.20,UAV-4,STANDBY,RETURNING,RTH,1698.7,1736.2,726.9,53.7,18.54,68.95,1,1.000,3,0.000,1,,0
275.20,275.20,UAV-5,RELAY,ACTIVE,RELAY_HOLD,2155.9,1873.1,867.5,177.5,10.29,69.98,1,1.000,1,1.000,1,,0
276.22,276.22,UAV-1,RELAY,KILLED,LANDED,2168.4,1909.5,687.3,0.3,0.00,87.74,0,1.000,1,0.000,1,,0
276.22,276.22,UAV-2,STANDBY,RETURNING,RTH,2478.1,1950.7,796.2,99.2,12.74,69.12,1,1.000,2,0.000,1,,0
276.22,276.22,UAV-3,SCOUT,ACTIVE,TRANSIT,3173.5,2339.3,793.3,70.4,12.74,69.00,1,1.000,3,0.000,1,,0
276.22,276.22,UAV-4,STANDBY,RETURNING,RTH,1699.0,1736.2,747.2,74.0,20.62,68.81,1,1.000,3,0.000,1,,0
276.22,276.22,UAV-5,RELAY,ACTIVE,RELAY_HOLD,2166.9,1872.9,867.8,177.9,8.36,69.87,1,1.000,1,1.000,1,,0
277.24,277.24,UAV-1,RELAY,KILLED,LANDED,2168.4,1909.5,687.3,0.3,0.00,87.74,0,1.000,1,0.000,1,,0
277.24,277.24,UAV-2,STANDBY,RETURNING,RTH,2465.5,1954.1,797.0,100.2,12.99,69.00,1,1.000,2,0.000,1,,0
277.24,277.24,UAV-3,SCOUT,ACTIVE,TRANSIT,3161.8,2333.6,793.0,70.6,12.70,68.88,1,1.000,3,0.000,1,,0
277.24,277.24,UAV-4,STANDBY,RETURNING,RTH,1699.2,1736.5,765.6,92.4,12.59,68.67,1,1.000,3,0.030,1,,0
277.24,277.24,UAV-5,RELAY,ACTIVE,RELAY_HOLD,2171.7,1872.7,868.0,178.4,1.42,69.75,1,1.000,1,1.000,1,,0
278.26,278.26,UAV-1,RELAY,KILLED,LANDED,2168.4,1909.5,687.3,0.3,0.00,87.74,0,1.000,1,0.000,1,,0
278.26,278.26,UAV-2,STANDBY,RETURNING,RTH,2452.6,1957.4,797.8,101.3,13.11,68.88,1,1.000,2,0.000,1,,0
278.26,278.26,UAV-3,SCOUT,ACTIVE,TRANSIT,3150.0,2328.5,792.8,71.0,12.70,68.75,1,1.000,3,0.000,1,,0
278.26,278.26,UAV-4,STANDBY,RETURNING,RTH,1699.7,1738.1,773.4,100.2,3.99,68.54,1,1.000,3,0.040,1,,0
278.26,278.26,UAV-5,RELAY,ACTIVE,RELAY_HOLD,2170.0,1872.5,868.2,178.5,4.29,69.63,1,1.000,1,1.000,1,,0
279.28,279.28,UAV-1,RELAY,KILLED,LANDED,2168.4,1909.5,687.3,0.3,0.00,87.74,0,1.000,1,0.000,1,,0
279.28,279.28,UAV-2,STANDBY,RETURNING,RTH,2439.5,1960.4,798.5,102.4,13.14,68.75,1,1.000,2,0.000,1,,0
279.28,279.28,UAV-3,SCOUT,ACTIVE,TRANSIT,3137.8,2324.0,792.6,71.6,12.71,68.63,1,1.000,3,0.000,1,,0
279.28,279.28,UAV-4,STANDBY,RETURNING,RTH,1698.8,1741.8,774.6,101.6,5.97,68.40,1,1.000,3,0.019,1,,0
279.28,279.28,UAV-5,RELAY,ACTIVE,RELAY_HOLD,2167.1,1872.5,868.3,178.5,0.70,69.53,1,1.000,1,1.000,1,,0
280.30,280.30,UAV-1,RELAY,KILLED,LANDED,2168.4,1909.5,687.3,0.3,0.00,87.74,0,1.000,1,0.000,1,,0
280.30,280.30,UAV-2,STANDBY,RETURNING,RTH,2426.5,1963.2,799.2,103.3,13.11,68.63,0,0.360,0,0.000,1,,0
280.30,280.30,UAV-3,SCOUT,ACTIVE,TRANSIT,3125.4,2320.3,792.4,72.5,12.67,68.51,0,0.360,0,0.000,1,,0
280.30,280.30,UAV-4,STANDBY,RETURNING,RTH,1694.8,1749.3,774.7,102.0,10.40,68.26,0,0.360,0,0.140,1,,0
280.30,280.30,UAV-5,RELAY,ACTIVE,RELAY_HOLD,2167.0,1872.6,868.4,178.5,0.71,69.42,1,0.600,1,0.600,1,,0
281.32,281.32,UAV-1,RELAY,KILLED,LANDED,2168.4,1909.5,687.3,0.3,0.00,87.74,0,1.000,1,0.000,1,,0
281.32,281.32,UAV-2,STANDBY,RETURNING,RTH,2413.4,1965.9,799.8,104.0,13.01,68.51,0,0.360,0,0.000,1,,0
281.32,281.32,UAV-3,SCOUT,ACTIVE,TRANSIT,3112.8,2317.3,792.3,73.2,12.62,68.38,0,0.360,0,0.000,1,,0
281.32,281.32,UAV-4,STANDBY,RETURNING,RTH,1688.8,1759.9,774.7,102.4,13.17,68.12,0,0.360,0,0.225,1,,0
281.32,281.32,UAV-5,RELAY,ACTIVE,RELAY_HOLD,2164.9,1872.5,868.4,178.4,1.70,69.32,1,0.600,1,0.600,1,,0
282.34,282.34,UAV-1,RELAY,KILLED,LANDED,2168.4,1909.5,687.3,0.3,0.00,87.74,0,1.000,1,0.000,1,,0
282.34,282.34,UAV-2,STANDBY,RETURNING,RTH,2400.4,1968.3,800.3,104.5,12.93,68.38,0,0.360,0,0.000,1,,0
282.34,282.34,UAV-3,SCOUT,ACTIVE,TRANSIT,3100.5,2315.0,791.9,73.3,11.78,68.25,0,0.360,0,0.000,1,,0
282.34,282.34,UAV-4,STANDBY,RETURNING,RTH,1681.6,1772.2,774.7,102.2,14.54,67.99,0,0.360,0,0.252,1,,0
282.34,282.34,UAV-5,RELAY,ACTIVE,RELAY_HOLD,2164.5,1872.6,874.4,184.5,11.23,69.17,1,0.600,1,0.600,1,,0
283.36,283.36,UAV-1,RELAY,KILLED,LANDED,2168.4,1909.5,687.3,0.3,0.00,87.74,0,1.000,1,0.000,1,,0
283.36,283.36,UAV-2,STANDBY,RETURNING,RTH,2387.5,1970.5,800.9,105.2,12.84,68.26,0,0.360,0,0.000,1,,0
283.36,283.36,UAV-3,SCOUT,ACTIVE,TRANSIT,3089.6,2310.5,790.8,72.7,11.68,68.11,0,0.360,0,0.000,1,,0
283.36,283.36,UAV-4,STANDBY,RETURNING,RTH,1673.8,1785.2,774.7,101.5,15.13,67.85,1,0.508,1,0.441,1,,0
283.36,283.36,UAV-5,RELAY,ACTIVE,RELAY_HOLD,2164.9,1872.9,884.0,194.1,5.17,69.08,1,0.600,1,0.600,1,,0
284.38,284.38,UAV-1,RELAY,KILLED,LANDED,2168.4,1909.5,687.3,0.3,0.00,87.74,0,1.000,1,0.000,1,,0
284.38,284.38,UAV-2,STANDBY,RETURNING,RTH,2374.6,1972.5,801.3,106.1,12.82,68.14,0,0.360,0,0.000,1,,0
284.38,284.38,UAV-3,SCOUT,ACTIVE,TRANSIT,3079.3,2304.1,789.7,71.9,12.17,67.98,0,0.360,0,0.000,1,,0
284.38,284.38,UAV-4,STANDBY,RETURNING,RTH,1665.4,1798.3,774.6,101.3,15.35,67.72,1,0.598,1,0.585,1,,0
284.38,284.38,UAV-5,RELAY,ACTIVE,RELAY_HOLD,2164.8,1873.1,885.1,195.3,2.51,69.00,1,0.600,1,0.600,1,,0
285.40,285.40,UAV-1,RELAY,KILLED,LANDED,2168.4,1909.5,687.3,0.3,0.00,87.74,0,1.000,1,0.000,1,,0
285.40,285.40,UAV-2,STANDBY,RETURNING,RTH,2361.7,1974.2,801.7,107.1,12.74,68.02,0,0.360,0,0.000,1,,0
285.40,285.40,UAV-3,SCOUT,ACTIVE,TRANSIT,3068.9,2297.1,788.8,71.3,12.42,67.85,0,0.360,0,0.000,1,,0
285.40,285.40,UAV-4,STANDBY,RETURNING,RTH,1656.7,1811.3,774.5,101.6,15.32,67.58,1,0.582,1,0.582,1,,0
285.40,285.40,UAV-5,RELAY,ACTIVE,RELAY_HOLD,2164.3,1873.1,883.3,193.5,0.53,68.90,1,0.600,1,0.600,1,,0
286.42,286.42,UAV-1,RELAY,KILLED,LANDED,2168.4,1909.5,687.3,0.3,0.00,87.74,0,1.000,1,0.000,1,,0
286.42,286.42,UAV-2,STANDBY,RETURNING,RTH,2348.8,1975.6,802.0,107.8,12.67,67.89,0,0.360,0,0.000,1,,0
286.42,286.42,UAV-3,SCOUT,ACTIVE,TRANSIT,3058.2,2290.2,788.0,71.0,12.55,67.73,0,0.360,0,0.000,1,,0
286.42,286.42,UAV-4,STANDBY,RETURNING,RTH,1647.7,1824.1,774.4,101.8,15.21,67.45,1,0.600,1,0.600,1,,0
286.42,286.42,UAV-5,RELAY,ACTIVE,RELAY_HOLD,2164.2,1873.3,883.5,193.6,2.51,68.79,1,0.600,1,0.600,1,,0
287.44,287.44,UAV-1,RELAY,KILLED,LANDED,2168.4,1909.5,687.3,0.3,0.00,87.74,0,1.000,1,0.000,1,,0
287.44,287.44,UAV-2,STANDBY,RETURNING,RTH,2336.0,1976.8,802.2,108.2,12.65,67.77,0,0.360,0,0.000,1,,0
287.44,287.44,UAV-3,SCOUT,ACTIVE,TRANSIT,3047.1,2283.8,787.2,71.0,12.63,67.60,0,0.360,0,0.000,1,,0
287.44,287.44,UAV-4,STANDBY,RETURNING,RTH,1638.5,1836.5,774.4,101.6,15.11,67.32,1,0.600,1,0.600,1,,0
287.44,287.44,UAV-5,RELAY,ACTIVE,RELAY_HOLD,2166.1,1874.0,891.1,201.4,12.03,68.64,1,0.600,1,0.600,1,,0
288.46,288.46,UAV-1,RELAY,KILLED,LANDED,2168.4,1909.5,687.3,0.3,0.00,87.74,0,1.000,1,0.000,1,,0
288.46,288.46,UAV-2,STANDBY,RETURNING,RTH,2323.1,1977.8,802.4,108.6,12.65,67.65,0,0.360,0,0.000,1,,0
288.46,288.46,UAV-3,SCOUT,ACTIVE,TRANSIT,3035.7,2277.9,786.6,70.9,12.68,67.48,0,0.360,0,0.000,1,,0
288.46,288.46,UAV-4,STANDBY,RETURNING,RTH,1629.1,1848.6,774.3,101.9,15.05,67.19,1,0.600,1,0.600,1,,0
288.46,288.46,UAV-5,RELAY,ACTIVE,RELAY_HOLD,2172.0,1875.9,897.7,208.3,7.26,68.52,1,0.600,1,0.600,1,,0
289.48,289.48,UAV-1,RELAY,KILLED,LANDED,2168.4,1909.5,687.3,0.3,0.00,87.74,0,1.000,1,0.000,1,,0
289.48,289.48,UAV-2,STANDBY,RETURNING,RTH,2311.2,1977.0,802.0,108.7,11.30,67.51,0,0.360,0,0.000,1,,0
289.48,289.48,UAV-3,SCOUT,ACTIVE,TRANSIT,3023.9,2272.6,786.0,70.7,12.73,67.36,0,0.360,0,0.000,1,,0
289.48,289.48,UAV-4,STANDBY,RETURNING,RTH,1619.2,1860.3,774.2,102.6,14.99,67.06,1,0.600,1,0.600,1,,0
289.48,289.48,UAV-5,RELAY,ACTIVE,RELAY_HOLD,2179.3,1878.7,896.3,207.4,9.80,68.41,1,0.600,1,0.600,1,,0
290.50,290.50,UAV-1,RELAY,KILLED,LANDED,2168.4,1909.5,687.3,0.3,0.00,87.74,0,1.000,1,0.000,1,,0
290.50,290.50,UAV-2,STANDBY,RETURNING,RTH,2300.4,1972.8,801.5,108.8,11.48,67.37,0,0.360,0,0.000,1,,0
290.50,290.50,UAV-3,SCOUT,ACTIVE,TRANSIT,3011.7,2268.0,785.5,70.5,12.75,67.23,0,0.360,0,0.000,1,,0
290.50,290.50,UAV-4,STANDBY,RETURNING,RTH,1609.1,1871.8,774.1,103.4,14.91,66.93,1,0.600,1,0.600,1,,0
290.50,290.50,UAV-5,RELAY,ACTIVE,RELAY_HOLD,2187.4,1880.9,888.0,199.5,13.12,68.29,1,0.600,1,0.600,1,,0
291.52,291.52,UAV-1,RELAY,KILLED,LANDED,2168.4,1909.5,687.3,0.3,0.00,87.74,0,1.000,1,0.000,1,,0
291.52,291.52,UAV-2,STANDBY,RETURNING,RTH,2290.5,1966.2,801.0,108.6,12.01,67.23,0,0.360,0,0.000,1,,0
291.52,291.52,UAV-3,SCOUT,ACTIVE,TRANSIT,2999.3,2264.0,785.2,70.6,12.77,67.11,0,0.360,0,0.000,1,,0
291.52,291.52,UAV-4,STANDBY,RETURNING,RTH,1598.8,1882.7,774.0,104.1,14.73,66.81,1,0.600,1,0.600,1,,0
291.52,291.52,UAV-5,RELAY,ACTIVE,RELAY_HOLD,2193.8,1882.0,874.7,186.3,15.81,68.17,1,0.600,1,0.600,1,,0
292.54,292.54,UAV-1,RELAY,KILLED,LANDED,2168.4,1909.5,687.3,0.3,0.00,87.74,0,1.000,1,0.000,1,,0
292.54,292.54,UAV-2,STANDBY,RETURNING,RTH,2281.2,1957.8,800.5,108.4,12.46,67.09,0,0.360,0,0.000,1,,0
292.54,292.54,UAV-3,SCOUT,ACTIVE,TRANSIT,2986.7,2260.7,784.9,71.1,12.79,66.99,0,0.360,0,0.000,1,,0
292.54,292.54,UAV-4,STANDBY,RETURNING,RTH,1588.1,1893.3,774.0,104.7,14.58,66.68,1,0.600,1,0.600,1,,0
292.54,292.54,UAV-5,RELAY,ACTIVE,RELAY_HOLD,2195.9,1879.6,864.1,175.7,6.97,68.02,1,0.600,1,0.600,1,,0
293.56,293.56,UAV-1,RELAY,KILLED,LANDED,2168.4,1909.5,687.3,0.3,0.00,87.74,0,1.000,1,0.000,1,,0
293.56,293.56,UAV-2,STANDBY,RETURNING,RTH,2272.5,1948.4,800.1,108.5,12.74,66.95,0,0.360,0,0.000,1,,0
293.56,293.56,UAV-3,SCOUT,ACTIVE,TRANSIT,2973.9,2258.3,784.7,71.5,12.74,66.86,0,0.360,0,0.000,1,,0
293.56,293.56,UAV-4,STANDBY,RETURNING,RTH,1577.2,1903.2,773.9,105.1,14.33,66.55,1,0.600,1,0.600,1,,0
293.56,293.56,UAV-5,RELAY,ACTIVE,RELAY_HOLD,2190.2,1876.0,863.9,175.2,9.39,67.87,1,0.600,1,0.600,1,,0
294.58,294.58,UAV-1,RELAY,KILLED,LANDED,2168.4,1909.5,687.3,0.3,0.00,87.74,0,1.000,1,0.000,1,,0
294.58,294.58,UAV-2,STANDBY,RETURNING,RTH,2264.2,1938.2,799.6,109.0,13.00,66.80,0,0.360,0,0.000,1,,0
294.58,294.58,UAV-3,SCOUT,ACTIVE,TRANSIT,2961.9,2254.5,784.6,71.6,12.26,66.72,0,0.360,0,0.000,1,,0
294.58,294.58,UAV-4,STANDBY,RETURNING,RTH,1566.2,1912.5,773.8,105.4,14.09,66.43,1,0.600,1,0.600,1,,0
294.58,294.58,UAV-5,RELAY,ACTIVE,RELAY_HOLD,2181.1,1873.6,865.5,176.3,8.23,67.75,1,0.600,1,0.600,1,,0
295.60,295.60,UAV-1,RELAY,KILLED,LANDED,2168.4,1909.5,687.3,0.3,0.00,87.74,0,1.000,1,0.000,1,,0
295.60,295.60,UAV-2,STANDBY,RETURNING,RTH,2256.1,1927.6,799.2,109.7,13.21,66.66,0,0.360,0,0.000,1,,0
295.60,295.60,UAV-3,SCOUT,ACTIVE,TRANSIT,2950.8,2248.3,784.6,71.3,12.61,66.59,0,0.360,0,0.000,1,,0
295.60,295.60,UAV-4,STANDBY,RETURNING,RTH,1554.8,1921.1,773.8,106.2,13.88,66.30,1,0.600,1,0.600,1,,0
295.60,295.60,UAV-5,RELAY,ACTIVE,RELAY_HOLD,2173.6,1873.5,862.4,172.9,8.73,67.61,1,0.600,1,0.600,1,,0
296.62,296.62,UAV-1,RELAY,KILLED,LANDED,2168.4,1909.5,687.3,0.3,0.00,87.74,0,1.000,1,0.000,1,,0
296.62,296.62,UAV-2,STANDBY,RETURNING,RTH,2248.2,1916.6,798.9,109.9,13.31,66.52,0,0.360,0,0.000,1,,0
296.62,296.62,UAV-3,SCOUT,ACTIVE,TRANSIT,2939.9,2241.3,784.6,70.9,12.90,66.46,0,0.360,0,0.000,1,,0
296.62,296.62,UAV-4,STANDBY,RETURNING,RTH,1543.0,1928.8,773.7,107.6,13.68,66.18,1,0.600,1,0.600,1,,0
296.62,296.62,UAV-5,RELAY,ACTIVE,RELAY_HOLD,2164.1,1877.6,862.2,172.7,12.19,67.47,1,0.600,1,0.600,1,,0
297.64,297.64,UAV-1,RELAY,KILLED,LANDED,2168.4,1909.5,687.3,0.3,0.00,87.74,0,1.000,1,0.000,1,,0
297.64,297.64,UAV-2,STANDBY,RETURNING,RTH,2240.1,1905.7,798.5,109.7,13.30,66.39,0,0.360,0,0.011,1,,0
297.64,297.64,UAV-3,SCOUT,ACTIVE,TRANSIT,2928.7,2234.3,784.6,70.9,12.98,66.33,0,0.360,0,0.000,1,,0
297.64,297.64,UAV-4,STANDBY,RETURNING,RTH,1530.9,1935.5,773.7,109.0,13.43,66.06,1,0.600,1,0.600,1,,0
297.64,297.64,UAV-5,RELAY,ACTIVE,RELAY_HOLD,2152.2,1880.3,865.6,176.0,11.34,67.34,1,0.600,1,0.600,1,,0
298.66,298.66,UAV-1,RELAY,KILLED,LANDED,2168.4,1909.5,687.3,0.3,0.00,87.74,0,1.000,1,0.000,1,,0
298.66,298.66,UAV-2,STANDBY,RETURNING,RTH,2231.8,1895.1,798.2,109.4,13.14,66.26,0,0.360,0,0.211,1,,0
298.66,298.66,UAV-3,SCOUT,ACTIVE,TRANSIT,2917.3,2227.7,784.5,70.8,12.88,66.21,0,0.360,0,0.000,1,,0
298.66,298.66,UAV-4,STANDBY,RETURNING,RTH,1518.6,1941.2,773.7,109.8,13.13,65.94,1,0.600,1,0.600,1,,0
298.66,298.66,UAV-5,RELAY,ACTIVE,RELAY_HOLD,2144.1,1883.0,863.8,174.4,6.13,67.22,1,0.600,1,0.600,1,,0
299.68,299.68,UAV-1,RELAY,KILLED,LANDED,2168.4,1909.5,687.3,0.3,0.00,87.74,0,1.000,1,0.000,1,,0
299.68,299.68,UAV-2,STANDBY,RETURNING,RTH,2223.3,1884.8,797.8,109.2,13.02,66.12,1,0.563,1,0.558,1,,0
299.68,299.68,UAV-3,SCOUT,ACTIVE,TRANSIT,2905.6,2221.6,784.5,70.4,12.83,66.08,0,0.360,0,0.000,1,,0
299.68,299.68,UAV-4,STANDBY,RETURNING,RTH,1506.1,1945.5,773.6,110.1,12.85,65.81,1,0.600,1,0.600,1,,0
299.68,299.68,UAV-5,RELAY,ACTIVE,RELAY_HOLD,2139.0,1883.4,862.6,173.3,5.11,67.09,1,0.600,1,0.600,1,,0
300.70,300.70,UAV-1,RELAY,KILLED,LANDED,2168.4,1909.5,687.3,0.3,0.00,87.74,0,1.000,1,0.000,1,,0
300.70,300.70,UAV-2,STANDBY,RETURNING,RTH,2214.5,1875.0,797.6,108.8,12.88,65.99,1,0.600,1,0.600,1,,0
300.70,300.70,UAV-3,STANDBY,RETURNING,RTH,2893.8,2216.2,784.5,69.7,12.73,65.96,0,0.360,0,0.000,1,,0
300.70,300.70,UAV-4,STANDBY,RETURNING,RTH,1494.4,1950.7,773.7,110.0,12.66,65.67,1,0.600,1,0.600,1,,0
300.70,300.70,UAV-5,RELAY,ACTIVE,RELAY_HOLD,2138.8,1881.3,858.9,169.5,5.85,66.95,1,0.600,1,0.600,1,,0
301.72,301.72,UAV-1,RELAY,KILLED,LANDED,2168.4,1909.5,687.3,0.3,0.00,87.74,0,1.000,1,0.000,1,,0
301.72,301.72,UAV-2,STANDBY,RETURNING,RTH,2205.5,1865.5,797.3,108.0,12.74,65.86,1,0.600,1,0.600,1,,0
301.72,301.72,UAV-3,STANDBY,RETURNING,RTH,2886.5,2214.0,789.5,74.5,9.08,65.80,0,0.360,0,0.000,1,,0
301.72,301.72,UAV-4,STANDBY,RETURNING,RTH,1484.0,1958.9,773.7,109.6,13.57,65.53,1,0.600,1,0.600,1,,0
301.72,301.72,UAV-5,RELAY,ACTIVE,RELAY_HOLD,2144.1,1879.2,855.4,165.8,8.51,66.81,1,0.600,1,0.600,1,,0
302.74,302.74,UAV-1,RELAY,KILLED,LANDED,2168.4,1909.5,687.3,0.3,0.00,87.74,0,1.000,1,0.000,1,,0
302.74,302.74,UAV-2,STANDBY,RETURNING,RTH,2196.2,1856.4,797.1,106.8,12.73,65.73,1,0.600,1,0.600,1,,0
302.74,302.74,UAV-3,STANDBY,RETURNING,RTH,2889.2,2214.5,801.8,86.9,11.54,65.66,0,0.360,0,0.000,1,,0
302.74,302.74,UAV-4,STANDBY,RETURNING,RTH,1474.3,1969.5,773.7,109.1,14.44,65.39,1,0.600,1,0.600,1,,0
302.74,302.74,UAV-5,RELAY,ACTIVE,RELAY_HOLD,2155.2,1882.9,853.8,164.5,13.51,66.68,1,0.600,1,0.600,1,,0
303.76,303.76,UAV-1,RELAY,KILLED,LANDED,2168.4,1909.5,687.3,0.3,0.00,87.74,0,1.000,1,0.000,1,,0
303.76,303.76,UAV-2,STANDBY,RETURNING,RTH,2186.5,1847.8,796.9,105.6,12.67,65.60,1,0.600,1,0.600,1,,0
303.76,303.76,UAV-3,STANDBY,RETURNING,RTH,2892.6,2214.6,808.2,93.4,3.66,65.53,0,0.360,0,0.000,1,,0
303.76,303.76,UAV-4,STANDBY,RETURNING,RTH,1465.2,1981.5,773.7,108.7,15.08,65.25,1,0.600,1,0.600,1,,0
303.76,303.76,UAV-5,RELAY,ACTIVE,RELAY_HOLD,2165.2,1885.6,853.8,164.9,7.05,66.54,1,0.600,1,0.600,1,,0
304.78,304.78,UAV-1,RELAY,KILLED,LANDED,2168.4,1909.5,687.3,0.3,0.00,87.74,0,1.000,1,0.000,1,,0
304.78,304.78,UAV-2,STANDBY,RETURNING,RTH,2176.5,1839.7,796.7,104.9,12.55,65.47,1,0.600,1,0.600,1,,0
304.78,304.78,UAV-3,STANDBY,RETURNING,RTH,2893.9,2212.4,808.9,93.9,4.02,65.39,0,0.360,0,0.000,1,,0
304.78,304.78,UAV-4,STANDBY,RETURNING,RTH,1456.5,1994.5,773.7,108.8,15.43,65.11,1,0.600,1,0.600,1,,0
304.78,304.78,UAV-5,RELAY,ACTIVE,RELAY_HOLD,2169.1,1884.6,853.7,164.9,1.29,66.42,1,0.600,1,0.600,1,,0
305.80,305.80,UAV-1,RELAY,KILLED,LANDED,2168.4,1909.5,687.3,0.3,0.00,87.74,0,1.000,1,0.000,1,,0
305.80,305.80,UAV-2,STANDBY,RETURNING,RTH,2166.3,1832.2,796.5,104.9,12.46,65.35,1,0.600,1,0.600,1,,0
305.80,305.80,UAV-3,STANDBY,RETURNING,RTH,2891.5,2206.5,808.9,93.6,8.27,65.25,0,0.360,0,0.000,1,,0
305.80,305.80,UAV-4,STANDBY,RETURNING,RTH,1448.3,2008.0,773.7,109.8,15.63,64.97,1,0.600,1,0.600,1,,0
305.80,305.80,UAV-5,RELAY,ACTIVE,RELAY_HOLD,2166.8,1884.3,853.7,164.8,4.83,66.29,1,0.600,1,0.600,1,,0
306.82,306.82,UAV-1,RELAY,KILLED,LANDED,2168.4,1909.5,687.3,0.3,0.00,87.74,0,1.000,1,0.000,1,,0
306.82,306.82,UAV-2,STANDBY,RETURNING,RTH,2155.6,1825.3,796.3,105.4,12.41,65.22,1,0.600,1,0.600,1,,0
306.82,306.82,UAV-3,STANDBY,RETURNING,RTH,2886.5,2197.9,809.0,93.5,10.91,65.11,0,0.360,0,0.000,1,,0
306.82,306.82,UAV-4,STANDBY,RETURNING,RTH,1440.1,2021.8,773.7,111.3,15.75,64.83,1,0.600,1,0.600,1,,0
306.82,306.82,UAV-5,RELAY,ACTIVE,RELAY_HOLD,2161.2,1884.7,853.7,164.6,3.32,66.19,1,0.600,1,0.600,1,,0
307.84,307.84,UAV-1,RELAY,KILLED,LANDED,2168.4,1909.5,687.3,0.3,0.00,87.74,0,1.000,1,0.000,1,,0
307.84,307.84,UAV-2,STANDBY,RETURNING,RTH,2144.6,1819.0,796.2,106.0,12.38,65.10,1,0.600,1,0.600,1,,0
307.84,307.84,UAV-3,STANDBY,RETURNING,RTH,2879.9,2188.0,809.2,93.7,12.19,64.97,0,0.360,0,0.000,1,,0
307.84,307.84,UAV-4,STANDBY,RETURNING,RTH,1431.8,2035.5,773.7,112.2,15.69,64.70,1,0.600,1,0.600,1,,0
307.84,307.84,UAV-5,RELAY,ACTIVE,RELAY_HOLD,2160.4,1884.7,853.6,164.6,0.24,66.09,1,0.600,1,0.600,1,,0
308.86,308.86,UAV-1,RELAY,KILLED,LANDED,2168.4,1909.5,687.3,0.3,0.00,87.74,0,1.000,1,0.000,1,,0
308.86,308.86,UAV-2,STANDBY,RETURNING,RTH,2133.3,1813.6,796.1,106.8,12.36,64.97,1,0.600,1,0.600,1,,0
308.86,308.86,UAV-3,STANDBY,RETURNING,RTH,2872.2,2177.9,809.5,94.5,12.78,64.84,0,0.360,0,0.000,1,,0
308.86,308.86,UAV-4,STANDBY,RETURNING,RTH,1423.2,2048.9,773.7,112.7,15.56,64.56,1,0.600,1,0.600,1,,0
308.86,308.86,UAV-5,RELAY,ACTIVE,RELAY_HOLD,2160.4,1884.7,853.6,164.6,0.10,65.99,1,0.600,1,0.600,1,,0
309.88,309.88,UAV-1,RELAY,KILLED,LANDED,2168.4,1909.5,687.3,0.3,0.00,87.74,0,1.000,1,0.000,1,,0
309.88,309.88,UAV-2,STANDBY,RETURNING,RTH,2121.5,1809.0,796.0,107.7,12.36,64.85,1,0.600,1,0.600,1,,0
309.88,309.88,UAV-3,STANDBY,RETURNING,RTH,2863.6,2167.9,809.8,95.5,13.01,64.71,0,0.360,0,0.000,1,,0
309.88,309.88,UAV-4,STANDBY,RETURNING,RTH,1414.4,2062.1,773.7,113.0,15.46,64.43,1,0.600,1,0.600,1,,0
309.88,309.88,UAV-5,RELAY,ACTIVE,RELAY_HOLD,2160.3,1884.8,853.6,164.6,0.08,65.89,1,0.600,1,0.600,1,,0
310.90,310.90,UAV-1,RELAY,KILLED,LANDED,2168.4,1909.5,687.3,0.3,0.00,87.74,0,1.000,1,0.000,1,,0
310.90,310.90,UAV-2,STANDBY,RETURNING,RTH,2109.5,1805.4,796.0,108.7,12.25,64.73,1,0.600,1,0.600,1,,0
310.90,310.90,UAV-3,STANDBY,RETURNING,RTH,2854.5,2158.2,810.0,96.2,12.99,64.57,0,0.360,0,0.000,1,,0
310.90,310.90,UAV-4,STANDBY,RETURNING,RTH,1405.5,2074.9,773.7,112.9,15.28,64.30,1,0.600,1,0.600,1,,0
310.90,310.90,UAV-5,RELAY,ACTIVE,RELAY_HOLD,2160.3,1884.8,853.6,164.6,0.05,65.80,1,0.600,1,0.600,1,,0
311.92,311.92,UAV-1,RELAY,KILLED,LANDED,2168.4,1909.5,687.3,0.3,0.00,87.74,0,1.000,1,0.000,1,,0
311.92,311.92,UAV-2,STANDBY,RETURNING,RTH,2097.5,1802.6,795.8,109.2,11.69,64.60,1,0.600,1,0.600,1,,0
311.92,311.92,UAV-3,STANDBY,RETURNING,RTH,2845.1,2148.9,810.3,96.8,12.98,64.44,0,0.360,0,0.000,1,,0
311.92,311.92,UAV-4,STANDBY,RETURNING,RTH,1396.3,2087.5,773.7,112.5,15.17,64.17,1,0.600,1,0.600,1,,0
311.92,311.92,UAV-5,RELAY,ACTIVE,RELAY_HOLD,2160.2,1884.8,853.6,164.6,0.05,65.70,1,0.600,1,0.600,1,,0
312.94,312.94,UAV-1,RELAY,KILLED,LANDED,2168.4,1909.5,687.3,0.3,0.00,87.74,0,1.000,1,0.000,1,,0
312.94,312.94,UAV-2,STANDBY,RETURNING,RTH,2086.7,1797.8,795.1,108.8,11.73,64.46,1,0.600,1,0.600,1,,0
312.94,312.94,UAV-3,STANDBY,RETURNING,RTH,2835.3,2139.9,810.6,97.3,13.05,64.31,0,0.360,0,0.000,1,,0
312.94,312.94,UAV-4,STANDBY,RETURNING,RTH,1386.9,2099.7,773.7,112.0,15.04,64.04,1,0.600,1,0.600,1,,0
312.94,312.94,UAV-5,RELAY,ACTIVE,RELAY_HOLD,2160.2,1884.8,853.6,164.6,0.02,65.61,1,0.600,1,0.600,1,,0
313.96,313.96,UAV-1,RELAY,KILLED,LANDED,2168.4,1909.5,687.3,0.3,0.00,87.74,0,1.000,1,0.000,1,,0
313.96,313.96,UAV-2,STANDBY,RETURNING,RTH,2076.8,1790.8,794.5,108.2,12.08,64.32,1,0.600,1,0.600,1,,0
313.96,313.96,UAV-3,STANDBY,RETURNING,RTH,2825.3,2131.2,810.8,97.9,12.92,64.18,0,0.360,0,0.000,1,,0
313.96,313.96,UAV-4,STANDBY,RETURNING,RTH,1377.2,2111.4,773.7,112.0,14.86,63.91,1,0.600,1,0.600,1,,0
313.96,313.96,UAV-5,RELAY,ACTIVE,RELAY_HOLD,2160.2,1884.8,853.6,164.6,0.02,65.51,1,0.600,1,0.600,1,,0
314.98,314.98,UAV-1,RELAY,KILLED,LANDED,2168.4,1909.5,687.3,0.3,0.00,87.74,0,1.000,1,0.000,1,,0
314.98,314.98,UAV-2,STANDBY,RETURNING,RTH,2067.5,1782.6,793.9,107.5,12.36,64.18,1,0.600,1,0.600,1,,0
314.98,314.98,UAV-3,STANDBY,RETURNING,RTH,2815.1,2123.0,811.1,98.3,12.80,64.06,0,0.360,0,0.000,1,,0
314.98,314.98,UAV-4,STANDBY,RETURNING,RTH,1367.3,2122.8,773.7,112.2,14.66,63.78,1,0.600,1,0.600,1,,0
314.98,314.98,UAV-5,RELAY,ACTIVE,RELAY_HOLD,2160.2,1884.8,853.6,164.6,0.02,65.41,1,0.600,1,0.600,1,,0
316.00,316.00,UAV-1,RELAY,KILLED,LANDED,2168.4,1909.5,687.3,0.3,0.00,87.74,0,1.000,1,0.000,1,,0
316.00,316.00,UAV-2,STANDBY,RETURNING,RTH,2058.1,1774.0,793.3,106.7,12.49,64.05,1,0.600,1,0.600,1,,0
316.00,316.00,UAV-3,STANDBY,RETURNING,RTH,2804.8,2115.1,811.3,98.4,12.74,63.93,0,0.360,0,0.000,1,,0
316.00,316.00,UAV-4,STANDBY,RETURNING,RTH,1357.1,2133.5,773.7,112.2,14.43,63.65,1,0.600,1,0.600,1,,0
316.00,316.00,UAV-5,RELAY,ACTIVE,RELAY_HOLD,2160.2,1884.8,853.6,164.6,0.01,65.32,1,0.600,1,0.600,1,,0
317.02,317.02,UAV-1,RELAY,KILLED,LANDED,2168.4,1909.5,687.3,0.3,0.00,87.74,0,1.000,1,0.000,1,,0
317.02,317.02,UAV-2,STANDBY,RETURNING,RTH,2048.6,1765.6,792.8,105.9,12.51,63.92,1,0.600,1,0.600,1,,0
317.02,317.02,UAV-3,STANDBY,RETURNING,RTH,2794.2,2107.6,811.5,98.7,12.66,63.80,0,0.360,0,0.000,1,,0
317.02,317.02,UAV-4,STANDBY,RETURNING,RTH,1346.6,2143.7,773.7,111.8,14.19,63.53,1,0.600,1,0.600,1,,0
317.02,317.02,UAV-5,RELAY,ACTIVE,RELAY_HOLD,2160.1,1884.8,853.6,164.6,0.01,65.22,1,0.600,1,0.600,1,,0
318.04,318.04,UAV-1,RELAY,KILLED,LANDED,2168.4,1909.5,687.3,0.3,0.00,87.74,0,1.000,1,0.000,1,,0
318.04,318.04,UAV-2,STANDBY,RETURNING,RTH,2038.7,1757.4,792.3,105.4,12.53,63.80,1,0.600,1,0.600,1,,0
318.04,318.04,UAV-3,STANDBY,RETURNING,RTH,2783.4,2100.5,811.7,99.0,12.63,63.67,0,0.360,0,0.000,1,,0
318.04,318.04,UAV-4,STANDBY,RETURNING,RTH,1335.8,2153.2,773.7,111.3,13.98,63.40,1,0.600,1,0.600,1,,0
318.04,318.04,UAV-5,RELAY,ACTIVE,RELAY_HOLD,2160.1,1884.8,853.6,164.6,0.01,65.12,1,0.600,1,0.600,1,,0
319.06,319.06,UAV-1,RELAY,KILLED,LANDED,2168.4,1909.5,687.3,0.3,0.00,87.74,0,1.000,1,0.000,1,,0
319.06,319.06,UAV-2,STANDBY,RETURNING,RTH,2028.7,1749.6,791.8,105.4,12.53,63.67,1,0.600,1,0.600,1,,0
319.06,319.06,UAV-3,STANDBY,RETURNING,RTH,2772.4,2094.0,811.9,99.5,12.59,63.55,0,0.360,0,0.000,1,,0
319.06,319.06,UAV-4,STANDBY,RETURNING,RTH,1324.6,2161.8,773.7,110.7,13.79,63.28,1,0.600,1,0.600,1,,0
319.06,319.06,UAV-5,RELAY,ACTIVE,RELAY_HOLD,2160.1,1884.8,853.6,164.6,0.00,65.03,1,0.600,1,0.600,1,,0
320.08,320.08,UAV-1,RELAY,KILLED,LANDED,2168.4,1909.5,687.3,0.3,0.00,87.74,0,1.000,1,0.000,1,,0
320.08,320.08,UAV-2,STANDBY,RETURNING,RTH,2018.3,1742.1,791.4,105.6,12.57,63.54,1,0.600,1,0.600,1,,0
320.08,320.08,UAV-3,STANDBY,RETURNING,RTH,2761.0,2088.0,812.0,100.4,12.62,63.42,0,0.360,0,0.000,1,,0
320.08,320.08,UAV-4,STANDBY,RETURNING,RTH,1312.8,2169.3,773.7,110.1,13.61,63.15,1,0.600,1,0.600,1,,0
320.08,320.08,UAV-5,RELAY,ACTIVE,RELAY_HOLD,2160.1,1884.8,853.6,164.6,0.01,64.93,1,0.600,1,0.600,1,,0
321.10,321.10,UAV-1,RELAY,KILLED,LANDED,2168.4,1909.5,687.3,0.3,0.00,87.74,0,1.000,1,0.000,1,,0
321.10,321.10,UAV-2,STANDBY,RETURNING,RTH,2007.7,1734.9,791.0,106.1,12.54,63.41,1,0.600,1,0.600,1,,0
321.10,321.10,UAV-3,STANDBY,RETURNING,RTH,2749.3,2082.7,812.1,101.5,12.56,63.30,0,0.360,0,0.000,1,,0
321.10,321.10,UAV-4,STANDBY,RETURNING,RTH,1300.7,2175.7,773.8,109.7,13.30,63.03,1,0.600,1,0.600,1,,0
321.10,321.10,UAV-5,RELAY,ACTIVE,RELAY_HOLD,2160.1,1884.8,853.6,164.6,0.01,64.83,1,0.600,1,0.600,1,,0
322.12,322.12,UAV-1,RELAY,KILLED,LANDED,2168.4,1909.5,687.3,0.3,0.00,87.74,0,1.000,1,0.000,1,,0
322.12,322.12,UAV-2,STANDBY,RETURNING,RTH,1996.9,1728.1,790.6,106.5,12.46,63.29,1,0.600,1,0.600,1,,0
322.12,322.12,UAV-3,STANDBY,RETURNING,RTH,2737.4,2078.0,812.3,102.7,12.47,63.18,0,0.360,0,0.000,1,,0
322.12,322.12,UAV-4,STANDBY,RETURNING,RTH,1288.3,2180.8,773.8,109.5,12.97,62.91,1,0.600,1,0.600,1,,0
322.12,322.12,UAV-5,RELAY,ACTIVE,RELAY_HOLD,2160.1,1884.8,853.6,164.6,0.01,64.74,1,0.600,1,0.600,1,,0
323.14,323.14,UAV-1,RELAY,KILLED,LANDED,2168.4,1909.5,687.3,0.3,0.00,87.74,0,1.000,1,0.000,1,,0
323.14,323.14,UAV-2,STANDBY,RETURNING,RTH,1986.0,1721.6,790.3,106.9,12.47,63.16,1,0.599,1,0.562,1,,0
323.14,323.14,UAV-3,STANDBY,RETURNING,RTH,2725.4,2074.0,812.3,103.9,12.48,63.05,0,0.360,0,0.000,1,,0
323.14,323.14,UAV-4,STANDBY,RETURNING,RTH,1276.5,2185.5,773.0,108.7,12.46,62.78,1,0.600,1,0.600,1,,0
323.14,323.14,UAV-5,RELAY,ACTIVE,RELAY_HOLD,2160.1,1884.8,853.6,164.6,0.01,64.64,1,0.600,1,0.600,1,,0
324.16,324.16,UAV-1,RELAY,KILLED,LANDED,2168.4,1909.5,687.3,0.3,0.00,87.74,0,1.000,1,0.000,1,,0
324.16,324.16,UAV-2,STANDBY,RETURNING,RTH,1974.8,1715.5,790.0,107.4,12.55,63.04,0,0.476,0,0.569,1,,0
324.16,324.16,UAV-3,STANDBY,RETURNING,RTH,2713.0,2070.8,812.4,105.2,12.56,62.93,0,0.360,0,0.000,1,,0
324.16,324.16,UAV-4,STANDBY,RETURNING,RTH,1265.3,2192.2,771.9,107.8,13.10,62.65,1,0.600,1,0.600,1,,0
324.16,324.16,UAV-5,RELAY,ACTIVE,RELAY_HOLD,2160.1,1884.8,853.6,164.6,0.00,64.54,1,0.600,1,0.600,1,,0
325.18,325.18,UAV-1,RELAY,KILLED,LANDED,2168.4,1909.5,687.3,0.3,0.00,87.74,0,1.000,1,0.000,1,,0
325.18,325.18,UAV-2,STANDBY,RETURNING,RTH,1963.3,1709.9,789.7,108.0,12.55,62.91,0,0.489,0,0.523,1,,0
325.18,325.18,UAV-3,STANDBY,RETURNING,RTH,2700.4,2068.3,812.4,106.6,12.44,62.81,0,0.360,0,0.000,1,,0
325.18,325.18,UAV-4,STANDBY,RETURNING,RTH,1253.9,2199.3,770.8,107.2,13.36,62.53,1,0.600,1,0.600,1,,0
325.18,325.18,UAV-5,RELAY,ACTIVE,RELAY_HOLD,2160.1,1884.8,853.6,164.6,0.00,64.45,1,0.600,1,0.600,1,,0
326.20,326.20,UAV-1,RELAY,KILLED,LANDED,2168.4,1909.5,687.3,0.3,0.00,87.74,0,1.000,1,0.000,1,,0
326.20,326.20,UAV-2,STANDBY,RETURNING,RTH,1951.6,1704.8,789.5,108.8,12.50,62.79,0,0.360,0,0.292,1,,0
326.20,326.20,UAV-3,STANDBY,RETURNING,RTH,2687.9,2066.5,812.1,107.8,12.38,62.68,0,0.360,0,0.000,1,,0
326.20,326.20,UAV-4,STANDBY,RETURNING,RTH,1242.1,2206.2,769.8,106.6,13.37,62.41,1,0.600,1,0.600,1,,0
326.20,326.20,UAV-5,RELAY,ACTIVE,RELAY_HOLD,2160.1,1884.8,853.6,164.6,0.00,64.35,1,0.600,1,0.600,1,,0
327.22,327.22,UAV-1,RELAY,KILLED,LANDED,2168.4,1909.5,687.3,0.3,0.00,87.74,0,1.000,1,0.000,1,,0
327.22,327.22,UAV-2,STANDBY,RETURNING,RTH,1939.7,1700.2,789.3,109.4,12.42,62.66,0,0.360,0,0.349,1,,0
327.22,327.22,UAV-3,STANDBY,RETURNING,RTH,2675.4,2064.9,811.7,109.1,12.38,62.56,0,0.360,0,0.000,1,,0
327.22,327.22,UAV-4,STANDBY,RETURNING,RTH,1230.3,2212.8,768.8,106.3,13.33,62.28,1,0.600,1,0.600,1,,0
327.22,327.22,UAV-5,RELAY,ACTIVE,RELAY_HOLD,2160.1,1884.9,853.6,164.6,0.00,64.25,1,0.600,1,0.600,1,,0
328.24,328.24,UAV-1,RELAY,KILLED,LANDED,2168.4,1909.5,687.3,0.3,0.00,87.74,0,1.000,1,0.000,1,,0
328.24,328.24,UAV-2,STANDBY,RETURNING,RTH,1927.8,1696.1,789.1,109.7,12.40,62.54,0,0.360,0,0.208,1,,0
328.24,328.24,UAV-3,STANDBY,RETURNING,RTH,2662.9,2063.3,811.4,110.0,12.39,62.44,0,0.360,0,0.000,1,,0
328.24,328.24,UAV-4,STANDBY,RETURNING,RTH,1218.3,2219.1,767.9,106.4,13.32,62.16,1,0.600,1,0.600,1,,0
328.24,328.24,UAV-5,RELAY,ACTIVE,RELAY_HOLD,2160.1,1884.9,853.6,164.6,0.01,64.16,1,0.600,1,0.600,1,,0
329.26,329.26,UAV-1,RELAY,KILLED,LANDED,2168.4,1909.5,687.3,0.3,0.00,87.74,0,1.000,1,0.000,1,,0
329.26,329.26,UAV-2,STANDBY,RETURNING,RTH,1915.6,1692.6,788.9,109.6,12.38,62.42,0,0.360,0,0.238,1,,0
329.26,329.26,UAV-3,STANDBY,RETURNING,RTH,2650.3,2061.9,811.1,110.6,12.38,62.32,0,0.360,0,0.000,1,,0
329.26,329.26,UAV-4,STANDBY,RETURNING,RTH,1206.1,2225.1,767.1,106.7,13.25,62.04,1,0.600,1,0.600,1,,0
329.26,329.26,UAV-5,RELAY,ACTIVE,RELAY_HOLD,2160.1,1884.8,853.6,164.6,0.00,64.06,1,0.600,1,0.600,1,,0
330.28,330.28,UAV-1,RELAY,KILLED,LANDED,2168.4,1909.5,687.3,0.3,0.00,87.74,0,1.000,1,0.000,1,,0
330.28,330.28,UAV-2,STANDBY,RETURNING,RTH,1903.4,1689.6,788.8,109.3,12.38,62.29,0,0.000,0,0.000,1,,0
330.28,330.28,UAV-3,STANDBY,RETURNING,RTH,2637.8,2060.5,810.8,110.8,12.39,62.19,0,0.000,0,0.000,1,,0
330.28,330.28,UAV-4,STANDBY,RETURNING,RTH,1193.9,2230.8,766.3,107.1,13.18,61.91,0,0.000,0,0.000,1,,0
330.28,330.28,UAV-5,RELAY,ACTIVE,RELAY_HOLD,2160.1,1884.8,853.6,164.6,0.00,63.97,0,0.000,0,0.000,1,,0
331.30,331.30,UAV-1,RELAY,KILLED,LANDED,2168.4,1909.5,687.3,0.3,0.00,87.74,0,1.000,1,0.000,1,,0
331.30,331.30,UAV-2,STANDBY,RETURNING,RTH,1890.9,1687.3,788.7,109.1,12.44,62.17,0,0.000,0,0.000,1,,0
331.30,331.30,UAV-3,STANDBY,RETURNING,RTH,2625.2,2059.2,810.5,110.6,12.43,62.07,0,0.000,0,0.000,1,,0
331.30,331.30,UAV-4,STANDBY,RETURNING,RTH,1181.6,2236.1,765.6,107.6,13.17,61.79,0,0.000,0,0.000,1,,0
331.30,331.30,UAV-5,RELAY,ACTIVE,RELAY_HOLD,2160.1,1884.9,853.6,164.6,0.00,63.87,0,0.000,0,0.000,1,,0
332.32,332.32,UAV-1,RELAY,KILLED,LANDED,2168.4,1909.5,687.3,0.3,0.00,87.74,0,1.000,1,0.000,1,,0
332.32,332.32,UAV-2,STANDBY,RETURNING,RTH,1878.4,1685.7,788.6,109.1,11.78,62.04,0,0.000,0,0.000,1,,0
332.32,332.32,UAV-3,STANDBY,RETURNING,RTH,2612.6,2058.0,810.3,110.5,12.45,61.95,0,0.000,0,0.000,1,,0
332.32,332.32,UAV-4,STANDBY,RETURNING,RTH,1169.2,2241.1,764.9,108.2,13.11,61.67,0,0.000,0,0.000,1,,0
332.32,332.32,UAV-5,RELAY,ACTIVE,RELAY_HOLD,2160.1,1884.8,853.6,164.6,0.00,63.77,0,0.000,0,0.000,1,,0
333.34,333.34,UAV-1,RELAY,KILLED,LANDED,2168.4,1909.5,687.3,0.3,0.00,87.74,0,1.000,1,0.000,1,,0
333.34,333.34,UAV-2,STANDBY,RETURNING,RTH,1867.1,1688.0,788.0,109.1,11.49,61.90,0,0.000,0,0.000,1,,0
333.34,333.34,UAV-3,STANDBY,RETURNING,RTH,2600.0,2056.8,810.0,110.6,12.41,61.82,0,0.000,0,0.000,1,,0
333.34,333.34,UAV-4,STANDBY,RETURNING,RTH,1156.7,2245.7,764.3,108.6,12.99,61.55,0,0.000,0,0.000,1,,0
333.34,333.34,UAV-5,RELAY,ACTIVE,RELAY_HOLD,2160.1,1884.8,853.6,164.6,0.01,63.68,0,0.000,0,0.000,1,,0
334.36,334.36,UAV-1,RELAY,KILLED,LANDED,2168.4,1909.5,687.3,0.3,0.00,87.74,0,1.000,1,0.000,1,,0
334.36,334.36,UAV-2,STANDBY,RETURNING,RTH,1856.3,1693.8,787.5,109.2,12.57,61.77,0,0.000,0,0.000,1,,0
334.36,334.36,UAV-3,STANDBY,RETURNING,RTH,2587.3,2055.7,809.8,110.8,12.41,61.70,0,0.000,0,0.000,1,,0
334.36,334.36,UAV-4,STANDBY,RETURNING,RTH,1144.2,2250.0,763.8,108.4,12.94,61.43,0,0.000,0,0.000,1,,0
334.36,334.36,UAV-5,RELAY,ACTIVE,RELAY_HOLD,2160.1,1884.8,853.6,164.6,0.00,63.58,0,0.000,0,0.000,1,,0
335.38,335.38,UAV-1,RELAY,KILLED,LANDED,2168.4,1909.5,687.3,0.3,0.00,87.74,0,1.000,1,0.000,1,,0
335.38,335.38,UAV-2,STANDBY,RETURNING,RTH,1845.1,1700.8,787.0,109.5,13.16,61.65,0,0.000,0,0.000,1,,0
335.38,335.38,UAV-3,STANDBY,RETURNING,RTH,2574.7,2054.8,809.6,110.9,12.41,61.58,0,0.000,0,0.000,1,,0
335.38,335.38,UAV-4,STANDBY,RETURNING,RTH,1131.7,2253.9,763.3,107.8,12.89,61.30,0,0.000,0,0.000,1,,0
335.38,335.38,UAV-5,RELAY,ACTIVE,RELAY_HOLD,2160.1,1884.9,853.6,164.6,0.00,63.48,0,0.000,0,0.000,1,,0
336.40,336.40,UAV-1,RELAY,KILLED,LANDED,2168.4,1909.5,687.3,0.3,0.00,87.74,0,1.000,1,0.000,1,,0
336.40,336.40,UAV-2,STANDBY,RETURNING,RTH,1833.6,1707.9,786.5,109.5,13.39,61.53,0,0.000,0,0.000,1,,0
336.40,336.40,UAV-3,STANDBY,RETURNING,RTH,2562.1,2053.9,809.5,110.9,12.45,61.46,0,0.000,0,0.000,1,,0
336.40,336.40,UAV-4,STANDBY,RETURNING,RTH,1119.0,2257.4,762.9,107.2,12.87,61.18,0,0.000,0,0.000,1,,0
336.40,336.40,UAV-5,RELAY,ACTIVE,RELAY_HOLD,2160.1,1884.8,853.6,164.6,0.00,63.39,0,0.000,0,0.000,1,,0
337.42,337.42,UAV-1,RELAY,KILLED,LANDED,2168.4,1909.5,687.3,0.3,0.00,87.74,0,1.000,1,0.000,1,,0
337.42,337.42,UAV-2,STANDBY,RETURNING,RTH,1821.8,1714.9,786.0,109.0,13.41,61.40,0,0.000,0,0.000,1,,0
337.42,337.42,UAV-3,STANDBY,RETURNING,RTH,2549.4,2053.1,809.3,110.8,12.39,61.33,0,0.000,0,0.000,1,,0
337.42,337.42,UAV-4,STANDBY,RETURNING,RTH,1106.3,2260.5,762.5,107.1,12.76,61.06,0,0.000,0,0.000,1,,0
337.42,337.42,UAV-5,RELAY,ACTIVE,RELAY_HOLD,2160.1,1884.9,853.6,164.6,0.01,63.29,0,0.000,0,0.000,1,,0
338.44,338.44,UAV-1,RELAY,KILLED,LANDED,2168.4,1909.5,687.3,0.3,0.00,87.74,0,1.000,1,0.000,1,,0
338.44,338.44,UAV-2,STANDBY,RETURNING,RTH,1810.0,1721.7,785.6,108.6,13.41,61.28,0,0.000,0,0.000,1,,0
338.44,338.44,UAV-3,STANDBY,RETURNING,RTH,2536.8,2052.3,809.2,110.7,12.41,61.21,0,0.000,0,0.000,1,,0
338.44,338.44,UAV-4,STANDBY,RETURNING,RTH,1093.6,2263.1,762.2,107.6,12.72,60.94,0,0.000,0,0.000,1,,0
338.44,338.44,UAV-5,RELAY,ACTIVE,RELAY_HOLD,2160.1,1884.8,853.6,164.6,0.01,63.19,0,0.000,0,0.000,1,,0
339.46,339.46,UAV-1,RELAY,KILLED,LANDED,2168.4,1909.5,687.3,0.3,0.00,87.74,0,1.000,1,0.000,1,,0
339.46,339.46,UAV-2,STANDBY,RETURNING,RTH,1798.0,1728.2,785.2,108.8,13.38,61.16,0,0.000,0,0.000,1,,0
339.46,339.46,UAV-3,STANDBY,RETURNING,RTH,2524.2,2051.7,809.1,110.7,12.44,61.09,0,0.000,0,0.000,1,,0
339.46,339.46,UAV-4,STANDBY,RETURNING,RTH,1080.8,2265.3,762.0,108.4,12.69,60.81,0,0.000,0,0.000,1,,0
339.46,339.46,UAV-5,RELAY,ACTIVE,RELAY_HOLD,2160.1,1884.8,853.6,164.6,0.00,63.10,0,0.000,0,0.000,1,,0
340.48,340.48,UAV-1,RELAY,KILLED,LANDED,2168.4,1909.5,687.3,0.3,0.00,87.74,0,1.000,1,0.000,1,,0
340.48,340.48,UAV-2,STANDBY,RETURNING,RTH,1785.9,1734.5,784.8,109.2,13.39,61.03,0,0.000,0,0.000,1,,0
340.48,340.48,UAV-3,STANDBY,RETURNING,RTH,2511.4,2051.1,809.0,110.7,12.52,60.97,0,0.000,0,0.000,1,,0
340.48,340.48,UAV-4,STANDBY,RETURNING,RTH,1068.0,2267.0,761.9,109.0,12.70,60.69,0,0.000,0,0.000,1,,0
340.48,340.48,UAV-5,RELAY,ACTIVE,RELAY_HOLD,2160.1,1884.8,853.6,164.6,0.01,63.00,0,0.000,0,0.000,1,,0
341.50,341.50,UAV-1,RELAY,KILLED,LANDED,2168.4,1909.5,687.3,0.3,0.00,87.74,0,1.000,1,0.000,1,,0
341.50,341.50,UAV-2,STANDBY,RETURNING,RTH,1773.6,1740.5,784.5,109.8,13.33,60.91,0,0.000,0,0.000,1,,0
341.50,341.50,UAV-3,STANDBY,RETURNING,RTH,2498.7,2050.6,808.9,110.6,12.53,60.84,0,0.000,0,0.000,1,,0
341.50,341.50,UAV-4,STANDBY,RETURNING,RTH,1055.7,2267.0,761.5,109.1,11.51,60.56,0,0.000,0,0.000,1,,0
341.50,341.50,UAV-5,RELAY,ACTIVE,RELAY_HOLD,2160.1,1884.8,853.6,164.6,0.01,62.90,0,0.000,0,0.000,1,,0
342.52,342.52,UAV-1,RELAY,KILLED,LANDED,2168.4,1909.5,687.3,0.3,0.00,87.74,0,1.000,1,0.000,1,,0
342.52,342.52,UAV-2,STANDBY,RETURNING,RTH,1761.4,1746.2,784.2,110.1,13.18,60.79,0,0.000,0,0.000,1,,0
342.52,342.52,UAV-3,STANDBY,RETURNING,RTH,2485.9,2050.3,808.8,110.5,12.46,60.72,0,0.000,0,0.000,1,,0
342.52,342.52,UAV-4,STANDBY,RETURNING,RTH,1044.3,2264.3,761.1,109.0,11.72,60.43,0,0.000,0,0.000,1,,0
342.52,342.52,UAV-5,RELAY,ACTIVE,RELAY_HOLD,2160.1,1884.8,853.6,164.6,0.00,62.81,0,0.000,0,0.000,1,,0
343.54,343.54,UAV-1,RELAY,KILLED,LANDED,2168.4,1909.5,687.3,0.3,0.00,87.74,0,1.000,1,0.000,1,,0
343.54,343.54,UAV-2,STANDBY,RETURNING,RTH,1749.1,1751.4,783.9,110.0,13.02,60.66,0,0.000,0,0.000,1,,0
343.54,343.54,UAV-3,STANDBY,RETURNING,RTH,2473.8,2049.4,808.4,110.0,11.29,60.59,0,0.000,0,0.000,1,,0
343.54,343.54,UAV-4,STANDBY,RETURNING,RTH,1032.7,2260.7,760.7,109.2,11.94,60.30,0,0.000,0,0.000,1,,0
343.54,343.54,UAV-5,RELAY,ACTIVE,RELAY_HOLD,2160.1,1884.8,853.6,164.6,0.00,62.71,0,0.000,0,0.000,1,,0
344.56,344.56,UAV-1,RELAY,KILLED,LANDED,2168.4,1909.5,687.3,0.3,0.00,87.74,0,1.000,1,0.000,1,,0
344.56,344.56,UAV-2,STANDBY,RETURNING,RTH,1736.8,1756.3,783.6,109.8,12.89,60.54,0,0.000,0,0.000,1,,0
344.56,344.56,UAV-3,STANDBY,RETURNING,RTH,2463.1,2045.6,807.5,109.0,11.22,60.45,0,0.000,0,0.000,1,,0
344.56,344.56,UAV-4,STANDBY,RETURNING,RTH,1021.1,2257.1,760.3,109.5,12.03,60.18,0,0.000,0,0.000,1,,0
344.56,344.56,UAV-5,RELAY,ACTIVE,RELAY_HOLD,2160.1,1884.8,853.6,164.6,0.00,62.62,0,0.000,0,0.000,1,,0
345.58,345.58,UAV-1,RELAY,KILLED,LANDED,2168.4,1909.5,687.3,0.3,0.00,87.74,0,1.000,1,0.000,1,,0
345.58,345.58,UAV-2,STANDBY,RETURNING,RTH,1724.5,1760.7,783.4,109.7,12.83,60.42,0,0.000,0,0.000,1,,0
345.58,345.58,UAV-3,STANDBY,RETURNING,RTH,2453.4,2039.2,806.7,108.1,11.78,60.31,0,0.000,0,0.000,1,,0
345.58,345.58,UAV-4,STANDBY,RETURNING,RTH,1009.3,2253.6,759.9,109.6,12.12,60.06,0,0.000,0,0.000,1,,0
345.58,345.58,UAV-5,RELAY,ACTIVE,RELAY_HOLD,2160.1,1884.8,853.6,164.6,0.01,62.52,0,0.000,0,0.000,1,,0
346.60,346.60,UAV-1,RELAY,KILLED,LANDED,2168.4,1909.5,687.3,0.3,0.00,87.74,0,1.000,1,0.000,1,,0
346.60,346.60,UAV-2,STANDBY,RETURNING,RTH,1712.0,1764.7,783.2,110.0,12.81,60.30,0,0.000,0,0.000,1,,0
346.60,346.60,UAV-3,STANDBY,RETURNING,RTH,2444.1,2031.3,805.9,107.2,12.23,60.17,0,0.000,0,0.000,1,,0
346.60,346.60,UAV-4,STANDBY,RETURNING,RTH,997.3,2250.3,759.5,109.5,12.18,59.93,0,0.000,0,0.000,1,,0
346.60,346.60,UAV-5,RELAY,ACTIVE,RELAY_HOLD,2160.1,1884.8,853.6,164.6,0.00,62.42,0,0.000,0,0.000,1,,0
347.62,347.62,UAV-1,RELAY,KILLED,LANDED,2168.4,1909.5,687.3,0.3,0.00,87.74,0,1.000,1,0.000,1,,0
347.62,347.62,UAV-2,STANDBY,RETURNING,RTH,1699.5,1768.2,783.0,110.4,12.75,60.17,0,0.000,0,0.000,1,,0
347.62,347.62,UAV-3,STANDBY,RETURNING,RTH,2434.7,2022.9,805.1,106.5,12.44,60.04,0,0.000,0,0.000,1,,0
347.62,347.62,UAV-4,STANDBY,RETURNING,RTH,985.3,2247.2,759.2,109.0,12.21,59.81,0,0.000,0,0.000,1,,0
347.62,347.62,UAV-5,RELAY,ACTIVE,RELAY_HOLD,2160.1,1884.8,853.6,164.6,0.00,62.33,0,0.000,0,0.000,1,,0
348.64,348.64,UAV-1,RELAY,KILLED,LANDED,2168.4,1909.5,687.3,0.3,0.00,87.74,0,1.000,1,0.000,1,,0
348.64,348.64,UAV-2,STANDBY,RETURNING,RTH,1686.9,1771.2,782.9,110.4,12.67,60.05,0,0.000,0,0.000,1,,0
348.64,348.64,UAV-3,STANDBY,RETURNING,RTH,2425.1,2014.6,804.4,106.1,12.51,59.91,0,0.000,0,0.000,1,,0
348.64,348.64,UAV-4,STANDBY,RETURNING,RTH,973.2,2244.2,758.9,108.4,12.23,59.69,0,0.000,0,0.000,1,,0
348.64,348.64,UAV-5,RELAY,ACTIVE,RELAY_HOLD,2160.1,1884.8,853.6,164.6,0.00,62.23,0,0.000,0,0.000,1,,0
349.66,349.66,UAV-1,RELAY,KILLED,LANDED,2168.4,1909.5,687.3,0.3,0.00,87.74,0,1.000,1,0.000,1,,0
349.66,349.66,UAV-2,STANDBY,RETURNING,RTH,1674.2,1773.7,782.8,110.1,12.66,59.93,0,0.000,0,0.000,1,,0
349.66,349.66,UAV-3,STANDBY,RETURNING,RTH,2415.3,2006.4,803.8,105.7,12.51,59.79,0,0.000,0,0.000,1,,0
349.66,349.66,UAV-4,STANDBY,RETURNING,RTH,961.0,2241.4,758.7,108.1,12.29,59.56,0,0.000,0,0.000,1,,0
349.66,349.66,UAV-5,RELAY,ACTIVE,RELAY_HOLD,2160.1,1884.9,853.6,164.6,0.01,62.13,0,0.000,0,0.000,1,,0
350.68,350.68,UAV-1,RELAY,KILLED,LANDED,2168.4,1909.5,687.3,0.3,0.00,87.74,0,1.000,1,0.000,1,,0
350.68,350.68,UAV-2,STANDBY,RETURNING,RTH,1661.5,1775.5,782.7,109.9,12.24,59.81,0,0.000,0,0.000,1,,0
350.68,350.68,UAV-3,STANDBY,RETURNING,RTH,2405.2,1998.6,803.2,105.6,12.48,59.66,0,0.000,0,0.000,1,,0
350.68,350.68,UAV-4,STANDBY,RETURNING,RTH,948.7,2238.8,758.4,108.2,12.28,59.44,0,0.000,0,0.000,1,,0
350.68,350.68,UAV-5,RELAY,ACTIVE,RELAY_HOLD,2160.1,1884.8,853.6,164.6,0.01,62.04,0,0.000,0,0.000,1,,0
351.70,351.70,UAV-1,RELAY,KILLED,LANDED,2168.4,1909.5,687.3,0.3,0.00,87.74,0,1.000,1,0.000,1,,0
351.70,351.70,UAV-2,STANDBY,RETURNING,RTH,1650.1,1779.1,782.0,109.2,11.80,59.67,0,0.000,0,0.000,1,,0
351.70,351.70,UAV-3,STANDBY,RETURNING,RTH,2395.0,1991.1,802.6,105.5,12.44,59.53,0,0.000,0,0.000,1,,0
351.70,351.70,UAV-4,STANDBY,RETURNING,RTH,936.5,2236.4,758.2,108.6,12.29,59.32,0,0.000,0,0.000,1,,0
351.70,351.70,UAV-5,RELAY,ACTIVE,RELAY_HOLD,2160.1,1884.9,853.6,164.6,0.01,61.94,0,0.000,0,0.000,1,,0
352.72,352.72,UAV-1,RELAY,KILLED,LANDED,2168.4,1909.5,687.3,0.3,0.00,87.74,0,1.000,1,0.000,1,,0
352.72,352.72,UAV-2,STANDBY,RETURNING,RTH,1639.8,1786.2,781.2,108.8,12.83,59.53,0,0.000,0,0.000,1,,0
352.72,352.72,UAV-3,STANDBY,RETURNING,RTH,2384.5,1984.0,802.1,105.7,12.43,59.41,0,0.000,0,0.000,1,,0
352.72,352.72,UAV-4,STANDBY,RETURNING,RTH,924.1,2234.2,758.0,108.9,12.31,59.19,0,0.000,0,0.000,1,,0
352.72,352.72,UAV-5,RELAY,ACTIVE,RELAY_HOLD,2160.1,1884.8,853.6,164.6,0.01,61.84,0,0.000,0,0.000,1,,0
353.74,353.74,UAV-1,RELAY,KILLED,LANDED,2168.4,1909.5,687.3,0.3,0.00,87.74,0,1.000,1,0.000,1,,0
353.74,353.74,UAV-2,STANDBY,RETURNING,RTH,1630.2,1795.8,780.5,108.4,13.81,59.38,0,0.000,0,0.000,1,,0
353.74,353.74,UAV-3,STANDBY,RETURNING,RTH,2373.8,1977.2,801.6,106.2,12.39,59.28,0,0.000,0,0.000,1,,0
353.74,353.74,UAV-4,STANDBY,RETURNING,RTH,911.7,2232.2,757.9,109.0,12.31,59.07,0,0.000,0,0.000,1,,0
353.74,353.74,UAV-5,RELAY,ACTIVE,RELAY_HOLD,2160.1,1884.8,853.6,164.6,0.00,61.75,0,0.000,0,0.000,1,,0
354.76,354.76,UAV-1,RELAY,KILLED,LANDED,2168.4,1909.5,687.3,0.3,0.00,87.74,0,1.000,1,0.000,1,,0
354.76,354.76,UAV-2,STANDBY,RETURNING,RTH,1621.2,1807.0,779.7,108.3,14.48,59.24,0,0.000,0,0.000,1,,0
354.76,354.76,UAV-3,STANDBY,RETURNING,RTH,2363.0,1970.8,801.2,106.7,12.36,59.15,0,0.000,0,0.000,1,,0
354.76,354.76,UAV-4,STANDBY,RETURNING,RTH,899.3,2230.4,757.7,108.9,12.31,58.95,0,0.000,0,0.000,1,,0
354.76,354.76,UAV-5,RELAY,ACTIVE,RELAY_HOLD,2160.1,1884.8,853.6,164.6,0.01,61.65,0,0.000,0,0.000,1,,0
355.78,355.78,UAV-1,RELAY,KILLED,LANDED,2168.4,1909.5,687.3,0.3,0.00,87.74,0,1.000,1,0.000,1,,0
355.78,355.78,UAV-2,STANDBY,RETURNING,RTH,1612.7,1819.4,779.0,108.2,14.91,59.10,1,1.000,2,0.995,1,,0
355.78,355.78,UAV-3,STANDBY,RETURNING,RTH,2351.9,1964.8,800.8,107.1,12.31,59.03,1,1.000,3,0.000,1,,0
355.78,355.78,UAV-4,STANDBY,RETURNING,RTH,886.8,2228.8,757.6,108.8,12.30,58.83,1,1.000,1,1.000,1,,0
355.78,355.78,UAV-5,RELAY,ACTIVE,RELAY_HOLD,2160.1,1884.8,853.6,164.6,0.00,61.56,1,1.000,1,1.000,1,,0
356.80,356.80,UAV-1,RELAY,KILLED,LANDED,2168.4,1909.5,687.3,0.3,0.00,87.74,0,1.000,1,0.000,1,,0
356.80,356.80,UAV-2,STANDBY,RETURNING,RTH,1604.6,1832.4,778.3,108.0,15.20,58.96,1,1.000,1,1.000,1,,0
356.80,356.80,UAV-3,STANDBY,RETURNING,RTH,2340.7,1959.2,800.5,107.1,12.19,58.90,1,1.000,2,0.000,1,,0
356.80,356.80,UAV-4,STANDBY,RETURNING,RTH,874.4,2227.4,757.5,108.7,12.22,58.70,1,1.000,1,1.000,1,,0
356.80,356.80,UAV-5,RELAY,ACTIVE,RELAY_HOLD,2160.1,1884.9,853.6,164.6,0.01,61.46,1,1.000,1,1.000,1,,0
357.82,357.82,UAV-1,RELAY,KILLED,LANDED,2168.4,1909.5,687.3,0.3,0.00,87.74,0,1.000,1,0.000,1,,0
357.82,357.82,UAV-2,STANDBY,RETURNING,RTH,1596.9,1846.0,777.7,107.8,15.50,58.82,1,1.000,1,1.000,1,,0
357.82,357.82,UAV-3,STANDBY,RETURNING,RTH,2329.3,1954.2,800.2,106.9,12.21,58.78,1,1.000,2,0.000,1,,0
357.82,357.82,UAV-4,STANDBY,RETURNING,RTH,861.9,2226.3,757.4,108.9,12.30,58.58,1,1.000,1,1.000,1,,0
357.82,357.82,UAV-5,RELAY,ACTIVE,RELAY_HOLD,2160.1,1884.9,853.6,164.6,0.01,61.36,1,1.000,1,1.000,1,,0
358.84,358.84,UAV-1,RELAY,KILLED,LANDED,2168.4,1909.5,687.3,0.3,0.00,87.74,0,1.000,1,0.000,1,,0
358.84,358.84,UAV-2,STANDBY,RETURNING,RTH,1589.2,1859.9,777.1,107.6,15.66,58.68,1,1.000,1,1.000,1,,0
358.84,358.84,UAV-3,STANDBY,RETURNING,RTH,2317.7,1949.7,799.9,106.9,12.20,58.66,1,1.000,2,0.000,1,,0
358.84,358.84,UAV-4,STANDBY,RETURNING,RTH,849.4,2225.5,757.3,109.2,12.35,58.46,1,1.000,1,1.000,1,,0
358.84,358.84,UAV-5,RELAY,ACTIVE,RELAY_HOLD,2160.1,1884.9,853.6,164.6,0.01,61.27,1,1.000,1,1.000,1,,0
359.86,359.86,UAV-1,RELAY,KILLED,LANDED,2168.4,1909.5,687.3,0.3,0.00,87.74,0,1.000,1,0.000,1,,0
359.86,359.86,UAV-2,STANDBY,RETURNING,RTH,1581.3,1873.9,776.5,107.5,15.69,58.55,1,1.000,1,1.000,1,,0
359.86,359.86,UAV-3,STANDBY,RETURNING,RTH,2305.9,1945.8,799.7,107.1,12.24,58.53,1,1.000,2,0.000,1,,0
359.86,359.86,UAV-4,STANDBY,RETURNING,RTH,837.2,2224.5,756.9,109.0,11.85,58.33,1,1.000,1,1.000,1,,0
359.86,359.86,UAV-5,RELAY,ACTIVE,RELAY_HOLD,2160.1,1884.9,853.6,164.6,0.00,61.17,1,1.000,1,1.000,1,,0
360.88,360.88,UAV-1,RELAY,KILLED,LANDED,2168.4,1909.5,687.3,0.3,0.00,87.74,0,1.000,1,0.000,1,,0
360.88,360.88,UAV-2,STANDBY,RETURNING,RTH,1573.2,1887.6,775.9,107.3,15.63,58.41,1,1.000,1,1.000,1,,0
360.88,360.88,UAV-3,STANDBY,RETURNING,RTH,2293.9,1942.4,799.5,107.4,12.31,58.41,1,1.000,2,0.000,1,,0
360.88,360.88,UAV-4,STANDBY,RETURNING,RTH,825.2,2222.6,756.2,108.6,12.04,58.21,1,1.000,1,1.000,1,,0
360.88,360.88,UAV-5,RELAY,ACTIVE,RELAY_HOLD,2160.1,1884.8,853.6,164.6,0.01,61.07,1,1.000,1,1.000,1,,0
361.90,361.90,UAV-1,RELAY,KILLED,LANDED,2168.4,1909.5,687.3,0.3,0.00,87.74,0,1.000,1,0.000,1,,0
361.90,361.90,UAV-2,STANDBY,RETURNING,RTH,1564.9,1901.1,775.4,107.0,15.48,58.28,1,1.000,1,1.000,1,,0
361.90,361.90,UAV-3,STANDBY,RETURNING,RTH,2281.6,1939.5,799.3,107.8,12.30,58.29,1,1.000,2,0.000,1,,0
361.90,361.90,UAV-4,STANDBY,RETURNING,RTH,813.0,2220.7,755.5,108.3,12.10,58.09,1,1.000,1,1.000,1,,0
361.90,361.90,UAV-5,RELAY,ACTIVE,RELAY_HOLD,2160.1,1884.8,853.6,164.6,0.01,60.98,1,1.000,1,1.000,1,,0
362.92,362.92,UAV-1,RELAY,KILLED,LANDED,2168.4,1909.5,687.3,0.3,0.00,87.74,0,1.000,1,0.000,1,,0
362.92,362.92,UAV-2,STANDBY,RETURNING,RTH,1556.3,1914.3,774.9,107.0,15.37,58.15,1,1.000,1,1.000,1,,0
362.92,362.92,UAV-3,STANDBY,RETURNING,RTH,2269.3,1937.3,799.2,108.4,12.34,58.16,1,1.000,2,0.000,1,,0
362.92,362.92,UAV-4,STANDBY,RETURNING,RTH,800.8,2218.8,754.9,108.2,12.17,57.97,1,1.000,1,1.000,1,,0
362.92,362.92,UAV-5,RELAY,ACTIVE,RELAY_HOLD,2160.1,1884.8,853.6,164.6,0.01,60.88,1,1.000,1,1.000,1,,0
363.94,363.94,UAV-1,RELAY,KILLED,LANDED,2168.4,1909.5,687.3,0.3,0.00,87.74,0,1.000,1,0.000,1,,0
363.94,363.94,UAV-2,STANDBY,RETURNING,RTH,1547.4,1927.1,774.4,107.7,15.25,58.02,1,1.000,1,1.000,1,,0
363.94,363.94,UAV-3,STANDBY,RETURNING,RTH,2256.9,1935.5,799.1,109.1,11.87,58.04,1,1.000,2,0.000,1,,0
363.94,363.94,UAV-4,STANDBY,RETURNING,RTH,788.5,2216.9,754.3,108.6,12.24,57.84,1,1.000,1,1.000,1,,0
363.94,363.94,UAV-5,RELAY,ACTIVE,RELAY_HOLD,2160.1,1884.8,853.6,164.6,0.00,60.78,1,1.000,1,1.000,1,,0
364.96,364.96,UAV-1,RELAY,KILLED,LANDED,2168.4,1909.5,687.3,0.3,0.00,87.74,0,1.000,1,0.000,1,,0
364.96,364.96,UAV-2,STANDBY,RETURNING,RTH,1538.3,1939.6,773.9,108.7,15.13,57.89,1,1.000,1,1.000,1,,0
364.96,364.96,UAV-3,STANDBY,RETURNING,RTH,2245.8,1931.4,798.8,109.5,11.62,57.89,1,1.000,2,0.000,1,,0
364.96,364.96,UAV-4,STANDBY,RETURNING,RTH,776.1,2215.2,753.7,109.2,12.23,57.72,1,1.000,1,1.000,1,,0
364.96,364.96,UAV-5,RELAY,ACTIVE,RELAY_HOLD,2160.1,1884.9,853.6,164.6,0.01,60.69,1,1.000,1,1.000,1,,0
365.98,365.98,UAV-1,RELAY,KILLED,LANDED,2168.4,1909.5,687.3,0.3,0.00,87.74,0,1.000,1,0.000,1,,0
365.98,365.98,UAV-2,STANDBY,RETURNING,RTH,1528.9,1951.8,773.5,108.8,15.00,57.76,1,1.000,1,1.000,1,,0
365.98,365.98,UAV-3,STANDBY,RETURNING,RTH,2235.7,1924.9,798.5,109.7,12.00,57.75,1,1.000,2,0.000,1,,0
365.98,365.98,UAV-4,STANDBY,RETURNING,RTH,763.8,2213.7,753.2,109.6,12.28,57.60,1,1.000,1,1.000,1,,0
365.98,365.98,UAV-5,RELAY,ACTIVE,RELAY_HOLD,2160.1,1884.9,853.6,164.6,0.01,60.59,1,1.000,1,1.000,1,,0
367.00,367.00,UAV-1,RELAY,KILLED,LANDED,2168.4,1909.5,687.3,0.3,0.00,87.74,0,1.000,1,0.000,1,,0
367.00,367.00,UAV-2,STANDBY,RETURNING,RTH,1519.1,1963.4,773.1,108.1,14.83,57.63,1,1.000,1,1.000,1,,0
367.00,367.00,UAV-3,STANDBY,RETURNING,RTH,2226.3,1916.7,798.3,109.6,12.38,57.61,1,1.000,2,0.000,1,,0
367.00,367.00,UAV-4,STANDBY,RETURNING,RTH,751.3,2212.2,752.8,109.8,12.27,57.47,1,1.000,1,1.000,1,,0
367.00,367.00,UAV-5,RELAY,ACTIVE,RELAY_HOLD,2160.1,1884.8,853.6,164.6,0.00,60.49,1,1.000,1,1.000,1,,0
368.02,368.02,UAV-1,RELAY,KILLED,LANDED,2168.4,1909.5,687.3,0.3,0.00,87.74,0,1.000,1,0.000,1,,0
368.02,368.02,UAV-2,STANDBY,RETURNING,RTH,1509.0,1974.5,772.8,107.3,14.59,57.50,1,1.000,1,1.000,1,,0
368.02,368.02,UAV-3,STANDBY,RETURNING,RTH,2217.6,1907.4,798.0,109.5,12.69,57.47,1,1.000,2,0.023,1,,0
368.02,368.02,UAV-4,STANDBY,RETURNING,RTH,738.9,2210.7,752.3,109.6,12.25,57.35,1,1.000,1,1.000,1,,0
368.02,368.02,UAV-5,RELAY,ACTIVE,RELAY_HOLD,2160.1,1884.8,853.6,164.6,0.00,60.40,1,1.000,1,1.000,1,,0
369.04,369.04,UAV-1,RELAY,KILLED,LANDED,2168.4,1909.5,687.3,0.3,0.00,87.74,0,1.000,1,0.000,1,,0
369.04,369.04,UAV-2,STANDBY,RETURNING,RTH,1498.6,1984.9,772.5,106.7,14.33,57.38,1,1.000,1,1.000,1,,0
369.04,369.04,UAV-3,STANDBY,RETURNING,RTH,2209.2,1897.3,797.8,109.5,12.95,57.33,1,1.000,2,0.653,1,,0
369.04,369.04,UAV-4,STANDBY,RETURNING,RTH,726.5,2209.4,752.0,109.5,12.26,57.23,1,1.000,1,1.000,1,,0
369.04,369.04,UAV-5,RELAY,ACTIVE,RELAY_HOLD,2160.1,1884.8,853.6,164.6,0.00,60.30,1,1.000,1,1.000,1,,0
370.06,370.06,UAV-1,RELAY,KILLED,LANDED,2168.4,1909.5,687.3,0.3,0.00,87.74,0,1.000,1,0.000,1,,0
370.06,370.06,UAV-2,STANDBY,RETURNING,RTH,1487.8,1994.6,772.2,106.3,14.14,57.25,1,1.000,1,1.000,1,,0
370.06,370.06,UAV-3,STANDBY,RETURNING,RTH,2201.2,1886.7,797.6,109.4,13.15,57.19,1,1.000,2,1.000,1,,0
370.06,370.06,UAV-4,STANDBY,RETURNING,RTH,714.0,2208.2,751.6,109.3,12.35,57.11,1,1.000,1,1.000,1,,0
370.06,370.06,UAV-5,RELAY,ACTIVE,RELAY_HOLD,2160.1,1884.8,853.6,164.6,0.01,60.20,1,1.000,1,1.000,1,,0
371.08,371.08,UAV-1,RELAY,KILLED,LANDED,2168.4,1909.5,687.3,0.3,0.00,87.74,0,1.000,1,0.000,1,,0
371.08,371.08,UAV-2,STANDBY,RETURNING,RTH,1476.5,2003.4,772.0,106.5,13.84,57.13,1,1.000,1,1.000,1,,0
371.08,371.08,UAV-3,STANDBY,RETURNING,RTH,2193.3,1875.8,797.4,108.6,13.20,57.05,1,1.000,1,1.000,1,,0
371.08,371.08,UAV-4,STANDBY,RETURNING,RTH,701.5,2207.1,751.3,109.2,12.35,56.98,1,1.000,1,1.000,1,,0
371.08,371.08,UAV-5,RELAY,ACTIVE,RELAY_HOLD,2160.1,1884.8,853.6,164.6,0.00,60.11,1,1.000,1,1.000,1,,0
372.10,372.10,UAV-1,RELAY,KILLED,LANDED,2168.4,1909.5,687.3,0.3,0.00,87.74,0,1.000,1,0.000,1,,0
372.10,372.10,UAV-2,STANDBY,RETURNING,RTH,1464.9,2011.1,771.8,107.2,13.57,57.00,1,1.000,1,1.000,1,,0
372.10,372.10,UAV-3,STANDBY,RETURNING,RTH,2185.4,1864.9,797.2,107.4,13.21,56.91,1,1.000,1,1.000,1,,0
372.10,372.10,UAV-4,STANDBY,RETURNING,RTH,688.9,2206.1,751.0,109.5,12.41,56.86,1,1.000,1,1.000,1,,0
372.10,372.10,UAV-5,RELAY,ACTIVE,RELAY_HOLD,2160.1,1884.8,853.6,164.6,0.00,60.01,1,1.000,1,1.000,1,,0
373.12,373.12,UAV-1,RELAY,KILLED,LANDED,2168.4,1909.5,687.3,0.3,0.00,87.74,0,1.000,1,0.000,1,,0
373.12,373.12,UAV-2,STANDBY,RETURNING,RTH,1452.8,2017.5,771.6,108.1,13.19,56.88,1,1.000,1,1.000,1,,0
373.12,373.12,UAV-3,STANDBY,RETURNING,RTH,2177.3,1854.2,797.0,106.0,13.13,56.78,1,1.000,1,1.000,1,,0
373.12,373.12,UAV-4,STANDBY,RETURNING,RTH,676.3,2205.2,750.8,110.0,12.38,56.74,1,1.000,1,1.000,1,,0
373.12,373.12,UAV-5,RELAY,ACTIVE,RELAY_HOLD,2160.1,1884.8,853.6,164.6,0.01,59.92,1,1.000,1,1.000,1,,0
374.14,374.14,UAV-1,RELAY,KILLED,LANDED,2168.4,1909.5,687.3,0.3,0.00,87.74,0,1.000,1,0.000,1,,0
374.14,374.14,UAV-2,STANDBY,RETURNING,RTH,1440.5,2022.4,771.5,109.1,12.64,56.76,1,1.000,1,1.000,1,,0
374.14,374.14,UAV-3,STANDBY,RETURNING,RTH,2168.9,1843.8,796.8,105.3,13.00,56.64,1,1.000,1,1.000,1,,0
374.14,374.14,UAV-4,STANDBY,RETURNING,RTH,663.7,2204.4,750.6,110.4,12.30,56.62,1,1.000,1,1.000,1,,0
374.14,374.14,UAV-5,RELAY,ACTIVE,RELAY_HOLD,2160.1,1884.8,853.6,164.6,0.00,59.82,1,1.000,1,1.000,1,,0
375.16,375.16,UAV-1,RELAY,KILLED,LANDED,2168.4,1909.5,687.3,0.3,0.00,87.74,0,1.000,1,0.000,1,,0
375.16,375.16,UAV-2,STANDBY,RETURNING,RTH,1429.2,2028.5,771.4,109.8,12.96,56.62,1,1.000,1,1.000,1,,0
375.16,375.16,UAV-3,STANDBY,RETURNING,RTH,2160.3,1833.8,796.6,105.3,12.92,56.51,1,1.000,1,1.000,1,,0
375.16,375.16,UAV-4,STANDBY,RETURNING,RTH,651.2,2203.8,750.4,110.5,12.36,56.49,1,1.000,1,1.000,1,,0
375.16,375.16,UAV-5,RELAY,ACTIVE,RELAY_HOLD,2160.1,1884.9,853.6,164.6,0.01,59.72,1,1.000,1,1.000,1,,0
376.18,376.18,UAV-1,RELAY,KILLED,LANDED,2168.4,1909.5,687.3,0.3,0.00,87.74,0,1.000,1,0.000,1,,0
376.18,376.18,UAV-2,STANDBY,RETURNING,RTH,1418.9,2037.5,771.2,110.0,13.84,56.48,1,1.000,1,1.000,1,,0
376.18,376.18,UAV-3,STANDBY,RETURNING,RTH,2151.4,1824.1,796.5,105.8,12.85,56.38,1,1.000,1,1.000,1,,0
376.18,376.18,UAV-4,STANDBY,RETURNING,RTH,638.5,2203.3,750.3,110.3,12.39,56.37,1,1.000,1,1.000,1,,0
376.18,376.18,UAV-5,RELAY,ACTIVE,RELAY_HOLD,2160.1,1884.8,853.6,164.6,0.01,59.63,1,1.000,1,1.000,1,,0
377.20,377.20,UAV-1,RELAY,KILLED,LANDED,2168.4,1909.5,687.3,0.3,0.00,87.74,0,1.000,1,0.000,1,,0
377.20,377.20,UAV-2,STANDBY,RETURNING,RTH,1409.4,2048.4,771.0,110.1,14.55,56.33,1,1.000,1,1.000,1,,0
377.20,377.20,UAV-3,STANDBY,RETURNING,RTH,2142.2,1814.8,796.4,106.3,12.77,56.25,1,1.000,1,1.000,1,,0
377.20,377.20,UAV-4,STANDBY,RETURNING,RTH,625.9,2202.9,750.2,110.0,12.22,56.25,1,1.000,1,1.000,1,,0
377.20,377.20,UAV-5,RELAY,ACTIVE,RELAY_HOLD,2160.1,1884.8,853.6,164.6,0.00,59.53,1,1.000,1,1.000,1,,0
378.22,378.22,UAV-1,RELAY,KILLED,LANDED,2168.4,1909.5,687.3,0.3,0.00,87.74,0,1.000,1,0.000,1,,0
378.22,378.22,UAV-2,STANDBY,RETURNING,RTH,1400.5,2060.6,770.9,110.2,14.99,56.20,1,1.000,1,1.000,1,,0
378.22,378.22,UAV-3,STANDBY,RETURNING,RTH,2132.7,1806.0,796.2,106.7,12.71,56.12,1,1.000,1,1.000,1,,0
378.22,378.22,UAV-4,STANDBY,RETURNING,RTH,614.2,2204.5,749.5,109.3,11.70,56.12,1,1.000,1,1.000,1,,0
378.22,378.22,UAV-5,RELAY,ACTIVE,RELAY_HOLD,2160.1,1884.8,853.6,164.6,0.01,59.43,1,1.000,1,1.000,1,,0
379.24,379.24,UAV-1,RELAY,KILLED,LANDED,2168.4,1909.5,687.3,0.3,0.00,87.74,0,1.000,1,0.000,1,,0
379.24,379.24,UAV-2,STANDBY,RETURNING,RTH,1391.7,2073.2,770.7,110.0,15.15,56.06,1,1.000,1,1.000,1,,0
379.24,379.24,UAV-3,STANDBY,RETURNING,RTH,2122.9,1797.6,796.1,107.2,12.65,55.99,1,1.000,1,1.000,1,,0
379.24,379.24,UAV-4,STANDBY,RETURNING,RTH,602.6,2208.3,748.7,108.8,12.28,55.99,1,1.000,1,1.000,1,,0
379.24,379.24,UAV-5,RELAY,ACTIVE,RELAY_HOLD,2160.1,1884.8,853.6,164.6,0.00,59.34,1,1.000,1,1.000,1,,0
380.26,380.26,UAV-1,RELAY,KILLED,LANDED,2168.4,1909.5,687.3,0.3,0.00,87.74,0,1.000,1,0.000,1,,0
380.26,380.26,UAV-2,SCOUT,ACTIVE,TRANSIT,1383.1,2085.9,770.7,109.6,13.69,55.92,1,1.000,1,1.000,1,POI-012,0
380.26,380.26,UAV-3,SCOUT,ACTIVE,TRANSIT,2112.8,1789.7,795.9,107.8,12.30,55.86,1,1.000,1,1.000,1,POI-011,0
380.26,380.26,UAV-4,SCOUT,ACTIVE,TRANSIT,590.7,2212.4,748.2,108.6,11.11,55.87,1,1.000,1,1.000,1,POI-013,0
380.26,380.26,UAV-5,RELAY,ACTIVE,RELAY_TRANSIT,2160.1,1884.9,853.4,164.3,1.68,59.23,1,1.000,1,1.000,1,,0
381.28,381.28,UAV-1,RELAY,KILLED,LANDED,2168.4,1909.5,687.3,0.3,0.00,87.74,0,1.000,1,0.000,1,,0
381.28,381.28,UAV-2,SCOUT,ACTIVE,TRANSIT,1379.4,2093.9,771.3,109.9,4.85,55.78,1,1.000,1,1.000,1,POI-012,0
381.28,381.28,UAV-3,SCOUT,ACTIVE,TRANSIT,2103.1,1781.7,795.3,107.8,12.46,55.73,1,1.000,1,1.000,1,POI-011,0
381.28,381.28,UAV-4,SCOUT,ACTIVE,TRANSIT,585.2,2214.3,749.1,109.5,1.79,55.74,1,1.000,1,1.000,1,POI-013,0
381.28,381.28,UAV-5,RELAY,ACTIVE,RELAY_TRANSIT,2160.0,1885.3,848.2,159.2,8.19,59.10,1,1.000,1,1.000,1,,0
382.30,382.30,UAV-1,RELAY,KILLED,LANDED,2168.4,1909.5,687.3,0.3,0.00,87.74,0,1.000,1,0.000,1,,0
382.30,382.30,UAV-2,SCOUT,ACTIVE,TRANSIT,1382.0,2096.1,771.9,110.4,5.15,55.64,1,1.000,1,1.000,1,POI-012,0
382.30,382.30,UAV-3,SCOUT,ACTIVE,TRANSIT,2093.4,1773.5,794.6,107.5,12.54,55.60,1,1.000,1,1.000,1,POI-011,0
382.30,382.30,UAV-4,SCOUT,ACTIVE,TRANSIT,588.2,2215.3,750.0,110.4,6.60,55.62,1,1.000,1,1.000,1,POI-013,0
382.30,382.30,UAV-5,RELAY,ACTIVE,RELAY_TRANSIT,2159.2,1884.3,838.5,149.3,10.07,58.97,1,1.000,1,1.000,1,,0
383.32,383.32,UAV-1,RELAY,KILLED,LANDED,2168.4,1909.5,687.3,0.3,0.00,87.74,0,1.000,1,0.000,1,,0
383.32,383.32,UAV-2,SCOUT,ACTIVE,TRANSIT,1389.6,2093.1,772.4,111.0,10.80,55.51,1,1.000,1,1.000,1,POI-012,0
383.32,383.32,UAV-3,SCOUT,ACTIVE,TRANSIT,2083.4,1765.5,794.0,107.2,12.53,55.48,1,1.000,1,1.000,1,POI-011,0
383.32,383.32,UAV-4,SCOUT,ACTIVE,TRANSIT,598.4,2216.1,750.8,111.2,13.21,55.50,1,1.000,1,1.000,1,POI-013,0
383.32,383.32,UAV-5,RELAY,ACTIVE,RELAY_TRANSIT,2155.9,1881.5,829.1,139.6,10.37,58.85,1,1.000,1,1.000,1,,0
384.34,384.34,UAV-1,RELAY,KILLED,LANDED,2168.4,1909.5,687.3,0.3,0.00,87.74,0,1.000,1,0.000,1,,0
384.34,384.34,UAV-2,SCOUT,ACTIVE,TRANSIT,1399.8,2084.9,772.9,111.8,14.45,55.38,1,1.000,1,1.000,1,POI-012,0
384.34,384.34,UAV-3,SCOUT,ACTIVE,TRANSIT,2073.2,1757.7,793.4,106.8,12.55,55.35,1,1.000,1,1.000,1,POI-011,0
384.34,384.34,UAV-4,SCOUT,ACTIVE,TRANSIT,614.5,2216.9,751.6,111.9,18.14,55.37,1,1.000,1,1.000,1,POI-013,0
384.34,384.34,UAV-5,RELAY,ACTIVE,RELAY_TRANSIT,2150.3,1878.3,820.5,130.8,10.75,58.73,1,1.000,1,1.000,1,,0
385.36,385.36,UAV-1,RELAY,KILLED,LANDED,2168.4,1909.5,687.3,0.3,0.00,87.74,0,1.000,1,0.000,1,,0
385.36,385.36,UAV-2,SCOUT,ACTIVE,TRANSIT,1410.0,2072.7,773.4,112.5,16.61,55.26,1,1.000,1,1.000,1,POI-012,0
385.36,385.36,UAV-3,SCOUT,ACTIVE,TRANSIT,2062.8,1750.3,792.9,106.2,12.63,55.22,1,1.000,1,1.000,1,POI-011,0
385.36,385.36,UAV-4,SCOUT,ACTIVE,TRANSIT,634.6,2217.6,752.3,112.5,20.69,55.27,1,1.000,1,1.000,1,POI-013,0
385.36,385.36,UAV-5,RELAY,ACTIVE,RELAY_TRANSIT,2142.9,1875.3,812.7,123.1,11.13,58.61,1,1.000,1,1.000,1,,0
386.38,386.38,UAV-1,RELAY,KILLED,LANDED,2168.4,1909.5,687.3,0.3,0.00,87.74,0,1.000,1,0.000,1,,0
386.38,386.38,UAV-2,SCOUT,ACTIVE,TRANSIT,1420.0,2058.1,773.8,112.9,17.88,55.14,1,1.000,1,1.000,1,POI-012,0
386.38,386.38,UAV-3,SCOUT,ACTIVE,TRANSIT,2052.0,1743.2,792.4,105.6,12.59,55.09,1,1.000,1,1.000,1,POI-011,0
386.38,386.38,UAV-4,SCOUT,ACTIVE,TRANSIT,656.0,2218.4,752.9,112.8,21.17,55.16,1,1.000,1,1.000,1,POI-013,0
386.38,386.38,UAV-5,RELAY,ACTIVE,RELAY_TRANSIT,2134.3,1872.6,805.6,116.3,11.32,58.50,1,1.000,1,1.000,1,,0
387.40,387.40,UAV-1,RELAY,KILLED,LANDED,2168.4,1909.5,687.3,0.3,0.00,87.74,0,1.000,1,0.000,1,,0
387.40,387.40,UAV-2,SCOUT,ACTIVE,TRANSIT,1429.8,2042.4,774.2,113.0,18.45,55.01,1,1.000,1,1.000,1,POI-012,0
387.40,387.40,UAV-3,SCOUT,ACTIVE,TRANSIT,2041.2,1736.5,792.0,105.3,12.47,54.97,1,1.000,1,1.000,1,POI-011,0
387.40,387.40,UAV-4,SCOUT,ACTIVE,TRANSIT,677.7,2219.1,753.6,112.6,21.41,55.06,1,1.000,1,1.000,1,POI-013,0
387.40,387.40,UAV-5,RELAY,ACTIVE,RELAY_HOLD,2124.2,1867.8,803.0,114.1,13.59,58.35,1,1.000,1,1.000,1,,0
388.42,388.42,UAV-1,RELAY,KILLED,LANDED,2168.4,1909.5,687.3,0.3,0.00,87.74,0,1.000,1,0.000,1,,0
388.42,388.42,UAV-2,SCOUT,ACTIVE,TRANSIT,1439.5,2026.1,774.7,112.5,18.74,54.89,1,1.000,1,1.000,1,POI-012,0
388.42,388.42,UAV-3,SCOUT,ACTIVE,TRANSIT,2030.3,1730.2,791.5,105.4,12.33,54.84,1,1.000,1,1.000,1,POI-011,0
388.42,388.42,UAV-4,SCOUT,ACTIVE,TRANSIT,699.6,2219.8,754.3,112.5,21.58,54.95,1,1.000,1,1.000,1,POI-013,0
388.42,388.42,UAV-5,RELAY,ACTIVE,RELAY_HOLD,2113.4,1858.4,806.2,118.0,13.71,58.21,1,1.000,1,1.000,1,,0
389.44,389.44,UAV-1,RELAY,KILLED,LANDED,2168.4,1909.5,687.3,0.3,0.00,87.74,0,1.000,1,0.000,1,,0
389.44,389.44,UAV-2,SCOUT,ACTIVE,TRANSIT,1449.2,2009.5,775.1,111.3,18.86,54.77,1,1.000,1,1.000,1,POI-012,0
389.44,389.44,UAV-3,SCOUT,ACTIVE,TRANSIT,2019.2,1724.2,791.2,105.7,12.32,54.72,1,1.000,2,1.000,1,POI-011,0
389.44,389.44,UAV-4,SCOUT,ACTIVE,TRANSIT,721.7,2220.6,754.9,112.7,21.66,54.85,1,1.000,1,1.000,1,POI-013,0
389.44,389.44,UAV-5,RELAY,ACTIVE,RELAY_HOLD,2104.9,1848.1,808.2,120.7,12.91,58.07,1,1.000,1,1.000,1,,0
390.46,390.46,UAV-1,RELAY,KILLED,LANDED,2168.4,1909.5,687.3,0.3,0.00,87.74,0,1.000,1,0.000,1,,0
390.46,390.46,UAV-2,SCOUT,ACTIVE,TRANSIT,1458.7,1992.7,775.5,110.5,18.94,54.64,1,1.000,1,1.000,1,POI-012,0
390.46,390.46,UAV-3,SCOUT,ACTIVE,TRANSIT,2007.9,1718.7,790.8,106.1,12.41,54.59,1,1.000,2,0.949,1,POI-011,0
390.46,390.46,UAV-4,SCOUT,ACTIVE,TRANSIT,743.8,2221.3,755.5,112.7,21.74,54.75,1,1.000,1,1.000,1,POI-013,0
390.46,390.46,UAV-5,RELAY,ACTIVE,RELAY_HOLD,2097.1,1837.5,809.0,122.4,12.98,57.93,1,1.000,1,1.000,1,,0
391.48,391.48,UAV-1,RELAY,KILLED,LANDED,2168.4,1909.5,687.3,0.3,0.00,87.74,0,1.000,1,0.000,1,,0
391.48,391.48,UAV-2,SCOUT,ACTIVE,TRANSIT,1468.0,1975.8,775.9,111.1,18.94,54.52,1,1.000,1,1.000,1,POI-012,0
391.48,391.48,UAV-3,SCOUT,ACTIVE,TRANSIT,1996.3,1713.6,790.5,106.7,12.38,54.47,1,1.000,2,0.946,1,POI-011,0
391.48,391.48,UAV-4,SCOUT,ACTIVE,TRANSIT,766.0,2222.0,756.1,112.4,21.82,54.64,1,1.000,1,1.000,1,POI-013,0
391.48,391.48,UAV-5,RELAY,ACTIVE,RELAY_HOLD,2089.1,1826.3,810.0,124.3,13.94,57.78,1,1.000,1,1.000,1,,0
392.50,392.50,UAV-1,RELAY,KILLED,LANDED,2168.4,1909.5,687.3,0.3,0.00,87.74,0,1.000,1,0.000,1,,0
392.50,392.50,UAV-2,SCOUT,ACTIVE,TRANSIT,1477.3,1958.9,776.3,112.2,18.89,54.39,1,1.000,1,1.000,1,POI-012,0
392.50,392.50,UAV-3,SCOUT,ACTIVE,TRANSIT,1984.6,1709.0,790.3,107.3,12.34,54.35,1,1.000,2,0.888,1,POI-011,0
392.50,392.50,UAV-4,SCOUT,ACTIVE,TRANSIT,788.2,2222.7,756.6,111.1,21.79,54.54,1,1.000,1,1.000,1,POI-013,0
392.50,392.50,UAV-5,RELAY,ACTIVE,RELAY_HOLD,2080.8,1814.4,812.1,126.5,14.54,57.64,1,1.000,1,1.000,1,,0
393.52,393.52,UAV-1,RELAY,KILLED,LANDED,2168.4,1909.5,687.3,0.3,0.00,87.74,0,1.000,1,0.000,1,,0
393.52,393.52,UAV-2,SCOUT,ACTIVE,TRANSIT,1486.4,1941.9,776.7,113.4,18.83,54.27,1,1.000,1,1.000,1,POI-012,0
393.52,393.52,UAV-3,SCOUT,ACTIVE,TRANSIT,1972.6,1704.9,790.0,107.9,12.37,54.22,1,1.000,2,0.842,1,POI-011,0
393.52,393.52,UAV-4,SCOUT,ACTIVE,TRANSIT,810.1,2225.7,757.2,110.2,21.90,54.43,1,1.000,1,1.000,1,POI-013,0
393.52,393.52,UAV-5,RELAY,ACTIVE,RELAY_HOLD,2071.3,1801.4,817.2,131.3,17.60,57.49,1,1.000,1,1.000,1,,0
394.54,394.54,UAV-1,RELAY,KILLED,LANDED,2168.4,1909.5,687.3,0.3,0.00,87.74,0,1.000,1,0.000,1,,0
394.54,394.54,UAV-2,SCOUT,ACTIVE,TRANSIT,1495.3,1925.0,777.0,113.8,18.75,54.15,1,1.000,1,1.000,1,POI-012,0
394.54,394.54,UAV-3,SCOUT,ACTIVE,TRANSIT,1960.5,1701.4,789.8,108.5,12.40,54.10,1,1.000,2,0.623,1,POI-011,0
394.54,394.54,UAV-4,SCOUT,ACTIVE,TRANSIT,832.1,2230.0,757.6,110.0,21.96,54.33,1,1.000,1,1.000,1,POI-013,0
394.54,394.54,UAV-5,RELAY,ACTIVE,RELAY_HOLD,2060.6,1788.5,824.7,138.4,18.03,57.34,1,1.000,1,1.000,1,,0
395.56,395.56,UAV-1,RELAY,KILLED,LANDED,2168.4,1909.5,687.3,0.3,0.00,87.74,0,1.000,1,0.000,1,,0
395.56,395.56,UAV-2,SCOUT,ACTIVE,TRANSIT,1504.0,1908.0,777.4,113.4,18.70,54.02,1,1.000,1,1.000,1,POI-012,0
395.56,395.56,UAV-3,SCOUT,ACTIVE,TRANSIT,1948.2,1698.4,789.7,109.3,12.43,53.98,1,1.000,2,0.553,1,POI-011,0
395.56,395.56,UAV-4,SCOUT,ACTIVE,TRANSIT,854.1,2234.2,758.1,109.9,21.97,54.22,1,1.000,1,1.000,1,POI-013,0
395.56,395.56,UAV-5,RELAY,ACTIVE,RELAY_HOLD,2050.2,1776.2,832.4,145.7,16.41,57.19,1,1.000,1,1.000,1,,0
396.58,396.58,UAV-1,RELAY,KILLED,LANDED,2168.4,1909.5,687.3,0.3,0.00,87.74,0,1.000,1,0.000,1,,0
396.58,396.58,UAV-2,SCOUT,ACTIVE,TRANSIT,1512.4,1890.9,777.7,112.7,18.62,53.90,1,1.000,1,1.000,1,POI-012,0
396.58,396.58,UAV-3,SCOUT,ACTIVE,TRANSIT,1935.7,1696.0,789.6,109.9,12.47,53.85,1,1.000,2,0.350,1,POI-011,0
396.58,396.58,UAV-4,SCOUT,ACTIVE,TRANSIT,876.1,2238.4,758.6,109.8,21.98,54.12,1,1.000,1,1.000,1,POI-013,0
396.58,396.58,UAV-5,RELAY,ACTIVE,RELAY_HOLD,2042.5,1765.8,835.1,148.2,11.32,57.06,1,1.000,1,1.000,1,,0
397.60,397.60,UAV-1,RELAY,KILLED,LANDED,2168.4,1909.5,687.3,0.3,0.00,87.74,0,1.000,1,0.000,1,,0
397.60,397.60,UAV-2,SCOUT,ACTIVE,TRANSIT,1520.6,1873.8,778.0,112.3,18.54,53.78,1,1.000,1,1.000,1,POI-012,0
397.60,397.60,UAV-3,SCOUT,ACTIVE,TRANSIT,1923.2,1694.2,789.5,110.1,12.46,53.73,1,1.000,2,0.395,1,POI-011,0
397.60,397.60,UAV-4,SCOUT,ACTIVE,TRANSIT,898.1,2242.6,759.0,110.3,22.00,54.02,1,1.000,1,1.000,1,POI-013,0
397.60,397.60,UAV-5,RELAY,ACTIVE,RELAY_HOLD,2035.8,1756.0,834.4,147.6,12.03,56.92,1,1.000,1,1.000,1,,0
398.62,398.62,UAV-1,RELAY,KILLED,LANDED,2168.4,1909.5,687.3,0.3,0.00,87.74,0,1.000,1,0.000,1,,0
398.62,398.62,UAV-2,SCOUT,ACTIVE,TRANSIT,1528.4,1856.7,778.3,111.6,18.34,53.66,1,1.000,1,1.000,1,POI-012,0
398.62,398.62,UAV-3,SCOUT,ACTIVE,TRANSIT,1911.4,1694.8,788.9,109.7,11.47,53.60,1,1.000,2,0.301,1,POI-011,0
398.62,398.62,UAV-4,SCOUT,ACTIVE,TRANSIT,920.2,2246.8,759.5,110.6,22.00,53.91,1,1.000,1,1.000,1,POI-013,0
398.62,398.62,UAV-5,RELAY,ACTIVE,RELAY_HOLD,2029.1,1745.7,833.2,146.8,12.20,56.78,1,1.000,1,1.000,1,,0
399.64,399.64,UAV-1,RELAY,KILLED,LANDED,2168.4,1909.5,687.3,0.3,0.00,87.74,0,1.000,1,0.000,1,,0
399.64,399.64,UAV-2,SCOUT,ACTIVE,TRANSIT,1535.6,1839.6,778.5,111.0,18.09,53.53,1,1.000,2,1.000,1,POI-012,0
399.64,399.64,UAV-3,SCOUT,ACTIVE,TRANSIT,1899.8,1698.4,788.3,109.1,12.21,53.47,1,1.000,3,0.241,1,POI-011,0
399.64,399.64,UAV-4,SCOUT,ACTIVE,TRANSIT,942.2,2251.0,759.9,110.3,22.00,53.81,1,1.000,1,1.000,1,POI-013,0
399.64,399.64,UAV-5,RELAY,ACTIVE,RELAY_HOLD,2022.5,1735.2,831.5,145.7,11.92,56.65,1,1.000,1,1.000,1,,0
400.66,400.66,UAV-1,RELAY,KILLED,LANDED,2168.4,1909.5,687.3,0.3,0.00,87.74,0,1.000,1,0.000,1,,0
400.66,400.66,UAV-2,SCOUT,ACTIVE,TRANSIT,1542.1,1823.3,777.8,109.9,15.11,53.41,1,1.000,2,0.878,1,POI-012,0
400.66,400.66,UAV-3,SCOUT,ACTIVE,TRANSIT,1887.9,1702.6,787.7,108.7,12.57,53.35,1,1.000,3,0.180,1,POI-011,0
400.66,400.66,UAV-4,SCOUT,ACTIVE,TRANSIT,964.2,2255.2,760.3,110.0,22.00,53.71,1,1.000,1,1.000,1,POI-013,0
400.66,400.66,UAV-5,RELAY,ACTIVE,RELAY_HOLD,2015.4,1726.0,829.2,143.9,11.88,56.52,1,1.000,1,1.000,1,,0
401.68,401.68,UAV-1,RELAY,KILLED,LANDED,2168.4,1909.5,687.3,0.3,0.00,87.74,0,1.000,1,0.000,1,,0
401.68,401.68,UAV-2,SCOUT,ACTIVE,TRANSIT,1547.3,1812.2,771.5,103.1,13.16,53.27,1,1.000,2,0.677,1,POI-012,0
401.68,401.68,UAV-3,SCOUT,ACTIVE,TRANSIT,1875.7,1706.7,787.1,108.7,12.73,53.23,1,1.000,3,0.245,1,POI-011,0
401.68,401.68,UAV-4,SCOUT,ACTIVE,TRANSIT,986.3,2259.4,760.7,110.7,22.00,53.60,1,1.000,1,1.000,1,POI-013,0
401.68,401.68,UAV-5,RELAY,ACTIVE,RELAY_HOLD,2006.4,1717.5,828.2,143.6,12.43,56.39,1,1.000,1,1.000,1,,0
402.70,402.70,UAV-1,RELAY,KILLED,LANDED,2168.4,1909.5,687.3,0.3,0.00,87.74,0,1.000,1,0.000,1,,0
402.70,402.70,UAV-2,SCOUT,ACTIVE,TRANSIT,1551.6,1805.4,760.2,91.3,14.48,53.14,1,1.000,2,0.253,1,POI-012,0
402.70,402.70,UAV-3,SCOUT,ACTIVE,TRANSIT,1863.3,1710.6,786.6,108.9,12.78,53.11,1,1.000,3,0.245,1,POI-011,0
402.70,402.70,UAV-4,SCOUT,ACTIVE,TRANSIT,1008.3,2263.6,761.1,111.0,21.98,53.50,1,1.000,1,1.000,1,POI-013,0
402.70,402.70,UAV-5,RELAY,ACTIVE,RELAY_HOLD,1996.4,1709.5,828.1,144.3,12.71,56.26,1,1.000,3,0.988,1,,0
403.72,403.72,UAV-1,RELAY,KILLED,LANDED,2168.4,1909.5,687.3,0.3,0.00,87.74,0,1.000,1,0.000,1,,0
403.72,403.72,UAV-2,SCOUT,ACTIVE,TRANSIT,1555.1,1801.9,745.3,76.1,16.21,53.01,1,1.000,2,0.166,1,POI-012,0
403.72,403.72,UAV-3,SCOUT,ACTIVE,TRANSIT,1850.8,1714.4,786.1,108.8,12.79,52.98,1,1.000,3,0.412,1,POI-011,0
403.72,403.72,UAV-4,SCOUT,ACTIVE,TRANSIT,1029.5,2264.3,762.3,111.1,20.31,53.37,1,1.000,1,1.000,1,POI-013,0
403.72,403.72,UAV-5,RELAY,ACTIVE,RELAY_HOLD,1985.9,1702.0,828.5,145.5,12.68,56.13,1,1.000,3,0.950,1,,0
404.74,404.74,UAV-1,RELAY,KILLED,LANDED,2168.4,1909.5,687.3,0.3,0.00,87.74,0,1.000,1,0.000,1,,0
404.74,404.74,UAV-2,SCOUT,ACTIVE,SURVEY,1558.1,1800.9,728.4,59.0,17.46,52.88,1,1.000,2,0.003,1,POI-012,0
404.74,404.74,UAV-3,SCOUT,ACTIVE,TRANSIT,1838.3,1718.0,785.6,108.5,12.76,52.86,1,1.000,3,0.370,1,POI-011,0
404.74,404.74,UAV-4,SCOUT,ACTIVE,TRANSIT,1049.9,2259.8,763.5,111.1,21.07,53.24,1,1.000,1,1.000,1,POI-013,0
404.74,404.74,UAV-5,RELAY,ACTIVE,RELAY_TRANSIT,1976.2,1696.0,827.2,144.9,9.82,56.00,1,1.000,3,0.999,1,,0
405.76,405.76,UAV-1,RELAY,KILLED,LANDED,2168.4,1909.5,687.3,0.3,0.00,87.74,0,1.000,1,0.000,1,,0
405.76,405.76,UAV-2,SCOUT,ACTIVE,SURVEY,1560.2,1802.0,711.2,41.8,14.88,52.75,1,1.000,2,0.014,1,POI-012,0
405.76,405.76,UAV-3,SCOUT,ACTIVE,TRANSIT,1825.7,1721.4,785.2,108.0,12.76,52.74,1,1.000,3,0.292,1,POI-011,0
405.76,405.76,UAV-4,SCOUT,ACTIVE,TRANSIT,1070.8,2253.1,764.7,111.0,21.89,53.13,1,1.000,1,1.000,1,POI-013,0
405.76,405.76,UAV-5,RELAY,ACTIVE,RELAY_TRANSIT,1969.4,1693.4,820.6,138.6,9.70,55.87,1,1.000,3,0.889,1,,0
406.78,406.78,UAV-1,RELAY,KILLED,LANDED,2168.4,1909.5,687.3,0.3,0.00,87.74,0,1.000,1,0.000,1,,0
406.78,406.78,UAV-2,SCOUT,ACTIVE,TRANSIT,1558.4,1804.5,702.4,33.2,2.64,52.60,1,1.000,2,0.013,1,POI-010,0
406.78,406.78,UAV-3,SCOUT,ACTIVE,TRANSIT,1813.2,1724.6,784.8,107.8,12.74,52.62,1,1.000,3,0.210,1,POI-011,0
406.78,406.78,UAV-4,SCOUT,ACTIVE,TRANSIT,1092.0,2245.9,765.8,110.7,21.94,53.03,1,1.000,1,1.000,1,POI-013,0
406.78,406.78,UAV-5,RELAY,ACTIVE,RELAY_TRANSIT,1962.9,1695.1,813.1,131.6,10.25,55.73,1,1.000,3,0.770,1,,0
407.80,407.80,UAV-1,RELAY,KILLED,LANDED,2168.4,1909.5,687.3,0.3,0.00,87.74,0,1.000,1,0.000,1,,0
407.80,407.80,UAV-2,SCOUT,ACTIVE,TRANSIT,1559.1,1805.2,706.4,37.2,9.57,52.45,1,1.000,2,0.032,1,POI-010,0
407.80,407.80,UAV-3,SCOUT,ACTIVE,TRANSIT,1800.6,1727.6,784.4,107.9,12.65,52.49,1,1.000,3,0.407,1,POI-011,0
407.80,407.80,UAV-4,SCOUT,ACTIVE,TRANSIT,1113.1,2238.6,767.0,111.1,21.98,52.92,1,1.000,1,1.000,1,POI-013,0
407.80,407.80,UAV-5,RELAY,ACTIVE,RELAY_TRANSIT,1956.0,1700.3,806.2,125.2,11.44,55.60,1,1.000,3,0.775,1,,0
408.82,408.82,UAV-1,RELAY,KILLED,LANDED,2168.4,1909.5,687.3,0.3,0.00,87.74,0,1.000,1,0.000,1,,0
408.82,408.82,UAV-2,SCOUT,ACTIVE,TRANSIT,1559.8,1805.3,720.7,51.5,17.61,52.29,1,1.000,2,0.004,1,POI-010,0
408.82,408.82,UAV-3,SCOUT,ACTIVE,TRANSIT,1788.0,1730.4,784.1,108.3,12.60,52.37,1,1.000,3,0.259,1,POI-011,0
408.82,408.82,UAV-4,SCOUT,ACTIVE,TRANSIT,1134.3,2231.3,768.1,112.3,21.97,52.81,1,1.000,1,1.000,1,POI-013,0
408.82,408.82,UAV-5,RELAY,ACTIVE,RELAY_TRANSIT,1948.4,1707.2,799.9,119.4,12.24,55.48,1,1.000,3,0.758,1,,0
409.84,409.84,UAV-1,RELAY,KILLED,LANDED,2168.4,1909.5,687.3,0.3,0.00,87.74,0,1.000,1,0.000,1,,0
409.84,409.84,UAV-2,SCOUT,ACTIVE,TRANSIT,1560.4,1805.1,740.5,71.3,20.36,52.15,1,1.000,2,0.255,1,POI-010,0
409.84,409.84,UAV-3,SCOUT,ACTIVE,TRANSIT,1775.4,1733.0,783.8,109.0,12.65,52.25,1,1.000,3,0.332,1,POI-011,0
409.84,409.84,UAV-4,SCOUT,ACTIVE,TRANSIT,1155.4,2223.9,769.2,112.6,21.96,52.71,1,1.000,1,1.000,1,POI-013,0
409.84,409.84,UAV-5,RELAY,ACTIVE,RELAY_TRANSIT,1940.0,1714.8,794.0,114.0,12.66,55.36,1,1.000,3,0.797,1,,0
410.86,410.86,UAV-1,RELAY,KILLED,LANDED,2168.4,1909.5,687.3,0.3,0.00,87.74,0,1.000,1,0.000,1,,0
410.86,410.86,UAV-2,SCOUT,ACTIVE,TRANSIT,1560.8,1804.4,759.8,90.5,14.10,52.01,1,1.000,2,0.155,1,POI-010,0
410.86,410.86,UAV-3,SCOUT,ACTIVE,TRANSIT,1762.7,1735.4,783.5,109.6,12.69,52.13,1,1.000,3,0.398,1,POI-011,0
410.86,410.86,UAV-4,SCOUT,ACTIVE,TRANSIT,1176.5,2216.5,770.3,112.0,21.96,52.60,1,1.000,1,1.000,1,POI-013,0
410.86,410.86,UAV-5,RELAY,ACTIVE,RELAY_TRANSIT,1930.9,1722.4,788.6,109.0,12.85,55.24,1,1.000,3,0.948,1,,0
411.88,411.88,UAV-1,RELAY,KILLED,LANDED,2168.4,1909.5,687.3,0.3,0.00,87.74,0,1.000,1,0.000,1,,0
411.88,411.88,UAV-2,SCOUT,ACTIVE,TRANSIT,1563.5,1803.2,769.0,99.6,7.43,51.88,1,1.000,2,0.434,1,POI-010,0
411.88,411.88,UAV-3,SCOUT,ACTIVE,TRANSIT,1749.9,1737.4,783.3,109.8,12.68,52.00,1,1.000,3,0.298,1,POI-011,0
411.88,411.88,UAV-4,SCOUT,ACTIVE,TRANSIT,1197.6,2209.1,771.3,111.3,21.97,52.49,1,1.000,1,1.000,1,POI-013,0
411.88,411.88,UAV-5,RELAY,ACTIVE,RELAY_TRANSIT,1921.2,1729.7,783.7,104.2,12.91,55.11,1,1.000,3,0.929,1,,0
412.90,412.90,UAV-1,RELAY,KILLED,LANDED,2168.4,1909.5,687.3,0.3,0.00,87.74,0,1.000,1,0.000,1,,0
412.90,412.90,UAV-2,SCOUT,ACTIVE,TRANSIT,1569.9,1799.2,773.8,103.8,10.82,51.74,1,1.000,2,0.241,1,POI-010,0
412.90,412.90,UAV-3,SCOUT,ACTIVE,TRANSIT,1737.1,1739.2,783.1,109.7,12.63,51.88,1,1.000,3,0.210,1,POI-011,0
412.90,412.90,UAV-4,SCOUT,ACTIVE,TRANSIT,1218.8,2201.6,772.2,110.5,22.00,52.39,1,1.000,1,1.000,1,POI-013,0
412.90,412.90,UAV-5,RELAY,ACTIVE,RELAY_TRANSIT,1911.0,1736.8,779.2,99.5,12.86,54.99,1,1.000,3,0.952,1,,0
413.92,413.92,UAV-1,RELAY,KILLED,LANDED,2168.4,1909.5,687.3,0.3,0.00,87.74,0,1.000,1,0.000,1,,0
413.92,413.92,UAV-2,SCOUT,ACTIVE,TRANSIT,1579.7,1791.2,777.1,106.3,14.40,51.61,1,1.000,2,0.459,1,POI-010,0
413.92,413.92,UAV-3,SCOUT,ACTIVE,TRANSIT,1724.4,1740.7,783.0,109.5,12.58,51.76,1,1.000,3,0.138,1,POI-011,0
413.92,413.92,UAV-4,SCOUT,ACTIVE,TRANSIT,1238.8,2193.8,772.8,110.0,19.11,52.27,1,1.000,1,1.000,1,POI-013,0
413.92,413.92,UAV-5,RELAY,ACTIVE,RELAY_TRANSIT,1900.5,1743.4,775.2,95.3,12.80,54.87,1,1.000,3,0.852,1,,0
414.94,414.94,UAV-1,RELAY,KILLED,LANDED,2168.4,1909.5,687.3,0.3,0.00,87.74,0,1.000,1,0.000,1,,0
414.94,414.94,UAV-2,SCOUT,ACTIVE,TRANSIT,1589.4,1779.3,779.6,107.9,15.93,51.49,1,1.000,2,0.225,1,POI-010,0
414.94,414.94,UAV-3,SCOUT,ACTIVE,TRANSIT,1711.6,1741.9,782.9,109.5,12.52,51.64,1,1.000,3,0.174,1,POI-011,0
414.94,414.94,UAV-4,SCOUT,ACTIVE,TRANSIT,1254.8,2183.5,772.9,109.4,18.85,52.15,1,1.000,1,1.000,1,POI-013,0
414.94,414.94,UAV-5,RELAY,ACTIVE,RELAY_TRANSIT,1889.6,1749.5,771.6,92.0,12.74,54.75,1,1.000,3,0.941,1,,0
415.96,415.96,UAV-1,RELAY,KILLED,LANDED,2168.4,1909.5,687.3,0.3,0.00,87.74,0,1.000,1,0.000,1,,0
415.96,415.96,UAV-2,SCOUT,ACTIVE,TRANSIT,1597.4,1766.4,779.8,107.6,13.03,51.36,1,1.000,2,0.035,1,POI-010,0
415.96,415.96,UAV-3,SCOUT,ACTIVE,TRANSIT,1699.1,1743.0,782.9,109.9,11.30,51.51,1,1.000,3,0.125,1,POI-011,0
415.96,415.96,UAV-4,SCOUT,ACTIVE,TRANSIT,1269.8,2170.8,773.0,109.0,19.61,52.02,1,1.000,1,1.000,1,POI-013,0
415.96,415.96,UAV-5,RELAY,ACTIVE,RELAY_TRANSIT,1878.3,1755.1,768.5,89.3,12.70,54.63,1,1.000,3,0.976,1,,0
416.98,416.98,UAV-1,RELAY,KILLED,LANDED,2168.4,1909.5,687.3,0.3,0.00,87.74,0,1.000,1,0.000,1,,0
416.98,416.98,UAV-2,SCOUT,ACTIVE,TRANSIT,1603.8,1757.7,773.5,101.2,12.48,51.23,1,1.000,2,0.020,1,POI-010,0
416.98,416.98,UAV-3,SCOUT,ACTIVE,TRANSIT,1689.0,1747.8,782.9,110.3,11.52,51.38,1,1.000,3,0.231,1,POI-011,0
416.98,416.98,UAV-4,SCOUT,ACTIVE,TRANSIT,1284.5,2157.0,773.1,109.5,20.04,51.89,1,1.000,1,1.000,1,POI-013,0
416.98,416.98,UAV-5,RELAY,ACTIVE,RELAY_TRANSIT,1866.7,1760.2,765.8,87.0,12.70,54.51,1,1.000,3,0.958,1,,0
418.00,418.00,UAV-1,RELAY,KILLED,LANDED,2168.4,1909.5,687.3,0.3,0.00,87.74,0,1.000,1,0.000,1,,0
418.00,418.00,UAV-2,SCOUT,ACTIVE,TRANSIT,1608.9,1752.6,762.0,89.5,14.39,51.10,1,1.000,2,0.000,1,POI-010,0
418.00,418.00,UAV-3,SCOUT,ACTIVE,TRANSIT,1680.2,1756.9,782.9,110.5,13.29,51.25,1,1.000,3,0.232,1,POI-011,0
418.00,418.00,UAV-4,SCOUT,ACTIVE,TRANSIT,1299.3,2142.7,773.1,110.8,20.20,51.76,1,1.000,1,1.000,1,POI-013,0
418.00,418.00,UAV-5,RELAY,ACTIVE,RELAY_TRANSIT,1854.7,1764.6,763.6,84.8,12.71,54.39,1,1.000,3,1.000,1,,0
419.02,419.02,UAV-1,RELAY,KILLED,LANDED,2168.4,1909.5,687.3,0.3,0.00,87.74,0,1.000,1,0.000,1,,0
419.02,419.02,UAV-2,SCOUT,ACTIVE,TRANSIT,1612.9,1750.3,747.0,74.4,16.31,50.98,1,1.000,2,0.000,1,POI-010,0
419.02,419.02,UAV-3,SCOUT,ACTIVE,TRANSIT,1672.1,1768.7,782.9,110.4,14.68,51.12,1,1.000,3,0.437,1,POI-011,0
419.02,419.02,UAV-4,SCOUT,ACTIVE,TRANSIT,1314.1,2128.3,773.2,112.2,20.31,51.63,1,1.000,1,1.000,1,POI-013,0
419.02,419.02,UAV-5,RELAY,ACTIVE,RELAY_TRANSIT,1842.4,1768.3,761.8,83.2,12.75,54.27,1,1.000,3,0.914,1,,0
420.04,420.04,UAV-1,RELAY,KILLED,LANDED,2168.4,1909.5,687.3,0.3,0.00,87.74,0,1.000,1,0.000,1,,0
420.04,420.04,UAV-2,SCOUT,ACTIVE,SURVEY,1615.9,1749.7,730.0,57.3,17.50,50.87,1,1.000,2,0.000,1,POI-010,0
420.04,420.04,UAV-3,SCOUT,ACTIVE,TRANSIT,1664.8,1781.9,782.5,109.6,13.69,50.99,1,1.000,3,0.938,1,POI-011,0
420.04,420.04,UAV-4,SCOUT,ACTIVE,TRANSIT,1329.0,2113.8,773.3,113.0,20.37,51.51,1,1.000,1,1.000,1,POI-013,0
420.04,420.04,UAV-5,RELAY,ACTIVE,RELAY_HOLD,1829.2,1772.0,762.0,84.2,15.41,54.13,1,1.000,3,0.902,1,,0
421.06,421.06,UAV-1,RELAY,KILLED,LANDED,2168.4,1909.5,687.3,0.3,0.00,87.74,0,1.000,1,0.000,1,,0
421.06,421.06,UAV-2,SCOUT,ACTIVE,SURVEY,1616.8,1749.9,713.7,41.0,13.08,50.75,1,1.000,2,0.000,1,POI-010,0
421.06,421.06,UAV-3,SCOUT,ACTIVE,TRANSIT,1660.9,1792.1,777.2,104.1,11.62,50.87,1,1.000,3,0.732,1,POI-011,0
421.06,421.06,UAV-4,SCOUT,ACTIVE,TRANSIT,1343.7,2099.1,773.3,112.7,20.41,51.38,1,1.000,1,1.000,1,POI-013,0
421.06,421.06,UAV-5,RELAY,ACTIVE,RELAY_HOLD,1814.1,1777.4,769.2,92.4,18.33,53.98,1,1.000,3,1.000,1,,0
422.08,422.08,UAV-1,RELAY,KILLED,LANDED,2168.4,1909.5,687.3,0.3,0.00,87.74,0,1.000,1,0.000,1,,0
422.08,422.08,UAV-2,SCOUT,ACTIVE,TRANSIT,1613.9,1750.0,706.7,34.1,0.97,50.60,1,1.000,2,0.000,1,POI-014,0
422.08,422.08,UAV-3,SCOUT,ACTIVE,TRANSIT,1659.6,1798.6,766.5,93.4,13.45,50.76,1,1.000,3,0.875,1,POI-011,0
422.08,422.08,UAV-4,SCOUT,ACTIVE,TRANSIT,1358.4,2084.4,773.4,112.4,20.48,51.25,1,1.000,1,1.000,1,POI-013,0
422.08,422.08,UAV-5,RELAY,ACTIVE,RELAY_HOLD,1798.4,1782.9,778.4,101.9,19.06,53.84,1,1.000,3,0.958,1,,0
423.10,423.10,UAV-1,RELAY,KILLED,LANDED,2168.4,1909.5,687.3,0.3,0.00,87.74,0,1.000,1,0.000,1,,0
423.10,423.10,UAV-2,SCOUT,ACTIVE,TRANSIT,1614.7,1750.5,712.1,39.5,10.86,50.45,1,1.000,2,0.000,1,POI-014,0
423.10,423.10,UAV-3,SCOUT,ACTIVE,TRANSIT,1659.8,1802.2,752.0,78.9,15.64,50.65,1,1.000,3,0.571,1,POI-011,0
423.10,423.10,UAV-4,SCOUT,ACTIVE,TRANSIT,1373.1,2069.4,773.5,112.4,20.50,51.12,1,1.000,3,1.000,1,POI-013,0
423.10,423.10,UAV-5,RELAY,ACTIVE,RELAY_HOLD,1782.6,1788.1,788.2,111.9,18.78,53.70,1,1.000,1,1.000,1,,0
424.12,424.12,UAV-1,RELAY,KILLED,LANDED,2168.4,1909.5,687.3,0.3,0.00,87.74,0,1.000,1,0.000,1,,0
424.12,424.12,UAV-2,SCOUT,ACTIVE,TRANSIT,1615.7,1750.8,727.5,54.8,18.30,50.29,1,1.000,2,0.000,1,POI-014,0
424.12,424.12,UAV-3,SCOUT,ACTIVE,SURVEY,1660.5,1804.0,735.4,62.3,17.06,50.53,1,1.000,3,0.654,1,POI-011,0
424.12,424.12,UAV-4,SCOUT,ACTIVE,TRANSIT,1387.6,2054.5,773.5,112.5,20.43,50.99,1,1.000,1,1.000,1,POI-013,0
424.12,424.12,UAV-5,RELAY,ACTIVE,RELAY_HOLD,1767.0,1793.2,797.9,122.1,18.31,53.56,1,1.000,1,1.000,1,,0
425.14,425.14,UAV-1,RELAY,KILLED,LANDED,2168.4,1909.5,687.3,0.3,0.00,87.74,0,1.000,1,0.000,1,,0
425.14,425.14,UAV-2,SCOUT,ACTIVE,TRANSIT,1616.4,1750.8,747.7,75.0,20.48,50.15,1,1.000,2,0.000,1,POI-014,0
425.14,425.14,UAV-3,SCOUT,ACTIVE,SURVEY,1661.4,1804.7,717.6,44.4,17.82,50.40,1,1.000,3,0.437,1,POI-011,0
425.14,425.14,UAV-4,SCOUT,ACTIVE,TRANSIT,1402.0,2039.5,773.6,112.2,20.33,50.87,1,1.000,1,1.000,1,POI-013,0
425.14,425.14,UAV-5,RELAY,ACTIVE,RELAY_HOLD,1751.9,1798.3,806.9,131.6,17.67,53.43,1,1.000,1,1.000,1,,0
426.16,426.16,UAV-1,RELAY,KILLED,LANDED,2168.4,1909.5,687.3,0.3,0.00,87.74,0,1.000,1,0.000,1,,0
426.16,426.16,UAV-2,SCOUT,ACTIVE,TRANSIT,1617.2,1750.5,765.6,92.9,12.18,50.01,1,1.000,2,0.000,1,POI-014,0
426.16,426.16,UAV-3,SCOUT,ACTIVE,IDLE,1659.9,1803.5,705.8,32.7,5.05,50.25,1,1.000,3,0.170,1,,2
426.16,426.16,UAV-4,SCOUT,ACTIVE,TRANSIT,1416.3,2024.5,773.6,112.2,20.24,50.74,1,1.000,1,1.000,1,POI-013,0
426.16,426.16,UAV-5,RELAY,ACTIVE,RELAY_HOLD,1737.1,1803.0,815.3,140.1,16.89,53.30,1,1.000,3,1.000,1,,0
427.18,427.18,UAV-1,RELAY,KILLED,LANDED,2168.4,1909.5,687.3,0.3,0.00,87.74,0,1.000,1,0.000,1,,0
427.18,427.18,UAV-2,SCOUT,ACTIVE,TRANSIT,1620.4,1749.4,773.3,100.5,7.08,49.88,1,1.000,2,0.000,1,POI-014,0
427.18,427.18,UAV-3,SCOUT,ACTIVE,IDLE,1659.2,1802.3,704.7,31.6,1.10,50.13,1,1.000,3,0.155,1,,0
427.18,427.18,UAV-4,SCOUT,ACTIVE,TRANSIT,1430.4,2009.4,773.7,111.4,20.19,50.61,1,1.000,1,1.000,1,POI-013,0
427.18,427.18,UAV-5,RELAY,ACTIVE,RELAY_HOLD,1722.6,1807.0,822.7,147.9,15.84,53.17,1,1.000,1,1.000,1,,0
428.20,428.20,UAV-1,RELAY,KILLED,LANDED,2168.4,1909.5,687.3,0.3,0.00,87.74,0,1.000,1,0.000,1,,0
428.20,428.20,UAV-2,SCOUT,ACTIVE,TRANSIT,1627.3,1745.2,777.2,104.1,11.06,49.74,1,1.000,2,0.000,1,POI-014,0
428.20,428.20,UAV-3,SCOUT,ACTIVE,IDLE,1658.8,1801.5,705.0,31.9,0.80,50.04,1,1.000,3,0.103,1,,0
428.20,428.20,UAV-4,SCOUT,ACTIVE,TRANSIT,1444.2,1994.3,773.8,109.7,20.01,50.49,1,1.000,1,1.000,1,POI-013,0
428.20,428.20,UAV-5,RELAY,ACTIVE,RELAY_HOLD,1708.7,1810.3,828.9,154.7,14.87,53.04,1,1.000,1,1.000,1,,0
429.22,429.22,UAV-1,RELAY,KILLED,LANDED,2168.4,1909.5,687.3,0.3,0.00,87.74,0,1.000,1,0.000,1,,0
429.22,429.22,UAV-2,SCOUT,ACTIVE,TRANSIT,1637.0,1736.8,780.0,106.3,14.22,49.62,1,1.000,2,0.002,1,POI-014,0
429.22,429.22,UAV-3,SCOUT,ACTIVE,IDLE,1658.5,1800.9,705.2,32.2,0.55,49.94,1,1.000,3,0.150,1,,0
429.22,429.22,UAV-4,SCOUT,ACTIVE,TRANSIT,1457.6,1979.0,773.8,109.2,19.77,50.36,1,1.000,1,1.000,1,POI-013,0
429.22,429.22,UAV-5,RELAY,ACTIVE,RELAY_HOLD,1695.3,1813.2,833.6,159.7,13.37,52.92,1,1.000,1,1.000,1,,0
430.24,430.24,UAV-1,RELAY,KILLED,LANDED,2168.4,1909.5,687.3,0.3,0.00,87.74,0,1.000,1,0.000,1,,0
430.24,430.24,UAV-2,SCOUT,ACTIVE,TRANSIT,1645.9,1724.5,782.1,108.0,15.65,49.50,1,1.000,2,0.000,1,POI-014,0
430.24,430.24,UAV-3,SCOUT,ACTIVE,IDLE,1658.3,1800.5,705.3,32.3,0.38,49.84,1,1.000,3,0.038,1,,0
430.24,430.24,UAV-4,SCOUT,ACTIVE,TRANSIT,1468.1,1963.6,774.1,109.9,17.09,50.23,1,1.000,1,1.000,1,POI-013,0
430.24,430.24,UAV-5,RELAY,ACTIVE,RELAY_HOLD,1682.3,1816.4,838.0,164.1,15.00,52.77,1,1.000,1,1.000,1,,0
431.26,431.26,UAV-1,RELAY,KILLED,LANDED,2168.4,1909.5,687.3,0.3,0.00,87.74,0,1.000,1,0.000,1,,0
431.26,431.26,UAV-2,SCOUT,ACTIVE,TRANSIT,1653.1,1711.5,781.9,107.7,12.80,49.37,1,1.000,2,0.004,1,POI-014,0
431.26,431.26,UAV-3,SCOUT,ACTIVE,IDLE,1658.1,1800.2,705.4,32.4,0.27,49.75,1,1.000,3,0.135,1,,0
431.26,431.26,UAV-4,SCOUT,ACTIVE,TRANSIT,1475.2,1947.7,774.5,110.9,17.17,50.10,1,1.000,1,1.000,1,POI-013,0
431.26,431.26,UAV-5,RELAY,ACTIVE,RELAY_HOLD,1670.2,1823.7,843.6,169.8,12.72,52.64,1,1.000,3,1.000,1,,0
432.28,432.28,UAV-1,RELAY,KILLED,LANDED,2168.4,1909.5,687.3,0.3,0.00,87.74,0,1.000,1,0.000,1,,0
432.28,432.28,UAV-2,SCOUT,ACTIVE,TRANSIT,1658.9,1702.8,775.4,101.0,12.44,49.24,1,1.000,2,0.000,1,POI-014,0
432.28,432.28,UAV-3,SCOUT,ACTIVE,IDLE,1658.0,1800.0,705.5,32.5,0.19,49.65,1,1.000,3,0.070,1,,0
432.28,432.28,UAV-4,SCOUT,ACTIVE,TRANSIT,1481.5,1931.2,774.9,111.6,17.51,49.98,1,1.000,1,1.000,1,POI-013,0
432.28,432.28,UAV-5,RELAY,ACTIVE,RELAY_HOLD,1663.7,1828.3,845.1,171.6,3.70,52.50,1,1.000,1,1.000,1,,0
433.30,433.30,UAV-1,RELAY,KILLED,LANDED,2168.4,1909.5,687.3,0.3,0.00,87.74,0,1.000,1,0.000,1,,0
433.30,433.30,UAV-2,SCOUT,ACTIVE,TRANSIT,1663.5,1697.6,763.7,89.3,14.48,49.11,1,1.000,2,0.000,1,POI-014,0
433.30,433.30,UAV-3,SCOUT,ACTIVE,IDLE,1657.9,1799.9,705.5,32.5,0.14,49.56,1,1.000,3,0.115,1,,0
433.30,433.30,UAV-4,SCOUT,ACTIVE,TRANSIT,1487.5,1914.3,775.2,112.1,17.72,49.86,1,1.000,1,1.000,1,POI-013,0
433.30,433.30,UAV-5,RELAY,ACTIVE,RELAY_HOLD,1661.8,1829.9,844.0,170.5,4.44,52.37,1,1.000,1,1.000,1,,0
434.32,434.32,UAV-1,RELAY,KILLED,LANDED,2168.4,1909.5,687.3,0.3,0.00,87.74,0,1.000,1,0.000,1,,0
434.32,434.32,UAV-2,SCOUT,ACTIVE,TRANSIT,1667.1,1695.1,748.5,74.2,16.40,48.99,1,1.000,2,0.000,1,POI-014,0
434.32,434.32,UAV-3,SCOUT,ACTIVE,IDLE,1657.9,1799.8,705.5,32.5,0.09,49.46,1,1.000,3,0.132,1,,0
434.32,434.32,UAV-4,SCOUT,ACTIVE,TRANSIT,1493.4,1897.1,775.6,112.0,17.83,49.74,1,1.000,1,1.000,1,POI-013,0
434.32,434.32,UAV-5,RELAY,ACTIVE,RELAY_HOLD,1656.8,1833.5,842.0,168.5,7.97,52.25,1,1.000,1,1.000,1,,0
435.34,435.34,UAV-1,RELAY,KILLED,LANDED,2168.4,1909.5,687.3,0.3,0.00,87.74,0,1.000,1,0.000,1,,0
435.34,435.34,UAV-2,SCOUT,ACTIVE,SURVEY,1669.9,1694.4,731.4,57.1,17.56,48.87,1,1.000,2,0.000,1,POI-014,0
435.34,435.34,UAV-3,SCOUT,ACTIVE,IDLE,1657.8,1799.7,705.5,32.6,0.06,49.36,1,1.000,3,0.140,1,,0
435.34,435.34,UAV-4,SCOUT,ACTIVE,TRANSIT,1499.2,1879.9,775.9,111.5,17.82,49.61,1,1.000,1,1.000,1,POI-013,0
435.34,435.34,UAV-5,RELAY,ACTIVE,RELAY_HOLD,1648.3,1836.7,840.3,167.1,9.87,52.13,1,1.000,1,1.000,1,,0
436.36,436.36,UAV-1,RELAY,KILLED,LANDED,2168.4,1909.5,687.3,0.3,0.00,87.74,0,1.000,1,0.000,1,,0
436.36,436.36,UAV-2,SCOUT,ACTIVE,SURVEY,1670.7,1694.6,714.9,40.7,13.18,48.75,1,1.000,2,0.000,1,POI-014,0
436.36,436.36,UAV-3,SCOUT,ACTIVE,IDLE,1657.8,1799.6,705.5,32.6,0.04,49.27,1,1.000,3,0.127,1,,0
436.36,436.36,UAV-4,SCOUT,ACTIVE,TRANSIT,1504.7,1862.6,776.2,110.7,17.71,49.49,1,1.000,1,1.000,1,POI-013,0
436.36,436.36,UAV-5,RELAY,ACTIVE,RELAY_HOLD,1638.1,1838.9,838.8,166.0,10.80,52.01,1,1.000,1,1.000,1,,0
437.38,437.38,UAV-1,RELAY,KILLED,LANDED,2168.4,1909.5,687.3,0.3,0.00,87.74,0,1.000,1,0.000,1,,0
437.38,437.38,UAV-2,SCOUT,ACTIVE,IDLE,1667.9,1694.9,707.9,33.6,1.70,48.61,1,1.000,2,0.000,1,,0
437.38,437.38,UAV-3,SCOUT,ACTIVE,IDLE,1657.8,1799.6,705.6,32.6,0.02,49.17,1,1.000,3,0.046,1,,0
437.38,437.38,UAV-4,SCOUT,ACTIVE,TRANSIT,1510.2,1845.5,776.5,109.9,17.59,49.37,1,1.000,3,1.000,1,POI-013,0
437.38,437.38,UAV-5,RELAY,ACTIVE,RELAY_HOLD,1625.8,1840.8,839.6,167.6,14.16,51.87,1,1.000,1,1.000,1,,0
438.40,438.40,UAV-1,RELAY,KILLED,LANDED,2168.4,1909.5,687.3,0.3,0.00,87.74,0,1.000,1,0.000,1,,0
438.40,438.40,UAV-2,SCOUT,ACTIVE,IDLE,1668.2,1695.5,707.7,33.3,0.74,48.50,1,1.000,2,0.000,1,,0
438.40,438.40,UAV-3,SCOUT,ACTIVE,IDLE,1657.8,1799.6,705.6,32.6,0.02,49.07,1,1.000,3,0.145,1,,0
438.40,438.40,UAV-4,SCOUT,ACTIVE,TRANSIT,1515.4,1828.3,776.8,109.8,17.54,49.24,1,1.000,3,0.794,1,POI-013,0
438.40,438.40,UAV-5,RELAY,ACTIVE,RELAY_HOLD,1613.8,1843.1,841.6,170.5,9.81,51.73,1,1.000,1,1.000,1,,0
439.42,439.42,UAV-1,RELAY,KILLED,LANDED,2168.4,1909.5,687.3,0.3,0.00,87.74,0,1.000,1,0.000,1,,0
439.42,439.42,UAV-2,SCOUT,ACTIVE,IDLE,1668.6,1696.0,707.8,33.5,0.54,48.41,1,1.000,2,0.000,1,,0
439.42,439.42,UAV-3,STANDBY,RETURNING,RTH,1657.8,1799.6,705.6,32.6,0.01,48.98,1,1.000,3,0.097,1,,0
439.42,439.42,UAV-4,SCOUT,ACTIVE,TRANSIT,1520.5,1811.2,777.1,109.7,17.45,49.12,1,1.000,3,0.431,1,POI-013,0
439.42,439.42,UAV-5,RELAY,ACTIVE,RELAY_HOLD,1608.2,1842.5,842.8,172.2,3.08,51.60,1,1.000,1,1.000,1,,0
440.44,440.44,UAV-1,RELAY,KILLED,LANDED,2168.4,1909.5,687.3,0.3,0.00,87.74,0,1.000,1,0.000,1,,0
440.44,440.44,UAV-2,SCOUT,ACTIVE,IDLE,1668.9,1696.3,707.9,33.7,0.38,48.31,1,1.000,2,0.000,1,,0
440.44,440.44,UAV-3,STANDBY,RETURNING,RTH,1657.8,1799.6,711.7,38.7,11.38,48.82,1,1.000,3,0.164,1,,0
440.44,440.44,UAV-4,SCOUT,ACTIVE,TRANSIT,1525.3,1794.1,777.3,108.9,17.33,49.00,1,1.000,3,0.263,1,POI-013,0
440.44,440.44,UAV-5,RELAY,ACTIVE,RELAY_HOLD,1610.0,1839.1,843.3,172.6,6.15,51.47,1,1.000,1,1.000,1,,0
441.46,441.46,UAV-1,RELAY,KILLED,LANDED,2168.4,1909.5,687.3,0.3,0.00,87.74,0,1.000,1,0.000,1,,0
441.46,441.46,UAV-2,SCOUT,ACTIVE,IDLE,1669.1,1696.6,708.0,33.7,0.26,48.21,1,1.000,2,0.000,1,,0
441.46,441.46,UAV-3,STANDBY,RETURNING,RTH,1658.1,1799.7,727.4,54.5,18.51,48.67,1,1.000,3,0.337,1,,0
441.46,441.46,UAV-4,SCOUT,ACTIVE,TRANSIT,1529.9,1777.1,777.6,108.2,17.24,48.88,1,1.000,3,0.003,1,POI-013,0
441.46,441.46,UAV-5,RELAY,ACTIVE,RELAY_HOLD,1617.1,1836.5,844.0,172.7,7.79,51.36,1,1.000,1,1.000,1,,0
442.48,442.48,UAV-1,RELAY,KILLED,LANDED,2168.4,1909.5,687.3,0.3,0.00,87.74,0,1.000,1,0.000,1,,0
442.48,442.48,UAV-2,SCOUT,ACTIVE,IDLE,1669.2,1696.7,708.1,33.8,0.18,48.12,1,1.000,2,0.000,1,,0
442.48,442.48,UAV-3,STANDBY,RETURNING,RTH,1658.3,1799.7,747.8,74.8,20.62,48.53,1,1.000,3,0.688,1,,0
442.48,442.48,UAV-4,SCOUT,ACTIVE,TRANSIT,1534.3,1760.1,777.8,108.1,17.17,48.75,1,1.000,3,0.000,1,POI-013,0
442.48,442.48,UAV-5,RELAY,ACTIVE,RELAY_HOLD,1622.4,1836.0,843.9,172.2,2.65,51.23,1,1.000,1,1.000,1,,0
443.50,443.50,UAV-1,RELAY,KILLED,LANDED,2168.4,1909.5,687.3,0.3,0.00,87.74,0,1.000,1,0.000,1,,0
443.50,443.50,UAV-2,SCOUT,ACTIVE,IDLE,1669.3,1696.9,708.1,33.8,0.13,48.02,1,1.000,2,0.000,1,,0
443.50,443.50,UAV-3,STANDBY,RETURNING,RTH,1658.6,1800.0,765.8,92.8,12.14,48.39,1,1.000,3,0.984,1,,0
443.50,443.50,UAV-4,SCOUT,ACTIVE,TRANSIT,1538.3,1743.2,778.0,108.3,17.02,48.63,1,1.000,3,0.000,1,POI-013,0
443.50,443.50,UAV-5,RELAY,ACTIVE,RELAY_HOLD,1621.9,1838.5,843.8,172.1,4.26,51.10,1,1.000,1,1.000,1,,0
444.52,444.52,UAV-1,RELAY,KILLED,LANDED,2168.4,1909.5,687.3,0.3,0.00,87.74,0,1.000,1,0.000,1,,0
444.52,444.52,UAV-2,SCOUT,ACTIVE,IDLE,1669.4,1696.9,708.1,33.9,0.08,47.93,1,1.000,2,0.000,1,,0
444.52,444.52,UAV-3,STANDBY,RETURNING,RTH,1659.0,1801.7,773.2,100.2,3.77,48.26,1,1.000,3,0.953,1,,0
444.52,444.52,UAV-4,SCOUT,ACTIVE,TRANSIT,1541.9,1726.3,778.1,108.9,16.84,48.51,1,1.000,3,0.000,1,POI-013,0
444.52,444.52,UAV-5,RELAY,ACTIVE,RELAY_HOLD,1616.4,1839.6,844.1,172.8,6.42,50.98,1,1.000,1,1.000,1,,0
445.54,445.54,UAV-1,RELAY,KILLED,LANDED,2168.4,1909.5,687.3,0.3,0.00,87.74,0,1.000,1,0.000,1,,0
445.54,445.54,UAV-2,SCOUT,ACTIVE,IDLE,1669.4,1697.0,708.1,33.9,0.06,47.83,1,1.000,2,0.000,1,,0
445.54,445.54,UAV-3,STANDBY,RETURNING,RTH,1658.0,1805.5,774.3,101.3,6.15,48.12,1,1.000,3,1.000,1,,0
445.54,445.54,UAV-4,SCOUT,ACTIVE,TRANSIT,1545.1,1711.0,776.6,108.1,13.28,48.38,1,1.000,3,0.000,1,POI-013,0
445.54,445.54,UAV-5,RELAY,ACTIVE,RELAY_HOLD,1613.5,1839.3,844.4,173.4,0.37,50.88,1,1.000,1,1.000,1,,0
446.56,446.56,UAV-1,RELAY,KILLED,LANDED,2168.4,1909.5,687.3,0.3,0.00,87.74,0,1.000,1,0.000,1,,0
446.56,446.56,UAV-2,SCOUT,ACTIVE,IDLE,1669.5,1697.0,708.2,33.9,0.04,47.73,1,1.000,2,0.000,1,,0
446.56,446.56,UAV-3,STANDBY,RETURNING,RTH,1654.0,1813.1,774.4,101.6,10.46,47.98,1,1.000,3,1.000,1,,0
446.56,446.56,UAV-4,SCOUT,ACTIVE,TRANSIT,1547.8,1701.1,769.2,100.9,12.59,48.25,1,1.000,3,0.000,1,POI-013,0
446.56,446.56,UAV-5,RELAY,ACTIVE,RELAY_HOLD,1614.1,1839.4,844.5,173.4,0.63,50.78,1,1.000,1,1.000,1,,0
447.58,447.58,UAV-1,RELAY,KILLED,LANDED,2168.4,1909.5,687.3,0.3,0.00,87.74,0,1.000,1,0.000,1,,0
447.58,447.58,UAV-2,SCOUT,ACTIVE,IDLE,1669.5,1697.0,708.2,33.9,0.03,47.64,1,1.000,2,0.000,1,,0
447.58,447.58,UAV-3,STANDBY,RETURNING,RTH,1647.9,1823.6,774.5,101.8,13.10,47.84,1,1.000,1,1.000,1,,0
447.58,447.58,UAV-4,SCOUT,ACTIVE,TRANSIT,1550.3,1695.3,757.1,88.7,14.37,48.12,1,1.000,3,0.000,1,POI-013,0
447.58,447.58,UAV-5,RELAY,ACTIVE,RELAY_HOLD,1614.0,1839.7,844.2,173.1,0.76,50.69,1,1.000,1,1.000,1,,0
448.60,448.60,UAV-1,RELAY,KILLED,LANDED,2168.4,1909.5,687.3,0.3,0.00,87.74,0,1.000,1,0.000,1,,0
448.60,448.60,UAV-2,SCOUT,ACTIVE,IDLE,1669.5,1697.1,708.2,33.9,0.02,47.54,1,1.000,2,0.000,1,,0
448.60,448.60,UAV-3,STANDBY,RETURNING,RTH,1640.5,1835.7,774.5,101.6,14.36,47.71,1,1.000,1,1.000,1,,0
448.60,448.60,UAV-4,SCOUT,ACTIVE,TRANSIT,1552.4,1692.6,741.9,73.4,16.16,47.99,1,1.000,3,0.000,1,POI-013,0
448.60,448.60,UAV-5,RELAY,ACTIVE,RELAY_HOLD,1613.2,1839.7,842.7,171.7,2.94,50.59,1,1.000,1,1.000,1,,0
449.62,449.62,UAV-1,RELAY,KILLED,LANDED,2168.4,1909.5,687.3,0.3,0.00,87.74,0,1.000,1,0.000,1,,0
449.62,449.62,UAV-2,STANDBY,RETURNING,RTH,1669.5,1697.1,708.2,33.9,0.02,47.44,1,1.000,2,0.000,1,,0
449.62,449.62,UAV-3,STANDBY,RETURNING,RTH,1632.4,1848.2,774.4,101.8,14.88,47.57,1,1.000,1,1.000,1,,0
449.62,449.62,UAV-4,SCOUT,ACTIVE,SURVEY,1554.2,1692.0,724.8,56.3,17.38,47.87,1,1.000,3,0.000,1,POI-013,0
449.62,449.62,UAV-5,RELAY,ACTIVE,RELAY_HOLD,1611.9,1839.2,836.8,165.9,8.04,50.48,1,1.000,1,1.000,1,,0
450.64,450.64,UAV-1,RELAY,KILLED,LANDED,2168.4,1909.5,687.3,0.3,0.00,87.74,0,1.000,1,0.000,1,,0
450.64,450.64,UAV-2,STANDBY,RETURNING,RTH,1669.6,1697.1,714.3,40.1,11.38,47.29,1,1.000,2,0.000,1,,0
450.64,450.64,UAV-3,STANDBY,RETURNING,RTH,1623.7,1860.8,774.3,102.4,15.04,47.44,1,1.000,1,1.000,1,,0
450.64,450.64,UAV-4,SCOUT,ACTIVE,SURVEY,1555.5,1693.0,707.4,38.8,14.35,47.75,1,1.000,3,0.000,1,POI-013,0
450.64,450.64,UAV-5,RELAY,ACTIVE,RELAY_HOLD,1606.0,1838.3,832.8,162.4,8.86,50.34,1,1.000,1,1.000,1,,0
451.66,451.66,UAV-1,RELAY,KILLED,LANDED,2168.4,1909.5,687.3,0.3,0.00,87.74,0,1.000,1,0.000,1,,0
451.66,451.66,UAV-2,STANDBY,RETURNING,RTH,1669.9,1697.2,730.0,55.8,18.48,47.14,1,1.000,2,0.000,1,,0
451.66,451.66,UAV-3,STANDBY,RETURNING,RTH,1614.8,1873.3,774.2,103.0,15.05,47.31,1,1.000,1,1.000,1,,0
451.66,451.66,UAV-4,SCOUT,ACTIVE,IDLE,1553.8,1694.6,700.2,31.7,1.99,47.60,1,1.000,3,0.000,1,,0
451.66,451.66,UAV-5,RELAY,ACTIVE,RELAY_HOLD,1597.0,1839.2,833.4,163.5,5.94,50.21,1,1.000,1,1.000,1,,0
452.68,452.68,UAV-1,RELAY,KILLED,LANDED,2168.4,1909.5,687.3,0.3,0.00,87.74,0,1.000,1,0.000,1,,0
452.68,452.68,UAV-2,STANDBY,RETURNING,RTH,1670.1,1697.2,750.4,76.1,20.60,46.99,1,1.000,2,0.000,1,,0
452.68,452.68,UAV-3,STANDBY,RETURNING,RTH,1605.4,1885.5,774.2,103.6,15.01,47.18,1,1.000,1,1.000,1,,0
452.68,452.68,UAV-4,SCOUT,ACTIVE,IDLE,1553.4,1695.5,699.8,31.4,0.76,47.50,1,1.000,3,0.000,1,,0
452.68,452.68,UAV-5,RELAY,ACTIVE,RELAY_HOLD,1595.1,1840.1,835.1,165.3,2.16,50.11,1,1.000,1,1.000,1,,0
453.70,453.70,UAV-1,RELAY,KILLED,LANDED,2168.4,1909.5,687.3,0.3,0.00,87.74,0,1.000,1,0.000,1,,0
453.70,453.70,UAV-2,STANDBY,RETURNING,RTH,1670.4,1697.6,767.8,93.6,11.52,46.86,1,1.000,2,0.000,1,,0
453.70,453.70,UAV-3,STANDBY,RETURNING,RTH,1595.8,1897.3,774.1,104.3,14.87,47.05,1,1.000,1,1.000,1,,0
453.70,453.70,UAV-4,SCOUT,ACTIVE,IDLE,1553.1,1696.0,700.0,31.5,0.53,47.40,1,1.000,3,0.000,1,,0
453.70,453.70,UAV-5,RELAY,ACTIVE,RELAY_HOLD,1595.2,1840.3,836.9,167.1,1.80,50.01,1,1.000,1,1.000,1,,0
454.72,454.72,UAV-1,RELAY,KILLED,LANDED,2168.4,1909.5,687.3,0.3,0.00,87.74,0,1.000,1,0.000,1,,0
454.72,454.72,UAV-2,STANDBY,RETURNING,RTH,1670.8,1699.2,774.7,100.5,3.40,46.73,1,1.000,2,0.000,1,,0
454.72,454.72,UAV-3,STANDBY,RETURNING,RTH,1586.0,1908.8,774.0,104.8,14.71,46.92,1,1.000,1,1.000,1,,0
454.72,454.72,UAV-4,SCOUT,ACTIVE,IDLE,1552.9,1696.4,700.1,31.6,0.36,47.30,1,1.000,3,0.000,1,,0
454.72,454.72,UAV-5,RELAY,ACTIVE,RELAY_HOLD,1594.9,1840.4,838.2,168.4,1.13,49.92,1,1.000,1,1.000,1,,0
455.74,455.74,UAV-1,RELAY,KILLED,LANDED,2168.4,1909.5,687.3,0.3,0.00,87.74,0,1.000,1,0.000,1,,0
455.74,455.74,UAV-2,STANDBY,RETURNING,RTH,1669.7,1703.1,775.6,101.3,6.32,46.59,1,1.000,2,0.000,1,,0
455.74,455.74,UAV-3,STANDBY,RETURNING,RTH,1576.0,1919.9,773.9,105.1,14.63,46.79,1,1.000,1,1.000,1,,0
455.74,455.74,UAV-4,SCOUT,ACTIVE,IDLE,1552.7,1696.7,700.1,31.7,0.26,47.21,1,1.000,3,0.000,1,,0
455.74,455.74,UAV-5,RELAY,ACTIVE,RELAY_HOLD,1594.6,1840.5,839.0,169.2,0.66,49.82,1,1.000,3,1.000,1,,0
456.76,456.76,UAV-1,RELAY,KILLED,LANDED,2168.4,1909.5,687.3,0.3,0.00,87.74,0,1.000,1,0.000,1,,0
456.76,456.76,UAV-2,STANDBY,RETURNING,RTH,1665.5,1710.9,775.7,101.4,10.58,46.45,1,1.000,2,0.000,1,,0
456.76,456.76,UAV-3,STANDBY,RETURNING,RTH,1565.6,1930.6,773.8,105.7,14.52,46.67,1,1.000,1,1.000,1,,0
456.76,456.76,UAV-4,SCOUT,ACTIVE,IDLE,1552.6,1696.9,700.2,31.7,0.18,47.11,1,1.000,3,0.000,1,,0
456.76,456.76,UAV-5,RELAY,ACTIVE,RELAY_HOLD,1594.4,1840.4,839.4,169.7,0.41,49.73,1,1.000,1,1.000,1,,0
457.78,457.78,UAV-1,RELAY,KILLED,LANDED,2168.4,1909.5,687.3,0.3,0.00,87.74,0,1.000,1,0.000,1,,0
457.78,457.78,UAV-2,STANDBY,RETURNING,RTH,1659.3,1721.5,775.7,101.6,13.15,46.31,1,1.000,2,0.000,1,,0
457.78,457.78,UAV-3,STANDBY,RETURNING,RTH,1555.1,1940.8,773.8,106.9,14.34,46.54,1,1.000,1,1.000,1,,0
457.78,457.78,UAV-4,SCOUT,ACTIVE,IDLE,1552.6,1697.0,700.2,31.7,0.12,47.01,1,1.000,3,0.000,1,,0
457.78,457.78,UAV-5,RELAY,ACTIVE,RELAY_HOLD,1594.3,1840.3,839.6,169.9,0.22,49.63,1,1.000,1,1.000,1,,0
458.80,458.80,UAV-1,RELAY,KILLED,LANDED,2168.4,1909.5,687.3,0.3,0.00,87.74,0,1.000,1,0.000,1,,0
458.80,458.80,UAV-2,STANDBY,RETURNING,RTH,1652.3,1733.8,775.7,101.9,14.50,46.16,1,1.000,2,0.010,1,,0
458.80,458.80,UAV-3,STANDBY,RETURNING,RTH,1544.3,1950.5,773.7,108.0,14.09,46.41,1,1.000,1,1.000,1,,0
458.80,458.80,UAV-4,SCOUT,ACTIVE,IDLE,1552.5,1697.1,700.2,31.8,0.08,46.92,1,1.000,3,0.000,1,,0
458.80,458.80,UAV-5,RELAY,ACTIVE,RELAY_HOLD,1594.0,1840.3,839.6,169.8,0.61,49.53,1,1.000,1,1.000,1,,0
459.82,459.82,UAV-1,RELAY,KILLED,LANDED,2168.4,1909.5,687.3,0.3,0.00,87.74,0,1.000,1,0.000,1,,0
459.82,459.82,UAV-2,STANDBY,RETURNING,RTH,1645.0,1747.1,775.6,102.1,15.23,46.02,1,1.000,2,0.004,1,,0
459.82,459.82,UAV-3,STANDBY,RETURNING,RTH,1533.4,1959.7,773.6,108.3,13.89,46.29,1,1.000,1,1.000,1,,0
459.82,459.82,UAV-4,SCOUT,ACTIVE,IDLE,1552.5,1697.2,700.2,31.8,0.06,46.82,1,1.000,3,0.000,1,,0
459.82,459.82,UAV-5,RELAY,ACTIVE,RELAY_HOLD,1593.3,1840.1,839.1,169.4,1.32,49.44,1,1.000,1,1.000,1,,0
460.84,460.84,UAV-1,RELAY,KILLED,LANDED,2168.4,1909.5,687.3,0.3,0.00,87.74,0,1.000,1,0.000,1,,0
460.84,460.84,UAV-2,STANDBY,RETURNING,RTH,1637.5,1761.0,775.5,102.5,15.67,45.88,1,1.000,2,0.051,1,,0
460.84,460.84,UAV-3,STANDBY,RETURNING,RTH,1522.0,1968.1,773.6,108.1,13.78,46.16,1,1.000,1,1.000,1,,0
460.84,460.84,UAV-4,SCOUT,ACTIVE,IDLE,1552.5,1697.2,700.2,31.8,0.04,46.73,1,1.000,3,0.000,1,,0
460.84,460.84,UAV-5,RELAY,ACTIVE,RELAY_HOLD,1592.3,1840.3,836.2,166.6,6.16,49.31,1,1.000,1,1.000,1,,0
461.86,461.86,UAV-1,RELAY,KILLED,LANDED,2168.4,1909.5,687.3,0.3,0.00,87.74,0,1.000,1,0.000,1,,0
461.86,461.86,UAV-2,STANDBY,RETURNING,RTH,1629.9,1775.2,775.5,102.8,15.85,45.74,1,1.000,2,0.387,1,,0
461.86,461.86,UAV-3,STANDBY,RETURNING,RTH,1510.4,1975.7,773.5,107.9,13.57,46.04,1,1.000,1,1.000,1,,0
461.86,461.86,UAV-4,SCOUT,ACTIVE,IDLE,1552.5,1697.2,700.2,31.8,0.03,46.63,1,1.000,3,0.000,1,,0
461.86,461.86,UAV-5,RELAY,ACTIVE,RELAY_HOLD,1590.5,1840.5,833.3,163.7,4.23,49.16,1,1.000,1,1.000,1,,0
462.88,462.88,UAV-1,RELAY,KILLED,LANDED,2168.4,1909.5,687.3,0.3,0.00,87.74,0,1.000,1,0.000,1,,0
462.88,462.88,UAV-2,STANDBY,RETURNING,RTH,1622.4,1789.6,775.4,103.2,15.93,45.60,1,1.000,2,0.807,1,,0
462.88,462.88,UAV-3,STANDBY,RETURNING,RTH,1498.4,1982.4,773.5,107.8,13.35,45.92,1,1.000,1,1.000,1,,0
462.88,462.88,UAV-4,SCOUT,ACTIVE,IDLE,1552.4,1697.3,700.2,31.8,0.02,46.53,1,1.000,3,0.000,1,,0
462.88,462.88,UAV-5,RELAY,ACTIVE,RELAY_HOLD,1587.6,1839.4,834.0,164.6,3.81,49.06,1,1.000,1,1.000,1,,0
463.90,463.90,UAV-1,RELAY,KILLED,LANDED,2168.4,1909.5,687.3,0.3,0.00,87.74,0,1.000,1,0.000,1,,0
463.90,463.90,UAV-2,STANDBY,RETURNING,RTH,1614.9,1804.1,775.3,103.9,16.06,45.46,1,1.000,2,0.774,1,,0
463.90,463.90,UAV-3,STANDBY,RETURNING,RTH,1486.1,1988.2,773.5,107.7,13.20,45.80,1,1.000,1,1.000,1,,0
463.90,463.90,UAV-4,STANDBY,RETURNING,RTH,1552.4,1697.3,700.2,31.8,0.02,46.44,1,1.000,3,0.000,1,,0
463.90,463.90,UAV-5,RELAY,ACTIVE,RELAY_HOLD,1583.7,1839.1,830.2,160.8,5.70,48.96,1,1.000,1,1.000,1,,0
464.92,464.92,UAV-1,RELAY,KILLED,LANDED,2168.4,1909.5,687.3,0.3,0.00,87.74,0,1.000,1,0.000,1,,0
464.92,464.92,UAV-2,STANDBY,RETURNING,RTH,1607.4,1818.6,775.2,104.6,16.05,45.32,1,1.000,2,0.996,1,,0
464.92,464.92,UAV-3,STANDBY,RETURNING,RTH,1473.6,1992.9,773.5,107.9,12.97,45.67,1,1.000,1,1.000,1,,0
464.92,464.92,UAV-4,STANDBY,RETURNING,RTH,1552.5,1697.3,706.4,38.0,11.38,46.28,1,1.000,3,0.000,1,,0
464.92,464.92,UAV-5,RELAY,ACTIVE,RELAY_HOLD,1582.0,1839.2,828.6,159.3,0.08,48.85,1,1.000,1,1.000,1,,0
465.94,465.94,UAV-1,RELAY,KILLED,LANDED,2168.4,1909.5,687.3,0.3,0.00,87.74,0,1.000,1,0.000,1,,0
465.94,465.94,UAV-2,STANDBY,RETURNING,RTH,1599.7,1833.1,775.1,105.1,16.01,45.18,1,1.000,1,1.000,1,,0
465.94,465.94,UAV-3,STANDBY,RETURNING,RTH,1461.1,1996.5,773.4,108.4,12.53,45.55,1,1.000,1,1.000,1,,0
465.94,465.94,UAV-4,STANDBY,RETURNING,RTH,1552.7,1697.4,722.1,53.7,18.53,46.13,1,1.000,2,0.000,1,,0
465.94,465.94,UAV-5,RELAY,ACTIVE,RELAY_HOLD,1582.2,1839.2,828.8,159.5,0.18,48.75,1,1.000,1,1.000,1,,0
466.96,466.96,UAV-1,RELAY,KILLED,LANDED,2168.4,1909.5,687.3,0.3,0.00,87.74,0,1.000,1,0.000,1,,0
466.96,466.96,UAV-2,STANDBY,RETURNING,RTH,1591.8,1847.3,775.0,105.4,15.93,45.04,1,1.000,1,1.000,1,,0
466.96,466.96,UAV-3,STANDBY,RETURNING,RTH,1449.7,2002.5,773.3,109.1,12.97,45.40,1,1.000,1,1.000,1,,0
466.96,466.96,UAV-4,STANDBY,RETURNING,RTH,1552.9,1697.4,742.5,74.0,20.60,45.98,1,1.000,2,0.000,1,,0
466.96,466.96,UAV-5,RELAY,ACTIVE,RELAY_HOLD,1582.3,1839.2,828.8,159.5,0.02,48.65,1,1.000,1,1.000,1,,0
467.98,467.98,UAV-1,RELAY,KILLED,LANDED,2168.4,1909.5,687.3,0.3,0.00,87.74,0,1.000,1,0.000,1,,0
467.98,467.98,UAV-2,STANDBY,RETURNING,RTH,1583.7,1861.4,775.0,105.7,15.88,44.91,1,1.000,1,1.000,1,,0
467.98,467.98,UAV-3,STANDBY,RETURNING,RTH,1439.3,2011.3,773.1,110.2,13.90,45.26,1,1.000,1,1.000,1,,0
467.98,467.98,UAV-4,STANDBY,RETURNING,RTH,1553.2,1697.7,760.8,92.4,12.54,45.85,1,1.000,2,0.000,1,,0
467.98,467.98,UAV-5,RELAY,ACTIVE,RELAY_HOLD,1582.3,1839.2,828.8,159.5,0.02,48.56,1,1.000,1,1.000,1,,0
469.00,469.00,UAV-1,RELAY,KILLED,LANDED,2168.4,1909.5,687.3,0.3,0.00,87.74,0,1.000,1,0.000,1,,0
469.00,469.00,UAV-2,STANDBY,RETURNING,RTH,1575.3,1875.1,774.9,106.1,15.72,44.77,1,1.000,1,1.000,1,,0
469.00,469.00,UAV-3,STANDBY,RETURNING,RTH,1429.6,2022.2,773.0,111.2,14.61,45.12,1,1.000,1,1.000,1,,0
469.00,469.00,UAV-4,STANDBY,RETURNING,RTH,1553.6,1699.3,768.5,100.0,3.94,45.72,1,1.000,2,0.000,1,,0
469.00,469.00,UAV-5,RELAY,ACTIVE,RELAY_HOLD,1582.3,1839.2,828.8,159.5,0.03,48.46,1,1.000,1,1.000,1,,0
470.02,470.02,UAV-1,RELAY,KILLED,LANDED,2168.4,1909.5,687.3,0.3,0.00,87.74,0,1.000,1,0.000,1,,0
470.02,470.02,UAV-2,STANDBY,RETURNING,RTH,1566.7,1888.5,774.8,106.5,15.50,44.64,1,1.000,1,1.000,1,,0
470.02,470.02,UAV-3,STANDBY,RETURNING,RTH,1420.5,2034.4,772.9,111.6,15.04,44.98,1,1.000,1,1.000,1,,0
470.02,470.02,UAV-4,STANDBY,RETURNING,RTH,1552.6,1702.9,769.8,101.3,6.01,45.58,1,1.000,2,0.000,1,,0
470.02,470.02,UAV-5,RELAY,ACTIVE,RELAY_HOLD,1582.4,1839.2,828.8,159.5,0.01,48.37,1,1.000,1,1.000,1,,0
471.04,471.04,UAV-1,RELAY,KILLED,LANDED,2168.4,1909.5,687.3,0.3,0.00,87.74,0,1.000,1,0.000,1,,0
471.04,471.04,UAV-2,STANDBY,RETURNING,RTH,1557.9,1901.6,774.8,106.7,15.36,44.51,1,1.000,1,1.000,1,,0
471.04,471.04,UAV-3,STANDBY,RETURNING,RTH,1411.9,2047.2,772.8,111.8,15.34,44.84,1,1.000,1,1.000,1,,0
471.04,471.04,UAV-4,STANDBY,RETURNING,RTH,1548.6,1710.4,770.1,101.4,10.37,45.44,1,1.000,2,0.000,1,,0
471.04,471.04,UAV-5,RELAY,ACTIVE,RELAY_HOLD,1582.4,1839.2,828.8,159.5,0.01,48.27,1,1.000,1,1.000,1,,0
472.06,472.06,UAV-1,RELAY,KILLED,LANDED,2168.4,1909.5,687.3,0.3,0.00,87.74,0,1.000,1,0.000,1,,0
472.06,472.06,UAV-2,STANDBY,RETURNING,RTH,1548.7,1914.2,774.7,107.5,15.23,44.38,1,1.000,1,1.000,1,,0
472.06,472.06,UAV-3,STANDBY,RETURNING,RTH,1403.4,2060.4,772.6,112.0,15.46,44.71,1,1.000,1,1.000,1,,0
472.06,472.06,UAV-4,STANDBY,RETURNING,RTH,1542.5,1720.9,770.2,101.3,13.12,45.30,1,1.000,2,0.000,1,,0
472.06,472.06,UAV-5,RELAY,ACTIVE,RELAY_HOLD,1582.4,1839.2,828.8,159.5,0.01,48.17,1,1.000,1,1.000,1,,0
473.08,473.08,UAV-1,RELAY,KILLED,LANDED,2168.4,1909.5,687.3,0.3,0.00,87.74,0,1.000,1,0.000,1,,0
473.08,473.08,UAV-2,STANDBY,RETURNING,RTH,1539.3,1926.4,774.7,108.8,15.04,44.25,1,1.000,1,1.000,1,,0
473.08,473.08,UAV-3,STANDBY,RETURNING,RTH,1394.7,2073.6,772.5,111.8,15.43,44.57,1,1.000,1,1.000,1,,0
473.08,473.08,UAV-4,STANDBY,RETURNING,RTH,1535.4,1733.2,770.3,101.0,14.62,45.16,1,1.000,2,0.000,1,,0
473.08,473.08,UAV-5,RELAY,ACTIVE,RELAY_HOLD,1582.4,1839.2,828.8,159.5,0.01,48.08,1,1.000,1,1.000,1,,0
474.10,474.10,UAV-1,RELAY,KILLED,LANDED,2168.4,1909.5,687.3,0.3,0.00,87.74,0,1.000,1,0.000,1,,0
474.10,474.10,UAV-2,STANDBY,RETURNING,RTH,1529.4,1938.0,774.6,110.1,14.78,44.12,1,1.000,1,1.000,1,,0
474.10,474.10,UAV-3,STANDBY,RETURNING,RTH,1385.8,2086.5,772.4,111.3,15.33,44.44,1,1.000,1,1.000,1,,0
474.10,474.10,UAV-4,STANDBY,RETURNING,RTH,1527.9,1746.6,770.3,101.3,15.37,45.01,1,1.000,2,0.000,1,,0
474.10,474.10,UAV-5,RELAY,ACTIVE,RELAY_HOLD,1582.4,1839.2,828.8,159.5,0.00,47.98,1,1.000,1,1.000,1,,0
475.12,475.12,UAV-1,RELAY,KILLED,LANDED,2168.4,1909.5,687.3,0.3,0.00,87.74,0,1.000,1,0.000,1,,0
475.12,475.12,UAV-2,STANDBY,RETURNING,RTH,1519.2,1948.8,774.6,110.4,14.47,43.99,1,1.000,1,1.000,1,,0
475.12,475.12,UAV-3,STANDBY,RETURNING,RTH,1376.7,2099.2,772.3,110.8,15.18,44.31,1,1.000,1,1.000,1,,0
475.12,475.12,UAV-4,STANDBY,RETURNING,RTH,1520.3,1760.6,770.4,101.8,15.69,44.87,1,1.000,2,0.000,1,,0
475.12,475.12,UAV-5,RELAY,ACTIVE,RELAY_HOLD,1582.4,1839.2,828.8,159.5,0.01,47.88,1,1.000,1,1.000,1,,0
476.14,476.14,UAV-1,RELAY,KILLED,LANDED,2168.4,1909.5,687.3,0.3,0.00,87.74,0,1.000,1,0.000,1,,0
476.14,476.14,UAV-2,STANDBY,RETURNING,RTH,1508.5,1958.7,774.5,110.1,14.14,43.87,1,1.000,1,1.000,1,,0
476.14,476.14,UAV-3,STANDBY,RETURNING,RTH,1367.5,2111.5,772.2,110.9,15.06,44.18,1,1.000,1,1.000,1,,0
476.14,476.14,UAV-4,STANDBY,RETURNING,RTH,1512.7,1774.7,770.4,102.3,15.86,44.73,1,1.000,2,0.000,1,,0
476.14,476.14,UAV-5,RELAY,ACTIVE,RELAY_HOLD,1582.4,1839.2,828.8,159.5,0.01,47.79,1,1.000,1,1.000,1,,0
477.16,477.16,UAV-1,RELAY,KILLED,LANDED,2168.4,1909.5,687.3,0.3,0.00,87.74,0,1.000,1,0.000,1,,0
477.16,477.16,UAV-2,STANDBY,RETURNING,RTH,1497.3,1967.5,774.5,109.7,13.78,43.75,1,1.000,1,1.000,1,,0
477.16,477.16,UAV-3,STANDBY,RETURNING,RTH,1357.9,2123.5,772.1,111.0,14.97,44.05,1,1.000,1,1.000,1,,0
477.16,477.16,UAV-4,STANDBY,RETURNING,RTH,1505.1,1789.1,770.4,103.0,16.00,44.59,1,1.000,2,0.000,1,,0
477.16,477.16,UAV-5,RELAY,ACTIVE,RELAY_HOLD,1582.4,1839.2,828.8,159.5,0.00,47.69,1,1.000,1,1.000,1,,0
478.18,478.18,UAV-1,RELAY,KILLED,LANDED,2168.4,1909.5,687.3,0.3,0.00,87.74,0,1.000,1,0.000,1,,0
478.18,478.18,UAV-2,STANDBY,RETURNING,RTH,1485.5,1974.8,774.5,109.4,13.38,43.62,1,1.000,1,1.000,1,,0
478.18,478.18,UAV-3,STANDBY,RETURNING,RTH,1348.1,2135.1,772.1,110.6,14.85,43.92,1,1.000,1,1.000,1,,0
478.18,478.18,UAV-4,STANDBY,RETURNING,RTH,1497.5,1803.6,770.4,103.8,16.06,44.45,1,1.000,2,0.092,1,,0
478.18,478.18,UAV-5,RELAY,ACTIVE,RELAY_HOLD,1582.4,1839.2,828.8,159.5,0.00,47.59,1,1.000,1,1.000,1,,0
479.20,479.20,UAV-1,RELAY,KILLED,LANDED,2168.4,1909.5,687.3,0.3,0.00,87.74,0,1.000,1,0.000,1,,0
479.20,479.20,UAV-2,STANDBY,RETURNING,RTH,1473.4,1980.6,774.5,109.3,12.82,43.50,1,1.000,1,1.000,1,,0
479.20,479.20,UAV-3,STANDBY,RETURNING,RTH,1338.0,2146.3,772.0,110.1,14.74,43.79,1,1.000,1,1.000,1,,0
479.20,479.20,UAV-4,STANDBY,RETURNING,RTH,1489.9,1818.2,770.4,104.4,16.12,44.31,1,1.000,2,0.336,1,,0
479.20,479.20,UAV-5,RELAY,ACTIVE,RELAY_HOLD,1582.4,1839.2,828.8,159.5,0.00,47.50,1,1.000,1,1.000,1,,0
480.22,480.22,UAV-1,RELAY,KILLED,LANDED,2168.4,1909.5,687.3,0.3,0.00,87.74,0,1.000,1,0.000,1,,0
480.22,480.22,UAV-2,STANDBY,RETURNING,RTH,1462.4,1987.8,774.3,109.3,13.33,43.36,1,1.000,1,1.000,1,,0
480.22,480.22,UAV-3,STANDBY,RETURNING,RTH,1327.6,2157.0,771.9,109.2,14.56,43.67,1,1.000,1,1.000,1,,0
480.22,480.22,UAV-4,STANDBY,RETURNING,RTH,1482.4,1832.8,770.4,104.9,16.12,44.17,1,1.000,2,0.511,1,,0
480.22,480.22,UAV-5,RELAY,ACTIVE,RELAY_HOLD,1582.4,1839.2,828.8,159.5,0.00,47.39,1,1.000,1,1.000,1,,0
481.24,481.24,UAV-1,RELAY,KILLED,LANDED,2168.4,1909.5,687.3,0.3,0.00,87.74,0,1.000,1,0.000,1,,0
481.24,481.24,UAV-2,STANDBY,RETURNING,RTH,1452.3,1997.6,774.2,109.6,14.15,43.21,1,1.000,1,1.000,1,,0
481.24,481.24,UAV-3,STANDBY,RETURNING,RTH,1316.9,2167.2,771.8,108.4,14.38,43.54,1,1.000,1,1.000,1,,0
481.24,481.24,UAV-4,STANDBY,RETURNING,RTH,1474.9,1847.5,770.4,105.5,16.14,44.02,1,1.000,2,0.892,1,,0
481.24,481.24,UAV-5,RELAY,ACTIVE,RELAY_HOLD,1582.4,1839.2,828.8,159.5,0.00,47.26,1,1.000,1,1.000,1,,0
482.26,482.26,UAV-1,RELAY,KILLED,LANDED,2168.4,1909.5,687.3,0.3,0.00,87.74,0,1.000,1,0.000,1,,0
482.26,482.26,UAV-2,STANDBY,RETURNING,RTH,1443.0,2009.0,774.0,110.7,14.78,43.07,1,1.000,1,1.000,1,,0
482.26,482.26,UAV-3,STANDBY,RETURNING,RTH,1305.9,2176.7,771.8,107.8,14.13,43.41,1,1.000,1,1.000,1,,0
482.26,482.26,UAV-4,STANDBY,RETURNING,RTH,1467.4,1862.1,770.4,105.9,16.13,43.88,1,1.000,1,1.000,1,,0
482.26,482.26,UAV-5,RELAY,ACTIVE,RELAY_HOLD,1582.4,1839.2,828.8,159.5,0.00,47.12,1,1.000,1,1.000,1,,0
483.28,483.28,UAV-1,RELAY,KILLED,LANDED,2168.4,1909.5,687.3,0.3,0.00,87.74,0,1.000,1,0.000,1,,0
483.28,483.28,UAV-2,STANDBY,RETURNING,RTH,1434.2,2021.6,773.9,111.8,15.24,42.93,1,1.000,1,1.000,1,,0
483.28,483.28,UAV-3,STANDBY,RETURNING,RTH,1294.7,2185.5,771.7,107.6,13.92,43.29,1,1.000,1,1.000,1,,0
483.28,483.28,UAV-4,STANDBY,RETURNING,RTH,1460.0,1876.8,770.4,106.4,16.15,43.74,1,1.000,1,1.000,1,,0
483.28,483.28,UAV-5,RELAY,ACTIVE,RELAY_HOLD,1582.4,1839.2,828.8,159.5,0.00,46.99,1,1.000,1,1.000,1,,0
484.30,484.30,UAV-1,RELAY,KILLED,LANDED,2168.4,1909.5,687.3,0.3,0.00,87.74,0,1.000,1,0.000,1,,0
484.30,484.30,UAV-2,STANDBY,RETURNING,RTH,1425.8,2034.8,773.8,112.4,15.46,42.79,1,1.000,1,1.000,1,,0
484.30,484.30,UAV-3,STANDBY,RETURNING,RTH,1283.0,2193.4,771.7,107.5,13.65,43.17,1,1.000,1,1.000,1,,0
484.30,484.30,UAV-4,STANDBY,RETURNING,RTH,1452.6,1891.5,770.4,106.6,16.13,43.60,1,1.000,1,1.000,1,,0
484.30,484.30,UAV-5,RELAY,ACTIVE,RELAY_HOLD,1582.4,1839.2,828.8,159.5,0.00,46.85,1,1.000,1,1.000,1,,0
485.32,485.32,UAV-1,RELAY,KILLED,LANDED,2168.4,1909.5,687.3,0.3,0.00,87.74,0,1.000,1,0.000,1,,0
485.32,485.32,UAV-2,STANDBY,RETURNING,RTH,1417.4,2048.2,773.6,112.7,15.47,42.66,1,1.000,1,1.000,1,,0
485.32,485.32,UAV-3,STANDBY,RETURNING,RTH,1271.1,2200.3,771.6,107.6,13.38,43.04,1,1.000,1,1.000,1,,0
485.32,485.32,UAV-4,STANDBY,RETURNING,RTH,1445.3,1906.2,770.4,106.2,16.11,43.46,1,1.000,1,1.000,1,,0
485.32,485.32,UAV-5,RELAY,ACTIVE,RELAY_HOLD,1582.4,1839.2,828.8,159.5,0.00,46.72,1,1.000,1,1.000,1,,0
486.34,486.34,UAV-1,RELAY,KILLED,LANDED,2168.4,1909.5,687.3,0.3,0.00,87.74,0,1.000,1,0.000,1,,0
486.34,486.34,UAV-2,STANDBY,RETURNING,RTH,1408.9,2061.4,773.5,112.9,15.41,42.52,1,1.000,1,1.000,1,,0
486.34,486.34,UAV-3,STANDBY,RETURNING,RTH,1259.0,2206.1,771.6,107.9,13.08,42.92,1,1.000,1,1.000,1,,0
486.34,486.34,UAV-4,STANDBY,RETURNING,RTH,1437.9,1920.9,770.4,105.7,16.12,43.32,1,1.000,1,1.000,1,,0
486.34,486.34,UAV-5,RELAY,ACTIVE,RELAY_HOLD,1582.4,1839.2,828.8,159.5,0.00,46.58,1,1.000,1,1.000,1,,0
487.36,487.36,UAV-1,RELAY,KILLED,LANDED,2168.4,1909.5,687.3,0.3,0.00,87.74,0,1.000,1,0.000,1,,0
487.36,487.36,UAV-2,STANDBY,RETURNING,RTH,1400.1,2074.5,773.4,112.7,15.33,42.39,1,1.000,1,1.000,1,,0
487.36,487.36,UAV-3,STANDBY,RETURNING,RTH,1246.5,2210.6,771.6,108.3,12.84,42.80,1,1.000,1,1.000,1,,0
487.36,487.36,UAV-4,STANDBY,RETURNING,RTH,1430.5,1935.6,770.4,105.9,16.12,43.18,1,1.000,1,1.000,1,,0
487.36,487.36,UAV-5,RELAY,ACTIVE,RELAY_HOLD,1582.4,1839.2,828.8,159.5,0.01,46.45,1,1.000,1,1.000,1,,0
488.38,488.38,UAV-1,RELAY,KILLED,LANDED,2168.4,1909.5,687.3,0.3,0.00,87.74,0,1.000,1,0.000,1,,0
488.38,488.38,UAV-2,STANDBY,RETURNING,RTH,1391.2,2087.2,773.3,112.2,15.18,42.26,1,1.000,1,1.000,1,,0
488.38,488.38,UAV-3,STANDBY,RETURNING,RTH,1234.6,2214.7,770.8,108.0,12.40,42.68,1,1.000,1,1.000,1,,0
488.38,488.38,UAV-4,STANDBY,RETURNING,RTH,1423.2,1950.3,770.4,106.2,16.04,43.03,1,1.000,1,1.000,1,,0
488.38,488.38,UAV-5,RELAY,ACTIVE,RELAY_HOLD,1582.4,1839.2,828.9,159.5,0.00,46.31,1,1.000,1,1.000,1,,0
489.40,489.40,UAV-1,RELAY,KILLED,LANDED,2168.4,1909.5,687.3,0.3,0.00,87.74,0,1.000,1,0.000,1,,0
489.40,489.40,UAV-2,STANDBY,RETURNING,RTH,1382.0,2099.6,773.2,111.6,15.12,42.13,1,1.000,1,1.000,1,,0
489.40,489.40,UAV-3,STANDBY,RETURNING,RTH,1222.7,2219.4,769.6,107.7,12.69,42.55,1,1.000,1,1.000,1,,0
489.40,489.40,UAV-4,STANDBY,RETURNING,RTH,1415.8,1964.9,770.4,106.3,16.08,42.89,1,1.000,1,1.000,1,,0
489.40,489.40,UAV-5,RELAY,ACTIVE,RELAY_HOLD,1582.4,1839.2,828.8,159.5,0.00,46.18,1,1.000,1,1.000,1,,0
490.42,490.42,UAV-1,RELAY,KILLED,LANDED,2168.4,1909.5,687.3,0.3,0.00,87.74,0,1.000,1,0.000,1,,0
490.42,490.42,UAV-2,STANDBY,RETURNING,RTH,1372.5,2111.7,773.1,111.6,15.03,42.00,1,1.000,1,1.000,1,,0
490.42,490.42,UAV-3,STANDBY,RETURNING,RTH,1210.6,2224.0,768.5,107.8,12.80,42.43,1,1.000,1,1.000,1,,0
490.42,490.42,UAV-4,STANDBY,RETURNING,RTH,1408.3,1979.5,770.4,106.8,16.11,42.75,1,1.000,1,1.000,1,,0
490.42,490.42,UAV-5,RELAY,ACTIVE,RELAY_HOLD,1582.4,1839.2,828.8,159.5,0.00,46.04,1,1.000,1,1.000,1,,0
491.44,491.44,UAV-1,RELAY,KILLED,LANDED,2168.4,1909.5,687.3,0.3,0.00,87.74,0,1.000,1,0.000,1,,0
491.44,491.44,UAV-2,STANDBY,RETURNING,RTH,1362.7,2123.4,773.0,111.7,14.87,41.87,1,1.000,1,1.000,1,,0
491.44,491.44,UAV-3,STANDBY,RETURNING,RTH,1198.3,2228.4,767.5,107.9,12.79,42.31,1,1.000,1,1.000,1,,0
491.44,491.44,UAV-4,STANDBY,RETURNING,RTH,1400.8,1994.1,770.4,107.6,16.08,42.61,1,1.000,1,1.000,1,,0
491.44,491.44,UAV-5,RELAY,ACTIVE,RELAY_HOLD,1582.4,1839.2,828.8,159.5,0.00,45.91,1,1.000,1,1.000,1,,0
492.46,492.46,UAV-1,RELAY,KILLED,LANDED,2168.4,1909.5,687.3,0.3,0.00,87.74,0,1.000,1,0.000,1,,0
492.46,492.46,UAV-2,STANDBY,RETURNING,RTH,1352.8,2134.8,772.9,111.4,14.72,41.74,1,1.000,1,1.000,1,,0
492.46,492.46,UAV-3,STANDBY,RETURNING,RTH,1186.0,2232.5,766.6,108.1,12.79,42.19,1,1.000,1,1.000,1,,0
492.46,492.46,UAV-4,STANDBY,RETURNING,RTH,1393.4,2008.7,770.4,108.2,16.06,42.47,1,1.000,1,1.000,1,,0
492.46,492.46,UAV-5,RELAY,ACTIVE,RELAY_HOLD,1582.4,1839.2,828.8,159.5,0.00,45.77,1,1.000,1,1.000,1,,0
493.48,493.48,UAV-1,RELAY,KILLED,LANDED,2168.4,1909.5,687.3,0.3,0.00,87.74,0,1.000,1,0.000,1,,0
493.48,493.48,UAV-2,STANDBY,RETURNING,RTH,1342.6,2145.6,772.9,110.9,14.57,41.61,1,1.000,1,1.000,1,,0
493.48,493.48,UAV-3,STANDBY,RETURNING,RTH,1173.6,2236.5,765.7,108.4,12.76,42.07,1,1.000,1,1.000,1,,0
493.48,493.48,UAV-4,STANDBY,RETURNING,RTH,1386.0,2023.4,770.4,108.4,16.09,42.33,1,1.000,1,1.000,1,,0
493.48,493.48,UAV-5,RELAY,ACTIVE,RELAY_HOLD,1582.4,1839.2,828.8,159.5,0.00,45.64,1,1.000,1,1.000,1,,0
494.50,494.50,UAV-1,RELAY,KILLED,LANDED,2168.4,1909.5,687.3,0.3,0.00,87.74,0,1.000,1,0.000,1,,0
494.50,494.50,UAV-2,STANDBY,RETURNING,RTH,1332.1,2156.0,772.8,110.2,14.38,41.49,1,1.000,1,1.000,1,,0
494.50,494.50,UAV-3,STANDBY,RETURNING,RTH,1161.2,2240.2,764.9,108.8,12.71,41.94,1,1.000,1,1.000,1,,0
494.50,494.50,UAV-4,STANDBY,RETURNING,RTH,1378.6,2038.0,770.4,108.6,16.09,42.19,1,1.000,1,1.000,1,,0
494.50,494.50,UAV-5,RELAY,ACTIVE,RELAY_HOLD,1582.4,1839.2,828.8,159.5,0.00,45.50,1,1.000,1,1.000,1,,0
495.52,495.52,UAV-1,RELAY,KILLED,LANDED,2168.4,1909.5,687.3,0.3,0.00,87.74,0,1.000,1,0.000,1,,0
495.52,495.52,UAV-2,STANDBY,RETURNING,RTH,1321.2,2165.8,772.7,109.4,14.20,41.36,1,1.000,1,1.000,1,,0
495.52,495.52,UAV-3,STANDBY,RETURNING,RTH,1148.8,2243.7,764.1,108.6,12.70,41.82,1,1.000,1,1.000,1,,0
495.52,495.52,UAV-4,STANDBY,RETURNING,RTH,1371.2,2052.7,770.4,109.0,16.10,42.04,1,1.000,1,1.000,1,,0
495.52,495.52,UAV-5,RELAY,ACTIVE,RELAY_HOLD,1582.4,1839.2,828.8,159.5,0.00,45.37,1,1.000,1,1.000,1,,0
496.54,496.54,UAV-1,RELAY,KILLED,LANDED,2168.4,1909.5,687.3,0.3,0.00,87.74,0,1.000,1,0.000,1,,0
496.54,496.54,UAV-2,STANDBY,RETURNING,RTH,1310.1,2174.9,772.7,108.9,13.94,41.24,1,1.000,1,1.000,1,,0
496.54,496.54,UAV-3,STANDBY,RETURNING,RTH,1136.3,2247.0,763.4,107.9,12.64,41.70,1,1.000,1,1.000,1,,0
496.54,496.54,UAV-4,STANDBY,RETURNING,RTH,1363.8,2067.3,770.4,109.2,16.09,41.90,1,1.000,1,1.000,1,,0
496.54,496.54,UAV-5,RELAY,ACTIVE,RELAY_HOLD,1582.4,1839.2,828.8,159.5,0.00,45.23,1,1.000,1,1.000,1,,0
497.56,497.56,UAV-1,RELAY,KILLED,LANDED,2168.4,1909.5,687.3,0.3,0.00,87.74,0,1.000,1,0.000,1,,0
497.56,497.56,UAV-2,STANDBY,RETURNING,RTH,1298.7,2183.1,772.6,108.5,13.76,41.11,1,1.000,1,1.000,1,,0
497.56,497.56,UAV-3,STANDBY,RETURNING,RTH,1123.8,2250.1,762.8,107.0,12.66,41.58,1,1.000,1,1.000,1,,0
497.56,497.56,UAV-4,STANDBY,RETURNING,RTH,1356.5,2082.1,770.4,109.4,16.20,41.76,1,1.000,1,1.000,1,,0
497.56,497.56,UAV-5,RELAY,ACTIVE,RELAY_HOLD,1582.4,1839.2,828.8,159.5,0.00,45.10,1,1.000,1,1.000,1,,0
498.58,498.58,UAV-1,RELAY,KILLED,LANDED,2168.4,1909.5,687.3,0.3,0.00,87.74,0,1.000,1,0.000,1,,0
498.58,498.58,UAV-2,STANDBY,RETURNING,RTH,1286.9,2190.4,772.6,108.4,13.44,40.99,1,1.000,1,1.000,1,,0
498.58,498.58,UAV-3,STANDBY,RETURNING,RTH,1111.2,2252.9,762.2,106.4,12.61,41.46,1,1.000,1,1.000,1,,0
498.58,498.58,UAV-4,STANDBY,RETURNING,RTH,1349.1,2096.8,770.4,109.6,15.96,41.62,1,1.000,1,1.000,1,,0
498.58,498.58,UAV-5,RELAY,ACTIVE,RELAY_HOLD,1582.4,1839.2,828.8,159.5,0.01,44.96,1,1.000,1,1.000,1,,0
499.60,499.60,UAV-1,RELAY,KILLED,LANDED,2168.4,1909.5,687.3,0.3,0.00,87.74,0,1.000,1,0.000,1,,0
499.60,499.60,UAV-2,STANDBY,RETURNING,RTH,1274.8,2196.6,772.6,108.4,13.14,40.87,1,1.000,1,1.000,1,,0
499.60,499.60,UAV-3,STANDBY,RETURNING,RTH,1098.6,2255.5,761.7,106.5,12.57,41.33,1,1.000,1,1.000,1,,0
499.60,499.60,UAV-4,STANDBY,RETURNING,RTH,1341.2,2109.4,770.0,109.5,14.10,41.50,1,1.000,1,1.000,1,,0
499.60,499.60,UAV-5,RELAY,ACTIVE,RELAY_HOLD,1582.4,1839.2,828.8,159.5,0.00,44.83,1,1.000,1,1.000,1,,0
500.62,500.62,UAV-1,RELAY,KILLED,LANDED,2168.4,1909.5,687.3,0.3,0.00,87.74,0,1.000,1,0.000,1,,0
500.62,500.62,UAV-2,STANDBY,RETURNING,RTH,1262.5,2201.5,772.5,108.6,12.93,40.75,1,1.000,1,1.000,1,,0
500.62,500.62,UAV-3,STANDBY,RETURNING,RTH,1086.0,2257.8,761.3,106.9,12.64,41.21,1,1.000,1,1.000,1,,0
500.62,500.62,UAV-4,STANDBY,RETURNING,RTH,1332.1,2120.6,769.6,109.2,14.31,41.37,1,1.000,1,1.000,1,,0
500.62,500.62,UAV-5,RELAY,ACTIVE,RELAY_HOLD,1582.4,1839.2,828.8,159.5,0.01,44.69,1,1.000,1,1.000,1,,0
501.64,501.64,UAV-1,RELAY,KILLED,LANDED,2168.4,1909.5,687.3,0.3,0.00,87.74,0,1.000,1,0.000,1,,0
501.64,501.64,UAV-2,STANDBY,RETURNING,RTH,1250.3,2205.5,772.1,108.6,12.28,40.62,1,1.000,1,1.000,1,,0
501.64,501.64,UAV-3,STANDBY,RETURNING,RTH,1073.3,2259.9,760.9,107.4,12.69,41.09,1,1.000,1,1.000,1,,0
501.64,501.64,UAV-4,STANDBY,RETURNING,RTH,1322.3,2131.6,769.2,108.2,14.49,41.24,1,1.000,1,1.000,1,,0
501.64,501.64,UAV-5,RELAY,ACTIVE,RELAY_HOLD,1582.4,1839.2,828.8,159.5,0.00,44.56,1,1.000,1,1.000,1,,0
502.66,502.66,UAV-1,RELAY,KILLED,LANDED,2168.4,1909.5,687.3,0.3,0.00,87.74,0,1.000,1,0.000,1,,0
502.66,502.66,UAV-2,STANDBY,RETURNING,RTH,1238.7,2210.6,770.9,107.9,12.65,40.50,1,1.000,1,1.000,1,,0
502.66,502.66,UAV-3,STANDBY,RETURNING,RTH,1060.5,2261.7,760.6,107.8,12.65,40.97,1,1.000,1,1.000,1,,0
502.66,502.66,UAV-4,STANDBY,RETURNING,RTH,1312.3,2142.5,768.9,106.9,14.53,41.11,1,1.000,1,1.000,1,,0
502.66,502.66,UAV-5,RELAY,ACTIVE,RELAY_HOLD,1582.4,1839.2,828.8,159.5,0.00,44.42,1,1.000,1,1.000,1,,0
503.68,503.68,UAV-1,RELAY,KILLED,LANDED,2168.4,1909.5,687.3,0.3,0.00,87.74,0,1.000,1,0.000,1,,0
503.68,503.68,UAV-2,STANDBY,RETURNING,RTH,1226.9,2216.0,769.7,107.4,12.81,40.37,1,1.000,1,1.000,1,,0
503.68,503.68,UAV-3,STANDBY,RETURNING,RTH,1047.7,2263.2,760.3,108.1,12.63,40.84,1,1.000,1,1.000,1,,0
503.68,503.68,UAV-4,STANDBY,RETURNING,RTH,1302.2,2153.3,768.5,105.4,14.51,40.98,1,1.000,1,1.000,1,,0
503.68,503.68,UAV-5,RELAY,ACTIVE,RELAY_HOLD,1582.4,1839.2,828.8,159.5,0.01,44.29,1,1.000,1,1.000,1,,0
504.70,504.70,UAV-1,RELAY,KILLED,LANDED,2168.4,1909.5,687.3,0.3,0.00,87.74,0,1.000,1,0.000,1,,0
504.70,504.70,UAV-2,STANDBY,RETURNING,RTH,1214.9,2221.2,768.6,107.4,12.91,40.25,1,1.000,1,1.000,1,,0
504.70,504.70,UAV-3,STANDBY,RETURNING,RTH,1034.8,2264.4,760.1,108.6,12.65,40.72,1,1.000,1,1.000,1,,0
504.70,504.70,UAV-4,STANDBY,RETURNING,RTH,1291.9,2163.9,768.2,104.3,14.51,40.86,1,1.000,1,1.000,1,,0
504.70,504.70,UAV-5,RELAY,ACTIVE,RELAY_HOLD,1582.4,1839.2,828.8,159.5,0.00,44.15,1,1.000,1,1.000,1,,0
505.72,505.72,UAV-1,RELAY,KILLED,LANDED,2168.4,1909.5,687.3,0.3,0.00,87.74,0,1.000,1,0.000,1,,0
505.72,505.72,UAV-2,STANDBY,RETURNING,RTH,1202.7,2226.1,767.6,107.6,12.98,40.13,1,1.000,1,1.000,1,,0
505.72,505.72,UAV-3,STANDBY,RETURNING,RTH,1022.0,2265.2,759.9,109.1,12.15,40.59,1,1.000,1,1.000,1,,0
505.72,505.72,UAV-4,STANDBY,RETURNING,RTH,1281.3,2174.3,767.9,103.6,14.48,40.73,1,1.000,1,1.000,1,,0
505.72,505.72,UAV-5,RELAY,ACTIVE,RELAY_HOLD,1582.4,1839.2,828.8,159.5,0.00,44.02,1,1.000,1,1.000,1,,0
506.74,506.74,UAV-1,RELAY,KILLED,LANDED,2168.4,1909.5,687.3,0.3,0.00,87.74,0,1.000,1,0.000,1,,0
506.74,506.74,UAV-2,STANDBY,RETURNING,RTH,1190.4,2230.8,766.6,107.8,13.00,40.01,1,1.000,1,1.000,1,,0
506.74,506.74,UAV-3,STANDBY,RETURNING,RTH,1010.3,2263.4,759.4,109.2,11.62,40.46,1,1.000,1,1.000,1,,0
506.74,506.74,UAV-4,STANDBY,RETURNING,RTH,1270.5,2184.3,767.6,103.3,14.42,40.60,1,1.000,1,1.000,1,,0
506.74,506.74,UAV-5,RELAY,ACTIVE,RELAY_HOLD,1582.4,1839.2,828.8,159.5,0.00,43.88,1,1.000,1,1.000,1,,0
507.76,507.76,UAV-1,RELAY,KILLED,LANDED,2168.4,1909.5,687.3,0.3,0.00,87.74,0,1.000,1,0.000,1,,0
507.76,507.76,UAV-2,STANDBY,RETURNING,RTH,1177.9,2235.3,765.8,108.1,12.98,39.89,1,1.000,1,1.000,1,,0
507.76,507.76,UAV-3,STANDBY,RETURNING,RTH,998.9,2259.6,758.9,109.0,12.02,40.33,1,1.000,1,1.000,1,,0
507.76,507.76,UAV-4,STANDBY,RETURNING,RTH,1259.4,2193.9,767.3,103.4,14.31,40.48,1,1.000,1,1.000,1,,0
507.76,507.76,UAV-5,RELAY,ACTIVE,RELAY_HOLD,1582.4,1839.2,828.8,159.5,0.00,43.75,1,1.000,1,1.000,1,,0
508.78,508.78,UAV-1,RELAY,KILLED,LANDED,2168.4,1909.5,687.3,0.3,0.00,87.74,0,1.000,1,0.000,1,,0
508.78,508.78,UAV-2,STANDBY,RETURNING,RTH,1165.4,2239.4,764.9,108.5,12.88,39.76,1,1.000,1,1.000,1,,0
508.78,508.78,UAV-3,STANDBY,RETURNING,RTH,987.3,2255.4,758.4,108.3,12.20,40.21,1,1.000,1,1.000,1,,0
508.78,508.78,UAV-4,STANDBY,RETURNING,RTH,1248.2,2203.1,767.0,103.6,14.11,40.35,1,1.000,1,1.000,1,,0
508.78,508.78,UAV-5,RELAY,ACTIVE,RELAY_HOLD,1582.4,1839.2,828.8,159.5,0.01,43.61,1,1.000,1,1.000,1,,0
509.80,509.80,UAV-1,RELAY,KILLED,LANDED,2168.4,1909.5,687.3,0.3,0.00,87.74,0,1.000,1,0.000,1,,0
509.80,509.80,UAV-2,STANDBY,RETURNING,RTH,1152.9,2243.4,764.2,108.6,12.82,39.64,1,1.000,1,1.000,1,,0
509.80,509.80,UAV-3,STANDBY,RETURNING,RTH,975.5,2251.2,758.0,107.6,12.28,40.09,1,1.000,1,1.000,1,,0
509.80,509.80,UAV-4,STANDBY,RETURNING,RTH,1236.9,2211.8,766.8,103.9,13.94,40.23,1,1.000,1,1.000,1,,0
509.80,509.80,UAV-5,RELAY,ACTIVE,RELAY_HOLD,1582.4,1839.2,828.8,159.5,0.00,43.48,1,1.000,1,1.000,1,,0
510.82,510.82,UAV-1,RELAY,KILLED,LANDED,2168.4,1909.5,687.3,0.3,0.00,87.74,0,1.000,1,0.000,1,,0
510.82,510.82,UAV-2,STANDBY,RETURNING,RTH,1140.4,2247.0,763.5,108.0,12.74,39.52,1,1.000,1,1.000,1,,0
510.82,510.82,UAV-3,STANDBY,RETURNING,RTH,963.6,2247.2,757.6,107.1,12.29,39.96,1,1.000,1,1.000,1,,0
510.82,510.82,UAV-4,STANDBY,RETURNING,RTH,1225.3,2219.9,766.6,104.5,13.74,40.10,1,1.000,1,1.000,1,,0
510.82,510.82,UAV-5,STANDBY,RETURNING,RTH,1582.4,1839.2,828.8,159.5,0.01,43.34,1,1.000,1,1.000,1,,0
511.84,511.84,UAV-1,RELAY,KILLED,LANDED,2168.4,1909.5,687.3,0.3,0.00,87.74,0,1.000,1,0.000,1,,0
511.84,511.84,UAV-2,STANDBY,RETURNING,RTH,1127.9,2250.4,762.9,107.2,12.70,39.40,1,1.000,1,1.000,1,,0
511.84,511.84,UAV-3,STANDBY,RETURNING,RTH,951.7,2243.4,757.2,107.0,12.30,39.84,1,1.000,1,1.000,1,,0
511.84,511.84,UAV-4,STANDBY,RETURNING,RTH,1213.7,2227.5,766.4,105.4,13.57,39.98,1,1.000,1,1.000,1,,0
511.84,511.84,UAV-5,STANDBY,RETURNING,RTH,1582.0,1840.1,825.8,156.4,5.41,43.18,1,1.000,1,1.000,1,,0
512.86,512.86,UAV-1,RELAY,KILLED,LANDED,2168.4,1909.5,687.3,0.3,0.00,87.74,0,1.000,1,0.000,1,,0
512.86,512.86,UAV-2,STANDBY,RETURNING,RTH,1115.4,2253.6,762.3,106.5,12.60,39.28,1,1.000,1,1.000,1,,0
512.86,512.86,UAV-3,STANDBY,RETURNING,RTH,939.7,2239.8,756.9,107.1,12.25,39.71,1,1.000,1,1.000,1,,0
512.86,512.86,UAV-4,STANDBY,RETURNING,RTH,1201.8,2234.5,766.2,106.4,13.34,39.85,1,1.000,1,1.000,1,,0
512.86,512.86,UAV-5,STANDBY,RETURNING,RTH,1579.4,1844.4,820.7,151.4,8.62,43.03,1,1.000,1,1.000,1,,0
513.88,513.88,UAV-1,RELAY,KILLED,LANDED,2168.4,1909.5,687.3,0.3,0.00,87.74,0,1.000,1,0.000,1,,0
513.88,513.88,UAV-2,STANDBY,RETURNING,RTH,1102.9,2256.4,761.8,106.4,12.64,39.15,1,1.000,1,1.000,1,,0
513.88,513.88,UAV-3,STANDBY,RETURNING,RTH,927.6,2236.4,756.5,107.3,12.27,39.59,1,1.000,1,1.000,1,,0
513.88,513.88,UAV-4,STANDBY,RETURNING,RTH,1189.8,2240.8,766.1,107.4,13.26,39.73,1,1.000,1,1.000,1,,0
513.88,513.88,UAV-5,STANDBY,RETURNING,RTH,1574.7,1852.2,815.9,146.7,11.35,42.87,1,1.000,1,1.000,1,,0
514.90,514.90,UAV-1,RELAY,KILLED,LANDED,2168.4,1909.5,687.3,0.3,0.00,87.74,0,1.000,1,0.000,1,,0
514.90,514.90,UAV-2,STANDBY,RETURNING,RTH,1090.3,2259.0,761.4,106.8,12.64,39.03,1,1.000,1,1.000,1,,0
514.90,514.90,UAV-3,STANDBY,RETURNING,RTH,915.5,2233.3,756.2,107.3,12.27,39.47,1,1.000,1,1.000,1,,0
514.90,514.90,UAV-4,STANDBY,RETURNING,RTH,1177.6,2246.4,766.0,108.5,13.12,39.61,1,1.000,1,1.000,1,,0
514.90,514.90,UAV-5,STANDBY,RETURNING,RTH,1568.7,1862.4,811.8,142.9,13.12,42.71,1,1.000,1,1.000,1,,0
515.92,515.92,UAV-1,RELAY,KILLED,LANDED,2168.4,1909.5,687.3,0.3,0.00,87.74,0,1.000,1,0.000,1,,0
515.92,515.92,UAV-2,STANDBY,RETURNING,RTH,1077.6,2261.3,761.0,107.4,12.68,38.91,1,1.000,1,1.000,1,,0
515.92,515.92,UAV-3,STANDBY,RETURNING,RTH,903.3,2230.4,756.0,107.2,12.33,39.34,1,1.000,1,1.000,1,,0
515.92,515.92,UAV-4,STANDBY,RETURNING,RTH,1165.2,2251.2,765.9,109.6,13.04,39.49,1,1.000,1,1.000,1,,0
515.92,515.92,UAV-5,STANDBY,RETURNING,RTH,1562.2,1874.2,808.1,139.7,14.17,42.56,1,1.000,1,1.000,1,,0
516.94,516.94,UAV-1,RELAY,KILLED,LANDED,2168.4,1909.5,687.3,0.3,0.00,87.74,0,1.000,1,0.000,1,,0
516.94,516.94,UAV-2,STANDBY,RETURNING,RTH,1064.8,2263.3,760.7,107.8,12.63,38.79,1,1.000,1,1.000,1,,0
516.94,516.94,UAV-3,STANDBY,RETURNING,RTH,891.0,2227.7,755.7,107.0,12.31,39.22,1,1.000,1,1.000,1,,0
516.94,516.94,UAV-4,STANDBY,RETURNING,RTH,1152.6,2255.2,765.8,110.3,12.86,39.36,1,1.000,1,1.000,1,,0
516.94,516.94,UAV-5,STANDBY,RETURNING,RTH,1555.4,1886.9,804.7,136.8,14.73,42.40,1,1.000,1,1.000,1,,0
517.96,517.96,UAV-1,RELAY,KILLED,LANDED,2168.4,1909.5,687.3,0.3,0.00,87.74,0,1.000,1,0.000,1,,0
517.96,517.96,UAV-2,STANDBY,RETURNING,RTH,1052.1,2264.9,760.5,108.1,12.55,38.66,1,1.000,1,1.000,1,,0
517.96,517.96,UAV-3,STANDBY,RETURNING,RTH,878.8,2225.2,755.5,106.8,12.26,39.10,1,1.000,1,1.000,1,,0
517.96,517.96,UAV-4,STANDBY,RETURNING,RTH,1139.9,2258.2,765.7,110.4,12.54,39.24,1,1.000,1,1.000,1,,0
517.96,517.96,UAV-5,STANDBY,RETURNING,RTH,1548.7,1900.1,801.5,134.0,15.02,42.24,1,1.000,1,1.000,1,,0
518.98,518.98,UAV-1,RELAY,KILLED,LANDED,2168.4,1909.5,687.3,0.3,0.00,87.74,0,1.000,1,0.000,1,,0
518.98,518.98,UAV-2,STANDBY,RETURNING,RTH,1039.4,2266.0,760.3,108.5,12.47,38.54,1,1.000,1,1.000,1,,0
518.98,518.98,UAV-3,STANDBY,RETURNING,RTH,866.5,2222.9,755.3,106.7,12.24,38.98,1,1.000,1,1.000,1,,0
518.98,518.98,UAV-4,STANDBY,RETURNING,RTH,1128.0,2259.0,765.1,109.6,11.45,39.11,1,1.000,1,1.000,1,,0
518.98,518.98,UAV-5,STANDBY,RETURNING,RTH,1542.0,1913.7,798.5,131.9,15.11,42.09,1,1.000,1,1.000,1,,0
520.00,520.00,UAV-1,RELAY,KILLED,LANDED,2168.4,1909.5,687.3,0.3,0.00,87.74,0,1.000,1,0.000,1,,0
520.00,520.00,UAV-2,STANDBY,RETURNING,RTH,1027.3,2265.8,760.0,108.9,11.34,38.41,1,1.000,1,1.000,1,,0
520.00,520.00,UAV-3,STANDBY,RETURNING,RTH,854.2,2220.9,755.2,106.9,12.26,38.85,1,1.000,1,1.000,1,,0
520.00,520.00,UAV-4,STANDBY,RETURNING,RTH,1116.3,2258.0,764.4,108.7,11.76,38.99,1,1.000,1,1.000,1,,0
520.00,520.00,UAV-5,STANDBY,RETURNING,RTH,1535.3,1927.3,795.8,130.4,15.12,41.93,1,1.000,1,1.000,1,,0
521.02,521.02,UAV-1,RELAY,KILLED,LANDED,2168.4,1909.5,687.3,0.3,0.00,87.74,0,1.000,1,0.000,1,,0
521.02,521.02,UAV-2,STANDBY,RETURNING,RTH,1016.1,2262.6,759.6,109.1,11.62,38.28,1,1.000,1,1.000,1,,0
521.02,521.02,UAV-3,STANDBY,RETURNING,RTH,841.8,2219.1,755.0,107.1,12.26,38.73,1,1.000,1,1.000,1,,0
521.02,521.02,UAV-4,STANDBY,RETURNING,RTH,1104.2,2256.7,763.8,108.3,11.95,38.87,1,1.000,1,1.000,1,,0
521.02,521.02,UAV-5,STANDBY,RETURNING,RTH,1528.4,1940.8,793.2,128.8,14.99,41.77,1,1.000,1,1.000,1,,0
522.04,522.04,UAV-1,RELAY,KILLED,LANDED,2168.4,1909.5,687.3,0.3,0.00,87.74,0,1.000,1,0.000,1,,0
522.04,522.04,UAV-2,STANDBY,RETURNING,RTH,1004.8,2258.6,759.1,109.1,11.84,38.15,1,1.000,1,1.000,1,,0
522.04,522.04,UAV-3,STANDBY,RETURNING,RTH,829.4,2217.7,754.9,107.2,12.23,38.61,1,1.000,1,1.000,1,,0
522.04,522.04,UAV-4,STANDBY,RETURNING,RTH,1092.1,2255.4,763.2,108.3,12.00,38.74,1,1.000,1,1.000,1,,0
522.04,522.04,UAV-5,STANDBY,RETURNING,RTH,1521.3,1954.0,790.8,126.3,14.97,41.61,1,1.000,1,1.000,1,,0
523.06,523.06,UAV-1,RELAY,KILLED,LANDED,2168.4,1909.5,687.3,0.3,0.00,87.74,0,1.000,1,0.000,1,,0
523.06,523.06,UAV-2,STANDBY,RETURNING,RTH,993.3,2254.6,758.7,108.7,11.99,38.03,1,1.000,1,1.000,1,,0
523.06,523.06,UAV-3,STANDBY,RETURNING,RTH,816.9,2216.5,754.8,107.4,12.29,38.48,1,1.000,1,1.000,1,,0
523.06,523.06,UAV-4,STANDBY,RETURNING,RTH,1079.9,2254.3,762.6,108.5,12.08,38.62,1,1.000,1,1.000,1,,0
523.06,523.06,UAV-5,STANDBY,RETURNING,RTH,1513.8,1967.1,788.6,123.4,14.94,41.46,1,1.000,1,1.000,1,,0
524.08,524.08,UAV-1,RELAY,KILLED,LANDED,2168.4,1909.5,687.3,0.3,0.00,87.74,0,1.000,1,0.000,1,,0
524.08,524.08,UAV-2,STANDBY,RETURNING,RTH,981.6,2250.7,758.4,108.1,12.12,37.91,1,1.000,1,1.000,1,,0
524.08,524.08,UAV-3,STANDBY,RETURNING,RTH,804.4,2215.7,754.8,107.8,12.18,38.36,1,1.000,1,1.000,1,,0
524.08,524.08,UAV-4,STANDBY,RETURNING,RTH,1067.6,2253.1,762.1,108.6,12.17,38.50,1,1.000,1,1.000,1,,0
524.08,524.08,UAV-5,STANDBY,RETURNING,RTH,1505.8,1979.8,786.4,120.7,14.80,41.30,1,1.000,1,1.000,1,,0
525.10,525.10,UAV-1,RELAY,KILLED,LANDED,2168.4,1909.5,687.3,0.3,0.00,87.74,0,1.000,1,0.000,1,,0
525.10,525.10,UAV-2,STANDBY,RETURNING,RTH,969.8,2247.0,758.0,107.5,12.22,37.78,1,1.000,1,1.000,1,,0
525.10,525.10,UAV-3,STANDBY,RETURNING,RTH,792.0,2214.9,754.3,108.2,12.17,38.24,1,1.000,1,1.000,1,,0
525.10,525.10,UAV-4,STANDBY,RETURNING,RTH,1055.2,2252.0,761.6,108.7,12.26,38.38,1,1.000,1,1.000,1,,0
525.10,525.10,UAV-5,STANDBY,RETURNING,RTH,1497.5,1992.2,784.4,118.3,14.72,41.14,1,1.000,1,1.000,1,,0
526.12,526.12,UAV-1,RELAY,KILLED,LANDED,2168.4,1909.5,687.3,0.3,0.00,87.74,0,1.000,1,0.000,1,,0
526.12,526.12,UAV-2,STANDBY,RETURNING,RTH,957.8,2243.4,757.7,107.3,12.29,37.66,1,1.000,1,1.000,1,,0
526.12,526.12,UAV-3,STANDBY,RETURNING,RTH,779.6,2214.3,753.7,108.8,12.28,38.12,1,1.000,1,1.000,1,,0
526.12,526.12,UAV-4,STANDBY,RETURNING,RTH,1042.7,2251.0,761.1,108.8,12.33,38.25,1,1.000,1,1.000,1,,0
526.12,526.12,UAV-5,STANDBY,RETURNING,RTH,1488.7,2004.2,782.4,116.6,14.61,40.99,1,1.000,1,1.000,1,,0
527.14,527.14,UAV-1,RELAY,KILLED,LANDED,2168.4,1909.5,687.3,0.3,0.00,87.74,0,1.000,1,0.000,1,,0
527.14,527.14,UAV-2,STANDBY,RETURNING,RTH,945.8,2240.0,757.4,107.4,12.29,37.53,1,1.000,1,1.000,1,,0
527.14,527.14,UAV-3,STANDBY,RETURNING,RTH,767.1,2213.6,753.2,109.4,12.29,38.00,1,1.000,1,1.000,1,,0
527.14,527.14,UAV-4,STANDBY,RETURNING,RTH,1030.1,2250.0,760.7,109.2,12.33,38.13,1,1.000,1,1.000,1,,0
527.14,527.14,UAV-5,STANDBY,RETURNING,RTH,1479.6,2015.7,780.7,115.6,14.45,40.83,1,1.000,1,1.000,1,,0
528.16,528.16,UAV-1,RELAY,KILLED,LANDED,2168.4,1909.5,687.3,0.3,0.00,87.74,0,1.000,1,0.000,1,,0
528.16,528.16,UAV-2,STANDBY,RETURNING,RTH,933.6,2236.8,757.2,107.7,12.34,37.41,1,1.000,1,1.000,1,,0
528.16,528.16,UAV-3,STANDBY,RETURNING,RTH,754.5,2213.0,752.7,109.6,12.35,37.87,1,1.000,1,1.000,1,,0
528.16,528.16,UAV-4,STANDBY,RETURNING,RTH,1017.6,2249.1,760.3,109.6,12.38,38.01,1,1.000,1,1.000,1,,0
528.16,528.16,UAV-5,STANDBY,RETURNING,RTH,1470.1,2026.7,779.0,115.2,14.30,40.67,1,1.000,1,1.000,1,,0
529.18,529.18,UAV-1,RELAY,KILLED,LANDED,2168.4,1909.5,687.3,0.3,0.00,87.74,0,1.000,1,0.000,1,,0
529.18,529.18,UAV-2,STANDBY,RETURNING,RTH,921.4,2233.9,756.9,107.9,12.37,37.29,1,1.000,1,1.000,1,,0
529.18,529.18,UAV-3,STANDBY,RETURNING,RTH,741.9,2212.4,752.3,109.5,12.38,37.75,1,1.000,1,1.000,1,,0
529.18,529.18,UAV-4,STANDBY,RETURNING,RTH,1005.0,2248.3,760.0,109.8,12.41,37.89,1,1.000,1,1.000,1,,0
529.18,529.18,UAV-5,STANDBY,RETURNING,RTH,1460.1,2037.2,777.5,114.8,14.13,40.51,1,1.000,1,1.000,1,,0
530.20,530.20,UAV-1,RELAY,KILLED,LANDED,2168.4,1909.5,687.3,0.3,0.00,87.74,0,1.000,1,0.000,1,,0
530.20,530.20,UAV-2,STANDBY,RETURNING,RTH,909.0,2231.1,756.7,107.9,12.44,37.16,1,1.000,1,1.000,1,,0
530.20,530.20,UAV-3,STANDBY,RETURNING,RTH,729.3,2211.9,751.9,109.4,12.46,37.63,1,1.000,1,1.000,1,,0
530.20,530.20,UAV-4,STANDBY,RETURNING,RTH,992.3,2247.5,759.7,109.6,12.49,37.76,1,1.000,1,1.000,1,,0
530.20,530.20,UAV-5,STANDBY,RETURNING,RTH,1449.8,2047.0,776.2,114.2,13.99,40.36,1,1.000,1,1.000,1,,0
531.22,531.22,UAV-1,RELAY,KILLED,LANDED,2168.4,1909.5,687.3,0.3,0.00,87.74,0,1.000,1,0.000,1,,0
531.22,531.22,UAV-2,STANDBY,RETURNING,RTH,896.6,2228.6,756.5,107.8,12.47,37.04,1,1.000,1,1.000,1,,0
531.22,531.22,UAV-3,STANDBY,RETURNING,RTH,716.6,2211.4,751.5,109.2,12.49,37.51,1,1.000,1,1.000,1,,0
531.22,531.22,UAV-4,STANDBY,RETURNING,RTH,979.6,2246.8,759.4,109.1,12.52,37.64,1,1.000,1,1.000,1,,0
531.22,531.22,UAV-5,STANDBY,RETURNING,RTH,1438.9,2056.0,775.0,113.3,13.78,40.20,1,1.000,1,1.000,1,,0
532.24,532.24,UAV-1,RELAY,KILLED,LANDED,2168.4,1909.5,687.3,0.3,0.00,87.74,0,1.000,1,0.000,1,,0
532.24,532.24,UAV-2,STANDBY,RETURNING,RTH,884.1,2226.3,756.3,107.6,12.45,36.92,1,1.000,1,1.000,1,,0
532.24,532.24,UAV-3,STANDBY,RETURNING,RTH,703.9,2210.9,751.1,109.0,12.47,37.38,1,1.000,1,1.000,1,,0
532.24,532.24,UAV-4,STANDBY,RETURNING,RTH,966.8,2246.2,759.2,108.7,12.52,37.52,1,1.000,1,1.000,1,,0
532.24,532.24,UAV-5,STANDBY,RETURNING,RTH,1427.7,2064.2,773.9,112.5,13.56,40.04,1,1.000,1,1.000,1,,0
533.26,533.26,UAV-1,RELAY,KILLED,LANDED,2168.4,1909.5,687.3,0.3,0.00,87.74,0,1.000,1,0.000,1,,0
533.26,533.26,UAV-2,STANDBY,RETURNING,RTH,871.5,2224.3,756.2,107.5,12.46,36.80,1,1.000,1,1.000,1,,0
533.26,533.26,UAV-3,STANDBY,RETURNING,RTH,691.2,2210.5,750.8,109.2,12.49,37.26,1,1.000,1,1.000,1,,0
533.26,533.26,UAV-4,STANDBY,RETURNING,RTH,954.1,2245.7,759.0,108.8,12.54,37.40,1,1.000,1,1.000,1,,0
533.26,533.26,UAV-5,STANDBY,RETURNING,RTH,1416.0,2071.3,773.0,112.0,13.35,39.89,1,1.000,1,1.000,1,,0
534.28,534.28,UAV-1,RELAY,KILLED,LANDED,2168.4,1909.5,687.3,0.3,0.00,87.74,0,1.000,1,0.000,1,,0
534.28,534.28,UAV-2,STANDBY,RETURNING,RTH,859.0,2222.4,756.1,107.7,12.47,36.67,1,1.000,1,1.000,1,,0
534.28,534.28,UAV-3,STANDBY,RETURNING,RTH,678.4,2210.1,750.5,109.6,12.48,37.14,1,1.000,1,1.000,1,,0
534.28,534.28,UAV-4,STANDBY,RETURNING,RTH,941.3,2245.2,758.9,109.2,12.54,37.27,1,1.000,1,1.000,1,,0
534.28,534.28,UAV-5,STANDBY,RETURNING,RTH,1404.0,2077.3,772.2,111.4,13.06,39.73,1,1.000,1,1.000,1,,0
535.30,535.30,UAV-1,RELAY,KILLED,LANDED,2168.4,1909.5,687.3,0.3,0.00,87.74,0,1.000,1,0.000,1,,0
535.30,535.30,UAV-2,STANDBY,RETURNING,RTH,846.4,2220.9,756.0,107.9,12.43,36.55,1,1.000,1,1.000,1,,0
535.30,535.30,UAV-3,STANDBY,RETURNING,RTH,665.7,2209.7,750.2,109.9,12.44,37.02,1,1.000,1,1.000,1,,0
535.30,535.30,UAV-4,STANDBY,RETURNING,RTH,928.5,2244.9,758.8,109.7,12.50,37.15,1,1.000,1,1.000,1,,0
535.30,535.30,UAV-5,STANDBY,RETURNING,RTH,1391.6,2081.9,771.6,110.7,12.78,39.57,1,1.000,1,1.000,1,,0
536.32,536.32,UAV-1,RELAY,KILLED,LANDED,2168.4,1909.5,687.3,0.3,0.00,87.74,0,1.000,1,0.000,1,,0
536.32,536.32,UAV-2,STANDBY,RETURNING,RTH,833.7,2219.6,755.9,108.1,12.45,36.43,1,1.000,1,1.000,1,,0
536.32,536.32,UAV-3,STANDBY,RETURNING,RTH,653.0,2209.3,750.0,110.1,12.45,36.89,1,1.000,1,1.000,1,,0
536.32,536.32,UAV-4,STANDBY,RETURNING,RTH,915.9,2244.5,758.5,109.7,11.80,37.02,1,1.000,1,1.000,1,,0
536.32,536.32,UAV-5,STANDBY,RETURNING,RTH,1379.9,2086.5,770.8,109.6,12.37,39.41,1,1.000,1,1.000,1,,0
537.34,537.34,UAV-1,RELAY,KILLED,LANDED,2168.4,1909.5,687.3,0.3,0.00,87.74,0,1.000,1,0.000,1,,0
537.34,537.34,UAV-2,STANDBY,RETURNING,RTH,821.1,2218.6,755.8,108.3,12.47,36.30,1,1.000,1,1.000,1,,0
537.34,537.34,UAV-3,STANDBY,RETURNING,RTH,640.3,2209.0,749.8,110.0,12.46,36.77,1,1.000,1,1.000,1,,0
537.34,537.34,UAV-4,STANDBY,RETURNING,RTH,904.4,2242.0,757.8,109.0,11.63,36.89,1,1.000,1,1.000,1,,0
537.34,537.34,UAV-5,STANDBY,RETURNING,RTH,1369.4,2094.1,769.7,108.4,13.16,39.26,1,1.000,1,1.000,1,,0
538.36,538.36,UAV-1,RELAY,KILLED,LANDED,2168.4,1909.5,687.3,0.3,0.00,87.74,0,1.000,1,0.000,1,,0
538.36,538.36,UAV-2,STANDBY,RETURNING,RTH,808.6,2217.7,755.5,108.3,12.18,36.18,1,1.000,1,1.000,1,,0
538.36,538.36,UAV-3,STANDBY,RETURNING,RTH,627.6,2208.8,749.6,109.8,12.52,36.65,1,1.000,1,1.000,1,,0
538.36,538.36,UAV-4,STANDBY,RETURNING,RTH,893.0,2238.3,757.0,108.3,11.97,36.77,1,1.000,1,1.000,1,,0
538.36,538.36,UAV-5,STANDBY,RETURNING,RTH,1359.7,2104.1,768.7,107.7,14.20,39.10,1,1.000,1,1.000,1,,0
539.38,539.38,UAV-1,RELAY,KILLED,LANDED,2168.4,1909.5,687.3,0.3,0.00,87.74,0,1.000,1,0.000,1,,0
539.38,539.38,UAV-2,STANDBY,RETURNING,RTH,796.2,2216.7,754.8,108.5,12.26,36.06,1,1.000,1,1.000,1,,0
539.38,539.38,UAV-3,STANDBY,RETURNING,RTH,614.8,2208.5,749.5,109.5,12.54,36.53,1,1.000,1,1.000,1,,0
539.38,539.38,UAV-4,STANDBY,RETURNING,RTH,881.3,2234.6,756.3,107.5,12.13,36.65,1,1.000,1,1.000,1,,0
539.38,539.38,UAV-5,STANDBY,RETURNING,RTH,1350.0,2115.3,768.2,107.4,14.79,38.94,1,1.000,1,1.000,1,,0
540.40,540.40,UAV-1,RELAY,KILLED,LANDED,2168.4,1909.5,687.3,0.3,0.00,87.74,0,1.000,1,0.000,1,,0
540.40,540.40,UAV-2,STANDBY,RETURNING,RTH,783.7,2215.6,754.3,109.0,12.29,35.94,1,1.000,1,1.000,1,,0
540.40,540.40,UAV-3,STANDBY,RETURNING,RTH,602.0,2208.3,749.4,109.5,12.53,36.40,1,1.000,1,1.000,1,,0
540.40,540.40,UAV-4,STANDBY,RETURNING,RTH,869.4,2230.9,755.6,106.9,12.19,36.52,1,1.000,1,1.000,1,,0
540.40,540.40,UAV-5,STANDBY,RETURNING,RTH,1340.1,2126.8,768.0,107.2,14.88,38.79,1,1.000,1,1.000,1,,0
541.42,541.42,UAV-1,RELAY,KILLED,LANDED,2168.4,1909.5,687.3,0.3,0.00,87.74,0,1.000,1,0.000,1,,0
541.42,541.42,UAV-2,STANDBY,RETURNING,RTH,771.3,2214.6,753.7,109.5,12.22,35.82,1,1.000,1,1.000,1,,0
541.42,541.42,UAV-3,STANDBY,RETURNING,RTH,589.3,2208.2,749.3,109.5,12.44,36.28,1,1.000,1,1.000,1,,0
541.42,541.42,UAV-4,STANDBY,RETURNING,RTH,857.5,2227.5,755.0,106.6,12.13,36.40,1,1.000,1,1.000,1,,0
541.42,541.42,UAV-5,STANDBY,RETURNING,RTH,1330.1,2138.2,767.9,106.5,14.78,38.63,1,1.000,1,1.000,1,,0
542.44,542.44,UAV-1,RELAY,KILLED,LANDED,2168.4,1909.5,687.3,0.3,0.00,87.74,0,1.000,1,0.000,1,,0
542.44,542.44,UAV-2,STANDBY,RETURNING,RTH,758.8,2213.7,753.2,109.9,12.27,35.69,1,1.000,1,1.000,1,,0
542.44,542.44,UAV-3,STANDBY,RETURNING,RTH,577.2,2208.9,748.8,109.1,11.55,36.15,1,1.000,1,1.000,1,,0
542.44,542.44,UAV-4,STANDBY,RETURNING,RTH,845.6,2224.2,754.4,106.3,12.20,36.28,1,1.000,1,1.000,1,,0
542.44,542.44,UAV-5,STANDBY,RETURNING,RTH,1320.0,2149.3,767.8,105.5,14.68,38.47,1,1.000,1,1.000,1,,0
543.46,543.46,UAV-1,RELAY,KILLED,LANDED,2168.4,1909.5,687.3,0.3,0.00,87.74,0,1.000,1,0.000,1,,0
543.46,543.46,UAV-2,STANDBY,RETURNING,RTH,746.3,2212.8,752.7,109.9,12.30,35.57,1,1.000,1,1.000,1,,0
543.46,543.46,UAV-3,STANDBY,RETURNING,RTH,565.7,2212.6,747.8,108.4,12.20,36.03,1,1.000,1,1.000,1,,0
543.46,543.46,UAV-4,STANDBY,RETURNING,RTH,833.5,2221.2,753.8,106.1,12.23,36.15,1,1.000,1,1.000,1,,0
543.46,543.46,UAV-5,STANDBY,RETURNING,RTH,1309.7,2160.1,767.6,104.3,14.59,38.32,1,1.000,1,1.000,1,,0
544.48,544.48,UAV-1,RELAY,KILLED,LANDED,2168.4,1909.5,687.3,0.3,0.00,87.74,0,1.000,1,0.000,1,,0
544.48,544.48,UAV-2,STANDBY,RETURNING,RTH,733.8,2211.9,752.3,109.7,12.33,35.45,1,1.000,1,1.000,1,,0
544.48,544.48,UAV-3,STANDBY,RETURNING,RTH,553.9,2217.0,746.9,107.8,12.58,35.90,1,1.000,1,1.000,1,,0
544.48,544.48,UAV-4,STANDBY,RETURNING,RTH,821.4,2218.3,753.3,105.8,12.28,36.03,1,1.000,1,1.000,1,,0
544.48,544.48,UAV-5,STANDBY,RETURNING,RTH,1299.2,2170.5,767.5,103.4,14.46,38.16,1,1.000,1,1.000,1,,0
545.50,545.50,UAV-1,RELAY,KILLED,LANDED,2168.4,1909.5,687.3,0.3,0.00,87.74,0,1.000,1,0.000,1,,0
545.50,545.50,UAV-2,STANDBY,RETURNING,RTH,721.3,2211.1,751.8,109.5,12.34,35.33,1,1.000,1,1.000,1,,0
545.50,545.50,UAV-3,STANDBY,RETURNING,RTH,541.7,2221.4,746.1,107.6,12.71,35.78,1,1.000,1,1.000,1,,0
545.50,545.50,UAV-4,STANDBY,RETURNING,RTH,809.1,2215.6,752.9,105.7,12.29,35.91,1,1.000,1,1.000,1,,0
545.50,545.50,UAV-5,STANDBY,RETURNING,RTH,1288.5,2180.6,767.3,103.0,14.34,38.00,1,1.000,1,1.000,1,,0
546.52,546.52,UAV-1,RELAY,KILLED,LANDED,2168.4,1909.5,687.3,0.3,0.00,87.74,0,1.000,1,0.000,1,,0
546.52,546.52,UAV-2,STANDBY,RETURNING,RTH,708.7,2210.4,751.5,109.2,12.40,35.20,1,1.000,1,1.000,1,,0
546.52,546.52,UAV-3,STANDBY,RETURNING,RTH,529.4,2225.6,745.3,107.7,12.80,35.66,1,1.000,1,1.000,1,,0
546.52,546.52,UAV-4,STANDBY,RETURNING,RTH,796.8,2213.1,752.5,105.9,12.35,35.78,1,1.000,1,1.000,1,,0
546.52,546.52,UAV-5,STANDBY,RETURNING,RTH,1277.6,2190.3,767.1,102.9,14.24,37.84,1,1.000,1,1.000,1,,0
547.54,547.54,UAV-1,RELAY,KILLED,LANDED,2168.4,1909.5,687.3,0.3,0.00,87.74,0,1.000,1,0.000,1,,0
547.54,547.54,UAV-2,STANDBY,RETURNING,RTH,696.0,2209.7,751.1,109.3,12.41,35.08,1,1.000,1,1.000,1,,0
547.54,547.54,UAV-3,STANDBY,RETURNING,RTH,517.0,2229.6,744.6,108.2,12.80,35.54,1,1.000,1,1.000,1,,0
547.54,547.54,UAV-4,STANDBY,RETURNING,RTH,784.4,2210.8,752.1,106.6,12.37,35.66,1,1.000,1,1.000,1,,0
547.54,547.54,UAV-5,STANDBY,RETURNING,RTH,1266.5,2199.5,766.9,102.9,14.08,37.69,1,1.000,1,1.000,1,,0
548.56,548.56,UAV-1,RELAY,KILLED,LANDED,2168.4,1909.5,687.3,0.3,0.00,87.74,0,1.000,1,0.000,1,,0
548.56,548.56,UAV-2,STANDBY,RETURNING,RTH,683.4,2209.0,750.8,109.6,12.41,34.96,1,1.000,1,1.000,1,,0
548.56,548.56,UAV-3,STANDBY,RETURNING,RTH,504.5,2233.4,743.9,108.7,12.77,35.41,1,1.000,1,1.000,1,,0
548.56,548.56,UAV-4,STANDBY,RETURNING,RTH,772.0,2208.7,751.7,107.4,12.36,35.54,1,1.000,1,1.000,1,,0
548.56,548.56,UAV-5,STANDBY,RETURNING,RTH,1255.2,2208.2,766.7,103.1,13.91,37.53,1,1.000,1,1.000,1,,0
549.58,549.58,UAV-1,RELAY,KILLED,LANDED,2168.4,1909.5,687.3,0.3,0.00,87.74,0,1.000,1,0.000,1,,0
549.58,549.58,UAV-2,STANDBY,RETURNING,RTH,670.8,2208.5,750.5,110.0,12.37,34.84,1,1.000,1,1.000,1,,0
549.58,549.58,UAV-3,STANDBY,RETURNING,RTH,492.1,2237.0,743.2,109.1,12.70,35.29,1,1.000,1,1.000,1,,0
549.58,549.58,UAV-4,STANDBY,RETURNING,RTH,759.5,2206.8,751.5,108.1,12.33,35.42,1,1.000,1,1.000,1,,0
549.58,549.58,UAV-5,STANDBY,RETURNING,RTH,1243.6,2216.3,766.5,103.4,13.69,37.37,1,1.000,1,1.000,1,,0
550.60,550.60,UAV-1,RELAY,KILLED,LANDED,2168.4,1909.5,687.3,0.3,0.00,87.74,0,1.000,1,0.000,1,,0
550.60,550.60,UAV-2,STANDBY,RETURNING,RTH,658.2,2207.9,750.3,110.3,12.41,34.71,1,1.000,1,1.000,1,,0
550.60,550.60,UAV-3,STANDBY,RETURNING,RTH,479.6,2240.3,742.7,109.2,12.71,35.17,1,1.000,1,1.000,1,,0
550.60,550.60,UAV-4,STANDBY,RETURNING,RTH,747.1,2205.2,751.2,108.3,12.37,35.29,1,1.000,1,1.000,1,,0
550.60,550.60,UAV-5,STANDBY,RETURNING,RTH,1231.9,2223.7,766.3,103.9,13.56,37.22,1,1.000,1,1.000,1,,0
551.62,551.62,UAV-1,RELAY,KILLED,LANDED,2168.4,1909.5,687.3,0.3,0.00,87.74,0,1.000,1,0.000,1,,0
551.62,551.62,UAV-2,STANDBY,RETURNING,RTH,645.5,2207.5,750.1,110.3,12.42,34.59,1,1.000,1,1.000,1,,0
551.62,551.62,UAV-3,STANDBY,RETURNING,RTH,467.0,2243.5,742.1,108.6,12.71,35.05,1,1.000,1,1.000,1,,0
551.62,551.62,UAV-4,STANDBY,RETURNING,RTH,734.5,2203.8,751.0,108.4,12.39,35.17,1,1.000,1,1.000,1,,0
551.62,551.62,UAV-5,STANDBY,RETURNING,RTH,1219.9,2230.5,766.2,104.8,13.41,37.06,1,1.000,1,1.000,1,,0
552.64,552.64,UAV-1,RELAY,KILLED,LANDED,2168.4,1909.5,687.3,0.3,0.00,87.74,0,1.000,1,0.000,1,,0
552.64,552.64,UAV-2,STANDBY,RETURNING,RTH,632.8,2207.1,749.9,110.0,12.46,34.47,1,1.000,1,1.000,1,,0
552.64,552.64,UAV-3,STANDBY,RETURNING,RTH,454.4,2246.4,741.7,107.6,12.72,34.93,1,1.000,1,1.000,1,,0
552.64,552.64,UAV-4,STANDBY,RETURNING,RTH,721.9,2202.6,750.9,108.4,12.44,35.05,1,1.000,1,1.000,1,,0
552.64,552.64,UAV-5,STANDBY,RETURNING,RTH,1207.7,2236.5,766.0,105.8,13.25,36.90,1,1.000,1,1.000,1,,0
553.66,553.66,UAV-1,RELAY,KILLED,LANDED,2168.4,1909.5,687.3,0.3,0.00,87.74,0,1.000,1,0.000,1,,0
553.66,553.66,UAV-2,STANDBY,RETURNING,RTH,620.1,2206.8,749.8,109.7,12.52,34.34,1,1.000,1,1.000,1,,0
553.66,553.66,UAV-3,STANDBY,RETURNING,RTH,441.7,2249.1,741.2,106.7,12.75,34.80,1,1.000,1,1.000,1,,0
553.66,553.66,UAV-4,STANDBY,RETURNING,RTH,709.2,2201.6,750.7,108.4,12.50,34.92,1,1.000,1,1.000,1,,0
553.66,553.66,UAV-5,STANDBY,RETURNING,RTH,1195.3,2241.6,765.8,106.7,13.11,36.74,1,1.000,1,1.000,1,,0
554.68,554.68,UAV-1,RELAY,KILLED,LANDED,2168.4,1909.5,687.3,0.3,0.00,87.74,0,1.000,1,0.000,1,,0
554.68,554.68,UAV-2,STANDBY,RETURNING,RTH,607.3,2206.5,749.7,109.6,12.51,34.22,1,1.000,1,1.000,1,,0
554.68,554.68,UAV-3,STANDBY,RETURNING,RTH,428.9,2251.6,740.8,105.8,12.71,34.68,1,1.000,1,1.000,1,,0
554.68,554.68,UAV-4,STANDBY,RETURNING,RTH,696.6,2201.0,750.5,108.6,11.94,34.80,1,1.000,1,1.000,1,,0
554.68,554.68,UAV-5,STANDBY,RETURNING,RTH,1182.7,2245.9,765.7,107.7,12.91,36.59,1,1.000,1,1.000,1,,0
555.70,555.70,UAV-1,RELAY,KILLED,LANDED,2168.4,1909.5,687.3,0.3,0.00,87.74,0,1.000,1,0.000,1,,0
555.70,555.70,UAV-2,STANDBY,RETURNING,RTH,594.7,2206.4,749.5,109.6,11.88,34.10,1,1.000,1,1.000,1,,0
555.70,555.70,UAV-3,STANDBY,RETURNING,RTH,416.2,2253.8,740.5,105.4,12.60,34.56,1,1.000,1,1.000,1,,0
555.70,555.70,UAV-4,STANDBY,RETURNING,RTH,684.6,2202.7,749.9,108.6,12.02,34.68,1,1.000,1,1.000,1,,0
555.70,555.70,UAV-5,STANDBY,RETURNING,RTH,1170.1,2249.1,765.5,108.8,12.64,36.43,1,1.000,1,1.000,1,,0
556.72,556.72,UAV-1,RELAY,KILLED,LANDED,2168.4,1909.5,687.3,0.3,0.00,87.74,0,1.000,1,0.000,1,,0
556.72,556.72,UAV-2,STANDBY,RETURNING,RTH,583.1,2208.8,748.7,109.0,11.81,33.97,1,1.000,1,1.000,1,,0
556.72,556.72,UAV-3,STANDBY,RETURNING,RTH,403.5,2255.7,740.2,105.8,12.58,34.44,1,1.000,1,1.000,1,,0
556.72,556.72,UAV-4,STANDBY,RETURNING,RTH,672.5,2205.4,749.2,108.6,12.32,34.55,1,1.000,1,1.000,1,,0
556.72,556.72,UAV-5,STANDBY,RETURNING,RTH,1158.0,2250.6,765.0,109.2,11.91,36.27,1,1.000,1,1.000,1,,0
557.74,557.74,UAV-1,RELAY,KILLED,LANDED,2168.4,1909.5,687.3,0.3,0.00,87.74,0,1.000,1,0.000,1,,0
557.74,557.74,UAV-2,STANDBY,RETURNING,RTH,571.5,2213.0,747.8,108.3,12.41,33.84,1,1.000,1,1.000,1,,0
557.74,557.74,UAV-3,STANDBY,RETURNING,RTH,390.8,2257.3,740.0,106.6,12.59,34.31,1,1.000,1,1.000,1,,0
557.74,557.74,UAV-4,STANDBY,RETURNING,RTH,660.1,2208.1,748.5,108.5,12.48,34.43,1,1.000,1,1.000,1,,0
557.74,557.74,UAV-5,STANDBY,RETURNING,RTH,1145.8,2251.0,764.4,109.0,12.11,36.12,1,1.000,1,1.000,1,,0
558.76,558.76,UAV-1,RELAY,KILLED,LANDED,2168.4,1909.5,687.3,0.3,0.00,87.74,0,1.000,1,0.000,1,,0
558.76,558.76,UAV-2,STANDBY,RETURNING,RTH,559.5,2217.4,747.0,107.7,12.67,33.72,1,1.000,1,1.000,1,,0
558.76,558.76,UAV-3,STANDBY,RETURNING,RTH,378.0,2258.7,739.9,107.5,12.61,34.19,1,1.000,1,1.000,1,,0
558.76,558.76,UAV-4,STANDBY,RETURNING,RTH,647.6,2210.7,748.0,108.1,12.58,34.31,1,1.000,1,1.000,1,,0
558.76,558.76,UAV-5,STANDBY,RETURNING,RTH,1133.3,2251.2,763.8,108.2,12.26,35.96,1,1.000,1,1.000,1,,0
559.78,559.78,UAV-1,RELAY,KILLED,LANDED,2168.4,1909.5,687.3,0.3,0.00,87.74,0,1.000,1,0.000,1,,0
559.78,559.78,UAV-2,STANDBY,RETURNING,RTH,547.3,2221.6,746.2,107.3,12.80,33.60,1,1.000,1,1.000,1,,0
559.78,559.78,UAV-3,STANDBY,RETURNING,RTH,365.2,2259.7,739.7,108.2,12.43,34.07,1,1.000,1,1.000,1,,0
559.78,559.78,UAV-4,STANDBY,RETURNING,RTH,635.0,2213.1,747.4,107.6,12.64,34.19,1,1.000,1,1.000,1,,0
559.78,559.78,UAV-5,STANDBY,RETURNING,RTH,1120.8,2251.3,763.2,107.4,12.37,35.80,1,1.000,1,1.000,1,,0
560.80,560.80,UAV-1,RELAY,KILLED,LANDED,2168.4,1909.5,687.3,0.3,0.00,87.74,0,1.000,1,0.000,1,,0
560.80,560.80,UAV-2,STANDBY,RETURNING,RTH,534.8,2225.7,745.5,107.4,12.85,33.48,1,1.000,1,1.000,1,,0
560.80,560.80,UAV-3,STANDBY,RETURNING,RTH,354.9,2260.0,736.0,105.0,10.45,33.94,1,1.000,1,1.000,1,,0
560.80,560.80,UAV-4,STANDBY,RETURNING,RTH,622.3,2215.4,746.9,107.2,12.69,34.06,1,1.000,1,1.000,1,,0
560.80,560.80,UAV-5,STANDBY,RETURNING,RTH,1108.1,2251.4,762.7,107.0,12.44,35.65,1,1.000,1,1.000,1,,0
561.82,561.82,UAV-1,RELAY,KILLED,LANDED,2168.4,1909.5,687.3,0.3,0.00,87.74,0,1.000,1,0.000,1,,0
561.82,561.82,UAV-2,STANDBY,RETURNING,RTH,522.3,2229.5,744.8,107.9,12.81,33.36,1,1.000,1,1.000,1,,0
561.82,561.82,UAV-3,STANDBY,RETURNING,RTH,346.4,2258.5,729.6,99.3,10.72,33.81,1,1.000,1,1.000,1,,0
561.82,561.82,UAV-4,STANDBY,RETURNING,RTH,609.6,2217.6,746.4,106.8,12.64,33.94,1,1.000,1,1.000,1,,0
561.82,561.82,UAV-5,STANDBY,RETURNING,RTH,1095.5,2251.5,762.2,107.0,12.40,35.49,1,1.000,1,1.000,1,,0
562.84,562.84,UAV-1,RELAY,KILLED,LANDED,2168.4,1909.5,687.3,0.3,0.00,87.74,0,1.000,1,0.000,1,,0
562.84,562.84,UAV-2,STANDBY,RETURNING,RTH,509.9,2233.2,744.2,108.5,12.74,33.23,1,1.000,1,1.000,1,,0
562.84,562.84,UAV-3,STANDBY,RETURNING,RTH,337.5,2255.6,723.5,94.2,11.13,33.69,1,1.000,1,1.000,1,,0
562.84,562.84,UAV-4,STANDBY,RETURNING,RTH,596.9,2219.7,745.9,106.5,12.58,33.82,1,1.000,1,1.000,1,,0
562.84,562.84,UAV-5,STANDBY,RETURNING,RTH,1082.9,2251.6,761.7,107.3,12.35,35.33,1,1.000,1,1.000,1,,0
563.86,563.86,UAV-1,RELAY,KILLED,LANDED,2168.4,1909.5,687.3,0.3,0.00,87.74,0,1.000,1,0.000,1,,0
563.86,563.86,UAV-2,STANDBY,RETURNING,RTH,497.3,2236.7,743.6,109.0,12.76,33.11,1,1.000,1,1.000,1,,0
563.86,563.86,UAV-3,STANDBY,RETURNING,RTH,327.8,2252.6,718.0,89.7,11.43,33.57,1,1.000,1,1.000,1,,0
563.86,563.86,UAV-4,STANDBY,RETURNING,RTH,584.2,2221.7,745.5,106.1,12.62,33.70,1,1.000,1,1.000,1,,0
563.86,563.86,UAV-5,STANDBY,RETURNING,RTH,1070.3,2251.7,761.2,107.5,12.41,35.17,1,1.000,1,1.000,1,,0
564.88,564.88,UAV-1,RELAY,KILLED,LANDED,2168.4,1909.5,687.3,0.3,0.00,87.74,0,1.000,1,0.000,1,,0
564.88,564.88,UAV-2,STANDBY,RETURNING,RTH,484.7,2239.9,743.1,109.4,12.74,32.99,1,1.000,1,1.000,1,,0
564.88,564.88,UAV-3,STANDBY,RETURNING,RTH,317.6,2249.9,713.0,85.8,11.58,33.45,1,1.000,1,1.000,1,,0
564.88,564.88,UAV-4,STANDBY,RETURNING,RTH,571.5,2223.5,745.2,105.7,12.61,33.58,1,1.000,1,1.000,1,,0
564.88,564.88,UAV-5,STANDBY,RETURNING,RTH,1057.6,2251.7,760.8,107.8,12.41,35.02,1,1.000,1,1.000,1,,0
565.90,565.90,UAV-1,RELAY,KILLED,LANDED,2168.4,1909.5,687.3,0.3,0.00,87.74,0,1.000,1,0.000,1,,0
565.90,565.90,UAV-2,STANDBY,RETURNING,RTH,472.2,2242.9,742.6,109.2,12.65,32.87,1,1.000,1,1.000,1,,0
565.90,565.90,UAV-3,STANDBY,RETURNING,RTH,306.8,2247.5,708.5,82.1,11.66,33.33,1,1.000,1,1.000,1,,0
565.90,565.90,UAV-4,STANDBY,RETURNING,RTH,558.8,2225.2,744.8,105.5,12.54,33.45,1,1.000,1,1.000,1,,0
565.90,565.90,UAV-5,STANDBY,RETURNING,RTH,1045.0,2251.8,760.4,108.0,12.35,34.86,1,1.000,1,1.000,1,,0
566.92,566.92,UAV-1,RELAY,KILLED,LANDED,2168.4,1909.5,687.3,0.3,0.00,87.74,0,1.000,1,0.000,1,,0
566.92,566.92,UAV-2,STANDBY,RETURNING,RTH,459.6,2245.7,742.2,108.3,12.57,32.74,1,1.000,1,1.000,1,,0
566.92,566.92,UAV-3,STANDBY,RETURNING,RTH,295.8,2245.3,704.5,78.4,11.74,33.21,1,1.000,1,1.000,1,,0
566.92,566.92,UAV-4,STANDBY,RETURNING,RTH,546.1,2226.7,744.6,105.7,12.48,33.33,1,1.000,1,1.000,1,,0
566.92,566.92,UAV-5,STANDBY,RETURNING,RTH,1032.4,2251.8,760.1,108.5,12.32,34.70,1,1.000,1,1.000,1,,0
567.94,567.94,UAV-1,RELAY,KILLED,LANDED,2168.4,1909.5,687.3,0.3,0.00,87.74,0,1.000,1,0.000,1,,0
567.94,567.94,UAV-2,STANDBY,RETURNING,RTH,447.1,2248.2,741.8,107.5,12.55,32.62,1,1.000,1,1.000,1,,0
567.94,567.94,UAV-3,STANDBY,RETURNING,RTH,284.5,2243.4,701.0,74.8,11.86,33.09,1,1.000,1,1.000,1,,0
567.94,567.94,UAV-4,STANDBY,RETURNING,RTH,533.4,2228.0,744.3,106.3,12.47,33.21,1,1.000,1,1.000,1,,0
567.94,567.94,UAV-5,STANDBY,RETURNING,RTH,1019.9,2251.9,759.8,109.0,12.32,34.55,1,1.000,1,1.000,1,,0
568.96,568.96,UAV-1,RELAY,KILLED,LANDED,2168.4,1909.5,687.3,0.3,0.00,87.74,0,1.000,1,0.000,1,,0
568.96,568.96,UAV-2,STANDBY,RETURNING,RTH,434.4,2250.5,741.5,106.6,12.60,32.50,1,1.000,1,1.000,1,,0
568.96,568.96,UAV-3,STANDBY,RETURNING,RTH,272.8,2241.7,697.9,71.6,12.06,32.97,1,1.000,1,1.000,1,,0
568.96,568.96,UAV-4,STANDBY,RETURNING,RTH,520.7,2229.2,744.1,107.3,12.53,33.09,1,1.000,1,1.000,1,,0
568.96,568.96,UAV-5,STANDBY,RETURNING,RTH,1007.3,2251.9,759.5,109.3,12.39,34.39,1,1.000,1,1.000,1,,0
569.98,569.98,UAV-1,RELAY,KILLED,LANDED,2168.4,1909.5,687.3,0.3,0.00,87.74,0,1.000,1,0.000,1,,0
569.98,569.98,UAV-2,STANDBY,RETURNING,RTH,421.8,2252.5,741.2,106.0,12.59,32.38,1,1.000,1,1.000,1,,0
569.98,569.98,UAV-3,STANDBY,RETURNING,RTH,260.8,2240.3,695.3,68.9,12.20,32.85,1,1.000,1,1.000,1,,0
569.98,569.98,UAV-4,STANDBY,RETURNING,RTH,508.0,2230.2,743.9,108.4,12.51,32.96,1,1.000,1,1.000,1,,0
569.98,569.98,UAV-5,STANDBY,RETURNING,RTH,994.6,2251.9,759.3,109.3,12.40,34.23,1,1.000,1,1.000,1,,0
571.00,571.00,UAV-1,RELAY,KILLED,LANDED,2168.4,1909.5,687.3,0.3,0.00,87.74,0,1.000,1,0.000,1,,0
571.00,571.00,UAV-2,STANDBY,RETURNING,RTH,409.0,2254.3,740.9,106.2,12.57,32.26,1,1.000,1,1.000,1,,0
571.00,571.00,UAV-3,STANDBY,RETURNING,RTH,248.5,2239.0,693.1,66.6,12.35,32.72,1,1.000,1,1.000,1,,0
571.00,571.00,UAV-4,STANDBY,RETURNING,RTH,495.3,2231.1,743.8,109.4,12.50,32.84,1,1.000,1,1.000,1,,0
571.00,571.00,UAV-5,STANDBY,RETURNING,RTH,982.0,2251.9,759.1,108.9,12.41,34.07,1,1.000,1,1.000,1,,0
572.02,572.02,UAV-1,RELAY,KILLED,LANDED,2168.4,1909.5,687.3,0.3,0.00,87.74,0,1.000,1,0.000,1,,0
572.02,572.02,UAV-2,STANDBY,RETURNING,RTH,396.3,2255.7,740.7,106.9,12.54,32.13,1,1.000,1,1.000,1,,0
572.02,572.02,UAV-3,STANDBY,RETURNING,RTH,236.0,2238.0,691.3,64.6,12.48,32.60,1,1.000,1,1.000,1,,0
572.02,572.02,UAV-4,STANDBY,RETURNING,RTH,482.6,2231.7,743.7,110.2,12.47,32.72,1,1.000,1,1.000,1,,0
572.02,572.02,UAV-5,STANDBY,RETURNING,RTH,969.3,2252.0,759.0,108.5,12.42,33.92,1,1.000,1,1.000,1,,0
573.04,573.04,UAV-1,RELAY,KILLED,LANDED,2168.4,1909.5,687.3,0.3,0.00,87.74,0,1.000,1,0.000,1,,0
573.04,573.04,UAV-2,STANDBY,RETURNING,RTH,383.6,2256.9,740.6,107.8,12.52,32.01,1,1.000,1,1.000,1,,0
573.04,573.04,UAV-3,STANDBY,RETURNING,RTH,223.3,2237.2,690.0,62.8,12.64,32.48,1,1.000,1,1.000,1,,0
573.04,573.04,UAV-4,STANDBY,RETURNING,RTH,470.3,2233.1,743.2,110.0,12.06,32.59,1,1.000,1,1.000,1,,0
573.04,573.04,UAV-5,STANDBY,RETURNING,RTH,956.6,2252.0,758.9,108.6,12.43,33.76,1,1.000,1,1.000,1,,0
574.06,574.06,UAV-1,RELAY,KILLED,LANDED,2168.4,1909.5,687.3,0.3,0.00,87.74,0,1.000,1,0.000,1,,0
574.06,574.06,UAV-2,STANDBY,RETURNING,RTH,371.6,2257.8,739.5,107.7,10.76,31.89,1,1.000,1,1.000,1,,0
574.06,574.06,UAV-3,STANDBY,RETURNING,RTH,210.4,2236.7,689.0,61.4,12.09,32.36,1,1.000,1,1.000,1,,0
574.06,574.06,UAV-4,STANDBY,RETURNING,RTH,458.2,2236.0,742.6,109.1,12.35,32.47,1,1.000,1,1.000,1,,0
574.06,574.06,UAV-5,STANDBY,RETURNING,RTH,944.3,2251.7,758.5,108.8,11.42,33.60,1,1.000,1,1.000,1,,0
575.08,575.08,UAV-1,RELAY,KILLED,LANDED,2168.4,1909.5,687.3,0.3,0.00,87.74,0,1.000,1,0.000,1,,0
575.08,575.08,UAV-2,STANDBY,RETURNING,RTH,362.1,2258.2,734.2,102.9,10.92,31.78,1,1.000,1,1.000,1,,0
575.08,575.08,UAV-3,STANDBY,RETURNING,LANDING,200.1,2236.5,684.2,56.4,11.18,32.25,1,1.000,1,1.000,1,,0
575.08,575.08,UAV-4,STANDBY,RETURNING,RTH,445.9,2239.1,742.0,108.0,12.61,32.35,1,1.000,1,1.000,1,,0
575.08,575.08,UAV-5,STANDBY,RETURNING,RTH,933.1,2249.0,757.6,108.4,11.58,33.45,1,1.000,1,1.000,1,,0
576.10,576.10,UAV-1,RELAY,KILLED,LANDED,2168.4,1909.5,687.3,0.3,0.00,87.74,0,1.000,1,0.000,1,,0
576.10,576.10,UAV-2,STANDBY,RETURNING,RTH,352.2,2258.0,728.5,97.8,11.37,31.66,1,1.000,1,1.000,1,,0
576.10,576.10,UAV-3,STANDBY,RETURNING,LANDING,188.2,2236.2,682.6,54.4,11.25,32.12,1,1.000,1,1.000,1,,0
576.10,576.10,UAV-4,STANDBY,RETURNING,RTH,433.3,2242.0,741.5,106.8,12.75,32.23,1,1.000,1,1.000,1,,0
576.10,576.10,UAV-5,STANDBY,RETURNING,RTH,921.7,2245.0,756.9,108.0,12.13,33.29,1,1.000,1,1.000,1,,0
577.12,577.12,UAV-1,RELAY,KILLED,LANDED,2168.4,1909.5,687.3,0.3,0.00,87.74,0,1.000,1,0.000,1,,0
577.12,577.12,UAV-2,STANDBY,RETURNING,RTH,341.8,2257.7,723.2,93.4,11.61,31.54,1,1.000,1,1.000,1,,0
577.12,577.12,UAV-3,STANDBY,RETURNING,LANDING,180.4,2236.3,678.6,50.1,6.59,32.01,1,1.000,1,1.000,1,,0
577.12,577.12,UAV-4,STANDBY,RETURNING,RTH,420.6,2244.9,740.9,106.1,12.78,32.11,1,1.000,1,1.000,1,,0
577.12,577.12,UAV-5,STANDBY,RETURNING,RTH,909.9,2240.8,756.5,107.6,12.27,33.13,1,1.000,1,1.000,1,,0
578.14,578.14,UAV-1,RELAY,KILLED,LANDED,2168.4,1909.5,687.3,0.3,0.00,87.74,0,1.000,1,0.000,1,,0
578.14,578.14,UAV-2,STANDBY,RETURNING,RTH,330.9,2257.5,718.3,89.5,11.68,31.42,1,1.000,1,1.000,1,,0
578.14,578.14,UAV-3,STANDBY,RETURNING,LANDING,180.1,2236.3,673.0,44.5,6.44,31.89,1,1.000,1,1.000,1,,0
578.14,578.14,UAV-4,STANDBY,RETURNING,RTH,407.9,2247.5,740.4,106.0,12.68,31.98,1,1.000,1,1.000,1,,0
578.14,578.14,UAV-5,STANDBY,RETURNING,RTH,898.1,2236.8,756.0,107.3,12.23,32.97,1,1.000,1,1.000,1,,0
579.16,579.16,UAV-1,RELAY,KILLED,LANDED,2168.4,1909.5,687.3,0.3,0.00,87.74,0,1.000,1,0.000,1,,0
579.16,579.16,UAV-2,STANDBY,RETURNING,RTH,319.9,2257.3,713.8,86.1,11.66,31.30,1,1.000,1,1.000,1,,0
579.16,579.16,UAV-3,STANDBY,RETURNING,LANDING,184.0,2236.2,667.3,39.0,5.84,31.79,1,1.000,1,1.000,1,,0
579.16,579.16,UAV-4,STANDBY,RETURNING,RTH,395.3,2250.1,740.0,106.4,12.55,31.86,1,1.000,1,1.000,1,,0
579.16,579.16,UAV-5,STANDBY,RETURNING,RTH,886.3,2233.0,755.6,106.8,12.10,32.82,1,1.000,1,1.000,1,,0
580.18,580.18,UAV-1,RELAY,KILLED,LANDED,2168.4,1909.5,687.3,0.3,0.00,87.74,0,1.000,1,0.000,1,,0
580.18,580.18,UAV-2,STANDBY,RETURNING,RTH,308.6,2257.1,709.8,82.9,11.79,31.18,1,1.000,1,1.000,1,,0
580.18,580.18,UAV-3,STANDBY,RETURNING,LANDING,184.2,2236.3,661.6,33.3,5.55,31.69,1,1.000,1,1.000,1,,0
580.18,580.18,UAV-4,STANDBY,RETURNING,RTH,382.7,2252.5,739.5,107.0,12.57,31.74,1,1.000,1,1.000,1,,0
580.18,580.18,UAV-5,STANDBY,RETURNING,RTH,874.5,2229.4,755.2,106.4,12.14,32.66,1,1.000,1,1.000,1,,0
581.20,581.20,UAV-1,RELAY,KILLED,LANDED,2168.4,1909.5,687.3,0.3,0.00,87.74,0,1.000,1,0.000,1,,0
581.20,581.20,UAV-2,STANDBY,RETURNING,RTH,297.1,2256.9,706.1,79.8,11.90,31.06,1,1.000,1,1.000,1,,0
581.20,581.20,UAV-3,STANDBY,RETURNING,LANDING,184.1,2236.3,656.0,27.6,5.52,31.60,1,1.000,1,1.000,1,,0
581.20,581.20,UAV-4,STANDBY,RETURNING,RTH,370.1,2254.7,739.1,107.5,12.57,31.62,1,1.000,1,1.000,1,,0
581.20,581.20,UAV-5,STANDBY,RETURNING,RTH,862.6,2225.9,754.7,106.2,12.17,32.50,1,1.000,1,1.000,1,,0
582.22,582.22,UAV-1,RELAY,KILLED,LANDED,2168.4,1909.5,687.3,0.3,0.00,87.74,0,1.000,1,0.000,1,,0
582.22,582.22,UAV-2,STANDBY,RETURNING,RTH,285.4,2256.8,702.7,76.5,12.00,30.94,1,1.000,1,1.000,1,,0
582.22,582.22,UAV-3,STANDBY,RETURNING,LANDING,184.2,2236.3,650.4,22.0,5.52,31.51,1,1.000,1,1.000,1,,0
582.22,582.22,UAV-4,STANDBY,RETURNING,RTH,357.4,2256.8,738.8,107.9,12.55,31.49,1,1.000,1,1.000,1,,0
582.22,582.22,UAV-5,STANDBY,RETURNING,RTH,850.6,2222.7,754.4,106.2,12.19,32.35,1,1.000,1,1.000,1,,0
583.24,583.24,UAV-1,RELAY,KILLED,LANDED,2168.4,1909.5,687.3,0.3,0.00,87.74,0,1.000,1,0.000,1,,0
583.24,583.24,UAV-2,STANDBY,RETURNING,RTH,273.5,2256.7,699.8,73.5,12.12,30.82,1,1.000,1,1.000,1,,0
583.24,583.24,UAV-3,STANDBY,RETURNING,LANDING,184.2,2236.3,644.7,16.4,5.51,31.41,1,1.000,1,1.000,1,,0
583.24,583.24,UAV-4,STANDBY,RETURNING,RTH,344.8,2258.6,738.5,108.4,12.55,31.37,1,1.000,1,1.000,1,,0
583.24,583.24,UAV-5,STANDBY,RETURNING,RTH,838.5,2219.7,754.0,106.1,12.23,32.19,1,1.000,1,1.000,1,,0
584.26,584.26,UAV-1,RELAY,KILLED,LANDED,2168.4,1909.5,687.3,0.3,0.00,87.74,0,1.000,1,0.000,1,,0
584.26,584.26,UAV-2,STANDBY,RETURNING,RTH,261.3,2256.5,697.2,70.8,12.23,30.70,1,1.000,1,1.000,1,,0
584.26,584.26,UAV-3,STANDBY,RETURNING,LANDING,184.3,2236.3,639.1,10.8,5.51,31.32,1,1.000,1,1.000,1,,0
584.26,584.26,UAV-4,STANDBY,RETURNING,RTH,332.1,2260.4,738.2,109.1,12.53,31.25,1,1.000,1,1.000,1,,0
584.26,584.26,UAV-5,STANDBY,RETURNING,RTH,826.4,2216.8,753.7,106.0,12.26,32.03,1,1.000,1,1.000,1,,0
585.28,585.28,UAV-1,RELAY,KILLED,LANDED,2168.4,1909.5,687.3,0.3,0.00,87.74,0,1.000,1,0.000,1,,0
585.28,585.28,UAV-2,STANDBY,RETURNING,RTH,249.0,2256.4,695.0,68.5,12.33,30.58,1,1.000,1,1.000,1,,0
585.28,585.28,UAV-3,STANDBY,CHARGING,CHARGING,184.4,2236.3,628.6,0.3,0.00,31.27,1,1.000,1,0.000,1,,0
585.28,585.28,UAV-4,STANDBY,RETURNING,RTH,319.4,2261.9,738.0,110.0,12.51,31.13,1,1.000,1,1.000,1,,0
585.28,585.28,UAV-5,STANDBY,RETURNING,RTH,814.1,2214.2,753.4,106.0,12.27,31.88,1,1.000,1,1.000,1,,0
586.30,586.30,UAV-1,RELAY,KILLED,LANDED,2168.4,1909.5,687.3,0.3,0.00,87.74,0,1.000,1,0.000,1,,0
586.30,586.30,UAV-2,STANDBY,RETURNING,RTH,236.5,2256.4,693.1,66.3,12.43,30.46,1,1.000,1,1.000,1,,0
586.30,586.30,UAV-3,STANDBY,CHARGING,CHARGING,184.4,2236.3,628.6,0.3,0.00,32.12,1,1.000,1,0.000,1,,0
586.30,586.30,UAV-4,STANDBY,RETURNING,RTH,306.8,2263.3,737.7,110.8,12.48,31.01,1,1.000,1,1.000,1,,0
586.30,586.30,UAV-5,STANDBY,RETURNING,RTH,801.8,2211.9,753.1,106.2,12.25,31.72,1,1.000,1,1.000,1,,0
587.32,587.32,UAV-1,RELAY,KILLED,LANDED,2168.4,1909.5,687.3,0.3,0.00,87.74,0,1.000,1,0.000,1,,0
587.32,587.32,UAV-2,STANDBY,RETURNING,RTH,223.9,2256.4,691.5,64.3,12.51,30.34,1,1.000,1,1.000,1,,0
587.32,587.32,UAV-3,STANDBY,CHARGING,CHARGING,184.4,2236.3,628.6,0.3,0.00,32.97,1,1.000,1,0.000,1,,0
587.32,587.32,UAV-4,STANDBY,RETURNING,RTH,294.1,2264.6,737.6,111.2,12.43,30.88,1,1.000,1,1.000,1,,0
587.32,587.32,UAV-5,STANDBY,RETURNING,RTH,789.5,2209.9,752.9,106.9,12.21,31.56,1,1.000,1,1.000,1,,0
588.34,588.34,UAV-1,RELAY,KILLED,LANDED,2168.4,1909.5,687.3,0.3,0.00,87.74,0,1.000,1,0.000,1,,0
588.34,588.34,UAV-2,STANDBY,RETURNING,RTH,211.1,2256.4,690.3,62.7,12.59,30.21,1,1.000,1,1.000,1,,0
588.34,588.34,UAV-3,STANDBY,CHARGING,CHARGING,184.4,2236.3,628.6,0.3,0.00,33.82,1,1.000,1,0.000,1,,0
588.34,588.34,UAV-4,STANDBY,RETURNING,RTH,281.5,2265.6,737.4,111.1,12.37,30.76,1,1.000,1,1.000,1,,0
588.34,588.34,UAV-5,STANDBY,RETURNING,RTH,777.3,2208.0,752.7,107.8,12.17,31.40,1,1.000,1,1.000,1,,0
589.36,589.36,UAV-1,RELAY,KILLED,LANDED,2168.4,1909.5,687.3,0.3,0.00,87.74,0,1.000,1,0.000,1,,0
589.36,589.36,UAV-2,STANDBY,RETURNING,RTH,198.3,2256.4,689.5,61.5,12.73,30.09,1,1.000,1,1.000,1,,0
589.36,589.36,UAV-3,STANDBY,CHARGING,CHARGING,184.4,2236.3,628.6,0.3,0.00,34.67,1,1.000,1,0.000,1,,0
589.36,589.36,UAV-4,STANDBY,RETURNING,RTH,268.9,2266.5,737.3,110.8,12.38,30.64,1,1.000,1,1.000,1,,0
589.36,589.36,UAV-5,STANDBY,RETURNING,RTH,764.9,2206.4,752.5,108.8,12.20,31.25,1,1.000,1,1.000,1,,0
590.38,590.38,UAV-1,RELAY,KILLED,LANDED,2168.4,1909.5,687.3,0.3,0.00,87.74,0,1.000,1,0.000,1,,0
590.38,590.38,UAV-2,STANDBY,RETURNING,RTH,187.0,2256.4,686.4,58.2,11.02,29.98,1,1.000,1,1.000,1,,0
590.38,590.38,UAV-3,STANDBY,CHARGING,CHARGING,184.4,2236.3,628.6,0.3,0.00,35.52,1,1.000,1,0.000,1,,0
590.38,590.38,UAV-4,STANDBY,RETURNING,RTH,256.6,2267.0,736.9,110.1,11.05,30.51,1,1.000,1,1.000,1,,0
590.38,590.38,UAV-5,STANDBY,RETURNING,RTH,752.5,2205.1,752.4,109.3,12.28,31.09,1,1.000,1,1.000,1,,0
591.40,591.40,UAV-1,RELAY,KILLED,LANDED,2168.4,1909.5,687.3,0.3,0.00,87.74,0,1.000,1,0.000,1,,0
591.40,591.40,UAV-2,STANDBY,RETURNING,LANDING,175.9,2256.3,683.1,54.6,12.53,29.85,1,1.000,1,1.000,1,,0
591.40,591.40,UAV-3,STANDBY,CHARGING,CHARGING,184.4,2236.3,628.6,0.3,0.00,36.37,1,1.000,1,0.000,1,,0
591.40,591.40,UAV-4,STANDBY,RETURNING,RTH,247.6,2267.0,731.4,104.6,10.76,30.38,1,1.000,1,1.000,1,,0
591.40,591.40,UAV-5,STANDBY,RETURNING,RTH,740.0,2204.0,752.2,109.5,12.34,30.93,1,1.000,1,1.000,1,,0
592.42,592.42,UAV-1,RELAY,KILLED,LANDED,2168.4,1909.5,687.3,0.3,0.00,87.74,0,1.000,1,0.000,1,,0
592.42,592.42,UAV-2,STANDBY,RETURNING,LANDING,166.1,2256.3,680.6,51.8,7.87,29.74,1,1.000,1,1.000,1,,0
592.42,592.42,UAV-3,STANDBY,CHARGING,CHARGING,184.4,2236.3,628.6,0.3,0.00,37.22,1,1.000,1,0.000,1,,0
592.42,592.42,UAV-4,STANDBY,RETURNING,RTH,241.7,2266.4,721.0,94.1,12.53,30.25,1,1.000,1,1.000,1,,0
592.42,592.42,UAV-5,STANDBY,RETURNING,RTH,727.5,2203.2,752.1,109.6,11.91,30.78,1,1.000,1,1.000,1,,0
593.44,593.44,UAV-1,RELAY,KILLED,LANDED,2168.4,1909.5,687.3,0.3,0.00,87.74,0,1.000,1,0.000,1,,0
593.44,593.44,UAV-2,STANDBY,RETURNING,LANDING,163.7,2256.3,675.2,46.4,5.66,29.62,1,1.000,1,1.000,1,,0
593.44,593.44,UAV-3,STANDBY,CHARGING,CHARGING,184.4,2236.3,628.6,0.3,0.00,38.07,1,1.000,1,0.000,1,,0
593.44,593.44,UAV-4,STANDBY,RETURNING,RTH,236.3,2264.0,710.1,83.2,11.86,30.12,1,1.000,1,1.000,1,,0
593.44,593.44,UAV-5,STANDBY,RETURNING,RTH,715.5,2204.2,751.4,109.0,11.93,30.62,1,1.000,1,1.000,1,,0
594.46,594.46,UAV-1,RELAY,KILLED,LANDED,2168.4,1909.5,687.3,0.3,0.00,87.74,0,1.000,1,0.000,1,,0
594.46,594.46,UAV-2,STANDBY,RETURNING,LANDING,167.4,2256.2,669.5,40.8,6.37,29.52,1,1.000,1,1.000,1,,0
594.46,594.46,UAV-3,STANDBY,CHARGING,CHARGING,184.4,2236.3,628.6,0.3,0.00,38.92,1,1.000,1,0.000,1,,0
594.46,594.46,UAV-4,STANDBY,RETURNING,RTH,229.0,2260.7,701.4,74.3,11.47,30.00,1,1.000,1,1.000,1,,0
594.46,594.46,UAV-5,STANDBY,RETURNING,RTH,703.4,2206.0,750.6,108.4,12.18,30.46,1,1.000,1,1.000,1,,0
595.48,595.48,UAV-1,RELAY,KILLED,LANDED,2168.4,1909.5,687.3,0.3,0.00,87.74,0,1.000,1,0.000,1,,0
595.48,595.48,UAV-2,STANDBY,RETURNING,LANDING,168.3,2256.2,663.8,35.1,5.56,29.42,1,1.000,1,1.000,1,,0
595.48,595.48,UAV-3,STANDBY,CHARGING,CHARGING,184.4,2236.3,628.6,0.3,0.00,39.77,1,1.000,1,0.000,1,,0
595.48,595.48,UAV-4,STANDBY,RETURNING,RTH,219.4,2258.1,695.1,67.7,11.63,29.88,1,1.000,1,1.000,1,,0
595.48,595.48,UAV-5,STANDBY,RETURNING,RTH,691.0,2207.8,749.8,108.2,12.28,30.30,1,1.000,1,1.000,1,,0
596.50,596.50,UAV-1,RELAY,KILLED,LANDED,2168.4,1909.5,687.3,0.3,0.00,87.74,0,1.000,1,0.000,1,,0
596.50,596.50,UAV-2,STANDBY,RETURNING,LANDING,168.1,2256.3,658.2,29.5,5.51,29.33,1,1.000,1,1.000,1,,0
596.50,596.50,UAV-3,STANDBY,CHARGING,CHARGING,184.4,2236.3,628.6,0.3,0.00,40.62,1,1.000,1,0.000,1,,0
596.50,596.50,UAV-4,STANDBY,RETURNING,RTH,208.5,2256.5,690.6,62.9,11.41,29.76,1,1.000,1,1.000,1,,0
596.50,596.50,UAV-5,STANDBY,RETURNING,RTH,678.6,2209.6,749.1,108.2,12.32,30.15,1,1.000,1,1.000,1,,0
597.52,597.52,UAV-1,RELAY,KILLED,LANDED,2168.4,1909.5,687.3,0.3,0.00,87.74,0,1.000,1,0.000,1,,0
597.52,597.52,UAV-2,STANDBY,RETURNING,LANDING,168.2,2256.3,652.6,23.9,5.51,29.23,1,1.000,1,1.000,1,,0
597.52,597.52,UAV-3,STANDBY,CHARGING,CHARGING,184.4,2236.3,628.6,0.3,0.00,41.47,1,1.000,1,0.000,1,,0
597.52,597.52,UAV-4,STANDBY,RETURNING,LANDING,199.6,2255.9,682.9,55.0,11.25,29.64,1,1.000,1,1.000,1,,0
597.52,597.52,UAV-5,STANDBY,RETURNING,RTH,666.2,2211.3,748.4,108.0,12.37,29.99,1,1.000,1,1.000,1,,0
598.54,598.54,UAV-1,RELAY,KILLED,LANDED,2168.4,1909.5,687.3,0.3,0.00,87.74,0,1.000,1,0.000,1,,0
598.54,598.54,UAV-2,STANDBY,RETURNING,LANDING,168.2,2256.3,646.9,18.2,5.51,29.14,1,1.000,1,1.000,1,,0
598.54,598.54,UAV-3,STANDBY,CHARGING,CHARGING,184.4,2236.3,628.6,0.3,0.00,42.32,1,1.000,1,0.000,1,,0
598.54,598.54,UAV-4,STANDBY,RETURNING,LANDING,188.1,2256.1,680.7,52.6,11.06,29.51,1,1.000,1,1.000,1,,0
598.54,598.54,UAV-5,STANDBY,RETURNING,RTH,653.6,2212.9,747.7,107.7,12.40,29.83,1,1.000,1,1.000,1,,0
599.56,599.56,UAV-1,RELAY,KILLED,LANDED,2168.4,1909.5,687.3,0.3,0.00,87.74,0,1.000,1,0.000,1,,0
599.56,599.56,UAV-2,STANDBY,RETURNING,LANDING,168.3,2256.3,641.3,12.6,5.51,29.05,1,1.000,1,1.000,1,,0
599.56,599.56,UAV-3,STANDBY,CHARGING,CHARGING,184.4,2236.3,628.6,0.3,0.00,43.17,1,1.000,1,0.000,1,,0
599.56,599.56,UAV-4,STANDBY,RETURNING,LANDING,180.6,2256.4,676.6,48.2,6.47,29.40,1,1.000,1,1.000,1,,0
599.56,599.56,UAV-5,STANDBY,RETURNING,RTH,641.1,2214.4,747.1,107.3,12.42,29.68,1,1.000,1,1.000,1,,0
600.58,600.58,UAV-1,RELAY,KILLED,LANDED,2168.4,1909.5,687.3,0.3,0.00,87.74,0,1.000,1,0.000,1,,0
600.58,600.58,UAV-2,STANDBY,RETURNING,LANDING,168.3,2256.3,635.7,7.0,5.51,28.96,1,1.000,1,1.000,1,,0
600.58,600.58,UAV-3,STANDBY,CHARGING,CHARGING,184.4,2236.3,628.6,0.3,0.00,44.02,1,1.000,1,0.000,1,,0
600.58,600.58,UAV-4,STANDBY,RETURNING,LANDING,180.6,2256.2,671.0,42.6,6.58,29.28,1,1.000,1,1.000,1,,0
600.58,600.58,UAV-5,STANDBY,RETURNING,RTH,628.5,2215.8,746.5,106.8,12.45,29.52,1,1.000,1,1.000,1,,0
601.60,601.60,UAV-1,RELAY,KILLED,LANDED,2168.4,1909.5,687.3,0.3,0.00,87.74,0,1.000,1,0.000,1,,0
601.60,601.60,UAV-2,STANDBY,CHARGING,CHARGING,168.4,2256.3,629.0,0.3,0.00,29.53,1,1.000,1,0.000,1,,0
601.60,601.60,UAV-3,STANDBY,CHARGING,CHARGING,184.4,2236.3,628.6,0.3,0.00,44.87,1,1.000,1,0.000,1,,0
601.60,601.60,UAV-4,STANDBY,RETURNING,LANDING,184.1,2256.2,665.3,37.0,5.72,29.18,1,1.000,1,1.000,1,,0
601.60,601.60,UAV-5,STANDBY,RETURNING,RTH,615.9,2217.1,746.0,106.3,12.48,29.36,1,1.000,1,1.000,1,,0
602.62,602.62,UAV-1,RELAY,KILLED,LANDED,2168.4,1909.5,687.3,0.3,0.00,87.74,0,1.000,1,0.000,1,,0
602.62,602.62,UAV-2,STANDBY,CHARGING,CHARGING,168.4,2256.3,629.0,0.3,0.00,30.38,1,1.000,1,0.000,1,,0
602.62,602.62,UAV-3,STANDBY,CHARGING,CHARGING,184.4,2236.3,628.6,0.3,0.00,45.72,1,1.000,1,0.000,1,,0
602.62,602.62,UAV-4,STANDBY,RETURNING,LANDING,184.1,2256.2,659.6,31.3,5.55,29.09,1,1.000,1,1.000,1,,0
602.62,602.62,UAV-5,STANDBY,RETURNING,RTH,603.2,2218.4,745.5,105.9,12.49,29.20,1,1.000,1,1.000,1,,0
603.64,603.64,UAV-1,RELAY,KILLED,LANDED,2168.4,1909.5,687.3,0.3,0.00,87.74,0,1.000,1,0.000,1,,0
603.64,603.64,UAV-2,STANDBY,CHARGING,CHARGING,168.4,2256.3,629.0,0.3,0.00,31.23,1,1.000,1,0.000,1,,0
603.64,603.64,UAV-3,STANDBY,CHARGING,CHARGING,184.4,2236.3,628.6,0.3,0.00,46.57,1,1.000,1,0.000,1,,0
603.64,603.64,UAV-4,STANDBY,RETURNING,LANDING,184.1,2256.3,653.9,25.7,5.52,29.00,1,1.000,1,1.000,1,,0
603.64,603.64,UAV-5,STANDBY,RETURNING,RTH,590.5,2219.5,745.0,105.5,12.47,29.05,1,1.000,1,1.000,1,,0
604.66,604.66,UAV-1,RELAY,KILLED,LANDED,2168.4,1909.5,687.3,0.3,0.00,87.74,0,1.000,1,0.000,1,,0
604.66,604.66,UAV-2,STANDBY,CHARGING,CHARGING,168.4,2256.3,629.0,0.3,0.00,32.08,1,1.000,1,0.000,1,,0
604.66,604.66,UAV-3,STANDBY,CHARGING,CHARGING,184.4,2236.3,628.6,0.3,0.00,47.42,1,1.000,1,0.000,1,,0
604.66,604.66,UAV-4,STANDBY,RETURNING,LANDING,184.2,2256.3,648.3,20.1,5.52,28.90,1,1.000,1,1.000,1,,0
604.66,604.66,UAV-5,STANDBY,RETURNING,RTH,577.8,2220.5,744.7,105.1,12.46,28.89,1,1.000,1,1.000,1,,0
605.68,605.68,UAV-1,RELAY,KILLED,LANDED,2168.4,1909.5,687.3,0.3,0.00,87.74,0,1.000,1,0.000,1,,0
605.68,605.68,UAV-2,STANDBY,CHARGING,CHARGING,168.4,2256.3,629.0,0.3,0.00,32.93,1,1.000,1,0.000,1,,0
605.68,605.68,UAV-3,STANDBY,CHARGING,CHARGING,184.4,2236.3,628.6,0.3,0.00,48.27,1,1.000,1,0.000,1,,0
605.68,605.68,UAV-4,STANDBY,RETURNING,LANDING,184.2,2256.3,642.7,14.4,5.51,28.81,1,1.000,1,1.000,1,,0
605.68,605.68,UAV-5,STANDBY,RETURNING,RTH,565.2,2221.4,744.4,104.9,12.40,28.73,1,1.000,1,1.000,1,,0
606.70,606.70,UAV-1,RELAY,KILLED,LANDED,2168.4,1909.5,687.3,0.3,0.00,87.74,0,1.000,1,0.000,1,,0
606.70,606.70,UAV-2,STANDBY,CHARGING,CHARGING,168.4,2256.3,629.0,0.3,0.00,33.78,1,1.000,1,0.000,1,,0
606.70,606.70,UAV-3,STANDBY,CHARGING,CHARGING,184.4,2236.3,628.6,0.3,0.00,49.12,1,1.000,1,0.000,1,,0
606.70,606.70,UAV-4,STANDBY,RETURNING,LANDING,184.3,2256.3,637.1,8.8,5.51,28.72,1,1.000,1,1.000,1,,0
606.70,606.70,UAV-5,STANDBY,RETURNING,RTH,552.6,2222.3,744.1,105.0,12.40,28.58,1,1.000,1,1.000,1,,0
607.72,607.72,UAV-1,RELAY,KILLED,LANDED,2168.4,1909.5,687.3,0.3,0.00,87.74,0,1.000,1,0.000,1,,0
607.72,607.72,UAV-2,STANDBY,CHARGING,CHARGING,168.4,2256.3,629.0,0.3,0.00,34.63,1,1.000,1,0.000,1,,0
607.72,607.72,UAV-3,STANDBY,CHARGING,CHARGING,184.4,2236.3,628.6,0.3,0.00,49.97,1,1.000,1,0.000,1,,0
607.72,607.72,UAV-4,STANDBY,CHARGING,CHARGING,184.4,2256.3,628.5,0.3,0.00,28.98,1,1.000,1,0.000,1,,0
607.72,607.72,UAV-5,STANDBY,RETURNING,RTH,540.0,2223.0,743.9,105.5,12.43,28.42,1,1.000,1,1.000,1,,0
608.74,608.74,UAV-1,RELAY,KILLED,LANDED,2168.4,1909.5,687.3,0.3,0.00,87.74,0,1.000,1,0.000,1,,0
608.74,608.74,UAV-2,STANDBY,CHARGING,CHARGING,168.4,2256.3,629.0,0.3,0.00,35.48,1,1.000,1,0.000,1,,0
608.74,608.74,UAV-3,STANDBY,CHARGING,CHARGING,184.4,2236.3,628.6,0.3,0.00,50.82,1,1.000,1,0.000,1,,0
608.74,608.74,UAV-4,STANDBY,CHARGING,CHARGING,184.4,2256.3,628.5,0.3,0.00,29.83,1,1.000,1,0.000,1,,0
608.74,608.74,UAV-5,STANDBY,RETURNING,RTH,527.3,2223.5,743.7,106.4,12.42,28.26,1,1.000,1,1.000,1,,0
609.76,609.76,UAV-1,RELAY,KILLED,LANDED,2168.4,1909.5,687.3,0.3,0.00,87.74,0,1.000,1,0.000,1,,0
609.76,609.76,UAV-2,STANDBY,CHARGING,CHARGING,168.4,2256.3,629.0,0.3,0.00,36.33,1,1.000,1,0.000,1,,0
609.76,609.76,UAV-3,STANDBY,CHARGING,CHARGING,184.4,2236.3,628.6,0.3,0.00,51.67,1,1.000,1,0.000,1,,0
609.76,609.76,UAV-4,STANDBY,CHARGING,CHARGING,184.4,2256.3,628.5,0.3,0.00,30.68,1,1.000,1,0.000,1,,0
609.76,609.76,UAV-5,STANDBY,RETURNING,RTH,514.6,2224.0,743.6,107.5,12.41,28.11,1,1.000,1,1.000,1,,0
610.78,610.78,UAV-1,RELAY,KILLED,LANDED,2168.4,1909.5,687.3,0.3,0.00,87.74,0,1.000,1,0.000,1,,0
610.78,610.78,UAV-2,STANDBY,CHARGING,CHARGING,168.4,2256.3,629.0,0.3,0.00,37.18,1,1.000,1,0.000,1,,0
610.78,610.78,UAV-3,STANDBY,CHARGING,CHARGING,184.4,2236.3,628.6,0.3,0.00,52.52,1,1.000,1,0.000,1,,0
610.78,610.78,UAV-4,STANDBY,CHARGING,CHARGING,184.4,2256.3,628.5,0.3,0.00,31.53,1,1.000,1,0.000,1,,0
610.78,610.78,UAV-5,STANDBY,RETURNING,RTH,502.4,2225.0,743.2,108.2,11.73,27.95,1,1.000,1,1.000,1,,0
611.80,611.80,UAV-1,RELAY,KILLED,LANDED,2168.4,1909.5,687.3,0.3,0.00,87.74,0,1.000,1,0.000,1,,0
611.80,611.80,UAV-2,STANDBY,CHARGING,CHARGING,168.4,2256.3,629.0,0.3,0.00,38.03,1,1.000,1,0.000,1,,0
611.80,611.80,UAV-3,STANDBY,CHARGING,CHARGING,184.4,2236.3,628.6,0.3,0.00,53.37,1,1.000,1,0.000,1,,0
611.80,611.80,UAV-4,STANDBY,CHARGING,CHARGING,184.4,2256.3,628.5,0.3,0.00,32.38,1,1.000,1,0.000,1,,0
611.80,611.80,UAV-5,STANDBY,RETURNING,RTH,490.6,2228.3,742.5,108.4,12.29,27.79,1,1.000,1,1.000,1,,0
612.82,612.82,UAV-1,RELAY,KILLED,LANDED,2168.4,1909.5,687.3,0.3,0.00,87.74,0,1.000,1,0.000,1,,0
612.82,612.82,UAV-2,STANDBY,CHARGING,CHARGING,168.4,2256.3,629.0,0.3,0.00,38.88,1,1.000,1,0.000,1,,0
612.82,612.82,UAV-3,STANDBY,CHARGING,CHARGING,184.4,2236.3,628.6,0.3,0.00,54.22,1,1.000,1,0.000,1,,0
612.82,612.82,UAV-4,STANDBY,CHARGING,CHARGING,184.4,2256.3,628.5,0.3,0.00,33.23,1,1.000,1,0.000,1,,0
612.82,612.82,UAV-5,STANDBY,RETURNING,RTH,478.5,2232.1,741.9,108.6,12.55,27.63,1,1.000,1,1.000,1,,0
613.84,613.84,UAV-1,RELAY,KILLED,LANDED,2168.4,1909.5,687.3,0.3,0.00,87.74,0,1.000,1,0.000,1,,0
613.84,613.84,UAV-2,STANDBY,CHARGING,CHARGING,168.4,2256.3,629.0,0.3,0.00,39.73,1,1.000,1,0.000,1,,0
613.84,613.84,UAV-3,STANDBY,CHARGING,CHARGING,184.4,2236.3,628.6,0.3,0.00,55.07,1,1.000,1,0.000,1,,0
613.84,613.84,UAV-4,STANDBY,CHARGING,CHARGING,184.4,2256.3,628.5,0.3,0.00,34.08,1,1.000,1,0.000,1,,0
613.84,613.84,UAV-5,STANDBY,RETURNING,RTH,466.2,2235.8,741.3,108.0,12.62,27.48,1,1.000,1,1.000,1,,0
614.86,614.86,UAV-1,RELAY,KILLED,LANDED,2168.4,1909.5,687.3,0.3,0.00,87.74,0,1.000,1,0.000,1,,0
614.86,614.86,UAV-2,STANDBY,CHARGING,CHARGING,168.4,2256.3,629.0,0.3,0.00,40.58,1,1.000,1,0.000,1,,0
614.86,614.86,UAV-3,STANDBY,CHARGING,CHARGING,184.4,2236.3,628.6,0.3,0.00,55.92,1,1.000,1,0.000,1,,0
614.86,614.86,UAV-4,STANDBY,CHARGING,CHARGING,184.4,2256.3,628.5,0.3,0.00,34.93,1,1.000,1,0.000,1,,0
614.86,614.86,UAV-5,STANDBY,RETURNING,RTH,453.9,2239.3,740.8,107.0,12.63,27.32,1,1.000,1,1.000,1,,0
615.88,615.88,UAV-1,RELAY,KILLED,LANDED,2168.4,1909.5,687.3,0.3,0.00,87.74,0,1.000,1,0.000,1,,0
615.88,615.88,UAV-2,STANDBY,CHARGING,CHARGING,168.4,2256.3,629.0,0.3,0.00,41.43,1,1.000,1,0.000,1,,0
615.88,615.88,UAV-3,STANDBY,CHARGING,CHARGING,184.4,2236.3,628.6,0.3,0.00,56.77,1,1.000,1,0.000,1,,0
615.88,615.88,UAV-4,STANDBY,CHARGING,CHARGING,184.4,2256.3,628.5,0.3,0.00,35.78,1,1.000,1,0.000,1,,0
615.88,615.88,UAV-5,STANDBY,RETURNING,RTH,441.4,2242.7,740.3,106.0,12.62,27.16,1,1.000,1,1.000,1,,0
616.90,616.90,UAV-1,RELAY,KILLED,LANDED,2168.4,1909.5,687.3,0.3,0.00,87.74,0,1.000,1,0.000,1,,0
616.90,616.90,UAV-2,STANDBY,CHARGING,CHARGING,168.4,2256.3,629.0,0.3,0.00,42.28,1,1.000,1,0.000,1,,0
616.90,616.90,UAV-3,STANDBY,CHARGING,CHARGING,184.4,2236.3,628.6,0.3,0.00,57.62,1,1.000,1,0.000,1,,0
616.90,616.90,UAV-4,STANDBY,CHARGING,CHARGING,184.4,2256.3,628.5,0.3,0.00,36.63,1,1.000,1,0.000,1,,0
616.90,616.90,UAV-5,STANDBY,RETURNING,RTH,429.0,2245.9,739.8,105.0,12.62,27.01,1,1.000,1,1.000,1,,0
617.92,617.92,UAV-1,RELAY,KILLED,LANDED,2168.4,1909.5,687.3,0.3,0.00,87.74,0,1.000,1,0.000,1,,0
617.92,617.92,UAV-2,STANDBY,CHARGING,CHARGING,168.4,2256.3,629.0,0.3,0.00,43.13,1,1.000,1,0.000,1,,0
617.92,617.92,UAV-3,STANDBY,CHARGING,CHARGING,184.4,2236.3,628.6,0.3,0.00,58.47,1,1.000,1,0.000,1,,0
617.92,617.92,UAV-4,STANDBY,CHARGING,CHARGING,184.4,2256.3,628.5,0.3,0.00,37.48,1,1.000,1,0.000,1,,0
617.92,617.92,UAV-5,STANDBY,RETURNING,RTH,416.5,2248.9,739.4,104.4,12.63,26.85,1,1.000,1,1.000,1,,0
618.94,618.94,UAV-1,RELAY,KILLED,LANDED,2168.4,1909.5,687.3,0.3,0.00,87.74,0,1.000,1,0.000,1,,0
618.94,618.94,UAV-2,STANDBY,CHARGING,CHARGING,168.4,2256.3,629.0,0.3,0.00,43.98,1,1.000,1,0.000,1,,0
618.94,618.94,UAV-3,STANDBY,CHARGING,CHARGING,184.4,2236.3,628.6,0.3,0.00,59.32,1,1.000,1,0.000,1,,0
618.94,618.94,UAV-4,STANDBY,CHARGING,CHARGING,184.4,2256.3,628.5,0.3,0.00,38.33,1,1.000,1,0.000,1,,0
618.94,618.94,UAV-5,STANDBY,RETURNING,RTH,403.9,2251.7,738.9,104.6,12.66,26.69,1,1.000,1,1.000,1,,0
619.96,619.96,UAV-1,RELAY,KILLED,LANDED,2168.4,1909.5,687.3,0.3,0.00,87.74,0,1.000,1,0.000,1,,0
619.96,619.96,UAV-2,STANDBY,CHARGING,CHARGING,168.4,2256.3,629.0,0.3,0.00,44.83,1,1.000,1,0.000,1,,0
619.96,619.96,UAV-3,STANDBY,CHARGING,CHARGING,184.4,2236.3,628.6,0.3,0.00,60.17,1,1.000,1,0.000,1,,0
619.96,619.96,UAV-4,STANDBY,CHARGING,CHARGING,184.4,2256.3,628.5,0.3,0.00,39.18,1,1.000,1,0.000,1,,0
619.96,619.96,UAV-5,STANDBY,RETURNING,RTH,391.2,2254.3,738.5,105.2,12.68,26.53,1,1.000,1,1.000,1,,0
620.98,620.98,UAV-1,RELAY,KILLED,LANDED,2168.4,1909.5,687.3,0.3,0.00,87.74,0,1.000,1,0.000,1,,0
620.98,620.98,UAV-2,STANDBY,CHARGING,CHARGING,168.4,2256.3,629.0,0.3,0.00,45.68,1,1.000,1,0.000,1,,0
620.98,620.98,UAV-3,STANDBY,CHARGING,CHARGING,184.4,2236.3,628.6,0.3,0.00,61.02,1,1.000,1,0.000,1,,0
620.98,620.98,UAV-4,STANDBY,CHARGING,CHARGING,184.4,2256.3,628.5,0.3,0.00,40.03,1,1.000,1,0.000,1,,0
620.98,620.98,UAV-5,STANDBY,RETURNING,RTH,378.5,2256.8,738.2,105.8,12.68,26.38,1,1.000,1,1.000,1,,0
622.00,622.00,UAV-1,RELAY,KILLED,LANDED,2168.4,1909.5,687.3,0.3,0.00,87.74,0,1.000,1,0.000,1,,0
622.00,622.00,UAV-2,STANDBY,CHARGING,CHARGING,168.4,2256.3,629.0,0.3,0.00,46.53,1,1.000,1,0.000,1,,0
622.00,622.00,UAV-3,STANDBY,CHARGING,CHARGING,184.4,2236.3,628.6,0.3,0.00,61.87,1,1.000,1,0.000,1,,0
622.00,622.00,UAV-4,STANDBY,CHARGING,CHARGING,184.4,2256.3,628.5,0.3,0.00,40.88,1,1.000,1,0.000,1,,0
622.00,622.00,UAV-5,STANDBY,RETURNING,RTH,365.8,2259.0,737.8,106.3,12.66,26.22,1,1.000,1,1.000,1,,0
623.02,623.02,UAV-1,RELAY,KILLED,LANDED,2168.4,1909.5,687.3,0.3,0.00,87.74,0,1.000,1,0.000,1,,0
623.02,623.02,UAV-2,STANDBY,CHARGING,CHARGING,168.4,2256.3,629.0,0.3,0.00,47.38,1,1.000,1,0.000,1,,0
623.02,623.02,UAV-3,STANDBY,CHARGING,CHARGING,184.4,2236.3,628.6,0.3,0.00,62.72,1,1.000,1,0.000,1,,0
623.02,623.02,UAV-4,STANDBY,CHARGING,CHARGING,184.4,2256.3,628.5,0.3,0.00,41.73,1,1.000,1,0.000,1,,0
623.02,623.02,UAV-5,STANDBY,RETURNING,RTH,353.1,2261.0,737.6,106.7,12.65,26.06,1,1.000,1,1.000,1,,0
624.04,624.04,UAV-1,RELAY,KILLED,LANDED,2168.4,1909.5,687.3,0.3,0.00,87.74,0,1.000,1,0.000,1,,0
624.04,624.04,UAV-2,STANDBY,CHARGING,CHARGING,168.4,2256.3,629.0,0.3,0.00,48.23,1,1.000,1,0.000,1,,0
624.04,624.04,UAV-3,STANDBY,CHARGING,CHARGING,184.4,2236.3,628.6,0.3,0.00,63.57,1,1.000,1,0.000,1,,0
624.04,624.04,UAV-4,STANDBY,CHARGING,CHARGING,184.4,2256.3,628.5,0.3,0.00,42.58,1,1.000,1,0.000,1,,0
624.04,624.04,UAV-5,STANDBY,RETURNING,RTH,340.3,2262.9,737.3,107.3,12.65,25.91,1,1.000,1,1.000,1,,0
625.06,625.06,UAV-1,RELAY,KILLED,LANDED,2168.4,1909.5,687.3,0.3,0.00,87.74,0,1.000,1,0.000,1,,0
625.06,625.06,UAV-2,STANDBY,CHARGING,CHARGING,168.4,2256.3,629.0,0.3,0.00,49.08,1,1.000,1,0.000,1,,0
625.06,625.06,UAV-3,STANDBY,CHARGING,CHARGING,184.4,2236.3,628.6,0.3,0.00,64.42,1,1.000,1,0.000,1,,0
625.06,625.06,UAV-4,STANDBY,CHARGING,CHARGING,184.4,2256.3,628.5,0.3,0.00,43.43,1,1.000,1,0.000,1,,0
625.06,625.06,UAV-5,STANDBY,RETURNING,RTH,327.5,2264.5,737.1,108.2,12.62,25.75,1,1.000,1,1.000,1,,0
626.08,626.08,UAV-1,RELAY,KILLED,LANDED,2168.4,1909.5,687.3,0.3,0.00,87.74,0,1.000,1,0.000,1,,0
626.08,626.08,UAV-2,STANDBY,CHARGING,CHARGING,168.4,2256.3,629.0,0.3,0.00,49.93,1,1.000,1,0.000,1,,0
626.08,626.08,UAV-3,STANDBY,CHARGING,CHARGING,184.4,2236.3,628.6,0.3,0.00,65.27,1,1.000,1,0.000,1,,0
626.08,626.08,UAV-4,STANDBY,CHARGING,CHARGING,184.4,2256.3,628.5,0.3,0.00,44.28,1,1.000,1,0.000,1,,0
626.08,626.08,UAV-5,STANDBY,RETURNING,RTH,314.7,2265.8,737.0,109.2,12.57,25.59,1,1.000,1,1.000,1,,0
627.10,627.10,UAV-1,RELAY,KILLED,LANDED,2168.4,1909.5,687.3,0.3,0.00,87.74,0,1.000,1,0.000,1,,0
627.10,627.10,UAV-2,STANDBY,CHARGING,CHARGING,168.4,2256.3,629.0,0.3,0.00,50.78,1,1.000,1,0.000,1,,0
627.10,627.10,UAV-3,STANDBY,CHARGING,CHARGING,184.4,2236.3,628.6,0.3,0.00,66.12,1,1.000,1,0.000,1,,0
627.10,627.10,UAV-4,STANDBY,CHARGING,CHARGING,184.4,2256.3,628.5,0.3,0.00,45.13,1,1.000,1,0.000,1,,0
627.10,627.10,UAV-5,STANDBY,RETURNING,RTH,302.0,2266.9,736.9,110.0,12.55,25.43,1,1.000,1,1.000,1,,0
628.12,628.12,UAV-1,RELAY,KILLED,LANDED,2168.4,1909.5,687.3,0.3,0.00,87.74,0,1.000,1,0.000,1,,0
628.12,628.12,UAV-2,STANDBY,CHARGING,CHARGING,168.4,2256.3,629.0,0.3,0.00,51.63,1,1.000,1,0.000,1,,0
628.12,628.12,UAV-3,STANDBY,CHARGING,CHARGING,184.4,2236.3,628.6,0.3,0.00,66.97,1,1.000,1,0.000,1,,0
628.12,628.12,UAV-4,STANDBY,CHARGING,CHARGING,184.4,2256.3,628.5,0.3,0.00,45.98,1,1.000,1,0.000,1,,0
628.12,628.12,UAV-5,STANDBY,RETURNING,RTH,289.2,2267.8,736.7,110.3,12.13,25.28,1,1.000,1,1.000,1,,0
629.14,629.14,UAV-1,RELAY,KILLED,LANDED,2168.4,1909.5,687.3,0.3,0.00,87.74,0,1.000,1,0.000,1,,0
629.14,629.14,UAV-2,STANDBY,CHARGING,CHARGING,168.4,2256.3,629.0,0.3,0.00,52.48,1,1.000,1,0.000,1,,0
629.14,629.14,UAV-3,STANDBY,CHARGING,CHARGING,184.4,2236.3,628.6,0.3,0.00,67.82,1,1.000,1,0.000,1,,0
629.14,629.14,UAV-4,STANDBY,CHARGING,CHARGING,184.4,2256.3,628.5,0.3,0.00,46.83,1,1.000,1,0.000,1,,0
629.14,629.14,UAV-5,STANDBY,RETURNING,RTH,279.2,2268.0,732.7,106.3,10.47,25.12,1,1.000,1,1.000,1,,0
630.16,630.16,UAV-1,RELAY,KILLED,LANDED,2168.4,1909.5,687.3,0.3,0.00,87.74,0,1.000,1,0.000,1,,0
630.16,630.16,UAV-2,STANDBY,CHARGING,CHARGING,168.4,2256.3,629.0,0.3,0.00,53.33,1,1.000,1,0.000,1,,0
630.16,630.16,UAV-3,STANDBY,CHARGING,CHARGING,184.4,2236.3,628.6,0.3,0.00,68.67,1,1.000,1,0.000,1,,0
630.16,630.16,UAV-4,STANDBY,CHARGING,CHARGING,184.4,2256.3,628.5,0.3,0.00,47.68,1,1.000,1,0.000,1,,0
630.16,630.16,UAV-5,STANDBY,RETURNING,RTH,272.5,2267.3,723.6,97.1,11.65,24.96,1,1.000,1,1.000,1,,0
631.18,631.18,UAV-1,RELAY,KILLED,LANDED,2168.4,1909.5,687.3,0.3,0.00,87.74,0,1.000,1,0.000,1,,0
631.18,631.18,UAV-2,STANDBY,CHARGING,CHARGING,168.4,2256.3,629.0,0.3,0.00,54.18,1,1.000,1,0.000,1,,0
631.18,631.18,UAV-3,STANDBY,CHARGING,CHARGING,184.4,2236.3,628.6,0.3,0.00,69.52,1,1.000,1,0.000,1,,0
631.18,631.18,UAV-4,STANDBY,CHARGING,CHARGING,184.4,2256.3,628.5,0.3,0.00,48.53,1,1.000,1,0.000,1,,0
631.18,631.18,UAV-5,STANDBY,RETURNING,RTH,266.5,2264.5,713.8,87.3,11.55,24.81,1,1.000,1,1.000,1,,0
632.20,632.20,UAV-1,RELAY,KILLED,LANDED,2168.4,1909.5,687.3,0.3,0.00,87.74,0,1.000,1,0.000,1,,0
632.20,632.20,UAV-2,STANDBY,CHARGING,CHARGING,168.4,2256.3,629.0,0.3,0.00,55.03,1,1.000,1,0.000,1,,0
632.20,632.20,UAV-3,STANDBY,CHARGING,CHARGING,184.4,2236.3,628.6,0.3,0.00,70.37,1,1.000,1,0.000,1,,0
632.20,632.20,UAV-4,STANDBY,CHARGING,CHARGING,184.4,2256.3,628.5,0.3,0.00,49.38,1,1.000,1,0.000,1,,0
632.20,632.20,UAV-5,STANDBY,RETURNING,RTH,260.1,2259.2,705.5,79.0,11.65,24.65,1,1.000,1,1.000,1,,0
633.22,633.22,UAV-1,RELAY,KILLED,LANDED,2168.4,1909.5,687.3,0.3,0.00,87.74,0,1.000,1,0.000,1,,0
633.22,633.22,UAV-2,STANDBY,CHARGING,CHARGING,168.4,2256.3,629.0,0.3,0.00,55.88,1,1.000,1,0.000,1,,0
633.22,633.22,UAV-3,STANDBY,CHARGING,CHARGING,184.4,2236.3,628.6,0.3,0.00,71.22,1,1.000,1,0.000,1,,0
633.22,633.22,UAV-4,STANDBY,CHARGING,CHARGING,184.4,2256.3,628.5,0.3,0.00,50.23,1,1.000,1,0.000,1,,0
633.22,633.22,UAV-5,STANDBY,RETURNING,RTH,252.2,2252.7,699.2,72.7,11.92,24.49,1,1.000,1,1.000,1,,0
634.24,634.24,UAV-1,RELAY,KILLED,LANDED,2168.4,1909.5,687.3,0.3,0.00,87.74,0,1.000,1,0.000,1,,0
634.24,634.24,UAV-2,STANDBY,CHARGING,CHARGING,168.4,2256.3,629.0,0.3,0.00,56.73,1,1.000,1,0.000,1,,0
634.24,634.24,UAV-3,STANDBY,CHARGING,CHARGING,184.4,2236.3,628.6,0.3,0.00,72.07,1,1.000,1,0.000,1,,0
634.24,634.24,UAV-4,STANDBY,CHARGING,CHARGING,184.4,2256.3,628.5,0.3,0.00,51.08,1,1.000,1,0.000,1,,0
634.24,634.24,UAV-5,STANDBY,RETURNING,RTH,242.7,2246.7,694.5,67.9,12.03,24.34,1,1.000,1,1.000,1,,0
635.26,635.26,UAV-1,RELAY,KILLED,LANDED,2168.4,1909.5,687.3,0.3,0.00,87.74,0,1.000,1,0.000,1,,0
635.26,635.26,UAV-2,STANDBY,CHARGING,CHARGING,168.4,2256.3,629.0,0.3,0.00,57.58,1,1.000,1,0.000,1,,0
635.26,635.26,UAV-3,STANDBY,CHARGING,CHARGING,184.4,2236.3,628.6,0.3,0.00,72.92,1,1.000,1,0.000,1,,0
635.26,635.26,UAV-4,STANDBY,CHARGING,CHARGING,184.4,2256.3,628.5,0.3,0.00,51.93,1,1.000,1,0.000,1,,0
635.26,635.26,UAV-5,STANDBY,RETURNING,RTH,231.9,2241.7,691.2,64.3,12.20,24.18,1,1.000,1,1.000,1,,0
636.28,636.28,UAV-1,RELAY,KILLED,LANDED,2168.4,1909.5,687.3,0.3,0.00,87.74,0,1.000,1,0.000,1,,0
636.28,636.28,UAV-2,STANDBY,CHARGING,CHARGING,168.4,2256.3,629.0,0.3,0.00,58.43,1,1.000,1,0.000,1,,0
636.28,636.28,UAV-3,STANDBY,CHARGING,CHARGING,184.4,2236.3,628.6,0.3,0.00,73.77,1,1.000,1,0.000,1,,0
636.28,636.28,UAV-4,STANDBY,CHARGING,CHARGING,184.4,2256.3,628.5,0.3,0.00,52.78,1,1.000,1,0.000,1,,0
636.28,636.28,UAV-5,STANDBY,RETURNING,RTH,221.2,2238.3,687.4,60.2,11.15,24.03,1,1.000,1,1.000,1,,0
637.30,637.30,UAV-1,RELAY,KILLED,LANDED,2168.4,1909.5,687.3,0.3,0.00,87.74,0,1.000,1,0.000,1,,0
637.30,637.30,UAV-2,STANDBY,CHARGING,CHARGING,168.4,2256.3,629.0,0.3,0.00,59.28,1,1.000,1,0.000,1,,0
637.30,637.30,UAV-3,STANDBY,CHARGING,CHARGING,184.4,2236.3,628.6,0.3,0.00,74.62,1,1.000,1,0.000,1,,0
637.30,637.30,UAV-4,STANDBY,CHARGING,CHARGING,184.4,2256.3,628.5,0.3,0.00,53.63,1,1.000,1,0.000,1,,0
637.30,637.30,UAV-5,STANDBY,RETURNING,LANDING,212.6,2236.5,680.2,52.7,10.70,23.87,1,1.000,1,1.000,1,,0
638.32,638.32,UAV-1,RELAY,KILLED,LANDED,2168.4,1909.5,687.3,0.3,0.00,87.74,0,1.000,1,0.000,1,,0
638.32,638.32,UAV-2,STANDBY,CHARGING,CHARGING,168.4,2256.3,629.0,0.3,0.00,60.13,1,1.000,1,0.000,1,,0
638.32,638.32,UAV-3,STANDBY,CHARGING,CHARGING,184.4,2236.3,628.6,0.3,0.00,75.47,1,1.000,1,0.000,1,,0
638.32,638.32,UAV-4,STANDBY,CHARGING,CHARGING,184.4,2256.3,628.5,0.3,0.00,54.48,1,1.000,1,0.000,1,,0
638.32,638.32,UAV-5,STANDBY,RETURNING,LANDING,203.1,2236.2,675.7,48.0,9.07,23.73,1,1.000,1,1.000,1,,0
639.34,639.34,UAV-1,RELAY,KILLED,LANDED,2168.4,1909.5,687.3,0.3,0.00,87.74,0,1.000,1,0.000,1,,0
639.34,639.34,UAV-2,STANDBY,CHARGING,CHARGING,168.4,2256.3,629.0,0.3,0.00,60.98,1,1.000,1,0.000,1,,0
639.34,639.34,UAV-3,STANDBY,CHARGING,CHARGING,184.4,2236.3,628.6,0.3,0.00,76.32,1,1.000,1,0.000,1,,0
639.34,639.34,UAV-4,STANDBY,CHARGING,CHARGING,184.4,2256.3,628.5,0.3,0.00,55.33,1,1.000,1,0.000,1,,0
639.34,639.34,UAV-5,STANDBY,RETURNING,LANDING,199.1,2236.4,670.8,42.9,5.13,23.57,1,1.000,1,1.000,1,,0
640.36,640.36,UAV-1,RELAY,KILLED,LANDED,2168.4,1909.5,687.3,0.3,0.00,87.74,0,1.000,1,0.000,1,,0
640.36,640.36,UAV-2,STANDBY,CHARGING,CHARGING,168.4,2256.3,629.0,0.3,0.00,61.83,1,1.000,1,0.000,1,,0
640.36,640.36,UAV-3,STANDBY,CHARGING,CHARGING,184.4,2236.3,628.6,0.3,0.00,77.17,1,1.000,1,0.000,1,,0
640.36,640.36,UAV-4,STANDBY,CHARGING,CHARGING,184.4,2256.3,628.5,0.3,0.00,56.18,1,1.000,1,0.000,1,,0
640.36,640.36,UAV-5,STANDBY,RETURNING,LANDING,200.3,2236.3,665.5,37.7,5.27,23.44,1,1.000,1,1.000,1,,0
641.38,641.38,UAV-1,RELAY,KILLED,LANDED,2168.4,1909.5,687.3,0.3,0.00,87.74,0,1.000,1,0.000,1,,0
641.38,641.38,UAV-2,STANDBY,CHARGING,CHARGING,168.4,2256.3,629.0,0.3,0.00,62.68,1,1.000,1,0.000,1,,0
641.38,641.38,UAV-3,STANDBY,CHARGING,CHARGING,184.4,2236.3,628.6,0.3,0.00,78.02,1,1.000,1,0.000,1,,0
641.38,641.38,UAV-4,STANDBY,CHARGING,CHARGING,184.4,2256.3,628.5,0.3,0.00,57.03,1,1.000,1,0.000,1,,0
641.38,641.38,UAV-5,STANDBY,RETURNING,LANDING,200.4,2236.3,660.1,32.3,5.30,23.30,1,1.000,1,1.000,1,,0
642.40,642.40,UAV-1,RELAY,KILLED,LANDED,2168.4,1909.5,687.3,0.3,0.00,87.74,0,1.000,1,0.000,1,,0
642.40,642.40,UAV-2,STANDBY,CHARGING,CHARGING,168.4,2256.3,629.0,0.3,0.00,63.53,1,1.000,1,0.000,1,,0
642.40,642.40,UAV-3,STANDBY,CHARGING,CHARGING,184.4,2236.3,628.6,0.3,0.00,78.87,1,1.000,1,0.000,1,,0
642.40,642.40,UAV-4,STANDBY,CHARGING,CHARGING,184.4,2256.3,628.5,0.3,0.00,57.88,1,1.000,1,0.000,1,,0
642.40,642.40,UAV-5,STANDBY,RETURNING,LANDING,200.4,2236.3,654.7,26.8,5.37,23.18,1,1.000,1,1.000,1,,0
643.42,643.42,UAV-1,RELAY,KILLED,LANDED,2168.4,1909.5,687.3,0.3,0.00,87.74,0,1.000,1,0.000,1,,0
643.42,643.42,UAV-2,STANDBY,CHARGING,CHARGING,168.4,2256.3,629.0,0.3,0.00,64.38,1,1.000,1,0.000,1,,0
643.42,643.42,UAV-3,STANDBY,CHARGING,CHARGING,184.4,2236.3,628.6,0.3,0.00,79.72,1,1.000,1,0.000,1,,0
643.42,643.42,UAV-4,STANDBY,CHARGING,CHARGING,184.4,2256.3,628.5,0.3,0.00,58.73,1,1.000,1,0.000,1,,0
643.42,643.42,UAV-5,STANDBY,RETURNING,LANDING,200.4,2236.3,649.2,21.3,5.42,23.05,1,1.000,1,1.000,1,,0
644.44,644.44,UAV-1,RELAY,KILLED,LANDED,2168.4,1909.5,687.3,0.3,0.00,87.74,0,1.000,1,0.000,1,,0
644.44,644.44,UAV-2,STANDBY,CHARGING,CHARGING,168.4,2256.3,629.0,0.3,0.00,65.23,1,1.000,1,0.000,1,,0
644.44,644.44,UAV-3,STANDBY,CHARGING,CHARGING,184.4,2236.3,628.6,0.3,0.00,80.57,1,1.000,1,0.000,1,,0
644.44,644.44,UAV-4,STANDBY,CHARGING,CHARGING,184.4,2256.3,628.5,0.3,0.00,59.58,1,1.000,1,0.000,1,,0
644.44,644.44,UAV-5,STANDBY,RETURNING,LANDING,200.4,2236.3,643.7,15.8,5.45,22.92,1,1.000,1,1.000,1,,0
645.46,645.46,UAV-1,RELAY,KILLED,LANDED,2168.4,1909.5,687.3,0.3,0.00,87.74,0,1.000,1,0.000,1,,0
645.46,645.46,UAV-2,STANDBY,CHARGING,CHARGING,168.4,2256.3,629.0,0.3,0.00,66.08,1,1.000,1,0.000,1,,0
645.46,645.46,UAV-3,STANDBY,CHARGING,CHARGING,184.4,2236.3,628.6,0.3,0.00,81.42,1,1.000,1,0.000,1,,0
645.46,645.46,UAV-4,STANDBY,CHARGING,CHARGING,184.4,2256.3,628.5,0.3,0.00,60.43,1,1.000,1,0.000,1,,0
645.46,645.46,UAV-5,STANDBY,RETURNING,LANDING,200.4,2236.3,638.1,10.2,5.47,22.79,1,1.000,1,1.000,1,,0
646.48,646.48,UAV-1,RELAY,KILLED,LANDED,2168.4,1909.5,687.3,0.3,0.00,87.74,0,1.000,1,0.000,1,,0
646.48,646.48,UAV-2,STANDBY,CHARGING,CHARGING,168.4,2256.3,629.0,0.3,0.00,66.93,1,1.000,1,0.000,1,,0
646.48,646.48,UAV-3,STANDBY,CHARGING,CHARGING,184.4,2236.3,628.6,0.3,0.00,82.27,1,1.000,1,0.000,1,,0
646.48,646.48,UAV-4,STANDBY,CHARGING,CHARGING,184.4,2256.3,628.5,0.3,0.00,61.28,1,1.000,1,0.000,1,,0
646.48,646.48,UAV-5,STANDBY,CHARGING,CHARGING,200.4,2236.3,628.1,0.3,0.00,22.77,1,1.000,1,0.000,1,,0
647.50,647.50,UAV-1,RELAY,KILLED,LANDED,2168.4,1909.5,687.3,0.3,0.00,87.74,0,1.000,1,0.000,1,,0
647.50,647.50,UAV-2,STANDBY,CHARGING,CHARGING,168.4,2256.3,629.0,0.3,0.00,67.78,1,1.000,1,0.000,1,,0
647.50,647.50,UAV-3,STANDBY,CHARGING,CHARGING,184.4,2236.3,628.6,0.3,0.00,83.12,1,1.000,1,0.000,1,,0
647.50,647.50,UAV-4,STANDBY,CHARGING,CHARGING,184.4,2256.3,628.5,0.3,0.00,62.13,1,1.000,1,0.000,1,,0
647.50,647.50,UAV-5,STANDBY,CHARGING,CHARGING,200.4,2236.3,628.1,0.3,0.00,23.62,1,1.000,1,0.000,1,,0
648.52,648.52,UAV-1,RELAY,KILLED,LANDED,2168.4,1909.5,687.3,0.3,0.00,87.74,0,1.000,1,0.000,1,,0
648.52,648.52,UAV-2,STANDBY,CHARGING,CHARGING,168.4,2256.3,629.0,0.3,0.00,68.63,1,1.000,1,0.000,1,,0
648.52,648.52,UAV-3,STANDBY,CHARGING,CHARGING,184.4,2236.3,628.6,0.3,0.00,83.97,1,1.000,1,0.000,1,,0
648.52,648.52,UAV-4,STANDBY,CHARGING,CHARGING,184.4,2256.3,628.5,0.3,0.00,62.98,1,1.000,1,0.000,1,,0
648.52,648.52,UAV-5,STANDBY,CHARGING,CHARGING,200.4,2236.3,628.1,0.3,0.00,24.47,1,1.000,1,0.000,1,,0
649.54,649.54,UAV-1,RELAY,KILLED,LANDED,2168.4,1909.5,687.3,0.3,0.00,87.74,0,1.000,1,0.000,1,,0
649.54,649.54,UAV-2,STANDBY,CHARGING,CHARGING,168.4,2256.3,629.0,0.3,0.00,69.48,1,1.000,1,0.000,1,,0
649.54,649.54,UAV-3,STANDBY,CHARGING,CHARGING,184.4,2236.3,628.6,0.3,0.00,84.82,1,1.000,1,0.000,1,,0
649.54,649.54,UAV-4,STANDBY,CHARGING,CHARGING,184.4,2256.3,628.5,0.3,0.00,63.83,1,1.000,1,0.000,1,,0
649.54,649.54,UAV-5,STANDBY,CHARGING,CHARGING,200.4,2236.3,628.1,0.3,0.00,25.32,1,1.000,1,0.000,1,,0
650.56,650.56,UAV-1,RELAY,KILLED,LANDED,2168.4,1909.5,687.3,0.3,0.00,87.74,0,1.000,1,0.000,1,,0
650.56,650.56,UAV-2,STANDBY,CHARGING,CHARGING,168.4,2256.3,629.0,0.3,0.00,70.33,1,1.000,1,0.000,1,,0
650.56,650.56,UAV-3,STANDBY,CHARGING,CHARGING,184.4,2236.3,628.6,0.3,0.00,85.67,1,1.000,1,0.000,1,,0
650.56,650.56,UAV-4,STANDBY,CHARGING,CHARGING,184.4,2256.3,628.5,0.3,0.00,64.68,1,1.000,1,0.000,1,,0
650.56,650.56,UAV-5,STANDBY,CHARGING,CHARGING,200.4,2236.3,628.1,0.3,0.00,26.17,1,1.000,1,0.000,1,,0
651.58,651.58,UAV-1,RELAY,KILLED,LANDED,2168.4,1909.5,687.3,0.3,0.00,87.74,0,1.000,1,0.000,1,,0
651.58,651.58,UAV-2,STANDBY,CHARGING,CHARGING,168.4,2256.3,629.0,0.3,0.00,71.18,1,1.000,1,0.000,1,,0
651.58,651.58,UAV-3,STANDBY,CHARGING,CHARGING,184.4,2236.3,628.6,0.3,0.00,86.52,1,1.000,1,0.000,1,,0
651.58,651.58,UAV-4,STANDBY,CHARGING,CHARGING,184.4,2256.3,628.5,0.3,0.00,65.53,1,1.000,1,0.000,1,,0
651.58,651.58,UAV-5,STANDBY,CHARGING,CHARGING,200.4,2236.3,628.1,0.3,0.00,27.02,1,1.000,1,0.000,1,,0
652.60,652.60,UAV-1,RELAY,KILLED,LANDED,2168.4,1909.5,687.3,0.3,0.00,87.74,0,1.000,1,0.000,1,,0
652.60,652.60,UAV-2,STANDBY,CHARGING,CHARGING,168.4,2256.3,629.0,0.3,0.00,72.03,1,1.000,1,0.000,1,,0
652.60,652.60,UAV-3,STANDBY,CHARGING,CHARGING,184.4,2236.3,628.6,0.3,0.00,87.37,1,1.000,1,0.000,1,,0
652.60,652.60,UAV-4,STANDBY,CHARGING,CHARGING,184.4,2256.3,628.5,0.3,0.00,66.38,1,1.000,1,0.000,1,,0
652.60,652.60,UAV-5,STANDBY,CHARGING,CHARGING,200.4,2236.3,628.1,0.3,0.00,27.87,1,1.000,1,0.000,1,,0
653.62,653.62,UAV-1,RELAY,KILLED,LANDED,2168.4,1909.5,687.3,0.3,0.00,87.74,0,1.000,1,0.000,1,,0
653.62,653.62,UAV-2,STANDBY,CHARGING,CHARGING,168.4,2256.3,629.0,0.3,0.00,72.88,1,1.000,1,0.000,1,,0
653.62,653.62,UAV-3,STANDBY,CHARGING,CHARGING,184.4,2236.3,628.6,0.3,0.00,88.22,1,1.000,1,0.000,1,,0
653.62,653.62,UAV-4,STANDBY,CHARGING,CHARGING,184.4,2256.3,628.5,0.3,0.00,67.23,1,1.000,1,0.000,1,,0
653.62,653.62,UAV-5,STANDBY,CHARGING,CHARGING,200.4,2236.3,628.1,0.3,0.00,28.72,1,1.000,1,0.000,1,,0
654.64,654.64,UAV-1,RELAY,KILLED,LANDED,2168.4,1909.5,687.3,0.3,0.00,87.74,0,1.000,1,0.000,1,,0
654.64,654.64,UAV-2,STANDBY,CHARGING,CHARGING,168.4,2256.3,629.0,0.3,0.00,73.73,1,1.000,1,0.000,1,,0
654.64,654.64,UAV-3,STANDBY,CHARGING,CHARGING,184.4,2236.3,628.6,0.3,0.00,89.07,1,1.000,1,0.000,1,,0
654.64,654.64,UAV-4,STANDBY,CHARGING,CHARGING,184.4,2256.3,628.5,0.3,0.00,68.08,1,1.000,1,0.000,1,,0
654.64,654.64,UAV-5,STANDBY,CHARGING,CHARGING,200.4,2236.3,628.1,0.3,0.00,29.57,1,1.000,1,0.000,1,,0
655.66,655.66,UAV-1,RELAY,KILLED,LANDED,2168.4,1909.5,687.3,0.3,0.00,87.74,0,1.000,1,0.000,1,,0
655.66,655.66,UAV-2,STANDBY,CHARGING,CHARGING,168.4,2256.3,629.0,0.3,0.00,74.58,1,1.000,1,0.000,1,,0
655.66,655.66,UAV-3,STANDBY,CHARGING,CHARGING,184.4,2236.3,628.6,0.3,0.00,89.92,1,1.000,1,0.000,1,,0
655.66,655.66,UAV-4,STANDBY,CHARGING,CHARGING,184.4,2256.3,628.5,0.3,0.00,68.93,1,1.000,1,0.000,1,,0
655.66,655.66,UAV-5,STANDBY,CHARGING,CHARGING,200.4,2236.3,628.1,0.3,0.00,30.42,1,1.000,1,0.000,1,,0
656.68,656.68,UAV-1,RELAY,KILLED,LANDED,2168.4,1909.5,687.3,0.3,0.00,87.74,0,1.000,1,0.000,1,,0
656.68,656.68,UAV-2,STANDBY,CHARGING,CHARGING,168.4,2256.3,629.0,0.3,0.00,75.43,1,1.000,1,0.000,1,,0
656.68,656.68,UAV-3,STANDBY,CHARGING,CHARGING,184.4,2236.3,628.6,0.3,0.00,90.77,1,1.000,1,0.000,1,,0
656.68,656.68,UAV-4,STANDBY,CHARGING,CHARGING,184.4,2256.3,628.5,0.3,0.00,69.78,1,1.000,1,0.000,1,,0
656.68,656.68,UAV-5,STANDBY,CHARGING,CHARGING,200.4,2236.3,628.1,0.3,0.00,31.27,1,1.000,1,0.000,1,,0
657.70,657.70,UAV-1,RELAY,KILLED,LANDED,2168.4,1909.5,687.3,0.3,0.00,87.74,0,1.000,1,0.000,1,,0
657.70,657.70,UAV-2,STANDBY,CHARGING,CHARGING,168.4,2256.3,629.0,0.3,0.00,76.28,1,1.000,1,0.000,1,,0
657.70,657.70,UAV-3,STANDBY,CHARGING,CHARGING,184.4,2236.3,628.6,0.3,0.00,91.62,1,1.000,1,0.000,1,,0
657.70,657.70,UAV-4,STANDBY,CHARGING,CHARGING,184.4,2256.3,628.5,0.3,0.00,70.63,1,1.000,1,0.000,1,,0
657.70,657.70,UAV-5,STANDBY,CHARGING,CHARGING,200.4,2236.3,628.1,0.3,0.00,32.12,1,1.000,1,0.000,1,,0
658.72,658.72,UAV-1,RELAY,KILLED,LANDED,2168.4,1909.5,687.3,0.3,0.00,87.74,0,1.000,1,0.000,1,,0
658.72,658.72,UAV-2,STANDBY,CHARGING,CHARGING,168.4,2256.3,629.0,0.3,0.00,77.13,1,1.000,1,0.000,1,,0
658.72,658.72,UAV-3,STANDBY,CHARGING,CHARGING,184.4,2236.3,628.6,0.3,0.00,92.47,1,1.000,1,0.000,1,,0
658.72,658.72,UAV-4,STANDBY,CHARGING,CHARGING,184.4,2256.3,628.5,0.3,0.00,71.48,1,1.000,1,0.000,1,,0
658.72,658.72,UAV-5,STANDBY,CHARGING,CHARGING,200.4,2236.3,628.1,0.3,0.00,32.97,1,1.000,1,0.000,1,,0
659.74,659.74,UAV-1,RELAY,KILLED,LANDED,2168.4,1909.5,687.3,0.3,0.00,87.74,0,1.000,1,0.000,1,,0
659.74,659.74,UAV-2,STANDBY,CHARGING,CHARGING,168.4,2256.3,629.0,0.3,0.00,77.98,1,1.000,1,0.000,1,,0
659.74,659.74,UAV-3,STANDBY,CHARGING,CHARGING,184.4,2236.3,628.6,0.3,0.00,93.32,1,1.000,1,0.000,1,,0
659.74,659.74,UAV-4,STANDBY,CHARGING,CHARGING,184.4,2256.3,628.5,0.3,0.00,72.33,1,1.000,1,0.000,1,,0
659.74,659.74,UAV-5,STANDBY,CHARGING,CHARGING,200.4,2236.3,628.1,0.3,0.00,33.82,1,1.000,1,0.000,1,,0
660.76,660.76,UAV-1,RELAY,KILLED,LANDED,2168.4,1909.5,687.3,0.3,0.00,87.74,0,1.000,1,0.000,1,,0
660.76,660.76,UAV-2,STANDBY,CHARGING,CHARGING,168.4,2256.3,629.0,0.3,0.00,78.83,1,1.000,1,0.000,1,,0
660.76,660.76,UAV-3,STANDBY,CHARGING,CHARGING,184.4,2236.3,628.6,0.3,0.00,94.17,1,1.000,1,0.000,1,,0
660.76,660.76,UAV-4,STANDBY,CHARGING,CHARGING,184.4,2256.3,628.5,0.3,0.00,73.18,1,1.000,1,0.000,1,,0
660.76,660.76,UAV-5,STANDBY,CHARGING,CHARGING,200.4,2236.3,628.1,0.3,0.00,34.67,1,1.000,1,0.000,1,,0
661.78,661.78,UAV-1,RELAY,KILLED,LANDED,2168.4,1909.5,687.3,0.3,0.00,87.74,0,1.000,1,0.000,1,,0
661.78,661.78,UAV-2,STANDBY,CHARGING,CHARGING,168.4,2256.3,629.0,0.3,0.00,79.68,1,1.000,1,0.000,1,,0
661.78,661.78,UAV-3,STANDBY,CHARGING,CHARGING,184.4,2236.3,628.6,0.3,0.00,95.02,1,1.000,1,0.000,1,,0
661.78,661.78,UAV-4,STANDBY,CHARGING,CHARGING,184.4,2256.3,628.5,0.3,0.00,74.03,1,1.000,1,0.000,1,,0
661.78,661.78,UAV-5,STANDBY,CHARGING,CHARGING,200.4,2236.3,628.1,0.3,0.00,35.52,1,1.000,1,0.000,1,,0
662.80,662.80,UAV-1,RELAY,KILLED,LANDED,2168.4,1909.5,687.3,0.3,0.00,87.74,0,1.000,1,0.000,1,,0
662.80,662.80,UAV-2,STANDBY,CHARGING,CHARGING,168.4,2256.3,629.0,0.3,0.00,80.53,1,1.000,1,0.000,1,,0
662.80,662.80,UAV-3,STANDBY,CHARGING,CHARGING,184.4,2236.3,628.6,0.3,0.00,95.87,1,1.000,1,0.000,1,,0
662.80,662.80,UAV-4,STANDBY,CHARGING,CHARGING,184.4,2256.3,628.5,0.3,0.00,74.88,1,1.000,1,0.000,1,,0
662.80,662.80,UAV-5,STANDBY,CHARGING,CHARGING,200.4,2236.3,628.1,0.3,0.00,36.37,1,1.000,1,0.000,1,,0
663.82,663.82,UAV-1,RELAY,KILLED,LANDED,2168.4,1909.5,687.3,0.3,0.00,87.74,0,1.000,1,0.000,1,,0
663.82,663.82,UAV-2,STANDBY,CHARGING,CHARGING,168.4,2256.3,629.0,0.3,0.00,81.38,1,1.000,1,0.000,1,,0
663.82,663.82,UAV-3,STANDBY,CHARGING,CHARGING,184.4,2236.3,628.6,0.3,0.00,96.72,1,1.000,1,0.000,1,,0
663.82,663.82,UAV-4,STANDBY,CHARGING,CHARGING,184.4,2256.3,628.5,0.3,0.00,75.73,1,1.000,1,0.000,1,,0
663.82,663.82,UAV-5,STANDBY,CHARGING,CHARGING,200.4,2236.3,628.1,0.3,0.00,37.22,1,1.000,1,0.000,1,,0
664.84,664.84,UAV-1,RELAY,KILLED,LANDED,2168.4,1909.5,687.3,0.3,0.00,87.74,0,1.000,1,0.000,1,,0
664.84,664.84,UAV-2,STANDBY,CHARGING,CHARGING,168.4,2256.3,629.0,0.3,0.00,82.23,1,1.000,1,0.000,1,,0
664.84,664.84,UAV-3,STANDBY,CHARGING,CHARGING,184.4,2236.3,628.6,0.3,0.00,97.57,1,1.000,1,0.000,1,,0
664.84,664.84,UAV-4,STANDBY,CHARGING,CHARGING,184.4,2256.3,628.5,0.3,0.00,76.58,1,1.000,1,0.000,1,,0
664.84,664.84,UAV-5,STANDBY,CHARGING,CHARGING,200.4,2236.3,628.1,0.3,0.00,38.07,1,1.000,1,0.000,1,,0
665.86,665.86,UAV-1,RELAY,KILLED,LANDED,2168.4,1909.5,687.3,0.3,0.00,87.74,0,1.000,1,0.000,1,,0
665.86,665.86,UAV-2,STANDBY,CHARGING,CHARGING,168.4,2256.3,629.0,0.3,0.00,83.08,1,1.000,1,0.000,1,,0
665.86,665.86,UAV-3,STANDBY,CHARGING,CHARGING,184.4,2236.3,628.6,0.3,0.00,98.42,1,1.000,1,0.000,1,,0
665.86,665.86,UAV-4,STANDBY,CHARGING,CHARGING,184.4,2256.3,628.5,0.3,0.00,77.43,1,1.000,1,0.000,1,,0
665.86,665.86,UAV-5,STANDBY,CHARGING,CHARGING,200.4,2236.3,628.1,0.3,0.00,38.92,1,1.000,1,0.000,1,,0
666.88,666.88,UAV-1,RELAY,KILLED,LANDED,2168.4,1909.5,687.3,0.3,0.00,87.74,0,1.000,1,0.000,1,,0
666.88,666.88,UAV-2,STANDBY,CHARGING,CHARGING,168.4,2256.3,629.0,0.3,0.00,83.93,1,1.000,1,0.000,1,,0
666.88,666.88,UAV-3,STANDBY,CHARGING,CHARGING,184.4,2236.3,628.6,0.3,0.00,99.27,1,1.000,1,0.000,1,,0
666.88,666.88,UAV-4,STANDBY,CHARGING,CHARGING,184.4,2256.3,628.5,0.3,0.00,78.28,1,1.000,1,0.000,1,,0
666.88,666.88,UAV-5,STANDBY,CHARGING,CHARGING,200.4,2236.3,628.1,0.3,0.00,39.77,1,1.000,1,0.000,1,,0
667.90,667.90,UAV-1,RELAY,KILLED,LANDED,2168.4,1909.5,687.3,0.3,0.00,87.74,0,1.000,1,0.000,1,,0
667.90,667.90,UAV-2,STANDBY,CHARGING,CHARGING,168.4,2256.3,629.0,0.3,0.00,84.78,1,1.000,1,0.000,1,,0
667.90,667.90,UAV-3,SCOUT,ACTIVE,IDLE,184.4,2236.3,632.3,4.0,0.00,100.00,0,0.000,0,0.000,1,,0
667.90,667.90,UAV-4,STANDBY,CHARGING,CHARGING,184.4,2256.3,628.5,0.3,0.00,79.13,1,1.000,1,0.000,1,,0
667.90,667.90,UAV-5,STANDBY,CHARGING,CHARGING,200.4,2236.3,628.1,0.3,0.00,40.62,1,1.000,1,0.000,1,,0
668.92,668.92,UAV-1,RELAY,KILLED,LANDED,2168.4,1909.5,687.3,0.3,0.00,87.74,0,1.000,1,0.000,1,,0
668.92,668.92,UAV-2,STANDBY,CHARGING,CHARGING,168.4,2256.3,629.0,0.3,0.00,85.63,1,1.000,1,0.000,1,,0
668.92,668.92,UAV-3,SCOUT,ACTIVE,TRANSIT,184.3,2236.3,638.5,10.2,11.43,99.85,1,1.000,1,1.000,1,POI-015,0
668.92,668.92,UAV-4,STANDBY,CHARGING,CHARGING,184.4,2256.3,628.5,0.3,0.00,79.98,1,1.000,1,0.000,1,,0
668.92,668.92,UAV-5,STANDBY,CHARGING,CHARGING,200.4,2236.3,628.1,0.3,0.00,41.47,1,1.000,1,0.000,1,,0
669.94,669.94,UAV-1,RELAY,KILLED,LANDED,2168.4,1909.5,687.3,0.3,0.00,87.74,0,1.000,1,0.000,1,,0
669.94,669.94,UAV-2,STANDBY,CHARGING,CHARGING,168.4,2256.3,629.0,0.3,0.00,86.48,1,1.000,1,0.000,1,,0
669.94,669.94,UAV-3,SCOUT,ACTIVE,TRANSIT,184.4,2236.4,654.3,26.0,18.60,99.69,1,1.000,1,1.000,1,POI-015,0
669.94,669.94,UAV-4,STANDBY,CHARGING,CHARGING,184.4,2256.3,628.5,0.3,0.00,80.83,1,1.000,1,0.000,1,,0
669.94,669.94,UAV-5,STANDBY,CHARGING,CHARGING,200.4,2236.3,628.1,0.3,0.00,42.32,1,1.000,1,0.000,1,,0
670.96,670.96,UAV-1,RELAY,KILLED,LANDED,2168.4,1909.5,687.3,0.3,0.00,87.74,0,1.000,1,0.000,1,,0
670.96,670.96,UAV-2,STANDBY,CHARGING,CHARGING,168.4,2256.3,629.0,0.3,0.00,87.33,1,1.000,1,0.000,1,,0
670.96,670.96,UAV-3,SCOUT,ACTIVE,TRANSIT,184.6,2236.4,674.7,46.3,20.57,99.55,1,1.000,1,1.000,1,POI-015,0
670.96,670.96,UAV-4,STANDBY,CHARGING,CHARGING,184.4,2256.3,628.5,0.3,0.00,81.68,1,1.000,1,0.000,1,,0
670.96,670.96,UAV-5,STANDBY,CHARGING,CHARGING,200.4,2236.3,628.1,0.3,0.00,43.17,1,1.000,1,0.000,1,,0
671.98,671.98,UAV-1,RELAY,KILLED,LANDED,2168.4,1909.5,687.3,0.3,0.00,87.74,0,1.000,1,0.000,1,,0
671.98,671.98,UAV-2,STANDBY,CHARGING,CHARGING,168.4,2256.3,629.0,0.3,0.00,88.18,1,1.000,1,0.000,1,,0
671.98,671.98,UAV-3,SCOUT,ACTIVE,TRANSIT,184.8,2236.5,695.9,67.6,21.02,99.41,1,1.000,1,1.000,1,POI-015,0
671.98,671.98,UAV-4,STANDBY,CHARGING,CHARGING,184.4,2256.3,628.5,0.3,0.00,82.53,1,1.000,1,0.000,1,,0
671.98,671.98,UAV-5,STANDBY,CHARGING,CHARGING,200.4,2236.3,628.1,0.3,0.00,44.02,1,1.000,1,0.000,1,,0
673.00,673.00,UAV-1,RELAY,KILLED,LANDED,2168.4,1909.5,687.3,0.3,0.00,87.74,0,1.000,1,0.000,1,,0
673.00,673.00,UAV-2,STANDBY,CHARGING,CHARGING,168.4,2256.3,629.0,0.3,0.00,89.03,1,1.000,1,0.000,1,,0
673.00,673.00,UAV-3,SCOUT,ACTIVE,TRANSIT,185.0,2236.5,716.7,88.3,16.50,99.27,1,1.000,1,1.000,1,POI-015,0
673.00,673.00,UAV-4,STANDBY,CHARGING,CHARGING,184.4,2256.3,628.5,0.3,0.00,83.38,1,1.000,1,0.000,1,,0
673.00,673.00,UAV-5,STANDBY,CHARGING,CHARGING,200.4,2236.3,628.1,0.3,0.00,44.87,1,1.000,1,0.000,1,,0
674.02,674.02,UAV-1,RELAY,KILLED,LANDED,2168.4,1909.5,687.3,0.3,0.00,87.74,0,1.000,1,0.000,1,,0
674.02,674.02,UAV-2,STANDBY,CHARGING,CHARGING,168.4,2256.3,629.0,0.3,0.00,89.88,1,1.000,1,0.000,1,,0
674.02,674.02,UAV-3,SCOUT,ACTIVE,TRANSIT,187.4,2237.0,727.6,99.4,7.08,99.16,1,1.000,1,1.000,1,POI-015,0
674.02,674.02,UAV-4,STANDBY,CHARGING,CHARGING,184.4,2256.3,628.5,0.3,0.00,84.23,1,1.000,1,0.000,1,,0
674.02,674.02,UAV-5,STANDBY,CHARGING,CHARGING,200.4,2236.3,628.1,0.3,0.00,45.72,1,1.000,1,0.000,1,,0
675.04,675.04,UAV-1,RELAY,KILLED,LANDED,2168.4,1909.5,687.3,0.3,0.00,87.74,0,1.000,1,0.000,1,,0
675.04,675.04,UAV-2,STANDBY,CHARGING,CHARGING,168.4,2256.3,629.0,0.3,0.00,90.73,1,1.000,1,0.000,1,,0
675.04,675.04,UAV-3,SCOUT,ACTIVE,TRANSIT,193.0,2237.8,731.2,103.1,8.59,99.05,1,1.000,1,1.000,1,POI-015,0
675.04,675.04,UAV-4,STANDBY,CHARGING,CHARGING,184.4,2256.3,628.5,0.3,0.00,85.08,1,1.000,1,0.000,1,,0
675.04,675.04,UAV-5,STANDBY,CHARGING,CHARGING,200.4,2236.3,628.1,0.3,0.00,46.57,1,1.000,1,0.000,1,,0
676.06,676.06,UAV-1,RELAY,KILLED,LANDED,2168.4,1909.5,687.3,0.3,0.00,87.74,0,1.000,1,0.000,1,,0
676.06,676.06,UAV-2,STANDBY,CHARGING,CHARGING,168.4,2256.3,629.0,0.3,0.00,91.58,1,1.000,1,0.000,1,,0
676.06,676.06,UAV-3,SCOUT,ACTIVE,TRANSIT,204.7,2238.7,733.2,105.4,14.46,98.93,1,1.000,1,1.000,1,POI-015,0
676.06,676.06,UAV-4,STANDBY,CHARGING,CHARGING,184.4,2256.3,628.5,0.3,0.00,85.93,1,1.000,1,0.000,1,,0
676.06,676.06,UAV-5,STANDBY,CHARGING,CHARGING,200.4,2236.3,628.1,0.3,0.00,47.42,1,1.000,1,0.000,1,,0
677.08,677.08,UAV-1,RELAY,KILLED,LANDED,2168.4,1909.5,687.3,0.3,0.00,87.74,0,1.000,1,0.000,1,,0
677.08,677.08,UAV-2,STANDBY,CHARGING,CHARGING,168.4,2256.3,629.0,0.3,0.00,92.43,1,1.000,1,0.000,1,,0
677.08,677.08,UAV-3,SCOUT,ACTIVE,TRANSIT,221.8,2239.5,734.8,107.5,18.93,98.81,1,1.000,1,1.000,1,POI-015,0
677.08,677.08,UAV-4,STANDBY,CHARGING,CHARGING,184.4,2256.3,628.5,0.3,0.00,86.78,1,1.000,1,0.000,1,,0
677.08,677.08,UAV-5,STANDBY,CHARGING,CHARGING,200.4,2236.3,628.1,0.3,0.00,48.27,1,1.000,1,0.000,1,,0
678.10,678.10,UAV-1,RELAY,KILLED,LANDED,2168.4,1909.5,687.3,0.3,0.00,87.74,0,1.000,1,0.000,1,,0
678.10,678.10,UAV-2,STANDBY,CHARGING,CHARGING,168.4,2256.3,629.0,0.3,0.00,93.28,1,1.000,1,0.000,1,,0
678.10,678.10,UAV-3,SCOUT,ACTIVE,TRANSIT,242.4,2240.3,736.2,109.5,20.89,98.70,1,1.000,1,1.000,1,POI-015,0
678.10,678.10,UAV-4,STANDBY,CHARGING,CHARGING,184.4,2256.3,628.5,0.3,0.00,87.63,1,1.000,1,0.000,1,,0
678.10,678.10,UAV-5,STANDBY,CHARGING,CHARGING,200.4,2236.3,628.1,0.3,0.00,49.12,1,1.000,1,0.000,1,,0
679.12,679.12,UAV-1,RELAY,KILLED,LANDED,2168.4,1909.5,687.3,0.3,0.00,87.74,0,1.000,1,0.000,1,,0
679.12,679.12,UAV-2,STANDBY,CHARGING,CHARGING,168.4,2256.3,629.0,0.3,0.00,94.13,1,1.000,1,0.000,1,,0
679.12,679.12,UAV-3,SCOUT,ACTIVE,TRANSIT,263.8,2241.0,737.5,111.0,21.22,98.60,1,1.000,1,1.000,1,POI-015,0
679.12,679.12,UAV-4,STANDBY,CHARGING,CHARGING,184.4,2256.3,628.5,0.3,0.00,88.48,1,1.000,1,0.000,1,,0
679.12,679.12,UAV-5,STANDBY,CHARGING,CHARGING,200.4,2236.3,628.1,0.3,0.00,49.97,1,1.000,1,0.000,1,,0
680.14,680.14,UAV-1,RELAY,KILLED,LANDED,2168.4,1909.5,687.3,0.3,0.00,87.74,0,1.000,1,0.000,1,,0
680.14,680.14,UAV-2,STANDBY,CHARGING,CHARGING,168.4,2256.3,629.0,0.3,0.00,94.98,1,1.000,1,0.000,1,,0
680.14,680.14,UAV-3,SCOUT,ACTIVE,TRANSIT,285.5,2241.7,738.7,112.5,21.42,98.49,1,1.000,1,1.000,1,POI-015,0
680.14,680.14,UAV-4,STANDBY,CHARGING,CHARGING,184.4,2256.3,628.5,0.3,0.00,89.33,1,1.000,1,0.000,1,,0
680.14,680.14,UAV-5,STANDBY,CHARGING,CHARGING,200.4,2236.3,628.1,0.3,0.00,50.82,1,1.000,1,0.000,1,,0
681.16,681.16,UAV-1,RELAY,KILLED,LANDED,2168.4,1909.5,687.3,0.3,0.00,87.74,0,1.000,1,0.000,1,,0
681.16,681.16,UAV-2,STANDBY,CHARGING,CHARGING,168.4,2256.3,629.0,0.3,0.00,95.83,1,1.000,1,0.000,1,,0
681.16,681.16,UAV-3,SCOUT,ACTIVE,TRANSIT,307.4,2242.4,739.9,113.5,21.59,98.39,1,1.000,1,1.000,1,POI-015,0
681.16,681.16,UAV-4,STANDBY,CHARGING,CHARGING,184.4,2256.3,628.5,0.3,0.00,90.18,1,1.000,1,0.000,1,,0
681.16,681.16,UAV-5,STANDBY,CHARGING,CHARGING,200.4,2236.3,628.1,0.3,0.00,51.67,1,1.000,1,0.000,1,,0
682.18,682.18,UAV-1,RELAY,KILLED,LANDED,2168.4,1909.5,687.3,0.3,0.00,87.74,0,1.000,1,0.000,1,,0
682.18,682.18,UAV-2,STANDBY,CHARGING,CHARGING,168.4,2256.3,629.0,0.3,0.00,96.68,1,1.000,1,0.000,1,,0
682.18,682.18,UAV-3,SCOUT,ACTIVE,TRANSIT,329.5,2243.0,741.0,113.2,21.71,98.28,1,1.000,1,1.000,1,POI-015,0
682.18,682.18,UAV-4,STANDBY,CHARGING,CHARGING,184.4,2256.3,628.5,0.3,0.00,91.03,1,1.000,1,0.000,1,,0
682.18,682.18,UAV-5,STANDBY,CHARGING,CHARGING,200.4,2236.3,628.1,0.3,0.00,52.52,1,1.000,1,0.000,1,,0
683.20,683.20,UAV-1,RELAY,KILLED,LANDED,2168.4,1909.5,687.3,0.3,0.00,87.74,0,1.000,1,0.000,1,,0
683.20,683.20,UAV-2,STANDBY,CHARGING,CHARGING,168.4,2256.3,629.0,0.3,0.00,97.53,1,1.000,1,0.000,1,,0
683.20,683.20,UAV-3,SCOUT,ACTIVE,TRANSIT,351.6,2243.7,742.0,112.3,21.79,98.18,1,1.000,1,1.000,1,POI-015,0
683.20,683.20,UAV-4,STANDBY,CHARGING,CHARGING,184.4,2256.3,628.5,0.3,0.00,91.88,1,1.000,1,0.000,1,,0
683.20,683.20,UAV-5,STANDBY,CHARGING,CHARGING,200.4,2236.3,628.1,0.3,0.00,53.37,1,1.000,1,0.000,1,,0
684.22,684.22,UAV-1,RELAY,KILLED,LANDED,2168.4,1909.5,687.3,0.3,0.00,87.74,0,1.000,1,0.000,1,,0
684.22,684.22,UAV-2,STANDBY,CHARGING,CHARGING,168.4,2256.3,629.0,0.3,0.00,98.38,1,1.000,1,0.000,1,,0
684.22,684.22,UAV-3,SCOUT,ACTIVE,TRANSIT,373.9,2244.3,743.0,111.6,21.85,98.08,1,1.000,1,1.000,1,POI-015,0
684.22,684.22,UAV-4,STANDBY,CHARGING,CHARGING,184.4,2256.3,628.5,0.3,0.00,92.73,1,1.000,1,0.000,1,,0
684.22,684.22,UAV-5,STANDBY,CHARGING,CHARGING,200.4,2236.3,628.1,0.3,0.00,54.22,1,1.000,1,0.000,1,,0
685.24,685.24,UAV-1,RELAY,KILLED,LANDED,2168.4,1909.5,687.3,0.3,0.00,87.74,0,1.000,1,0.000,1,,0
685.24,685.24,UAV-2,STANDBY,CHARGING,CHARGING,168.4,2256.3,629.0,0.3,0.00,99.23,1,1.000,1,0.000,1,,0
685.24,685.24,UAV-3,SCOUT,ACTIVE,TRANSIT,395.6,2243.3,743.8,110.5,21.19,97.96,1,1.000,1,1.000,1,POI-015,0
685.24,685.24,UAV-4,STANDBY,CHARGING,CHARGING,184.4,2256.3,628.5,0.3,0.00,93.58,1,1.000,1,0.000,1,,0
685.24,685.24,UAV-5,STANDBY,CHARGING,CHARGING,200.4,2236.3,628.1,0.3,0.00,55.07,1,1.000,1,0.000,1,,0
686.26,686.26,UAV-1,RELAY,KILLED,LANDED,2168.4,1909.5,687.3,0.3,0.00,87.74,0,1.000,1,0.000,1,,0
686.26,686.26,UAV-2,STANDBY,READY,READY,168.4,2256.3,629.0,0.3,0.00,100.00,1,1.000,1,0.000,1,,0
686.26,686.26,UAV-3,SCOUT,ACTIVE,TRANSIT,417.3,2239.5,744.5,109.9,21.94,97.85,1,1.000,1,1.000,1,POI-015,0
686.26,686.26,UAV-4,STANDBY,CHARGING,CHARGING,184.4,2256.3,628.5,0.3,0.00,94.43,1,1.000,1,0.000,1,,0
686.26,686.26,UAV-5,STANDBY,CHARGING,CHARGING,200.4,2236.3,628.1,0.3,0.00,55.92,1,1.000,1,0.000,1,,0
687.28,687.28,UAV-1,RELAY,KILLED,LANDED,2168.4,1909.5,687.3,0.3,0.00,87.74,0,1.000,1,0.000,1,,0
687.28,687.28,UAV-2,STANDBY,READY,READY,168.4,2256.3,629.0,0.3,0.00,100.00,1,1.000,1,0.000,1,,0
687.28,687.28,UAV-3,SCOUT,ACTIVE,TRANSIT,439.3,2235.3,745.2,111.1,21.95,97.74,1,1.000,1,1.000,1,POI-015,0
687.28,687.28,UAV-4,STANDBY,CHARGING,CHARGING,184.4,2256.3,628.5,0.3,0.00,95.28,1,1.000,1,0.000,1,,0
687.28,687.28,UAV-5,STANDBY,CHARGING,CHARGING,200.4,2236.3,628.1,0.3,0.00,56.77,1,1.000,1,0.000,1,,0
688.30,688.30,UAV-1,RELAY,KILLED,LANDED,2168.4,1909.5,687.3,0.3,0.00,87.74,0,1.000,1,0.000,1,,0
688.30,688.30,UAV-2,STANDBY,READY,READY,168.4,2256.3,629.0,0.3,0.00,100.00,1,1.000,1,0.000,1,,0
688.30,688.30,UAV-3,SCOUT,ACTIVE,TRANSIT,461.3,2231.1,745.9,112.6,21.96,97.64,1,1.000,1,1.000,1,POI-015,0
688.30,688.30,UAV-4,STANDBY,CHARGING,CHARGING,184.4,2256.3,628.5,0.3,0.00,96.13,1,1.000,1,0.000,1,,0
688.30,688.30,UAV-5,STANDBY,CHARGING,CHARGING,200.4,2236.3,628.1,0.3,0.00,57.62,1,1.000,1,0.000,1,,0
689.32,689.32,UAV-1,RELAY,KILLED,LANDED,2168.4,1909.5,687.3,0.3,0.00,87.74,0,1.000,1,0.000,1,,0
689.32,689.32,UAV-2,STANDBY,READY,READY,168.4,2256.3,629.0,0.3,0.00,100.00,1,1.000,1,0.000,1,,0
689.32,689.32,UAV-3,SCOUT,ACTIVE,TRANSIT,483.3,2226.9,746.6,113.0,21.97,97.53,1,1.000,1,1.000,1,POI-015,0
689.32,689.32,UAV-4,STANDBY,CHARGING,CHARGING,184.4,2256.3,628.5,0.3,0.00,96.98,1,1.000,1,0.000,1,,0
689.32,689.32,UAV-5,STANDBY,CHARGING,CHARGING,200.4,2236.3,628.1,0.3,0.00,58.47,1,1.000,1,0.000,1,,0
690.34,690.34,UAV-1,RELAY,KILLED,LANDED,2168.4,1909.5,687.3,0.3,0.00,87.74,0,1.000,1,0.000,1,,0
690.34,690.34,UAV-2,STANDBY,READY,READY,168.4,2256.3,629.0,0.3,0.00,100.00,1,1.000,1,0.000,1,,0
690.34,690.34,UAV-3,SCOUT,ACTIVE,TRANSIT,505.3,2222.8,747.3,112.0,21.97,97.43,1,1.000,1,1.000,1,POI-015,0
690.34,690.34,UAV-4,STANDBY,CHARGING,CHARGING,184.4,2256.3,628.5,0.3,0.00,97.83,1,1.000,1,0.000,1,,0
690.34,690.34,UAV-5,STANDBY,CHARGING,CHARGING,200.4,2236.3,628.1,0.3,0.00,59.32,1,1.000,1,0.000,1,,0
691.36,691.36,UAV-1,RELAY,KILLED,LANDED,2168.4,1909.5,687.3,0.3,0.00,87.74,0,1.000,1,0.000,1,,0
691.36,691.36,UAV-2,STANDBY,READY,READY,168.4,2256.3,629.0,0.3,0.00,100.00,1,1.000,1,0.000,1,,0
691.36,691.36,UAV-3,SCOUT,ACTIVE,TRANSIT,527.3,2218.7,747.9,110.7,21.95,97.32,1,1.000,1,1.000,1,POI-015,0
691.36,691.36,UAV-4,STANDBY,CHARGING,CHARGING,184.4,2256.3,628.5,0.3,0.00,98.68,1,1.000,1,0.000,1,,0
691.36,691.36,UAV-5,STANDBY,CHARGING,CHARGING,200.4,2236.3,628.1,0.3,0.00,60.17,1,1.000,1,0.000,1,,0
692.38,692.38,UAV-1,RELAY,KILLED,LANDED,2168.4,1909.5,687.3,0.3,0.00,87.74,0,1.000,1,0.000,1,,0
692.38,692.38,UAV-2,STANDBY,READY,READY,168.4,2256.3,629.0,0.3,0.00,100.00,1,1.000,1,0.000,1,,0
692.38,692.38,UAV-3,SCOUT,ACTIVE,TRANSIT,549.3,2214.5,748.5,109.6,21.94,97.22,1,1.000,1,1.000,1,POI-015,0
692.38,692.38,UAV-4,STANDBY,CHARGING,CHARGING,184.4,2256.3,628.5,0.3,0.00,99.53,1,1.000,1,0.000,1,,0
692.38,692.38,UAV-5,STANDBY,CHARGING,CHARGING,200.4,2236.3,628.1,0.3,0.00,61.02,1,1.000,1,0.000,1,,0
693.40,693.40,UAV-1,RELAY,KILLED,LANDED,2168.4,1909.5,687.3,0.3,0.00,87.74,0,1.000,1,0.000,1,,0
693.40,693.40,UAV-2,STANDBY,READY,READY,168.4,2256.3,629.0,0.3,0.00,100.00,1,1.000,1,0.000,1,,0
693.40,693.40,UAV-3,SCOUT,ACTIVE,TRANSIT,571.3,2210.4,749.1,109.6,21.95,97.12,1,1.000,1,1.000,1,POI-015,0
693.40,693.40,UAV-4,STANDBY,READY,READY,184.4,2256.3,628.5,0.3,0.00,100.00,1,1.000,1,0.000,1,,0
693.40,693.40,UAV-5,STANDBY,CHARGING,CHARGING,200.4,2236.3,628.1,0.3,0.00,61.87,1,1.000,1,0.000,1,,0
694.42,694.42,UAV-1,RELAY,KILLED,LANDED,2168.4,1909.5,687.3,0.3,0.00,87.74,0,1.000,1,0.000,1,,0
694.42,694.42,UAV-2,STANDBY,READY,READY,168.4,2256.3,629.0,0.3,0.00,100.00,1,1.000,1,0.000,1,,0
694.42,694.42,UAV-3,SCOUT,ACTIVE,TRANSIT,593.3,2206.3,749.7,109.8,21.95,97.01,1,1.000,1,1.000,1,POI-015,0
694.42,694.42,UAV-4,STANDBY,READY,READY,184.4,2256.3,628.5,0.3,0.00,100.00,1,1.000,1,0.000,1,,0
694.42,694.42,UAV-5,STANDBY,CHARGING,CHARGING,200.4,2236.3,628.1,0.3,0.00,62.72,1,1.000,1,0.000,1,,0
695.44,695.44,UAV-1,RELAY,KILLED,LANDED,2168.4,1909.5,687.3,0.3,0.00,87.74,0,1.000,1,0.000,1,,0
695.44,695.44,UAV-2,STANDBY,READY,READY,168.4,2256.3,629.0,0.3,0.00,100.00,1,1.000,1,0.000,1,,0
695.44,695.44,UAV-3,SCOUT,ACTIVE,TRANSIT,615.1,2204.3,750.5,110.3,21.11,96.89,1,1.000,1,1.000,1,POI-015,0
695.44,695.44,UAV-4,STANDBY,READY,READY,184.4,2256.3,628.5,0.3,0.00,100.00,1,1.000,1,0.000,1,,0
695.44,695.44,UAV-5,STANDBY,CHARGING,CHARGING,200.4,2236.3,628.1,0.3,0.00,63.57,1,1.000,1,0.000,1,,0
696.46,696.46,UAV-1,RELAY,KILLED,LANDED,2168.4,1909.5,687.3,0.3,0.00,87.74,0,1.000,1,0.000,1,,0
696.46,696.46,UAV-2,STANDBY,READY,READY,168.4,2256.3,629.0,0.3,0.00,100.00,1,1.000,1,0.000,1,,0
696.46,696.46,UAV-3,SCOUT,ACTIVE,TRANSIT,637.0,2206.4,751.3,111.4,21.96,96.78,1,1.000,1,1.000,1,POI-015,0
696.46,696.46,UAV-4,STANDBY,READY,READY,184.4,2256.3,628.5,0.3,0.00,100.00,1,1.000,1,0.000,1,,0
696.46,696.46,UAV-5,STANDBY,CHARGING,CHARGING,200.4,2236.3,628.1,0.3,0.00,64.42,1,1.000,1,0.000,1,,0
697.48,697.48,UAV-1,RELAY,KILLED,LANDED,2168.4,1909.5,687.3,0.3,0.00,87.74,0,1.000,1,0.000,1,,0
697.48,697.48,UAV-2,STANDBY,READY,READY,168.4,2256.3,629.0,0.3,0.00,100.00,1,1.000,1,0.000,1,,0
697.48,697.48,UAV-3,SCOUT,ACTIVE,TRANSIT,659.3,2209.1,752.1,112.0,22.00,96.68,1,1.000,1,1.000,1,POI-015,0
697.48,697.48,UAV-4,STANDBY,READY,READY,184.4,2256.3,628.5,0.3,0.00,100.00,1,1.000,1,0.000,1,,0
697.48,697.48,UAV-5,STANDBY,CHARGING,CHARGING,200.4,2236.3,628.1,0.3,0.00,65.27,1,1.000,1,0.000,1,,0
698.50,698.50,UAV-1,RELAY,KILLED,LANDED,2168.4,1909.5,687.3,0.3,0.00,87.74,0,1.000,1,0.000,1,,0
698.50,698.50,UAV-2,STANDBY,READY,READY,168.4,2256.3,629.0,0.3,0.00,100.00,1,1.000,1,0.000,1,,0
698.50,698.50,UAV-3,SCOUT,ACTIVE,TRANSIT,681.6,2211.8,752.9,111.8,22.00,96.57,1,1.000,1,1.000,1,POI-015,0
698.50,698.50,UAV-4,STANDBY,READY,READY,184.4,2256.3,628.5,0.3,0.00,100.00,1,1.000,1,0.000,1,,0
698.50,698.50,UAV-5,STANDBY,CHARGING,CHARGING,200.4,2236.3,628.1,0.3,0.00,66.12,1,1.000,1,0.000,1,,0
699.52,699.52,UAV-1,RELAY,KILLED,LANDED,2168.4,1909.5,687.3,0.3,0.00,87.74,0,1.000,1,0.000,1,,0
699.52,699.52,UAV-2,STANDBY,READY,READY,168.4,2256.3,629.0,0.3,0.00,100.00,1,1.000,1,0.000,1,,0
699.52,699.52,UAV-3,SCOUT,ACTIVE,TRANSIT,703.8,2214.5,753.7,111.6,22.00,96.47,1,1.000,1,1.000,1,POI-015,0
699.52,699.52,UAV-4,STANDBY,READY,READY,184.4,2256.3,628.5,0.3,0.00,100.00,1,1.000,1,0.000,1,,0
699.52,699.52,UAV-5,STANDBY,CHARGING,CHARGING,200.4,2236.3,628.1,0.3,0.00,66.97,1,1.000,1,0.000,1,,0
700.54,700.54,UAV-1,RELAY,KILLED,LANDED,2168.4,1909.5,687.3,0.3,0.00,87.74,0,1.000,1,0.000,1,,0
700.54,700.54,UAV-2,STANDBY,READY,READY,168.4,2256.3,629.0,0.3,0.00,100.00,1,1.000,1,0.000,1,,0
700.54,700.54,UAV-3,SCOUT,ACTIVE,TRANSIT,726.1,2217.2,754.4,112.1,22.00,96.37,1,1.000,1,1.000,1,POI-015,0
700.54,700.54,UAV-4,STANDBY,READY,READY,184.4,2256.3,628.5,0.3,0.00,100.00,1,1.000,1,0.000,1,,0
700.54,700.54,UAV-5,STANDBY,CHARGING,CHARGING,200.4,2236.3,628.1,0.3,0.00,67.82,1,1.000,1,0.000,1,,0
701.56,701.56,UAV-1,RELAY,KILLED,LANDED,2168.4,1909.5,687.3,0.3,0.00,87.74,0,1.000,1,0.000,1,,0
701.56,701.56,UAV-2,STANDBY,READY,READY,168.4,2256.3,629.0,0.3,0.00,100.00,1,1.000,1,0.000,1,,0
701.56,701.56,UAV-3,SCOUT,ACTIVE,TRANSIT,748.3,2219.9,755.2,112.3,22.00,96.26,1,1.000,1,1.000,1,POI-015,0
701.56,701.56,UAV-4,STANDBY,READY,READY,184.4,2256.3,628.5,0.3,0.00,100.00,1,1.000,1,0.000,1,,0
701.56,701.56,UAV-5,STANDBY,CHARGING,CHARGING,200.4,2236.3,628.1,0.3,0.00,68.67,1,1.000,1,0.000,1,,0
702.58,702.58,UAV-1,RELAY,KILLED,LANDED,2168.4,1909.5,687.3,0.3,0.00,87.74,0,1.000,1,0.000,1,,0
702.58,702.58,UAV-2,STANDBY,READY,READY,168.4,2256.3,629.0,0.3,0.00,100.00,1,1.000,1,0.000,1,,0
702.58,702.58,UAV-3,SCOUT,ACTIVE,TRANSIT,770.6,2222.6,755.9,111.9,22.00,96.16,1,1.000,1,1.000,1,POI-015,0
702.58,702.58,UAV-4,STANDBY,READY,READY,184.4,2256.3,628.5,0.3,0.00,100.00,1,1.000,1,0.000,1,,0
702.58,702.58,UAV-5,STANDBY,CHARGING,CHARGING,200.4,2236.3,628.1,0.3,0.00,69.52,1,1.000,1,0.000,1,,0
703.60,703.60,UAV-1,RELAY,KILLED,LANDED,2168.4,1909.5,687.3,0.3,0.00,87.74,0,1.000,1,0.000,1,,0
703.60,703.60,UAV-2,STANDBY,READY,READY,168.4,2256.3,629.0,0.3,0.00,100.00,1,1.000,1,0.000,1,,0
703.60,703.60,UAV-3,SCOUT,ACTIVE,TRANSIT,792.9,2225.3,756.6,110.8,22.00,96.05,1,1.000,1,1.000,1,POI-015,0
703.60,703.60,UAV-4,STANDBY,READY,READY,184.4,2256.3,628.5,0.3,0.00,100.00,1,1.000,1,0.000,1,,0
703.60,703.60,UAV-5,STANDBY,CHARGING,CHARGING,200.4,2236.3,628.1,0.3,0.00,70.37,1,1.000,1,0.000,1,,0
704.62,704.62,UAV-1,RELAY,KILLED,LANDED,2168.4,1909.5,687.3,0.3,0.00,87.74,0,1.000,1,0.000,1,,0
704.62,704.62,UAV-2,STANDBY,READY,READY,168.4,2256.3,629.0,0.3,0.00,100.00,1,1.000,1,0.000,1,,0
704.62,704.62,UAV-3,SCOUT,ACTIVE,TRANSIT,815.1,2228.0,757.3,110.2,22.00,95.95,1,1.000,1,1.000,1,POI-015,0
704.62,704.62,UAV-4,STANDBY,READY,READY,184.4,2256.3,628.5,0.3,0.00,100.00,1,1.000,1,0.000,1,,0
704.62,704.62,UAV-5,STANDBY,CHARGING,CHARGING,200.4,2236.3,628.1,0.3,0.00,71.22,1,1.000,1,0.000,1,,0
705.64,705.64,UAV-1,RELAY,KILLED,LANDED,2168.4,1909.5,687.3,0.3,0.00,87.74,0,1.000,1,0.000,1,,0
705.64,705.64,UAV-2,STANDBY,READY,READY,168.4,2256.3,629.0,0.3,0.00,100.00,1,1.000,1,0.000,1,,0
705.64,705.64,UAV-3,SCOUT,ACTIVE,TRANSIT,837.3,2231.2,757.8,110.1,22.00,95.85,1,1.000,1,1.000,1,POI-015,0
705.64,705.64,UAV-4,STANDBY,READY,READY,184.4,2256.3,628.5,0.3,0.00,100.00,1,1.000,1,0.000,1,,0
705.64,705.64,UAV-5,STANDBY,CHARGING,CHARGING,200.4,2236.3,628.1,0.3,0.00,72.07,1,1.000,1,0.000,1,,0
706.66,706.66,UAV-1,RELAY,KILLED,LANDED,2168.4,1909.5,687.3,0.3,0.00,87.74,0,1.000,1,0.000,1,,0
706.66,706.66,UAV-2,STANDBY,READY,READY,168.4,2256.3,629.0,0.3,0.00,100.00,1,1.000,1,0.000,1,,0
706.66,706.66,UAV-3,SCOUT,ACTIVE,TRANSIT,859.5,2234.8,758.4,110.0,22.00,95.74,1,1.000,1,1.000,1,POI-015,0
706.66,706.66,UAV-4,STANDBY,READY,READY,184.4,2256.3,628.5,0.3,0.00,100.00,1,1.000,1,0.000,1,,0
706.66,706.66,UAV-5,STANDBY,CHARGING,CHARGING,200.4,2236.3,628.1,0.3,0.00,72.92,1,1.000,1,0.000,1,,0
707.68,707.68,UAV-1,RELAY,KILLED,LANDED,2168.4,1909.5,687.3,0.3,0.00,87.74,0,1.000,1,0.000,1,,0
707.68,707.68,UAV-2,STANDBY,READY,READY,168.4,2256.3,629.0,0.3,0.00,100.00,1,1.000,1,0.000,1,,0
707.68,707.68,UAV-3,SCOUT,ACTIVE,TRANSIT,881.6,2238.3,758.9,110.1,22.00,95.64,1,1.000,1,1.000,1,POI-015,0
707.68,707.68,UAV-4,STANDBY,READY,READY,184.4,2256.3,628.5,0.3,0.00,100.00,1,1.000,1,0.000,1,,0
707.68,707.68,UAV-5,STANDBY,CHARGING,CHARGING,200.4,2236.3,628.1,0.3,0.00,73.77,1,1.000,1,0.000,1,,0
708.70,708.70,UAV-1,RELAY,KILLED,LANDED,2168.4,1909.5,687.3,0.3,0.00,87.74,0,1.000,1,0.000,1,,0
708.70,708.70,UAV-2,STANDBY,READY,READY,168.4,2256.3,629.0,0.3,0.00,100.00,1,1.000,1,0.000,1,,0
708.70,708.70,UAV-3,SCOUT,ACTIVE,TRANSIT,903.8,2241.9,759.4,110.7,22.00,95.54,1,1.000,1,1.000,1,POI-015,0
708.70,708.70,UAV-4,STANDBY,READY,READY,184.4,2256.3,628.5,0.3,0.00,100.00,1,1.000,1,0.000,1,,0
708.70,708.70,UAV-5,STANDBY,CHARGING,CHARGING,200.4,2236.3,628.1,0.3,0.00,74.62,1,1.000,1,0.000,1,,0
709.72,709.72,UAV-1,RELAY,KILLED,LANDED,2168.4,1909.5,687.3,0.3,0.00,87.74,0,1.000,1,0.000,1,,0
709.72,709.72,UAV-2,STANDBY,READY,READY,168.4,2256.3,629.0,0.3,0.00,100.00,1,1.000,1,0.000,1,,0
709.72,709.72,UAV-3,SCOUT,ACTIVE,TRANSIT,925.9,2245.4,759.9,110.9,22.00,95.43,1,1.000,1,1.000,1,POI-015,0
709.72,709.72,UAV-4,STANDBY,READY,READY,184.4,2256.3,628.5,0.3,0.00,100.00,1,1.000,1,0.000,1,,0
709.72,709.72,UAV-5,STANDBY,CHARGING,CHARGING,200.4,2236.3,628.1,0.3,0.00,75.47,1,1.000,1,0.000,1,,0
710.74,710.74,UAV-1,RELAY,KILLED,LANDED,2168.4,1909.5,687.3,0.3,0.00,87.74,0,1.000,1,0.000,1,,0
710.74,710.74,UAV-2,STANDBY,READY,READY,168.4,2256.3,629.0,0.3,0.00,100.00,1,1.000,1,0.000,1,,0
710.74,710.74,UAV-3,SCOUT,ACTIVE,TRANSIT,948.1,2249.0,760.5,110.5,22.00,95.33,1,1.000,1,1.000,1,POI-015,0
710.74,710.74,UAV-4,STANDBY,READY,READY,184.4,2256.3,628.5,0.3,0.00,100.00,1,1.000,1,0.000,1,,0
710.74,710.74,UAV-5,STANDBY,CHARGING,CHARGING,200.4,2236.3,628.1,0.3,0.00,76.32,1,1.000,1,0.000,1,,0
711.76,711.76,UAV-1,RELAY,KILLED,LANDED,2168.4,1909.5,687.3,0.3,0.00,87.74,0,1.000,1,0.000,1,,0
711.76,711.76,UAV-2,STANDBY,READY,READY,168.4,2256.3,629.0,0.3,0.00,100.00,1,1.000,1,0.000,1,,0
711.76,711.76,UAV-3,SCOUT,ACTIVE,TRANSIT,970.2,2252.6,760.9,110.5,22.00,95.22,1,1.000,1,1.000,1,POI-015,0
711.76,711.76,UAV-4,STANDBY,READY,READY,184.4,2256.3,628.5,0.3,0.00,100.00,1,1.000,1,0.000,1,,0
711.76,711.76,UAV-5,STANDBY,CHARGING,CHARGING,200.4,2236.3,628.1,0.3,0.00,77.17,1,1.000,1,0.000,1,,0
712.78,712.78,UAV-1,RELAY,KILLED,LANDED,2168.4,1909.5,687.3,0.3,0.00,87.74,0,1.000,1,0.000,1,,0
712.78,712.78,UAV-2,STANDBY,READY,READY,168.4,2256.3,629.0,0.3,0.00,100.00,1,1.000,1,0.000,1,,0
712.78,712.78,UAV-3,SCOUT,ACTIVE,TRANSIT,992.4,2256.1,761.4,111.4,22.00,95.12,1,1.000,1,1.000,1,POI-015,0
712.78,712.78,UAV-4,STANDBY,READY,READY,184.4,2256.3,628.5,0.3,0.00,100.00,1,1.000,1,0.000,1,,0
712.78,712.78,UAV-5,STANDBY,CHARGING,CHARGING,200.4,2236.3,628.1,0.3,0.00,78.02,1,1.000,1,0.000,1,,0
713.80,713.80,UAV-1,RELAY,KILLED,LANDED,2168.4,1909.5,687.3,0.3,0.00,87.74,0,1.000,1,0.000,1,,0
713.80,713.80,UAV-2,STANDBY,READY,READY,168.4,2256.3,629.0,0.3,0.00,100.00,1,1.000,1,0.000,1,,0
713.80,713.80,UAV-3,SCOUT,ACTIVE,TRANSIT,1014.5,2259.7,761.9,111.5,22.00,95.02,1,1.000,1,1.000,1,POI-015,0
713.80,713.80,UAV-4,STANDBY,READY,READY,184.4,2256.3,628.5,0.3,0.00,100.00,1,1.000,1,0.000,1,,0
713.80,713.80,UAV-5,STANDBY,CHARGING,CHARGING,200.4,2236.3,628.1,0.3,0.00,78.87,1,1.000,1,0.000,1,,0
714.82,714.82,UAV-1,RELAY,KILLED,LANDED,2168.4,1909.5,687.3,0.3,0.00,87.74,0,1.000,1,0.000,1,,0
714.82,714.82,UAV-2,STANDBY,READY,READY,168.4,2256.3,629.0,0.3,0.00,100.00,1,1.000,1,0.000,1,,0
714.82,714.82,UAV-3,SCOUT,ACTIVE,TRANSIT,1036.7,2263.2,762.3,110.6,22.00,94.91,1,1.000,1,1.000,1,POI-015,0
714.82,714.82,UAV-4,STANDBY,READY,READY,184.4,2256.3,628.5,0.3,0.00,100.00,1,1.000,1,0.000,1,,0
714.82,714.82,UAV-5,STANDBY,CHARGING,CHARGING,200.4,2236.3,628.1,0.3,0.00,79.72,1,1.000,1,0.000,1,,0
715.84,715.84,UAV-1,RELAY,KILLED,LANDED,2168.4,1909.5,687.3,0.3,0.00,87.74,0,1.000,1,0.000,1,,0
715.84,715.84,UAV-2,STANDBY,READY,READY,168.4,2256.3,629.0,0.3,0.00,100.00,1,1.000,1,0.000,1,,0
715.84,715.84,UAV-3,SCOUT,ACTIVE,TRANSIT,1056.1,2268.7,762.6,110.2,18.40,94.79,1,1.000,1,1.000,1,POI-015,0
715.84,715.84,UAV-4,STANDBY,READY,READY,184.4,2256.3,628.5,0.3,0.00,100.00,1,1.000,1,0.000,1,,0
715.84,715.84,UAV-5,STANDBY,CHARGING,CHARGING,200.4,2236.3,628.1,0.3,0.00,80.57,1,1.000,1,0.000,1,,0
716.86,716.86,UAV-1,RELAY,KILLED,LANDED,2168.4,1909.5,687.3,0.3,0.00,87.74,0,1.000,1,0.000,1,,0
716.86,716.86,UAV-2,STANDBY,READY,READY,168.4,2256.3,629.0,0.3,0.00,100.00,1,1.000,1,0.000,1,,0
716.86,716.86,UAV-3,SCOUT,ACTIVE,TRANSIT,1071.8,2279.2,762.7,110.1,19.14,94.67,1,1.000,1,1.000,1,POI-015,0
716.86,716.86,UAV-4,STANDBY,READY,READY,184.4,2256.3,628.5,0.3,0.00,100.00,1,1.000,1,0.000,1,,0
716.86,716.86,UAV-5,STANDBY,CHARGING,CHARGING,200.4,2236.3,628.1,0.3,0.00,81.42,1,1.000,1,0.000,1,,0
717.88,717.88,UAV-1,RELAY,KILLED,LANDED,2168.4,1909.5,687.3,0.3,0.00,87.74,0,1.000,1,0.000,1,,0
717.88,717.88,UAV-2,STANDBY,READY,READY,168.4,2256.3,629.0,0.3,0.00,100.00,1,1.000,1,0.000,1,,0
717.88,717.88,UAV-3,SCOUT,ACTIVE,TRANSIT,1085.9,2293.6,762.7,109.8,19.45,94.54,1,1.000,1,1.000,1,POI-015,0
717.88,717.88,UAV-4,STANDBY,READY,READY,184.4,2256.3,628.5,0.3,0.00,100.00,1,1.000,1,0.000,1,,0
717.88,717.88,UAV-5,STANDBY,CHARGING,CHARGING,200.4,2236.3,628.1,0.3,0.00,82.27,1,1.000,1,0.000,1,,0
718.90,718.90,UAV-1,RELAY,KILLED,LANDED,2168.4,1909.5,687.3,0.3,0.00,87.74,0,1.000,1,0.000,1,,0
718.90,718.90,UAV-2,STANDBY,READY,READY,168.4,2256.3,629.0,0.3,0.00,100.00,1,1.000,1,0.000,1,,0
718.90,718.90,UAV-3,SCOUT,ACTIVE,TRANSIT,1097.6,2305.9,758.2,105.2,16.13,94.41,1,1.000,1,1.000,1,POI-015,0
718.90,718.90,UAV-4,STANDBY,READY,READY,184.4,2256.3,628.5,0.3,0.00,100.00,1,1.000,1,0.000,1,,0
718.90,718.90,UAV-5,STANDBY,CHARGING,CHARGING,200.4,2236.3,628.1,0.3,0.00,83.12,1,1.000,1,0.000,1,,0
719.92,719.92,UAV-1,RELAY,KILLED,LANDED,2168.4,1909.5,687.3,0.3,0.00,87.74,0,1.000,1,0.000,1,,0
719.92,719.92,UAV-2,STANDBY,READY,READY,168.4,2256.3,629.0,0.3,0.00,100.00,1,1.000,1,0.000,1,,0
719.92,719.92,UAV-3,SCOUT,ACTIVE,TRANSIT,1106.8,2314.6,748.0,95.0,16.10,94.28,1,1.000,1,1.000,1,POI-015,0
719.92,719.92,UAV-4,STANDBY,READY,READY,184.4,2256.3,628.5,0.3,0.00,100.00,1,1.000,1,0.000,1,,0
719.92,719.92,UAV-5,STANDBY,CHARGING,CHARGING,200.4,2236.3,628.1,0.3,0.00,83.97,1,1.000,1,0.000,1,,0
720.94,720.94,UAV-1,RELAY,KILLED,LANDED,2168.4,1909.5,687.3,0.3,0.00,87.74,0,1.000,1,0.000,1,,0
720.94,720.94,UAV-2,STANDBY,READY,READY,168.4,2256.3,629.0,0.3,0.00,100.00,1,1.000,1,0.000,1,,0
720.94,720.94,UAV-3,SCOUT,ACTIVE,TRANSIT,1113.9,2320.4,733.8,80.7,17.07,94.15,1,1.000,1,1.000,1,POI-015,0
720.94,720.94,UAV-4,STANDBY,READY,READY,184.4,2256.3,628.5,0.3,0.00,100.00,1,1.000,1,0.000,1,,0
720.94,720.94,UAV-5,STANDBY,CHARGING,CHARGING,200.4,2236.3,628.1,0.3,0.00,84.82,1,1.000,1,0.000,1,,0
721.96,721.96,UAV-1,RELAY,KILLED,LANDED,2168.4,1909.5,687.3,0.3,0.00,87.74,0,1.000,1,0.000,1,,0
721.96,721.96,UAV-2,STANDBY,READY,READY,168.4,2256.3,629.0,0.3,0.00,100.00,1,1.000,1,0.000,1,,0
721.96,721.96,UAV-3,SCOUT,ACTIVE,SURVEY,1119.4,2323.9,717.2,64.0,17.90,94.02,1,1.000,1,1.000,1,POI-015,0
721.96,721.96,UAV-4,STANDBY,READY,READY,184.4,2256.3,628.5,0.3,0.00,100.00,1,1.000,1,0.000,1,,0
721.96,721.96,UAV-5,STANDBY,CHARGING,CHARGING,200.4,2236.3,628.1,0.3,0.00,85.67,1,1.000,1,0.000,1,,0
722.98,722.98,UAV-1,RELAY,KILLED,LANDED,2168.4,1909.5,687.3,0.3,0.00,87.74,0,1.000,1,0.000,1,,0
722.98,722.98,UAV-2,STANDBY,READY,READY,168.4,2256.3,629.0,0.3,0.00,100.00,1,1.000,1,0.000,1,,0
722.98,722.98,UAV-3,SCOUT,ACTIVE,SURVEY,1122.6,2324.5,701.4,48.2,12.95,93.88,1,1.000,1,1.000,1,POI-015,0
722.98,722.98,UAV-4,STANDBY,READY,READY,184.4,2256.3,628.5,0.3,0.00,100.00,1,1.000,1,0.000,1,,0
722.98,722.98,UAV-5,STANDBY,CHARGING,CHARGING,200.4,2236.3,628.1,0.3,0.00,86.52,1,1.000,1,0.000,1,,0
724.00,724.00,UAV-1,RELAY,KILLED,LANDED,2168.4,1909.5,687.3,0.3,0.00,87.74,0,1.000,1,0.000,1,,0
724.00,724.00,UAV-2,STANDBY,READY,READY,168.4,2256.3,629.0,0.3,0.00,100.00,1,1.000,1,0.000,1,,0
724.00,724.00,UAV-3,SCOUT,ACTIVE,IDLE,1121.1,2320.3,692.3,39.2,5.45,93.73,1,1.000,1,1.000,1,,4
724.00,724.00,UAV-4,STANDBY,READY,READY,184.4,2256.3,628.5,0.3,0.00,100.00,1,1.000,1,0.000,1,,0
724.00,724.00,UAV-5,STANDBY,CHARGING,CHARGING,200.4,2236.3,628.1,0.3,0.00,87.37,1,1.000,1,0.000,1,,0
725.02,725.02,UAV-1,RELAY,KILLED,LANDED,2168.4,1909.5,687.3,0.3,0.00,87.74,0,1.000,1,0.000,1,,0
725.02,725.02,UAV-2,STANDBY,READY,READY,168.4,2256.3,629.0,0.3,0.00,100.00,1,1.000,1,0.000,1,,0
725.02,725.02,UAV-3,SCOUT,ACTIVE,IDLE,1121.4,2319.7,691.4,38.3,1.04,93.61,1,1.000,1,1.000,1,,0
725.02,725.02,UAV-4,STANDBY,READY,READY,184.4,2256.3,628.5,0.3,0.00,100.00,1,1.000,1,0.000,1,,0
725.02,725.02,UAV-5,STANDBY,CHARGING,CHARGING,200.4,2236.3,628.1,0.3,0.00,88.22,1,1.000,1,0.000,1,,0
726.04,726.04,UAV-1,RELAY,KILLED,LANDED,2168.4,1909.5,687.3,0.3,0.00,87.74,0,1.000,1,0.000,1,,0
726.04,726.04,UAV-2,STANDBY,READY,READY,168.4,2256.3,629.0,0.3,0.00,100.00,1,1.000,1,0.000,1,,0
726.04,726.04,UAV-3,SCOUT,ACTIVE,IDLE,1122.2,2320.3,691.6,38.5,0.91,93.51,1,1.000,1,1.000,1,,0
726.04,726.04,UAV-4,STANDBY,READY,READY,184.4,2256.3,628.5,0.3,0.00,100.00,1,1.000,1,0.000,1,,0
726.04,726.04,UAV-5,STANDBY,CHARGING,CHARGING,200.4,2236.3,628.1,0.3,0.00,89.07,1,1.000,1,0.000,1,,0
727.06,727.06,UAV-1,RELAY,KILLED,LANDED,2168.4,1909.5,687.3,0.3,0.00,87.74,0,1.000,1,0.000,1,,0
727.06,727.06,UAV-2,STANDBY,READY,READY,168.4,2256.3,629.0,0.3,0.00,100.00,1,1.000,1,0.000,1,,0
727.06,727.06,UAV-3,SCOUT,ACTIVE,IDLE,1122.8,2320.8,691.8,38.7,0.64,93.42,1,1.000,1,1.000,1,,0
727.06,727.06,UAV-4,STANDBY,READY,READY,184.4,2256.3,628.5,0.3,0.00,100.00,1,1.000,1,0.000,1,,0
727.06,727.06,UAV-5,STANDBY,CHARGING,CHARGING,200.4,2236.3,628.1,0.3,0.00,89.92,1,1.000,1,0.000,1,,0
728.08,728.08,UAV-1,RELAY,KILLED,LANDED,2168.4,1909.5,687.3,0.3,0.00,87.74,0,1.000,1,0.000,1,,0
728.08,728.08,UAV-2,STANDBY,READY,READY,168.4,2256.3,629.0,0.3,0.00,100.00,1,1.000,1,0.000,1,,0
728.08,728.08,UAV-3,SCOUT,ACTIVE,IDLE,1123.2,2321.1,691.9,38.8,0.44,93.32,1,1.000,1,1.000,1,,0
728.08,728.08,UAV-4,STANDBY,READY,READY,184.4,2256.3,628.5,0.3,0.00,100.00,1,1.000,1,0.000,1,,0
728.08,728.08,UAV-5,STANDBY,CHARGING,CHARGING,200.4,2236.3,628.1,0.3,0.00,90.77,1,1.000,1,0.000,1,,0
729.10,729.10,UAV-1,RELAY,KILLED,LANDED,2168.4,1909.5,687.3,0.3,0.00,87.74,0,1.000,1,0.000,1,,0
729.10,729.10,UAV-2,STANDBY,READY,READY,168.4,2256.3,629.0,0.3,0.00,100.00,1,1.000,1,0.000,1,,0
729.10,729.10,UAV-3,SCOUT,ACTIVE,IDLE,1123.5,2321.4,692.0,38.8,0.31,93.22,1,1.000,1,1.000,1,,0
729.10,729.10,UAV-4,STANDBY,READY,READY,184.4,2256.3,628.5,0.3,0.00,100.00,1,1.000,1,0.000,1,,0
729.10,729.10,UAV-5,STANDBY,CHARGING,CHARGING,200.4,2236.3,628.1,0.3,0.00,91.62,1,1.000,1,0.000,1,,0
730.12,730.12,UAV-1,RELAY,KILLED,LANDED,2168.4,1909.5,687.3,0.3,0.00,87.74,0,1.000,1,0.000,1,,0
730.12,730.12,UAV-2,STANDBY,READY,READY,168.4,2256.3,629.0,0.3,0.00,100.00,1,1.000,1,0.000,1,,0
730.12,730.12,UAV-3,SCOUT,ACTIVE,IDLE,1123.7,2321.5,692.1,38.9,0.21,93.13,1,1.000,1,1.000,1,,0
730.12,730.12,UAV-4,STANDBY,READY,READY,184.4,2256.3,628.5,0.3,0.00,100.00,1,1.000,1,0.000,1,,0
730.12,730.12,UAV-5,STANDBY,CHARGING,CHARGING,200.4,2236.3,628.1,0.3,0.00,92.47,1,1.000,1,0.000,1,,0
731.14,731.14,UAV-1,RELAY,KILLED,LANDED,2168.4,1909.5,687.3,0.3,0.00,87.74,0,1.000,1,0.000,1,,0
731.14,731.14,UAV-2,STANDBY,READY,READY,168.4,2256.3,629.0,0.3,0.00,100.00,1,1.000,1,0.000,1,,0
731.14,731.14,UAV-3,SCOUT,ACTIVE,IDLE,1123.9,2321.6,692.1,38.9,0.15,93.03,1,1.000,1,1.000,1,,0
731.14,731.14,UAV-4,STANDBY,READY,READY,184.4,2256.3,628.5,0.3,0.00,100.00,1,1.000,1,0.000,1,,0
731.14,731.14,UAV-5,STANDBY,CHARGING,CHARGING,200.4,2236.3,628.1,0.3,0.00,93.32,1,1.000,1,0.000,1,,0
732.16,732.16,UAV-1,RELAY,KILLED,LANDED,2168.4,1909.5,687.3,0.3,0.00,87.74,0,1.000,1,0.000,1,,0
732.16,732.16,UAV-2,STANDBY,READY,READY,168.4,2256.3,629.0,0.3,0.00,100.00,1,1.000,1,0.000,1,,0
732.16,732.16,UAV-3,SCOUT,ACTIVE,IDLE,1124.0,2321.7,692.1,38.9,0.10,92.94,1,1.000,1,1.000,1,,0
732.16,732.16,UAV-4,STANDBY,READY,READY,184.4,2256.3,628.5,0.3,0.00,100.00,1,1.000,1,0.000,1,,0
732.16,732.16,UAV-5,STANDBY,CHARGING,CHARGING,200.4,2236.3,628.1,0.3,0.00,94.17,1,1.000,1,0.000,1,,0
733.18,733.18,UAV-1,RELAY,KILLED,LANDED,2168.4,1909.5,687.3,0.3,0.00,87.74,0,1.000,1,0.000,1,,0
733.18,733.18,UAV-2,STANDBY,READY,READY,168.4,2256.3,629.0,0.3,0.00,100.00,1,1.000,1,0.000,1,,0
733.18,733.18,UAV-3,SCOUT,ACTIVE,IDLE,1124.0,2321.8,692.1,38.9,0.07,92.84,1,1.000,1,1.000,1,,0
733.18,733.18,UAV-4,STANDBY,READY,READY,184.4,2256.3,628.5,0.3,0.00,100.00,1,1.000,1,0.000,1,,0
733.18,733.18,UAV-5,STANDBY,CHARGING,CHARGING,200.4,2236.3,628.1,0.3,0.00,95.02,1,1.000,1,0.000,1,,0
734.20,734.20,UAV-1,RELAY,KILLED,LANDED,2168.4,1909.5,687.3,0.3,0.00,87.74,0,1.000,1,0.000,1,,0
734.20,734.20,UAV-2,STANDBY,READY,READY,168.4,2256.3,629.0,0.3,0.00,100.00,1,1.000,1,0.000,1,,0
734.20,734.20,UAV-3,SCOUT,ACTIVE,IDLE,1124.1,2321.8,692.1,39.0,0.05,92.74,1,1.000,1,1.000,1,,0
734.20,734.20,UAV-4,STANDBY,READY,READY,184.4,2256.3,628.5,0.3,0.00,100.00,1,1.000,1,0.000,1,,0
734.20,734.20,UAV-5,STANDBY,CHARGING,CHARGING,200.4,2236.3,628.1,0.3,0.00,95.87,1,1.000,1,0.000,1,,0
735.22,735.22,UAV-1,RELAY,KILLED,LANDED,2168.4,1909.5,687.3,0.3,0.00,87.74,0,1.000,1,0.000,1,,0
735.22,735.22,UAV-2,STANDBY,READY,READY,168.4,2256.3,629.0,0.3,0.00,100.00,1,1.000,1,0.000,1,,0
735.22,735.22,UAV-3,SCOUT,ACTIVE,IDLE,1124.1,2321.8,692.1,39.0,0.04,92.65,1,1.000,1,1.000,1,,0
735.22,735.22,UAV-4,STANDBY,READY,READY,184.4,2256.3,628.5,0.3,0.00,100.00,1,1.000,1,0.000,1,,0
735.22,735.22,UAV-5,STANDBY,CHARGING,CHARGING,200.4,2236.3,628.1,0.3,0.00,96.72,1,1.000,1,0.000,1,,0
736.24,736.24,UAV-1,RELAY,KILLED,LANDED,2168.4,1909.5,687.3,0.3,0.00,87.74,0,1.000,1,0.000,1,,0
736.24,736.24,UAV-2,STANDBY,READY,READY,168.4,2256.3,629.0,0.3,0.00,100.00,1,1.000,1,0.000,1,,0
736.24,736.24,UAV-3,SCOUT,ACTIVE,IDLE,1124.1,2321.9,692.1,39.0,0.02,92.55,1,1.000,1,1.000,1,,0
736.24,736.24,UAV-4,STANDBY,READY,READY,184.4,2256.3,628.5,0.3,0.00,100.00,1,1.000,1,0.000,1,,0
736.24,736.24,UAV-5,STANDBY,CHARGING,CHARGING,200.4,2236.3,628.1,0.3,0.00,97.57,1,1.000,1,0.000,1,,0
737.26,737.26,UAV-1,RELAY,KILLED,LANDED,2168.4,1909.5,687.3,0.3,0.00,87.74,0,1.000,1,0.000,1,,0
737.26,737.26,UAV-2,STANDBY,READY,READY,168.4,2256.3,629.0,0.3,0.00,100.00,1,1.000,1,0.000,1,,0
737.26,737.26,UAV-3,STANDBY,RETURNING,RTH,1124.2,2321.9,692.1,39.0,0.02,92.45,1,1.000,1,1.000,1,,0
737.26,737.26,UAV-4,STANDBY,READY,READY,184.4,2256.3,628.5,0.3,0.00,100.00,1,1.000,1,0.000,1,,0
737.26,737.26,UAV-5,STANDBY,CHARGING,CHARGING,200.4,2236.3,628.1,0.3,0.00,98.42,1,1.000,1,0.000,1,,0
738.28,738.28,UAV-1,RELAY,KILLED,LANDED,2168.4,1909.5,687.3,0.3,0.00,87.74,0,1.000,1,0.000,1,,0
738.28,738.28,UAV-2,STANDBY,READY,READY,168.4,2256.3,629.0,0.3,0.00,100.00,1,1.000,1,0.000,1,,0
738.28,738.28,UAV-3,STANDBY,RETURNING,RTH,1124.2,2321.9,698.3,45.1,11.37,92.30,1,1.000,1,1.000,1,,0
738.28,738.28,UAV-4,STANDBY,READY,READY,184.4,2256.3,628.5,0.3,0.00,100.00,1,1.000,1,0.000,1,,0
738.28,738.28,UAV-5,STANDBY,CHARGING,CHARGING,200.4,2236.3,628.1,0.3,0.00,99.27,1,1.000,1,0.000,1,,0
739.30,739.30,UAV-1,RELAY,KILLED,LANDED,2168.4,1909.5,687.3,0.3,0.00,87.74,0,1.000,1,0.000,1,,0
739.30,739.30,UAV-2,STANDBY,READY,READY,168.4,2256.3,629.0,0.3,0.00,100.00,1,1.000,1,0.000,1,,0
739.30,739.30,UAV-3,STANDBY,RETURNING,RTH,1124.5,2322.0,714.0,60.8,18.50,92.15,1,1.000,1,1.000,1,,0
739.30,739.30,UAV-4,STANDBY,READY,READY,184.4,2256.3,628.5,0.3,0.00,100.00,1,1.000,1,0.000,1,,0
739.30,739.30,UAV-5,STANDBY,READY,READY,200.4,2236.3,628.1,0.3,0.00,100.00,1,1.000,1,0.000,1,,0
740.32,740.32,UAV-1,RELAY,KILLED,LANDED,2168.4,1909.5,687.3,0.3,0.00,87.74,0,1.000,1,0.000,1,,0
740.32,740.32,UAV-2,STANDBY,READY,READY,168.4,2256.3,629.0,0.3,0.00,100.00,1,1.000,1,0.000,1,,0
740.32,740.32,UAV-3,STANDBY,RETURNING,RTH,1124.7,2322.0,734.4,81.2,20.59,92.00,1,1.000,1,1.000,1,,0
740.32,740.32,UAV-4,STANDBY,READY,READY,184.4,2256.3,628.5,0.3,0.00,100.00,1,1.000,1,0.000,1,,0
740.32,740.32,UAV-5,STANDBY,READY,READY,200.4,2236.3,628.1,0.3,0.00,100.00,1,1.000,1,0.000,1,,0
741.34,741.34,UAV-1,RELAY,KILLED,LANDED,2168.4,1909.5,687.3,0.3,0.00,87.74,0,1.000,1,0.000,1,,0
741.34,741.34,UAV-2,STANDBY,READY,READY,168.4,2256.3,629.0,0.3,0.00,100.00,1,1.000,1,0.000,1,,0
741.34,741.34,UAV-3,STANDBY,RETURNING,RTH,1125.1,2321.8,749.1,96.0,8.97,91.87,1,1.000,1,1.000,1,,0
741.34,741.34,UAV-4,STANDBY,READY,READY,184.4,2256.3,628.5,0.3,0.00,100.00,1,1.000,1,0.000,1,,0
741.34,741.34,UAV-5,STANDBY,READY,READY,200.4,2236.3,628.1,0.3,0.00,100.00,1,1.000,1,0.000,1,,0
742.36,742.36,UAV-1,RELAY,KILLED,LANDED,2168.4,1909.5,687.3,0.3,0.00,87.74,0,1.000,1,0.000,1,,0
742.36,742.36,UAV-2,STANDBY,READY,READY,168.4,2256.3,629.0,0.3,0.00,100.00,1,1.000,1,0.000,1,,0
742.36,742.36,UAV-3,STANDBY,RETURNING,RTH,1125.5,2320.7,753.9,100.7,2.47,91.74,1,1.000,1,1.000,1,,0
742.36,742.36,UAV-4,STANDBY,READY,READY,184.4,2256.3,628.5,0.3,0.00,100.00,1,1.000,1,0.000,1,,0
742.36,742.36,UAV-5,STANDBY,READY,READY,200.4,2236.3,628.1,0.3,0.00,100.00,1,1.000,1,0.000,1,,0
743.38,743.38,UAV-1,RELAY,KILLED,LANDED,2168.4,1909.5,687.3,0.3,0.00,87.74,0,1.000,1,0.000,1,,0
743.38,743.38,UAV-2,STANDBY,READY,READY,168.4,2256.3,629.0,0.3,0.00,100.00,1,1.000,1,0.000,1,,0
743.38,743.38,UAV-3,STANDBY,RETURNING,RTH,1123.4,2317.0,754.8,101.6,6.38,91.60,1,1.000,1,1.000,1,,0
743.38,743.38,UAV-4,STANDBY,READY,READY,184.4,2256.3,628.5,0.3,0.00,100.00,1,1.000,1,0.000,1,,0
743.38,743.38,UAV-5,STANDBY,READY,READY,200.4,2236.3,628.1,0.3,0.00,100.00,1,1.000,1,0.000,1,,0
744.40,744.40,UAV-1,RELAY,KILLED,LANDED,2168.4,1909.5,687.3,0.3,0.00,87.74,0,1.000,1,0.000,1,,0
744.40,744.40,UAV-2,STANDBY,READY,READY,168.4,2256.3,629.0,0.3,0.00,100.00,1,1.000,1,0.000,1,,0
744.40,744.40,UAV-3,STANDBY,RETURNING,RTH,1117.8,2311.1,755.2,102.0,9.28,91.48,1,1.000,1,1.000,1,,0
744.40,744.40,UAV-4,STANDBY,READY,READY,184.4,2256.3,628.5,0.3,0.00,100.00,1,1.000,1,0.000,1,,0
744.40,744.40,UAV-5,STANDBY,READY,READY,200.4,2236.3,628.1,0.3,0.00,100.00,1,1.000,1,0.000,1,,0
745.42,745.42,UAV-1,RELAY,KILLED,LANDED,2168.4,1909.5,687.3,0.3,0.00,87.74,0,1.000,1,0.000,1,,0
745.42,745.42,UAV-2,STANDBY,READY,READY,168.4,2256.3,629.0,0.3,0.00,100.00,1,1.000,1,0.000,1,,0
745.42,745.42,UAV-3,STANDBY,RETURNING,RTH,1109.4,2305.2,755.7,102.3,10.86,91.35,1,1.000,1,1.000,1,,0
745.42,745.42,UAV-4,STANDBY,READY,READY,184.4,2256.3,628.5,0.3,0.00,100.00,1,1.000,1,0.000,1,,0
745.42,745.42,UAV-5,STANDBY,READY,READY,200.4,2236.3,628.1,0.3,0.00,100.00,1,1.000,1,0.000,1,,0
746.44,746.44,UAV-1,RELAY,KILLED,LANDED,2168.4,1909.5,687.3,0.3,0.00,87.74,0,1.000,1,0.000,1,,0
746.44,746.44,UAV-2,STANDBY,READY,READY,168.4,2256.3,629.0,0.3,0.00,100.00,1,1.000,1,0.000,1,,0
746.44,746.44,UAV-3,STANDBY,RETURNING,RTH,1099.3,2299.5,756.0,102.7,11.70,91.23,1,1.000,1,1.000,1,,0
746.44,746.44,UAV-4,STANDBY,READY,READY,184.4,2256.3,628.5,0.3,0.00,100.00,1,1.000,1,0.000,1,,0
746.44,746.44,UAV-5,STANDBY,READY,READY,200.4,2236.3,628.1,0.3,0.00,100.00,1,1.000,1,0.000,1,,0
747.46,747.46,UAV-1,RELAY,KILLED,LANDED,2168.4,1909.5,687.3,0.3,0.00,87.74,0,1.000,1,0.000,1,,0
747.46,747.46,UAV-2,STANDBY,READY,READY,168.4,2256.3,629.0,0.3,0.00,100.00,1,1.000,1,0.000,1,,0
747.46,747.46,UAV-3,STANDBY,RETURNING,RTH,1088.4,2294.0,756.4,103.4,12.15,91.10,1,1.000,1,1.000,1,,0
747.46,747.46,UAV-4,STANDBY,READY,READY,184.4,2256.3,628.5,0.3,0.00,100.00,1,1.000,1,0.000,1,,0
747.46,747.46,UAV-5,STANDBY,READY,READY,200.4,2236.3,628.1,0.3,0.00,100.00,1,1.000,1,0.000,1,,0
748.48,748.48,UAV-1,RELAY,KILLED,LANDED,2168.4,1909.5,687.3,0.3,0.00,87.74,0,1.000,1,0.000,1,,0
748.48,748.48,UAV-2,STANDBY,READY,READY,168.4,2256.3,629.0,0.3,0.00,100.00,1,1.000,1,0.000,1,,0
748.48,748.48,UAV-3,STANDBY,RETURNING,RTH,1077.0,2288.7,756.7,104.1,12.36,90.98,1,1.000,1,1.000,1,,0
748.48,748.48,UAV-4,STANDBY,READY,READY,184.4,2256.3,628.5,0.3,0.00,100.00,1,1.000,1,0.000,1,,0
748.48,748.48,UAV-5,STANDBY,READY,READY,200.4,2236.3,628.1,0.3,0.00,100.00,1,1.000,1,0.000,1,,0
749.50,749.50,UAV-1,RELAY,KILLED,LANDED,2168.4,1909.5,687.3,0.3,0.00,87.74,0,1.000,1,0.000,1,,0
749.50,749.50,UAV-2,STANDBY,READY,READY,168.4,2256.3,629.0,0.3,0.00,100.00,1,1.000,1,0.000,1,,0
749.50,749.50,UAV-3,STANDBY,RETURNING,RTH,1065.4,2283.7,757.0,104.6,12.43,90.85,1,1.000,1,1.000,1,,0
749.50,749.50,UAV-4,STANDBY,READY,READY,184.4,2256.3,628.5,0.3,0.00,100.00,1,1.000,1,0.000,1,,0
749.50,749.50,UAV-5,STANDBY,READY,READY,200.4,2236.3,628.1,0.3,0.00,100.00,1,1.000,1,0.000,1,,0
750.52,750.52,UAV-1,RELAY,KILLED,LANDED,2168.4,1909.5,687.3,0.3,0.00,87.74,0,1.000,1,0.000,1,,0
750.52,750.52,UAV-2,STANDBY,READY,READY,168.4,2256.3,629.0,0.3,0.00,100.00,1,1.000,1,0.000,1,,0
750.52,750.52,UAV-3,STANDBY,RETURNING,RTH,1053.7,2278.9,757.2,105.1,12.42,90.73,1,1.000,1,1.000,1,,0
750.52,750.52,UAV-4,STANDBY,READY,READY,184.4,2256.3,628.5,0.3,0.00,100.00,1,1.000,1,0.000,1,,0
750.52,750.52,UAV-5,STANDBY,READY,READY,200.4,2236.3,628.1,0.3,0.00,100.00,1,1.000,1,0.000,1,,0
751.54,751.54,UAV-1,RELAY,KILLED,LANDED,2168.4,1909.5,687.3,0.3,0.00,87.74,0,1.000,1,0.000,1,,0
751.54,751.54,UAV-2,STANDBY,READY,READY,168.4,2256.3,629.0,0.3,0.00,100.00,1,1.000,1,0.000,1,,0
751.54,751.54,UAV-3,STANDBY,RETURNING,RTH,1041.9,2274.4,757.5,105.6,12.36,90.60,1,1.000,1,1.000,1,,0
751.54,751.54,UAV-4,STANDBY,READY,READY,184.4,2256.3,628.5,0.3,0.00,100.00,1,1.000,1,0.000,1,,0
751.54,751.54,UAV-5,STANDBY,READY,READY,200.4,2236.3,628.1,0.3,0.00,100.00,1,1.000,1,0.000,1,,0
752.56,752.56,UAV-1,RELAY,KILLED,LANDED,2168.4,1909.5,687.3,0.3,0.00,87.74,0,1.000,1,0.000,1,,0
752.56,752.56,UAV-2,STANDBY,READY,READY,168.4,2256.3,629.0,0.3,0.00,100.00,1,1.000,1,0.000,1,,0
752.56,752.56,UAV-3,STANDBY,RETURNING,RTH,1030.1,2270.1,757.7,106.4,12.32,90.48,1,1.000,1,1.000,1,,0
752.56,752.56,UAV-4,STANDBY,READY,READY,184.4,2256.3,628.5,0.3,0.00,100.00,1,1.000,1,0.000,1,,0
752.56,752.56,UAV-5,STANDBY,READY,READY,200.4,2236.3,628.1,0.3,0.00,100.00,1,1.000,1,0.000,1,,0
753.58,753.58,UAV-1,RELAY,KILLED,LANDED,2168.4,1909.5,687.3,0.3,0.00,87.74,0,1.000,1,0.000,1,,0
753.58,753.58,UAV-2,STANDBY,READY,READY,168.4,2256.3,629.0,0.3,0.00,100.00,1,1.000,1,0.000,1,,0
753.58,753.58,UAV-3,STANDBY,RETURNING,RTH,1018.2,2266.2,757.9,107.3,12.27,90.35,1,1.000,1,1.000,1,,0
753.58,753.58,UAV-4,STANDBY,READY,READY,184.4,2256.3,628.5,0.3,0.00,100.00,1,1.000,1,0.000,1,,0
753.58,753.58,UAV-5,STANDBY,READY,READY,200.4,2236.3,628.1,0.3,0.00,100.00,1,1.000,1,0.000,1,,0
754.60,754.60,UAV-1,RELAY,KILLED,LANDED,2168.4,1909.5,687.3,0.3,0.00,87.74,0,1.000,1,0.000,1,,0
754.60,754.60,UAV-2,STANDBY,READY,READY,168.4,2256.3,629.0,0.3,0.00,100.00,1,1.000,1,0.000,1,,0
754.60,754.60,UAV-3,STANDBY,RETURNING,RTH,1006.2,2262.6,758.1,108.0,12.22,90.23,1,1.000,1,1.000,1,,0
754.60,754.60,UAV-4,STANDBY,READY,READY,184.4,2256.3,628.5,0.3,0.00,100.00,1,1.000,1,0.000,1,,0
754.60,754.60,UAV-5,STANDBY,READY,READY,200.4,2236.3,628.1,0.3,0.00,100.00,1,1.000,1,0.000,1,,0
755.62,755.62,UAV-1,RELAY,KILLED,LANDED,2168.4,1909.5,687.3,0.3,0.00,87.74,0,1.000,1,0.000,1,,0
755.62,755.62,UAV-2,STANDBY,READY,READY,168.4,2256.3,629.0,0.3,0.00,100.00,1,1.000,1,0.000,1,,0
755.62,755.62,UAV-3,STANDBY,RETURNING,RTH,994.2,2259.3,758.2,108.3,12.20,90.11,1,1.000,1,1.000,1,,0
755.62,755.62,UAV-4,STANDBY,READY,READY,184.4,2256.3,628.5,0.3,0.00,100.00,1,1.000,1,0.000,1,,0
755.62,755.62,UAV-5,STANDBY,READY,READY,200.4,2236.3,628.1,0.3,0.00,100.00,1,1.000,1,0.000,1,,0
756.64,756.64,UAV-1,RELAY,KILLED,LANDED,2168.4,1909.5,687.3,0.3,0.00,87.74,0,1.000,1,0.000,1,,0
756.64,756.64,UAV-2,STANDBY,READY,READY,168.4,2256.3,629.0,0.3,0.00,100.00,1,1.000,1,0.000,1,,0
756.64,756.64,UAV-3,STANDBY,RETURNING,RTH,982.1,2256.3,758.3,108.2,12.23,89.98,1,1.000,1,1.000,1,,0
756.64,756.64,UAV-4,STANDBY,READY,READY,184.4,2256.3,628.5,0.3,0.00,100.00,1,1.000,1,0.000,1,,0
756.64,756.64,UAV-5,STANDBY,READY,READY,200.4,2236.3,628.1,0.3,0.00,100.00,1,1.000,1,0.000,1,,0
757.66,757.66,UAV-1,RELAY,KILLED,LANDED,2168.4,1909.5,687.3,0.3,0.00,87.74,0,1.000,1,0.000,1,,0
757.66,757.66,UAV-2,STANDBY,READY,READY,168.4,2256.3,629.0,0.3,0.00,100.00,1,1.000,1,0.000,1,,0
757.66,757.66,UAV-3,STANDBY,RETURNING,RTH,969.9,2253.8,758.4,108.0,12.26,89.86,1,1.000,1,1.000,1,,0
757.66,757.66,UAV-4,STANDBY,READY,READY,184.4,2256.3,628.5,0.3,0.00,100.00,1,1.000,1,0.000,1,,0
757.66,757.66,UAV-5,STANDBY,READY,READY,200.4,2236.3,628.1,0.3,0.00,100.00,1,1.000,1,0.000,1,,0
758.68,758.68,UAV-1,RELAY,KILLED,LANDED,2168.4,1909.5,687.3,0.3,0.00,87.74,0,1.000,1,0.000,1,,0
758.68,758.68,UAV-2,STANDBY,READY,READY,168.4,2256.3,629.0,0.3,0.00,100.00,1,1.000,1,0.000,1,,0
758.68,758.68,UAV-3,STANDBY,RETURNING,RTH,957.6,2251.6,758.5,108.2,12.25,89.74,1,1.000,1,1.000,1,,0
758.68,758.68,UAV-4,STANDBY,READY,READY,184.4,2256.3,628.5,0.3,0.00,100.00,1,1.000,1,0.000,1,,0
758.68,758.68,UAV-5,STANDBY,READY,READY,200.4,2236.3,628.1,0.3,0.00,100.00,1,1.000,1,0.000,1,,0
759.70,759.70,UAV-1,RELAY,KILLED,LANDED,2168.4,1909.5,687.3,0.3,0.00,87.74,0,1.000,1,0.000,1,,0
759.70,759.70,UAV-2,STANDBY,READY,READY,168.4,2256.3,629.0,0.3,0.00,100.00,1,1.000,1,0.000,1,,0
759.70,759.70,UAV-3,STANDBY,RETURNING,RTH,945.2,2249.8,758.6,108.8,12.23,89.61,1,1.000,1,1.000,1,,0
759.70,759.70,UAV-4,STANDBY,READY,READY,184.4,2256.3,628.5,0.3,0.00,100.00,1,1.000,1,0.000,1,,0
759.70,759.70,UAV-5,STANDBY,READY,READY,200.4,2236.3,628.1,0.3,0.00,100.00,1,1.000,1,0.000,1,,0
760.72,760.72,UAV-1,RELAY,KILLED,LANDED,2168.4,1909.5,687.3,0.3,0.00,87.74,0,1.000,1,0.000,1,,0
760.72,760.72,UAV-2,STANDBY,READY,READY,168.4,2256.3,629.0,0.3,0.00,100.00,1,1.000,1,0.000,1,,0
760.72,760.72,UAV-3,STANDBY,RETURNING,RTH,932.8,2248.5,758.6,109.4,12.21,89.49,1,1.000,1,1.000,1,,0
760.72,760.72,UAV-4,STANDBY,READY,READY,184.4,2256.3,628.5,0.3,0.00,100.00,1,1.000,1,0.000,1,,0
760.72,760.72,UAV-5,STANDBY,READY,READY,200.4,2236.3,628.1,0.3,0.00,100.00,1,1.000,1,0.000,1,,0
761.74,761.74,UAV-1,RELAY,KILLED,LANDED,2168.4,1909.5,687.3,0.3,0.00,87.74,0,1.000,1,0.000,1,,0
761.74,761.74,UAV-2,STANDBY,READY,READY,168.4,2256.3,629.0,0.3,0.00,100.00,1,1.000,1,0.000,1,,0
761.74,761.74,UAV-3,STANDBY,RETURNING,RTH,921.2,2246.5,758.1,109.2,11.40,89.36,1,1.000,1,1.000,1,,0
761.74,761.74,UAV-4,STANDBY,READY,READY,184.4,2256.3,628.5,0.3,0.00,100.00,1,1.000,1,0.000,1,,0
761.74,761.74,UAV-5,STANDBY,READY,READY,200.4,2236.3,628.1,0.3,0.00,100.00,1,1.000,1,0.000,1,,0
762.76,762.76,UAV-1,RELAY,KILLED,LANDED,2168.4,1909.5,687.3,0.3,0.00,87.74,0,1.000,1,0.000,1,,0
762.76,762.76,UAV-2,STANDBY,READY,READY,168.4,2256.3,629.0,0.3,0.00,100.00,1,1.000,1,0.000,1,,0
762.76,762.76,UAV-3,STANDBY,RETURNING,RTH,910.1,2242.7,757.4,108.6,11.72,89.23,1,1.000,1,1.000,1,,0
762.76,762.76,UAV-4,STANDBY,READY,READY,184.4,2256.3,628.5,0.3,0.00,100.00,1,1.000,1,0.000,1,,0
762.76,762.76,UAV-5,STANDBY,READY,READY,200.4,2236.3,628.1,0.3,0.00,100.00,1,1.000,1,0.000,1,,0
763.78,763.78,UAV-1,RELAY,KILLED,LANDED,2168.4,1909.5,687.3,0.3,0.00,87.74,0,1.000,1,0.000,1,,0
763.78,763.78,UAV-2,STANDBY,READY,READY,168.4,2256.3,629.0,0.3,0.00,100.00,1,1.000,1,0.000,1,,0
763.78,763.78,UAV-3,STANDBY,RETURNING,RTH,898.7,2238.7,756.7,107.9,11.87,89.11,1,1.000,1,1.000,1,,0
763.78,763.78,UAV-4,STANDBY,READY,READY,184.4,2256.3,628.5,0.3,0.00,100.00,1,1.000,1,0.000,1,,0
763.78,763.78,UAV-5,STANDBY,READY,READY,200.4,2236.3,628.1,0.3,0.00,100.00,1,1.000,1,0.000,1,,0
764.80,764.80,UAV-1,RELAY,KILLED,LANDED,2168.4,1909.5,687.3,0.3,0.00,87.74,0,1.000,1,0.000,1,,0
764.80,764.80,UAV-2,STANDBY,READY,READY,168.4,2256.3,629.0,0.3,0.00,100.00,1,1.000,1,0.000,1,,0
764.80,764.80,UAV-3,STANDBY,RETURNING,RTH,887.2,2234.8,756.0,107.3,11.99,88.99,1,1.000,1,1.000,1,,0
764.80,764.80,UAV-4,STANDBY,READY,READY,184.4,2256.3,628.5,0.3,0.00,100.00,1,1.000,1,0.000,1,,0
764.80,764.80,UAV-5,STANDBY,READY,READY,200.4,2236.3,628.1,0.3,0.00,100.00,1,1.000,1,0.000,1,,0
765.82,765.82,UAV-1,RELAY,KILLED,LANDED,2168.4,1909.5,687.3,0.3,0.00,87.74,0,1.000,1,0.000,1,,0
765.82,765.82,UAV-2,STANDBY,READY,READY,168.4,2256.3,629.0,0.3,0.00,100.00,1,1.000,1,0.000,1,,0
765.82,765.82,UAV-3,STANDBY,RETURNING,RTH,875.5,2231.1,755.4,106.6,12.10,88.86,1,1.000,1,1.000,1,,0
765.82,765.82,UAV-4,STANDBY,READY,READY,184.4,2256.3,628.5,0.3,0.00,100.00,1,1.000,1,0.000,1,,0
765.82,765.82,UAV-5,STANDBY,READY,READY,200.4,2236.3,628.1,0.3,0.00,100.00,1,1.000,1,0.000,1,,0
766.84,766.84,UAV-1,RELAY,KILLED,LANDED,2168.4,1909.5,687.3,0.3,0.00,87.74,0,1.000,1,0.000,1,,0
766.84,766.84,UAV-2,STANDBY,READY,READY,168.4,2256.3,629.0,0.3,0.00,100.00,1,1.000,1,0.000,1,,0
766.84,766.84,UAV-3,STANDBY,RETURNING,RTH,863.7,2227.6,754.9,106.3,12.14,88.74,1,1.000,1,1.000,1,,0
766.84,766.84,UAV-4,STANDBY,READY,READY,184.4,2256.3,628.5,0.3,0.00,100.00,1,1.000,1,0.000,1,,0
766.84,766.84,UAV-5,STANDBY,READY,READY,200.4,2236.3,628.1,0.3,0.00,100.00,1,1.000,1,0.000,1,,0
767.86,767.86,UAV-1,RELAY,KILLED,LANDED,2168.4,1909.5,687.3,0.3,0.00,87.74,0,1.000,1,0.000,1,,0
767.86,767.86,UAV-2,STANDBY,READY,READY,168.4,2256.3,629.0,0.3,0.00,100.00,1,1.000,1,0.000,1,,0
767.86,767.86,UAV-3,STANDBY,RETURNING,RTH,851.7,2224.3,754.4,106.2,12.19,88.62,1,1.000,1,1.000,1,,0
767.86,767.86,UAV-4,STANDBY,READY,READY,184.4,2256.3,628.5,0.3,0.00,100.00,1,1.000,1,0.000,1,,0
767.86,767.86,UAV-5,STANDBY,READY,READY,200.4,2236.3,628.1,0.3,0.00,100.00,1,1.000,1,0.000,1,,0
768.88,768.88,UAV-1,RELAY,KILLED,LANDED,2168.4,1909.5,687.3,0.3,0.00,87.74,0,1.000,1,0.000,1,,0
768.88,768.88,UAV-2,STANDBY,READY,READY,168.4,2256.3,629.0,0.3,0.00,100.00,1,1.000,1,0.000,1,,0
768.88,768.88,UAV-3,STANDBY,RETURNING,RTH,839.7,2221.2,753.9,106.0,12.30,88.49,1,1.000,1,1.000,1,,0
768.88,768.88,UAV-4,STANDBY,READY,READY,184.4,2256.3,628.5,0.3,0.00,100.00,1,1.000,1,0.000,1,,0
768.88,768.88,UAV-5,STANDBY,READY,READY,200.4,2236.3,628.1,0.3,0.00,100.00,1,1.000,1,0.000,1,,0
769.90,769.90,UAV-1,RELAY,KILLED,LANDED,2168.4,1909.5,687.3,0.3,0.00,87.74,0,1.000,1,0.000,1,,0
769.90,769.90,UAV-2,STANDBY,READY,READY,168.4,2256.3,629.0,0.3,0.00,100.00,1,1.000,1,0.000,1,,0
769.90,769.90,UAV-3,STANDBY,RETURNING,RTH,827.4,2218.3,753.5,105.8,12.40,88.37,1,1.000,1,1.000,1,,0
769.90,769.90,UAV-4,STANDBY,READY,READY,184.4,2256.3,628.5,0.3,0.00,100.00,1,1.000,1,0.000,1,,0
769.90,769.90,UAV-5,STANDBY,READY,READY,200.4,2236.3,628.1,0.3,0.00,100.00,1,1.000,1,0.000,1,,0
770.92,770.92,UAV-1,RELAY,KILLED,LANDED,2168.4,1909.5,687.3,0.3,0.00,87.74,0,1.000,1,0.000,1,,0
770.92,770.92,UAV-2,STANDBY,READY,READY,168.4,2256.3,629.0,0.3,0.00,100.00,1,1.000,1,0.000,1,,0
770.92,770.92,UAV-3,STANDBY,RETURNING,RTH,815.0,2215.6,753.1,105.7,12.44,88.25,1,1.000,1,1.000,1,,0
770.92,770.92,UAV-4,STANDBY,READY,READY,184.4,2256.3,628.5,0.3,0.00,100.00,1,1.000,1,0.000,1,,0
770.92,770.92,UAV-5,STANDBY,READY,READY,200.4,2236.3,628.1,0.3,0.00,100.00,1,1.000,1,0.000,1,,0
771.94,771.94,UAV-1,RELAY,KILLED,LANDED,2168.4,1909.5,687.3,0.3,0.00,87.74,0,1.000,1,0.000,1,,0
771.94,771.94,UAV-2,STANDBY,READY,READY,168.4,2256.3,629.0,0.3,0.00,100.00,1,1.000,1,0.000,1,,0
771.94,771.94,UAV-3,STANDBY,RETURNING,RTH,802.6,2213.1,752.7,105.8,12.39,88.12,1,1.000,1,1.000,1,,0
771.94,771.94,UAV-4,STANDBY,READY,READY,184.4,2256.3,628.5,0.3,0.00,100.00,1,1.000,1,0.000,1,,0
771.94,771.94,UAV-5,STANDBY,READY,READY,200.4,2236.3,628.1,0.3,0.00,100.00,1,1.000,1,0.000,1,,0
772.96,772.96,UAV-1,RELAY,KILLED,LANDED,2168.4,1909.5,687.3,0.3,0.00,87.74,0,1.000,1,0.000,1,,0
772.96,772.96,UAV-2,STANDBY,READY,READY,168.4,2256.3,629.0,0.3,0.00,100.00,1,1.000,1,0.000,1,,0
772.96,772.96,UAV-3,STANDBY,RETURNING,RTH,790.2,2210.8,752.4,106.4,12.36,88.00,1,1.000,1,1.000,1,,0
772.96,772.96,UAV-4,STANDBY,READY,READY,184.4,2256.3,628.5,0.3,0.00,100.00,1,1.000,1,0.000,1,,0
772.96,772.96,UAV-5,STANDBY,READY,READY,200.4,2236.3,628.1,0.3,0.00,100.00,1,1.000,1,0.000,1,,0
773.98,773.98,UAV-1,RELAY,KILLED,LANDED,2168.4,1909.5,687.3,0.3,0.00,87.74,0,1.000,1,0.000,1,,0
773.98,773.98,UAV-2,STANDBY,READY,READY,168.4,2256.3,629.0,0.3,0.00,100.00,1,1.000,1,0.000,1,,0
773.98,773.98,UAV-3,STANDBY,RETURNING,RTH,777.8,2208.8,752.1,107.2,12.33,87.88,1,1.000,1,1.000,1,,0
773.98,773.98,UAV-4,STANDBY,READY,READY,184.4,2256.3,628.5,0.3,0.00,100.00,1,1.000,1,0.000,1,,0
773.98,773.98,UAV-5,STANDBY,READY,READY,200.4,2236.3,628.1,0.3,0.00,100.00,1,1.000,1,0.000,1,,0
775.00,775.00,UAV-1,RELAY,KILLED,LANDED,2168.4,1909.5,687.3,0.3,0.00,87.74,0,1.000,1,0.000,1,,0
775.00,775.00,UAV-2,STANDBY,READY,READY,168.4,2256.3,629.0,0.3,0.00,100.00,1,1.000,1,0.000,1,,0
775.00,775.00,UAV-3,STANDBY,RETURNING,RTH,765.4,2206.9,751.9,108.1,12.30,87.76,1,1.000,1,1.000,1,,0
775.00,775.00,UAV-4,STANDBY,READY,READY,184.4,2256.3,628.5,0.3,0.00,100.00,1,1.000,1,0.000,1,,0
775.00,775.00,UAV-5,STANDBY,READY,READY,200.4,2236.3,628.1,0.3,0.00,100.00,1,1.000,1,0.000,1,,0
776.02,776.02,UAV-1,RELAY,KILLED,LANDED,2168.4,1909.5,687.3,0.3,0.00,87.74,0,1.000,1,0.000,1,,0
776.02,776.02,UAV-2,STANDBY,READY,READY,168.4,2256.3,629.0,0.3,0.00,100.00,1,1.000,1,0.000,1,,0
776.02,776.02,UAV-3,STANDBY,RETURNING,RTH,752.9,2205.3,751.7,108.6,12.30,87.63,1,1.000,1,1.000,1,,0
776.02,776.02,UAV-4,STANDBY,READY,READY,184.4,2256.3,628.5,0.3,0.00,100.00,1,1.000,1,0.000,1,,0
776.02,776.02,UAV-5,STANDBY,READY,READY,200.4,2236.3,628.1,0.3,0.00,100.00,1,1.000,1,0.000,1,,0
777.04,777.04,UAV-1,RELAY,KILLED,LANDED,2168.4,1909.5,687.3,0.3,0.00,87.74,0,1.000,1,0.000,1,,0
777.04,777.04,UAV-2,STANDBY,READY,READY,168.4,2256.3,629.0,0.3,0.00,100.00,1,1.000,1,0.000,1,,0
777.04,777.04,UAV-3,STANDBY,RETURNING,RTH,740.4,2204.0,751.5,108.8,12.32,87.51,1,1.000,1,1.000,1,,0
777.04,777.04,UAV-4,STANDBY,READY,READY,184.4,2256.3,628.5,0.3,0.00,100.00,1,1.000,1,0.000,1,,0
777.04,777.04,UAV-5,STANDBY,READY,READY,200.4,2236.3,628.1,0.3,0.00,100.00,1,1.000,1,0.000,1,,0
778.06,778.06,UAV-1,RELAY,KILLED,LANDED,2168.4,1909.5,687.3,0.3,0.00,87.74,0,1.000,1,0.000,1,,0
778.06,778.06,UAV-2,STANDBY,READY,READY,168.4,2256.3,629.0,0.3,0.00,100.00,1,1.000,1,0.000,1,,0
778.06,778.06,UAV-3,STANDBY,RETURNING,RTH,727.9,2202.8,751.4,108.9,12.36,87.39,1,1.000,1,1.000,1,,0
778.06,778.06,UAV-4,STANDBY,READY,READY,184.4,2256.3,628.5,0.3,0.00,100.00,1,1.000,1,0.000,1,,0
778.06,778.06,UAV-5,STANDBY,READY,READY,200.4,2236.3,628.1,0.3,0.00,100.00,1,1.000,1,0.000,1,,0
779.08,779.08,UAV-1,RELAY,KILLED,LANDED,2168.4,1909.5,687.3,0.3,0.00,87.74,0,1.000,1,0.000,1,,0
779.08,779.08,UAV-2,STANDBY,READY,READY,168.4,2256.3,629.0,0.3,0.00,100.00,1,1.000,1,0.000,1,,0
779.08,779.08,UAV-3,STANDBY,RETURNING,RTH,715.3,2201.9,751.3,108.9,12.36,87.27,1,1.000,1,1.000,1,,0
779.08,779.08,UAV-4,STANDBY,READY,READY,184.4,2256.3,628.5,0.3,0.00,100.00,1,1.000,1,0.000,1,,0
779.08,779.08,UAV-5,STANDBY,READY,READY,200.4,2236.3,628.1,0.3,0.00,100.00,1,1.000,1,0.000,1,,0
780.10,780.10,UAV-1,RELAY,KILLED,LANDED,2168.4,1909.5,687.3,0.3,0.00,87.74,0,1.000,1,0.000,1,,0
780.10,780.10,UAV-2,STANDBY,READY,READY,168.4,2256.3,629.0,0.3,0.00,100.00,1,1.000,1,0.000,1,,0
780.10,780.10,UAV-3,STANDBY,RETURNING,RTH,703.2,2202.1,750.8,108.6,11.68,87.14,1,1.000,1,1.000,1,,0
780.10,780.10,UAV-4,STANDBY,READY,READY,184.4,2256.3,628.5,0.3,0.00,100.00,1,1.000,1,0.000,1,,0
780.10,780.10,UAV-5,STANDBY,READY,READY,200.4,2236.3,628.1,0.3,0.00,100.00,1,1.000,1,0.000,1,,0
781.12,781.12,UAV-1,RELAY,KILLED,LANDED,2168.4,1909.5,687.3,0.3,0.00,87.74,0,1.000,1,0.000,1,,0
781.12,781.12,UAV-2,STANDBY,READY,READY,168.4,2256.3,629.0,0.3,0.00,100.00,1,1.000,1,0.000,1,,0
781.12,781.12,UAV-3,STANDBY,RETURNING,RTH,691.3,2204.2,750.0,108.4,12.10,87.02,1,1.000,1,1.000,1,,0
781.12,781.12,UAV-4,STANDBY,READY,READY,184.4,2256.3,628.5,0.3,0.00,100.00,1,1.000,1,0.000,1,,0
781.12,781.12,UAV-5,STANDBY,READY,READY,200.4,2236.3,628.1,0.3,0.00,100.00,1,1.000,1,0.000,1,,0
782.14,782.14,UAV-1,RELAY,KILLED,LANDED,2168.4,1909.5,687.3,0.3,0.00,87.74,0,1.000,1,0.000,1,,0
782.14,782.14,UAV-2,STANDBY,READY,READY,168.4,2256.3,629.0,0.3,0.00,100.00,1,1.000,1,0.000,1,,0
782.14,782.14,UAV-3,STANDBY,RETURNING,RTH,679.0,2206.5,749.2,108.3,12.34,86.90,1,1.000,1,1.000,1,,0
782.14,782.14,UAV-4,STANDBY,READY,READY,184.4,2256.3,628.5,0.3,0.00,100.00,1,1.000,1,0.000,1,,0
782.14,782.14,UAV-5,STANDBY,READY,READY,200.4,2236.3,628.1,0.3,0.00,100.00,1,1.000,1,0.000,1,,0
783.16,783.16,UAV-1,RELAY,KILLED,LANDED,2168.4,1909.5,687.3,0.3,0.00,87.74,0,1.000,1,0.000,1,,0
783.16,783.16,UAV-2,STANDBY,READY,READY,168.4,2256.3,629.0,0.3,0.00,100.00,1,1.000,1,0.000,1,,0
783.16,783.16,UAV-3,STANDBY,RETURNING,RTH,666.6,2208.9,748.5,108.2,12.47,86.77,1,1.000,1,1.000,1,,0
783.16,783.16,UAV-4,STANDBY,READY,READY,184.4,2256.3,628.5,0.3,0.00,100.00,1,1.000,1,0.000,1,,0
783.16,783.16,UAV-5,STANDBY,READY,READY,200.4,2236.3,628.1,0.3,0.00,100.00,1,1.000,1,0.000,1,,0
784.18,784.18,UAV-1,RELAY,KILLED,LANDED,2168.4,1909.5,687.3,0.3,0.00,87.74,0,1.000,1,0.000,1,,0
784.18,784.18,UAV-2,STANDBY,READY,READY,168.4,2256.3,629.0,0.3,0.00,100.00,1,1.000,1,0.000,1,,0
784.18,784.18,UAV-3,STANDBY,RETURNING,RTH,654.1,2211.1,747.9,107.9,12.56,86.65,1,1.000,1,1.000,1,,0
784.18,784.18,UAV-4,STANDBY,READY,READY,184.4,2256.3,628.5,0.3,0.00,100.00,1,1.000,1,0.000,1,,0
784.18,784.18,UAV-5,STANDBY,READY,READY,200.4,2236.3,628.1,0.3,0.00,100.00,1,1.000,1,0.000,1,,0
785.20,785.20,UAV-1,RELAY,KILLED,LANDED,2168.4,1909.5,687.3,0.3,0.00,87.74,0,1.000,1,0.000,1,,0
785.20,785.20,UAV-2,STANDBY,READY,READY,168.4,2256.3,629.0,0.3,0.00,100.00,1,1.000,1,0.000,1,,0
785.20,785.20,UAV-3,STANDBY,RETURNING,RTH,641.4,2213.2,747.2,107.5,12.60,86.53,1,1.000,1,1.000,1,,0
785.20,785.20,UAV-4,STANDBY,READY,READY,184.4,2256.3,628.5,0.3,0.00,100.00,1,1.000,1,0.000,1,,0
785.20,785.20,UAV-5,STANDBY,READY,READY,200.4,2236.3,628.1,0.3,0.00,100.00,1,1.000,1,0.000,1,,0
786.22,786.22,UAV-1,RELAY,KILLED,LANDED,2168.4,1909.5,687.3,0.3,0.00,87.74,0,1.000,1,0.000,1,,0
786.22,786.22,UAV-2,STANDBY,READY,READY,168.4,2256.3,629.0,0.3,0.00,100.00,1,1.000,1,0.000,1,,0
786.22,786.22,UAV-3,STANDBY,RETURNING,RTH,628.7,2215.3,746.7,106.9,12.59,86.41,1,1.000,1,1.000,1,,0
786.22,786.22,UAV-4,STANDBY,READY,READY,184.4,2256.3,628.5,0.3,0.00,100.00,1,1.000,1,0.000,1,,0
786.22,786.22,UAV-5,STANDBY,READY,READY,200.4,2236.3,628.1,0.3,0.00,100.00,1,1.000,1,0.000,1,,0
787.24,787.24,UAV-1,RELAY,KILLED,LANDED,2168.4,1909.5,687.3,0.3,0.00,87.74,0,1.000,1,0.000,1,,0
787.24,787.24,UAV-2,STANDBY,READY,READY,168.4,2256.3,629.0,0.3,0.00,100.00,1,1.000,1,0.000,1,,0
787.24,787.24,UAV-3,STANDBY,RETURNING,RTH,616.0,2217.2,746.1,106.5,12.61,86.29,1,1.000,1,1.000,1,,0
787.24,787.24,UAV-4,STANDBY,READY,READY,184.4,2256.3,628.5,0.3,0.00,100.00,1,1.000,1,0.000,1,,0
787.24,787.24,UAV-5,STANDBY,READY,READY,200.4,2236.3,628.1,0.3,0.00,100.00,1,1.000,1,0.000,1,,0
788.26,788.26,UAV-1,RELAY,KILLED,LANDED,2168.4,1909.5,687.3,0.3,0.00,87.74,0,1.000,1,0.000,1,,0
788.26,788.26,UAV-2,STANDBY,READY,READY,168.4,2256.3,629.0,0.3,0.00,100.00,1,1.000,1,0.000,1,,0
788.26,788.26,UAV-3,STANDBY,RETURNING,RTH,603.3,2219.0,745.6,106.1,12.63,86.16,1,1.000,1,1.000,1,,0
788.26,788.26,UAV-4,STANDBY,READY,READY,184.4,2256.3,628.5,0.3,0.00,100.00,1,1.000,1,0.000,1,,0
788.26,788.26,UAV-5,STANDBY,READY,READY,200.4,2236.3,628.1,0.3,0.00,100.00,1,1.000,1,0.000,1,,0
789.28,789.28,UAV-1,RELAY,KILLED,LANDED,2168.4,1909.5,687.3,0.3,0.00,87.74,0,1.000,1,0.000,1,,0
789.28,789.28,UAV-2,STANDBY,READY,READY,168.4,2256.3,629.0,0.3,0.00,100.00,1,1.000,1,0.000,1,,0
789.28,789.28,UAV-3,STANDBY,RETURNING,RTH,590.5,2220.6,745.2,105.7,12.65,86.04,1,1.000,1,1.000,1,,0
789.28,789.28,UAV-4,STANDBY,READY,READY,184.4,2256.3,628.5,0.3,0.00,100.00,1,1.000,1,0.000,1,,0
789.28,789.28,UAV-5,STANDBY,READY,READY,200.4,2236.3,628.1,0.3,0.00,100.00,1,1.000,1,0.000,1,,0
790.30,790.30,UAV-1,RELAY,KILLED,LANDED,2168.4,1909.5,687.3,0.3,0.00,87.74,0,1.000,1,0.000,1,,0
790.30,790.30,UAV-2,STANDBY,READY,READY,168.4,2256.3,629.0,0.3,0.00,100.00,1,1.000,1,0.000,1,,0
790.30,790.30,UAV-3,STANDBY,RETURNING,RTH,577.7,2222.1,744.8,105.3,12.64,85.92,1,1.000,1,1.000,1,,0
790.30,790.30,UAV-4,STANDBY,READY,READY,184.4,2256.3,628.5,0.3,0.00,100.00,1,1.000,1,0.000,1,,0
790.30,790.30,UAV-5,STANDBY,READY,READY,200.4,2236.3,628.1,0.3,0.00,100.00,1,1.000,1,0.000,1,,0
791.32,791.32,UAV-1,RELAY,KILLED,LANDED,2168.4,1909.5,687.3,0.3,0.00,87.74,0,1.000,1,0.000,1,,0
791.32,791.32,UAV-2,STANDBY,READY,READY,168.4,2256.3,629.0,0.3,0.00,100.00,1,1.000,1,0.000,1,,0
791.32,791.32,UAV-3,STANDBY,RETURNING,RTH,564.9,2223.5,744.4,105.0,12.62,85.80,1,1.000,1,1.000,1,,0
791.32,791.32,UAV-4,STANDBY,READY,READY,184.4,2256.3,628.5,0.3,0.00,100.00,1,1.000,1,0.000,1,,0
791.32,791.32,UAV-5,STANDBY,READY,READY,200.4,2236.3,628.1,0.3,0.00,100.00,1,1.000,1,0.000,1,,0
792.34,792.34,UAV-1,RELAY,KILLED,LANDED,2168.4,1909.5,687.3,0.3,0.00,87.74,0,1.000,1,0.000,1,,0
792.34,792.34,UAV-2,STANDBY,READY,READY,168.4,2256.3,629.0,0.3,0.00,100.00,1,1.000,1,0.000,1,,0
792.34,792.34,UAV-3,STANDBY,RETURNING,RTH,552.1,2224.8,744.1,105.0,12.61,85.68,1,1.000,1,1.000,1,,0
792.34,792.34,UAV-4,STANDBY,READY,READY,184.4,2256.3,628.5,0.3,0.00,100.00,1,1.000,1,0.000,1,,0
792.34,792.34,UAV-5,STANDBY,READY,READY,200.4,2236.3,628.1,0.3,0.00,100.00,1,1.000,1,0.000,1,,0
793.36,793.36,UAV-1,RELAY,KILLED,LANDED,2168.4,1909.5,687.3,0.3,0.00,87.74,0,1.000,1,0.000,1,,0
793.36,793.36,UAV-2,STANDBY,READY,READY,168.4,2256.3,629.0,0.3,0.00,100.00,1,1.000,1,0.000,1,,0
793.36,793.36,UAV-3,STANDBY,RETURNING,RTH,539.3,2225.9,743.9,105.4,12.62,85.55,1,1.000,1,1.000,1,,0
793.36,793.36,UAV-4,STANDBY,READY,READY,184.4,2256.3,628.5,0.3,0.00,100.00,1,1.000,1,0.000,1,,0
793.36,793.36,UAV-5,STANDBY,READY,READY,200.4,2236.3,628.1,0.3,0.00,100.00,1,1.000,1,0.000,1,,0
794.38,794.38,UAV-1,RELAY,KILLED,LANDED,2168.4,1909.5,687.3,0.3,0.00,87.74,0,1.000,1,0.000,1,,0
794.38,794.38,UAV-2,STANDBY,READY,READY,168.4,2256.3,629.0,0.3,0.00,100.00,1,1.000,1,0.000,1,,0
794.38,794.38,UAV-3,STANDBY,RETURNING,RTH,526.5,2226.9,743.6,106.3,12.62,85.43,1,1.000,1,1.000,1,,0
794.38,794.38,UAV-4,STANDBY,READY,READY,184.4,2256.3,628.5,0.3,0.00,100.00,1,1.000,1,0.000,1,,0
794.38,794.38,UAV-5,STANDBY,READY,READY,200.4,2236.3,628.1,0.3,0.00,100.00,1,1.000,1,0.000,1,,0
795.40,795.40,UAV-1,RELAY,KILLED,LANDED,2168.4,1909.5,687.3,0.3,0.00,87.74,0,1.000,1,0.000,1,,0
795.40,795.40,UAV-2,STANDBY,READY,READY,168.4,2256.3,629.0,0.3,0.00,100.00,1,1.000,1,0.000,1,,0
795.40,795.40,UAV-3,STANDBY,RETURNING,RTH,513.6,2227.7,743.5,107.4,12.60,85.31,1,1.000,1,1.000,1,,0
795.40,795.40,UAV-4,STANDBY,READY,READY,184.4,2256.3,628.5,0.3,0.00,100.00,1,1.000,1,0.000,1,,0
795.40,795.40,UAV-5,STANDBY,READY,READY,200.4,2236.3,628.1,0.3,0.00,100.00,1,1.000,1,0.000,1,,0
796.42,796.42,UAV-1,RELAY,KILLED,LANDED,2168.4,1909.5,687.3,0.3,0.00,87.74,0,1.000,1,0.000,1,,0
796.42,796.42,UAV-2,STANDBY,READY,READY,168.4,2256.3,629.0,0.3,0.00,100.00,1,1.000,1,0.000,1,,0
796.42,796.42,UAV-3,STANDBY,RETURNING,RTH,500.8,2228.4,743.3,108.4,12.52,85.19,1,1.000,1,1.000,1,,0
796.42,796.42,UAV-4,STANDBY,READY,READY,184.4,2256.3,628.5,0.3,0.00,100.00,1,1.000,1,0.000,1,,0
796.42,796.42,UAV-5,STANDBY,READY,READY,200.4,2236.3,628.1,0.3,0.00,100.00,1,1.000,1,0.000,1,,0
797.44,797.44,UAV-1,RELAY,KILLED,LANDED,2168.4,1909.5,687.3,0.3,0.00,87.74,0,1.000,1,0.000,1,,0
797.44,797.44,UAV-2,STANDBY,READY,READY,168.4,2256.3,629.0,0.3,0.00,100.00,1,1.000,1,0.000,1,,0
797.44,797.44,UAV-3,STANDBY,RETURNING,RTH,488.2,2229.0,743.1,109.3,12.00,85.06,1,1.000,1,1.000,1,,0
797.44,797.44,UAV-4,STANDBY,READY,READY,184.4,2256.3,628.5,0.3,0.00,100.00,1,1.000,1,0.000,1,,0
797.44,797.44,UAV-5,STANDBY,READY,READY,200.4,2236.3,628.1,0.3,0.00,100.00,1,1.000,1,0.000,1,,0
798.46,798.46,UAV-1,RELAY,KILLED,LANDED,2168.4,1909.5,687.3,0.3,0.00,87.74,0,1.000,1,0.000,1,,0
798.46,798.46,UAV-2,STANDBY,READY,READY,168.4,2256.3,629.0,0.3,0.00,100.00,1,1.000,1,0.000,1,,0
798.46,798.46,UAV-3,STANDBY,RETURNING,RTH,476.2,2231.5,742.5,109.3,12.22,84.94,1,1.000,1,1.000,1,,0
798.46,798.46,UAV-4,STANDBY,READY,READY,184.4,2256.3,628.5,0.3,0.00,100.00,1,1.000,1,0.000,1,,0
798.46,798.46,UAV-5,STANDBY,READY,READY,200.4,2236.3,628.1,0.3,0.00,100.00,1,1.000,1,0.000,1,,0
799.48,799.48,UAV-1,RELAY,KILLED,LANDED,2168.4,1909.5,687.3,0.3,0.00,87.74,0,1.000,1,0.000,1,,0
799.48,799.48,UAV-2,STANDBY,READY,READY,168.4,2256.3,629.0,0.3,0.00,100.00,1,1.000,1,0.000,1,,0
799.48,799.48,UAV-3,STANDBY,RETURNING,RTH,464.1,2234.8,741.9,108.6,12.50,84.81,1,1.000,1,1.000,1,,0
799.48,799.48,UAV-4,STANDBY,READY,READY,184.4,2256.3,628.5,0.3,0.00,100.00,1,1.000,1,0.000,1,,0
799.48,799.48,UAV-5,STANDBY,READY,READY,200.4,2236.3,628.1,0.3,0.00,100.00,1,1.000,1,0.000,1,,0
800.50,800.50,UAV-1,RELAY,KILLED,LANDED,2168.4,1909.5,687.3,0.3,0.00,87.74,0,1.000,1,0.000,1,,0
800.50,800.50,UAV-2,STANDBY,READY,READY,168.4,2256.3,629.0,0.3,0.00,100.00,1,1.000,1,0.000,1,,0
800.50,800.50,UAV-3,STANDBY,RETURNING,RTH,451.7,2238.2,741.4,107.5,12.60,84.69,1,1.000,1,1.000,1,,0
800.50,800.50,UAV-4,STANDBY,READY,READY,184.4,2256.3,628.5,0.3,0.00,100.00,1,1.000,1,0.000,1,,0
800.50,800.50,UAV-5,STANDBY,READY,READY,200.4,2236.3,628.1,0.3,0.00,100.00,1,1.000,1,0.000,1,,0
801.52,801.52,UAV-1,RELAY,KILLED,LANDED,2168.4,1909.5,687.3,0.3,0.00,87.74,0,1.000,1,0.000,1,,0
801.52,801.52,UAV-2,STANDBY,READY,READY,168.4,2256.3,629.0,0.3,0.00,100.00,1,1.000,1,0.000,1,,0
801.52,801.52,UAV-3,STANDBY,RETURNING,RTH,439.2,2241.4,740.8,106.5,12.65,84.57,1,1.000,1,1.000,1,,0
801.52,801.52,UAV-4,STANDBY,READY,READY,184.4,2256.3,628.5,0.3,0.00,100.00,1,1.000,1,0.000,1,,0
801.52,801.52,UAV-5,STANDBY,READY,READY,200.4,2236.3,628.1,0.3,0.00,100.00,1,1.000,1,0.000,1,,0
802.54,802.54,UAV-1,RELAY,KILLED,LANDED,2168.4,1909.5,687.3,0.3,0.00,87.74,0,1.000,1,0.000,1,,0
802.54,802.54,UAV-2,STANDBY,READY,READY,168.4,2256.3,629.0,0.3,0.00,100.00,1,1.000,1,0.000,1,,0
802.54,802.54,UAV-3,STANDBY,RETURNING,RTH,426.7,2244.4,740.3,105.5,12.69,84.45,1,1.000,1,1.000,1,,0
802.54,802.54,UAV-4,STANDBY,READY,READY,184.4,2256.3,628.5,0.3,0.00,100.00,1,1.000,1,0.000,1,,0
802.54,802.54,UAV-5,STANDBY,READY,READY,200.4,2236.3,628.1,0.3,0.00,100.00,1,1.000,1,0.000,1,,0
803.56,803.56,UAV-1,RELAY,KILLED,LANDED,2168.4,1909.5,687.3,0.3,0.00,87.74,0,1.000,1,0.000,1,,0
803.56,803.56,UAV-2,STANDBY,READY,READY,168.4,2256.3,629.0,0.3,0.00,100.00,1,1.000,1,0.000,1,,0
803.56,803.56,UAV-3,STANDBY,RETURNING,RTH,414.1,2247.3,739.9,105.1,12.68,84.32,1,1.000,1,1.000,1,,0
803.56,803.56,UAV-4,STANDBY,READY,READY,184.4,2256.3,628.5,0.3,0.00,100.00,1,1.000,1,0.000,1,,0
803.56,803.56,UAV-5,STANDBY,READY,READY,200.4,2236.3,628.1,0.3,0.00,100.00,1,1.000,1,0.000,1,,0
804.58,804.58,UAV-1,RELAY,KILLED,LANDED,2168.4,1909.5,687.3,0.3,0.00,87.74,0,1.000,1,0.000,1,,0
804.58,804.58,UAV-2,STANDBY,READY,READY,168.4,2256.3,629.0,0.3,0.00,100.00,1,1.000,1,0.000,1,,0
804.58,804.58,UAV-3,STANDBY,RETURNING,RTH,401.4,2250.0,739.5,105.4,12.67,84.20,1,1.000,1,1.000,1,,0
804.58,804.58,UAV-4,STANDBY,READY,READY,184.4,2256.3,628.5,0.3,0.00,100.00,1,1.000,1,0.000,1,,0
804.58,804.58,UAV-5,STANDBY,READY,READY,200.4,2236.3,628.1,0.3,0.00,100.00,1,1.000,1,0.000,1,,0
805.60,805.60,UAV-1,RELAY,KILLED,LANDED,2168.4,1909.5,687.3,0.3,0.00,87.74,0,1.000,1,0.000,1,,0
805.60,805.60,UAV-2,STANDBY,READY,READY,168.4,2256.3,629.0,0.3,0.00,100.00,1,1.000,1,0.000,1,,0
805.60,805.60,UAV-3,STANDBY,RETURNING,RTH,388.8,2252.6,739.1,106.0,12.62,84.08,1,1.000,1,1.000,1,,0
805.60,805.60,UAV-4,STANDBY,READY,READY,184.4,2256.3,628.5,0.3,0.00,100.00,1,1.000,1,0.000,1,,0
805.60,805.60,UAV-5,STANDBY,READY,READY,200.4,2236.3,628.1,0.3,0.00,100.00,1,1.000,1,0.000,1,,0
806.62,806.62,UAV-1,RELAY,KILLED,LANDED,2168.4,1909.5,687.3,0.3,0.00,87.74,0,1.000,1,0.000,1,,0
806.62,806.62,UAV-2,STANDBY,READY,READY,168.4,2256.3,629.0,0.3,0.00,100.00,1,1.000,1,0.000,1,,0
806.62,806.62,UAV-3,STANDBY,RETURNING,RTH,376.2,2255.0,738.7,106.6,12.57,83.96,1,1.000,1,1.000,1,,0
806.62,806.62,UAV-4,STANDBY,READY,READY,184.4,2256.3,628.5,0.3,0.00,100.00,1,1.000,1,0.000,1,,0
806.62,806.62,UAV-5,STANDBY,READY,READY,200.4,2236.3,628.1,0.3,0.00,100.00,1,1.000,1,0.000,1,,0
807.64,807.64,UAV-1,RELAY,KILLED,LANDED,2168.4,1909.5,687.3,0.3,0.00,87.74,0,1.000,1,0.000,1,,0
807.64,807.64,UAV-2,STANDBY,READY,READY,168.4,2256.3,629.0,0.3,0.00,100.00,1,1.000,1,0.000,1,,0
807.64,807.64,UAV-3,STANDBY,RETURNING,RTH,363.6,2257.2,738.4,107.0,12.54,83.84,1,1.000,1,1.000,1,,0
807.64,807.64,UAV-4,STANDBY,READY,READY,184.4,2256.3,628.5,0.3,0.00,100.00,1,1.000,1,0.000,1,,0
807.64,807.64,UAV-5,STANDBY,READY,READY,200.4,2236.3,628.1,0.3,0.00,100.00,1,1.000,1,0.000,1,,0
808.66,808.66,UAV-1,RELAY,KILLED,LANDED,2168.4,1909.5,687.3,0.3,0.00,87.74,0,1.000,1,0.000,1,,0
808.66,808.66,UAV-2,STANDBY,READY,READY,168.4,2256.3,629.0,0.3,0.00,100.00,1,1.000,1,0.000,1,,0
808.66,808.66,UAV-3,STANDBY,RETURNING,RTH,351.0,2259.3,738.1,107.4,12.49,83.71,1,1.000,1,1.000,1,,0
808.66,808.66,UAV-4,STANDBY,READY,READY,184.4,2256.3,628.5,0.3,0.00,100.00,1,1.000,1,0.000,1,,0
808.66,808.66,UAV-5,STANDBY,READY,READY,200.4,2236.3,628.1,0.3,0.00,100.00,1,1.000,1,0.000,1,,0
809.68,809.68,UAV-1,RELAY,KILLED,LANDED,2168.4,1909.5,687.3,0.3,0.00,87.74,0,1.000,1,0.000,1,,0
809.68,809.68,UAV-2,STANDBY,READY,READY,168.4,2256.3,629.0,0.3,0.00,100.00,1,1.000,1,0.000,1,,0
809.68,809.68,UAV-3,STANDBY,RETURNING,RTH,338.4,2261.2,737.8,108.1,12.47,83.59,1,1.000,1,1.000,1,,0
809.68,809.68,UAV-4,STANDBY,READY,READY,184.4,2256.3,628.5,0.3,0.00,100.00,1,1.000,1,0.000,1,,0
809.68,809.68,UAV-5,STANDBY,READY,READY,200.4,2236.3,628.1,0.3,0.00,100.00,1,1.000,1,0.000,1,,0
810.70,810.70,UAV-1,RELAY,KILLED,LANDED,2168.4,1909.5,687.3,0.3,0.00,87.74,0,1.000,1,0.000,1,,0
810.70,810.70,UAV-2,STANDBY,READY,READY,168.4,2256.3,629.0,0.3,0.00,100.00,1,1.000,1,0.000,1,,0
810.70,810.70,UAV-3,STANDBY,RETURNING,RTH,325.8,2262.8,737.6,108.9,12.46,83.47,1,1.000,1,1.000,1,,0
810.70,810.70,UAV-4,STANDBY,READY,READY,184.4,2256.3,628.5,0.3,0.00,100.00,1,1.000,1,0.000,1,,0
810.70,810.70,UAV-5,STANDBY,READY,READY,200.4,2236.3,628.1,0.3,0.00,100.00,1,1.000,1,0.000,1,,0
811.72,811.72,UAV-1,RELAY,KILLED,LANDED,2168.4,1909.5,687.3,0.3,0.00,87.74,0,1.000,1,0.000,1,,0
811.72,811.72,UAV-2,STANDBY,READY,READY,168.4,2256.3,629.0,0.3,0.00,100.00,1,1.000,1,0.000,1,,0
811.72,811.72,UAV-3,STANDBY,RETURNING,RTH,313.2,2264.3,737.4,109.9,12.48,83.35,1,1.000,1,1.000,1,,0
811.72,811.72,UAV-4,STANDBY,READY,READY,184.4,2256.3,628.5,0.3,0.00,100.00,1,1.000,1,0.000,1,,0
811.72,811.72,UAV-5,STANDBY,READY,READY,200.4,2236.3,628.1,0.3,0.00,100.00,1,1.000,1,0.000,1,,0
812.74,812.74,UAV-1,RELAY,KILLED,LANDED,2168.4,1909.5,687.3,0.3,0.00,87.74,0,1.000,1,0.000,1,,0
812.74,812.74,UAV-2,STANDBY,READY,READY,168.4,2256.3,629.0,0.3,0.00,100.00,1,1.000,1,0.000,1,,0
812.74,812.74,UAV-3,STANDBY,RETURNING,RTH,300.5,2265.5,737.3,110.6,12.49,83.22,1,1.000,1,1.000,1,,0
812.74,812.74,UAV-4,STANDBY,READY,READY,184.4,2256.3,628.5,0.3,0.00,100.00,1,1.000,1,0.000,1,,0
812.74,812.74,UAV-5,STANDBY,READY,READY,200.4,2236.3,628.1,0.3,0.00,100.00,1,1.000,1,0.000,1,,0
813.76,813.76,UAV-1,RELAY,KILLED,LANDED,2168.4,1909.5,687.3,0.3,0.00,87.74,0,1.000,1,0.000,1,,0
813.76,813.76,UAV-2,STANDBY,READY,READY,168.4,2256.3,629.0,0.3,0.00,100.00,1,1.000,1,0.000,1,,0
813.76,813.76,UAV-3,STANDBY,RETURNING,RTH,287.8,2266.6,737.1,110.8,12.48,83.10,1,1.000,1,1.000,1,,0
813.76,813.76,UAV-4,STANDBY,READY,READY,184.4,2256.3,628.5,0.3,0.00,100.00,1,1.000,1,0.000,1,,0
813.76,813.76,UAV-5,STANDBY,READY,READY,200.4,2236.3,628.1,0.3,0.00,100.00,1,1.000,1,0.000,1,,0
814.78,814.78,UAV-1,RELAY,KILLED,LANDED,2168.4,1909.5,687.3,0.3,0.00,87.74,0,1.000,1,0.000,1,,0
814.78,814.78,UAV-2,STANDBY,READY,READY,168.4,2256.3,629.0,0.3,0.00,100.00,1,1.000,1,0.000,1,,0
814.78,814.78,UAV-3,STANDBY,RETURNING,RTH,275.1,2267.4,737.0,110.6,12.45,82.98,1,1.000,1,1.000,1,,0
814.78,814.78,UAV-4,STANDBY,READY,READY,184.4,2256.3,628.5,0.3,0.00,100.00,1,1.000,1,0.000,1,,0
814.78,814.78,UAV-5,STANDBY,READY,READY,200.4,2236.3,628.1,0.3,0.00,100.00,1,1.000,1,0.000,1,,0
815.80,815.80,UAV-1,RELAY,KILLED,LANDED,2168.4,1909.5,687.3,0.3,0.00,87.74,0,1.000,1,0.000,1,,0
815.80,815.80,UAV-2,STANDBY,READY,READY,168.4,2256.3,629.0,0.3,0.00,100.00,1,1.000,1,0.000,1,,0
815.80,815.80,UAV-3,STANDBY,RETURNING,RTH,263.9,2267.8,734.9,108.2,10.27,82.85,1,1.000,1,1.000,1,,0
815.80,815.80,UAV-4,STANDBY,READY,READY,184.4,2256.3,628.5,0.3,0.00,100.00,1,1.000,1,0.000,1,,0
815.80,815.80,UAV-5,STANDBY,READY,READY,200.4,2236.3,628.1,0.3,0.00,100.00,1,1.000,1,0.000,1,,0
816.82,816.82,UAV-1,RELAY,KILLED,LANDED,2168.4,1909.5,687.3,0.3,0.00,87.74,0,1.000,1,0.000,1,,0
816.82,816.82,UAV-2,STANDBY,READY,READY,168.4,2256.3,629.0,0.3,0.00,100.00,1,1.000,1,0.000,1,,0
816.82,816.82,UAV-3,STANDBY,RETURNING,RTH,256.5,2267.4,727.0,100.2,11.55,82.72,1,1.000,1,1.000,1,,0
816.82,816.82,UAV-4,STANDBY,READY,READY,184.4,2256.3,628.5,0.3,0.00,100.00,1,1.000,1,0.000,1,,0
816.82,816.82,UAV-5,STANDBY,READY,READY,200.4,2236.3,628.1,0.3,0.00,100.00,1,1.000,1,0.000,1,,0
817.84,817.84,UAV-1,RELAY,KILLED,LANDED,2168.4,1909.5,687.3,0.3,0.00,87.74,0,1.000,1,0.000,1,,0
817.84,817.84,UAV-2,STANDBY,READY,READY,168.4,2256.3,629.0,0.3,0.00,100.00,1,1.000,1,0.000,1,,0
817.84,817.84,UAV-3,STANDBY,RETURNING,RTH,250.6,2265.3,717.0,90.3,11.50,82.58,1,1.000,1,1.000,1,,0
817.84,817.84,UAV-4,STANDBY,READY,READY,184.4,2256.3,628.5,0.3,0.00,100.00,1,1.000,1,0.000,1,,0
817.84,817.84,UAV-5,STANDBY,READY,READY,200.4,2236.3,628.1,0.3,0.00,100.00,1,1.000,1,0.000,1,,0
818.86,818.86,UAV-1,RELAY,KILLED,LANDED,2168.4,1909.5,687.3,0.3,0.00,87.74,0,1.000,1,0.000,1,,0
818.86,818.86,UAV-2,STANDBY,READY,READY,168.4,2256.3,629.0,0.3,0.00,100.00,1,1.000,1,0.000,1,,0
818.86,818.86,UAV-3,STANDBY,RETURNING,RTH,244.3,2260.4,708.4,81.7,11.57,82.45,1,1.000,1,1.000,1,,0
818.86,818.86,UAV-4,STANDBY,READY,READY,184.4,2256.3,628.5,0.3,0.00,100.00,1,1.000,1,0.000,1,,0
818.86,818.86,UAV-5,STANDBY,READY,READY,200.4,2236.3,628.1,0.3,0.00,100.00,1,1.000,1,0.000,1,,0
819.88,819.88,UAV-1,RELAY,KILLED,LANDED,2168.4,1909.5,687.3,0.3,0.00,87.74,0,1.000,1,0.000,1,,0
819.88,819.88,UAV-2,STANDBY,READY,READY,168.4,2256.3,629.0,0.3,0.00,100.00,1,1.000,1,0.000,1,,0
819.88,819.88,UAV-3,STANDBY,RETURNING,RTH,237.0,2254.1,701.5,74.8,11.81,82.32,1,1.000,1,1.000,1,,0
819.88,819.88,UAV-4,STANDBY,READY,READY,184.4,2256.3,628.5,0.3,0.00,100.00,1,1.000,1,0.000,1,,0
819.88,819.88,UAV-5,STANDBY,READY,READY,200.4,2236.3,628.1,0.3,0.00,100.00,1,1.000,1,0.000,1,,0
820.90,820.90,UAV-1,RELAY,KILLED,LANDED,2168.4,1909.5,687.3,0.3,0.00,87.74,0,1.000,1,0.000,1,,0
820.90,820.90,UAV-2,STANDBY,READY,READY,168.4,2256.3,629.0,0.3,0.00,100.00,1,1.000,1,0.000,1,,0
820.90,820.90,UAV-3,STANDBY,RETURNING,RTH,228.1,2247.8,696.2,69.2,11.92,82.20,1,1.000,1,1.000,1,,0
820.90,820.90,UAV-4,STANDBY,READY,READY,184.4,2256.3,628.5,0.3,0.00,100.00,1,1.000,1,0.000,1,,0
820.90,820.90,UAV-5,STANDBY,READY,READY,200.4,2236.3,628.1,0.3,0.00,100.00,1,1.000,1,0.000,1,,0
821.92,821.92,UAV-1,RELAY,KILLED,LANDED,2168.4,1909.5,687.3,0.3,0.00,87.74,0,1.000,1,0.000,1,,0
821.92,821.92,UAV-2,STANDBY,READY,READY,168.4,2256.3,629.0,0.3,0.00,100.00,1,1.000,1,0.000,1,,0
821.92,821.92,UAV-3,STANDBY,RETURNING,RTH,217.8,2242.5,692.4,65.0,12.13,82.07,1,1.000,1,1.000,1,,0
821.92,821.92,UAV-4,STANDBY,READY,READY,184.4,2256.3,628.5,0.3,0.00,100.00,1,1.000,1,0.000,1,,0
821.92,821.92,UAV-5,STANDBY,READY,READY,200.4,2236.3,628.1,0.3,0.00,100.00,1,1.000,1,0.000,1,,0
822.94,822.94,UAV-1,RELAY,KILLED,LANDED,2168.4,1909.5,687.3,0.3,0.00,87.74,0,1.000,1,0.000,1,,0
822.94,822.94,UAV-2,STANDBY,READY,READY,168.4,2256.3,629.0,0.3,0.00,100.00,1,1.000,1,0.000,1,,0
822.94,822.94,UAV-3,STANDBY,RETURNING,RTH,206.8,2238.7,689.0,61.3,11.22,81.96,1,1.000,1,1.000,1,,0
822.94,822.94,UAV-4,STANDBY,READY,READY,184.4,2256.3,628.5,0.3,0.00,100.00,1,1.000,1,0.000,1,,0
822.94,822.94,UAV-5,STANDBY,READY,READY,200.4,2236.3,628.1,0.3,0.00,100.00,1,1.000,1,0.000,1,,0
823.96,823.96,UAV-1,RELAY,KILLED,LANDED,2168.4,1909.5,687.3,0.3,0.00,87.74,0,1.000,1,0.000,1,,0
823.96,823.96,UAV-2,STANDBY,READY,READY,168.4,2256.3,629.0,0.3,0.00,100.00,1,1.000,1,0.000,1,,0
823.96,823.96,UAV-3,STANDBY,RETURNING,LANDING,197.8,2236.7,682.4,54.5,10.93,81.83,1,1.000,1,1.000,1,,0
823.96,823.96,UAV-4,STANDBY,READY,READY,184.4,2256.3,628.5,0.3,0.00,100.00,1,1.000,1,0.000,1,,0
823.96,823.96,UAV-5,STANDBY,READY,READY,200.4,2236.3,628.1,0.3,0.00,100.00,1,1.000,1,0.000,1,,0
824.98,824.98,UAV-1,RELAY,KILLED,LANDED,2168.4,1909.5,687.3,0.3,0.00,87.74,0,1.000,1,0.000,1,,0
824.98,824.98,UAV-2,STANDBY,READY,READY,168.4,2256.3,629.0,0.3,0.00,100.00,1,1.000,1,0.000,1,,0
824.98,824.98,UAV-3,STANDBY,RETURNING,LANDING,186.3,2236.2,681.1,52.8,9.96,81.71,1,1.000,1,1.000,1,,0
824.98,824.98,UAV-4,STANDBY,READY,READY,184.4,2256.3,628.5,0.3,0.00,100.00,1,1.000,1,0.000,1,,0
824.98,824.98,UAV-5,STANDBY,READY,READY,200.4,2236.3,628.1,0.3,0.00,100.00,1,1.000,1,0.000,1,,0
826.00,826.00,UAV-1,RELAY,KILLED,LANDED,2168.4,1909.5,687.3,0.3,0.00,87.74,0,1.000,1,0.000,1,,0
826.00,826.00,UAV-2,STANDBY,READY,READY,168.4,2256.3,629.0,0.3,0.00,100.00,1,1.000,1,0.000,1,,0
826.00,826.00,UAV-3,STANDBY,RETURNING,LANDING,180.2,2236.3,676.3,47.8,5.85,81.60,1,1.000,1,1.000,1,,0
826.00,826.00,UAV-4,STANDBY,READY,READY,184.4,2256.3,628.5,0.3,0.00,100.00,1,1.000,1,0.000,1,,0
826.00,826.00,UAV-5,STANDBY,READY,READY,200.4,2236.3,628.1,0.3,0.00,100.00,1,1.000,1,0.000,1,,0
827.02,827.02,UAV-1,RELAY,KILLED,LANDED,2168.4,1909.5,687.3,0.3,0.00,87.74,0,1.000,1,0.000,1,,0
827.02,827.02,UAV-2,STANDBY,READY,READY,168.4,2256.3,629.0,0.3,0.00,100.00,1,1.000,1,0.000,1,,0
827.02,827.02,UAV-3,STANDBY,RETURNING,LANDING,181.6,2236.3,670.7,42.2,7.18,81.48,1,1.000,1,1.000,1,,0
827.02,827.02,UAV-4,STANDBY,READY,READY,184.4,2256.3,628.5,0.3,0.00,100.00,1,1.000,1,0.000,1,,0
827.02,827.02,UAV-5,STANDBY,READY,READY,200.4,2236.3,628.1,0.3,0.00,100.00,1,1.000,1,0.000,1,,0
828.04,828.04,UAV-1,RELAY,KILLED,LANDED,2168.4,1909.5,687.3,0.3,0.00,87.74,0,1.000,1,0.000,1,,0
828.04,828.04,UAV-2,STANDBY,READY,READY,168.4,2256.3,629.0,0.3,0.00,100.00,1,1.000,1,0.000,1,,0
828.04,828.04,UAV-3,STANDBY,RETURNING,LANDING,184.3,2236.3,665.0,36.6,5.62,81.38,1,1.000,1,1.000,1,,0
828.04,828.04,UAV-4,STANDBY,READY,READY,184.4,2256.3,628.5,0.3,0.00,100.00,1,1.000,1,0.000,1,,0
828.04,828.04,UAV-5,STANDBY,READY,READY,200.4,2236.3,628.1,0.3,0.00,100.00,1,1.000,1,0.000,1,,0
829.06,829.06,UAV-1,RELAY,KILLED,LANDED,2168.4,1909.5,687.3,0.3,0.00,87.74,0,1.000,1,0.000,1,,0
829.06,829.06,UAV-2,STANDBY,READY,READY,168.4,2256.3,629.0,0.3,0.00,100.00,1,1.000,1,0.000,1,,0
829.06,829.06,UAV-3,STANDBY,RETURNING,LANDING,184.2,2236.3,659.3,31.0,5.53,81.29,1,1.000,1,1.000,1,,0
829.06,829.06,UAV-4,STANDBY,READY,READY,184.4,2256.3,628.5,0.3,0.00,100.00,1,1.000,1,0.000,1,,0
829.06,829.06,UAV-5,STANDBY,READY,READY,200.4,2236.3,628.1,0.3,0.00,100.00,1,1.000,1,0.000,1,,0
830.08,830.08,UAV-1,RELAY,KILLED,LANDED,2168.4,1909.5,687.3,0.3,0.00,87.74,0,1.000,1,0.000,1,,0
830.08,830.08,UAV-2,STANDBY,READY,READY,168.4,2256.3,629.0,0.3,0.00,100.00,1,1.000,1,0.000,1,,0
830.08,830.08,UAV-3,STANDBY,RETURNING,LANDING,184.2,2236.3,653.7,25.3,5.52,81.20,1,1.000,1,1.000,1,,0
830.08,830.08,UAV-4,STANDBY,READY,READY,184.4,2256.3,628.5,0.3,0.00,100.00,1,1.000,1,0.000,1,,0
830.08,830.08,UAV-5,STANDBY,READY,READY,200.4,2236.3,628.1,0.3,0.00,100.00,1,1.000,1,0.000,1,,0
831.10,831.10,UAV-1,RELAY,KILLED,LANDED,2168.4,1909.5,687.3,0.3,0.00,87.74,0,1.000,1,0.000,1,,0
831.10,831.10,UAV-2,STANDBY,READY,READY,168.4,2256.3,629.0,0.3,0.00,100.00,1,1.000,1,0.000,1,,0
831.10,831.10,UAV-3,STANDBY,RETURNING,LANDING,184.3,2236.3,648.0,19.7,5.52,81.10,1,1.000,1,1.000,1,,0
831.10,831.10,UAV-4,STANDBY,READY,READY,184.4,2256.3,628.5,0.3,0.00,100.00,1,1.000,1,0.000,1,,0
831.10,831.10,UAV-5,STANDBY,READY,READY,200.4,2236.3,628.1,0.3,0.00,100.00,1,1.000,1,0.000,1,,0
832.12,832.12,UAV-1,RELAY,KILLED,LANDED,2168.4,1909.5,687.3,0.3,0.00,87.74,0,1.000,1,0.000,1,,0
832.12,832.12,UAV-2,STANDBY,READY,READY,168.4,2256.3,629.0,0.3,0.00,100.00,1,1.000,1,0.000,1,,0
832.12,832.12,UAV-3,STANDBY,RETURNING,LANDING,184.3,2236.3,642.4,14.1,5.51,81.01,1,1.000,1,1.000,1,,0
832.12,832.12,UAV-4,STANDBY,READY,READY,184.4,2256.3,628.5,0.3,0.00,100.00,1,1.000,1,0.000,1,,0
832.12,832.12,UAV-5,STANDBY,READY,READY,200.4,2236.3,628.1,0.3,0.00,100.00,1,1.000,1,0.000,1,,0
833.14,833.14,UAV-1,RELAY,KILLED,LANDED,2168.4,1909.5,687.3,0.3,0.00,87.74,0,1.000,1,0.000,1,,0
833.14,833.14,UAV-2,STANDBY,READY,READY,168.4,2256.3,629.0,0.3,0.00,100.00,1,1.000,1,0.000,1,,0
833.14,833.14,UAV-3,STANDBY,RETURNING,LANDING,184.3,2236.3,636.8,8.5,5.51,80.92,1,1.000,1,1.000,1,,0
833.14,833.14,UAV-4,STANDBY,READY,READY,184.4,2256.3,628.5,0.3,0.00,100.00,1,1.000,1,0.000,1,,0
833.14,833.14,UAV-5,STANDBY,READY,READY,200.4,2236.3,628.1,0.3,0.00,100.00,1,1.000,1,0.000,1,,0
