t,a,b,pdr
1.02,UAV-1,GCS,1.000
2.02,UAV-1,GCS,1.000
3.02,UAV-1,GCS,1.000
4.02,UAV-1,GCS,1.000
5.04,UAV-1,GCS,1.000
5.04,UAV-1,UAV-2,1.000
5.04,UAV-2,GCS,1.000
6.06,UAV-1,GCS,1.000
6.06,UAV-1,UAV-2,1.000
6.06,UAV-2,GCS,1.000
7.08,UAV-1,GCS,1.000
7.08,UAV-1,UAV-2,1.000
7.08,UAV-2,GCS,1.000
8.10,UAV-1,GCS,1.000
8.10,UAV-1,UAV-2,1.000
8.10,UAV-2,GCS,1.000
9.12,UAV-1,GCS,1.000
9.12,UAV-1,UAV-2,1.000
9.12,UAV-1,UAV-3,1.000
9.12,UAV-2,GCS,1.000
9.12,UAV-2,UAV-3,1.000
9.12,UAV-3,GCS,1.000
10.14,UAV-1,GCS,1.000
10.14,UAV-1,UAV-2,1.000
10.14,UAV-1,UAV-3,1.000
10.14,UAV-2,GCS,1.000
10.14,UAV-2,UAV-3,1.000
10.14,UAV-3,GCS,1.000
11.16,UAV-1,GCS,1.000
11.16,UAV-1,UAV-2,1.000
11.16,UAV-1,UAV-3,1.000
11.16,UAV-2,GCS,1.000
11.16,UAV-2,UAV-3,1.000
11.16,UAV-3,GCS,1.000
12.18,UAV-1,GCS,1.000
12.18,UAV-1,UAV-2,1.000
12.18,UAV-1,UAV-3,1.000
12.18,UAV-2,GCS,1.000
12.18,UAV-2,UAV-3,1.000
12.18,UAV-3,GCS,1.000
13.20,UAV-1,GCS,1.000
13.20,UAV-1,UAV-2,1.000
13.20,UAV-1,UAV-3,1.000
13.20,UAV-1,UAV-4,1.000
13.20,UAV-2,GCS,1.000
13.20,UAV-2,UAV-3,1.000
13.20,UAV-2,UAV-4,1.000
13.20,UAV-3,GCS,1.000
13.20,UAV-3,UAV-4,1.000
13.20,UAV-4,GCS,1.000
14.22,UAV-1,GCS,1.000
14.22,UAV-1,UAV-2,1.000
14.22,UAV-1,UAV-3,1.000
14.22,UAV-1,UAV-4,1.000
14.22,UAV-2,GCS,1.000
14.22,UAV-2,UAV-3,1.000
14.22,UAV-2,UAV-4,1.000
14.22,UAV-3,GCS,1.000
14.22,UAV-3,UAV-4,1.000
14.22,UAV-4,GCS,1.000
15.24,UAV-1,GCS,1.000
15.24,UAV-1,UAV-2,1.000
15.24,UAV-1,UAV-3,1.000
15.24,UAV-1,UAV-4,1.000
15.24,UAV-2,GCS,1.000
15.24,UAV-2,UAV-3,1.000
15.24,UAV-2,UAV-4,1.000
15.24,UAV-3,GCS,1.000
15.24,UAV-3,UAV-4,1.000
15.24,UAV-4,GCS,1.000
16.26,UAV-1,GCS,1.000
16.26,UAV-1,UAV-2,1.000
16.26,UAV-1,UAV-3,1.000
16.26,UAV-1,UAV-4,1.000
16.26,UAV-2,GCS,1.000
16.26,UAV-2,UAV-3,1.000
16.26,UAV-2,UAV-4,1.000
16.26,UAV-3,GCS,1.000
16.26,UAV-3,UAV-4,1.000
16.26,UAV-4,GCS,1.000
17.28,UAV-1,GCS,1.000
17.28,UAV-1,UAV-2,1.000
17.28,UAV-1,UAV-3,1.000
17.28,UAV-1,UAV-4,1.000
17.28,UAV-1,UAV-5,1.000
17.28,UAV-2,GCS,1.000
17.28,UAV-2,UAV-3,1.000
17.28,UAV-2,UAV-4,1.000
17.28,UAV-2,UAV-5,1.000
17.28,UAV-3,GCS,1.000
17.28,UAV-3,UAV-4,1.000
17.28,UAV-3,UAV-5,1.000
17.28,UAV-4,GCS,1.000
17.28,UAV-4,UAV-5,1.000
17.28,UAV-5,GCS,1.000
18.30,UAV-1,GCS,1.000
18.30,UAV-1,UAV-2,1.000
18.30,UAV-1,UAV-3,1.000
18.30,UAV-1,UAV-4,1.000
18.30,UAV-1,UAV-5,1.000
18.30,UAV-2,GCS,1.000
18.30,UAV-2,UAV-3,1.000
18.30,UAV-2,UAV-4,1.000
18.30,UAV-2,UAV-5,1.000
18.30,UAV-3,GCS,1.000
18.30,UAV-3,UAV-4,1.000
18.30,UAV-3,UAV-5,1.000
18.30,UAV-4,GCS,1.000
18.30,UAV-4,UAV-5,1.000
18.30,UAV-5,GCS,1.000
19.32,UAV-1,GCS,1.000
19.32,UAV-1,UAV-2,1.000
19.32,UAV-1,UAV-3,1.000
19.32,UAV-1,UAV-4,1.000
19.32,UAV-1,UAV-5,1.000
19.32,UAV-2,GCS,1.000
19.32,UAV-2,UAV-3,1.000
19.32,UAV-2,UAV-4,1.000
19.32,UAV-2,UAV-5,1.000
19.32,UAV-3,GCS,1.000
19.32,UAV-3,UAV-4,1.000
19.32,UAV-3,UAV-5,1.000
19.32,UAV-4,GCS,1.000
19.32,UAV-4,UAV-5,1.000
19.32,UAV-5,GCS,1.000
20.34,UAV-1,GCS,1.000
20.34,UAV-1,UAV-2,1.000
20.34,UAV-1,UAV-3,1.000
20.34,UAV-1,UAV-4,1.000
20.34,UAV-1,UAV-5,1.000
20.34,UAV-2,GCS,1.000
20.34,UAV-2,UAV-3,1.000
20.34,UAV-2,UAV-4,1.000
20.34,UAV-2,UAV-5,1.000
20.34,UAV-3,GCS,1.000
20.34,UAV-3,UAV-4,1.000
20.34,UAV-3,UAV-5,1.000
20.34,UAV-4,GCS,1.000
20.34,UAV-4,UAV-5,1.000
20.34,UAV-5,GCS,1.000
21.36,UAV-1,GCS,1.000
21.36,UAV-1,UAV-2,1.000
21.36,UAV-1,UAV-3,1.000
21.36,UAV-1,UAV-4,1.000
21.36,UAV-1,UAV-5,1.000
21.36,UAV-2,GCS,1.000
21.36,UAV-2,UAV-3,1.000
21.36,UAV-2,UAV-4,1.000
21.36,UAV-2,UAV-5,1.000
21.36,UAV-3,GCS,1.000
21.36,UAV-3,UAV-4,1.000
21.36,UAV-3,UAV-5,1.000
21.36,UAV-4,GCS,1.000
21.36,UAV-4,UAV-5,1.000
21.36,UAV-5,GCS,1.000
22.38,UAV-1,GCS,1.000
22.38,UAV-1,UAV-2,1.000
22.38,UAV-1,UAV-3,1.000
22.38,UAV-1,UAV-4,1.000
22.38,UAV-1,UAV-5,1.000
22.38,UAV-2,GCS,1.000
22.38,UAV-2,UAV-3,1.000
22.38,UAV-2,UAV-4,1.000
22.38,UAV-2,UAV-5,1.000
22.38,UAV-3,GCS,1.000
22.38,UAV-3,UAV-4,1.000
22.38,UAV-3,UAV-5,1.000
22.38,UAV-4,GCS,1.000
22.38,UAV-4,UAV-5,1.000
22.38,UAV-5,GCS,1.000
23.40,UAV-1,GCS,1.000
23.40,UAV-1,UAV-2,1.000
23.40,UAV-1,UAV-3,1.000
23.40,UAV-1,UAV-4,1.000
23.40,UAV-1,UAV-5,1.000
23.40,UAV-2,GCS,1.000
23.40,UAV-2,UAV-3,1.000
23.40,UAV-2,UAV-4,1.000
23.40,UAV-2,UAV-5,1.000
23.40,UAV-3,GCS,1.000
23.40,UAV-3,UAV-4,1.000
23.40,UAV-3,UAV-5,1.000
23.40,UAV-4,GCS,1.000
23.40,UAV-4,UAV-5,1.000
23.40,UAV-5,GCS,1.000
24.42,UAV-1,GCS,1.000
24.42,UAV-1,UAV-2,1.000
24.42,UAV-1,UAV-3,1.000
24.42,UAV-1,UAV-4,1.000
24.42,UAV-1,UAV-5,1.000
24.42,UAV-2,GCS,1.000
24.42,UAV-2,UAV-3,1.000
24.42,UAV-2,UAV-4,1.000
24.42,UAV-2,UAV-5,1.000
24.42,UAV-3,GCS,1.000
24.42,UAV-3,UAV-4,1.000
24.42,UAV-3,UAV-5,1.000
24.42,UAV-4,GCS,1.000
24.42,UAV-4,UAV-5,1.000
24.42,UAV-5,GCS,1.000
25.44,UAV-1,GCS,1.000
25.44,UAV-1,UAV-2,1.000
25.44,UAV-1,UAV-3,1.000
25.44,UAV-1,UAV-4,1.000
25.44,UAV-1,UAV-5,1.000
25.44,UAV-2,GCS,1.000
25.44,UAV-2,UAV-3,1.000
25.44,UAV-2,UAV-4,1.000
25.44,UAV-2,UAV-5,1.000
25.44,UAV-3,GCS,1.000
25.44,UAV-3,UAV-4,1.000
25.44,UAV-3,UAV-5,1.000
25.44,UAV-4,GCS,1.000
25.44,UAV-4,UAV-5,1.000
25.44,UAV-5,GCS,1.000
26.46,UAV-1,GCS,1.000
26.46,UAV-1,UAV-2,1.000
26.46,UAV-1,UAV-3,1.000
26.46,UAV-1,UAV-4,1.000
26.46,UAV-1,UAV-5,1.000
26.46,UAV-2,GCS,1.000
26.46,UAV-2,UAV-3,1.000
26.46,UAV-2,UAV-4,1.000
26.46,UAV-2,UAV-5,1.000
26.46,UAV-3,GCS,1.000
26.46,UAV-3,UAV-4,1.000
26.46,UAV-3,UAV-5,1.000
26.46,UAV-4,GCS,1.000
26.46,UAV-4,UAV-5,1.000
26.46,UAV-5,GCS,1.000
27.48,UAV-1,GCS,1.000
27.48,UAV-1,UAV-2,1.000
27.48,UAV-1,UAV-3,1.000
27.48,UAV-1,UAV-4,1.000
27.48,UAV-1,UAV-5,1.000
27.48,UAV-2,GCS,1.000
27.48,UAV-2,UAV-3,1.000
27.48,UAV-2,UAV-4,1.000
27.48,UAV-2,UAV-5,1.000
27.48,UAV-3,GCS,1.000
27.48,UAV-3,UAV-4,1.000
27.48,UAV-3,UAV-5,1.000
27.48,UAV-4,GCS,1.000
27.48,UAV-4,UAV-5,1.000
27.48,UAV-5,GCS,1.000
28.50,UAV-1,GCS,1.000
28.50,UAV-1,UAV-2,1.000
28.50,UAV-1,UAV-3,1.000
28.50,UAV-1,UAV-4,1.000
28.50,UAV-1,UAV-5,1.000
28.50,UAV-2,GCS,1.000
28.50,UAV-2,UAV-3,1.000
28.50,UAV-2,UAV-4,1.000
28.50,UAV-2,UAV-5,1.000
28.50,UAV-3,GCS,1.000
28.50,UAV-3,UAV-4,1.000
28.50,UAV-3,UAV-5,1.000
28.50,UAV-4,GCS,1.000
28.50,UAV-4,UAV-5,1.000
28.50,UAV-5,GCS,1.000
29.52,UAV-1,GCS,1.000
29.52,UAV-1,UAV-2,1.000
29.52,UAV-1,UAV-3,1.000
29.52,UAV-1,UAV-4,1.000
29.52,UAV-1,UAV-5,1.000
29.52,UAV-2,GCS,1.000
29.52,UAV-2,UAV-3,1.000
29.52,UAV-2,UAV-4,1.000
29.52,UAV-2,UAV-5,1.000
29.52,UAV-3,GCS,1.000
29.52,UAV-3,UAV-4,1.000
29.52,UAV-3,UAV-5,1.000
29.52,UAV-4,GCS,1.000
29.52,UAV-4,UAV-5,1.000
29.52,UAV-5,GCS,1.000
30.54,UAV-1,GCS,1.000
30.54,UAV-1,UAV-2,1.000
30.54,UAV-1,UAV-3,1.000
30.54,UAV-1,UAV-4,1.000
30.54,UAV-1,UAV-5,1.000
30.54,UAV-2,GCS,1.000
30.54,UAV-2,UAV-3,1.000
30.54,UAV-2,UAV-4,1.000
30.54,UAV-2,UAV-5,1.000
30.54,UAV-3,GCS,1.000
30.54,UAV-3,UAV-4,1.000
30.54,UAV-3,UAV-5,1.000
30.54,UAV-4,GCS,1.000
30.54,UAV-4,UAV-5,1.000
30.54,UAV-5,GCS,1.000
31.56,UAV-1,GCS,1.000
31.56,UAV-1,UAV-2,1.000
31.56,UAV-1,UAV-3,1.000
31.56,UAV-1,UAV-4,1.000
31.56,UAV-1,UAV-5,1.000
31.56,UAV-2,GCS,1.000
31.56,UAV-2,UAV-3,1.000
31.56,UAV-2,UAV-4,1.000
31.56,UAV-2,UAV-5,1.000
31.56,UAV-3,GCS,1.000
31.56,UAV-3,UAV-4,1.000
31.56,UAV-3,UAV-5,1.000
31.56,UAV-4,GCS,1.000
31.56,UAV-4,UAV-5,1.000
31.56,UAV-5,GCS,1.000
32.56,UAV-1,GCS,1.000
32.56,UAV-1,UAV-2,1.000
32.56,UAV-1,UAV-3,1.000
32.56,UAV-1,UAV-4,1.000
32.56,UAV-1,UAV-5,1.000
32.56,UAV-2,GCS,1.000
32.56,UAV-2,UAV-3,1.000
32.56,UAV-2,UAV-4,1.000
32.56,UAV-2,UAV-5,1.000
32.56,UAV-3,GCS,1.000
32.56,UAV-3,UAV-4,1.000
32.56,UAV-3,UAV-5,1.000
32.56,UAV-4,GCS,1.000
32.56,UAV-4,UAV-5,1.000
32.56,UAV-5,GCS,1.000
33.56,UAV-1,GCS,1.000
33.56,UAV-1,UAV-2,1.000
33.56,UAV-1,UAV-3,1.000
33.56,UAV-1,UAV-4,1.000
33.56,UAV-1,UAV-5,1.000
33.56,UAV-2,GCS,1.000
33.56,UAV-2,UAV-3,1.000
33.56,UAV-2,UAV-4,1.000
33.56,UAV-2,UAV-5,1.000
33.56,UAV-3,GCS,1.000
33.56,UAV-3,UAV-4,1.000
33.56,UAV-3,UAV-5,1.000
33.56,UAV-4,GCS,1.000
33.56,UAV-4,UAV-5,1.000
33.56,UAV-5,GCS,1.000
34.56,UAV-1,GCS,1.000
34.56,UAV-1,UAV-2,1.000
34.56,UAV-1,UAV-3,1.000
34.56,UAV-1,UAV-4,1.000
34.56,UAV-1,UAV-5,1.000
34.56,UAV-2,GCS,1.000
34.56,UAV-2,UAV-3,1.000
34.56,UAV-2,UAV-4,1.000
34.56,UAV-2,UAV-5,1.000
34.56,UAV-3,GCS,1.000
34.56,UAV-3,UAV-4,1.000
34.56,UAV-3,UAV-5,1.000
34.56,UAV-4,GCS,1.000
34.56,UAV-4,UAV-5,1.000
34.56,UAV-5,GCS,1.000
35.56,UAV-1,GCS,1.000
35.56,UAV-1,UAV-2,1.000
35.56,UAV-1,UAV-3,1.000
35.56,UAV-1,UAV-4,1.000
35.56,UAV-1,UAV-5,1.000
35.56,UAV-2,GCS,1.000
35.56,UAV-2,UAV-3,1.000
35.56,UAV-2,UAV-4,1.000
35.56,UAV-2,UAV-5,1.000
35.56,UAV-3,GCS,1.000
35.56,UAV-3,UAV-4,1.000
35.56,UAV-3,UAV-5,1.000
35.56,UAV-4,GCS,1.000
35.56,UAV-4,UAV-5,1.000
35.56,UAV-5,GCS,1.000
36.56,UAV-1,GCS,1.000
36.56,UAV-1,UAV-2,1.000
36.56,UAV-1,UAV-3,1.000
36.56,UAV-1,UAV-4,1.000
36.56,UAV-1,UAV-5,1.000
36.56,UAV-2,GCS,1.000
36.56,UAV-2,UAV-3,1.000
36.56,UAV-2,UAV-4,1.000
36.56,UAV-2,UAV-5,1.000
36.56,UAV-3,GCS,1.000
36.56,UAV-3,UAV-4,1.000
36.56,UAV-3,UAV-5,1.000
36.56,UAV-4,GCS,1.000
36.56,UAV-4,UAV-5,1.000
36.56,UAV-5,GCS,1.000
37.56,UAV-1,GCS,1.000
37.56,UAV-1,UAV-2,1.000
37.56,UAV-1,UAV-3,1.000
37.56,UAV-1,UAV-4,1.000
37.56,UAV-1,UAV-5,1.000
37.56,UAV-2,GCS,1.000
37.56,UAV-2,UAV-3,1.000
37.56,UAV-2,UAV-4,1.000
37.56,UAV-2,UAV-5,1.000
37.56,UAV-3,GCS,1.000
37.56,UAV-3,UAV-4,1.000
37.56,UAV-3,UAV-5,1.000
37.56,UAV-4,GCS,1.000
37.56,UAV-4,UAV-5,1.000
37.56,UAV-5,GCS,1.000
38.56,UAV-1,GCS,1.000
38.56,UAV-1,UAV-2,1.000
38.56,UAV-1,UAV-3,1.000
38.56,UAV-1,UAV-4,1.000
38.56,UAV-1,UAV-5,1.000
38.56,UAV-2,GCS,1.000
38.56,UAV-2,UAV-3,1.000
38.56,UAV-2,UAV-4,1.000
38.56,UAV-2,UAV-5,1.000
38.56,UAV-3,GCS,1.000
38.56,UAV-3,UAV-4,1.000
38.56,UAV-3,UAV-5,1.000
38.56,UAV-4,GCS,1.000
38.56,UAV-4,UAV-5,1.000
38.56,UAV-5,GCS,1.000
39.56,UAV-1,GCS,1.000
39.56,UAV-1,UAV-2,1.000
39.56,UAV-1,UAV-3,1.000
39.56,UAV-1,UAV-4,1.000
39.56,UAV-1,UAV-5,1.000
39.56,UAV-2,GCS,1.000
39.56,UAV-2,UAV-3,1.000
39.56,UAV-2,UAV-4,1.000
39.56,UAV-2,UAV-5,1.000
39.56,UAV-3,GCS,1.000
39.56,UAV-3,UAV-4,1.000
39.56,UAV-3,UAV-5,1.000
39.56,UAV-4,GCS,1.000
39.56,UAV-4,UAV-5,1.000
39.56,UAV-5,GCS,1.000
40.56,UAV-1,GCS,1.000
40.56,UAV-1,UAV-2,1.000
40.56,UAV-1,UAV-3,1.000
40.56,UAV-1,UAV-4,1.000
40.56,UAV-1,UAV-5,1.000
40.56,UAV-2,GCS,1.000
40.56,UAV-2,UAV-3,1.000
40.56,UAV-2,UAV-4,1.000
40.56,UAV-2,UAV-5,1.000
40.56,UAV-3,GCS,1.000
40.56,UAV-3,UAV-4,1.000
40.56,UAV-3,UAV-5,1.000
40.56,UAV-4,GCS,1.000
40.56,UAV-4,UAV-5,1.000
40.56,UAV-5,GCS,1.000
41.56,UAV-1,GCS,1.000
41.56,UAV-1,UAV-2,1.000
41.56,UAV-1,UAV-3,1.000
41.56,UAV-1,UAV-4,1.000
41.56,UAV-1,UAV-5,1.000
41.56,UAV-2,GCS,1.000
41.56,UAV-2,UAV-3,1.000
41.56,UAV-2,UAV-4,1.000
41.56,UAV-2,UAV-5,1.000
41.56,UAV-3,GCS,1.000
41.56,UAV-3,UAV-4,1.000
41.56,UAV-3,UAV-5,1.000
41.56,UAV-4,GCS,1.000
41.56,UAV-4,UAV-5,1.000
41.56,UAV-5,GCS,1.000
42.56,UAV-1,GCS,1.000
42.56,UAV-1,UAV-2,1.000
42.56,UAV-1,UAV-3,1.000
42.56,UAV-1,UAV-4,1.000
42.56,UAV-1,UAV-5,1.000
42.56,UAV-2,GCS,1.000
42.56,UAV-2,UAV-3,1.000
42.56,UAV-2,UAV-4,1.000
42.56,UAV-2,UAV-5,1.000
42.56,UAV-3,GCS,1.000
42.56,UAV-3,UAV-4,1.000
42.56,UAV-3,UAV-5,1.000
42.56,UAV-4,GCS,1.000
42.56,UAV-4,UAV-5,1.000
42.56,UAV-5,GCS,1.000
43.56,UAV-1,GCS,1.000
43.56,UAV-1,UAV-2,1.000
43.56,UAV-1,UAV-3,1.000
43.56,UAV-1,UAV-4,1.000
43.56,UAV-1,UAV-5,1.000
43.56,UAV-2,GCS,1.000
43.56,UAV-2,UAV-3,1.000
43.56,UAV-2,UAV-4,1.000
43.56,UAV-2,UAV-5,1.000
43.56,UAV-3,GCS,1.000
43.56,UAV-3,UAV-4,1.000
43.56,UAV-3,UAV-5,1.000
43.56,UAV-4,GCS,1.000
43.56,UAV-4,UAV-5,1.000
43.56,UAV-5,GCS,1.000
44.56,UAV-1,GCS,1.000
44.56,UAV-1,UAV-2,1.000
44.56,UAV-1,UAV-3,1.000
44.56,UAV-1,UAV-4,1.000
44.56,UAV-1,UAV-5,1.000
44.56,UAV-2,GCS,1.000
44.56,UAV-2,UAV-3,1.000
44.56,UAV-2,UAV-4,1.000
44.56,UAV-2,UAV-5,1.000
44.56,UAV-3,GCS,1.000
44.56,UAV-3,UAV-4,1.000
44.56,UAV-3,UAV-5,1.000
44.56,UAV-4,GCS,1.000
44.56,UAV-4,UAV-5,1.000
44.56,UAV-5,GCS,1.000
45.56,UAV-1,GCS,1.000
45.56,UAV-1,UAV-2,1.000
45.56,UAV-1,UAV-3,1.000
45.56,UAV-1,UAV-4,1.000
45.56,UAV-1,UAV-5,1.000
45.56,UAV-2,GCS,1.000
45.56,UAV-2,UAV-3,1.000
45.56,UAV-2,UAV-4,1.000
45.56,UAV-2,UAV-5,1.000
45.56,UAV-3,GCS,1.000
45.56,UAV-3,UAV-4,1.000
45.56,UAV-3,UAV-5,1.000
45.56,UAV-4,GCS,1.000
45.56,UAV-4,UAV-5,1.000
45.56,UAV-5,GCS,1.000
46.56,UAV-1,GCS,1.000
46.56,UAV-1,UAV-2,1.000
46.56,UAV-1,UAV-3,1.000
46.56,UAV-1,UAV-4,1.000
46.56,UAV-1,UAV-5,1.000
46.56,UAV-2,GCS,1.000
46.56,UAV-2,UAV-3,1.000
46.56,UAV-2,UAV-4,1.000
46.56,UAV-2,UAV-5,1.000
46.56,UAV-3,GCS,1.000
46.56,UAV-3,UAV-4,1.000
46.56,UAV-3,UAV-5,1.000
46.56,UAV-4,GCS,1.000
46.56,UAV-4,UAV-5,1.000
46.56,UAV-5,GCS,1.000
47.56,UAV-1,GCS,1.000
47.56,UAV-1,UAV-2,1.000
47.56,UAV-1,UAV-3,1.000
47.56,UAV-1,UAV-4,1.000
47.56,UAV-1,UAV-5,1.000
47.56,UAV-2,GCS,1.000
47.56,UAV-2,UAV-3,1.000
47.56,UAV-2,UAV-4,1.000
47.56,UAV-2,UAV-5,1.000
47.56,UAV-3,GCS,1.000
47.56,UAV-3,UAV-4,1.000
47.56,UAV-3,UAV-5,1.000
47.56,UAV-4,GCS,1.000
47.56,UAV-4,UAV-5,1.000
47.56,UAV-5,GCS,1.000
48.56,UAV-1,GCS,1.000
48.56,UAV-1,UAV-2,1.000
48.56,UAV-1,UAV-3,1.000
48.56,UAV-1,UAV-4,1.000
48.56,UAV-1,UAV-5,1.000
48.56,UAV-2,GCS,1.000
48.56,UAV-2,UAV-3,1.000
48.56,UAV-2,UAV-4,1.000
48.56,UAV-2,UAV-5,1.000
48.56,UAV-3,GCS,1.000
48.56,UAV-3,UAV-4,1.000
48.56,UAV-3,UAV-5,1.000
48.56,UAV-4,GCS,1.000
48.56,UAV-4,UAV-5,1.000
48.56,UAV-5,GCS,1.000
49.56,UAV-1,GCS,1.000
49.56,UAV-1,UAV-2,1.000
49.56,UAV-1,UAV-3,1.000
49.56,UAV-1,UAV-4,1.000
49.56,UAV-1,UAV-5,1.000
49.56,UAV-2,GCS,1.000
49.56,UAV-2,UAV-3,1.000
49.56,UAV-2,UAV-4,1.000
49.56,UAV-2,UAV-5,1.000
49.56,UAV-3,GCS,1.000
49.56,UAV-3,UAV-4,1.000
49.56,UAV-3,UAV-5,1.000
49.56,UAV-4,GCS,1.000
49.56,UAV-4,UAV-5,1.000
49.56,UAV-5,GCS,1.000
50.56,UAV-1,GCS,1.000
50.56,UAV-1,UAV-2,1.000
50.56,UAV-1,UAV-3,1.000
50.56,UAV-1,UAV-4,1.000
50.56,UAV-1,UAV-5,1.000
50.56,UAV-2,GCS,1.000
50.56,UAV-2,UAV-3,1.000
50.56,UAV-2,UAV-4,1.000
50.56,UAV-2,UAV-5,1.000
50.56,UAV-3,GCS,1.000
50.56,UAV-3,UAV-4,1.000
50.56,UAV-3,UAV-5,1.000
50.56,UAV-4,GCS,1.000
50.56,UAV-4,UAV-5,1.000
50.56,UAV-5,GCS,1.000
51.56,UAV-1,GCS,1.000
51.56,UAV-1,UAV-2,1.000
51.56,UAV-1,UAV-3,1.000
51.56,UAV-1,UAV-4,1.000
51.56,UAV-1,UAV-5,1.000
51.56,UAV-2,GCS,1.000
51.56,UAV-2,UAV-3,1.000
51.56,UAV-2,UAV-4,1.000
51.56,UAV-2,UAV-5,1.000
51.56,UAV-3,GCS,1.000
51.56,UAV-3,UAV-4,1.000
51.56,UAV-3,UAV-5,1.000
51.56,UAV-4,GCS,1.000
51.56,UAV-4,UAV-5,1.000
51.56,UAV-5,GCS,1.000
52.56,UAV-1,GCS,1.000
52.56,UAV-1,UAV-2,1.000
52.56,UAV-1,UAV-3,1.000
52.56,UAV-1,UAV-4,1.000
52.56,UAV-1,UAV-5,1.000
52.56,UAV-2,GCS,1.000
52.56,UAV-2,UAV-3,1.000
52.56,UAV-2,UAV-4,1.000
52.56,UAV-2,UAV-5,1.000
52.56,UAV-3,GCS,1.000
52.56,UAV-3,UAV-4,1.000
52.56,UAV-3,UAV-5,1.000
52.56,UAV-4,GCS,1.000
52.56,UAV-4,UAV-5,1.000
52.56,UAV-5,GCS,1.000
53.56,UAV-1,GCS,1.000
53.56,UAV-1,UAV-2,1.000
53.56,UAV-1,UAV-3,1.000
53.56,UAV-1,UAV-4,1.000
53.56,UAV-1,UAV-5,1.000
53.56,UAV-2,GCS,1.000
53.56,UAV-2,UAV-3,1.000
53.56,UAV-2,UAV-4,1.000
53.56,UAV-2,UAV-5,1.000
53.56,UAV-3,GCS,1.000
53.56,UAV-3,UAV-4,1.000
53.56,UAV-3,UAV-5,1.000
53.56,UAV-4,GCS,1.000
53.56,UAV-4,UAV-5,1.000
53.56,UAV-5,GCS,1.000
54.56,UAV-1,GCS,1.000
54.56,UAV-1,UAV-2,1.000
54.56,UAV-1,UAV-3,1.000
54.56,UAV-1,UAV-4,1.000
54.56,UAV-1,UAV-5,1.000
54.56,UAV-2,GCS,1.000
54.56,UAV-2,UAV-3,1.000
54.56,UAV-2,UAV-4,1.000
54.56,UAV-2,UAV-5,1.000
54.56,UAV-3,GCS,1.000
54.56,UAV-3,UAV-4,1.000
54.56,UAV-3,UAV-5,1.000
54.56,UAV-4,GCS,1.000
54.56,UAV-4,UAV-5,1.000
54.56,UAV-5,GCS,1.000
55.56,UAV-1,GCS,1.000
55.56,UAV-1,UAV-2,1.000
55.56,UAV-1,UAV-3,1.000
55.56,UAV-1,UAV-4,1.000
55.56,UAV-1,UAV-5,1.000
55.56,UAV-2,GCS,1.000
55.56,UAV-2,UAV-3,1.000
55.56,UAV-2,UAV-4,1.000
55.56,UAV-2,UAV-5,1.000
55.56,UAV-3,GCS,1.000
55.56,UAV-3,UAV-4,1.000
55.56,UAV-3,UAV-5,1.000
55.56,UAV-4,GCS,1.000
55.56,UAV-4,UAV-5,1.000
55.56,UAV-5,GCS,1.000
56.56,UAV-1,GCS,1.000
56.56,UAV-1,UAV-2,1.000
56.56,UAV-1,UAV-3,1.000
56.56,UAV-1,UAV-4,1.000
56.56,UAV-1,UAV-5,1.000
56.56,UAV-2,GCS,1.000
56.56,UAV-2,UAV-3,1.000
56.56,UAV-2,UAV-4,1.000
56.56,UAV-2,UAV-5,1.000
56.56,UAV-3,GCS,1.000
56.56,UAV-3,UAV-4,1.000
56.56,UAV-3,UAV-5,1.000
56.56,UAV-4,GCS,1.000
56.56,UAV-4,UAV-5,1.000
56.56,UAV-5,GCS,1.000
57.56,UAV-1,GCS,1.000
57.56,UAV-1,UAV-2,1.000
57.56,UAV-1,UAV-3,1.000
57.56,UAV-1,UAV-4,1.000
57.56,UAV-1,UAV-5,1.000
57.56,UAV-2,GCS,1.000
57.56,UAV-2,UAV-3,1.000
57.56,UAV-2,UAV-4,1.000
57.56,UAV-2,UAV-5,1.000
57.56,UAV-3,GCS,1.000
57.56,UAV-3,UAV-4,1.000
57.56,UAV-3,UAV-5,1.000
57.56,UAV-4,GCS,1.000
57.56,UAV-4,UAV-5,1.000
57.56,UAV-5,GCS,1.000
58.56,UAV-1,GCS,1.000
58.56,UAV-1,UAV-2,1.000
58.56,UAV-1,UAV-3,1.000
58.56,UAV-1,UAV-4,1.000
58.56,UAV-1,UAV-5,1.000
58.56,UAV-2,GCS,1.000
58.56,UAV-2,UAV-3,1.000
58.56,UAV-2,UAV-4,1.000
58.56,UAV-2,UAV-5,1.000
58.56,UAV-3,GCS,1.000
58.56,UAV-3,UAV-4,1.000
58.56,UAV-3,UAV-5,1.000
58.56,UAV-4,GCS,1.000
58.56,UAV-4,UAV-5,1.000
58.56,UAV-5,GCS,1.000
59.56,UAV-1,GCS,1.000
59.56,UAV-1,UAV-2,1.000
59.56,UAV-1,UAV-3,1.000
59.56,UAV-1,UAV-4,1.000
59.56,UAV-1,UAV-5,1.000
59.56,UAV-2,GCS,1.000
59.56,UAV-2,UAV-3,1.000
59.56,UAV-2,UAV-4,1.000
59.56,UAV-2,UAV-5,1.000
59.56,UAV-3,GCS,1.000
59.56,UAV-3,UAV-4,1.000
59.56,UAV-3,UAV-5,1.000
59.56,UAV-4,GCS,1.000
59.56,UAV-4,UAV-5,1.000
59.56,UAV-5,GCS,1.000
60.56,UAV-1,GCS,1.000
60.56,UAV-1,UAV-2,1.000
60.56,UAV-1,UAV-3,1.000
60.56,UAV-1,UAV-4,1.000
60.56,UAV-1,UAV-5,1.000
60.56,UAV-2,GCS,1.000
60.56,UAV-2,UAV-3,1.000
60.56,UAV-2,UAV-4,1.000
60.56,UAV-2,UAV-5,1.000
60.56,UAV-3,GCS,1.000
60.56,UAV-3,UAV-4,1.000
60.56,UAV-3,UAV-5,1.000
60.56,UAV-4,GCS,1.000
60.56,UAV-4,UAV-5,1.000
60.56,UAV-5,GCS,1.000
61.56,UAV-1,GCS,1.000
61.56,UAV-1,UAV-2,1.000
61.56,UAV-1,UAV-3,1.000
61.56,UAV-1,UAV-4,1.000
61.56,UAV-1,UAV-5,1.000
61.56,UAV-2,GCS,1.000
61.56,UAV-2,UAV-3,1.000
61.56,UAV-2,UAV-4,1.000
61.56,UAV-2,UAV-5,1.000
61.56,UAV-3,GCS,1.000
61.56,UAV-3,UAV-4,1.000
61.56,UAV-3,UAV-5,1.000
61.56,UAV-4,GCS,1.000
61.56,UAV-4,UAV-5,1.000
61.56,UAV-5,GCS,1.000
62.56,UAV-1,GCS,1.000
62.56,UAV-1,UAV-2,1.000
62.56,UAV-1,UAV-3,1.000
62.56,UAV-1,UAV-4,1.000
62.56,UAV-1,UAV-5,1.000
62.56,UAV-2,GCS,1.000
62.56,UAV-2,UAV-3,1.000
62.56,UAV-2,UAV-4,1.000
62.56,UAV-2,UAV-5,1.000
62.56,UAV-3,GCS,1.000
62.56,UAV-3,UAV-4,1.000
62.56,UAV-3,UAV-5,1.000
62.56,UAV-4,GCS,1.000
62.56,UAV-4,UAV-5,1.000
62.56,UAV-5,GCS,1.000
63.56,UAV-1,GCS,1.000
63.56,UAV-1,UAV-2,1.000
63.56,UAV-1,UAV-3,1.000
63.56,UAV-1,UAV-4,1.000
63.56,UAV-1,UAV-5,1.000
63.56,UAV-2,GCS,1.000
63.56,UAV-2,UAV-3,1.000
63.56,UAV-2,UAV-4,1.000
63.56,UAV-2,UAV-5,1.000
63.56,UAV-3,GCS,1.000
63.56,UAV-3,UAV-4,1.000
63.56,UAV-3,UAV-5,1.000
63.56,UAV-4,GCS,1.000
63.56,UAV-4,UAV-5,1.000
63.56,UAV-5,GCS,1.000
64.58,UAV-1,GCS,0.958
64.58,UAV-1,UAV-2,1.000
64.58,UAV-1,UAV-3,1.000
64.58,UAV-1,UAV-4,1.000
64.58,UAV-1,UAV-5,1.000
64.58,UAV-2,GCS,1.000
64.58,UAV-2,UAV-3,1.000
64.58,UAV-2,UAV-4,1.000
64.58,UAV-2,UAV-5,1.000
64.58,UAV-3,GCS,1.000
64.58,UAV-3,UAV-4,1.000
64.58,UAV-3,UAV-5,1.000
64.58,UAV-4,GCS,1.000
64.58,UAV-4,UAV-5,1.000
64.58,UAV-5,GCS,1.000
65.60,UAV-1,GCS,1.000
65.60,UAV-1,UAV-2,1.000
65.60,UAV-1,UAV-3,1.000
65.60,UAV-1,UAV-4,1.000
65.60,UAV-1,UAV-5,1.000
65.60,UAV-2,GCS,1.000
65.60,UAV-2,UAV-3,1.000
65.60,UAV-2,UAV-4,1.000
65.60,UAV-2,UAV-5,1.000
65.60,UAV-3,GCS,1.000
65.60,UAV-3,UAV-4,1.000
65.60,UAV-3,UAV-5,1.000
65.60,UAV-4,GCS,1.000
65.60,UAV-4,UAV-5,1.000
65.60,UAV-5,GCS,1.000
66.62,UAV-1,GCS,1.000
66.62,UAV-1,UAV-2,1.000
66.62,UAV-1,UAV-3,1.000
66.62,UAV-1,UAV-4,1.000
66.62,UAV-1,UAV-5,1.000
66.62,UAV-2,GCS,1.000
66.62,UAV-2,UAV-3,1.000
66.62,UAV-2,UAV-4,1.000
66.62,UAV-2,UAV-5,1.000
66.62,UAV-3,GCS,1.000
66.62,UAV-3,UAV-4,1.000
66.62,UAV-3,UAV-5,1.000
66.62,UAV-4,GCS,1.000
66.62,UAV-4,UAV-5,1.000
66.62,UAV-5,GCS,1.000
67.64,UAV-1,GCS,1.000
67.64,UAV-1,UAV-2,1.000
67.64,UAV-1,UAV-3,1.000
67.64,UAV-1,UAV-4,1.000
67.64,UAV-1,UAV-5,1.000
67.64,UAV-2,GCS,1.000
67.64,UAV-2,UAV-3,1.000
67.64,UAV-2,UAV-4,1.000
67.64,UAV-2,UAV-5,1.000
67.64,UAV-3,GCS,1.000
67.64,UAV-3,UAV-4,1.000
67.64,UAV-3,UAV-5,1.000
67.64,UAV-4,GCS,1.000
67.64,UAV-4,UAV-5,1.000
67.64,UAV-5,GCS,1.000
68.66,UAV-1,GCS,1.000
68.66,UAV-1,UAV-2,1.000
68.66,UAV-1,UAV-3,1.000
68.66,UAV-1,UAV-4,1.000
68.66,UAV-1,UAV-5,1.000
68.66,UAV-2,GCS,1.000
68.66,UAV-2,UAV-3,1.000
68.66,UAV-2,UAV-4,1.000
68.66,UAV-2,UAV-5,1.000
68.66,UAV-3,GCS,1.000
68.66,UAV-3,UAV-4,1.000
68.66,UAV-3,UAV-5,1.000
68.66,UAV-4,GCS,1.000
68.66,UAV-4,UAV-5,1.000
68.66,UAV-5,GCS,1.000
69.68,UAV-1,GCS,1.000
69.68,UAV-1,UAV-2,1.000
69.68,UAV-1,UAV-3,1.000
69.68,UAV-1,UAV-4,1.000
69.68,UAV-1,UAV-5,1.000
69.68,UAV-2,GCS,1.000
69.68,UAV-2,UAV-3,1.000
69.68,UAV-2,UAV-4,1.000
69.68,UAV-2,UAV-5,1.000
69.68,UAV-3,GCS,1.000
69.68,UAV-3,UAV-4,1.000
69.68,UAV-3,UAV-5,1.000
69.68,UAV-4,GCS,1.000
69.68,UAV-4,UAV-5,1.000
69.68,UAV-5,GCS,1.000
70.70,UAV-1,GCS,1.000
70.70,UAV-1,UAV-2,1.000
70.70,UAV-1,UAV-3,1.000
70.70,UAV-1,UAV-4,1.000
70.70,UAV-1,UAV-5,1.000
70.70,UAV-2,GCS,1.000
70.70,UAV-2,UAV-3,1.000
70.70,UAV-2,UAV-4,1.000
70.70,UAV-2,UAV-5,1.000
70.70,UAV-3,GCS,1.000
70.70,UAV-3,UAV-4,1.000
70.70,UAV-3,UAV-5,1.000
70.70,UAV-4,GCS,1.000
70.70,UAV-4,UAV-5,1.000
70.70,UAV-5,GCS,1.000
71.72,UAV-1,GCS,1.000
71.72,UAV-1,UAV-2,1.000
71.72,UAV-1,UAV-3,1.000
71.72,UAV-1,UAV-4,1.000
71.72,UAV-1,UAV-5,1.000
71.72,UAV-2,GCS,1.000
71.72,UAV-2,UAV-3,1.000
71.72,UAV-2,UAV-4,1.000
71.72,UAV-2,UAV-5,1.000
71.72,UAV-3,GCS,1.000
71.72,UAV-3,UAV-4,1.000
71.72,UAV-3,UAV-5,1.000
71.72,UAV-4,GCS,1.000
71.72,UAV-4,UAV-5,1.000
71.72,UAV-5,GCS,1.000
72.74,UAV-1,GCS,1.000
72.74,UAV-1,UAV-2,1.000
72.74,UAV-1,UAV-3,1.000
72.74,UAV-1,UAV-4,1.000
72.74,UAV-1,UAV-5,1.000
72.74,UAV-2,GCS,1.000
72.74,UAV-2,UAV-3,1.000
72.74,UAV-2,UAV-4,1.000
72.74,UAV-2,UAV-5,1.000
72.74,UAV-3,GCS,1.000
72.74,UAV-3,UAV-4,1.000
72.74,UAV-3,UAV-5,1.000
72.74,UAV-4,GCS,1.000
72.74,UAV-4,UAV-5,1.000
72.74,UAV-5,GCS,1.000
73.76,UAV-1,GCS,1.000
73.76,UAV-1,UAV-2,1.000
73.76,UAV-1,UAV-3,1.000
73.76,UAV-1,UAV-4,1.000
73.76,UAV-1,UAV-5,1.000
73.76,UAV-2,GCS,1.000
73.76,UAV-2,UAV-3,1.000
73.76,UAV-2,UAV-4,1.000
73.76,UAV-2,UAV-5,1.000
73.76,UAV-3,GCS,1.000
73.76,UAV-3,UAV-4,1.000
73.76,UAV-3,UAV-5,1.000
73.76,UAV-4,GCS,1.000
73.76,UAV-4,UAV-5,1.000
73.76,UAV-5,GCS,1.000
74.78,UAV-1,GCS,1.000
74.78,UAV-1,UAV-2,1.000
74.78,UAV-1,UAV-3,1.000
74.78,UAV-1,UAV-4,1.000
74.78,UAV-1,UAV-5,1.000
74.78,UAV-2,GCS,1.000
74.78,UAV-2,UAV-3,1.000
74.78,UAV-2,UAV-4,1.000
74.78,UAV-2,UAV-5,1.000
74.78,UAV-3,GCS,1.000
74.78,UAV-3,UAV-4,1.000
74.78,UAV-3,UAV-5,1.000
74.78,UAV-4,GCS,1.000
74.78,UAV-4,UAV-5,1.000
74.78,UAV-5,GCS,1.000
75.80,UAV-1,GCS,1.000
75.80,UAV-1,UAV-2,1.000
75.80,UAV-1,UAV-3,1.000
75.80,UAV-1,UAV-4,1.000
75.80,UAV-1,UAV-5,1.000
75.80,UAV-2,GCS,1.000
75.80,UAV-2,UAV-3,1.000
75.80,UAV-2,UAV-4,1.000
75.80,UAV-2,UAV-5,1.000
75.80,UAV-3,GCS,1.000
75.80,UAV-3,UAV-4,1.000
75.80,UAV-3,UAV-5,1.000
75.80,UAV-4,GCS,1.000
75.80,UAV-4,UAV-5,1.000
75.80,UAV-5,GCS,1.000
76.82,UAV-1,GCS,1.000
76.82,UAV-1,UAV-2,1.000
76.82,UAV-1,UAV-3,1.000
76.82,UAV-1,UAV-4,1.000
76.82,UAV-1,UAV-5,1.000
76.82,UAV-2,GCS,1.000
76.82,UAV-2,UAV-3,1.000
76.82,UAV-2,UAV-4,1.000
76.82,UAV-2,UAV-5,1.000
76.82,UAV-3,GCS,1.000
76.82,UAV-3,UAV-4,1.000
76.82,UAV-3,UAV-5,1.000
76.82,UAV-4,GCS,1.000
76.82,UAV-4,UAV-5,1.000
76.82,UAV-5,GCS,1.000
77.84,UAV-1,GCS,1.000
77.84,UAV-1,UAV-2,1.000
77.84,UAV-1,UAV-3,1.000
77.84,UAV-1,UAV-4,1.000
77.84,UAV-1,UAV-5,1.000
77.84,UAV-2,GCS,1.000
77.84,UAV-2,UAV-3,1.000
77.84,UAV-2,UAV-4,1.000
77.84,UAV-2,UAV-5,1.000
77.84,UAV-3,GCS,1.000
77.84,UAV-3,UAV-4,1.000
77.84,UAV-3,UAV-5,1.000
77.84,UAV-4,GCS,1.000
77.84,UAV-4,UAV-5,1.000
77.84,UAV-5,GCS,1.000
78.86,UAV-1,GCS,1.000
78.86,UAV-1,UAV-2,1.000
78.86,UAV-1,UAV-3,1.000
78.86,UAV-1,UAV-4,1.000
78.86,UAV-1,UAV-5,1.000
78.86,UAV-2,GCS,1.000
78.86,UAV-2,UAV-3,1.000
78.86,UAV-2,UAV-4,1.000
78.86,UAV-2,UAV-5,1.000
78.86,UAV-3,GCS,1.000
78.86,UAV-3,UAV-4,1.000
78.86,UAV-3,UAV-5,1.000
78.86,UAV-4,GCS,1.000
78.86,UAV-4,UAV-5,1.000
78.86,UAV-5,GCS,1.000
79.88,UAV-1,GCS,1.000
79.88,UAV-1,UAV-2,1.000
79.88,UAV-1,UAV-3,1.000
79.88,UAV-1,UAV-4,1.000
79.88,UAV-1,UAV-5,1.000
79.88,UAV-2,GCS,1.000
79.88,UAV-2,UAV-3,1.000
79.88,UAV-2,UAV-4,1.000
79.88,UAV-2,UAV-5,1.000
79.88,UAV-3,GCS,1.000
79.88,UAV-3,UAV-4,1.000
79.88,UAV-3,UAV-5,1.000
79.88,UAV-4,GCS,1.000
79.88,UAV-4,UAV-5,1.000
79.88,UAV-5,GCS,1.000
80.90,UAV-1,GCS,1.000
80.90,UAV-1,UAV-2,1.000
80.90,UAV-1,UAV-3,1.000
80.90,UAV-1,UAV-4,1.000
80.90,UAV-1,UAV-5,1.000
80.90,UAV-2,GCS,1.000
80.90,UAV-2,UAV-3,1.000
80.90,UAV-2,UAV-4,1.000
80.90,UAV-2,UAV-5,1.000
80.90,UAV-3,GCS,1.000
80.90,UAV-3,UAV-4,1.000
80.90,UAV-3,UAV-5,1.000
80.90,UAV-4,GCS,1.000
80.90,UAV-4,UAV-5,1.000
80.90,UAV-5,GCS,1.000
81.92,UAV-1,GCS,1.000
81.92,UAV-1,UAV-2,1.000
81.92,UAV-1,UAV-3,1.000
81.92,UAV-1,UAV-4,1.000
81.92,UAV-1,UAV-5,1.000
81.92,UAV-2,GCS,1.000
81.92,UAV-2,UAV-3,1.000
81.92,UAV-2,UAV-4,1.000
81.92,UAV-2,UAV-5,1.000
81.92,UAV-3,GCS,1.000
81.92,UAV-3,UAV-4,1.000
81.92,UAV-3,UAV-5,1.000
81.92,UAV-4,GCS,1.000
81.92,UAV-4,UAV-5,1.000
81.92,UAV-5,GCS,1.000
82.94,UAV-1,GCS,1.000
82.94,UAV-1,UAV-2,1.000
82.94,UAV-1,UAV-3,1.000
82.94,UAV-1,UAV-4,1.000
82.94,UAV-1,UAV-5,1.000
82.94,UAV-2,GCS,1.000
82.94,UAV-2,UAV-3,1.000
82.94,UAV-2,UAV-4,1.000
82.94,UAV-2,UAV-5,1.000
82.94,UAV-3,GCS,1.000
82.94,UAV-3,UAV-4,1.000
82.94,UAV-3,UAV-5,1.000
82.94,UAV-4,GCS,1.000
82.94,UAV-4,UAV-5,1.000
82.94,UAV-5,GCS,1.000
83.96,UAV-1,GCS,1.000
83.96,UAV-1,UAV-2,1.000
83.96,UAV-1,UAV-3,1.000
83.96,UAV-1,UAV-4,1.000
83.96,UAV-1,UAV-5,1.000
83.96,UAV-2,GCS,1.000
83.96,UAV-2,UAV-3,1.000
83.96,UAV-2,UAV-4,1.000
83.96,UAV-2,UAV-5,1.000
83.96,UAV-3,GCS,1.000
83.96,UAV-3,UAV-4,1.000
83.96,UAV-3,UAV-5,1.000
83.96,UAV-4,GCS,1.000
83.96,UAV-4,UAV-5,1.000
83.96,UAV-5,GCS,1.000
84.98,UAV-1,GCS,1.000
84.98,UAV-1,UAV-2,1.000
84.98,UAV-1,UAV-3,1.000
84.98,UAV-1,UAV-4,1.000
84.98,UAV-1,UAV-5,1.000
84.98,UAV-2,GCS,1.000
84.98,UAV-2,UAV-3,1.000
84.98,UAV-2,UAV-4,1.000
84.98,UAV-2,UAV-5,1.000
84.98,UAV-3,GCS,1.000
84.98,UAV-3,UAV-4,1.000
84.98,UAV-3,UAV-5,1.000
84.98,UAV-4,GCS,1.000
84.98,UAV-4,UAV-5,1.000
84.98,UAV-5,GCS,1.000
86.00,UAV-1,GCS,1.000
86.00,UAV-1,UAV-2,1.000
86.00,UAV-1,UAV-3,1.000
86.00,UAV-1,UAV-4,1.000
86.00,UAV-1,UAV-5,1.000
86.00,UAV-2,GCS,1.000
86.00,UAV-2,UAV-3,1.000
86.00,UAV-2,UAV-4,1.000
86.00,UAV-2,UAV-5,1.000
86.00,UAV-3,GCS,1.000
86.00,UAV-3,UAV-4,1.000
86.00,UAV-3,UAV-5,1.000
86.00,UAV-4,GCS,1.000
86.00,UAV-4,UAV-5,1.000
86.00,UAV-5,GCS,1.000
87.02,UAV-1,GCS,1.000
87.02,UAV-1,UAV-2,1.000
87.02,UAV-1,UAV-3,1.000
87.02,UAV-1,UAV-4,0.986
87.02,UAV-1,UAV-5,1.000
87.02,UAV-2,GCS,1.000
87.02,UAV-2,UAV-3,1.000
87.02,UAV-2,UAV-4,1.000
87.02,UAV-2,UAV-5,1.000
87.02,UAV-3,GCS,1.000
87.02,UAV-3,UAV-4,1.000
87.02,UAV-3,UAV-5,1.000
87.02,UAV-4,GCS,1.000
87.02,UAV-4,UAV-5,1.000
87.02,UAV-5,GCS,1.000
88.04,UAV-1,GCS,1.000
88.04,UAV-1,UAV-2,1.000
88.04,UAV-1,UAV-3,1.000
88.04,UAV-1,UAV-4,0.771
88.04,UAV-1,UAV-5,1.000
88.04,UAV-2,GCS,1.000
88.04,UAV-2,UAV-3,1.000
88.04,UAV-2,UAV-4,1.000
88.04,UAV-2,UAV-5,1.000
88.04,UAV-3,GCS,1.000
88.04,UAV-3,UAV-4,1.000
88.04,UAV-3,UAV-5,1.000
88.04,UAV-4,GCS,1.000
88.04,UAV-4,UAV-5,1.000
88.04,UAV-5,GCS,1.000
89.06,UAV-1,GCS,0.921
89.06,UAV-1,UAV-2,1.000
89.06,UAV-1,UAV-3,1.000
89.06,UAV-1,UAV-4,0.383
89.06,UAV-1,UAV-5,1.000
89.06,UAV-2,GCS,1.000
89.06,UAV-2,UAV-3,1.000
89.06,UAV-2,UAV-4,1.000
89.06,UAV-2,UAV-5,1.000
89.06,UAV-3,GCS,1.000
89.06,UAV-3,UAV-4,1.000
89.06,UAV-3,UAV-5,1.000
89.06,UAV-4,GCS,1.000
89.06,UAV-4,UAV-5,1.000
89.06,UAV-5,GCS,1.000
90.08,UAV-1,GCS,0.755
90.08,UAV-1,UAV-2,1.000
90.08,UAV-1,UAV-3,1.000
90.08,UAV-1,UAV-4,0.343
90.08,UAV-1,UAV-5,1.000
90.08,UAV-2,GCS,1.000
90.08,UAV-2,UAV-3,1.000
90.08,UAV-2,UAV-4,1.000
90.08,UAV-2,UAV-5,1.000
90.08,UAV-3,GCS,1.000
90.08,UAV-3,UAV-4,1.000
90.08,UAV-3,UAV-5,1.000
90.08,UAV-4,GCS,1.000
90.08,UAV-4,UAV-5,1.000
90.08,UAV-5,GCS,1.000
91.10,UAV-1,GCS,0.289
91.10,UAV-1,UAV-2,1.000
91.10,UAV-1,UAV-3,1.000
91.10,UAV-1,UAV-4,0.125
91.10,UAV-1,UAV-5,1.000
91.10,UAV-2,GCS,1.000
91.10,UAV-2,UAV-3,1.000
91.10,UAV-2,UAV-4,1.000
91.10,UAV-2,UAV-5,1.000
91.10,UAV-3,GCS,1.000
91.10,UAV-3,UAV-4,1.000
91.10,UAV-3,UAV-5,1.000
91.10,UAV-4,GCS,1.000
91.10,UAV-4,UAV-5,1.000
91.10,UAV-5,GCS,1.000
92.12,UAV-1,GCS,0.431
92.12,UAV-1,UAV-2,1.000
92.12,UAV-1,UAV-3,1.000
92.12,UAV-1,UAV-4,0.002
92.12,UAV-1,UAV-5,1.000
92.12,UAV-2,GCS,1.000
92.12,UAV-2,UAV-3,1.000
92.12,UAV-2,UAV-4,1.000
92.12,UAV-2,UAV-5,1.000
92.12,UAV-3,GCS,1.000
92.12,UAV-3,UAV-4,1.000
92.12,UAV-3,UAV-5,1.000
92.12,UAV-4,GCS,1.000
92.12,UAV-4,UAV-5,1.000
92.12,UAV-5,GCS,1.000
93.14,UAV-1,GCS,0.422
93.14,UAV-1,UAV-2,1.000
93.14,UAV-1,UAV-3,1.000
93.14,UAV-1,UAV-4,0.005
93.14,UAV-1,UAV-5,1.000
93.14,UAV-2,GCS,1.000
93.14,UAV-2,UAV-3,1.000
93.14,UAV-2,UAV-4,1.000
93.14,UAV-2,UAV-5,1.000
93.14,UAV-3,GCS,0.834
93.14,UAV-3,UAV-4,1.000
93.14,UAV-3,UAV-5,1.000
93.14,UAV-4,GCS,1.000
93.14,UAV-4,UAV-5,1.000
93.14,UAV-5,GCS,1.000
94.16,UAV-1,GCS,0.508
94.16,UAV-1,UAV-2,1.000
94.16,UAV-1,UAV-3,1.000
94.16,UAV-1,UAV-4,0.030
94.16,UAV-1,UAV-5,1.000
94.16,UAV-2,GCS,1.000
94.16,UAV-2,UAV-3,1.000
94.16,UAV-2,UAV-4,1.000
94.16,UAV-2,UAV-5,1.000
94.16,UAV-3,GCS,0.698
94.16,UAV-3,UAV-4,1.000
94.16,UAV-3,UAV-5,1.000
94.16,UAV-4,GCS,1.000
94.16,UAV-4,UAV-5,1.000
94.16,UAV-5,GCS,1.000
95.18,UAV-1,GCS,0.422
95.18,UAV-1,UAV-2,1.000
95.18,UAV-1,UAV-3,1.000
95.18,UAV-1,UAV-4,0.000
95.18,UAV-1,UAV-5,1.000
95.18,UAV-2,GCS,1.000
95.18,UAV-2,UAV-3,1.000
95.18,UAV-2,UAV-4,1.000
95.18,UAV-2,UAV-5,1.000
95.18,UAV-3,GCS,0.406
95.18,UAV-3,UAV-4,1.000
95.18,UAV-3,UAV-5,1.000
95.18,UAV-4,GCS,1.000
95.18,UAV-4,UAV-5,1.000
95.18,UAV-5,GCS,1.000
96.20,UAV-1,GCS,0.576
96.20,UAV-1,UAV-2,1.000
96.20,UAV-1,UAV-3,1.000
96.20,UAV-1,UAV-4,0.000
96.20,UAV-1,UAV-5,1.000
96.20,UAV-2,GCS,1.000
96.20,UAV-2,UAV-3,1.000
96.20,UAV-2,UAV-4,1.000
96.20,UAV-2,UAV-5,1.000
96.20,UAV-3,GCS,0.162
96.20,UAV-3,UAV-4,1.000
96.20,UAV-3,UAV-5,1.000
96.20,UAV-4,GCS,1.000
96.20,UAV-4,UAV-5,1.000
96.20,UAV-5,GCS,1.000
97.22,UAV-1,GCS,0.699
97.22,UAV-1,UAV-2,1.000
97.22,UAV-1,UAV-3,1.000
97.22,UAV-1,UAV-4,0.001
97.22,UAV-1,UAV-5,1.000
97.22,UAV-2,GCS,1.000
97.22,UAV-2,UAV-3,1.000
97.22,UAV-2,UAV-4,1.000
97.22,UAV-2,UAV-5,1.000
97.22,UAV-3,GCS,0.003
97.22,UAV-3,UAV-4,1.000
97.22,UAV-3,UAV-5,1.000
97.22,UAV-4,GCS,1.000
97.22,UAV-4,UAV-5,1.000
97.22,UAV-5,GCS,1.000
98.24,UAV-1,GCS,0.928
98.24,UAV-1,UAV-2,1.000
98.24,UAV-1,UAV-3,1.000
98.24,UAV-1,UAV-4,0.000
98.24,UAV-1,UAV-5,1.000
98.24,UAV-2,GCS,1.000
98.24,UAV-2,UAV-3,1.000
98.24,UAV-2,UAV-4,1.000
98.24,UAV-2,UAV-5,1.000
98.24,UAV-3,GCS,0.005
98.24,UAV-3,UAV-4,1.000
98.24,UAV-3,UAV-5,1.000
98.24,UAV-4,GCS,1.000
98.24,UAV-4,UAV-5,1.000
98.24,UAV-5,GCS,1.000
99.26,UAV-1,GCS,1.000
99.26,UAV-1,UAV-2,1.000
99.26,UAV-1,UAV-3,1.000
99.26,UAV-1,UAV-4,0.000
99.26,UAV-1,UAV-5,1.000
99.26,UAV-2,GCS,1.000
99.26,UAV-2,UAV-3,1.000
99.26,UAV-2,UAV-4,1.000
99.26,UAV-2,UAV-5,1.000
99.26,UAV-3,GCS,0.067
99.26,UAV-3,UAV-4,1.000
99.26,UAV-3,UAV-5,1.000
99.26,UAV-4,GCS,1.000
99.26,UAV-4,UAV-5,1.000
99.26,UAV-5,GCS,1.000
100.28,UAV-1,GCS,1.000
100.28,UAV-1,UAV-2,1.000
100.28,UAV-1,UAV-3,1.000
100.28,UAV-1,UAV-4,0.204
100.28,UAV-1,UAV-5,1.000
100.28,UAV-2,GCS,0.958
100.28,UAV-2,UAV-3,1.000
100.28,UAV-2,UAV-4,1.000
100.28,UAV-2,UAV-5,1.000
100.28,UAV-3,GCS,0.065
100.28,UAV-3,UAV-4,1.000
100.28,UAV-3,UAV-5,1.000
100.28,UAV-4,GCS,1.000
100.28,UAV-4,UAV-5,1.000
100.28,UAV-5,GCS,0.963
101.30,UAV-1,GCS,1.000
101.30,UAV-1,UAV-2,1.000
101.30,UAV-1,UAV-3,1.000
101.30,UAV-1,UAV-4,0.690
101.30,UAV-1,UAV-5,1.000
101.30,UAV-2,GCS,0.859
101.30,UAV-2,UAV-3,1.000
101.30,UAV-2,UAV-4,1.000
101.30,UAV-2,UAV-5,1.000
101.30,UAV-3,GCS,0.049
101.30,UAV-3,UAV-4,1.000
101.30,UAV-3,UAV-5,1.000
101.30,UAV-4,GCS,1.000
101.30,UAV-4,UAV-5,1.000
101.30,UAV-5,GCS,0.818
102.32,UAV-1,GCS,1.000
102.32,UAV-1,UAV-2,1.000
102.32,UAV-1,UAV-3,1.000
102.32,UAV-1,UAV-4,0.999
102.32,UAV-1,UAV-5,1.000
102.32,UAV-2,GCS,0.739
102.32,UAV-2,UAV-3,1.000
102.32,UAV-2,UAV-4,1.000
102.32,UAV-2,UAV-5,1.000
102.32,UAV-3,GCS,0.166
102.32,UAV-3,UAV-4,1.000
102.32,UAV-3,UAV-5,1.000
102.32,UAV-4,GCS,1.000
102.32,UAV-4,UAV-5,1.000
102.32,UAV-5,GCS,0.398
103.34,UAV-1,GCS,1.000
103.34,UAV-1,UAV-2,1.000
103.34,UAV-1,UAV-3,1.000
103.34,UAV-1,UAV-4,0.963
103.34,UAV-1,UAV-5,1.000
103.34,UAV-2,GCS,0.263
103.34,UAV-2,UAV-3,1.000
103.34,UAV-2,UAV-4,1.000
103.34,UAV-2,UAV-5,1.000
103.34,UAV-3,GCS,0.238
103.34,UAV-3,UAV-4,1.000
103.34,UAV-3,UAV-5,1.000
103.34,UAV-4,GCS,1.000
103.34,UAV-4,UAV-5,1.000
103.34,UAV-5,GCS,0.196
104.36,UAV-1,GCS,1.000
104.36,UAV-1,UAV-2,1.000
104.36,UAV-1,UAV-3,1.000
104.36,UAV-1,UAV-4,0.947
104.36,UAV-1,UAV-5,1.000
104.36,UAV-2,GCS,0.038
104.36,UAV-2,UAV-3,1.000
104.36,UAV-2,UAV-4,1.000
104.36,UAV-2,UAV-5,1.000
104.36,UAV-3,GCS,0.360
104.36,UAV-3,UAV-4,1.000
104.36,UAV-3,UAV-5,1.000
104.36,UAV-4,GCS,1.000
104.36,UAV-4,UAV-5,1.000
104.36,UAV-5,GCS,0.128
105.38,UAV-1,GCS,1.000
105.38,UAV-1,UAV-2,1.000
105.38,UAV-1,UAV-3,1.000
105.38,UAV-1,UAV-4,1.000
105.38,UAV-1,UAV-5,1.000
105.38,UAV-2,GCS,0.034
105.38,UAV-2,UAV-3,1.000
105.38,UAV-2,UAV-4,1.000
105.38,UAV-2,UAV-5,1.000
105.38,UAV-3,GCS,0.387
105.38,UAV-3,UAV-4,1.000
105.38,UAV-3,UAV-5,1.000
105.38,UAV-4,GCS,1.000
105.38,UAV-4,UAV-5,1.000
105.38,UAV-5,GCS,0.047
106.40,UAV-1,GCS,1.000
106.40,UAV-1,UAV-2,1.000
106.40,UAV-1,UAV-3,1.000
106.40,UAV-1,UAV-4,0.955
106.40,UAV-1,UAV-5,1.000
106.40,UAV-2,GCS,0.131
106.40,UAV-2,UAV-3,1.000
106.40,UAV-2,UAV-4,1.000
106.40,UAV-2,UAV-5,1.000
106.40,UAV-3,GCS,0.594
106.40,UAV-3,UAV-4,1.000
106.40,UAV-3,UAV-5,1.000
106.40,UAV-4,GCS,1.000
106.40,UAV-4,UAV-5,1.000
106.40,UAV-5,GCS,0.000
107.42,UAV-1,GCS,1.000
107.42,UAV-1,UAV-2,1.000
107.42,UAV-1,UAV-3,1.000
107.42,UAV-1,UAV-4,1.000
107.42,UAV-1,UAV-5,1.000
107.42,UAV-2,GCS,0.094
107.42,UAV-2,UAV-3,1.000
107.42,UAV-2,UAV-4,1.000
107.42,UAV-2,UAV-5,1.000
107.42,UAV-3,GCS,0.759
107.42,UAV-3,UAV-4,1.000
107.42,UAV-3,UAV-5,1.000
107.42,UAV-4,GCS,1.000
107.42,UAV-4,UAV-5,1.000
107.42,UAV-5,GCS,0.000
108.44,UAV-1,GCS,1.000
108.44,UAV-1,UAV-2,1.000
108.44,UAV-1,UAV-3,1.000
108.44,UAV-1,UAV-4,1.000
108.44,UAV-1,UAV-5,1.000
108.44,UAV-2,GCS,0.237
108.44,UAV-2,UAV-3,1.000
108.44,UAV-2,UAV-4,1.000
108.44,UAV-2,UAV-5,1.000
108.44,UAV-3,GCS,0.710
108.44,UAV-3,UAV-4,1.000
108.44,UAV-3,UAV-5,1.000
108.44,UAV-4,GCS,1.000
108.44,UAV-4,UAV-5,1.000
108.44,UAV-5,GCS,0.000
109.46,UAV-1,GCS,1.000
109.46,UAV-1,UAV-2,1.000
109.46,UAV-1,UAV-3,1.000
109.46,UAV-1,UAV-4,1.000
109.46,UAV-1,UAV-5,1.000
109.46,UAV-2,GCS,0.083
109.46,UAV-2,UAV-3,1.000
109.46,UAV-2,UAV-4,1.000
109.46,UAV-2,UAV-5,1.000
109.46,UAV-3,GCS,0.995
109.46,UAV-3,UAV-4,1.000
109.46,UAV-3,UAV-5,1.000
109.46,UAV-4,GCS,1.000
109.46,UAV-4,UAV-5,1.000
109.46,UAV-5,GCS,0.000
110.48,UAV-1,GCS,1.000
110.48,UAV-1,UAV-2,1.000
110.48,UAV-1,UAV-3,1.000
110.48,UAV-1,UAV-4,1.000
110.48,UAV-1,UAV-5,1.000
110.48,UAV-2,GCS,0.090
110.48,UAV-2,UAV-3,1.000
110.48,UAV-2,UAV-4,1.000
110.48,UAV-2,UAV-5,1.000
110.48,UAV-3,GCS,1.000
110.48,UAV-3,UAV-4,1.000
110.48,UAV-3,UAV-5,1.000
110.48,UAV-4,GCS,1.000
110.48,UAV-4,UAV-5,1.000
110.48,UAV-5,GCS,0.000
111.50,UAV-1,GCS,1.000
111.50,UAV-1,UAV-2,1.000
111.50,UAV-1,UAV-3,1.000
111.50,UAV-1,UAV-4,1.000
111.50,UAV-1,UAV-5,1.000
111.50,UAV-2,GCS,0.146
111.50,UAV-2,UAV-3,1.000
111.50,UAV-2,UAV-4,1.000
111.50,UAV-2,UAV-5,1.000
111.50,UAV-3,GCS,1.000
111.50,UAV-3,UAV-4,1.000
111.50,UAV-3,UAV-5,1.000
111.50,UAV-4,GCS,1.000
111.50,UAV-4,UAV-5,1.000
111.50,UAV-5,GCS,0.000
112.52,UAV-1,GCS,1.000
112.52,UAV-1,UAV-2,1.000
112.52,UAV-1,UAV-3,1.000
112.52,UAV-1,UAV-4,1.000
112.52,UAV-1,UAV-5,1.000
112.52,UAV-2,GCS,0.127
112.52,UAV-2,UAV-3,1.000
112.52,UAV-2,UAV-4,1.000
112.52,UAV-2,UAV-5,1.000
112.52,UAV-3,GCS,1.000
112.52,UAV-3,UAV-4,1.000
112.52,UAV-3,UAV-5,1.000
112.52,UAV-4,GCS,1.000
112.52,UAV-4,UAV-5,1.000
112.52,UAV-5,GCS,0.000
113.54,UAV-1,GCS,1.000
113.54,UAV-1,UAV-2,1.000
113.54,UAV-1,UAV-3,1.000
113.54,UAV-1,UAV-4,1.000
113.54,UAV-1,UAV-5,1.000
113.54,UAV-2,GCS,0.163
113.54,UAV-2,UAV-3,1.000
113.54,UAV-2,UAV-4,1.000
113.54,UAV-2,UAV-5,1.000
113.54,UAV-3,GCS,1.000
113.54,UAV-3,UAV-4,1.000
113.54,UAV-3,UAV-5,1.000
113.54,UAV-4,GCS,1.000
113.54,UAV-4,UAV-5,1.000
113.54,UAV-5,GCS,0.000
114.56,UAV-1,GCS,1.000
114.56,UAV-1,UAV-2,1.000
114.56,UAV-1,UAV-3,1.000
114.56,UAV-1,UAV-4,1.000
114.56,UAV-1,UAV-5,1.000
114.56,UAV-2,GCS,0.256
114.56,UAV-2,UAV-3,1.000
114.56,UAV-2,UAV-4,1.000
114.56,UAV-2,UAV-5,1.000
114.56,UAV-3,GCS,1.000
114.56,UAV-3,UAV-4,1.000
114.56,UAV-3,UAV-5,1.000
114.56,UAV-4,GCS,1.000
114.56,UAV-4,UAV-5,1.000
114.56,UAV-5,GCS,0.000
115.58,UAV-1,GCS,1.000
115.58,UAV-1,UAV-2,1.000
115.58,UAV-1,UAV-3,1.000
115.58,UAV-1,UAV-4,1.000
115.58,UAV-1,UAV-5,1.000
115.58,UAV-2,GCS,0.533
115.58,UAV-2,UAV-3,1.000
115.58,UAV-2,UAV-4,1.000
115.58,UAV-2,UAV-5,1.000
115.58,UAV-3,GCS,1.000
115.58,UAV-3,UAV-4,1.000
115.58,UAV-3,UAV-5,1.000
115.58,UAV-4,GCS,1.000
115.58,UAV-4,UAV-5,1.000
115.58,UAV-5,GCS,0.000
116.60,UAV-1,GCS,1.000
116.60,UAV-1,UAV-2,1.000
116.60,UAV-1,UAV-3,1.000
116.60,UAV-1,UAV-4,1.000
116.60,UAV-1,UAV-5,1.000
116.60,UAV-2,GCS,0.787
116.60,UAV-2,UAV-3,1.000
116.60,UAV-2,UAV-4,1.000
116.60,UAV-2,UAV-5,1.000
116.60,UAV-3,GCS,1.000
116.60,UAV-3,UAV-4,1.000
116.60,UAV-3,UAV-5,1.000
116.60,UAV-4,GCS,1.000
116.60,UAV-4,UAV-5,1.000
116.60,UAV-5,GCS,0.000
117.62,UAV-1,GCS,1.000
117.62,UAV-1,UAV-2,1.000
117.62,UAV-1,UAV-3,1.000
117.62,UAV-1,UAV-4,1.000
117.62,UAV-1,UAV-5,1.000
117.62,UAV-2,GCS,0.885
117.62,UAV-2,UAV-3,1.000
117.62,UAV-2,UAV-4,1.000
117.62,UAV-2,UAV-5,1.000
117.62,UAV-3,GCS,1.000
117.62,UAV-3,UAV-4,1.000
117.62,UAV-3,UAV-5,1.000
117.62,UAV-4,GCS,1.000
117.62,UAV-4,UAV-5,1.000
117.62,UAV-5,GCS,0.000
118.64,UAV-1,GCS,1.000
118.64,UAV-1,UAV-2,1.000
118.64,UAV-1,UAV-3,1.000
118.64,UAV-1,UAV-4,1.000
118.64,UAV-1,UAV-5,1.000
118.64,UAV-2,GCS,1.000
118.64,UAV-2,UAV-3,1.000
118.64,UAV-2,UAV-4,1.000
118.64,UAV-2,UAV-5,1.000
118.64,UAV-3,GCS,1.000
118.64,UAV-3,UAV-4,1.000
118.64,UAV-3,UAV-5,1.000
118.64,UAV-4,GCS,1.000
118.64,UAV-4,UAV-5,1.000
118.64,UAV-5,GCS,0.000
119.66,UAV-1,GCS,1.000
119.66,UAV-1,UAV-2,1.000
119.66,UAV-1,UAV-3,1.000
119.66,UAV-1,UAV-4,1.000
119.66,UAV-1,UAV-5,1.000
119.66,UAV-2,GCS,1.000
119.66,UAV-2,UAV-3,1.000
119.66,UAV-2,UAV-4,1.000
119.66,UAV-2,UAV-5,1.000
119.66,UAV-3,GCS,1.000
119.66,UAV-3,UAV-4,1.000
119.66,UAV-3,UAV-5,1.000
119.66,UAV-4,GCS,1.000
119.66,UAV-4,UAV-5,1.000
119.66,UAV-5,GCS,0.000
120.68,UAV-2,GCS,1.000
120.68,UAV-2,UAV-3,1.000
120.68,UAV-2,UAV-4,1.000
120.68,UAV-2,UAV-5,1.000
120.68,UAV-3,GCS,1.000
120.68,UAV-3,UAV-4,1.000
120.68,UAV-3,UAV-5,1.000
120.68,UAV-4,GCS,1.000
120.68,UAV-4,UAV-5,1.000
120.68,UAV-5,GCS,0.000
121.70,UAV-2,GCS,1.000
121.70,UAV-2,UAV-3,1.000
121.70,UAV-2,UAV-4,1.000
121.70,UAV-2,UAV-5,1.000
121.70,UAV-3,GCS,1.000
121.70,UAV-3,UAV-4,1.000
121.70,UAV-3,UAV-5,1.000
121.70,UAV-4,GCS,1.000
121.70,UAV-4,UAV-5,1.000
121.70,UAV-5,GCS,0.000
122.72,UAV-2,GCS,1.000
122.72,UAV-2,UAV-3,1.000
122.72,UAV-2,UAV-4,1.000
122.72,UAV-2,UAV-5,1.000
122.72,UAV-3,GCS,0.807
122.72,UAV-3,UAV-4,1.000
122.72,UAV-3,UAV-5,1.000
122.72,UAV-4,GCS,1.000
122.72,UAV-4,UAV-5,1.000
122.72,UAV-5,GCS,0.000
123.74,UAV-2,GCS,1.000
123.74,UAV-2,UAV-3,1.000
123.74,UAV-2,UAV-4,1.000
123.74,UAV-2,UAV-5,1.000
123.74,UAV-3,GCS,0.017
123.74,UAV-3,UAV-4,1.000
123.74,UAV-3,UAV-5,1.000
123.74,UAV-4,GCS,1.000
123.74,UAV-4,UAV-5,1.000
123.74,UAV-5,GCS,0.000
124.76,UAV-2,GCS,1.000
124.76,UAV-2,UAV-3,1.000
124.76,UAV-2,UAV-4,1.000
124.76,UAV-2,UAV-5,1.000
124.76,UAV-3,GCS,0.000
124.76,UAV-3,UAV-4,1.000
124.76,UAV-3,UAV-5,1.000
124.76,UAV-4,GCS,1.000
124.76,UAV-4,UAV-5,1.000
124.76,UAV-5,GCS,0.000
125.78,UAV-2,GCS,1.000
125.78,UAV-2,UAV-3,1.000
125.78,UAV-2,UAV-4,1.000
125.78,UAV-2,UAV-5,1.000
125.78,UAV-3,GCS,0.000
125.78,UAV-3,UAV-4,1.000
125.78,UAV-3,UAV-5,1.000
125.78,UAV-4,GCS,0.898
125.78,UAV-4,UAV-5,1.000
125.78,UAV-5,GCS,0.003
126.80,UAV-2,GCS,1.000
126.80,UAV-2,UAV-3,1.000
126.80,UAV-2,UAV-4,1.000
126.80,UAV-2,UAV-5,1.000
126.80,UAV-3,GCS,0.000
126.80,UAV-3,UAV-4,1.000
126.80,UAV-3,UAV-5,1.000
126.80,UAV-4,GCS,0.745
126.80,UAV-4,UAV-5,1.000
126.80,UAV-5,GCS,0.279
127.82,UAV-2,GCS,1.000
127.82,UAV-2,UAV-3,1.000
127.82,UAV-2,UAV-4,1.000
127.82,UAV-2,UAV-5,1.000
127.82,UAV-3,GCS,0.000
127.82,UAV-3,UAV-4,1.000
127.82,UAV-3,UAV-5,1.000
127.82,UAV-4,GCS,0.436
127.82,UAV-4,UAV-5,1.000
127.82,UAV-5,GCS,0.716
128.82,UAV-2,GCS,1.000
128.82,UAV-2,UAV-3,1.000
128.82,UAV-2,UAV-4,1.000
128.82,UAV-2,UAV-5,1.000
128.82,UAV-3,GCS,0.000
128.82,UAV-3,UAV-4,1.000
128.82,UAV-3,UAV-5,1.000
128.82,UAV-4,GCS,0.248
128.82,UAV-4,UAV-5,1.000
128.82,UAV-5,GCS,0.916
129.82,UAV-2,GCS,1.000
129.82,UAV-2,UAV-3,1.000
129.82,UAV-2,UAV-4,1.000
129.82,UAV-2,UAV-5,1.000
129.82,UAV-3,GCS,0.000
129.82,UAV-3,UAV-4,1.000
129.82,UAV-3,UAV-5,1.000
129.82,UAV-4,GCS,0.258
129.82,UAV-4,UAV-5,1.000
129.82,UAV-5,GCS,1.000
130.82,UAV-2,GCS,0.995
130.82,UAV-2,UAV-3,1.000
130.82,UAV-2,UAV-4,1.000
130.82,UAV-2,UAV-5,1.000
130.82,UAV-3,GCS,0.000
130.82,UAV-3,UAV-4,1.000
130.82,UAV-3,UAV-5,1.000
130.82,UAV-4,GCS,0.205
130.82,UAV-4,UAV-5,1.000
130.82,UAV-5,GCS,1.000
131.82,UAV-2,GCS,0.358
131.82,UAV-2,UAV-3,1.000
131.82,UAV-2,UAV-4,1.000
131.82,UAV-2,UAV-5,1.000
131.82,UAV-3,GCS,0.000
131.82,UAV-3,UAV-4,1.000
131.82,UAV-3,UAV-5,1.000
131.82,UAV-4,GCS,0.261
131.82,UAV-4,UAV-5,1.000
131.82,UAV-5,GCS,1.000
132.82,UAV-2,GCS,0.000
132.82,UAV-2,UAV-3,1.000
132.82,UAV-2,UAV-4,1.000
132.82,UAV-2,UAV-5,1.000
132.82,UAV-3,GCS,0.000
132.82,UAV-3,UAV-4,1.000
132.82,UAV-3,UAV-5,1.000
132.82,UAV-4,GCS,0.210
132.82,UAV-4,UAV-5,1.000
132.82,UAV-5,GCS,1.000
133.82,UAV-2,GCS,0.000
133.82,UAV-2,UAV-3,1.000
133.82,UAV-2,UAV-4,1.000
133.82,UAV-2,UAV-5,1.000
133.82,UAV-3,GCS,0.000
133.82,UAV-3,UAV-4,1.000
133.82,UAV-3,UAV-5,1.000
133.82,UAV-4,GCS,0.175
133.82,UAV-4,UAV-5,1.000
133.82,UAV-5,GCS,1.000
134.82,UAV-2,GCS,0.000
134.82,UAV-2,UAV-3,1.000
134.82,UAV-2,UAV-4,1.000
134.82,UAV-2,UAV-5,1.000
134.82,UAV-3,GCS,0.000
134.82,UAV-3,UAV-4,1.000
134.82,UAV-3,UAV-5,1.000
134.82,UAV-4,GCS,0.078
134.82,UAV-4,UAV-5,1.000
134.82,UAV-5,GCS,1.000
135.82,UAV-2,GCS,0.000
135.82,UAV-2,UAV-3,1.000
135.82,UAV-2,UAV-4,1.000
135.82,UAV-2,UAV-5,1.000
135.82,UAV-3,GCS,0.000
135.82,UAV-3,UAV-4,1.000
135.82,UAV-3,UAV-5,1.000
135.82,UAV-4,GCS,0.227
135.82,UAV-4,UAV-5,1.000
135.82,UAV-5,GCS,1.000
136.82,UAV-2,GCS,0.000
136.82,UAV-2,UAV-3,1.000
136.82,UAV-2,UAV-4,1.000
136.82,UAV-2,UAV-5,1.000
136.82,UAV-3,GCS,0.000
136.82,UAV-3,UAV-4,1.000
136.82,UAV-3,UAV-5,1.000
136.82,UAV-4,GCS,0.156
136.82,UAV-4,UAV-5,1.000
136.82,UAV-5,GCS,1.000
137.82,UAV-2,GCS,0.000
137.82,UAV-2,UAV-3,1.000
137.82,UAV-2,UAV-4,1.000
137.82,UAV-2,UAV-5,1.000
137.82,UAV-3,GCS,0.000
137.82,UAV-3,UAV-4,1.000
137.82,UAV-3,UAV-5,1.000
137.82,UAV-4,GCS,0.045
137.82,UAV-4,UAV-5,1.000
137.82,UAV-5,GCS,1.000
138.82,UAV-2,GCS,0.000
138.82,UAV-2,UAV-3,1.000
138.82,UAV-2,UAV-4,1.000
138.82,UAV-2,UAV-5,1.000
138.82,UAV-3,GCS,0.000
138.82,UAV-3,UAV-4,1.000
138.82,UAV-3,UAV-5,1.000
138.82,UAV-4,GCS,0.196
138.82,UAV-4,UAV-5,1.000
138.82,UAV-5,GCS,1.000
139.82,UAV-2,GCS,0.000
139.82,UAV-2,UAV-3,1.000
139.82,UAV-2,UAV-4,1.000
139.82,UAV-2,UAV-5,1.000
139.82,UAV-3,GCS,0.000
139.82,UAV-3,UAV-4,1.000
139.82,UAV-3,UAV-5,1.000
139.82,UAV-4,GCS,0.290
139.82,UAV-4,UAV-5,1.000
139.82,UAV-5,GCS,1.000
140.82,UAV-2,GCS,0.000
140.82,UAV-2,UAV-3,1.000
140.82,UAV-2,UAV-4,1.000
140.82,UAV-2,UAV-5,1.000
140.82,UAV-3,GCS,0.000
140.82,UAV-3,UAV-4,1.000
140.82,UAV-3,UAV-5,1.000
140.82,UAV-4,GCS,0.326
140.82,UAV-4,UAV-5,1.000
140.82,UAV-5,GCS,1.000
141.82,UAV-2,GCS,0.000
141.82,UAV-2,UAV-3,1.000
141.82,UAV-2,UAV-4,1.000
141.82,UAV-2,UAV-5,1.000
141.82,UAV-3,GCS,0.000
141.82,UAV-3,UAV-4,1.000
141.82,UAV-3,UAV-5,1.000
141.82,UAV-4,GCS,0.528
141.82,UAV-4,UAV-5,1.000
141.82,UAV-5,GCS,1.000
142.82,UAV-2,GCS,0.000
142.82,UAV-2,UAV-3,1.000
142.82,UAV-2,UAV-4,1.000
142.82,UAV-2,UAV-5,1.000
142.82,UAV-3,GCS,0.000
142.82,UAV-3,UAV-4,1.000
142.82,UAV-3,UAV-5,1.000
142.82,UAV-4,GCS,0.912
142.82,UAV-4,UAV-5,1.000
142.82,UAV-5,GCS,1.000
143.82,UAV-2,GCS,0.000
143.82,UAV-2,UAV-3,1.000
143.82,UAV-2,UAV-4,1.000
143.82,UAV-2,UAV-5,1.000
143.82,UAV-3,GCS,0.000
143.82,UAV-3,UAV-4,1.000
143.82,UAV-3,UAV-5,1.000
143.82,UAV-4,GCS,0.918
143.82,UAV-4,UAV-5,1.000
143.82,UAV-5,GCS,1.000
144.82,UAV-2,GCS,0.000
144.82,UAV-2,UAV-3,1.000
144.82,UAV-2,UAV-4,1.000
144.82,UAV-2,UAV-5,1.000
144.82,UAV-3,GCS,0.000
144.82,UAV-3,UAV-4,1.000
144.82,UAV-3,UAV-5,1.000
144.82,UAV-4,GCS,1.000
144.82,UAV-4,UAV-5,1.000
144.82,UAV-5,GCS,1.000
145.82,UAV-2,GCS,0.000
145.82,UAV-2,UAV-3,1.000
145.82,UAV-2,UAV-4,1.000
145.82,UAV-2,UAV-5,1.000
145.82,UAV-3,GCS,0.000
145.82,UAV-3,UAV-4,1.000
145.82,UAV-3,UAV-5,1.000
145.82,UAV-4,GCS,1.000
145.82,UAV-4,UAV-5,1.000
145.82,UAV-5,GCS,1.000
146.82,UAV-2,GCS,0.000
146.82,UAV-2,UAV-3,1.000
146.82,UAV-2,UAV-4,1.000
146.82,UAV-2,UAV-5,1.000
146.82,UAV-3,GCS,0.000
146.82,UAV-3,UAV-4,1.000
146.82,UAV-3,UAV-5,1.000
146.82,UAV-4,GCS,1.000
146.82,UAV-4,UAV-5,1.000
146.82,UAV-5,GCS,1.000
147.82,UAV-2,GCS,0.000
147.82,UAV-2,UAV-3,1.000
147.82,UAV-2,UAV-4,1.000
147.82,UAV-2,UAV-5,1.000
147.82,UAV-3,GCS,0.000
147.82,UAV-3,UAV-4,1.000
147.82,UAV-3,UAV-5,1.000
147.82,UAV-4,GCS,1.000
147.82,UAV-4,UAV-5,1.000
147.82,UAV-5,GCS,1.000
148.82,UAV-2,GCS,0.000
148.82,UAV-2,UAV-3,1.000
148.82,UAV-2,UAV-4,1.000
148.82,UAV-2,UAV-5,1.000
148.82,UAV-3,GCS,0.000
148.82,UAV-3,UAV-4,1.000
148.82,UAV-3,UAV-5,1.000
148.82,UAV-4,GCS,1.000
148.82,UAV-4,UAV-5,1.000
148.82,UAV-5,GCS,1.000
149.82,UAV-2,GCS,0.000
149.82,UAV-2,UAV-3,1.000
149.82,UAV-2,UAV-4,1.000
149.82,UAV-2,UAV-5,1.000
149.82,UAV-3,GCS,0.000
149.82,UAV-3,UAV-4,1.000
149.82,UAV-3,UAV-5,1.000
149.82,UAV-4,GCS,1.000
149.82,UAV-4,UAV-5,1.000
149.82,UAV-5,GCS,1.000
150.82,UAV-2,GCS,0.000
150.82,UAV-2,UAV-3,1.000
150.82,UAV-2,UAV-4,1.000
150.82,UAV-2,UAV-5,1.000
150.82,UAV-3,GCS,0.000
150.82,UAV-3,UAV-4,1.000
150.82,UAV-3,UAV-5,1.000
150.82,UAV-4,GCS,1.000
150.82,UAV-4,UAV-5,1.000
150.82,UAV-5,GCS,1.000
151.82,UAV-2,GCS,0.000
151.82,UAV-2,UAV-3,1.000
151.82,UAV-2,UAV-4,1.000
151.82,UAV-2,UAV-5,1.000
151.82,UAV-3,GCS,0.000
151.82,UAV-3,UAV-4,1.000
151.82,UAV-3,UAV-5,1.000
151.82,UAV-4,GCS,1.000
151.82,UAV-4,UAV-5,1.000
151.82,UAV-5,GCS,1.000
152.82,UAV-2,GCS,0.000
152.82,UAV-2,UAV-3,1.000
152.82,UAV-2,UAV-4,1.000
152.82,UAV-2,UAV-5,1.000
152.82,UAV-3,GCS,0.000
152.82,UAV-3,UAV-4,1.000
152.82,UAV-3,UAV-5,1.000
152.82,UAV-4,GCS,1.000
152.82,UAV-4,UAV-5,1.000
152.82,UAV-5,GCS,1.000
153.82,UAV-2,GCS,0.000
153.82,UAV-2,UAV-3,1.000
153.82,UAV-2,UAV-4,1.000
153.82,UAV-2,UAV-5,1.000
153.82,UAV-3,GCS,0.000
153.82,UAV-3,UAV-4,1.000
153.82,UAV-3,UAV-5,1.000
153.82,UAV-4,GCS,1.000
153.82,UAV-4,UAV-5,1.000
153.82,UAV-5,GCS,1.000
154.82,UAV-2,GCS,0.000
154.82,UAV-2,UAV-3,1.000
154.82,UAV-2,UAV-4,1.000
154.82,UAV-2,UAV-5,1.000
154.82,UAV-3,UAV-4,1.000
154.82,UAV-3,UAV-5,1.000
154.82,UAV-4,GCS,1.000
154.82,UAV-4,UAV-5,1.000
154.82,UAV-5,GCS,1.000
155.82,UAV-2,GCS,0.000
155.82,UAV-2,UAV-3,1.000
155.82,UAV-2,UAV-4,1.000
155.82,UAV-2,UAV-5,1.000
155.82,UAV-3,GCS,0.000
155.82,UAV-3,UAV-4,1.000
155.82,UAV-3,UAV-5,1.000
155.82,UAV-4,GCS,0.994
155.82,UAV-4,UAV-5,1.000
155.82,UAV-5,GCS,1.000
156.82,UAV-2,GCS,0.000
156.82,UAV-2,UAV-3,1.000
156.82,UAV-2,UAV-4,1.000
156.82,UAV-2,UAV-5,1.000
156.82,UAV-3,GCS,0.000
156.82,UAV-3,UAV-4,1.000
156.82,UAV-3,UAV-5,1.000
156.82,UAV-4,GCS,0.050
156.82,UAV-4,UAV-5,1.000
156.82,UAV-5,GCS,1.000
157.82,UAV-2,GCS,0.000
157.82,UAV-2,UAV-3,1.000
157.82,UAV-2,UAV-4,1.000
157.82,UAV-2,UAV-5,1.000
157.82,UAV-3,GCS,0.000
157.82,UAV-3,UAV-4,1.000
157.82,UAV-3,UAV-5,1.000
157.82,UAV-4,GCS,0.000
157.82,UAV-4,UAV-5,1.000
157.82,UAV-5,GCS,1.000
158.82,UAV-2,GCS,0.000
158.82,UAV-2,UAV-3,1.000
158.82,UAV-2,UAV-4,1.000
158.82,UAV-2,UAV-5,1.000
158.82,UAV-3,GCS,0.000
158.82,UAV-3,UAV-4,1.000
158.82,UAV-3,UAV-5,1.000
158.82,UAV-4,GCS,0.000
158.82,UAV-4,UAV-5,1.000
158.82,UAV-5,GCS,1.000
159.82,UAV-2,GCS,0.000
159.82,UAV-2,UAV-3,1.000
159.82,UAV-2,UAV-4,1.000
159.82,UAV-2,UAV-5,1.000
159.82,UAV-3,GCS,0.000
159.82,UAV-3,UAV-4,1.000
159.82,UAV-3,UAV-5,1.000
159.82,UAV-4,GCS,0.000
159.82,UAV-4,UAV-5,1.000
159.82,UAV-5,GCS,1.000
160.82,UAV-2,GCS,0.000
160.82,UAV-2,UAV-3,1.000
160.82,UAV-2,UAV-4,1.000
160.82,UAV-2,UAV-5,1.000
160.82,UAV-3,GCS,0.000
160.82,UAV-3,UAV-4,1.000
160.82,UAV-3,UAV-5,1.000
160.82,UAV-4,GCS,0.000
160.82,UAV-4,UAV-5,1.000
160.82,UAV-5,GCS,1.000
161.82,UAV-2,GCS,0.000
161.82,UAV-2,UAV-3,1.000
161.82,UAV-2,UAV-4,1.000
161.82,UAV-2,UAV-5,1.000
161.82,UAV-3,GCS,0.000
161.82,UAV-3,UAV-4,1.000
161.82,UAV-3,UAV-5,1.000
161.82,UAV-4,GCS,0.000
161.82,UAV-4,UAV-5,1.000
161.82,UAV-5,GCS,1.000
162.82,UAV-2,GCS,0.000
162.82,UAV-2,UAV-3,1.000
162.82,UAV-2,UAV-4,1.000
162.82,UAV-2,UAV-5,1.000
162.82,UAV-3,GCS,0.000
162.82,UAV-3,UAV-4,1.000
162.82,UAV-3,UAV-5,1.000
162.82,UAV-4,GCS,0.000
162.82,UAV-4,UAV-5,1.000
162.82,UAV-5,GCS,1.000
163.82,UAV-2,GCS,0.000
163.82,UAV-2,UAV-3,1.000
163.82,UAV-2,UAV-4,1.000
163.82,UAV-2,UAV-5,1.000
163.82,UAV-3,GCS,0.000
163.82,UAV-3,UAV-4,1.000
163.82,UAV-3,UAV-5,1.000
163.82,UAV-4,GCS,0.000
163.82,UAV-4,UAV-5,1.000
163.82,UAV-5,GCS,1.000
164.82,UAV-2,GCS,0.000
164.82,UAV-2,UAV-3,1.000
164.82,UAV-2,UAV-4,1.000
164.82,UAV-2,UAV-5,1.000
164.82,UAV-3,GCS,0.000
164.82,UAV-3,UAV-4,1.000
164.82,UAV-3,UAV-5,1.000
164.82,UAV-4,GCS,0.000
164.82,UAV-4,UAV-5,1.000
164.82,UAV-5,GCS,1.000
165.82,UAV-2,GCS,0.000
165.82,UAV-2,UAV-3,1.000
165.82,UAV-2,UAV-4,1.000
165.82,UAV-2,UAV-5,1.000
165.82,UAV-3,GCS,0.000
165.82,UAV-3,UAV-4,1.000
165.82,UAV-3,UAV-5,1.000
165.82,UAV-4,GCS,0.000
165.82,UAV-4,UAV-5,1.000
165.82,UAV-5,GCS,1.000
166.82,UAV-2,GCS,0.000
166.82,UAV-2,UAV-3,1.000
166.82,UAV-2,UAV-4,1.000
166.82,UAV-2,UAV-5,1.000
166.82,UAV-3,GCS,0.000
166.82,UAV-3,UAV-4,1.000
166.82,UAV-3,UAV-5,1.000
166.82,UAV-4,GCS,0.000
166.82,UAV-4,UAV-5,1.000
166.82,UAV-5,GCS,1.000
167.82,UAV-2,UAV-3,1.000
167.82,UAV-2,UAV-4,1.000
167.82,UAV-2,UAV-5,1.000
167.82,UAV-3,UAV-4,1.000
167.82,UAV-3,UAV-5,1.000
167.82,UAV-4,GCS,0.000
167.82,UAV-4,UAV-5,1.000
167.82,UAV-5,GCS,1.000
168.82,UAV-2,GCS,0.000
168.82,UAV-2,UAV-3,1.000
168.82,UAV-2,UAV-4,1.000
168.82,UAV-2,UAV-5,1.000
168.82,UAV-3,GCS,0.000
168.82,UAV-3,UAV-4,1.000
168.82,UAV-3,UAV-5,1.000
168.82,UAV-4,GCS,0.000
168.82,UAV-4,UAV-5,1.000
168.82,UAV-5,GCS,1.000
169.82,UAV-2,UAV-3,1.000
169.82,UAV-2,UAV-4,1.000
169.82,UAV-2,UAV-5,1.000
169.82,UAV-3,GCS,0.000
169.82,UAV-3,UAV-4,1.000
169.82,UAV-3,UAV-5,1.000
169.82,UAV-4,UAV-5,1.000
169.82,UAV-5,GCS,1.000
170.82,UAV-2,GCS,0.000
170.82,UAV-2,UAV-3,1.000
170.82,UAV-2,UAV-4,1.000
170.82,UAV-2,UAV-5,1.000
170.82,UAV-3,GCS,0.000
170.82,UAV-3,UAV-4,1.000
170.82,UAV-3,UAV-5,1.000
170.82,UAV-4,GCS,0.000
170.82,UAV-4,UAV-5,1.000
170.82,UAV-5,GCS,1.000
171.82,UAV-2,UAV-3,1.000
171.82,UAV-2,UAV-4,1.000
171.82,UAV-2,UAV-5,1.000
171.82,UAV-3,GCS,0.000
171.82,UAV-3,UAV-4,1.000
171.82,UAV-3,UAV-5,1.000
171.82,UAV-4,UAV-5,1.000
171.82,UAV-5,GCS,1.000
172.82,UAV-2,UAV-3,1.000
172.82,UAV-2,UAV-4,1.000
172.82,UAV-2,UAV-5,1.000
172.82,UAV-3,UAV-4,1.000
172.82,UAV-3,UAV-5,1.000
172.82,UAV-4,UAV-5,1.000
172.82,UAV-5,GCS,1.000
173.82,UAV-2,UAV-3,1.000
173.82,UAV-2,UAV-4,1.000
173.82,UAV-2,UAV-5,1.000
173.82,UAV-3,GCS,0.000
173.82,UAV-3,UAV-4,1.000
173.82,UAV-3,UAV-5,1.000
173.82,UAV-4,GCS,0.000
173.82,UAV-4,UAV-5,1.000
173.82,UAV-5,GCS,1.000
174.82,UAV-2,UAV-3,1.000
174.82,UAV-2,UAV-4,1.000
174.82,UAV-2,UAV-5,1.000
174.82,UAV-3,GCS,0.000
174.82,UAV-3,UAV-4,1.000
174.82,UAV-3,UAV-5,1.000
174.82,UAV-4,UAV-5,1.000
174.82,UAV-5,GCS,1.000
175.82,UAV-2,UAV-3,1.000
175.82,UAV-2,UAV-4,1.000
175.82,UAV-2,UAV-5,1.000
175.82,UAV-3,GCS,0.000
175.82,UAV-3,UAV-4,1.000
175.82,UAV-3,UAV-5,1.000
175.82,UAV-4,GCS,0.000
175.82,UAV-4,UAV-5,1.000
175.82,UAV-5,GCS,1.000
176.82,UAV-2,GCS,0.000
176.82,UAV-2,UAV-3,1.000
176.82,UAV-2,UAV-4,1.000
176.82,UAV-2,UAV-5,1.000
176.82,UAV-3,GCS,0.000
176.82,UAV-3,UAV-4,1.000
176.82,UAV-3,UAV-5,1.000
176.82,UAV-4,UAV-5,1.000
176.82,UAV-5,GCS,1.000
177.82,UAV-2,UAV-3,1.000
177.82,UAV-2,UAV-4,1.000
177.82,UAV-2,UAV-5,1.000
177.82,UAV-3,GCS,0.000
177.82,UAV-3,UAV-4,1.000
177.82,UAV-3,UAV-5,1.000
177.82,UAV-4,UAV-5,1.000
177.82,UAV-5,GCS,1.000
178.82,UAV-2,UAV-3,1.000
178.82,UAV-2,UAV-4,1.000
178.82,UAV-2,UAV-5,1.000
178.82,UAV-3,UAV-4,1.000
178.82,UAV-3,UAV-5,1.000
178.82,UAV-4,GCS,0.000
178.82,UAV-4,UAV-5,1.000
178.82,UAV-5,GCS,1.000
179.82,UAV-2,GCS,0.000
179.82,UAV-2,UAV-3,1.000
179.82,UAV-2,UAV-4,1.000
179.82,UAV-2,UAV-5,1.000
179.82,UAV-3,GCS,0.000
179.82,UAV-3,UAV-4,1.000
179.82,UAV-3,UAV-5,1.000
179.82,UAV-4,GCS,0.000
179.82,UAV-4,UAV-5,1.000
179.82,UAV-5,GCS,1.000
180.82,UAV-2,GCS,0.000
180.82,UAV-2,UAV-3,1.000
180.82,UAV-2,UAV-4,1.000
180.82,UAV-2,UAV-5,1.000
180.82,UAV-3,GCS,0.000
180.82,UAV-3,UAV-4,1.000
180.82,UAV-3,UAV-5,1.000
180.82,UAV-4,GCS,0.000
180.82,UAV-4,UAV-5,1.000
180.82,UAV-5,GCS,1.000
181.82,UAV-2,GCS,0.000
181.82,UAV-2,UAV-3,1.000
181.82,UAV-2,UAV-4,1.000
181.82,UAV-2,UAV-5,1.000
181.82,UAV-3,GCS,0.000
181.82,UAV-3,UAV-4,1.000
181.82,UAV-3,UAV-5,1.000
181.82,UAV-4,GCS,0.000
181.82,UAV-4,UAV-5,1.000
181.82,UAV-5,GCS,1.000
182.82,UAV-2,GCS,0.000
182.82,UAV-2,UAV-3,1.000
182.82,UAV-2,UAV-4,1.000
182.82,UAV-2,UAV-5,1.000
182.82,UAV-3,GCS,0.000
182.82,UAV-3,UAV-4,1.000
182.82,UAV-3,UAV-5,1.000
182.82,UAV-4,GCS,0.000
182.82,UAV-4,UAV-5,1.000
182.82,UAV-5,GCS,1.000
183.82,UAV-2,UAV-3,1.000
183.82,UAV-2,UAV-4,1.000
183.82,UAV-2,UAV-5,1.000
183.82,UAV-3,UAV-4,1.000
183.82,UAV-3,UAV-5,1.000
183.82,UAV-4,GCS,0.000
183.82,UAV-4,UAV-5,1.000
183.82,UAV-5,GCS,1.000
184.82,UAV-2,UAV-3,1.000
184.82,UAV-2,UAV-4,1.000
184.82,UAV-2,UAV-5,1.000
184.82,UAV-3,GCS,0.000
184.82,UAV-3,UAV-4,1.000
184.82,UAV-3,UAV-5,1.000
184.82,UAV-4,GCS,0.000
184.82,UAV-4,UAV-5,1.000
184.82,UAV-5,GCS,1.000
185.82,UAV-2,UAV-3,1.000
185.82,UAV-2,UAV-4,1.000
185.82,UAV-2,UAV-5,1.000
185.82,UAV-3,GCS,0.000
185.82,UAV-3,UAV-4,1.000
185.82,UAV-3,UAV-5,1.000
185.82,UAV-4,GCS,0.000
185.82,UAV-4,UAV-5,1.000
185.82,UAV-5,GCS,1.000
186.82,UAV-2,GCS,0.000
186.82,UAV-2,UAV-3,1.000
186.82,UAV-2,UAV-4,1.000
186.82,UAV-2,UAV-5,1.000
186.82,UAV-3,GCS,0.000
186.82,UAV-3,UAV-4,1.000
186.82,UAV-3,UAV-5,1.000
186.82,UAV-4,GCS,0.000
186.82,UAV-4,UAV-5,1.000
186.82,UAV-5,GCS,1.000
187.82,UAV-2,UAV-3,1.000
187.82,UAV-2,UAV-4,1.000
187.82,UAV-2,UAV-5,1.000
187.82,UAV-3,GCS,0.000
187.82,UAV-3,UAV-4,1.000
187.82,UAV-3,UAV-5,1.000
187.82,UAV-4,GCS,0.000
187.82,UAV-4,UAV-5,1.000
187.82,UAV-5,GCS,1.000
188.82,UAV-2,GCS,0.000
188.82,UAV-2,UAV-3,1.000
188.82,UAV-2,UAV-4,1.000
188.82,UAV-2,UAV-5,1.000
188.82,UAV-3,UAV-4,1.000
188.82,UAV-3,UAV-5,1.000
188.82,UAV-4,GCS,0.000
188.82,UAV-4,UAV-5,1.000
188.82,UAV-5,GCS,1.000
189.82,UAV-2,GCS,0.000
189.82,UAV-2,UAV-3,1.000
189.82,UAV-2,UAV-4,1.000
189.82,UAV-2,UAV-5,1.000
189.82,UAV-3,UAV-4,1.000
189.82,UAV-3,UAV-5,1.000
189.82,UAV-4,GCS,0.000
189.82,UAV-4,UAV-5,1.000
189.82,UAV-5,GCS,1.000
190.82,UAV-2,GCS,0.000
190.82,UAV-2,UAV-3,1.000
190.82,UAV-2,UAV-4,1.000
190.82,UAV-2,UAV-5,1.000
190.82,UAV-3,UAV-4,1.000
190.82,UAV-3,UAV-5,1.000
190.82,UAV-4,GCS,0.000
190.82,UAV-4,UAV-5,1.000
190.82,UAV-5,GCS,1.000
191.82,UAV-2,GCS,0.000
191.82,UAV-2,UAV-3,1.000
191.82,UAV-2,UAV-4,1.000
191.82,UAV-2,UAV-5,1.000
191.82,UAV-3,UAV-4,1.000
191.82,UAV-3,UAV-5,1.000
191.82,UAV-4,GCS,0.000
191.82,UAV-4,UAV-5,1.000
191.82,UAV-5,GCS,1.000
192.82,UAV-2,GCS,0.000
192.82,UAV-2,UAV-3,1.000
192.82,UAV-2,UAV-4,1.000
192.82,UAV-2,UAV-5,1.000
192.82,UAV-3,UAV-4,1.000
192.82,UAV-3,UAV-5,1.000
192.82,UAV-4,GCS,0.000
192.82,UAV-4,UAV-5,1.000
192.82,UAV-5,GCS,1.000
193.82,UAV-2,UAV-3,1.000
193.82,UAV-2,UAV-4,1.000
193.82,UAV-2,UAV-5,1.000
193.82,UAV-3,UAV-4,1.000
193.82,UAV-3,UAV-5,1.000
193.82,UAV-4,GCS,0.000
193.82,UAV-4,UAV-5,1.000
193.82,UAV-5,GCS,1.000
194.82,UAV-2,UAV-3,1.000
194.82,UAV-2,UAV-4,1.000
194.82,UAV-2,UAV-5,1.000
194.82,UAV-3,UAV-4,1.000
194.82,UAV-3,UAV-5,1.000
194.82,UAV-4,GCS,0.000
194.82,UAV-4,UAV-5,1.000
194.82,UAV-5,GCS,1.000
195.82,UAV-2,GCS,0.000
195.82,UAV-2,UAV-3,1.000
195.82,UAV-2,UAV-4,1.000
195.82,UAV-2,UAV-5,1.000
195.82,UAV-3,UAV-4,1.000
195.82,UAV-3,UAV-5,1.000
195.82,UAV-4,GCS,0.000
195.82,UAV-4,UAV-5,1.000
195.82,UAV-5,GCS,1.000
196.82,UAV-2,GCS,0.000
196.82,UAV-2,UAV-3,1.000
196.82,UAV-2,UAV-4,1.000
196.82,UAV-2,UAV-5,1.000
196.82,UAV-3,UAV-4,1.000
196.82,UAV-3,UAV-5,1.000
196.82,UAV-4,GCS,0.000
196.82,UAV-4,UAV-5,1.000
196.82,UAV-5,GCS,1.000
197.82,UAV-2,GCS,0.000
197.82,UAV-2,UAV-3,1.000
197.82,UAV-2,UAV-4,1.000
197.82,UAV-2,UAV-5,1.000
197.82,UAV-3,UAV-4,1.000
197.82,UAV-3,UAV-5,1.000
197.82,UAV-4,GCS,0.000
197.82,UAV-4,UAV-5,1.000
197.82,UAV-5,GCS,1.000
198.82,UAV-2,GCS,0.000
198.82,UAV-2,UAV-3,1.000
198.82,UAV-2,UAV-4,1.000
198.82,UAV-2,UAV-5,1.000
198.82,UAV-3,UAV-4,1.000
198.82,UAV-3,UAV-5,1.000
198.82,UAV-4,GCS,0.000
198.82,UAV-4,UAV-5,1.000
198.82,UAV-5,GCS,1.000
199.82,UAV-2,GCS,0.000
199.82,UAV-2,UAV-3,1.000
199.82,UAV-2,UAV-4,1.000
199.82,UAV-2,UAV-5,1.000
199.82,UAV-3,GCS,0.000
199.82,UAV-3,UAV-4,1.000
199.82,UAV-3,UAV-5,1.000
199.82,UAV-4,GCS,0.000
199.82,UAV-4,UAV-5,1.000
199.82,UAV-5,GCS,1.000
200.82,UAV-2,UAV-3,1.000
200.82,UAV-2,UAV-4,0.996
200.82,UAV-2,UAV-5,0.998
200.82,UAV-3,UAV-4,0.507
200.82,UAV-3,UAV-5,0.872
200.82,UAV-4,UAV-5,0.958
200.82,UAV-5,GCS,0.154
201.82,UAV-2,UAV-3,1.000
201.82,UAV-2,UAV-4,0.944
201.82,UAV-2,UAV-5,0.861
201.82,UAV-3,UAV-4,0.626
201.82,UAV-3,UAV-5,0.702
201.82,UAV-4,UAV-5,1.000
201.82,UAV-5,GCS,0.264
202.82,UAV-2,UAV-3,1.000
202.82,UAV-2,UAV-4,0.951
202.82,UAV-2,UAV-5,1.000
202.82,UAV-3,UAV-4,0.322
202.82,UAV-3,UAV-5,0.868
202.82,UAV-4,UAV-5,1.000
202.82,UAV-5,GCS,0.205
203.82,UAV-2,UAV-3,1.000
203.82,UAV-2,UAV-4,0.839
203.82,UAV-2,UAV-5,0.988
203.82,UAV-3,UAV-4,0.362
203.82,UAV-3,UAV-5,0.693
203.82,UAV-4,GCS,0.000
203.82,UAV-4,UAV-5,1.000
203.82,UAV-5,GCS,0.197
204.82,UAV-2,UAV-3,1.000
204.82,UAV-2,UAV-4,0.706
204.82,UAV-2,UAV-5,0.984
204.82,UAV-3,UAV-4,0.215
204.82,UAV-3,UAV-5,0.924
204.82,UAV-4,GCS,0.000
204.82,UAV-4,UAV-5,1.000
204.82,UAV-5,GCS,0.229
205.82,UAV-2,UAV-3,1.000
205.82,UAV-2,UAV-4,0.779
205.82,UAV-2,UAV-5,0.992
205.82,UAV-3,UAV-4,0.293
205.82,UAV-3,UAV-5,0.719
205.82,UAV-4,GCS,0.001
205.82,UAV-4,UAV-5,1.000
205.82,UAV-5,GCS,0.279
206.82,UAV-2,UAV-3,1.000
206.82,UAV-2,UAV-4,0.769
206.82,UAV-2,UAV-5,1.000
206.82,UAV-3,UAV-4,0.155
206.82,UAV-3,UAV-5,0.861
206.82,UAV-4,GCS,0.000
206.82,UAV-4,UAV-5,1.000
206.82,UAV-5,GCS,0.314
207.82,UAV-2,UAV-3,1.000
207.82,UAV-2,UAV-4,0.745
207.82,UAV-2,UAV-5,0.969
207.82,UAV-3,UAV-4,0.048
207.82,UAV-3,UAV-5,0.942
207.82,UAV-4,GCS,0.000
207.82,UAV-4,UAV-5,1.000
207.82,UAV-5,GCS,0.443
208.82,UAV-2,UAV-3,1.000
208.82,UAV-2,UAV-4,0.471
208.82,UAV-2,UAV-5,1.000
208.82,UAV-3,UAV-4,0.006
208.82,UAV-3,UAV-5,0.889
208.82,UAV-4,GCS,0.000
208.82,UAV-4,UAV-5,1.000
208.82,UAV-5,GCS,0.000
209.82,UAV-2,UAV-3,1.000
209.82,UAV-2,UAV-4,0.382
209.82,UAV-2,UAV-5,1.000
209.82,UAV-3,UAV-4,0.020
209.82,UAV-3,UAV-5,0.838
209.82,UAV-4,GCS,0.000
209.82,UAV-4,UAV-5,1.000
210.82,UAV-2,UAV-3,1.000
210.82,UAV-2,UAV-4,0.439
210.82,UAV-2,UAV-5,1.000
210.82,UAV-3,UAV-4,0.014
210.82,UAV-3,UAV-5,0.995
210.82,UAV-4,GCS,0.000
210.82,UAV-4,UAV-5,0.988
211.82,UAV-2,UAV-3,1.000
211.82,UAV-2,UAV-4,0.265
211.82,UAV-2,UAV-5,1.000
211.82,UAV-3,UAV-4,0.000
211.82,UAV-3,UAV-5,0.885
211.82,UAV-4,GCS,0.000
211.82,UAV-4,UAV-5,0.952
212.82,UAV-2,UAV-3,1.000
212.82,UAV-2,UAV-4,0.182
212.82,UAV-2,UAV-5,1.000
212.82,UAV-3,UAV-4,0.000
212.82,UAV-3,UAV-5,0.963
212.82,UAV-4,GCS,0.000
212.82,UAV-4,UAV-5,0.820
213.82,UAV-2,UAV-3,1.000
213.82,UAV-2,UAV-4,0.139
213.82,UAV-2,UAV-5,1.000
213.82,UAV-3,UAV-4,0.000
213.82,UAV-3,UAV-5,1.000
213.82,UAV-4,GCS,0.000
213.82,UAV-4,UAV-5,0.889
214.82,UAV-2,UAV-3,1.000
214.82,UAV-2,UAV-4,0.043
214.82,UAV-2,UAV-5,1.000
214.82,UAV-3,UAV-4,0.000
214.82,UAV-3,UAV-5,0.960
214.82,UAV-4,GCS,0.000
214.82,UAV-4,UAV-5,0.641
215.82,UAV-2,UAV-3,1.000
215.82,UAV-2,UAV-4,0.088
215.82,UAV-2,UAV-5,1.000
215.82,UAV-3,UAV-4,0.000
215.82,UAV-3,UAV-5,0.984
215.82,UAV-4,GCS,0.000
215.82,UAV-4,UAV-5,0.632
216.82,UAV-2,UAV-3,1.000
216.82,UAV-2,UAV-4,0.202
216.82,UAV-2,UAV-5,1.000
216.82,UAV-3,UAV-4,0.000
216.82,UAV-3,UAV-5,0.999
216.82,UAV-4,GCS,0.000
216.82,UAV-4,UAV-5,0.607
217.82,UAV-2,UAV-3,1.000
217.82,UAV-2,UAV-4,0.080
217.82,UAV-2,UAV-5,1.000
217.82,UAV-3,UAV-4,0.000
217.82,UAV-3,UAV-5,1.000
217.82,UAV-4,GCS,0.000
217.82,UAV-4,UAV-5,0.588
218.82,UAV-2,UAV-3,1.000
218.82,UAV-2,UAV-4,0.155
218.82,UAV-2,UAV-5,1.000
218.82,UAV-3,UAV-4,0.000
218.82,UAV-3,UAV-5,0.985
218.82,UAV-4,GCS,0.000
218.82,UAV-4,UAV-5,0.467
219.82,UAV-2,UAV-3,1.000
219.82,UAV-2,UAV-4,0.208
219.82,UAV-2,UAV-5,1.000
219.82,UAV-3,UAV-4,0.000
219.82,UAV-3,UAV-5,1.000
219.82,UAV-4,GCS,0.000
219.82,UAV-4,UAV-5,0.812
220.82,UAV-2,UAV-3,1.000
220.82,UAV-2,UAV-4,0.235
220.82,UAV-2,UAV-5,1.000
220.82,UAV-3,UAV-4,0.001
220.82,UAV-3,UAV-5,0.996
220.82,UAV-4,GCS,0.000
220.82,UAV-4,UAV-5,0.799
221.82,UAV-2,UAV-3,1.000
221.82,UAV-2,UAV-4,0.386
221.82,UAV-2,UAV-5,1.000
221.82,UAV-3,UAV-4,0.031
221.82,UAV-3,UAV-5,0.998
221.82,UAV-4,GCS,0.000
221.82,UAV-4,UAV-5,0.890
222.82,UAV-2,UAV-3,1.000
222.82,UAV-2,UAV-4,0.315
222.82,UAV-2,UAV-5,1.000
222.82,UAV-3,UAV-4,0.043
222.82,UAV-3,UAV-5,0.991
222.82,UAV-4,GCS,0.000
222.82,UAV-4,UAV-5,0.783
223.82,UAV-2,UAV-3,1.000
223.82,UAV-2,UAV-4,0.591
223.82,UAV-2,UAV-5,1.000
223.82,UAV-3,UAV-4,0.021
223.82,UAV-3,UAV-5,0.958
223.82,UAV-4,GCS,0.000
223.82,UAV-4,UAV-5,0.864
224.82,UAV-2,UAV-3,1.000
224.82,UAV-2,UAV-4,0.544
224.82,UAV-2,UAV-5,1.000
224.82,UAV-3,UAV-4,0.130
224.82,UAV-3,UAV-5,1.000
224.82,UAV-4,GCS,0.000
224.82,UAV-4,UAV-5,0.884
225.82,UAV-2,UAV-3,1.000
225.82,UAV-2,UAV-4,0.685
225.82,UAV-2,UAV-5,1.000
225.82,UAV-3,UAV-4,0.177
225.82,UAV-3,UAV-5,1.000
225.82,UAV-4,GCS,0.043
225.82,UAV-4,UAV-5,0.951
226.82,UAV-2,UAV-3,1.000
226.82,UAV-2,UAV-4,0.725
226.82,UAV-2,UAV-5,1.000
226.82,UAV-3,UAV-4,0.208
226.82,UAV-3,UAV-5,1.000
226.82,UAV-4,GCS,0.060
226.82,UAV-4,UAV-5,0.919
227.82,UAV-2,UAV-3,1.000
227.82,UAV-2,UAV-4,0.823
227.82,UAV-2,UAV-5,1.000
227.82,UAV-3,UAV-4,0.221
227.82,UAV-3,UAV-5,1.000
227.82,UAV-4,GCS,0.026
227.82,UAV-4,UAV-5,0.989
228.82,UAV-2,UAV-3,0.985
228.82,UAV-2,UAV-4,0.865
228.82,UAV-2,UAV-5,1.000
228.82,UAV-3,UAV-4,0.442
228.82,UAV-3,UAV-5,1.000
228.82,UAV-4,GCS,0.050
228.82,UAV-4,UAV-5,0.921
229.82,UAV-2,UAV-3,1.000
229.82,UAV-2,UAV-4,0.932
229.82,UAV-2,UAV-5,1.000
229.82,UAV-3,UAV-4,0.522
229.82,UAV-3,UAV-5,0.983
229.82,UAV-4,GCS,0.143
229.82,UAV-4,UAV-5,0.970
230.82,UAV-2,UAV-3,1.000
230.82,UAV-2,UAV-4,0.986
230.82,UAV-2,UAV-5,1.000
230.82,UAV-3,UAV-4,0.456
230.82,UAV-3,UAV-5,0.958
230.82,UAV-4,GCS,0.079
230.82,UAV-4,UAV-5,0.921
231.82,UAV-2,UAV-3,1.000
231.82,UAV-2,UAV-4,0.953
231.82,UAV-2,UAV-5,1.000
231.82,UAV-3,UAV-4,0.792
231.82,UAV-3,UAV-5,0.999
231.82,UAV-4,GCS,0.413
231.82,UAV-4,UAV-5,0.946
232.82,UAV-2,UAV-3,1.000
232.82,UAV-2,UAV-4,1.000
232.82,UAV-2,UAV-5,1.000
232.82,UAV-3,UAV-4,0.876
232.82,UAV-3,UAV-5,1.000
232.82,UAV-4,GCS,1.000
232.82,UAV-4,UAV-5,1.000
233.82,UAV-2,UAV-3,1.000
233.82,UAV-2,UAV-4,1.000
233.82,UAV-2,UAV-5,1.000
233.82,UAV-3,UAV-4,0.000
233.82,UAV-3,UAV-5,1.000
233.82,UAV-4,GCS,1.000
233.82,UAV-4,UAV-5,1.000
234.82,UAV-2,UAV-3,1.000
234.82,UAV-2,UAV-4,1.000
234.82,UAV-2,UAV-5,1.000
234.82,UAV-3,UAV-4,0.000
234.82,UAV-3,UAV-5,0.998
234.82,UAV-4,GCS,1.000
234.82,UAV-4,UAV-5,0.958
235.82,UAV-2,UAV-3,1.000
235.82,UAV-2,UAV-4,1.000
235.82,UAV-2,UAV-5,1.000
235.82,UAV-3,UAV-4,0.000
235.82,UAV-3,UAV-5,1.000
235.82,UAV-4,GCS,1.000
235.82,UAV-4,UAV-5,1.000
236.82,UAV-2,UAV-3,1.000
236.82,UAV-2,UAV-4,1.000
236.82,UAV-2,UAV-5,1.000
236.82,UAV-3,UAV-4,0.000
236.82,UAV-3,UAV-5,0.961
236.82,UAV-4,GCS,1.000
236.82,UAV-4,UAV-5,0.970
237.82,UAV-2,UAV-3,1.000
237.82,UAV-2,UAV-4,1.000
237.82,UAV-2,UAV-5,1.000
237.82,UAV-3,UAV-4,0.000
237.82,UAV-3,UAV-5,1.000
237.82,UAV-4,GCS,1.000
237.82,UAV-4,UAV-5,1.000
238.82,UAV-2,UAV-3,1.000
238.82,UAV-2,UAV-4,0.000
238.82,UAV-2,UAV-5,1.000
238.82,UAV-3,UAV-4,0.000
238.82,UAV-3,UAV-5,1.000
238.82,UAV-4,GCS,1.000
238.82,UAV-4,UAV-5,0.000
239.82,UAV-2,UAV-3,1.000
239.82,UAV-2,UAV-4,0.000
239.82,UAV-2,UAV-5,1.000
239.82,UAV-3,UAV-4,0.000
239.82,UAV-3,UAV-5,1.000
239.82,UAV-4,GCS,1.000
239.82,UAV-4,UAV-5,0.000
240.82,UAV-2,GCS,0.000
240.82,UAV-2,UAV-3,1.000
240.82,UAV-2,UAV-4,1.000
240.82,UAV-2,UAV-5,1.000
240.82,UAV-3,GCS,0.000
240.82,UAV-3,UAV-4,0.000
240.82,UAV-3,UAV-5,1.000
240.82,UAV-4,GCS,1.000
240.82,UAV-4,UAV-5,0.957
240.82,UAV-5,GCS,0.000
241.82,UAV-2,GCS,0.000
241.82,UAV-2,UAV-3,1.000
241.82,UAV-2,UAV-4,0.948
241.82,UAV-2,UAV-5,1.000
241.82,UAV-3,UAV-4,0.000
241.82,UAV-3,UAV-5,1.000
241.82,UAV-4,GCS,1.000
241.82,UAV-4,UAV-5,0.922
241.82,UAV-5,GCS,0.000
242.82,UAV-2,GCS,0.000
242.82,UAV-2,UAV-3,1.000
242.82,UAV-2,UAV-4,0.790
242.82,UAV-2,UAV-5,1.000
242.82,UAV-3,UAV-4,0.000
242.82,UAV-3,UAV-5,1.000
242.82,UAV-4,GCS,1.000
242.82,UAV-4,UAV-5,1.000
242.82,UAV-5,GCS,0.000
243.82,UAV-2,GCS,0.000
243.82,UAV-2,UAV-3,1.000
243.82,UAV-2,UAV-4,0.667
243.82,UAV-2,UAV-5,1.000
243.82,UAV-3,UAV-4,0.000
243.82,UAV-3,UAV-5,1.000
243.82,UAV-4,GCS,1.000
243.82,UAV-4,UAV-5,1.000
243.82,UAV-5,GCS,0.028
244.82,UAV-2,GCS,0.000
244.82,UAV-2,UAV-3,1.000
244.82,UAV-2,UAV-4,0.748
244.82,UAV-2,UAV-5,1.000
244.82,UAV-3,UAV-4,0.000
244.82,UAV-3,UAV-5,1.000
244.82,UAV-4,GCS,1.000
244.82,UAV-4,UAV-5,0.956
244.82,UAV-5,GCS,0.284
245.82,UAV-2,GCS,0.000
245.82,UAV-2,UAV-3,1.000
245.82,UAV-2,UAV-4,0.432
245.82,UAV-2,UAV-5,1.000
245.82,UAV-3,UAV-4,0.000
245.82,UAV-3,UAV-5,1.000
245.82,UAV-4,GCS,1.000
245.82,UAV-4,UAV-5,1.000
245.82,UAV-5,GCS,0.643
246.82,UAV-2,GCS,0.000
246.82,UAV-2,UAV-3,1.000
246.82,UAV-2,UAV-4,0.394
246.82,UAV-2,UAV-5,1.000
246.82,UAV-3,UAV-4,0.000
246.82,UAV-3,UAV-5,1.000
246.82,UAV-4,GCS,1.000
246.82,UAV-4,UAV-5,1.000
246.82,UAV-5,GCS,0.957
247.82,UAV-2,GCS,0.000
247.82,UAV-2,UAV-3,1.000
247.82,UAV-2,UAV-4,0.475
247.82,UAV-2,UAV-5,1.000
247.82,UAV-3,UAV-4,0.000
247.82,UAV-3,UAV-5,1.000
247.82,UAV-4,GCS,1.000
247.82,UAV-4,UAV-5,1.000
247.82,UAV-5,GCS,1.000
248.82,UAV-2,GCS,0.000
248.82,UAV-2,UAV-3,1.000
248.82,UAV-2,UAV-4,0.332
248.82,UAV-2,UAV-5,1.000
248.82,UAV-3,GCS,0.000
248.82,UAV-3,UAV-4,0.000
248.82,UAV-3,UAV-5,1.000
248.82,UAV-4,GCS,1.000
248.82,UAV-4,UAV-5,1.000
248.82,UAV-5,GCS,1.000
249.82,UAV-2,GCS,0.000
249.82,UAV-2,UAV-3,1.000
249.82,UAV-2,UAV-4,0.196
249.82,UAV-2,UAV-5,1.000
249.82,UAV-3,GCS,0.000
249.82,UAV-3,UAV-4,0.000
249.82,UAV-3,UAV-5,1.000
249.82,UAV-4,GCS,1.000
249.82,UAV-4,UAV-5,1.000
249.82,UAV-5,GCS,1.000
250.82,UAV-2,GCS,0.000
250.82,UAV-2,UAV-3,1.000
250.82,UAV-2,UAV-4,0.191
250.82,UAV-2,UAV-5,1.000
250.82,UAV-3,UAV-4,0.000
250.82,UAV-3,UAV-5,1.000
250.82,UAV-4,GCS,1.000
250.82,UAV-4,UAV-5,1.000
250.82,UAV-5,GCS,1.000
251.82,UAV-2,GCS,0.000
251.82,UAV-2,UAV-3,1.000
251.82,UAV-2,UAV-4,0.185
251.82,UAV-2,UAV-5,1.000
251.82,UAV-3,GCS,0.000
251.82,UAV-3,UAV-4,0.000
251.82,UAV-3,UAV-5,1.000
251.82,UAV-4,GCS,1.000
251.82,UAV-4,UAV-5,1.000
251.82,UAV-5,GCS,1.000
252.82,UAV-2,GCS,0.000
252.82,UAV-2,UAV-3,1.000
252.82,UAV-2,UAV-4,0.164
252.82,UAV-2,UAV-5,1.000
252.82,UAV-3,GCS,0.000
252.82,UAV-3,UAV-4,0.000
252.82,UAV-3,UAV-5,1.000
252.82,UAV-4,GCS,1.000
252.82,UAV-4,UAV-5,1.000
252.82,UAV-5,GCS,1.000
253.82,UAV-2,GCS,0.000
253.82,UAV-2,UAV-3,1.000
253.82,UAV-2,UAV-4,0.132
253.82,UAV-2,UAV-5,1.000
253.82,UAV-3,UAV-4,0.000
253.82,UAV-3,UAV-5,1.000
253.82,UAV-4,GCS,1.000
253.82,UAV-4,UAV-5,1.000
253.82,UAV-5,GCS,1.000
254.82,UAV-2,GCS,0.000
254.82,UAV-2,UAV-3,1.000
254.82,UAV-2,UAV-4,0.153
254.82,UAV-2,UAV-5,1.000
254.82,UAV-3,GCS,0.000
254.82,UAV-3,UAV-4,0.000
254.82,UAV-3,UAV-5,1.000
254.82,UAV-4,GCS,1.000
254.82,UAV-4,UAV-5,1.000
254.82,UAV-5,GCS,1.000
255.82,UAV-2,GCS,0.000
255.82,UAV-2,UAV-3,1.000
255.82,UAV-2,UAV-4,0.054
255.82,UAV-2,UAV-5,1.000
255.82,UAV-3,GCS,0.000
255.82,UAV-3,UAV-4,0.000
255.82,UAV-3,UAV-5,1.000
255.82,UAV-4,GCS,1.000
255.82,UAV-4,UAV-5,1.000
255.82,UAV-5,GCS,1.000
256.84,UAV-2,GCS,0.000
256.84,UAV-2,UAV-3,1.000
256.84,UAV-2,UAV-4,0.070
256.84,UAV-2,UAV-5,1.000
256.84,UAV-3,GCS,0.000
256.84,UAV-3,UAV-4,0.000
256.84,UAV-3,UAV-5,1.000
256.84,UAV-4,GCS,1.000
256.84,UAV-4,UAV-5,1.000
256.84,UAV-5,GCS,1.000
257.86,UAV-2,GCS,0.000
257.86,UAV-2,UAV-3,1.000
257.86,UAV-2,UAV-4,0.047
257.86,UAV-2,UAV-5,1.000
257.86,UAV-3,GCS,0.000
257.86,UAV-3,UAV-4,0.000
257.86,UAV-3,UAV-5,1.000
257.86,UAV-4,GCS,1.000
257.86,UAV-4,UAV-5,1.000
257.86,UAV-5,GCS,1.000
258.88,UAV-2,GCS,0.000
258.88,UAV-2,UAV-3,1.000
258.88,UAV-2,UAV-4,0.018
258.88,UAV-2,UAV-5,1.000
258.88,UAV-3,GCS,0.000
258.88,UAV-3,UAV-4,0.000
258.88,UAV-3,UAV-5,1.000
258.88,UAV-4,GCS,1.000
258.88,UAV-4,UAV-5,1.000
258.88,UAV-5,GCS,1.000
259.90,UAV-2,GCS,0.000
259.90,UAV-2,UAV-3,1.000
259.90,UAV-2,UAV-4,0.051
259.90,UAV-2,UAV-5,1.000
259.90,UAV-3,GCS,0.000
259.90,UAV-3,UAV-4,0.000
259.90,UAV-3,UAV-5,1.000
259.90,UAV-4,GCS,1.000
259.90,UAV-4,UAV-5,1.000
259.90,UAV-5,GCS,1.000
260.92,UAV-2,GCS,0.000
260.92,UAV-2,UAV-3,0.750
260.92,UAV-2,UAV-4,0.062
260.92,UAV-2,UAV-5,0.750
260.92,UAV-3,GCS,0.000
260.92,UAV-3,UAV-4,0.000
260.92,UAV-3,UAV-5,0.750
260.92,UAV-4,GCS,0.750
260.92,UAV-4,UAV-5,0.750
260.92,UAV-5,GCS,0.750
261.94,UAV-2,GCS,0.000
261.94,UAV-2,UAV-3,0.750
261.94,UAV-2,UAV-4,0.011
261.94,UAV-2,UAV-5,0.750
261.94,UAV-3,GCS,0.000
261.94,UAV-3,UAV-4,0.000
261.94,UAV-3,UAV-5,0.750
261.94,UAV-4,GCS,0.750
261.94,UAV-4,UAV-5,0.750
261.94,UAV-5,GCS,0.750
262.96,UAV-2,GCS,0.000
262.96,UAV-2,UAV-3,0.750
262.96,UAV-2,UAV-4,0.044
262.96,UAV-2,UAV-5,0.750
262.96,UAV-3,GCS,0.000
262.96,UAV-3,UAV-4,0.000
262.96,UAV-3,UAV-5,0.750
262.96,UAV-4,GCS,0.750
262.96,UAV-4,UAV-5,0.750
262.96,UAV-5,GCS,0.750
263.98,UAV-2,GCS,0.000
263.98,UAV-2,UAV-3,0.750
263.98,UAV-2,UAV-4,0.132
263.98,UAV-2,UAV-5,0.750
263.98,UAV-3,GCS,0.000
263.98,UAV-3,UAV-4,0.000
263.98,UAV-3,UAV-5,0.750
263.98,UAV-4,GCS,0.750
263.98,UAV-4,UAV-5,0.750
263.98,UAV-5,GCS,0.750
265.00,UAV-2,GCS,0.000
265.00,UAV-2,UAV-3,0.750
265.00,UAV-2,UAV-4,0.210
265.00,UAV-2,UAV-5,0.750
265.00,UAV-3,GCS,0.000
265.00,UAV-3,UAV-4,0.000
265.00,UAV-3,UAV-5,0.750
265.00,UAV-4,GCS,0.750
265.00,UAV-4,UAV-5,0.750
265.00,UAV-5,GCS,0.750
266.02,UAV-2,GCS,0.000
266.02,UAV-2,UAV-3,0.750
266.02,UAV-2,UAV-4,0.090
266.02,UAV-2,UAV-5,0.750
266.02,UAV-3,GCS,0.000
266.02,UAV-3,UAV-4,0.000
266.02,UAV-3,UAV-5,0.750
266.02,UAV-4,GCS,0.750
266.02,UAV-4,UAV-5,0.750
266.02,UAV-5,GCS,0.750
267.04,UAV-2,GCS,0.000
267.04,UAV-2,UAV-3,0.750
267.04,UAV-2,UAV-4,0.237
267.04,UAV-2,UAV-5,0.750
267.04,UAV-3,GCS,0.000
267.04,UAV-3,UAV-4,0.000
267.04,UAV-3,UAV-5,0.750
267.04,UAV-4,GCS,0.750
267.04,UAV-4,UAV-5,0.750
267.04,UAV-5,GCS,0.750
268.06,UAV-2,GCS,0.000
268.06,UAV-2,UAV-3,0.750
268.06,UAV-2,UAV-4,0.161
268.06,UAV-2,UAV-5,0.750
268.06,UAV-3,GCS,0.000
268.06,UAV-3,UAV-4,0.000
268.06,UAV-3,UAV-5,0.750
268.06,UAV-4,GCS,0.750
268.06,UAV-4,UAV-5,0.750
268.06,UAV-5,GCS,0.750
269.08,UAV-2,GCS,0.028
269.08,UAV-2,UAV-3,0.750
269.08,UAV-2,UAV-4,0.407
269.08,UAV-2,UAV-5,0.750
269.08,UAV-3,GCS,0.000
269.08,UAV-3,UAV-4,0.000
269.08,UAV-3,UAV-5,0.750
269.08,UAV-4,GCS,0.750
269.08,UAV-4,UAV-5,0.750
269.08,UAV-5,GCS,0.750
270.10,UAV-2,GCS,0.433
270.10,UAV-2,UAV-3,0.750
270.10,UAV-2,UAV-4,0.514
270.10,UAV-2,UAV-5,0.750
270.10,UAV-3,GCS,0.000
270.10,UAV-3,UAV-4,0.000
270.10,UAV-3,UAV-5,0.750
270.10,UAV-4,GCS,0.750
270.10,UAV-4,UAV-5,0.750
270.10,UAV-5,GCS,0.750
271.12,UAV-2,GCS,0.750
271.12,UAV-2,UAV-3,0.750
271.12,UAV-2,UAV-4,0.722
271.12,UAV-2,UAV-5,0.750
271.12,UAV-3,GCS,0.000
271.12,UAV-3,UAV-4,0.000
271.12,UAV-3,UAV-5,0.750
271.12,UAV-4,GCS,0.750
271.12,UAV-4,UAV-5,0.750
271.12,UAV-5,GCS,0.750
272.14,UAV-2,GCS,0.750
272.14,UAV-2,UAV-3,0.750
272.14,UAV-2,UAV-4,0.722
272.14,UAV-2,UAV-5,0.750
272.14,UAV-3,GCS,0.000
272.14,UAV-3,UAV-4,0.000
272.14,UAV-3,UAV-5,0.750
272.14,UAV-4,GCS,0.750
272.14,UAV-4,UAV-5,0.750
272.14,UAV-5,GCS,0.750
273.16,UAV-2,GCS,0.750
273.16,UAV-2,UAV-3,0.750
273.16,UAV-2,UAV-4,0.750
273.16,UAV-2,UAV-5,0.750
273.16,UAV-3,GCS,0.000
273.16,UAV-3,UAV-4,0.000
273.16,UAV-3,UAV-5,0.750
273.16,UAV-4,GCS,0.750
273.16,UAV-4,UAV-5,0.750
273.16,UAV-5,GCS,0.750
274.18,UAV-2,GCS,0.750
274.18,UAV-2,UAV-3,0.750
274.18,UAV-2,UAV-4,0.750
274.18,UAV-2,UAV-5,0.750
274.18,UAV-3,GCS,0.000
274.18,UAV-3,UAV-4,0.000
274.18,UAV-3,UAV-5,0.750
274.18,UAV-4,GCS,0.750
274.18,UAV-4,UAV-5,0.750
274.18,UAV-5,GCS,0.750
275.20,UAV-2,GCS,0.750
275.20,UAV-2,UAV-3,0.750
275.20,UAV-2,UAV-4,0.750
275.20,UAV-2,UAV-5,0.750
275.20,UAV-3,GCS,0.000
275.20,UAV-3,UAV-4,0.000
275.20,UAV-3,UAV-5,0.750
275.20,UAV-4,GCS,0.750
275.20,UAV-4,UAV-5,0.750
275.20,UAV-5,GCS,0.750
276.22,UAV-2,GCS,0.750
276.22,UAV-2,UAV-3,0.750
276.22,UAV-2,UAV-4,0.750
276.22,UAV-2,UAV-5,0.750
276.22,UAV-3,GCS,0.000
276.22,UAV-3,UAV-4,0.000
276.22,UAV-3,UAV-5,0.750
276.22,UAV-4,GCS,0.750
276.22,UAV-4,UAV-5,0.750
276.22,UAV-5,GCS,0.750
277.24,UAV-2,GCS,0.750
277.24,UAV-2,UAV-3,0.750
277.24,UAV-2,UAV-4,0.750
277.24,UAV-2,UAV-5,0.750
277.24,UAV-3,GCS,0.000
277.24,UAV-3,UAV-4,0.000
277.24,UAV-3,UAV-5,0.750
277.24,UAV-4,GCS,0.750
277.24,UAV-4,UAV-5,0.750
277.24,UAV-5,GCS,0.750
278.26,UAV-2,GCS,0.750
278.26,UAV-2,UAV-3,0.750
278.26,UAV-2,UAV-4,0.750
278.26,UAV-2,UAV-5,0.750
278.26,UAV-3,GCS,0.000
278.26,UAV-3,UAV-4,0.000
278.26,UAV-3,UAV-5,0.750
278.26,UAV-4,GCS,0.750
278.26,UAV-4,UAV-5,0.750
278.26,UAV-5,GCS,0.750
279.28,UAV-2,GCS,0.750
279.28,UAV-2,UAV-3,0.750
279.28,UAV-2,UAV-4,0.750
279.28,UAV-2,UAV-5,0.750
279.28,UAV-3,GCS,0.000
279.28,UAV-3,UAV-4,0.000
279.28,UAV-3,UAV-5,0.750
279.28,UAV-4,GCS,0.750
279.28,UAV-4,UAV-5,0.750
279.28,UAV-5,GCS,0.750
280.30,UAV-2,GCS,0.750
280.30,UAV-2,UAV-3,0.750
280.30,UAV-2,UAV-4,0.750
280.30,UAV-2,UAV-5,0.750
280.30,UAV-3,GCS,0.000
280.30,UAV-3,UAV-4,0.000
280.30,UAV-3,UAV-5,0.750
280.30,UAV-4,GCS,0.750
280.30,UAV-4,UAV-5,0.750
280.30,UAV-5,GCS,0.750
281.32,UAV-2,GCS,0.750
281.32,UAV-2,UAV-3,0.750
281.32,UAV-2,UAV-4,0.750
281.32,UAV-2,UAV-5,0.750
281.32,UAV-3,GCS,0.000
281.32,UAV-3,UAV-4,0.000
281.32,UAV-3,UAV-5,0.750
281.32,UAV-4,GCS,0.750
281.32,UAV-4,UAV-5,0.750
281.32,UAV-5,GCS,0.750
282.34,UAV-2,GCS,0.750
282.34,UAV-2,UAV-3,0.750
282.34,UAV-2,UAV-4,0.750
282.34,UAV-2,UAV-5,0.750
282.34,UAV-3,GCS,0.000
282.34,UAV-3,UAV-4,0.000
282.34,UAV-3,UAV-5,0.750
282.34,UAV-4,GCS,0.750
282.34,UAV-4,UAV-5,0.750
282.34,UAV-5,GCS,0.750
283.36,UAV-2,GCS,0.750
283.36,UAV-2,UAV-3,0.750
283.36,UAV-2,UAV-4,0.750
283.36,UAV-2,UAV-5,0.750
283.36,UAV-3,GCS,0.000
283.36,UAV-3,UAV-4,0.000
283.36,UAV-3,UAV-5,0.750
283.36,UAV-4,GCS,0.750
283.36,UAV-4,UAV-5,0.750
283.36,UAV-5,GCS,0.684
284.38,UAV-2,GCS,0.750
284.38,UAV-2,UAV-3,0.750
284.38,UAV-2,UAV-4,0.750
284.38,UAV-2,UAV-5,0.750
284.38,UAV-3,GCS,0.000
284.38,UAV-3,UAV-4,0.000
284.38,UAV-3,UAV-5,0.750
284.38,UAV-4,GCS,0.750
284.38,UAV-4,UAV-5,0.750
284.38,UAV-5,GCS,0.688
285.40,UAV-2,GCS,0.750
285.40,UAV-2,UAV-3,0.750
285.40,UAV-2,UAV-4,0.750
285.40,UAV-2,UAV-5,0.750
285.40,UAV-3,GCS,0.000
285.40,UAV-3,UAV-4,0.000
285.40,UAV-3,UAV-5,0.750
285.40,UAV-4,GCS,0.750
285.40,UAV-4,UAV-5,0.750
285.40,UAV-5,GCS,0.664
286.42,UAV-2,GCS,0.750
286.42,UAV-2,UAV-3,0.750
286.42,UAV-2,UAV-4,0.750
286.42,UAV-2,UAV-5,0.750
286.42,UAV-3,GCS,0.000
286.42,UAV-3,UAV-4,0.000
286.42,UAV-3,UAV-5,0.750
286.42,UAV-4,GCS,0.750
286.42,UAV-4,UAV-5,0.750
286.42,UAV-5,GCS,0.602
287.44,UAV-2,GCS,0.750
287.44,UAV-2,UAV-3,0.750
287.44,UAV-2,UAV-4,0.750
287.44,UAV-2,UAV-5,0.750
287.44,UAV-3,GCS,0.000
287.44,UAV-3,UAV-4,0.000
287.44,UAV-3,UAV-5,0.750
287.44,UAV-4,GCS,0.750
287.44,UAV-4,UAV-5,0.750
287.44,UAV-5,GCS,0.569
288.46,UAV-2,GCS,0.749
288.46,UAV-2,UAV-3,0.750
288.46,UAV-2,UAV-4,0.750
288.46,UAV-2,UAV-5,0.750
288.46,UAV-3,GCS,0.000
288.46,UAV-3,UAV-4,0.000
288.46,UAV-3,UAV-5,0.750
288.46,UAV-4,GCS,0.750
288.46,UAV-4,UAV-5,0.750
288.46,UAV-5,GCS,0.423
289.48,UAV-2,GCS,0.656
289.48,UAV-2,UAV-3,0.750
289.48,UAV-2,UAV-4,0.750
289.48,UAV-2,UAV-5,0.750
289.48,UAV-3,GCS,0.000
289.48,UAV-3,UAV-4,0.000
289.48,UAV-3,UAV-5,0.750
289.48,UAV-4,GCS,0.750
289.48,UAV-4,UAV-5,0.750
289.48,UAV-5,GCS,0.589
290.50,UAV-2,GCS,0.482
290.50,UAV-2,UAV-3,0.750
290.50,UAV-2,UAV-4,0.750
290.50,UAV-2,UAV-5,0.750
290.50,UAV-3,GCS,0.000
290.50,UAV-3,UAV-4,0.000
290.50,UAV-3,UAV-5,0.750
290.50,UAV-4,GCS,0.750
290.50,UAV-4,UAV-5,0.750
290.50,UAV-5,GCS,0.642
291.52,UAV-2,GCS,0.334
291.52,UAV-2,UAV-3,0.750
291.52,UAV-2,UAV-4,0.750
291.52,UAV-2,UAV-5,0.750
291.52,UAV-3,GCS,0.000
291.52,UAV-3,UAV-4,0.000
291.52,UAV-3,UAV-5,0.750
291.52,UAV-4,GCS,0.750
291.52,UAV-4,UAV-5,0.750
291.52,UAV-5,GCS,0.706
292.54,UAV-2,GCS,0.038
292.54,UAV-2,UAV-3,0.750
292.54,UAV-2,UAV-4,0.750
292.54,UAV-2,UAV-5,0.750
292.54,UAV-3,GCS,0.000
292.54,UAV-3,UAV-4,0.000
292.54,UAV-3,UAV-5,0.750
292.54,UAV-4,GCS,0.750
292.54,UAV-4,UAV-5,0.750
292.54,UAV-5,GCS,0.718
293.56,UAV-2,GCS,0.031
293.56,UAV-2,UAV-3,0.750
293.56,UAV-2,UAV-4,0.750
293.56,UAV-2,UAV-5,0.750
293.56,UAV-3,GCS,0.035
293.56,UAV-3,UAV-4,0.000
293.56,UAV-3,UAV-5,0.750
293.56,UAV-4,GCS,0.750
293.56,UAV-4,UAV-5,0.750
293.56,UAV-5,GCS,0.744
294.58,UAV-2,GCS,0.029
294.58,UAV-2,UAV-3,0.750
294.58,UAV-2,UAV-4,0.750
294.58,UAV-2,UAV-5,0.750
294.58,UAV-3,GCS,0.069
294.58,UAV-3,UAV-4,0.004
294.58,UAV-3,UAV-5,0.750
294.58,UAV-4,GCS,0.750
294.58,UAV-4,UAV-5,0.750
294.58,UAV-5,GCS,0.719
295.60,UAV-2,GCS,0.001
295.60,UAV-2,UAV-3,0.750
295.60,UAV-2,UAV-4,0.750
295.60,UAV-2,UAV-5,0.750
295.60,UAV-3,GCS,0.092
295.60,UAV-3,UAV-4,0.000
295.60,UAV-3,UAV-5,0.750
295.60,UAV-4,GCS,0.750
295.60,UAV-4,UAV-5,0.750
295.60,UAV-5,GCS,0.750
296.62,UAV-2,GCS,0.072
296.62,UAV-2,UAV-3,0.750
296.62,UAV-2,UAV-4,0.750
296.62,UAV-2,UAV-5,0.750
296.62,UAV-3,GCS,0.211
296.62,UAV-3,UAV-4,0.062
296.62,UAV-3,UAV-5,0.750
296.62,UAV-4,GCS,0.750
296.62,UAV-4,UAV-5,0.750
296.62,UAV-5,GCS,0.750
297.64,UAV-2,GCS,0.077
297.64,UAV-2,UAV-3,0.750
297.64,UAV-2,UAV-4,0.750
297.64,UAV-2,UAV-5,0.750
297.64,UAV-3,GCS,0.670
297.64,UAV-3,UAV-4,0.161
297.64,UAV-3,UAV-5,0.750
297.64,UAV-4,GCS,0.750
297.64,UAV-4,UAV-5,0.750
297.64,UAV-5,GCS,0.750
298.66,UAV-2,GCS,0.221
298.66,UAV-2,UAV-3,0.750
298.66,UAV-2,UAV-4,0.750
298.66,UAV-2,UAV-5,0.750
298.66,UAV-3,GCS,0.723
298.66,UAV-3,UAV-4,0.347
298.66,UAV-3,UAV-5,0.750
298.66,UAV-4,GCS,0.750
298.66,UAV-4,UAV-5,0.750
298.66,UAV-5,GCS,0.750
299.68,UAV-2,GCS,0.290
299.68,UAV-2,UAV-3,0.750
299.68,UAV-2,UAV-4,0.750
299.68,UAV-2,UAV-5,0.750
299.68,UAV-3,GCS,0.750
299.68,UAV-3,UAV-4,0.521
299.68,UAV-3,UAV-5,0.750
299.68,UAV-4,GCS,0.750
299.68,UAV-4,UAV-5,0.750
299.68,UAV-5,GCS,0.750
300.70,UAV-2,GCS,0.363
300.70,UAV-2,UAV-3,0.750
300.70,UAV-2,UAV-4,0.750
300.70,UAV-2,UAV-5,0.750
300.70,UAV-3,GCS,0.750
300.70,UAV-3,UAV-4,0.649
300.70,UAV-3,UAV-5,0.750
300.70,UAV-4,GCS,0.750
300.70,UAV-4,UAV-5,0.750
300.70,UAV-5,GCS,0.750
301.72,UAV-2,GCS,0.460
301.72,UAV-2,UAV-3,0.750
301.72,UAV-2,UAV-4,0.750
301.72,UAV-2,UAV-5,0.750
301.72,UAV-3,GCS,0.750
301.72,UAV-3,UAV-4,0.748
301.72,UAV-3,UAV-5,0.750
301.72,UAV-4,GCS,0.750
301.72,UAV-4,UAV-5,0.750
301.72,UAV-5,GCS,0.750
302.74,UAV-2,GCS,0.378
302.74,UAV-2,UAV-3,0.750
302.74,UAV-2,UAV-4,0.750
302.74,UAV-2,UAV-5,0.750
302.74,UAV-3,GCS,0.750
302.74,UAV-3,UAV-4,0.720
302.74,UAV-3,UAV-5,0.750
302.74,UAV-4,GCS,0.750
302.74,UAV-4,UAV-5,0.750
302.74,UAV-5,GCS,0.750
303.76,UAV-2,GCS,0.477
303.76,UAV-2,UAV-3,0.750
303.76,UAV-2,UAV-4,0.750
303.76,UAV-2,UAV-5,0.750
303.76,UAV-3,GCS,0.750
303.76,UAV-3,UAV-4,0.719
303.76,UAV-3,UAV-5,0.750
303.76,UAV-4,GCS,0.750
303.76,UAV-4,UAV-5,0.750
303.76,UAV-5,GCS,0.750
304.78,UAV-2,GCS,0.643
304.78,UAV-2,UAV-3,0.750
304.78,UAV-2,UAV-4,0.750
304.78,UAV-2,UAV-5,0.750
304.78,UAV-3,GCS,0.750
304.78,UAV-3,UAV-4,0.659
304.78,UAV-3,UAV-5,0.750
304.78,UAV-4,GCS,0.750
304.78,UAV-4,UAV-5,0.750
304.78,UAV-5,GCS,0.750
305.80,UAV-2,GCS,0.900
305.80,UAV-2,UAV-3,1.000
305.80,UAV-2,UAV-4,1.000
305.80,UAV-2,UAV-5,1.000
305.80,UAV-3,GCS,1.000
305.80,UAV-3,UAV-4,0.268
305.80,UAV-3,UAV-5,1.000
305.80,UAV-4,GCS,1.000
305.80,UAV-4,UAV-5,1.000
305.80,UAV-5,GCS,1.000
306.82,UAV-2,GCS,0.862
306.82,UAV-2,UAV-3,1.000
306.82,UAV-2,UAV-4,1.000
306.82,UAV-2,UAV-5,1.000
306.82,UAV-3,GCS,0.315
306.82,UAV-3,UAV-4,0.007
306.82,UAV-3,UAV-5,1.000
306.82,UAV-4,GCS,1.000
306.82,UAV-4,UAV-5,1.000
306.82,UAV-5,GCS,1.000
307.84,UAV-2,GCS,0.744
307.84,UAV-2,UAV-3,1.000
307.84,UAV-2,UAV-4,1.000
307.84,UAV-2,UAV-5,1.000
307.84,UAV-3,GCS,0.046
307.84,UAV-3,UAV-4,0.004
307.84,UAV-3,UAV-5,1.000
307.84,UAV-4,GCS,1.000
307.84,UAV-4,UAV-5,1.000
307.84,UAV-5,GCS,1.000
308.86,UAV-2,GCS,0.908
308.86,UAV-2,UAV-3,1.000
308.86,UAV-2,UAV-4,1.000
308.86,UAV-2,UAV-5,1.000
308.86,UAV-3,GCS,0.000
308.86,UAV-3,UAV-4,0.000
308.86,UAV-3,UAV-5,1.000
308.86,UAV-4,GCS,1.000
308.86,UAV-4,UAV-5,1.000
308.86,UAV-5,GCS,1.000
309.88,UAV-2,GCS,0.873
309.88,UAV-2,UAV-3,1.000
309.88,UAV-2,UAV-4,1.000
309.88,UAV-2,UAV-5,1.000
309.88,UAV-3,GCS,0.000
309.88,UAV-3,UAV-4,0.000
309.88,UAV-3,UAV-5,1.000
309.88,UAV-4,GCS,1.000
309.88,UAV-4,UAV-5,1.000
309.88,UAV-5,GCS,1.000
310.90,UAV-2,GCS,0.879
310.90,UAV-2,UAV-3,1.000
310.90,UAV-2,UAV-4,1.000
310.90,UAV-2,UAV-5,1.000
310.90,UAV-3,GCS,0.000
310.90,UAV-3,UAV-4,0.000
310.90,UAV-3,UAV-5,1.000
310.90,UAV-4,GCS,1.000
310.90,UAV-4,UAV-5,1.000
310.90,UAV-5,GCS,1.000
311.92,UAV-2,GCS,0.819
311.92,UAV-2,UAV-3,1.000
311.92,UAV-2,UAV-4,1.000
311.92,UAV-2,UAV-5,1.000
311.92,UAV-3,GCS,0.000
311.92,UAV-3,UAV-4,0.000
311.92,UAV-3,UAV-5,1.000
311.92,UAV-4,GCS,1.000
311.92,UAV-4,UAV-5,1.000
311.92,UAV-5,GCS,1.000
312.94,UAV-2,GCS,0.910
312.94,UAV-2,UAV-3,1.000
312.94,UAV-2,UAV-4,1.000
312.94,UAV-2,UAV-5,1.000
312.94,UAV-3,GCS,0.000
312.94,UAV-3,UAV-4,0.000
312.94,UAV-3,UAV-5,1.000
312.94,UAV-4,GCS,1.000
312.94,UAV-4,UAV-5,1.000
312.94,UAV-5,GCS,1.000
313.96,UAV-2,GCS,0.958
313.96,UAV-2,UAV-3,1.000
313.96,UAV-2,UAV-4,1.000
313.96,UAV-2,UAV-5,1.000
313.96,UAV-3,GCS,0.000
313.96,UAV-3,UAV-4,0.000
313.96,UAV-3,UAV-5,1.000
313.96,UAV-4,GCS,1.000
313.96,UAV-4,UAV-5,1.000
313.96,UAV-5,GCS,1.000
314.98,UAV-2,GCS,0.999
314.98,UAV-2,UAV-3,1.000
314.98,UAV-2,UAV-4,1.000
314.98,UAV-2,UAV-5,1.000
314.98,UAV-3,GCS,0.000
314.98,UAV-3,UAV-4,0.000
314.98,UAV-3,UAV-5,1.000
314.98,UAV-4,GCS,1.000
314.98,UAV-4,UAV-5,1.000
314.98,UAV-5,GCS,1.000
316.00,UAV-2,GCS,1.000
316.00,UAV-2,UAV-3,1.000
316.00,UAV-2,UAV-4,1.000
316.00,UAV-2,UAV-5,1.000
316.00,UAV-3,GCS,0.000
316.00,UAV-3,UAV-4,0.000
316.00,UAV-3,UAV-5,1.000
316.00,UAV-4,GCS,1.000
316.00,UAV-4,UAV-5,1.000
316.00,UAV-5,GCS,1.000
317.02,UAV-2,GCS,1.000
317.02,UAV-2,UAV-3,1.000
317.02,UAV-2,UAV-4,1.000
317.02,UAV-2,UAV-5,1.000
317.02,UAV-3,GCS,0.000
317.02,UAV-3,UAV-4,0.000
317.02,UAV-3,UAV-5,1.000
317.02,UAV-4,GCS,1.000
317.02,UAV-4,UAV-5,1.000
317.02,UAV-5,GCS,1.000
318.04,UAV-2,GCS,1.000
318.04,UAV-2,UAV-3,1.000
318.04,UAV-2,UAV-4,1.000
318.04,UAV-2,UAV-5,1.000
318.04,UAV-3,GCS,0.000
318.04,UAV-3,UAV-4,0.000
318.04,UAV-3,UAV-5,1.000
318.04,UAV-4,GCS,1.000
318.04,UAV-4,UAV-5,1.000
318.04,UAV-5,GCS,1.000
319.06,UAV-2,GCS,1.000
319.06,UAV-2,UAV-3,1.000
319.06,UAV-2,UAV-4,1.000
319.06,UAV-2,UAV-5,1.000
319.06,UAV-3,GCS,0.000
319.06,UAV-3,UAV-4,0.000
319.06,UAV-3,UAV-5,1.000
319.06,UAV-4,GCS,1.000
319.06,UAV-4,UAV-5,1.000
319.06,UAV-5,GCS,1.000
320.08,UAV-2,GCS,1.000
320.08,UAV-2,UAV-3,1.000
320.08,UAV-2,UAV-4,1.000
320.08,UAV-2,UAV-5,1.000
320.08,UAV-3,GCS,0.000
320.08,UAV-3,UAV-4,0.000
320.08,UAV-3,UAV-5,1.000
320.08,UAV-4,GCS,1.000
320.08,UAV-4,UAV-5,1.000
320.08,UAV-5,GCS,1.000
321.10,UAV-2,GCS,1.000
321.10,UAV-2,UAV-3,1.000
321.10,UAV-2,UAV-4,1.000
321.10,UAV-2,UAV-5,1.000
321.10,UAV-3,GCS,0.000
321.10,UAV-3,UAV-4,0.000
321.10,UAV-3,UAV-5,1.000
321.10,UAV-4,GCS,1.000
321.10,UAV-4,UAV-5,1.000
321.10,UAV-5,GCS,1.000
322.12,UAV-2,GCS,1.000
322.12,UAV-2,UAV-3,1.000
322.12,UAV-2,UAV-4,1.000
322.12,UAV-2,UAV-5,1.000
322.12,UAV-3,GCS,0.000
322.12,UAV-3,UAV-4,0.000
322.12,UAV-3,UAV-5,1.000
322.12,UAV-4,GCS,1.000
322.12,UAV-4,UAV-5,1.000
322.12,UAV-5,GCS,1.000
323.14,UAV-2,GCS,1.000
323.14,UAV-2,UAV-3,1.000
323.14,UAV-2,UAV-4,1.000
323.14,UAV-2,UAV-5,1.000
323.14,UAV-3,GCS,0.000
323.14,UAV-3,UAV-4,0.000
323.14,UAV-3,UAV-5,1.000
323.14,UAV-4,GCS,1.000
323.14,UAV-4,UAV-5,1.000
323.14,UAV-5,GCS,1.000
324.16,UAV-2,GCS,1.000
324.16,UAV-2,UAV-3,0.818
324.16,UAV-2,UAV-4,1.000
324.16,UAV-2,UAV-5,1.000
324.16,UAV-3,GCS,0.000
324.16,UAV-3,UAV-4,0.000
324.16,UAV-3,UAV-5,1.000
324.16,UAV-4,GCS,1.000
324.16,UAV-4,UAV-5,1.000
324.16,UAV-5,GCS,1.000
325.18,UAV-2,GCS,1.000
325.18,UAV-2,UAV-3,0.371
325.18,UAV-2,UAV-4,1.000
325.18,UAV-2,UAV-5,1.000
325.18,UAV-3,GCS,0.000
325.18,UAV-3,UAV-4,0.000
325.18,UAV-3,UAV-5,1.000
325.18,UAV-4,GCS,1.000
325.18,UAV-4,UAV-5,1.000
325.18,UAV-5,GCS,1.000
326.20,UAV-2,GCS,1.000
326.20,UAV-2,UAV-3,0.138
326.20,UAV-2,UAV-4,1.000
326.20,UAV-2,UAV-5,1.000
326.20,UAV-3,GCS,0.000
326.20,UAV-3,UAV-4,0.000
326.20,UAV-3,UAV-5,1.000
326.20,UAV-4,GCS,1.000
326.20,UAV-4,UAV-5,1.000
326.20,UAV-5,GCS,1.000
327.22,UAV-2,GCS,1.000
327.22,UAV-2,UAV-3,0.000
327.22,UAV-2,UAV-4,1.000
327.22,UAV-2,UAV-5,1.000
327.22,UAV-3,GCS,0.000
327.22,UAV-3,UAV-4,0.000
327.22,UAV-3,UAV-5,1.000
327.22,UAV-4,GCS,1.000
327.22,UAV-4,UAV-5,1.000
327.22,UAV-5,GCS,1.000
328.24,UAV-2,GCS,1.000
328.24,UAV-2,UAV-3,0.000
328.24,UAV-2,UAV-4,1.000
328.24,UAV-2,UAV-5,1.000
328.24,UAV-3,GCS,0.000
328.24,UAV-3,UAV-4,0.000
328.24,UAV-3,UAV-5,1.000
328.24,UAV-4,GCS,1.000
328.24,UAV-4,UAV-5,1.000
328.24,UAV-5,GCS,1.000
329.26,UAV-2,GCS,0.999
329.26,UAV-2,UAV-3,0.000
329.26,UAV-2,UAV-4,1.000
329.26,UAV-2,UAV-5,1.000
329.26,UAV-3,GCS,0.000
329.26,UAV-3,UAV-4,0.000
329.26,UAV-3,UAV-5,1.000
329.26,UAV-4,GCS,1.000
329.26,UAV-4,UAV-5,1.000
329.26,UAV-5,GCS,1.000
330.28,UAV-2,GCS,1.000
330.28,UAV-2,UAV-3,0.000
330.28,UAV-2,UAV-4,1.000
330.28,UAV-2,UAV-5,1.000
330.28,UAV-3,GCS,0.000
330.28,UAV-3,UAV-4,0.000
330.28,UAV-3,UAV-5,1.000
330.28,UAV-4,GCS,1.000
330.28,UAV-4,UAV-5,1.000
330.28,UAV-5,GCS,1.000
331.30,UAV-2,GCS,1.000
331.30,UAV-2,UAV-3,0.000
331.30,UAV-2,UAV-4,1.000
331.30,UAV-2,UAV-5,1.000
331.30,UAV-3,GCS,0.000
331.30,UAV-3,UAV-4,0.000
331.30,UAV-3,UAV-5,1.000
331.30,UAV-4,GCS,1.000
331.30,UAV-4,UAV-5,1.000
331.30,UAV-5,GCS,1.000
332.32,UAV-2,GCS,1.000
332.32,UAV-2,UAV-3,0.000
332.32,UAV-2,UAV-4,1.000
332.32,UAV-2,UAV-5,1.000
332.32,UAV-3,UAV-4,0.000
332.32,UAV-3,UAV-5,1.000
332.32,UAV-4,GCS,1.000
332.32,UAV-4,UAV-5,1.000
332.32,UAV-5,GCS,1.000
333.34,UAV-2,GCS,1.000
333.34,UAV-2,UAV-3,0.000
333.34,UAV-2,UAV-4,1.000
333.34,UAV-2,UAV-5,1.000
333.34,UAV-3,GCS,0.000
333.34,UAV-3,UAV-4,0.000
333.34,UAV-3,UAV-5,1.000
333.34,UAV-4,GCS,1.000
333.34,UAV-4,UAV-5,1.000
333.34,UAV-5,GCS,1.000
334.36,UAV-2,GCS,1.000
334.36,UAV-2,UAV-3,0.000
334.36,UAV-2,UAV-4,1.000
334.36,UAV-2,UAV-5,1.000
334.36,UAV-3,GCS,0.000
334.36,UAV-3,UAV-4,0.000
334.36,UAV-3,UAV-5,1.000
334.36,UAV-4,GCS,1.000
334.36,UAV-4,UAV-5,1.000
334.36,UAV-5,GCS,1.000
335.38,UAV-2,GCS,1.000
335.38,UAV-2,UAV-3,0.000
335.38,UAV-2,UAV-4,1.000
335.38,UAV-2,UAV-5,1.000
335.38,UAV-3,UAV-4,0.000
335.38,UAV-3,UAV-5,1.000
335.38,UAV-4,GCS,1.000
335.38,UAV-4,UAV-5,1.000
335.38,UAV-5,GCS,1.000
336.40,UAV-2,GCS,1.000
336.40,UAV-2,UAV-3,0.000
336.40,UAV-2,UAV-4,1.000
336.40,UAV-2,UAV-5,1.000
336.40,UAV-3,GCS,0.000
336.40,UAV-3,UAV-4,0.000
336.40,UAV-3,UAV-5,1.000
336.40,UAV-4,GCS,1.000
336.40,UAV-4,UAV-5,1.000
336.40,UAV-5,GCS,1.000
337.42,UAV-2,GCS,1.000
337.42,UAV-2,UAV-3,0.000
337.42,UAV-2,UAV-4,1.000
337.42,UAV-2,UAV-5,1.000
337.42,UAV-3,UAV-4,0.000
337.42,UAV-3,UAV-5,1.000
337.42,UAV-4,GCS,1.000
337.42,UAV-4,UAV-5,1.000
337.42,UAV-5,GCS,1.000
338.44,UAV-2,GCS,1.000
338.44,UAV-2,UAV-3,0.000
338.44,UAV-2,UAV-4,1.000
338.44,UAV-2,UAV-5,1.000
338.44,UAV-3,UAV-4,0.000
338.44,UAV-3,UAV-5,1.000
338.44,UAV-4,GCS,1.000
338.44,UAV-4,UAV-5,1.000
338.44,UAV-5,GCS,1.000
339.46,UAV-2,GCS,1.000
339.46,UAV-2,UAV-3,0.000
339.46,UAV-2,UAV-4,1.000
339.46,UAV-2,UAV-5,1.000
339.46,UAV-3,GCS,0.000
339.46,UAV-3,UAV-4,0.000
339.46,UAV-3,UAV-5,1.000
339.46,UAV-4,GCS,1.000
339.46,UAV-4,UAV-5,1.000
339.46,UAV-5,GCS,1.000
340.48,UAV-2,GCS,1.000
340.48,UAV-2,UAV-3,0.000
340.48,UAV-2,UAV-4,1.000
340.48,UAV-2,UAV-5,1.000
340.48,UAV-3,UAV-4,0.000
340.48,UAV-3,UAV-5,1.000
340.48,UAV-4,GCS,1.000
340.48,UAV-4,UAV-5,1.000
340.48,UAV-5,GCS,1.000
341.50,UAV-2,GCS,1.000
341.50,UAV-2,UAV-3,0.000
341.50,UAV-2,UAV-4,1.000
341.50,UAV-2,UAV-5,1.000
341.50,UAV-3,UAV-4,0.000
341.50,UAV-3,UAV-5,1.000
341.50,UAV-4,GCS,1.000
341.50,UAV-4,UAV-5,1.000
341.50,UAV-5,GCS,1.000
342.52,UAV-2,GCS,1.000
342.52,UAV-2,UAV-3,0.000
342.52,UAV-2,UAV-4,1.000
342.52,UAV-2,UAV-5,0.981
342.52,UAV-3,UAV-4,0.000
342.52,UAV-3,UAV-5,1.000
342.52,UAV-4,GCS,1.000
342.52,UAV-4,UAV-5,1.000
342.52,UAV-5,GCS,1.000
343.54,UAV-2,GCS,1.000
343.54,UAV-2,UAV-3,0.000
343.54,UAV-2,UAV-4,1.000
343.54,UAV-2,UAV-5,0.876
343.54,UAV-3,GCS,0.000
343.54,UAV-3,UAV-4,0.000
343.54,UAV-3,UAV-5,1.000
343.54,UAV-4,GCS,1.000
343.54,UAV-4,UAV-5,1.000
343.54,UAV-5,GCS,1.000
344.56,UAV-2,GCS,1.000
344.56,UAV-2,UAV-3,0.000
344.56,UAV-2,UAV-4,1.000
344.56,UAV-2,UAV-5,0.907
344.56,UAV-3,GCS,0.000
344.56,UAV-3,UAV-4,0.000
344.56,UAV-3,UAV-5,1.000
344.56,UAV-4,GCS,1.000
344.56,UAV-4,UAV-5,1.000
344.56,UAV-5,GCS,1.000
345.58,UAV-2,GCS,1.000
345.58,UAV-2,UAV-3,0.000
345.58,UAV-2,UAV-4,1.000
345.58,UAV-2,UAV-5,0.822
345.58,UAV-3,UAV-4,0.000
345.58,UAV-3,UAV-5,1.000
345.58,UAV-4,GCS,1.000
345.58,UAV-4,UAV-5,1.000
345.58,UAV-5,GCS,1.000
346.60,UAV-2,GCS,1.000
346.60,UAV-2,UAV-3,0.000
346.60,UAV-2,UAV-4,1.000
346.60,UAV-2,UAV-5,0.424
346.60,UAV-3,GCS,0.000
346.60,UAV-3,UAV-4,0.000
346.60,UAV-3,UAV-5,1.000
346.60,UAV-4,GCS,1.000
346.60,UAV-4,UAV-5,1.000
346.60,UAV-5,GCS,1.000
347.62,UAV-2,GCS,1.000
347.62,UAV-2,UAV-3,0.000
347.62,UAV-2,UAV-4,1.000
347.62,UAV-2,UAV-5,0.630
347.62,UAV-3,GCS,0.000
347.62,UAV-3,UAV-4,0.000
347.62,UAV-3,UAV-5,1.000
347.62,UAV-4,GCS,1.000
347.62,UAV-4,UAV-5,1.000
347.62,UAV-5,GCS,1.000
348.64,UAV-2,GCS,1.000
348.64,UAV-2,UAV-3,0.000
348.64,UAV-2,UAV-4,1.000
348.64,UAV-2,UAV-5,0.547
348.64,UAV-3,GCS,0.000
348.64,UAV-3,UAV-4,0.000
348.64,UAV-3,UAV-5,1.000
348.64,UAV-4,GCS,1.000
348.64,UAV-4,UAV-5,1.000
348.64,UAV-5,GCS,1.000
349.66,UAV-2,GCS,1.000
349.66,UAV-2,UAV-3,0.000
349.66,UAV-2,UAV-4,1.000
349.66,UAV-2,UAV-5,0.462
349.66,UAV-3,UAV-4,0.000
349.66,UAV-3,UAV-5,1.000
349.66,UAV-4,GCS,1.000
349.66,UAV-4,UAV-5,1.000
349.66,UAV-5,GCS,1.000
350.68,UAV-2,GCS,1.000
350.68,UAV-2,UAV-3,0.000
350.68,UAV-2,UAV-4,1.000
350.68,UAV-2,UAV-5,0.182
350.68,UAV-3,UAV-4,0.000
350.68,UAV-3,UAV-5,1.000
350.68,UAV-4,GCS,1.000
350.68,UAV-4,UAV-5,1.000
350.68,UAV-5,GCS,1.000
351.70,UAV-2,GCS,1.000
351.70,UAV-2,UAV-3,0.000
351.70,UAV-2,UAV-4,1.000
351.70,UAV-2,UAV-5,0.026
351.70,UAV-3,GCS,0.000
351.70,UAV-3,UAV-4,0.000
351.70,UAV-3,UAV-5,1.000
351.70,UAV-4,GCS,1.000
351.70,UAV-4,UAV-5,1.000
351.70,UAV-5,GCS,1.000
352.72,UAV-2,GCS,1.000
352.72,UAV-2,UAV-3,0.000
352.72,UAV-2,UAV-4,1.000
352.72,UAV-2,UAV-5,0.014
352.72,UAV-3,UAV-4,0.000
352.72,UAV-3,UAV-5,1.000
352.72,UAV-4,GCS,1.000
352.72,UAV-4,UAV-5,1.000
352.72,UAV-5,GCS,1.000
353.74,UAV-2,GCS,1.000
353.74,UAV-2,UAV-3,0.000
353.74,UAV-2,UAV-4,1.000
353.74,UAV-2,UAV-5,0.000
353.74,UAV-3,UAV-4,0.000
353.74,UAV-3,UAV-5,1.000
353.74,UAV-4,GCS,1.000
353.74,UAV-4,UAV-5,1.000
353.74,UAV-5,GCS,1.000
354.76,UAV-2,GCS,1.000
354.76,UAV-2,UAV-3,0.000
354.76,UAV-2,UAV-4,1.000
354.76,UAV-2,UAV-5,0.000
354.76,UAV-3,GCS,0.000
354.76,UAV-3,UAV-4,0.000
354.76,UAV-3,UAV-5,1.000
354.76,UAV-4,GCS,1.000
354.76,UAV-4,UAV-5,1.000
354.76,UAV-5,GCS,1.000
355.78,UAV-2,GCS,1.000
355.78,UAV-2,UAV-3,0.000
355.78,UAV-2,UAV-4,1.000
355.78,UAV-2,UAV-5,0.000
355.78,UAV-3,UAV-4,0.000
355.78,UAV-3,UAV-5,1.000
355.78,UAV-4,GCS,1.000
355.78,UAV-4,UAV-5,1.000
355.78,UAV-5,GCS,1.000
356.80,UAV-2,GCS,1.000
356.80,UAV-2,UAV-3,0.000
356.80,UAV-2,UAV-4,1.000
356.80,UAV-2,UAV-5,0.000
356.80,UAV-3,UAV-4,0.000
356.80,UAV-3,UAV-5,1.000
356.80,UAV-4,GCS,1.000
356.80,UAV-4,UAV-5,1.000
356.80,UAV-5,GCS,1.000
357.82,UAV-2,GCS,1.000
357.82,UAV-2,UAV-3,0.000
357.82,UAV-2,UAV-4,1.000
357.82,UAV-2,UAV-5,0.005
357.82,UAV-3,GCS,0.000
357.82,UAV-3,UAV-4,0.000
357.82,UAV-3,UAV-5,1.000
357.82,UAV-4,GCS,1.000
357.82,UAV-4,UAV-5,1.000
357.82,UAV-5,GCS,1.000
358.84,UAV-2,GCS,1.000
358.84,UAV-2,UAV-3,0.000
358.84,UAV-2,UAV-4,1.000
358.84,UAV-2,UAV-5,0.000
358.84,UAV-3,UAV-4,0.000
358.84,UAV-3,UAV-5,1.000
358.84,UAV-4,GCS,1.000
358.84,UAV-4,UAV-5,1.000
358.84,UAV-5,GCS,1.000
359.86,UAV-2,GCS,1.000
359.86,UAV-2,UAV-3,0.000
359.86,UAV-2,UAV-4,1.000
359.86,UAV-2,UAV-5,0.000
359.86,UAV-3,GCS,0.000
359.86,UAV-3,UAV-4,0.000
359.86,UAV-3,UAV-5,1.000
359.86,UAV-4,GCS,1.000
359.86,UAV-4,UAV-5,1.000
359.86,UAV-5,GCS,1.000
360.88,UAV-2,GCS,1.000
360.88,UAV-2,UAV-3,0.000
360.88,UAV-2,UAV-4,1.000
360.88,UAV-2,UAV-5,0.000
360.88,UAV-3,GCS,0.000
360.88,UAV-3,UAV-4,0.000
360.88,UAV-3,UAV-5,1.000
360.88,UAV-4,GCS,1.000
360.88,UAV-4,UAV-5,1.000
360.88,UAV-5,GCS,1.000
361.90,UAV-2,GCS,1.000
361.90,UAV-2,UAV-3,0.000
361.90,UAV-2,UAV-4,1.000
361.90,UAV-2,UAV-5,0.026
361.90,UAV-3,GCS,0.000
361.90,UAV-3,UAV-4,0.000
361.90,UAV-3,UAV-5,1.000
361.90,UAV-4,GCS,1.000
361.90,UAV-4,UAV-5,1.000
361.90,UAV-5,GCS,1.000
362.92,UAV-2,GCS,1.000
362.92,UAV-2,UAV-3,0.000
362.92,UAV-2,UAV-4,1.000
362.92,UAV-2,UAV-5,0.005
362.92,UAV-3,GCS,0.000
362.92,UAV-3,UAV-4,0.000
362.92,UAV-3,UAV-5,1.000
362.92,UAV-4,GCS,1.000
362.92,UAV-4,UAV-5,1.000
362.92,UAV-5,GCS,1.000
363.94,UAV-2,GCS,1.000
363.94,UAV-2,UAV-3,0.000
363.94,UAV-2,UAV-4,1.000
363.94,UAV-2,UAV-5,0.016
363.94,UAV-3,GCS,0.000
363.94,UAV-3,UAV-4,0.000
363.94,UAV-3,UAV-5,1.000
363.94,UAV-4,GCS,1.000
363.94,UAV-4,UAV-5,1.000
363.94,UAV-5,GCS,1.000
364.96,UAV-2,GCS,1.000
364.96,UAV-2,UAV-3,0.000
364.96,UAV-2,UAV-4,1.000
364.96,UAV-2,UAV-5,0.017
364.96,UAV-3,GCS,0.000
364.96,UAV-3,UAV-4,0.000
364.96,UAV-3,UAV-5,1.000
364.96,UAV-4,GCS,1.000
364.96,UAV-4,UAV-5,1.000
364.96,UAV-5,GCS,1.000
365.98,UAV-2,GCS,1.000
365.98,UAV-2,UAV-3,0.000
365.98,UAV-2,UAV-4,1.000
365.98,UAV-2,UAV-5,0.004
365.98,UAV-3,GCS,0.000
365.98,UAV-3,UAV-4,0.000
365.98,UAV-3,UAV-5,1.000
365.98,UAV-4,GCS,1.000
365.98,UAV-4,UAV-5,1.000
365.98,UAV-5,GCS,1.000
367.00,UAV-2,GCS,1.000
367.00,UAV-2,UAV-3,0.000
367.00,UAV-2,UAV-4,1.000
367.00,UAV-2,UAV-5,0.038
367.00,UAV-3,GCS,0.000
367.00,UAV-3,UAV-4,0.000
367.00,UAV-3,UAV-5,1.000
367.00,UAV-4,GCS,1.000
367.00,UAV-4,UAV-5,1.000
367.00,UAV-5,GCS,1.000
368.02,UAV-2,GCS,1.000
368.02,UAV-2,UAV-3,0.000
368.02,UAV-2,UAV-4,1.000
368.02,UAV-2,UAV-5,0.021
368.02,UAV-3,GCS,0.000
368.02,UAV-3,UAV-4,0.000
368.02,UAV-3,UAV-5,1.000
368.02,UAV-4,GCS,1.000
368.02,UAV-4,UAV-5,1.000
368.02,UAV-5,GCS,1.000
369.04,UAV-2,GCS,1.000
369.04,UAV-2,UAV-3,0.000
369.04,UAV-2,UAV-4,1.000
369.04,UAV-2,UAV-5,0.053
369.04,UAV-3,GCS,0.000
369.04,UAV-3,UAV-4,0.000
369.04,UAV-3,UAV-5,1.000
369.04,UAV-4,GCS,1.000
369.04,UAV-4,UAV-5,1.000
369.04,UAV-5,GCS,1.000
370.06,UAV-2,GCS,1.000
370.06,UAV-2,UAV-3,0.000
370.06,UAV-2,UAV-4,1.000
370.06,UAV-2,UAV-5,0.012
370.06,UAV-3,GCS,0.000
370.06,UAV-3,UAV-4,0.000
370.06,UAV-3,UAV-5,1.000
370.06,UAV-4,GCS,1.000
370.06,UAV-4,UAV-5,1.000
370.06,UAV-5,GCS,1.000
371.08,UAV-2,GCS,1.000
371.08,UAV-2,UAV-3,0.000
371.08,UAV-2,UAV-4,1.000
371.08,UAV-2,UAV-5,0.014
371.08,UAV-3,GCS,0.000
371.08,UAV-3,UAV-4,0.000
371.08,UAV-3,UAV-5,1.000
371.08,UAV-4,GCS,1.000
371.08,UAV-4,UAV-5,1.000
371.08,UAV-5,GCS,1.000
372.10,UAV-2,GCS,1.000
372.10,UAV-2,UAV-3,0.000
372.10,UAV-2,UAV-4,1.000
372.10,UAV-2,UAV-5,0.043
372.10,UAV-3,GCS,0.000
372.10,UAV-3,UAV-4,0.000
372.10,UAV-3,UAV-5,1.000
372.10,UAV-4,GCS,1.000
372.10,UAV-4,UAV-5,1.000
372.10,UAV-5,GCS,1.000
373.12,UAV-2,GCS,1.000
373.12,UAV-2,UAV-3,0.000
373.12,UAV-2,UAV-5,0.047
373.12,UAV-3,GCS,0.000
373.12,UAV-3,UAV-5,1.000
373.12,UAV-5,GCS,1.000
374.14,UAV-2,GCS,1.000
374.14,UAV-2,UAV-3,0.000
374.14,UAV-2,UAV-5,0.035
374.14,UAV-3,GCS,0.000
374.14,UAV-3,UAV-5,1.000
374.14,UAV-5,GCS,1.000
375.16,UAV-2,GCS,1.000
375.16,UAV-2,UAV-3,0.000
375.16,UAV-2,UAV-5,0.057
375.16,UAV-3,GCS,0.000
375.16,UAV-3,UAV-5,1.000
375.16,UAV-5,GCS,1.000
376.18,UAV-2,GCS,1.000
376.18,UAV-2,UAV-3,0.000
376.18,UAV-2,UAV-5,0.143
376.18,UAV-3,GCS,0.000
376.18,UAV-3,UAV-5,1.000
376.18,UAV-5,GCS,1.000
377.20,UAV-2,GCS,1.000
377.20,UAV-2,UAV-3,0.000
377.20,UAV-2,UAV-5,0.152
377.20,UAV-3,GCS,0.000
377.20,UAV-3,UAV-5,1.000
377.20,UAV-5,GCS,1.000
378.22,UAV-2,GCS,1.000
378.22,UAV-2,UAV-3,0.000
378.22,UAV-2,UAV-5,0.343
378.22,UAV-3,GCS,0.000
378.22,UAV-3,UAV-5,1.000
378.22,UAV-5,GCS,1.000
379.24,UAV-2,GCS,1.000
379.24,UAV-2,UAV-3,0.000
379.24,UAV-2,UAV-5,0.541
379.24,UAV-3,GCS,0.000
379.24,UAV-3,UAV-5,1.000
379.24,UAV-5,GCS,0.958
380.26,UAV-2,GCS,1.000
380.26,UAV-2,UAV-3,0.000
380.26,UAV-2,UAV-5,0.513
380.26,UAV-3,GCS,0.000
380.26,UAV-3,UAV-5,1.000
380.26,UAV-5,GCS,1.000
381.28,UAV-2,GCS,1.000
381.28,UAV-2,UAV-3,0.000
381.28,UAV-2,UAV-5,0.573
381.28,UAV-3,GCS,0.000
381.28,UAV-3,UAV-5,1.000
381.28,UAV-5,GCS,1.000
382.30,UAV-2,GCS,1.000
382.30,UAV-2,UAV-3,0.000
382.30,UAV-2,UAV-5,0.772
382.30,UAV-3,GCS,0.000
382.30,UAV-3,UAV-5,1.000
382.30,UAV-5,GCS,1.000
383.32,UAV-2,GCS,1.000
383.32,UAV-2,UAV-3,0.000
383.32,UAV-2,UAV-5,0.827
383.32,UAV-3,GCS,0.000
383.32,UAV-3,UAV-5,1.000
383.32,UAV-5,GCS,1.000
384.34,UAV-2,GCS,1.000
384.34,UAV-2,UAV-3,0.000
384.34,UAV-2,UAV-5,0.905
384.34,UAV-3,GCS,0.000
384.34,UAV-3,UAV-5,1.000
384.34,UAV-5,GCS,1.000
385.36,UAV-2,GCS,1.000
385.36,UAV-2,UAV-3,0.000
385.36,UAV-2,UAV-5,0.943
385.36,UAV-3,GCS,0.000
385.36,UAV-3,UAV-5,1.000
385.36,UAV-5,GCS,1.000
386.38,UAV-2,GCS,1.000
386.38,UAV-2,UAV-3,0.000
386.38,UAV-2,UAV-5,0.999
386.38,UAV-3,GCS,0.000
386.38,UAV-3,UAV-5,1.000
386.38,UAV-5,GCS,1.000
387.40,UAV-2,GCS,1.000
387.40,UAV-2,UAV-3,0.000
387.40,UAV-2,UAV-5,1.000
387.40,UAV-3,GCS,0.000
387.40,UAV-3,UAV-5,1.000
387.40,UAV-5,GCS,1.000
388.42,UAV-2,GCS,1.000
388.42,UAV-2,UAV-3,0.000
388.42,UAV-2,UAV-5,1.000
388.42,UAV-3,GCS,0.000
388.42,UAV-3,UAV-5,1.000
388.42,UAV-5,GCS,1.000
389.44,UAV-2,GCS,1.000
389.44,UAV-2,UAV-3,0.000
389.44,UAV-2,UAV-5,0.920
389.44,UAV-3,GCS,0.000
389.44,UAV-3,UAV-5,1.000
389.44,UAV-5,GCS,1.000
390.46,UAV-2,GCS,1.000
390.46,UAV-2,UAV-3,0.000
390.46,UAV-2,UAV-5,0.999
390.46,UAV-3,GCS,0.000
390.46,UAV-3,UAV-5,1.000
390.46,UAV-5,GCS,1.000
391.48,UAV-2,GCS,1.000
391.48,UAV-2,UAV-3,0.000
391.48,UAV-2,UAV-5,1.000
391.48,UAV-3,GCS,0.000
391.48,UAV-3,UAV-5,1.000
391.48,UAV-5,GCS,1.000
392.50,UAV-2,GCS,1.000
392.50,UAV-2,UAV-3,0.008
392.50,UAV-2,UAV-5,1.000
392.50,UAV-3,GCS,0.066
392.50,UAV-3,UAV-5,1.000
392.50,UAV-5,GCS,1.000
393.52,UAV-2,GCS,1.000
393.52,UAV-2,UAV-3,0.126
393.52,UAV-2,UAV-5,1.000
393.52,UAV-3,GCS,0.172
393.52,UAV-3,UAV-5,1.000
393.52,UAV-5,GCS,1.000
394.54,UAV-2,GCS,1.000
394.54,UAV-2,UAV-3,0.401
394.54,UAV-2,UAV-5,1.000
394.54,UAV-3,GCS,0.403
394.54,UAV-3,UAV-5,1.000
394.54,UAV-5,GCS,1.000
395.56,UAV-2,GCS,1.000
395.56,UAV-2,UAV-3,0.740
395.56,UAV-2,UAV-5,1.000
395.56,UAV-3,GCS,0.851
395.56,UAV-3,UAV-5,1.000
395.56,UAV-5,GCS,1.000
396.58,UAV-2,GCS,1.000
396.58,UAV-2,UAV-3,0.804
396.58,UAV-2,UAV-5,1.000
396.58,UAV-3,GCS,1.000
396.58,UAV-3,UAV-5,1.000
396.58,UAV-5,GCS,1.000
397.60,UAV-2,GCS,1.000
397.60,UAV-2,UAV-3,0.942
397.60,UAV-2,UAV-5,1.000
397.60,UAV-3,GCS,0.982
397.60,UAV-3,UAV-5,1.000
397.60,UAV-5,GCS,1.000
398.62,UAV-2,GCS,1.000
398.62,UAV-2,UAV-3,1.000
398.62,UAV-2,UAV-5,1.000
398.62,UAV-3,GCS,1.000
398.62,UAV-3,UAV-5,1.000
398.62,UAV-5,GCS,1.000
399.64,UAV-2,GCS,1.000
399.64,UAV-2,UAV-3,1.000
399.64,UAV-2,UAV-5,1.000
399.64,UAV-3,GCS,1.000
399.64,UAV-3,UAV-5,1.000
399.64,UAV-5,GCS,1.000
400.66,UAV-2,GCS,1.000
400.66,UAV-2,UAV-3,1.000
400.66,UAV-2,UAV-5,1.000
400.66,UAV-3,GCS,1.000
400.66,UAV-3,UAV-5,1.000
400.66,UAV-5,GCS,1.000
401.68,UAV-2,GCS,1.000
401.68,UAV-2,UAV-3,1.000
401.68,UAV-2,UAV-5,1.000
401.68,UAV-3,GCS,1.000
401.68,UAV-3,UAV-5,1.000
401.68,UAV-5,GCS,1.000
402.70,UAV-2,GCS,1.000
402.70,UAV-2,UAV-3,1.000
402.70,UAV-2,UAV-5,1.000
402.70,UAV-3,GCS,1.000
402.70,UAV-3,UAV-5,1.000
402.70,UAV-5,GCS,1.000
403.72,UAV-2,GCS,1.000
403.72,UAV-2,UAV-3,1.000
403.72,UAV-2,UAV-5,1.000
403.72,UAV-3,GCS,1.000
403.72,UAV-3,UAV-5,1.000
403.72,UAV-5,GCS,1.000
404.74,UAV-2,GCS,1.000
404.74,UAV-2,UAV-3,1.000
404.74,UAV-2,UAV-5,1.000
404.74,UAV-3,GCS,1.000
404.74,UAV-3,UAV-5,1.000
404.74,UAV-5,GCS,1.000
405.76,UAV-2,GCS,1.000
405.76,UAV-2,UAV-3,1.000
405.76,UAV-2,UAV-5,1.000
405.76,UAV-3,GCS,1.000
405.76,UAV-3,UAV-5,1.000
405.76,UAV-5,GCS,1.000
406.78,UAV-2,GCS,1.000
406.78,UAV-2,UAV-3,1.000
406.78,UAV-2,UAV-5,1.000
406.78,UAV-3,GCS,1.000
406.78,UAV-3,UAV-5,1.000
406.78,UAV-5,GCS,1.000
407.80,UAV-2,GCS,1.000
407.80,UAV-2,UAV-3,1.000
407.80,UAV-2,UAV-5,1.000
407.80,UAV-3,GCS,1.000
407.80,UAV-3,UAV-5,1.000
407.80,UAV-5,GCS,1.000
408.82,UAV-2,GCS,1.000
408.82,UAV-2,UAV-3,1.000
408.82,UAV-2,UAV-5,1.000
408.82,UAV-3,GCS,1.000
408.82,UAV-3,UAV-5,1.000
408.82,UAV-5,GCS,1.000
409.84,UAV-2,GCS,1.000
409.84,UAV-2,UAV-3,1.000
409.84,UAV-2,UAV-5,1.000
409.84,UAV-3,GCS,1.000
409.84,UAV-3,UAV-5,1.000
409.84,UAV-5,GCS,1.000
410.86,UAV-2,GCS,1.000
410.86,UAV-2,UAV-3,1.000
410.86,UAV-2,UAV-5,1.000
410.86,UAV-3,GCS,0.960
410.86,UAV-3,UAV-5,1.000
410.86,UAV-5,GCS,1.000
411.88,UAV-2,GCS,1.000
411.88,UAV-2,UAV-3,1.000
411.88,UAV-2,UAV-5,1.000
411.88,UAV-3,GCS,1.000
411.88,UAV-3,UAV-5,1.000
411.88,UAV-5,GCS,1.000
412.90,UAV-2,GCS,1.000
412.90,UAV-2,UAV-3,1.000
412.90,UAV-2,UAV-5,1.000
412.90,UAV-3,GCS,1.000
412.90,UAV-3,UAV-5,1.000
412.90,UAV-5,GCS,1.000
413.92,UAV-2,GCS,1.000
413.92,UAV-2,UAV-3,1.000
413.92,UAV-2,UAV-5,1.000
413.92,UAV-3,GCS,1.000
413.92,UAV-3,UAV-5,1.000
413.92,UAV-5,GCS,1.000
414.94,UAV-2,GCS,1.000
414.94,UAV-2,UAV-3,1.000
414.94,UAV-2,UAV-5,1.000
414.94,UAV-3,GCS,1.000
414.94,UAV-3,UAV-5,1.000
414.94,UAV-5,GCS,1.000
415.96,UAV-2,GCS,1.000
415.96,UAV-2,UAV-3,1.000
415.96,UAV-2,UAV-5,1.000
415.96,UAV-3,GCS,1.000
415.96,UAV-3,UAV-5,1.000
415.96,UAV-5,GCS,1.000
416.98,UAV-2,GCS,1.000
416.98,UAV-2,UAV-3,1.000
416.98,UAV-2,UAV-5,1.000
416.98,UAV-3,GCS,1.000
416.98,UAV-3,UAV-5,1.000
416.98,UAV-5,GCS,1.000
418.00,UAV-2,GCS,1.000
418.00,UAV-2,UAV-3,1.000
418.00,UAV-2,UAV-5,1.000
418.00,UAV-3,GCS,1.000
418.00,UAV-3,UAV-5,1.000
418.00,UAV-5,GCS,1.000
419.02,UAV-2,GCS,1.000
419.02,UAV-2,UAV-3,1.000
419.02,UAV-2,UAV-5,1.000
419.02,UAV-3,GCS,0.962
419.02,UAV-3,UAV-5,1.000
419.02,UAV-5,GCS,1.000
420.04,UAV-2,GCS,1.000
420.04,UAV-2,UAV-3,1.000
420.04,UAV-2,UAV-5,1.000
420.04,UAV-3,GCS,0.999
420.04,UAV-3,UAV-5,1.000
420.04,UAV-5,GCS,1.000
421.06,UAV-2,GCS,1.000
421.06,UAV-2,UAV-3,1.000
421.06,UAV-2,UAV-5,1.000
421.06,UAV-3,GCS,0.909
421.06,UAV-3,UAV-5,1.000
421.06,UAV-5,GCS,1.000
422.08,UAV-2,GCS,1.000
422.08,UAV-2,UAV-3,1.000
422.08,UAV-2,UAV-5,1.000
422.08,UAV-3,GCS,0.882
422.08,UAV-3,UAV-5,1.000
422.08,UAV-5,GCS,1.000
423.10,UAV-2,GCS,1.000
423.10,UAV-2,UAV-3,1.000
423.10,UAV-2,UAV-5,1.000
423.10,UAV-3,GCS,0.827
423.10,UAV-3,UAV-5,1.000
423.10,UAV-5,GCS,1.000
424.12,UAV-2,GCS,1.000
424.12,UAV-2,UAV-3,1.000
424.12,UAV-2,UAV-5,1.000
424.12,UAV-3,GCS,0.725
424.12,UAV-3,UAV-5,1.000
424.12,UAV-5,GCS,1.000
425.14,UAV-2,GCS,1.000
425.14,UAV-2,UAV-3,1.000
425.14,UAV-2,UAV-5,1.000
425.14,UAV-3,GCS,0.407
425.14,UAV-3,UAV-5,1.000
425.14,UAV-5,GCS,1.000
426.16,UAV-2,GCS,1.000
426.16,UAV-2,UAV-3,1.000
426.16,UAV-2,UAV-5,1.000
426.16,UAV-3,GCS,0.655
426.16,UAV-3,UAV-5,1.000
426.16,UAV-5,GCS,1.000
427.18,UAV-2,GCS,1.000
427.18,UAV-2,UAV-3,1.000
427.18,UAV-2,UAV-5,1.000
427.18,UAV-3,GCS,0.479
427.18,UAV-3,UAV-5,1.000
427.18,UAV-5,GCS,1.000
428.20,UAV-2,GCS,1.000
428.20,UAV-2,UAV-3,1.000
428.20,UAV-2,UAV-5,1.000
428.20,UAV-3,GCS,0.452
428.20,UAV-3,UAV-5,1.000
428.20,UAV-5,GCS,1.000
429.22,UAV-2,GCS,1.000
429.22,UAV-2,UAV-3,1.000
429.22,UAV-2,UAV-5,1.000
429.22,UAV-3,GCS,0.383
429.22,UAV-3,UAV-5,1.000
429.22,UAV-5,GCS,1.000
430.24,UAV-2,GCS,1.000
430.24,UAV-2,UAV-3,1.000
430.24,UAV-2,UAV-5,1.000
430.24,UAV-3,GCS,0.252
430.24,UAV-3,UAV-5,1.000
430.24,UAV-5,GCS,1.000
431.26,UAV-2,GCS,1.000
431.26,UAV-2,UAV-3,1.000
431.26,UAV-2,UAV-5,1.000
431.26,UAV-3,GCS,0.339
431.26,UAV-3,UAV-5,1.000
431.26,UAV-5,GCS,1.000
432.28,UAV-2,GCS,1.000
432.28,UAV-2,UAV-3,1.000
432.28,UAV-2,UAV-5,1.000
432.28,UAV-3,GCS,0.135
432.28,UAV-3,UAV-5,1.000
432.28,UAV-5,GCS,1.000
433.30,UAV-2,GCS,1.000
433.30,UAV-2,UAV-3,1.000
433.30,UAV-2,UAV-5,1.000
433.30,UAV-3,GCS,0.118
433.30,UAV-3,UAV-5,1.000
433.30,UAV-5,GCS,1.000
434.32,UAV-2,GCS,1.000
434.32,UAV-2,UAV-3,1.000
434.32,UAV-2,UAV-5,1.000
434.32,UAV-3,GCS,0.056
434.32,UAV-3,UAV-5,1.000
434.32,UAV-5,GCS,1.000
435.34,UAV-2,GCS,1.000
435.34,UAV-2,UAV-3,0.994
435.34,UAV-2,UAV-5,1.000
435.34,UAV-3,GCS,0.041
435.34,UAV-3,UAV-5,1.000
435.34,UAV-5,GCS,1.000
436.36,UAV-2,GCS,1.000
436.36,UAV-2,UAV-3,0.831
436.36,UAV-2,UAV-5,1.000
436.36,UAV-3,GCS,0.010
436.36,UAV-3,UAV-5,1.000
436.36,UAV-5,GCS,1.000
437.38,UAV-2,GCS,1.000
437.38,UAV-2,UAV-3,0.832
437.38,UAV-2,UAV-5,1.000
437.38,UAV-3,GCS,0.003
437.38,UAV-3,UAV-5,1.000
437.38,UAV-5,GCS,1.000
438.40,UAV-2,GCS,1.000
438.40,UAV-2,UAV-3,0.542
438.40,UAV-2,UAV-5,1.000
438.40,UAV-3,GCS,0.000
438.40,UAV-3,UAV-5,1.000
438.40,UAV-5,GCS,1.000
439.42,UAV-2,GCS,1.000
439.42,UAV-2,UAV-3,0.555
439.42,UAV-2,UAV-5,1.000
439.42,UAV-3,GCS,0.017
439.42,UAV-3,UAV-5,1.000
439.42,UAV-5,GCS,1.000
440.44,UAV-2,GCS,1.000
440.44,UAV-2,UAV-3,0.525
440.44,UAV-2,UAV-5,1.000
440.44,UAV-3,GCS,0.018
440.44,UAV-3,UAV-5,1.000
440.44,UAV-5,GCS,1.000
441.46,UAV-2,GCS,1.000
441.46,UAV-2,UAV-3,0.672
441.46,UAV-2,UAV-5,1.000
441.46,UAV-3,GCS,0.007
441.46,UAV-3,UAV-5,1.000
441.46,UAV-5,GCS,0.958
442.48,UAV-2,GCS,1.000
442.48,UAV-2,UAV-3,0.725
442.48,UAV-2,UAV-5,1.000
442.48,UAV-3,GCS,0.270
442.48,UAV-3,UAV-5,1.000
442.48,UAV-5,GCS,1.000
443.50,UAV-2,GCS,1.000
443.50,UAV-2,UAV-3,0.871
443.50,UAV-2,UAV-5,1.000
443.50,UAV-3,GCS,0.331
443.50,UAV-3,UAV-5,1.000
443.50,UAV-5,GCS,1.000
444.52,UAV-2,GCS,1.000
444.52,UAV-2,UAV-3,0.998
444.52,UAV-2,UAV-5,1.000
444.52,UAV-3,GCS,0.557
444.52,UAV-3,UAV-5,1.000
444.52,UAV-5,GCS,1.000
445.54,UAV-2,GCS,1.000
445.54,UAV-2,UAV-3,0.953
445.54,UAV-2,UAV-5,1.000
445.54,UAV-3,GCS,0.596
445.54,UAV-3,UAV-5,1.000
445.54,UAV-5,GCS,1.000
446.56,UAV-2,GCS,1.000
446.56,UAV-2,UAV-3,0.958
446.56,UAV-2,UAV-5,1.000
446.56,UAV-3,GCS,0.868
446.56,UAV-3,UAV-5,1.000
446.56,UAV-5,GCS,1.000
447.58,UAV-2,GCS,1.000
447.58,UAV-2,UAV-3,1.000
447.58,UAV-2,UAV-5,1.000
447.58,UAV-3,GCS,1.000
447.58,UAV-3,UAV-5,1.000
447.58,UAV-5,GCS,1.000
448.60,UAV-2,GCS,1.000
448.60,UAV-2,UAV-3,1.000
448.60,UAV-2,UAV-5,1.000
448.60,UAV-3,GCS,1.000
448.60,UAV-3,UAV-5,1.000
448.60,UAV-5,GCS,1.000
449.62,UAV-2,GCS,1.000
449.62,UAV-2,UAV-3,1.000
449.62,UAV-2,UAV-5,1.000
449.62,UAV-3,GCS,1.000
449.62,UAV-3,UAV-5,1.000
449.62,UAV-5,GCS,1.000
450.64,UAV-2,GCS,1.000
450.64,UAV-2,UAV-3,1.000
450.64,UAV-2,UAV-5,1.000
450.64,UAV-3,GCS,1.000
450.64,UAV-3,UAV-5,1.000
450.64,UAV-5,GCS,1.000
451.66,UAV-3,GCS,1.000
451.66,UAV-3,UAV-5,1.000
451.66,UAV-5,GCS,1.000
452.68,UAV-3,GCS,1.000
452.68,UAV-3,UAV-5,1.000
452.68,UAV-5,GCS,1.000
453.70,UAV-3,GCS,1.000
453.70,UAV-3,UAV-5,1.000
453.70,UAV-5,GCS,1.000
454.72,UAV-3,GCS,1.000
454.72,UAV-3,UAV-5,1.000
454.72,UAV-5,GCS,1.000
455.74,UAV-3,GCS,1.000
455.74,UAV-3,UAV-5,1.000
455.74,UAV-5,GCS,1.000
456.76,UAV-3,GCS,1.000
456.76,UAV-3,UAV-5,1.000
456.76,UAV-5,GCS,1.000
457.78,UAV-3,GCS,1.000
457.78,UAV-3,UAV-5,1.000
457.78,UAV-5,GCS,1.000
458.80,UAV-3,GCS,1.000
458.80,UAV-3,UAV-5,1.000
458.80,UAV-5,GCS,1.000
459.82,UAV-3,GCS,1.000
459.82,UAV-3,UAV-5,1.000
459.82,UAV-5,GCS,1.000
460.84,UAV-3,GCS,1.000
460.84,UAV-3,UAV-5,1.000
460.84,UAV-5,GCS,1.000
461.86,UAV-3,GCS,1.000
461.86,UAV-3,UAV-5,1.000
461.86,UAV-5,GCS,1.000
462.88,UAV-3,GCS,1.000
462.88,UAV-3,UAV-5,1.000
462.88,UAV-5,GCS,1.000
463.90,UAV-3,GCS,1.000
463.90,UAV-3,UAV-5,1.000
463.90,UAV-5,GCS,1.000
464.92,UAV-3,GCS,1.000
464.92,UAV-3,UAV-5,1.000
464.92,UAV-5,GCS,1.000
465.94,UAV-3,GCS,1.000
465.94,UAV-3,UAV-5,1.000
465.94,UAV-5,GCS,1.000
466.96,UAV-3,GCS,1.000
466.96,UAV-3,UAV-5,1.000
466.96,UAV-5,GCS,1.000
467.98,UAV-3,GCS,1.000
467.98,UAV-3,UAV-5,1.000
467.98,UAV-5,GCS,1.000
469.00,UAV-3,GCS,1.000
469.00,UAV-3,UAV-5,1.000
469.00,UAV-5,GCS,1.000
470.02,UAV-3,GCS,1.000
470.02,UAV-3,UAV-5,1.000
470.02,UAV-5,GCS,0.986
471.04,UAV-3,GCS,1.000
471.04,UAV-3,UAV-5,1.000
471.04,UAV-5,GCS,1.000
472.06,UAV-3,GCS,1.000
472.06,UAV-3,UAV-5,1.000
472.06,UAV-5,GCS,1.000
473.08,UAV-3,GCS,1.000
473.08,UAV-3,UAV-5,0.917
473.08,UAV-5,GCS,1.000
474.10,UAV-3,GCS,1.000
474.10,UAV-3,UAV-5,0.959
474.10,UAV-5,GCS,1.000
475.12,UAV-3,GCS,1.000
475.12,UAV-3,UAV-5,0.832
475.12,UAV-5,GCS,1.000
476.14,UAV-3,GCS,1.000
476.14,UAV-3,UAV-5,0.795
476.14,UAV-5,GCS,1.000
477.16,UAV-3,GCS,1.000
477.16,UAV-3,UAV-5,0.563
477.16,UAV-5,GCS,1.000
478.18,UAV-3,GCS,1.000
478.18,UAV-3,UAV-5,0.538
478.18,UAV-5,GCS,1.000
479.20,UAV-3,GCS,1.000
479.20,UAV-3,UAV-5,0.383
479.20,UAV-5,GCS,1.000
480.22,UAV-3,GCS,1.000
480.22,UAV-3,UAV-5,0.303
480.22,UAV-5,GCS,1.000
481.24,UAV-3,GCS,1.000
481.24,UAV-3,UAV-5,0.214
481.24,UAV-5,GCS,1.000
482.26,UAV-3,GCS,1.000
482.26,UAV-3,UAV-5,0.334
482.26,UAV-5,GCS,1.000
483.28,UAV-3,GCS,1.000
483.28,UAV-3,UAV-5,0.185
483.28,UAV-5,GCS,1.000
484.30,UAV-3,GCS,1.000
484.30,UAV-3,UAV-5,0.057
484.30,UAV-5,GCS,0.958
485.32,UAV-3,GCS,1.000
485.32,UAV-3,UAV-5,0.113
485.32,UAV-5,GCS,1.000
486.34,UAV-3,GCS,1.000
486.34,UAV-3,UAV-5,0.043
486.34,UAV-5,GCS,1.000
487.36,UAV-3,GCS,1.000
487.36,UAV-3,UAV-5,0.110
487.36,UAV-5,GCS,1.000
488.38,UAV-3,GCS,1.000
488.38,UAV-3,UAV-5,0.144
488.38,UAV-5,GCS,1.000
489.40,UAV-3,GCS,1.000
489.40,UAV-3,UAV-5,0.202
489.40,UAV-5,GCS,1.000
490.42,UAV-3,GCS,1.000
490.42,UAV-3,UAV-5,0.398
490.42,UAV-5,GCS,1.000
491.44,UAV-3,GCS,1.000
491.44,UAV-3,UAV-5,0.726
491.44,UAV-5,GCS,1.000
492.46,UAV-3,GCS,1.000
492.46,UAV-3,UAV-5,0.899
492.46,UAV-5,GCS,1.000
493.48,UAV-3,GCS,1.000
493.48,UAV-3,UAV-5,0.982
493.48,UAV-5,GCS,1.000
494.50,UAV-3,GCS,1.000
494.50,UAV-3,UAV-5,1.000
494.50,UAV-5,GCS,1.000
495.52,UAV-3,GCS,1.000
495.52,UAV-3,UAV-5,1.000
495.52,UAV-5,GCS,1.000
496.54,UAV-3,GCS,1.000
496.54,UAV-3,UAV-5,1.000
496.54,UAV-5,GCS,1.000
497.56,UAV-3,GCS,1.000
497.56,UAV-3,UAV-5,1.000
497.56,UAV-5,GCS,1.000
498.58,UAV-3,GCS,1.000
498.58,UAV-3,UAV-5,1.000
498.58,UAV-5,GCS,1.000
499.60,UAV-3,GCS,1.000
499.60,UAV-3,UAV-5,1.000
499.60,UAV-5,GCS,1.000
500.62,UAV-3,GCS,1.000
500.62,UAV-3,UAV-5,1.000
500.62,UAV-5,GCS,1.000
501.64,UAV-3,GCS,1.000
501.64,UAV-3,UAV-5,1.000
501.64,UAV-5,GCS,1.000
502.66,UAV-3,GCS,1.000
502.66,UAV-3,UAV-5,1.000
502.66,UAV-5,GCS,1.000
503.68,UAV-3,GCS,1.000
503.68,UAV-3,UAV-5,1.000
503.68,UAV-5,GCS,1.000
504.70,UAV-3,GCS,1.000
504.70,UAV-3,UAV-5,1.000
504.70,UAV-5,GCS,1.000
505.72,UAV-3,GCS,1.000
505.72,UAV-3,UAV-5,1.000
505.72,UAV-5,GCS,1.000
506.74,UAV-3,GCS,1.000
506.74,UAV-3,UAV-5,1.000
506.74,UAV-5,GCS,1.000
507.76,UAV-3,GCS,1.000
507.76,UAV-3,UAV-5,1.000
507.76,UAV-5,GCS,1.000
508.78,UAV-3,GCS,1.000
508.78,UAV-3,UAV-5,1.000
508.78,UAV-5,GCS,1.000
509.80,UAV-3,GCS,1.000
509.80,UAV-3,UAV-5,1.000
509.80,UAV-5,GCS,0.963
510.82,UAV-3,GCS,1.000
510.82,UAV-3,UAV-5,1.000
510.82,UAV-5,GCS,0.998
511.84,UAV-3,GCS,1.000
511.84,UAV-3,UAV-5,1.000
511.84,UAV-5,GCS,0.927
512.86,UAV-3,GCS,1.000
512.86,UAV-3,UAV-5,1.000
512.86,UAV-5,GCS,0.856
513.88,UAV-3,GCS,1.000
513.88,UAV-3,UAV-5,1.000
513.88,UAV-5,GCS,0.825
514.90,UAV-3,GCS,1.000
514.90,UAV-3,UAV-5,1.000
514.90,UAV-5,GCS,0.702
515.92,UAV-3,GCS,1.000
515.92,UAV-3,UAV-5,1.000
515.92,UAV-5,GCS,0.694
516.94,UAV-3,GCS,1.000
516.94,UAV-3,UAV-5,1.000
516.94,UAV-5,GCS,0.419
517.96,UAV-3,GCS,1.000
517.96,UAV-3,UAV-5,1.000
517.96,UAV-5,GCS,0.379
518.98,UAV-3,GCS,1.000
518.98,UAV-3,UAV-5,1.000
518.98,UAV-5,GCS,0.193
520.00,UAV-3,GCS,1.000
520.00,UAV-3,UAV-5,1.000
520.00,UAV-5,GCS,0.158
521.02,UAV-3,GCS,1.000
521.02,UAV-3,UAV-5,1.000
521.02,UAV-5,GCS,0.061
522.04,UAV-3,GCS,1.000
522.04,UAV-3,UAV-5,1.000
522.04,UAV-5,GCS,0.073
523.06,UAV-3,GCS,1.000
523.06,UAV-3,UAV-5,1.000
523.06,UAV-5,GCS,0.076
524.08,UAV-3,GCS,1.000
524.08,UAV-3,UAV-5,1.000
524.08,UAV-5,GCS,0.005
525.10,UAV-3,GCS,1.000
525.10,UAV-3,UAV-5,1.000
525.10,UAV-5,GCS,0.003
526.12,UAV-3,GCS,1.000
526.12,UAV-3,UAV-5,1.000
526.12,UAV-5,GCS,0.024
527.14,UAV-3,GCS,1.000
527.14,UAV-3,UAV-5,1.000
527.14,UAV-5,GCS,0.001
528.16,UAV-3,GCS,1.000
528.16,UAV-3,UAV-5,1.000
528.16,UAV-5,GCS,0.000
529.18,UAV-3,GCS,1.000
529.18,UAV-3,UAV-5,1.000
529.18,UAV-5,GCS,0.015
530.20,UAV-3,GCS,1.000
530.20,UAV-3,UAV-5,1.000
530.20,UAV-5,GCS,0.087
531.22,UAV-3,GCS,1.000
531.22,UAV-3,UAV-5,1.000
531.22,UAV-5,GCS,0.250
532.24,UAV-3,GCS,1.000
532.24,UAV-3,UAV-5,1.000
532.24,UAV-5,GCS,0.275
533.26,UAV-3,GCS,1.000
533.26,UAV-3,UAV-5,1.000
533.26,UAV-5,GCS,0.645
534.28,UAV-3,GCS,1.000
534.28,UAV-3,UAV-5,1.000
534.28,UAV-5,GCS,0.778
535.30,UAV-3,GCS,1.000
535.30,UAV-3,UAV-5,1.000
535.30,UAV-5,GCS,0.872
536.32,UAV-3,GCS,1.000
536.32,UAV-3,UAV-5,1.000
536.32,UAV-5,GCS,0.916
537.34,UAV-3,GCS,1.000
537.34,UAV-3,UAV-5,1.000
537.34,UAV-5,GCS,1.000
538.36,UAV-3,GCS,1.000
538.36,UAV-3,UAV-5,1.000
538.36,UAV-5,GCS,1.000
539.38,UAV-3,GCS,1.000
539.38,UAV-3,UAV-5,1.000
539.38,UAV-5,GCS,1.000
540.40,UAV-3,GCS,1.000
540.40,UAV-3,UAV-5,1.000
540.40,UAV-5,GCS,1.000
541.42,UAV-3,GCS,1.000
541.42,UAV-3,UAV-5,1.000
541.42,UAV-5,GCS,1.000
542.44,UAV-3,GCS,1.000
542.44,UAV-3,UAV-5,1.000
542.44,UAV-5,GCS,1.000
543.46,UAV-3,GCS,1.000
543.46,UAV-3,UAV-5,1.000
543.46,UAV-5,GCS,1.000
544.48,UAV-3,GCS,1.000
544.48,UAV-3,UAV-5,1.000
544.48,UAV-5,GCS,1.000
545.50,UAV-3,GCS,1.000
545.50,UAV-3,UAV-5,1.000
545.50,UAV-5,GCS,1.000
546.52,UAV-3,GCS,1.000
546.52,UAV-3,UAV-5,1.000
546.52,UAV-5,GCS,1.000
547.54,UAV-3,GCS,1.000
547.54,UAV-3,UAV-5,1.000
547.54,UAV-5,GCS,1.000
548.56,UAV-3,GCS,1.000
548.56,UAV-3,UAV-5,1.000
548.56,UAV-5,GCS,1.000
549.58,UAV-3,GCS,1.000
549.58,UAV-3,UAV-5,1.000
549.58,UAV-5,GCS,1.000
550.60,UAV-3,GCS,1.000
550.60,UAV-3,UAV-5,1.000
550.60,UAV-5,GCS,1.000
551.62,UAV-3,GCS,1.000
551.62,UAV-3,UAV-5,1.000
551.62,UAV-5,GCS,1.000
552.64,UAV-3,GCS,1.000
552.64,UAV-3,UAV-5,1.000
552.64,UAV-5,GCS,1.000
553.66,UAV-3,GCS,1.000
553.66,UAV-3,UAV-5,1.000
553.66,UAV-5,GCS,1.000
554.68,UAV-3,GCS,1.000
554.68,UAV-3,UAV-5,1.000
554.68,UAV-5,GCS,1.000
555.70,UAV-3,GCS,1.000
555.70,UAV-3,UAV-5,0.999
555.70,UAV-5,GCS,1.000
556.72,UAV-3,GCS,1.000
556.72,UAV-3,UAV-5,1.000
556.72,UAV-5,GCS,1.000
557.74,UAV-3,GCS,1.000
557.74,UAV-3,UAV-5,1.000
557.74,UAV-5,GCS,1.000
558.76,UAV-3,GCS,1.000
558.76,UAV-3,UAV-5,1.000
558.76,UAV-5,GCS,1.000
559.78,UAV-3,GCS,1.000
559.78,UAV-3,UAV-5,1.000
559.78,UAV-5,GCS,1.000
560.80,UAV-3,GCS,1.000
560.80,UAV-3,UAV-5,1.000
560.80,UAV-5,GCS,1.000
561.82,UAV-3,GCS,1.000
561.82,UAV-3,UAV-5,1.000
561.82,UAV-5,GCS,1.000
562.84,UAV-3,GCS,1.000
562.84,UAV-3,UAV-5,1.000
562.84,UAV-5,GCS,1.000
563.86,UAV-3,GCS,1.000
563.86,UAV-3,UAV-5,1.000
563.86,UAV-5,GCS,1.000
564.88,UAV-3,GCS,1.000
564.88,UAV-3,UAV-5,1.000
564.88,UAV-5,GCS,1.000
565.90,UAV-3,GCS,1.000
565.90,UAV-3,UAV-5,1.000
565.90,UAV-5,GCS,1.000
566.92,UAV-3,GCS,1.000
566.92,UAV-3,UAV-5,1.000
566.92,UAV-5,GCS,1.000
567.94,UAV-3,GCS,1.000
567.94,UAV-3,UAV-5,1.000
567.94,UAV-5,GCS,1.000
568.96,UAV-3,GCS,1.000
568.96,UAV-3,UAV-5,1.000
568.96,UAV-5,GCS,1.000
569.98,UAV-3,GCS,1.000
569.98,UAV-3,UAV-5,1.000
569.98,UAV-5,GCS,1.000
571.00,UAV-3,GCS,1.000
571.00,UAV-3,UAV-5,1.000
571.00,UAV-5,GCS,1.000
572.02,UAV-3,GCS,1.000
572.02,UAV-3,UAV-5,1.000
572.02,UAV-5,GCS,1.000
573.04,UAV-3,GCS,1.000
573.04,UAV-3,UAV-5,1.000
573.04,UAV-5,GCS,1.000
574.06,UAV-3,GCS,1.000
574.06,UAV-3,UAV-5,1.000
574.06,UAV-5,GCS,1.000
575.08,UAV-3,GCS,1.000
575.08,UAV-3,UAV-5,1.000
575.08,UAV-5,GCS,1.000
576.10,UAV-3,GCS,1.000
576.10,UAV-3,UAV-5,1.000
576.10,UAV-5,GCS,1.000
577.12,UAV-3,GCS,1.000
577.12,UAV-3,UAV-5,1.000
577.12,UAV-5,GCS,1.000
578.14,UAV-3,GCS,1.000
578.14,UAV-3,UAV-5,1.000
578.14,UAV-5,GCS,1.000
579.16,UAV-3,GCS,1.000
579.16,UAV-3,UAV-5,1.000
579.16,UAV-5,GCS,1.000
580.18,UAV-3,GCS,1.000
580.18,UAV-3,UAV-5,1.000
580.18,UAV-5,GCS,1.000
581.20,UAV-3,GCS,1.000
581.20,UAV-3,UAV-5,1.000
581.20,UAV-5,GCS,1.000
582.22,UAV-3,GCS,1.000
582.22,UAV-3,UAV-5,1.000
582.22,UAV-5,GCS,1.000
583.24,UAV-3,GCS,1.000
583.24,UAV-3,UAV-5,1.000
583.24,UAV-5,GCS,1.000
584.26,UAV-3,GCS,1.000
584.26,UAV-3,UAV-5,1.000
584.26,UAV-5,GCS,1.000
585.28,UAV-3,GCS,1.000
585.28,UAV-3,UAV-5,1.000
585.28,UAV-5,GCS,1.000
586.30,UAV-3,GCS,1.000
586.30,UAV-3,UAV-5,1.000
586.30,UAV-5,GCS,1.000
587.32,UAV-3,GCS,1.000
587.32,UAV-3,UAV-5,1.000
587.32,UAV-5,GCS,1.000
588.34,UAV-5,GCS,1.000
589.36,UAV-5,GCS,1.000
590.38,UAV-5,GCS,1.000
591.40,UAV-5,GCS,1.000
592.42,UAV-5,GCS,1.000
593.44,UAV-5,GCS,1.000
594.46,UAV-5,GCS,1.000
595.48,UAV-5,GCS,1.000
596.50,UAV-5,GCS,1.000
597.52,UAV-5,GCS,1.000
598.54,UAV-5,GCS,1.000
599.56,UAV-5,GCS,1.000
600.58,UAV-5,GCS,1.000
601.60,UAV-5,GCS,1.000
602.62,UAV-5,GCS,1.000
603.64,UAV-5,GCS,1.000
604.66,UAV-5,GCS,1.000
605.68,UAV-5,GCS,1.000
606.70,UAV-5,GCS,1.000
607.72,UAV-5,GCS,1.000
608.74,UAV-5,GCS,1.000
609.76,UAV-5,GCS,1.000
610.78,UAV-5,GCS,1.000
611.80,UAV-5,GCS,1.000
612.82,UAV-5,GCS,1.000
613.84,UAV-5,GCS,1.000
614.86,UAV-5,GCS,1.000
615.88,UAV-5,GCS,1.000
616.90,UAV-5,GCS,1.000
617.92,UAV-5,GCS,1.000
618.94,UAV-5,GCS,1.000
619.96,UAV-5,GCS,1.000
620.98,UAV-5,GCS,1.000
622.00,UAV-5,GCS,1.000
623.02,UAV-5,GCS,1.000
624.04,UAV-5,GCS,1.000
625.06,UAV-5,GCS,1.000
626.08,UAV-5,GCS,1.000
627.10,UAV-5,GCS,1.000
628.12,UAV-5,GCS,1.000
629.14,UAV-5,GCS,1.000
630.16,UAV-5,GCS,1.000
631.18,UAV-5,GCS,1.000
632.20,UAV-5,GCS,1.000
633.22,UAV-5,GCS,1.000
634.24,UAV-5,GCS,1.000
635.26,UAV-5,GCS,1.000
636.28,UAV-5,GCS,1.000
637.30,UAV-5,GCS,1.000
638.32,UAV-5,GCS,1.000
639.34,UAV-5,GCS,1.000
640.36,UAV-5,GCS,1.000
641.38,UAV-5,GCS,1.000
642.40,UAV-5,GCS,1.000
643.42,UAV-5,GCS,1.000
644.44,UAV-5,GCS,1.000
645.46,UAV-5,GCS,1.000
646.48,UAV-5,GCS,1.000
647.50,UAV-5,GCS,1.000
648.52,UAV-5,GCS,1.000
649.54,UAV-5,GCS,1.000
650.56,UAV-5,GCS,1.000
651.58,UAV-5,GCS,1.000
652.60,UAV-5,GCS,1.000
653.62,UAV-5,GCS,1.000
654.64,UAV-5,GCS,1.000
655.66,UAV-5,GCS,1.000
656.68,UAV-5,GCS,1.000
657.70,UAV-5,GCS,1.000
658.72,UAV-5,GCS,1.000
659.74,UAV-5,GCS,1.000
660.76,UAV-5,GCS,1.000
661.78,UAV-5,GCS,1.000
662.80,UAV-5,GCS,1.000
663.82,UAV-5,GCS,1.000
664.84,UAV-5,GCS,1.000
665.86,UAV-5,GCS,1.000
666.88,UAV-5,GCS,1.000
667.90,UAV-5,GCS,1.000
668.92,UAV-5,GCS,1.000
669.94,UAV-5,GCS,1.000
670.96,UAV-5,GCS,1.000
671.98,UAV-5,GCS,1.000
673.00,UAV-5,GCS,1.000
674.02,UAV-5,GCS,1.000
675.04,UAV-5,GCS,1.000
676.06,UAV-5,GCS,1.000
