t,mission_t,uav,role,status,phase,x,y,z,agl,speed,battery,connected,path_pdr,hops,gcs_link,radio_ok,assigned_task,survey_backlog
0.02,0.02,UAV-1,RELAY,ACTIVE,RELAY_TRANSIT,168.4,2236.3,632.9,4.0,0.00,100.00,1,0.000,0,0.000,1,,0
0.02,0.02,UAV-2,STANDBY,READY,READY,168.4,2256.3,629.0,0.3,0.00,100.00,1,0.000,0,0.000,1,,0
0.02,0.02,UAV-3,STANDBY,READY,READY,184.4,2236.3,628.6,0.3,0.00,100.00,1,0.000,0,0.000,1,,0
0.02,0.02,UAV-4,STANDBY,READY,READY,184.4,2256.3,628.5,0.3,0.00,100.00,1,0.000,0,0.000,1,,0
0.02,0.02,UAV-5,STANDBY,READY,READY,200.4,2236.3,628.1,0.3,0.00,100.00,1,0.000,0,0.000,1,,0
1.02,1.02,UAV-1,RELAY,ACTIVE,RELAY_TRANSIT,172.3,2234.4,637.9,9.1,12.94,99.85,1,1.000,1,1.000,1,,0
1.02,1.02,UAV-2,STANDBY,READY,READY,168.4,2256.3,629.0,0.3,0.00,100.00,1,0.000,0,0.000,1,,0
1.02,1.02,UAV-3,STANDBY,READY,READY,184.4,2236.3,628.6,0.3,0.00,100.00,1,0.000,0,0.000,1,,0
1.02,1.02,UAV-4,STANDBY,READY,READY,184.4,2256.3,628.5,0.3,0.00,100.00,1,0.000,0,0.000,1,,0
1.02,1.02,UAV-5,STANDBY,READY,READY,200.4,2236.3,628.1,0.3,0.00,100.00,1,0.000,0,0.000,1,,0
2.02,2.02,UAV-1,RELAY,ACTIVE,RELAY_TRANSIT,185.0,2231.4,648.2,19.8,19.15,99.72,1,1.000,1,1.000,1,,0
2.02,2.02,UAV-2,STANDBY,READY,READY,168.4,2256.3,629.0,0.3,0.00,100.00,1,0.000,0,0.000,1,,0
2.02,2.02,UAV-3,STANDBY,READY,READY,184.4,2236.3,628.6,0.3,0.00,100.00,1,0.000,0,0.000,1,,0
2.02,2.02,UAV-4,STANDBY,READY,READY,184.4,2256.3,628.5,0.3,0.00,100.00,1,0.000,0,0.000,1,,0
2.02,2.02,UAV-5,STANDBY,READY,READY,200.4,2236.3,628.1,0.3,0.00,100.00,1,0.000,0,0.000,1,,0
3.02,3.02,UAV-1,RELAY,ACTIVE,RELAY_TRANSIT,202.4,2228.5,658.5,30.9,21.07,99.60,1,1.000,1,1.000,1,,0
3.02,3.02,UAV-2,STANDBY,READY,READY,168.4,2256.3,629.0,0.3,0.00,100.00,1,0.000,0,0.000,1,,0
3.02,3.02,UAV-3,STANDBY,READY,READY,184.4,2236.3,628.6,0.3,0.00,100.00,1,0.000,0,0.000,1,,0
3.02,3.02,UAV-4,STANDBY,READY,READY,184.4,2256.3,628.5,0.3,0.00,100.00,1,0.000,0,0.000,1,,0
3.02,3.02,UAV-5,STANDBY,READY,READY,200.4,2236.3,628.1,0.3,0.00,100.00,1,0.000,0,0.000,1,,0
4.02,4.02,UAV-1,RELAY,ACTIVE,RELAY_TRANSIT,220.9,2225.7,668.6,41.6,21.38,99.48,1,1.000,1,1.000,1,,0
4.02,4.02,UAV-2,SCOUT,ACTIVE,IDLE,168.4,2256.3,632.7,4.0,0.00,100.00,1,0.000,0,0.000,1,,0
4.02,4.02,UAV-3,STANDBY,READY,READY,184.4,2236.3,628.6,0.3,0.00,100.00,1,0.000,0,0.000,1,,0
4.02,4.02,UAV-4,STANDBY,READY,READY,184.4,2256.3,628.5,0.3,0.00,100.00,1,0.000,0,0.000,1,,0
4.02,4.02,UAV-5,STANDBY,READY,READY,200.4,2236.3,628.1,0.3,0.00,100.00,1,0.000,0,0.000,1,,0
5.04,5.04,UAV-1,RELAY,ACTIVE,RELAY_TRANSIT,239.8,2222.7,677.6,50.9,19.86,99.36,1,1.000,1,1.000,1,,0
5.04,5.04,UAV-2,SCOUT,ACTIVE,TRANSIT,168.5,2256.3,638.9,10.2,11.45,99.85,1,1.000,1,1.000,1,POI-003,0
5.04,5.04,UAV-3,STANDBY,READY,READY,184.4,2236.3,628.6,0.3,0.00,100.00,1,0.000,0,0.000,1,,0
5.04,5.04,UAV-4,STANDBY,READY,READY,184.4,2256.3,628.5,0.3,0.00,100.00,1,0.000,0,0.000,1,,0
5.04,5.04,UAV-5,STANDBY,READY,READY,200.4,2236.3,628.1,0.3,0.00,100.00,1,0.000,0,0.000,1,,0
6.06,6.06,UAV-1,RELAY,ACTIVE,RELAY_TRANSIT,259.8,2218.9,683.7,57.0,21.71,99.25,1,1.000,1,1.000,1,,0
6.06,6.06,UAV-2,SCOUT,ACTIVE,TRANSIT,168.7,2256.4,654.7,26.0,18.64,99.69,1,1.000,1,1.000,1,POI-003,0
6.06,6.06,UAV-3,STANDBY,READY,READY,184.4,2236.3,628.6,0.3,0.00,100.00,1,0.000,0,0.000,1,,0
6.06,6.06,UAV-4,STANDBY,READY,READY,184.4,2256.3,628.5,0.3,0.00,100.00,1,0.000,0,0.000,1,,0
6.06,6.06,UAV-5,STANDBY,READY,READY,200.4,2236.3,628.1,0.3,0.00,100.00,1,0.000,0,0.000,1,,0
7.08,7.08,UAV-1,RELAY,ACTIVE,RELAY_TRANSIT,280.9,2214.5,689.5,62.7,21.96,99.13,1,1.000,1,1.000,1,,0
7.08,7.08,UAV-2,SCOUT,ACTIVE,TRANSIT,169.0,2256.5,675.2,46.5,20.64,99.55,1,1.000,1,1.000,1,POI-003,0
7.08,7.08,UAV-3,STANDBY,READY,READY,184.4,2236.3,628.6,0.3,0.00,100.00,1,0.000,0,0.000,1,,0
7.08,7.08,UAV-4,STANDBY,READY,READY,184.4,2256.3,628.5,0.3,0.00,100.00,1,0.000,0,0.000,1,,0
7.08,7.08,UAV-5,STANDBY,READY,READY,200.4,2236.3,628.1,0.3,0.00,100.00,1,0.000,0,0.000,1,,0
8.10,8.10,UAV-1,RELAY,ACTIVE,RELAY_TRANSIT,302.2,2210.3,695.1,68.0,21.98,99.02,1,1.000,1,1.000,1,,0
8.10,8.10,UAV-2,SCOUT,ACTIVE,TRANSIT,169.2,2256.5,696.5,67.8,21.07,99.41,1,1.000,1,1.000,1,POI-003,0
8.10,8.10,UAV-3,SCOUT,ACTIVE,IDLE,184.4,2236.3,632.3,4.0,0.00,100.00,0,0.000,0,0.000,1,,0
8.10,8.10,UAV-4,STANDBY,READY,READY,184.4,2256.3,628.5,0.3,0.00,100.00,1,0.000,0,0.000,1,,0
8.10,8.10,UAV-5,STANDBY,READY,READY,200.4,2236.3,628.1,0.3,0.00,100.00,1,0.000,0,0.000,1,,0
9.12,9.12,UAV-1,RELAY,ACTIVE,RELAY_TRANSIT,323.5,2206.0,700.5,72.9,21.96,98.91,1,1.000,1,1.000,1,,0
9.12,9.12,UAV-2,SCOUT,ACTIVE,TRANSIT,169.3,2256.5,717.1,88.5,16.24,99.27,1,1.000,1,1.000,1,POI-003,0
9.12,9.12,UAV-3,SCOUT,ACTIVE,TRANSIT,184.5,2236.3,638.5,10.2,11.44,99.85,1,1.000,1,1.000,1,POI-006,0
9.12,9.12,UAV-4,STANDBY,READY,READY,184.4,2256.3,628.5,0.3,0.00,100.00,1,0.000,0,0.000,1,,0
9.12,9.12,UAV-5,STANDBY,READY,READY,200.4,2236.3,628.1,0.3,0.00,100.00,1,0.000,0,0.000,1,,0
10.14,10.14,UAV-1,RELAY,ACTIVE,RELAY_TRANSIT,344.9,2201.9,705.7,77.1,21.93,98.80,1,1.000,1,1.000,1,,0
10.14,10.14,UAV-2,SCOUT,ACTIVE,TRANSIT,171.6,2256.5,727.9,99.3,6.86,99.16,1,1.000,1,1.000,1,POI-003,0
10.14,10.14,UAV-3,SCOUT,ACTIVE,TRANSIT,184.7,2236.4,654.4,26.0,18.64,99.69,1,1.000,1,1.000,1,POI-006,0
10.14,10.14,UAV-4,STANDBY,READY,READY,184.4,2256.3,628.5,0.3,0.00,100.00,1,0.000,0,0.000,1,,0
10.14,10.14,UAV-5,STANDBY,READY,READY,200.4,2236.3,628.1,0.3,0.00,100.00,1,0.000,0,0.000,1,,0
11.16,11.16,UAV-1,RELAY,ACTIVE,RELAY_TRANSIT,366.0,2197.9,709.0,79.7,21.26,98.69,1,1.000,1,1.000,1,,0
11.16,11.16,UAV-2,SCOUT,ACTIVE,TRANSIT,177.1,2256.0,731.3,102.8,8.39,99.05,1,1.000,1,1.000,1,POI-003,0
11.16,11.16,UAV-3,SCOUT,ACTIVE,TRANSIT,185.0,2236.5,674.8,46.5,20.64,99.55,1,1.000,1,1.000,1,POI-006,0
11.16,11.16,UAV-4,STANDBY,READY,READY,184.4,2256.3,628.5,0.3,0.00,100.00,1,0.000,0,0.000,1,,0
11.16,11.16,UAV-5,STANDBY,READY,READY,200.4,2236.3,628.1,0.3,0.00,100.00,1,0.000,0,0.000,1,,0
12.18,12.18,UAV-1,RELAY,ACTIVE,RELAY_TRANSIT,387.7,2193.8,710.9,80.6,21.90,98.59,1,1.000,1,1.000,1,,0
12.18,12.18,UAV-2,SCOUT,ACTIVE,TRANSIT,188.6,2255.1,733.1,105.0,14.25,98.92,1,1.000,1,1.000,1,POI-003,0
12.18,12.18,UAV-3,SCOUT,ACTIVE,TRANSIT,185.1,2236.5,696.1,67.8,21.08,99.41,1,1.000,1,1.000,1,POI-006,0
12.18,12.18,UAV-4,SCOUT,ACTIVE,IDLE,184.4,2256.3,632.2,4.0,0.00,100.00,1,0.000,0,0.000,1,,0
12.18,12.18,UAV-5,STANDBY,READY,READY,200.4,2236.3,628.1,0.3,0.00,100.00,1,0.000,0,0.000,1,,0
13.20,13.20,UAV-1,RELAY,ACTIVE,RELAY_TRANSIT,409.6,2189.7,712.7,81.2,21.91,98.48,1,1.000,1,1.000,1,,0
13.20,13.20,UAV-2,SCOUT,ACTIVE,TRANSIT,205.5,2254.2,734.6,106.8,18.69,98.80,1,1.000,1,1.000,1,POI-003,0
13.20,13.20,UAV-3,SCOUT,ACTIVE,TRANSIT,185.2,2236.5,716.8,88.5,16.28,99.27,1,1.000,1,1.000,1,POI-006,0
13.20,13.20,UAV-4,SCOUT,ACTIVE,TRANSIT,184.5,2256.3,638.5,10.2,11.47,99.85,1,1.000,1,1.000,1,POI-001,0
13.20,13.20,UAV-5,STANDBY,READY,READY,200.4,2236.3,628.1,0.3,0.00,100.00,1,0.000,0,0.000,1,,0
14.22,14.22,UAV-1,RELAY,ACTIVE,RELAY_TRANSIT,431.5,2185.7,714.4,82.4,21.89,98.37,1,1.000,1,1.000,1,,0
14.22,14.22,UAV-2,SCOUT,ACTIVE,TRANSIT,225.9,2253.5,735.8,108.7,20.82,98.69,1,1.000,1,1.000,1,POI-003,0
14.22,14.22,UAV-3,SCOUT,ACTIVE,TRANSIT,187.5,2237.0,727.6,99.4,6.91,99.16,1,1.000,1,1.000,1,POI-006,0
14.22,14.22,UAV-4,SCOUT,ACTIVE,TRANSIT,184.7,2256.4,654.3,26.1,18.66,99.69,1,1.000,1,1.000,1,POI-001,0
14.22,14.22,UAV-5,STANDBY,READY,READY,200.4,2236.3,628.1,0.3,0.00,100.00,1,0.000,0,0.000,1,,0
15.24,15.24,UAV-1,RELAY,ACTIVE,RELAY_TRANSIT,453.4,2181.7,716.1,84.3,21.90,98.27,1,1.000,1,1.000,1,,0
15.24,15.24,UAV-2,SCOUT,ACTIVE,TRANSIT,247.3,2252.8,737.0,110.5,21.21,98.59,1,1.000,1,1.000,1,POI-003,0
15.24,15.24,UAV-3,SCOUT,ACTIVE,TRANSIT,193.1,2237.8,731.1,103.0,8.57,99.05,1,1.000,1,1.000,1,POI-006,0
15.24,15.24,UAV-4,SCOUT,ACTIVE,TRANSIT,185.0,2256.5,674.7,46.5,20.64,99.55,1,1.000,1,1.000,1,POI-001,0
15.24,15.24,UAV-5,STANDBY,READY,READY,200.4,2236.3,628.1,0.3,0.00,100.00,1,0.000,0,0.000,1,,0
16.26,16.26,UAV-1,RELAY,ACTIVE,RELAY_TRANSIT,475.3,2177.7,717.6,84.9,21.66,98.16,1,1.000,1,1.000,1,,0
16.26,16.26,UAV-2,SCOUT,ACTIVE,TRANSIT,269.0,2252.1,738.1,111.8,21.42,98.49,1,1.000,1,1.000,1,POI-003,0
16.26,16.26,UAV-3,SCOUT,ACTIVE,TRANSIT,204.7,2238.7,733.1,105.3,14.43,98.93,1,1.000,1,1.000,1,POI-006,0
16.26,16.26,UAV-4,SCOUT,ACTIVE,TRANSIT,185.1,2256.5,696.0,67.8,21.07,99.41,1,1.000,1,1.000,1,POI-001,0
16.26,16.26,UAV-5,SCOUT,ACTIVE,IDLE,200.4,2236.3,631.8,4.0,0.00,100.00,1,0.000,0,0.000,1,,0
17.28,17.28,UAV-1,RELAY,ACTIVE,RELAY_TRANSIT,497.2,2173.9,718.3,83.8,21.90,98.06,1,1.000,1,1.000,1,,0
17.28,17.28,UAV-2,SCOUT,ACTIVE,TRANSIT,290.9,2251.6,739.2,113.0,21.57,98.38,1,1.000,1,1.000,1,POI-003,0
17.28,17.28,UAV-3,SCOUT,ACTIVE,TRANSIT,221.8,2239.5,734.7,107.5,18.86,98.81,1,1.000,1,1.000,1,POI-006,0
17.28,17.28,UAV-4,SCOUT,ACTIVE,TRANSIT,185.2,2256.5,716.7,88.5,16.25,99.27,1,1.000,1,1.000,1,POI-001,0
17.28,17.28,UAV-5,SCOUT,ACTIVE,TRANSIT,200.5,2236.3,638.1,10.2,11.46,99.85,1,1.000,1,1.000,1,POI-004,0
18.30,18.30,UAV-1,RELAY,ACTIVE,RELAY_TRANSIT,519.2,2170.2,718.9,82.9,21.91,97.95,1,1.000,1,1.000,1,,0
18.30,18.30,UAV-2,SCOUT,ACTIVE,TRANSIT,313.0,2251.0,740.2,113.3,21.69,98.28,1,1.000,1,1.000,1,POI-003,0
18.30,18.30,UAV-3,SCOUT,ACTIVE,TRANSIT,242.3,2240.3,736.1,109.5,20.87,98.70,1,1.000,1,1.000,1,POI-006,0
18.30,18.30,UAV-4,SCOUT,ACTIVE,TRANSIT,187.5,2256.3,727.5,99.3,6.82,99.16,1,1.000,1,1.000,1,POI-001,0
18.30,18.30,UAV-5,SCOUT,ACTIVE,TRANSIT,200.7,2236.4,653.9,26.0,18.64,99.69,1,1.000,1,1.000,1,POI-004,0
19.32,19.32,UAV-1,RELAY,ACTIVE,RELAY_TRANSIT,541.3,2166.6,719.4,81.5,21.92,97.85,1,1.000,1,1.000,1,,0
19.32,19.32,UAV-2,SCOUT,ACTIVE,TRANSIT,335.1,2250.5,741.1,112.3,21.78,98.17,1,1.000,1,1.000,1,POI-003,0
19.32,19.32,UAV-3,SCOUT,ACTIVE,TRANSIT,263.8,2241.0,737.5,111.0,21.23,98.59,1,1.000,1,1.000,1,POI-006,0
19.32,19.32,UAV-4,SCOUT,ACTIVE,TRANSIT,192.9,2255.5,731.0,102.9,8.46,99.04,1,1.000,1,1.000,1,POI-001,0
19.32,19.32,UAV-5,SCOUT,ACTIVE,TRANSIT,201.0,2236.5,674.3,46.5,20.64,99.55,1,1.000,1,1.000,1,POI-004,0
20.34,20.34,UAV-1,RELAY,ACTIVE,RELAY_TRANSIT,563.3,2162.9,720.0,81.1,21.91,97.74,1,1.000,1,1.000,1,,0
20.34,20.34,UAV-2,SCOUT,ACTIVE,TRANSIT,357.4,2250.0,741.9,111.4,21.84,98.07,1,1.000,1,1.000,1,POI-003,0
20.34,20.34,UAV-3,SCOUT,ACTIVE,TRANSIT,285.5,2241.7,738.7,112.5,21.44,98.49,1,1.000,1,1.000,1,POI-006,0
20.34,20.34,UAV-4,SCOUT,ACTIVE,TRANSIT,204.4,2254.1,733.0,105.1,14.29,98.92,1,1.000,1,1.000,1,POI-001,0
20.34,20.34,UAV-5,SCOUT,ACTIVE,TRANSIT,201.1,2236.5,695.6,67.8,21.08,99.41,1,1.000,1,1.000,1,POI-004,0
21.36,21.36,UAV-1,RELAY,ACTIVE,RELAY_TRANSIT,585.4,2159.3,720.5,81.0,21.91,97.64,1,1.000,1,1.000,1,,0
21.36,21.36,UAV-2,SCOUT,ACTIVE,TRANSIT,379.2,2248.0,742.8,110.8,21.44,97.95,1,1.000,1,1.000,1,POI-003,0
21.36,21.36,UAV-3,SCOUT,ACTIVE,TRANSIT,307.4,2242.4,739.9,113.5,21.58,98.39,1,1.000,1,1.000,1,POI-006,0
21.36,21.36,UAV-4,SCOUT,ACTIVE,TRANSIT,221.3,2252.8,734.6,107.3,18.74,98.80,1,1.000,1,1.000,1,POI-001,0
21.36,21.36,UAV-5,SCOUT,ACTIVE,TRANSIT,201.2,2236.5,716.3,88.5,16.26,99.27,1,1.000,1,1.000,1,POI-004,0
22.38,22.38,UAV-1,RELAY,ACTIVE,RELAY_TRANSIT,607.4,2155.7,721.0,80.5,21.92,97.53,1,1.000,1,1.000,1,,0
22.38,22.38,UAV-2,SCOUT,ACTIVE,TRANSIT,401.0,2243.6,743.6,109.9,21.96,97.85,1,1.000,1,1.000,1,POI-003,0
22.38,22.38,UAV-3,SCOUT,ACTIVE,TRANSIT,329.5,2243.1,741.0,113.1,21.70,98.28,1,1.000,1,1.000,1,POI-006,0
22.38,22.38,UAV-4,SCOUT,ACTIVE,TRANSIT,241.7,2251.7,736.0,109.4,20.86,98.69,1,1.000,1,1.000,1,POI-001,0
22.38,22.38,UAV-5,SCOUT,ACTIVE,TRANSIT,203.6,2236.9,727.1,99.3,6.91,99.16,1,1.000,1,1.000,1,POI-004,0
23.40,23.40,UAV-1,RELAY,ACTIVE,RELAY_TRANSIT,629.5,2151.9,721.4,80.2,21.90,97.43,1,1.000,1,1.000,1,,0
23.40,23.40,UAV-2,SCOUT,ACTIVE,TRANSIT,422.9,2239.1,744.4,109.7,21.95,97.74,1,1.000,1,1.000,1,POI-003,0
23.40,23.40,UAV-3,SCOUT,ACTIVE,TRANSIT,351.6,2243.7,742.0,112.3,21.76,98.18,1,1.000,1,1.000,1,POI-006,0
23.40,23.40,UAV-4,SCOUT,ACTIVE,TRANSIT,263.1,2250.7,737.3,110.9,21.21,98.59,1,1.000,1,1.000,1,POI-001,0
23.40,23.40,UAV-5,SCOUT,ACTIVE,TRANSIT,209.3,2237.4,730.6,103.0,8.74,99.05,1,1.000,1,1.000,1,POI-004,0
24.42,24.42,UAV-1,RELAY,ACTIVE,RELAY_TRANSIT,651.5,2148.2,721.9,80.5,21.91,97.32,1,1.000,1,1.000,1,,0
24.42,24.42,UAV-2,SCOUT,ACTIVE,TRANSIT,444.8,2234.7,745.2,111.3,21.96,97.64,1,1.000,1,1.000,1,POI-003,0
24.42,24.42,UAV-3,SCOUT,ACTIVE,TRANSIT,373.8,2244.4,743.0,111.6,21.83,98.07,1,1.000,1,1.000,1,POI-006,0
24.42,24.42,UAV-4,SCOUT,ACTIVE,TRANSIT,284.8,2249.7,738.6,112.4,21.43,98.48,1,1.000,1,1.000,1,POI-001,0
24.42,24.42,UAV-5,SCOUT,ACTIVE,TRANSIT,221.1,2237.8,732.7,105.5,14.59,98.93,1,1.000,1,1.000,1,POI-004,0
25.44,25.44,UAV-1,RELAY,ACTIVE,RELAY_TRANSIT,673.5,2144.5,722.3,81.2,21.91,97.22,1,1.000,1,1.000,1,,0
25.44,25.44,UAV-2,SCOUT,ACTIVE,TRANSIT,466.7,2230.2,746.0,112.8,21.96,97.53,1,1.000,1,1.000,1,POI-003,0
25.44,25.44,UAV-3,SCOUT,ACTIVE,TRANSIT,395.5,2243.3,743.8,110.5,21.18,97.96,1,1.000,1,1.000,1,POI-006,0
25.44,25.44,UAV-4,SCOUT,ACTIVE,TRANSIT,306.7,2248.8,739.8,113.3,21.58,98.38,1,1.000,1,1.000,1,POI-001,0
25.44,25.44,UAV-5,SCOUT,ACTIVE,TRANSIT,238.4,2238.1,734.5,107.8,19.03,98.81,1,1.000,1,1.000,1,POI-004,0
26.46,26.46,UAV-1,RELAY,ACTIVE,RELAY_TRANSIT,695.6,2140.8,722.8,81.7,21.92,97.11,1,1.000,1,1.000,1,,0
26.46,26.46,UAV-2,SCOUT,ACTIVE,TRANSIT,488.7,2225.8,746.8,112.8,21.97,97.43,1,1.000,1,1.000,1,POI-003,0
26.46,26.46,UAV-3,SCOUT,ACTIVE,TRANSIT,417.2,2239.5,744.5,109.9,21.95,97.85,1,1.000,1,1.000,1,POI-006,0
26.46,26.46,UAV-4,SCOUT,ACTIVE,TRANSIT,328.7,2248.0,740.9,112.8,21.71,98.27,1,1.000,1,1.000,1,POI-001,0
26.46,26.46,UAV-5,SCOUT,ACTIVE,TRANSIT,259.0,2238.5,736.0,109.5,20.93,98.70,1,1.000,1,1.000,1,POI-004,0
27.48,27.48,UAV-1,RELAY,ACTIVE,RELAY_TRANSIT,717.6,2137.1,723.2,81.8,21.94,97.01,1,1.000,1,1.000,1,,0
27.48,27.48,UAV-2,SCOUT,ACTIVE,TRANSIT,510.7,2221.3,747.5,111.8,21.99,97.32,1,1.000,1,1.000,1,POI-003,0
27.48,27.48,UAV-3,SCOUT,ACTIVE,TRANSIT,439.3,2235.3,745.2,111.1,22.00,97.74,1,1.000,1,1.000,1,POI-006,0
27.48,27.48,UAV-4,SCOUT,ACTIVE,TRANSIT,350.9,2247.1,742.0,112.1,21.80,98.17,1,1.000,1,1.000,1,POI-001,0
27.48,27.48,UAV-5,SCOUT,ACTIVE,TRANSIT,280.5,2238.9,737.4,111.2,21.27,98.60,1,1.000,1,1.000,1,POI-004,0
28.50,28.50,UAV-1,RELAY,ACTIVE,RELAY_TRANSIT,739.7,2133.4,724.0,82.0,21.93,96.90,1,1.000,1,1.000,1,,0
28.50,28.50,UAV-2,SCOUT,ACTIVE,TRANSIT,532.6,2216.9,748.2,110.5,21.98,97.22,1,1.000,1,1.000,1,POI-003,0
28.50,28.50,UAV-3,SCOUT,ACTIVE,TRANSIT,461.3,2231.1,745.9,112.6,21.99,97.64,1,1.000,1,1.000,1,POI-006,0
28.50,28.50,UAV-4,SCOUT,ACTIVE,TRANSIT,373.1,2246.3,743.0,111.5,21.84,98.06,1,1.000,1,1.000,1,POI-001,0
28.50,28.50,UAV-5,SCOUT,ACTIVE,TRANSIT,302.3,2239.2,738.8,112.6,21.46,98.49,1,1.000,1,1.000,1,POI-004,0
29.52,29.52,UAV-1,RELAY,ACTIVE,RELAY_TRANSIT,761.7,2129.7,725.0,82.4,21.92,96.80,1,1.000,1,1.000,1,,0
29.52,29.52,UAV-2,SCOUT,ACTIVE,TRANSIT,554.6,2212.5,748.9,109.8,21.97,97.11,1,1.000,1,1.000,1,POI-003,0
29.52,29.52,UAV-3,SCOUT,ACTIVE,TRANSIT,483.3,2226.9,746.6,113.0,21.97,97.53,1,1.000,1,1.000,1,POI-006,0
29.52,29.52,UAV-4,SCOUT,ACTIVE,TRANSIT,394.9,2247.2,743.8,110.4,21.48,97.95,1,1.000,1,1.000,1,POI-001,0
29.52,29.52,UAV-5,SCOUT,ACTIVE,TRANSIT,324.2,2239.5,740.1,112.9,21.59,98.39,1,1.000,1,1.000,1,POI-004,0
30.54,30.54,UAV-1,RELAY,ACTIVE,RELAY_TRANSIT,783.7,2126.0,725.9,83.3,21.91,96.69,1,1.000,1,1.000,1,,0
30.54,30.54,UAV-2,SCOUT,ACTIVE,TRANSIT,576.5,2208.1,749.6,109.9,21.95,97.01,1,1.000,1,1.000,1,POI-003,0
30.54,30.54,UAV-3,SCOUT,ACTIVE,TRANSIT,505.3,2222.8,747.3,112.0,21.96,97.43,1,1.000,1,1.000,1,POI-006,0
30.54,30.54,UAV-4,SCOUT,ACTIVE,TRANSIT,416.9,2251.1,744.5,109.5,22.00,97.85,1,1.000,1,1.000,1,POI-001,0
30.54,30.54,UAV-5,SCOUT,ACTIVE,TRANSIT,346.2,2239.9,741.3,112.3,21.69,98.28,1,1.000,1,1.000,1,POI-004,0
31.56,31.56,UAV-1,RELAY,ACTIVE,RELAY_TRANSIT,805.8,2122.3,726.8,83.9,21.92,96.58,1,1.000,1,1.000,1,,0
31.56,31.56,UAV-2,SCOUT,ACTIVE,TRANSIT,598.3,2205.4,750.3,110.3,21.13,96.88,1,1.000,1,1.000,1,POI-003,0
31.56,31.56,UAV-3,SCOUT,ACTIVE,TRANSIT,527.3,2218.7,747.9,110.7,21.97,97.32,1,1.000,1,1.000,1,POI-006,0
31.56,31.56,UAV-4,SCOUT,ACTIVE,TRANSIT,438.9,2255.2,745.2,110.4,22.00,97.74,1,1.000,1,1.000,1,POI-001,0
31.56,31.56,UAV-5,SCOUT,ACTIVE,TRANSIT,368.4,2240.2,742.5,111.8,21.78,98.18,1,1.000,1,1.000,1,POI-004,0
32.56,32.56,UAV-1,RELAY,ACTIVE,RELAY_TRANSIT,827.4,2118.7,727.7,83.8,21.94,96.48,1,1.000,1,1.000,1,,0
32.56,32.56,UAV-2,SCOUT,ACTIVE,TRANSIT,619.9,2207.0,751.1,111.1,21.98,96.78,1,1.000,1,1.000,1,POI-003,0
32.56,32.56,UAV-3,SCOUT,ACTIVE,TRANSIT,548.9,2214.6,748.5,109.6,21.98,97.22,1,1.000,1,1.000,1,POI-006,0
32.56,32.56,UAV-4,SCOUT,ACTIVE,TRANSIT,460.5,2259.3,745.9,111.7,22.00,97.64,1,1.000,1,1.000,1,POI-001,0
32.56,32.56,UAV-5,SCOUT,ACTIVE,TRANSIT,390.2,2240.5,743.6,110.9,21.84,98.08,1,1.000,1,1.000,1,POI-004,0
33.56,33.56,UAV-1,RELAY,ACTIVE,RELAY_TRANSIT,849.0,2115.2,728.7,83.9,21.90,96.38,1,1.000,1,1.000,1,,0
33.56,33.56,UAV-2,SCOUT,ACTIVE,TRANSIT,641.8,2209.1,751.9,112.1,21.99,96.68,1,1.000,1,1.000,1,POI-003,0
33.56,33.56,UAV-3,SCOUT,ACTIVE,TRANSIT,570.5,2210.6,749.1,109.6,21.95,97.12,1,1.000,1,1.000,1,POI-006,0
33.56,33.56,UAV-4,SCOUT,ACTIVE,TRANSIT,482.2,2263.3,746.5,112.4,22.00,97.54,1,1.000,1,1.000,1,POI-001,0
33.56,33.56,UAV-5,SCOUT,ACTIVE,TRANSIT,411.5,2239.4,744.3,110.0,21.30,97.96,1,1.000,1,1.000,1,POI-004,0
34.56,34.56,UAV-1,RELAY,ACTIVE,RELAY_TRANSIT,870.7,2112.4,730.1,83.8,21.91,96.27,1,1.000,1,1.000,1,,0
34.56,34.56,UAV-2,SCOUT,ACTIVE,TRANSIT,663.6,2211.3,752.6,112.4,21.99,96.58,1,1.000,1,1.000,1,POI-003,0
34.56,34.56,UAV-3,SCOUT,ACTIVE,TRANSIT,592.1,2206.6,749.7,109.8,21.95,97.02,1,1.000,1,1.000,1,POI-006,0
34.56,34.56,UAV-4,SCOUT,ACTIVE,TRANSIT,503.8,2267.2,747.1,111.5,22.00,97.44,1,1.000,1,1.000,1,POI-001,0
34.56,34.56,UAV-5,SCOUT,ACTIVE,TRANSIT,432.9,2235.8,744.9,110.5,21.94,97.86,1,1.000,1,1.000,1,POI-004,0
35.56,35.56,UAV-1,RELAY,ACTIVE,RELAY_TRANSIT,892.4,2109.5,731.5,84.2,21.91,96.17,1,1.000,1,1.000,1,,0
35.56,35.56,UAV-2,SCOUT,ACTIVE,TRANSIT,685.5,2213.4,753.4,112.1,21.97,96.47,1,1.000,1,1.000,1,POI-003,0
35.56,35.56,UAV-3,SCOUT,ACTIVE,TRANSIT,613.4,2204.2,750.4,110.2,21.04,96.90,1,1.000,1,1.000,1,POI-006,0
35.56,35.56,UAV-4,SCOUT,ACTIVE,TRANSIT,523.3,2270.6,744.9,107.8,18.05,97.32,1,1.000,1,1.000,1,POI-001,0
35.56,35.56,UAV-5,SCOUT,ACTIVE,TRANSIT,454.5,2232.0,745.5,112.0,21.96,97.76,1,1.000,1,1.000,1,POI-004,0
36.56,36.56,UAV-1,RELAY,ACTIVE,RELAY_TRANSIT,914.0,2106.7,732.8,84.9,21.91,96.06,1,1.000,1,1.000,1,,0
36.56,36.56,UAV-2,SCOUT,ACTIVE,TRANSIT,707.3,2215.5,754.1,112.0,21.98,96.37,1,1.000,1,1.000,1,POI-003,0
36.56,36.56,UAV-3,SCOUT,ACTIVE,TRANSIT,634.9,2206.1,751.2,111.3,21.93,96.79,1,1.000,1,1.000,1,POI-006,0
36.56,36.56,UAV-4,SCOUT,ACTIVE,TRANSIT,538.2,2272.7,736.8,98.8,16.87,97.20,1,1.000,1,1.000,1,POI-001,0
36.56,36.56,UAV-5,SCOUT,ACTIVE,TRANSIT,476.1,2228.2,746.1,112.9,21.96,97.65,1,1.000,1,1.000,1,POI-004,0
37.56,37.56,UAV-1,RELAY,ACTIVE,RELAY_TRANSIT,935.7,2103.8,734.1,85.4,21.92,95.96,1,1.000,1,1.000,1,,0
37.56,37.56,UAV-2,SCOUT,ACTIVE,TRANSIT,729.2,2217.6,754.8,112.4,21.99,96.27,1,1.000,1,1.000,1,POI-003,0
37.56,37.56,UAV-3,SCOUT,ACTIVE,TRANSIT,656.7,2208.7,752.0,112.0,22.00,96.69,1,1.000,1,1.000,1,POI-006,0
37.56,37.56,UAV-4,SCOUT,ACTIVE,TRANSIT,549.7,2273.7,724.3,85.7,17.33,97.08,1,1.000,1,1.000,1,POI-001,0
37.56,37.56,UAV-5,SCOUT,ACTIVE,TRANSIT,497.8,2224.5,746.7,112.1,21.97,97.55,1,1.000,1,1.000,1,POI-004,0
38.56,38.56,UAV-1,RELAY,ACTIVE,RELAY_TRANSIT,957.4,2101.0,735.3,85.6,21.76,95.86,1,1.000,1,1.000,1,,0
38.56,38.56,UAV-2,SCOUT,ACTIVE,TRANSIT,751.1,2219.8,755.5,112.5,21.97,96.17,1,1.000,1,1.000,1,POI-003,0
38.56,38.56,UAV-3,SCOUT,ACTIVE,TRANSIT,678.5,2211.4,752.8,111.8,21.98,96.59,1,1.000,1,1.000,1,POI-006,0
38.56,38.56,UAV-4,SCOUT,ACTIVE,TRANSIT,558.2,2274.0,708.8,70.0,18.00,96.96,1,1.000,1,1.000,1,POI-001,0
38.56,38.56,UAV-5,SCOUT,ACTIVE,TRANSIT,519.4,2220.7,747.3,110.8,21.95,97.45,1,1.000,1,1.000,1,POI-004,0
39.56,39.56,UAV-1,RELAY,ACTIVE,RELAY_TRANSIT,979.1,2098.1,735.7,84.5,21.90,95.76,1,1.000,1,1.000,1,,0
39.56,39.56,UAV-2,SCOUT,ACTIVE,TRANSIT,773.0,2221.9,756.2,111.9,21.98,96.07,1,1.000,1,1.000,1,POI-003,0
39.56,39.56,UAV-3,SCOUT,ACTIVE,TRANSIT,700.3,2214.0,753.6,111.6,21.98,96.48,1,1.000,1,1.000,1,POI-006,0
39.56,39.56,UAV-4,SCOUT,ACTIVE,SURVEY,563.7,2273.4,693.0,53.9,14.36,96.84,1,1.000,1,1.000,1,POI-001,0
39.56,39.56,UAV-5,SCOUT,ACTIVE,TRANSIT,541.0,2217.0,747.8,109.4,21.94,97.34,1,1.000,1,1.000,1,POI-004,0
40.56,40.56,UAV-1,RELAY,ACTIVE,RELAY_TRANSIT,1000.7,2095.1,736.1,83.0,21.90,95.65,1,1.000,1,1.000,1,,0
40.56,40.56,UAV-2,SCOUT,ACTIVE,TRANSIT,794.8,2224.0,756.8,110.8,21.98,95.97,1,1.000,1,1.000,1,POI-003,0
40.56,40.56,UAV-3,SCOUT,ACTIVE,TRANSIT,722.1,2216.7,754.3,112.0,21.99,96.38,1,1.000,1,1.000,1,POI-006,0
40.56,40.56,UAV-4,SCOUT,ACTIVE,SURVEY,562.7,2272.1,681.9,42.9,9.48,96.72,1,1.000,1,1.000,1,POI-001,0
40.56,40.56,UAV-5,SCOUT,ACTIVE,TRANSIT,562.7,2213.3,748.4,109.0,21.94,97.24,1,1.000,1,1.000,1,POI-004,0
41.56,41.56,UAV-1,RELAY,ACTIVE,RELAY_TRANSIT,1022.4,2092.0,736.4,82.0,21.92,95.55,1,1.000,1,1.000,1,,0
41.56,41.56,UAV-2,SCOUT,ACTIVE,TRANSIT,816.6,2226.9,757.3,110.2,21.98,95.86,1,1.000,1,1.000,1,POI-003,0
41.56,41.56,UAV-3,SCOUT,ACTIVE,TRANSIT,743.9,2219.3,755.1,112.3,22.00,96.28,1,1.000,1,1.000,1,POI-006,0
41.56,41.56,UAV-4,SCOUT,ACTIVE,SURVEY,555.3,2271.6,675.9,37.2,10.55,96.59,1,1.000,1,1.000,1,POI-001,0
41.56,41.56,UAV-5,SCOUT,ACTIVE,TRANSIT,584.3,2209.6,748.9,109.2,21.96,97.14,1,1.000,1,1.000,1,POI-004,0
42.56,42.56,UAV-1,RELAY,ACTIVE,RELAY_TRANSIT,1044.1,2089.0,736.7,80.9,21.91,95.45,1,1.000,1,1.000,1,,0
42.56,42.56,UAV-2,SCOUT,ACTIVE,TRANSIT,838.2,2230.7,757.8,110.0,22.00,95.76,1,1.000,1,1.000,1,POI-003,0
42.56,42.56,UAV-3,SCOUT,ACTIVE,TRANSIT,765.8,2222.0,755.8,112.1,22.00,96.18,1,1.000,1,1.000,1,POI-006,0
42.56,42.56,UAV-4,SCOUT,ACTIVE,TRANSIT,544.1,2271.9,673.2,34.8,12.00,96.46,1,1.000,1,1.000,1,POI-002,10
42.56,42.56,UAV-5,SCOUT,ACTIVE,TRANSIT,605.9,2205.9,749.4,109.3,21.95,97.04,1,1.000,1,1.000,1,POI-004,0
43.56,43.56,UAV-1,RELAY,ACTIVE,RELAY_TRANSIT,1065.8,2086.0,737.0,80.4,21.91,95.35,1,1.000,1,1.000,1,,0
43.56,43.56,UAV-2,SCOUT,ACTIVE,TRANSIT,859.8,2234.6,758.3,109.9,22.00,95.66,1,1.000,1,1.000,1,POI-003,0
43.56,43.56,UAV-3,SCOUT,ACTIVE,TRANSIT,787.6,2224.7,756.5,111.1,22.00,96.08,1,1.000,1,1.000,1,POI-006,0
43.56,43.56,UAV-4,SCOUT,ACTIVE,TRANSIT,538.1,2271.7,677.7,39.6,8.81,96.31,1,1.000,1,1.000,1,POI-002,0
43.56,43.56,UAV-5,SCOUT,ACTIVE,TRANSIT,627.4,2203.6,750.1,110.0,21.06,96.92,1,1.000,1,1.000,1,POI-004,0
44.56,44.56,UAV-1,RELAY,ACTIVE,RELAY_TRANSIT,1087.6,2083.0,737.5,81.1,21.91,95.24,1,1.000,1,1.000,1,,0
44.56,44.56,UAV-2,SCOUT,ACTIVE,TRANSIT,881.5,2238.5,758.8,110.1,22.00,95.56,1,1.000,1,1.000,1,POI-003,0
44.56,44.56,UAV-3,SCOUT,ACTIVE,TRANSIT,809.4,2227.3,757.1,110.3,22.00,95.98,1,1.000,1,1.000,1,POI-006,0
44.56,44.56,UAV-4,SCOUT,ACTIVE,TRANSIT,540.7,2271.4,690.8,52.6,17.19,96.16,1,1.000,1,1.000,1,POI-002,0
44.56,44.56,UAV-5,SCOUT,ACTIVE,TRANSIT,648.8,2205.7,751.0,111.1,21.95,96.81,1,1.000,1,1.000,1,POI-004,0
45.56,45.56,UAV-1,RELAY,ACTIVE,RELAY_TRANSIT,1109.2,2079.7,738.4,81.8,21.93,95.14,1,1.000,1,1.000,1,,0
45.56,45.56,UAV-2,SCOUT,ACTIVE,TRANSIT,903.1,2242.4,759.3,110.6,22.00,95.46,1,1.000,1,1.000,1,POI-003,0
45.56,45.56,UAV-3,SCOUT,ACTIVE,TRANSIT,831.2,2230.3,757.7,110.1,22.00,95.87,1,1.000,1,1.000,1,POI-006,0
45.56,45.56,UAV-4,SCOUT,ACTIVE,TRANSIT,543.7,2271.4,710.0,71.6,20.62,96.01,1,1.000,1,1.000,1,POI-002,0
45.56,45.56,UAV-5,SCOUT,ACTIVE,TRANSIT,670.5,2208.8,751.8,111.3,22.00,96.71,1,1.000,1,1.000,1,POI-004,0
46.56,46.56,UAV-1,RELAY,ACTIVE,RELAY_TRANSIT,1130.9,2076.4,739.2,81.8,21.91,95.03,1,1.000,1,1.000,1,,0
46.56,46.56,UAV-2,SCOUT,ACTIVE,TRANSIT,924.8,2246.3,759.8,110.8,21.99,95.35,1,1.000,1,1.000,1,POI-003,0
46.56,46.56,UAV-3,SCOUT,ACTIVE,TRANSIT,852.9,2233.7,758.2,110.0,21.99,95.77,1,1.000,1,1.000,1,POI-006,0
46.56,46.56,UAV-4,SCOUT,ACTIVE,TRANSIT,546.1,2271.4,729.0,90.6,14.52,95.88,1,1.000,1,1.000,1,POI-002,0
46.56,46.56,UAV-5,SCOUT,ACTIVE,TRANSIT,692.3,2211.8,752.7,111.1,21.99,96.61,1,1.000,1,1.000,1,POI-004,0
47.56,47.56,UAV-1,RELAY,ACTIVE,RELAY_TRANSIT,1152.5,2073.1,740.1,82.7,21.91,94.93,1,1.000,1,1.000,1,,0
47.56,47.56,UAV-2,SCOUT,ACTIVE,TRANSIT,946.4,2250.1,760.3,110.4,22.00,95.25,1,1.000,1,1.000,1,POI-003,0
47.56,47.56,UAV-3,SCOUT,ACTIVE,TRANSIT,874.6,2237.2,758.7,110.0,21.99,95.67,1,1.000,1,1.000,1,POI-006,0
47.56,47.56,UAV-4,SCOUT,ACTIVE,TRANSIT,549.9,2270.9,738.1,99.5,6.69,95.75,1,1.000,1,1.000,1,POI-002,0
47.56,47.56,UAV-5,SCOUT,ACTIVE,TRANSIT,714.1,2214.9,753.6,111.4,21.99,96.51,1,1.000,1,1.000,1,POI-004,0
48.56,48.56,UAV-1,RELAY,ACTIVE,RELAY_TRANSIT,1174.2,2069.9,740.9,84.0,21.91,94.83,1,1.000,1,1.000,1,,0
48.56,48.56,UAV-2,SCOUT,ACTIVE,TRANSIT,968.1,2254.0,760.7,110.3,22.00,95.15,1,1.000,1,1.000,1,POI-003,0
48.56,48.56,UAV-3,SCOUT,ACTIVE,TRANSIT,896.3,2240.7,759.3,110.5,22.00,95.57,1,1.000,1,1.000,1,POI-006,0
48.56,48.56,UAV-4,SCOUT,ACTIVE,TRANSIT,556.0,2268.6,740.9,102.1,9.34,95.62,1,1.000,1,1.000,1,POI-002,0
48.56,48.56,UAV-5,SCOUT,ACTIVE,TRANSIT,735.8,2218.0,754.4,111.8,21.99,96.40,1,1.000,1,1.000,1,POI-004,0
49.56,49.56,UAV-1,RELAY,ACTIVE,RELAY_TRANSIT,1195.8,2066.6,741.6,84.3,21.82,94.73,1,1.000,1,1.000,1,,0
49.56,49.56,UAV-2,SCOUT,ACTIVE,TRANSIT,989.7,2257.9,761.2,111.2,22.00,95.05,1,1.000,1,1.000,1,POI-003,0
49.56,49.56,UAV-3,SCOUT,ACTIVE,TRANSIT,918.0,2244.2,759.8,110.9,22.00,95.47,1,1.000,1,1.000,1,POI-006,0
49.56,49.56,UAV-4,SCOUT,ACTIVE,TRANSIT,567.0,2263.6,742.5,103.6,14.73,95.50,1,1.000,1,1.000,1,POI-002,0
49.56,49.56,UAV-5,SCOUT,ACTIVE,TRANSIT,757.6,2221.1,755.2,111.9,22.00,96.30,1,1.000,1,1.000,1,POI-004,0
50.56,50.56,UAV-1,RELAY,ACTIVE,RELAY_TRANSIT,1217.4,2063.4,741.9,83.7,21.90,94.62,1,1.000,1,1.000,1,,0
50.56,50.56,UAV-2,SCOUT,ACTIVE,TRANSIT,1011.4,2261.8,761.6,111.3,22.00,94.95,1,1.000,1,1.000,1,POI-003,0
50.56,50.56,UAV-3,SCOUT,ACTIVE,TRANSIT,939.7,2247.7,760.3,110.7,21.99,95.37,1,1.000,1,1.000,1,POI-006,0
50.56,50.56,UAV-4,SCOUT,ACTIVE,TRANSIT,582.9,2258.2,743.9,104.9,18.65,95.38,1,1.000,1,1.000,1,POI-002,0
50.56,50.56,UAV-5,SCOUT,ACTIVE,TRANSIT,779.3,2224.3,756.0,111.3,21.99,96.20,1,1.000,1,1.000,1,POI-004,0
51.56,51.56,UAV-1,RELAY,ACTIVE,RELAY_TRANSIT,1239.1,2060.1,742.1,83.0,21.90,94.52,1,1.000,1,1.000,1,,0
51.56,51.56,UAV-2,SCOUT,ACTIVE,TRANSIT,1032.7,2264.8,762.3,110.9,20.53,94.83,1,1.000,1,1.000,1,POI-003,0
51.56,51.56,UAV-3,SCOUT,ACTIVE,TRANSIT,961.5,2251.2,760.8,110.4,21.98,95.26,1,1.000,1,1.000,1,POI-006,0
51.56,51.56,UAV-4,SCOUT,ACTIVE,TRANSIT,602.1,2252.9,745.2,106.0,21.06,95.26,1,1.000,1,1.000,1,POI-002,0
51.56,51.56,UAV-5,SCOUT,ACTIVE,TRANSIT,801.1,2227.4,756.7,110.3,21.98,96.10,1,1.000,1,1.000,1,POI-004,0
52.56,52.56,UAV-1,RELAY,ACTIVE,RELAY_TRANSIT,1260.8,2056.9,742.3,81.9,21.91,94.42,1,1.000,1,1.000,1,,0
52.56,52.56,UAV-2,SCOUT,ACTIVE,TRANSIT,1052.7,2262.7,763.5,111.0,20.18,94.70,1,1.000,1,1.000,1,POI-003,0
52.56,52.56,UAV-3,SCOUT,ACTIVE,TRANSIT,983.2,2254.6,761.2,111.0,22.00,95.16,1,1.000,1,1.000,1,POI-006,0
52.56,52.56,UAV-4,SCOUT,ACTIVE,TRANSIT,622.9,2247.5,746.5,106.5,21.70,95.16,1,1.000,1,1.000,1,POI-002,0
52.56,52.56,UAV-5,SCOUT,ACTIVE,TRANSIT,822.8,2230.5,757.4,110.1,22.00,96.00,1,1.000,1,1.000,1,POI-004,0
53.56,53.56,UAV-1,RELAY,ACTIVE,RELAY_TRANSIT,1282.4,2053.6,742.5,80.9,21.90,94.32,1,1.000,1,1.000,1,,0
53.56,53.56,UAV-2,SCOUT,ACTIVE,TRANSIT,1072.4,2256.6,764.6,111.0,21.16,94.59,1,1.000,1,1.000,1,POI-003,0
53.56,53.56,UAV-3,SCOUT,ACTIVE,TRANSIT,1004.9,2258.1,761.7,111.6,22.00,95.06,1,1.000,1,1.000,1,POI-006,0
53.56,53.56,UAV-4,SCOUT,ACTIVE,TRANSIT,644.0,2242.2,747.7,106.8,21.79,95.05,1,1.000,1,1.000,1,POI-002,0
53.56,53.56,UAV-5,SCOUT,ACTIVE,TRANSIT,844.6,2233.6,758.1,110.1,22.00,95.89,1,1.000,1,1.000,1,POI-004,0
54.56,54.56,UAV-1,RELAY,ACTIVE,RELAY_TRANSIT,1304.1,2050.4,742.7,80.0,21.90,94.22,1,1.000,1,1.000,1,,0
54.56,54.56,UAV-2,SCOUT,ACTIVE,TRANSIT,1092.5,2248.9,765.7,110.7,21.89,94.48,1,1.000,1,1.000,1,POI-003,0
54.56,54.56,UAV-3,SCOUT,ACTIVE,TRANSIT,1026.6,2261.6,762.1,111.1,22.00,94.96,1,1.000,1,1.000,1,POI-006,0
54.56,54.56,UAV-4,SCOUT,ACTIVE,TRANSIT,665.1,2236.9,748.9,107.9,21.85,94.95,1,1.000,1,1.000,1,POI-002,0
54.56,54.56,UAV-5,SCOUT,ACTIVE,TRANSIT,866.4,2236.6,758.6,110.0,21.99,95.79,1,1.000,1,1.000,1,POI-004,0
55.56,55.56,UAV-1,RELAY,ACTIVE,RELAY_TRANSIT,1325.8,2047.1,743.1,80.2,21.89,94.11,1,1.000,1,1.000,1,,0
55.56,55.56,UAV-2,SCOUT,ACTIVE,TRANSIT,1112.9,2240.9,766.8,110.9,21.94,94.37,1,1.000,1,1.000,1,POI-003,0
55.56,55.56,UAV-3,SCOUT,ACTIVE,TRANSIT,1048.0,2264.4,762.8,110.6,20.41,94.85,1,1.000,1,1.000,1,POI-006,0
55.56,55.56,UAV-4,SCOUT,ACTIVE,TRANSIT,686.3,2231.6,750.1,108.8,21.89,94.84,1,1.000,1,1.000,1,POI-002,0
55.56,55.56,UAV-5,SCOUT,ACTIVE,TRANSIT,888.2,2239.6,759.2,110.5,21.98,95.69,1,1.000,1,1.000,1,POI-004,0
56.56,56.56,UAV-1,RELAY,ACTIVE,RELAY_TRANSIT,1347.4,2043.9,744.0,81.7,21.89,94.01,1,1.000,1,1.000,1,,0
56.56,56.56,UAV-2,SCOUT,ACTIVE,TRANSIT,1133.2,2232.7,767.9,112.1,21.94,94.27,1,1.000,1,1.000,1,POI-003,0
56.56,56.56,UAV-3,SCOUT,ACTIVE,TRANSIT,1067.7,2262.1,763.9,110.8,19.89,94.72,1,1.000,1,1.000,1,POI-006,0
56.56,56.56,UAV-4,SCOUT,ACTIVE,TRANSIT,707.6,2226.5,751.2,109.5,21.91,94.74,1,1.000,1,1.000,1,POI-002,0
56.56,56.56,UAV-5,SCOUT,ACTIVE,TRANSIT,909.9,2242.6,759.8,111.0,21.98,95.59,1,1.000,1,1.000,1,POI-004,0
57.56,57.56,UAV-1,RELAY,ACTIVE,RELAY_TRANSIT,1369.0,2040.6,744.9,83.2,21.89,93.90,1,1.000,1,1.000,1,,0
57.56,57.56,UAV-2,SCOUT,ACTIVE,TRANSIT,1153.6,2224.5,769.0,112.5,21.95,94.16,1,1.000,1,1.000,1,POI-003,0
57.56,57.56,UAV-3,SCOUT,ACTIVE,TRANSIT,1086.9,2255.8,764.9,110.4,20.75,94.60,1,1.000,1,1.000,1,POI-006,0
57.56,57.56,UAV-4,SCOUT,ACTIVE,TRANSIT,728.8,2221.3,752.2,109.9,21.92,94.64,1,1.000,1,1.000,1,POI-002,0
57.56,57.56,UAV-5,SCOUT,ACTIVE,TRANSIT,931.7,2245.6,760.3,111.1,21.98,95.49,1,1.000,1,1.000,1,POI-004,0
58.56,58.56,UAV-1,RELAY,ACTIVE,RELAY_TRANSIT,1390.6,2037.4,745.8,84.1,21.91,93.80,1,1.000,1,1.000,1,,0
58.56,58.56,UAV-2,SCOUT,ACTIVE,TRANSIT,1173.9,2216.2,770.0,111.8,21.98,94.06,1,1.000,1,1.000,1,POI-003,0
58.56,58.56,UAV-3,SCOUT,ACTIVE,TRANSIT,1106.4,2247.4,765.9,110.2,21.67,94.48,1,1.000,1,1.000,1,POI-006,0
58.56,58.56,UAV-4,SCOUT,ACTIVE,TRANSIT,750.0,2217.0,753.2,110.2,20.81,94.52,1,1.000,1,1.000,1,POI-002,0
58.56,58.56,UAV-5,SCOUT,ACTIVE,TRANSIT,953.5,2248.6,760.9,110.7,21.99,95.39,1,1.000,1,1.000,1,POI-004,0
59.56,59.56,UAV-1,RELAY,ACTIVE,RELAY_TRANSIT,1412.3,2034.2,746.6,85.3,21.88,93.70,1,1.000,1,1.000,1,,0
59.56,59.56,UAV-2,SCOUT,ACTIVE,TRANSIT,1194.2,2207.9,771.0,111.2,21.96,93.95,1,1.000,1,1.000,1,POI-003,0
59.56,59.56,UAV-3,SCOUT,ACTIVE,TRANSIT,1126.3,2238.4,767.0,111.2,21.91,94.38,1,1.000,1,1.000,1,POI-006,0
59.56,59.56,UAV-4,SCOUT,ACTIVE,TRANSIT,770.5,2218.0,753.9,109.8,21.03,94.40,1,1.000,1,1.000,1,POI-002,0
59.56,59.56,UAV-5,SCOUT,ACTIVE,TRANSIT,975.2,2251.6,761.4,111.0,21.96,95.28,1,1.000,1,1.000,1,POI-004,0
60.56,60.56,UAV-1,RELAY,ACTIVE,RELAY_TRANSIT,1433.9,2030.9,747.5,85.8,21.91,93.59,1,1.000,1,1.000,1,,0
60.56,60.56,UAV-2,SCOUT,ACTIVE,TRANSIT,1214.5,2199.6,772.0,110.6,21.99,93.85,1,1.000,1,1.000,1,POI-003,0
60.56,60.56,UAV-3,SCOUT,ACTIVE,TRANSIT,1146.2,2229.2,767.9,112.0,21.97,94.27,1,1.000,1,1.000,1,POI-006,0
60.56,60.56,UAV-4,SCOUT,ACTIVE,TRANSIT,791.8,2222.1,754.6,108.7,21.96,94.29,1,1.000,1,1.000,1,POI-002,0
60.56,60.56,UAV-5,SCOUT,ACTIVE,TRANSIT,997.0,2254.6,761.9,111.9,22.00,95.18,1,1.000,1,1.000,1,POI-004,0
61.56,61.56,UAV-1,RELAY,ACTIVE,RELAY_TRANSIT,1455.6,2027.7,748.2,85.2,21.94,93.49,1,1.000,1,1.000,1,,0
61.56,61.56,UAV-2,SCOUT,ACTIVE,TRANSIT,1234.8,2191.2,772.9,110.3,22.00,93.75,1,1.000,1,1.000,1,POI-003,0
61.56,61.56,UAV-3,SCOUT,ACTIVE,TRANSIT,1166.1,2219.9,768.9,111.5,22.00,94.17,1,1.000,1,1.000,1,POI-006,0
61.56,61.56,UAV-4,SCOUT,ACTIVE,TRANSIT,813.3,2226.6,755.2,108.2,22.00,94.19,1,1.000,1,1.000,1,POI-002,0
61.56,61.56,UAV-5,SCOUT,ACTIVE,TRANSIT,1018.8,2257.6,762.4,111.7,22.00,95.08,1,1.000,1,1.000,1,POI-004,0
62.56,62.56,UAV-1,RELAY,ACTIVE,RELAY_TRANSIT,1476.3,2024.6,751.4,87.0,20.39,93.36,1,1.000,1,1.000,1,,0
62.56,62.56,UAV-2,SCOUT,ACTIVE,TRANSIT,1254.3,2182.7,773.3,109.8,20.11,93.63,1,1.000,1,1.000,1,POI-003,0
62.56,62.56,UAV-3,SCOUT,ACTIVE,TRANSIT,1185.9,2210.5,769.9,110.7,21.98,94.06,1,1.000,1,1.000,1,POI-006,0
62.56,62.56,UAV-4,SCOUT,ACTIVE,TRANSIT,834.8,2231.2,755.9,108.2,22.00,94.09,1,1.000,1,1.000,1,POI-002,0
62.56,62.56,UAV-5,SCOUT,ACTIVE,TRANSIT,1040.6,2260.6,762.8,110.9,22.00,94.98,1,1.000,1,1.000,1,POI-004,0
63.56,63.56,UAV-1,RELAY,ACTIVE,RELAY_TRANSIT,1494.3,2021.9,762.1,96.6,21.58,93.22,1,1.000,1,1.000,1,,0
63.56,63.56,UAV-2,SCOUT,ACTIVE,TRANSIT,1271.3,2172.1,773.1,109.0,20.16,93.51,1,1.000,1,1.000,1,POI-003,0
63.56,63.56,UAV-3,SCOUT,ACTIVE,TRANSIT,1205.8,2201.2,770.8,110.1,21.99,93.96,1,1.000,1,1.000,1,POI-006,0
63.56,63.56,UAV-4,SCOUT,ACTIVE,TRANSIT,856.3,2235.8,756.6,108.3,22.00,93.99,1,1.000,1,1.000,1,POI-002,0
63.56,63.56,UAV-5,SCOUT,ACTIVE,TRANSIT,1062.1,2263.2,763.5,110.7,20.44,94.87,1,1.000,1,1.000,1,POI-004,0
64.58,64.58,UAV-1,RELAY,ACTIVE,RELAY_TRANSIT,1512.6,2019.2,774.2,108.3,21.77,93.10,1,1.000,1,0.958,1,,0
64.58,64.58,UAV-2,SCOUT,ACTIVE,TRANSIT,1288.1,2159.9,772.9,109.2,20.63,93.38,1,1.000,1,1.000,1,POI-003,0
64.58,64.58,UAV-3,SCOUT,ACTIVE,TRANSIT,1226.1,2191.5,771.7,109.7,22.00,93.85,1,1.000,1,1.000,1,POI-006,0
64.58,64.58,UAV-4,SCOUT,ACTIVE,TRANSIT,878.2,2240.6,757.2,108.5,22.00,93.89,1,1.000,1,1.000,1,POI-002,0
64.58,64.58,UAV-5,SCOUT,ACTIVE,TRANSIT,1082.0,2261.0,764.4,110.5,19.62,94.74,1,1.000,1,1.000,1,POI-004,0
65.60,65.60,UAV-1,RELAY,ACTIVE,RELAY_TRANSIT,1531.1,2016.5,786.3,119.9,21.84,92.98,1,1.000,1,1.000,1,,0
65.60,65.60,UAV-2,SCOUT,ACTIVE,TRANSIT,1305.0,2147.1,772.7,110.1,20.89,93.26,1,1.000,1,1.000,1,POI-003,0
65.60,65.60,UAV-3,SCOUT,ACTIVE,TRANSIT,1246.3,2181.9,772.6,109.6,21.98,93.75,1,1.000,1,1.000,1,POI-006,0
65.60,65.60,UAV-4,SCOUT,ACTIVE,TRANSIT,900.1,2245.4,757.9,109.2,22.00,93.78,1,1.000,1,1.000,1,POI-002,0
65.60,65.60,UAV-5,SCOUT,ACTIVE,TRANSIT,1101.2,2254.2,765.2,109.8,20.46,94.61,1,1.000,1,1.000,1,POI-004,0
66.62,66.62,UAV-1,RELAY,ACTIVE,RELAY_TRANSIT,1549.6,2013.7,798.4,130.5,22.00,92.86,1,1.000,1,1.000,1,,0
66.62,66.62,UAV-2,SCOUT,ACTIVE,TRANSIT,1322.0,2134.1,772.5,111.3,21.00,93.14,1,1.000,1,1.000,1,POI-003,0
66.62,66.62,UAV-3,SCOUT,ACTIVE,TRANSIT,1266.2,2172.3,773.2,109.3,20.19,93.63,1,1.000,1,1.000,1,POI-006,0
66.62,66.62,UAV-4,SCOUT,ACTIVE,TRANSIT,922.0,2250.2,758.5,109.7,22.00,93.68,1,1.000,1,1.000,1,POI-002,0
66.62,66.62,UAV-5,SCOUT,ACTIVE,TRANSIT,1120.5,2245.1,766.1,110.2,21.37,94.50,1,1.000,1,1.000,1,POI-004,0
67.64,67.64,UAV-1,RELAY,ACTIVE,RELAY_TRANSIT,1567.1,2011.3,812.0,142.6,21.89,92.73,1,1.000,1,1.000,1,,0
67.64,67.64,UAV-2,SCOUT,ACTIVE,TRANSIT,1339.0,2121.0,772.3,111.7,21.03,93.02,1,1.000,1,1.000,1,POI-003,0
67.64,67.64,UAV-3,SCOUT,ACTIVE,TRANSIT,1282.2,2161.1,773.3,109.5,19.00,93.51,1,1.000,1,1.000,1,POI-006,0
67.64,67.64,UAV-4,SCOUT,ACTIVE,TRANSIT,943.9,2255.1,759.1,109.4,22.00,93.58,1,1.000,1,1.000,1,POI-002,0
67.64,67.64,UAV-5,SCOUT,ACTIVE,TRANSIT,1140.2,2235.1,766.9,111.2,21.88,94.39,1,1.000,1,1.000,1,POI-004,0
68.66,68.66,UAV-1,RELAY,ACTIVE,RELAY_TRANSIT,1584.5,2009.0,826.0,155.3,21.93,92.61,1,1.000,1,1.000,1,,0
68.66,68.66,UAV-2,SCOUT,ACTIVE,TRANSIT,1355.9,2107.8,772.1,111.2,21.01,92.90,1,1.000,1,1.000,1,POI-003,0
68.66,68.66,UAV-3,SCOUT,ACTIVE,TRANSIT,1296.8,2148.0,773.3,110.6,19.56,93.38,1,1.000,1,1.000,1,POI-006,0
68.66,68.66,UAV-4,SCOUT,ACTIVE,TRANSIT,965.6,2259.8,759.6,109.3,19.92,93.46,1,1.000,1,1.000,1,POI-002,0
68.66,68.66,UAV-5,SCOUT,ACTIVE,TRANSIT,1160.0,2224.7,767.7,111.0,21.97,94.28,1,1.000,1,1.000,1,POI-004,0
69.68,69.68,UAV-1,RELAY,ACTIVE,RELAY_TRANSIT,1601.9,2006.6,839.8,167.1,21.96,92.49,1,1.000,1,1.000,1,,0
69.68,69.68,UAV-2,SCOUT,ACTIVE,TRANSIT,1372.7,2094.5,771.9,110.6,21.00,92.78,1,1.000,1,1.000,1,POI-003,0
69.68,69.68,UAV-3,SCOUT,ACTIVE,TRANSIT,1311.3,2133.9,773.4,112.0,19.95,93.25,1,1.000,1,1.000,1,POI-006,0
69.68,69.68,UAV-4,SCOUT,ACTIVE,TRANSIT,981.6,2260.9,760.0,109.9,12.48,93.32,1,1.000,1,1.000,1,POI-002,0
69.68,69.68,UAV-5,SCOUT,ACTIVE,TRANSIT,1179.8,2214.2,768.5,109.9,21.98,94.17,1,1.000,1,1.000,1,POI-004,0
70.70,70.70,UAV-1,RELAY,ACTIVE,RELAY_TRANSIT,1619.6,2004.3,853.4,172.8,21.98,92.37,1,1.000,1,1.000,1,,0
70.70,70.70,UAV-2,SCOUT,ACTIVE,TRANSIT,1389.4,2081.1,771.8,110.8,21.01,92.65,1,1.000,1,1.000,1,POI-003,0
70.70,70.70,UAV-3,SCOUT,ACTIVE,TRANSIT,1325.7,2119.4,773.4,113.0,20.20,93.13,1,1.000,1,1.000,1,POI-006,0
70.70,70.70,UAV-4,SCOUT,ACTIVE,TRANSIT,991.3,2257.3,760.2,110.3,8.88,93.18,1,1.000,1,1.000,1,POI-002,0
70.70,70.70,UAV-5,SCOUT,ACTIVE,TRANSIT,1199.6,2203.7,769.3,109.0,22.00,94.06,1,1.000,1,1.000,1,POI-004,0
71.72,71.72,UAV-1,RELAY,ACTIVE,RELAY_TRANSIT,1637.4,2001.9,866.8,172.1,21.96,92.24,1,1.000,1,1.000,1,,0
71.72,71.72,UAV-2,SCOUT,ACTIVE,TRANSIT,1406.0,2067.6,771.6,111.0,20.95,92.53,1,1.000,1,1.000,1,POI-003,0
71.72,71.72,UAV-3,SCOUT,ACTIVE,TRANSIT,1340.2,2104.6,773.4,112.9,20.30,93.00,1,1.000,1,1.000,1,POI-006,0
71.72,71.72,UAV-4,SCOUT,ACTIVE,TRANSIT,996.2,2249.4,760.4,110.4,10.25,93.05,1,1.000,1,1.000,1,POI-002,0
71.72,71.72,UAV-5,SCOUT,ACTIVE,TRANSIT,1219.3,2193.1,770.1,108.5,21.97,93.96,1,1.000,1,1.000,1,POI-004,0
72.74,72.74,UAV-1,RELAY,ACTIVE,RELAY_TRANSIT,1655.4,1999.4,879.8,168.1,21.97,92.12,1,1.000,1,1.000,1,,0
72.74,72.74,UAV-2,SCOUT,ACTIVE,TRANSIT,1421.8,2054.7,770.6,109.6,17.91,92.41,1,1.000,1,1.000,1,POI-003,0
72.74,72.74,UAV-3,SCOUT,ACTIVE,TRANSIT,1354.7,2089.8,773.4,112.4,20.32,92.87,1,1.000,1,1.000,1,POI-006,0
72.74,72.74,UAV-4,SCOUT,ACTIVE,TRANSIT,998.5,2237.8,760.5,110.3,12.86,92.92,1,1.000,1,1.000,1,POI-002,0
72.74,72.74,UAV-5,SCOUT,ACTIVE,TRANSIT,1239.0,2182.5,770.8,108.2,21.99,93.85,1,1.000,1,1.000,1,POI-004,0
73.76,73.76,UAV-1,RELAY,ACTIVE,RELAY_TRANSIT,1673.8,1996.9,892.5,161.2,21.97,92.00,1,1.000,1,1.000,1,,0
73.76,73.76,UAV-2,SCOUT,ACTIVE,TRANSIT,1434.3,2046.1,763.9,102.6,15.51,92.27,1,1.000,1,1.000,1,POI-003,0
73.76,73.76,UAV-3,SCOUT,ACTIVE,TRANSIT,1369.1,2074.9,773.4,112.3,20.35,92.74,1,1.000,1,1.000,1,POI-006,0
73.76,73.76,UAV-4,SCOUT,ACTIVE,TRANSIT,999.9,2223.8,760.7,110.3,14.48,92.80,1,1.000,1,1.000,1,POI-002,0
73.76,73.76,UAV-5,SCOUT,ACTIVE,TRANSIT,1258.8,2171.8,771.5,108.0,21.99,93.74,1,1.000,1,1.000,1,POI-004,0
74.78,74.78,UAV-1,RELAY,ACTIVE,RELAY_TRANSIT,1692.4,1994.5,903.8,152.4,19.56,91.89,1,1.000,1,1.000,1,,0
74.78,74.78,UAV-2,SCOUT,ACTIVE,TRANSIT,1443.9,2041.2,752.3,90.5,16.01,92.14,1,1.000,1,1.000,1,POI-003,0
74.78,74.78,UAV-3,SCOUT,ACTIVE,TRANSIT,1383.5,2060.0,773.5,112.5,20.27,92.61,1,1.000,1,1.000,1,POI-006,0
74.78,74.78,UAV-4,SCOUT,ACTIVE,TRANSIT,1000.8,2209.1,760.3,109.8,13.14,92.68,1,1.000,1,1.000,1,POI-002,0
74.78,74.78,UAV-5,SCOUT,ACTIVE,TRANSIT,1278.4,2161.1,772.2,108.4,21.53,93.63,1,1.000,1,1.000,1,POI-004,0
75.80,75.80,UAV-1,RELAY,ACTIVE,RELAY_TRANSIT,1709.9,1992.3,907.9,137.4,17.88,91.77,1,1.000,1,1.000,1,,0
75.80,75.80,UAV-2,SCOUT,ACTIVE,TRANSIT,1451.3,2039.1,737.3,75.1,17.21,92.02,1,1.000,1,1.000,1,POI-003,0
75.80,75.80,UAV-3,SCOUT,ACTIVE,TRANSIT,1397.8,2045.2,773.5,112.2,20.22,92.49,1,1.000,1,1.000,1,POI-006,0
75.80,75.80,UAV-4,SCOUT,ACTIVE,TRANSIT,1002.0,2198.7,754.7,104.2,11.47,92.56,1,1.000,1,1.000,1,POI-002,0
75.80,75.80,UAV-5,SCOUT,ACTIVE,TRANSIT,1295.0,2149.6,772.5,109.6,19.21,93.51,1,1.000,1,1.000,1,POI-004,0
76.82,76.82,UAV-1,RELAY,ACTIVE,RELAY_TRANSIT,1729.4,1989.4,909.1,120.1,20.64,91.65,1,1.000,1,1.000,1,,0
76.82,76.82,UAV-2,SCOUT,ACTIVE,SURVEY,1456.9,2039.2,720.2,57.7,17.32,91.89,1,1.000,1,1.000,1,POI-003,0
76.82,76.82,UAV-3,SCOUT,ACTIVE,TRANSIT,1412.1,2030.2,773.5,112.1,20.25,92.36,1,1.000,1,1.000,1,POI-006,0
76.82,76.82,UAV-4,SCOUT,ACTIVE,TRANSIT,1003.4,2192.6,743.9,93.1,13.45,92.43,1,1.000,1,1.000,1,POI-002,0
76.82,76.82,UAV-5,SCOUT,ACTIVE,TRANSIT,1309.6,2136.3,772.7,111.1,19.69,93.38,1,1.000,1,1.000,1,POI-004,0
77.84,77.84,UAV-1,RELAY,ACTIVE,RELAY_TRANSIT,1751.0,1986.2,910.0,101.8,21.94,91.54,1,1.000,1,1.000,1,,0
77.84,77.84,UAV-2,SCOUT,ACTIVE,SURVEY,1458.2,2041.3,705.9,43.5,11.27,91.77,1,1.000,1,1.000,1,POI-003,0
77.84,77.84,UAV-3,SCOUT,ACTIVE,TRANSIT,1426.2,2015.2,773.5,111.7,20.20,92.23,1,1.000,1,1.000,1,POI-006,0
77.84,77.84,UAV-4,SCOUT,ACTIVE,TRANSIT,1004.8,2189.6,729.4,78.5,15.64,92.31,1,1.000,1,1.000,1,POI-002,0
77.84,77.84,UAV-5,SCOUT,ACTIVE,TRANSIT,1324.0,2122.0,772.9,112.4,20.03,93.25,1,1.000,1,1.000,1,POI-004,0
78.86,78.86,UAV-1,RELAY,ACTIVE,RELAY_TRANSIT,1773.2,1983.0,910.8,87.5,21.94,91.44,1,1.000,1,1.000,1,,0
78.86,78.86,UAV-2,SCOUT,ACTIVE,TRANSIT,1455.2,2042.7,700.1,37.8,0.80,91.62,1,1.000,1,1.000,1,POI-007,0
78.86,78.86,UAV-3,SCOUT,ACTIVE,TRANSIT,1440.1,2000.0,773.6,110.0,20.13,92.10,1,1.000,1,1.000,1,POI-006,0
78.86,78.86,UAV-4,SCOUT,ACTIVE,SURVEY,1006.0,2188.5,712.7,61.7,17.04,92.20,1,1.000,1,1.000,1,POI-002,0
78.86,78.86,UAV-5,SCOUT,ACTIVE,TRANSIT,1338.3,2107.3,773.1,112.7,20.19,93.13,1,1.000,1,1.000,1,POI-004,0
79.88,79.88,UAV-1,RELAY,ACTIVE,RELAY_TRANSIT,1795.3,1979.9,911.6,78.5,21.92,91.33,1,1.000,1,1.000,1,,0
79.88,79.88,UAV-2,SCOUT,ACTIVE,TRANSIT,1456.8,2043.2,706.1,43.7,11.43,91.46,1,1.000,1,1.000,1,POI-007,0
79.88,79.88,UAV-3,SCOUT,ACTIVE,TRANSIT,1453.9,1984.8,773.6,108.9,20.02,91.98,1,1.000,1,1.000,1,POI-006,0
79.88,79.88,UAV-4,SCOUT,ACTIVE,SURVEY,1007.0,2188.3,694.9,43.9,17.79,92.08,1,1.000,1,1.000,1,POI-002,0
79.88,79.88,UAV-5,SCOUT,ACTIVE,TRANSIT,1352.6,2092.5,773.3,112.4,20.25,93.00,1,1.000,1,1.000,1,POI-004,0
80.90,80.90,UAV-1,RELAY,ACTIVE,RELAY_TRANSIT,1817.5,1977.0,912.3,80.5,21.94,91.23,1,1.000,1,1.000,1,,0
80.90,80.90,UAV-2,SCOUT,ACTIVE,TRANSIT,1458.3,2043.3,721.8,59.3,18.53,91.31,1,1.000,1,1.000,1,POI-007,0
80.90,80.90,UAV-3,SCOUT,ACTIVE,TRANSIT,1467.3,1969.5,773.6,109.2,19.98,91.85,1,1.000,1,1.000,1,POI-006,0
80.90,80.90,UAV-4,SCOUT,ACTIVE,TRANSIT,1005.2,2187.2,683.5,32.5,4.67,91.93,1,1.000,1,1.000,1,POI-005,0
80.90,80.90,UAV-5,SCOUT,ACTIVE,TRANSIT,1367.1,2077.6,773.5,112.4,20.36,92.87,1,1.000,1,1.000,1,POI-004,0
81.92,81.92,UAV-1,RELAY,ACTIVE,RELAY_TRANSIT,1839.6,1974.1,913.0,88.8,21.93,91.12,1,1.000,1,1.000,1,,0
81.92,81.92,UAV-2,SCOUT,ACTIVE,TRANSIT,1458.9,2043.1,742.1,79.6,20.53,91.17,1,1.000,1,1.000,1,POI-007,0
81.92,81.92,UAV-3,SCOUT,ACTIVE,TRANSIT,1480.4,1954.0,773.6,109.8,19.82,91.73,1,1.000,1,1.000,1,POI-006,0
81.92,81.92,UAV-4,SCOUT,ACTIVE,TRANSIT,1004.4,2187.5,685.5,34.5,7.83,91.78,1,1.000,1,1.000,1,POI-005,0
81.92,81.92,UAV-5,SCOUT,ACTIVE,TRANSIT,1381.5,2062.6,773.7,112.7,20.37,92.74,1,1.000,1,1.000,1,POI-004,0
82.94,82.94,UAV-1,RELAY,ACTIVE,RELAY_TRANSIT,1860.5,1971.4,911.9,101.6,18.99,91.04,1,1.000,1,1.000,1,,0
82.94,82.94,UAV-2,SCOUT,ACTIVE,TRANSIT,1460.0,2042.5,757.5,95.0,9.83,91.03,1,1.000,1,1.000,1,POI-007,0
82.94,82.94,UAV-3,SCOUT,ACTIVE,TRANSIT,1492.8,1938.2,773.8,110.6,19.63,91.60,1,1.000,1,1.000,1,POI-006,0
82.94,82.94,UAV-4,SCOUT,ACTIVE,TRANSIT,1004.5,2187.9,698.4,47.5,16.56,91.63,1,1.000,1,1.000,1,POI-005,0
82.94,82.94,UAV-5,SCOUT,ACTIVE,TRANSIT,1395.8,2047.5,773.9,112.7,20.39,92.61,1,1.000,1,1.000,1,POI-004,0
83.96,83.96,UAV-1,RELAY,ACTIVE,RELAY_TRANSIT,1878.2,1969.1,904.8,108.3,19.00,90.95,1,1.000,1,1.000,1,,0
83.96,83.96,UAV-2,SCOUT,ACTIVE,TRANSIT,1463.3,2041.2,762.9,100.2,5.49,90.90,1,1.000,1,1.000,1,POI-007,0
83.96,83.96,UAV-3,SCOUT,ACTIVE,TRANSIT,1507.0,1923.6,774.5,110.9,20.31,91.47,1,1.000,1,1.000,1,POI-006,0
83.96,83.96,UAV-4,SCOUT,ACTIVE,TRANSIT,1005.0,2188.0,717.7,66.8,20.24,91.48,1,1.000,1,1.000,1,POI-005,0
83.96,83.96,UAV-5,SCOUT,ACTIVE,TRANSIT,1410.0,2032.4,774.1,112.6,20.36,92.49,1,1.000,1,1.000,1,POI-004,0
84.98,84.98,UAV-1,RELAY,ACTIVE,RELAY_TRANSIT,1894.1,1967.3,893.3,111.9,19.72,90.85,1,1.000,1,1.000,1,,0
84.98,84.98,UAV-2,SCOUT,ACTIVE,TRANSIT,1470.1,2036.8,764.6,101.3,10.96,90.76,1,1.000,1,1.000,1,POI-007,0
84.98,84.98,UAV-3,SCOUT,ACTIVE,TRANSIT,1522.5,1909.5,775.3,110.2,20.70,91.34,1,1.000,1,1.000,1,POI-006,0
84.98,84.98,UAV-4,SCOUT,ACTIVE,TRANSIT,1005.7,2188.1,738.2,87.2,16.95,91.34,1,1.000,1,1.000,1,POI-005,0
84.98,84.98,UAV-5,SCOUT,ACTIVE,TRANSIT,1424.1,2017.1,774.3,112.5,20.30,92.36,1,1.000,1,1.000,1,POI-004,0
86.00,86.00,UAV-1,RELAY,ACTIVE,RELAY_TRANSIT,1909.5,1965.4,880.3,115.1,20.03,90.73,1,1.000,1,1.000,1,,0
86.00,86.00,UAV-2,SCOUT,ACTIVE,TRANSIT,1481.0,2028.5,765.9,101.5,15.43,90.63,1,1.000,1,1.000,1,POI-007,0
86.00,86.00,UAV-3,SCOUT,ACTIVE,TRANSIT,1538.2,1895.3,776.0,109.3,20.85,91.22,1,1.000,1,1.000,1,POI-006,0
86.00,86.00,UAV-4,SCOUT,ACTIVE,TRANSIT,1008.4,2188.9,749.5,98.4,7.46,91.23,1,1.000,1,1.000,1,POI-005,0
86.00,86.00,UAV-5,SCOUT,ACTIVE,TRANSIT,1438.1,2001.9,774.4,111.1,20.25,92.23,1,1.000,1,1.000,1,POI-004,0
87.02,87.02,UAV-1,RELAY,ACTIVE,RELAY_TRANSIT,1925.4,1963.3,867.4,118.7,20.21,90.62,1,1.000,1,1.000,1,,0
87.02,87.02,UAV-2,SCOUT,ACTIVE,TRANSIT,1493.3,2016.8,767.2,101.6,17.71,90.50,1,1.000,1,1.000,1,POI-007,0
87.02,87.02,UAV-3,SCOUT,ACTIVE,TRANSIT,1553.9,1880.9,776.8,109.0,20.95,91.10,1,1.000,1,1.000,1,POI-006,0
87.02,87.02,UAV-4,SCOUT,ACTIVE,TRANSIT,1014.1,2190.6,753.3,102.1,8.96,91.11,1,1.000,1,1.000,1,POI-005,0
87.02,87.02,UAV-5,SCOUT,ACTIVE,TRANSIT,1452.0,1986.7,774.6,110.0,20.24,92.10,1,1.000,1,1.000,1,POI-004,0
88.04,88.04,UAV-1,RELAY,ACTIVE,RELAY_TRANSIT,1941.7,1961.0,854.9,122.5,20.32,90.50,1,1.000,1,1.000,1,,0
88.04,88.04,UAV-2,SCOUT,ACTIVE,TRANSIT,1505.5,2002.6,768.4,102.3,18.90,90.38,1,1.000,1,1.000,1,POI-007,0
88.04,88.04,UAV-3,SCOUT,ACTIVE,TRANSIT,1569.6,1866.4,777.5,108.7,21.00,90.97,1,1.000,1,1.000,1,POI-006,0
88.04,88.04,UAV-4,SCOUT,ACTIVE,TRANSIT,1025.8,2192.9,755.7,103.9,14.78,90.99,1,1.000,1,1.000,1,POI-005,0
88.04,88.04,UAV-5,SCOUT,ACTIVE,TRANSIT,1465.7,1971.2,774.8,110.3,20.21,91.98,1,1.000,1,1.000,1,POI-004,0
89.06,89.06,UAV-1,RELAY,ACTIVE,RELAY_TRANSIT,1958.3,1958.6,842.7,126.0,20.38,90.38,1,1.000,2,0.907,1,,0
89.06,89.06,UAV-2,SCOUT,ACTIVE,TRANSIT,1517.6,1987.3,769.5,103.4,19.39,90.25,1,1.000,1,1.000,1,POI-007,0
89.06,89.06,UAV-3,SCOUT,ACTIVE,TRANSIT,1585.3,1851.9,778.2,108.8,20.90,90.85,1,1.000,1,1.000,1,POI-006,0
89.06,89.06,UAV-4,SCOUT,ACTIVE,TRANSIT,1043.1,2195.1,757.8,104.4,19.22,90.87,1,1.000,1,1.000,1,POI-005,0
89.06,89.06,UAV-5,SCOUT,ACTIVE,TRANSIT,1479.2,1955.8,774.9,111.0,20.02,91.85,1,1.000,1,1.000,1,POI-004,0
90.08,90.08,UAV-1,RELAY,ACTIVE,RELAY_TRANSIT,1977.4,1955.6,834.3,133.3,21.06,90.26,1,1.000,2,0.711,1,,0
90.08,90.08,UAV-2,SCOUT,ACTIVE,TRANSIT,1529.7,1971.4,770.7,104.8,19.66,90.13,1,1.000,1,1.000,1,POI-007,0
90.08,90.08,UAV-3,SCOUT,ACTIVE,TRANSIT,1600.9,1837.4,778.9,108.8,20.87,90.73,1,1.000,1,1.000,1,POI-006,0
90.08,90.08,UAV-4,SCOUT,ACTIVE,TRANSIT,1063.7,2197.0,759.8,104.2,20.91,90.76,1,1.000,1,1.000,1,POI-005,0
90.08,90.08,UAV-5,SCOUT,ACTIVE,TRANSIT,1492.3,1940.2,775.1,111.8,19.88,91.73,1,1.000,1,1.000,1,POI-004,0
91.10,91.10,UAV-1,RELAY,ACTIVE,RELAY_HOLD,1997.6,1952.5,827.0,137.9,21.58,90.14,1,1.000,2,0.219,1,,0
91.10,91.10,UAV-2,SCOUT,ACTIVE,TRANSIT,1541.6,1955.3,771.8,106.2,19.85,90.00,1,1.000,1,1.000,1,POI-007,0
91.10,91.10,UAV-3,SCOUT,ACTIVE,TRANSIT,1616.4,1822.8,779.6,108.6,20.93,90.61,1,1.000,3,1.000,1,POI-006,0
91.10,91.10,UAV-4,SCOUT,ACTIVE,TRANSIT,1085.0,2198.8,761.7,105.0,21.23,90.66,1,1.000,1,1.000,1,POI-005,0
91.10,91.10,UAV-5,SCOUT,ACTIVE,TRANSIT,1504.9,1924.4,775.2,111.7,19.69,91.60,1,1.000,1,1.000,1,POI-004,0
92.12,92.12,UAV-1,RELAY,ACTIVE,RELAY_HOLD,2019.3,1948.7,827.8,142.9,21.94,90.01,1,1.000,2,0.391,1,,0
92.12,92.12,UAV-2,SCOUT,ACTIVE,TRANSIT,1553.6,1938.9,772.9,106.1,19.86,89.87,1,1.000,1,1.000,1,POI-007,0
92.12,92.12,UAV-3,SCOUT,ACTIVE,TRANSIT,1631.9,1808.2,780.3,108.6,20.89,90.48,1,1.000,3,1.000,1,POI-006,0
92.12,92.12,UAV-4,SCOUT,ACTIVE,TRANSIT,1106.6,2200.5,763.6,106.4,21.44,90.55,1,1.000,1,1.000,1,POI-005,0
92.12,92.12,UAV-5,SCOUT,ACTIVE,TRANSIT,1518.1,1909.5,775.8,111.0,19.89,91.47,1,1.000,1,1.000,1,POI-004,0
93.14,93.14,UAV-1,RELAY,ACTIVE,RELAY_HOLD,2041.2,1945.0,830.7,145.5,22.00,89.90,1,1.000,2,0.416,1,,0
93.14,93.14,UAV-2,SCOUT,ACTIVE,TRANSIT,1565.5,1922.7,773.7,105.4,19.59,89.75,1,1.000,1,1.000,1,POI-007,0
93.14,93.14,UAV-3,SCOUT,ACTIVE,TRANSIT,1647.3,1793.5,780.9,108.4,20.83,90.36,1,1.000,3,0.834,1,POI-006,0
93.14,93.14,UAV-4,SCOUT,ACTIVE,TRANSIT,1128.5,2202.2,765.4,107.7,21.57,90.45,1,1.000,1,1.000,1,POI-005,0
93.14,93.14,UAV-5,SCOUT,ACTIVE,TRANSIT,1533.7,1895.5,776.7,110.3,20.93,91.34,1,1.000,1,1.000,1,POI-004,0
94.16,94.16,UAV-1,RELAY,ACTIVE,RELAY_HOLD,2063.1,1941.4,834.1,148.5,21.99,89.79,1,1.000,2,0.590,1,,0
94.16,94.16,UAV-2,SCOUT,ACTIVE,TRANSIT,1577.4,1906.8,774.1,105.2,19.47,89.63,1,1.000,1,1.000,1,POI-007,0
94.16,94.16,UAV-3,SCOUT,ACTIVE,TRANSIT,1662.5,1778.8,781.5,108.7,20.69,90.23,1,1.000,3,0.698,1,POI-006,0
94.16,94.16,UAV-4,SCOUT,ACTIVE,TRANSIT,1150.4,2203.8,767.2,108.8,21.68,90.34,1,1.000,1,1.000,1,POI-005,0
94.16,94.16,UAV-5,SCOUT,ACTIVE,TRANSIT,1549.7,1881.2,778.1,110.6,21.17,91.22,1,1.000,1,1.000,1,POI-004,0
95.18,95.18,UAV-1,RELAY,ACTIVE,RELAY_HOLD,2084.1,1937.7,840.8,155.2,21.97,89.66,1,1.000,2,0.560,1,,0
95.18,95.18,UAV-2,SCOUT,ACTIVE,TRANSIT,1589.3,1890.9,774.3,105.0,19.42,89.50,1,1.000,1,1.000,1,POI-007,0
95.18,95.18,UAV-3,SCOUT,ACTIVE,TRANSIT,1677.5,1764.0,782.1,109.7,20.61,90.11,1,1.000,3,0.406,1,POI-006,0
95.18,95.18,UAV-4,SCOUT,ACTIVE,TRANSIT,1172.4,2205.3,768.9,110.0,21.77,90.24,1,1.000,1,1.000,1,POI-005,0
95.18,95.18,UAV-5,SCOUT,ACTIVE,TRANSIT,1565.8,1866.8,779.7,111.0,21.29,91.10,1,1.000,1,1.000,1,POI-004,0
96.20,96.20,UAV-1,RELAY,ACTIVE,RELAY_HOLD,2104.4,1933.1,849.2,163.1,21.98,89.54,1,1.000,2,0.837,1,,0
96.20,96.20,UAV-2,SCOUT,ACTIVE,TRANSIT,1600.9,1874.9,774.4,104.4,19.41,89.38,1,1.000,1,1.000,1,POI-007,0
96.20,96.20,UAV-3,SCOUT,ACTIVE,TRANSIT,1692.3,1749.1,782.7,110.1,20.53,89.98,1,1.000,3,0.162,1,POI-006,0
96.20,96.20,UAV-4,SCOUT,ACTIVE,TRANSIT,1194.6,2206.8,770.5,110.6,21.82,90.13,1,1.000,1,1.000,1,POI-005,0
96.20,96.20,UAV-5,SCOUT,ACTIVE,TRANSIT,1581.9,1852.2,781.3,111.9,21.34,90.98,1,1.000,1,1.000,1,POI-004,0
97.22,97.22,UAV-1,RELAY,ACTIVE,RELAY_HOLD,2124.8,1928.8,856.5,169.7,21.81,89.43,1,1.000,2,0.961,1,,0
97.22,97.22,UAV-2,SCOUT,ACTIVE,TRANSIT,1612.3,1858.7,774.5,103.6,19.37,89.25,1,1.000,1,1.000,1,POI-007,0
97.22,97.22,UAV-3,SCOUT,ACTIVE,TRANSIT,1706.7,1734.1,783.2,109.8,20.37,89.85,1,1.000,3,0.003,1,POI-006,0
97.22,97.22,UAV-4,SCOUT,ACTIVE,TRANSIT,1214.7,2207.1,771.2,109.9,17.27,90.01,1,1.000,1,1.000,1,POI-005,0
97.22,97.22,UAV-5,SCOUT,ACTIVE,TRANSIT,1598.0,1837.7,782.9,112.9,21.33,90.86,1,1.000,1,1.000,1,POI-004,0
98.24,98.24,UAV-1,RELAY,ACTIVE,RELAY_HOLD,2142.8,1921.6,863.8,176.9,19.46,89.29,1,1.000,1,1.000,1,,0
98.24,98.24,UAV-2,SCOUT,ACTIVE,TRANSIT,1623.5,1842.4,774.7,102.9,19.33,89.13,1,1.000,1,1.000,1,POI-007,0
98.24,98.24,UAV-3,SCOUT,ACTIVE,TRANSIT,1721.8,1722.6,783.9,110.3,17.32,89.71,1,1.000,2,0.005,1,POI-006,0
98.24,98.24,UAV-4,SCOUT,ACTIVE,TRANSIT,1231.1,2202.1,771.5,108.9,17.00,89.89,1,1.000,1,1.000,1,POI-005,0
98.24,98.24,UAV-5,SCOUT,ACTIVE,TRANSIT,1614.0,1823.1,784.4,113.5,21.29,90.74,1,1.000,2,1.000,1,POI-004,0
99.26,99.26,UAV-1,RELAY,ACTIVE,RELAY_HOLD,2153.9,1909.7,873.4,186.1,17.51,89.14,1,1.000,1,1.000,1,,0
99.26,99.26,UAV-2,SCOUT,ACTIVE,TRANSIT,1634.3,1826.0,775.0,102.9,19.30,89.00,1,1.000,2,1.000,1,POI-007,0
99.26,99.26,UAV-3,SCOUT,ACTIVE,TRANSIT,1739.3,1718.4,784.7,110.8,18.86,89.58,1,1.000,2,0.067,1,POI-006,0
99.26,99.26,UAV-4,SCOUT,ACTIVE,TRANSIT,1246.4,2192.6,771.7,108.5,18.36,89.76,1,1.000,1,1.000,1,POI-005,0
99.26,99.26,UAV-5,SCOUT,ACTIVE,TRANSIT,1630.0,1808.5,785.9,114.3,21.25,90.63,1,1.000,2,1.000,1,POI-004,0
100.28,100.28,UAV-1,RELAY,ACTIVE,RELAY_HOLD,2156.4,1899.0,888.3,200.2,19.64,88.99,1,1.000,1,1.000,1,,0
100.28,100.28,UAV-2,SCOUT,ACTIVE,TRANSIT,1644.8,1809.3,775.5,103.3,19.30,88.88,1,1.000,2,0.958,1,POI-007,0
100.28,100.28,UAV-3,SCOUT,ACTIVE,TRANSIT,1759.9,1717.2,785.3,110.9,21.44,89.46,1,1.000,2,0.065,1,POI-006,0
100.28,100.28,UAV-4,SCOUT,ACTIVE,TRANSIT,1261.4,2180.5,771.9,108.1,19.42,89.64,1,1.000,1,1.000,1,POI-005,0
100.28,100.28,UAV-5,SCOUT,ACTIVE,TRANSIT,1646.0,1794.0,787.3,114.8,21.19,90.51,1,1.000,2,0.963,1,POI-004,0
101.30,101.30,UAV-1,RELAY,ACTIVE,RELAY_HOLD,2154.4,1888.9,905.6,216.7,18.87,88.85,1,1.000,1,1.000,1,,0
101.30,101.30,UAV-2,SCOUT,ACTIVE,TRANSIT,1654.6,1792.3,776.3,103.4,19.33,88.75,1,1.000,2,0.859,1,POI-007,0
101.30,101.30,UAV-3,SCOUT,ACTIVE,TRANSIT,1782.2,1716.3,786.0,110.0,21.96,89.36,1,1.000,2,0.049,1,POI-006,0
101.30,101.30,UAV-4,SCOUT,ACTIVE,TRANSIT,1276.3,2166.9,772.1,108.1,20.02,89.51,1,1.000,1,1.000,1,POI-005,0
101.30,101.30,UAV-5,SCOUT,ACTIVE,TRANSIT,1661.9,1779.5,788.4,115.5,21.02,90.39,1,1.000,2,0.818,1,POI-004,0
102.32,102.32,UAV-1,RELAY,ACTIVE,RELAY_HOLD,2149.6,1880.4,918.5,229.0,10.85,88.72,1,1.000,1,1.000,1,,0
102.32,102.32,UAV-2,SCOUT,ACTIVE,TRANSIT,1663.8,1774.9,777.5,104.7,19.21,88.63,1,1.000,2,0.739,1,POI-007,0
102.32,102.32,UAV-3,SCOUT,ACTIVE,TRANSIT,1804.5,1715.6,786.7,109.7,21.96,89.26,1,1.000,2,0.166,1,POI-006,0
102.32,102.32,UAV-4,SCOUT,ACTIVE,TRANSIT,1291.1,2152.7,772.3,109.2,20.32,89.38,1,1.000,1,1.000,1,POI-005,0
102.32,102.32,UAV-5,SCOUT,ACTIVE,TRANSIT,1677.7,1765.2,789.1,116.7,20.71,90.26,1,1.000,2,0.398,1,POI-004,0
103.34,103.34,UAV-1,RELAY,ACTIVE,RELAY_HOLD,2147.0,1875.3,921.8,232.1,3.86,88.59,1,1.000,1,1.000,1,,0
103.34,103.34,UAV-2,SCOUT,ACTIVE,TRANSIT,1672.3,1758.7,778.6,106.2,15.59,88.50,1,1.000,2,0.263,1,POI-007,0
103.34,103.34,UAV-3,SCOUT,ACTIVE,TRANSIT,1826.9,1715.0,787.3,110.3,21.95,89.15,1,1.000,2,0.238,1,POI-006,0
103.34,103.34,UAV-4,SCOUT,ACTIVE,TRANSIT,1306.1,2138.1,772.6,110.7,20.45,89.25,1,1.000,1,1.000,1,POI-005,0
103.34,103.34,UAV-5,SCOUT,ACTIVE,TRANSIT,1693.3,1751.4,788.9,116.3,20.15,90.14,1,1.000,2,0.196,1,POI-004,0
104.36,104.36,UAV-1,RELAY,ACTIVE,RELAY_HOLD,2147.2,1872.7,917.5,227.6,7.44,88.46,1,1.000,1,1.000,1,,0
104.36,104.36,UAV-2,SCOUT,ACTIVE,TRANSIT,1684.3,1749.9,779.4,106.9,15.63,88.36,1,1.000,2,0.038,1,POI-007,0
104.36,104.36,UAV-3,SCOUT,ACTIVE,TRANSIT,1849.3,1714.4,787.9,110.7,21.95,89.05,1,1.000,2,0.360,1,POI-006,0
104.36,104.36,UAV-4,SCOUT,ACTIVE,TRANSIT,1321.0,2123.5,772.8,112.2,20.54,89.13,1,1.000,1,1.000,1,POI-005,0
104.36,104.36,UAV-5,SCOUT,ACTIVE,TRANSIT,1708.5,1737.9,787.5,114.2,19.84,90.01,1,1.000,2,0.128,1,POI-004,0
105.38,105.38,UAV-1,RELAY,ACTIVE,RELAY_HOLD,2147.3,1875.4,912.1,222.3,7.52,88.32,1,1.000,1,1.000,1,,0
105.38,105.38,UAV-2,SCOUT,ACTIVE,TRANSIT,1701.3,1744.3,780.5,107.5,19.23,88.24,1,1.000,2,0.034,1,POI-007,0
105.38,105.38,UAV-3,SCOUT,ACTIVE,TRANSIT,1871.6,1713.8,788.5,110.6,21.95,88.94,1,1.000,2,0.387,1,POI-006,0
105.38,105.38,UAV-4,SCOUT,ACTIVE,TRANSIT,1335.9,2108.8,773.0,112.6,20.50,89.00,1,1.000,1,1.000,1,POI-005,0
105.38,105.38,UAV-5,SCOUT,ACTIVE,TRANSIT,1723.3,1724.3,785.8,112.2,20.08,89.88,1,1.000,2,0.047,1,POI-004,0
106.40,106.40,UAV-1,RELAY,ACTIVE,RELAY_HOLD,2149.2,1881.5,905.0,215.6,10.61,88.18,1,1.000,1,1.000,1,,0
106.40,106.40,UAV-2,SCOUT,ACTIVE,TRANSIT,1721.5,1739.2,781.6,108.1,21.32,88.13,1,1.000,2,0.131,1,POI-007,0
106.40,106.40,UAV-3,SCOUT,ACTIVE,TRANSIT,1894.0,1713.3,789.1,110.4,21.97,88.84,1,1.000,2,0.594,1,POI-006,0
106.40,106.40,UAV-4,SCOUT,ACTIVE,TRANSIT,1350.8,2094.2,773.2,112.3,20.44,88.87,1,1.000,1,1.000,1,POI-005,0
106.40,106.40,UAV-5,SCOUT,ACTIVE,TRANSIT,1740.2,1712.9,786.2,112.2,20.58,89.76,1,1.000,2,0.000,1,POI-004,0
107.42,107.42,UAV-1,RELAY,ACTIVE,RELAY_HOLD,2154.6,1890.6,903.4,214.6,11.45,88.04,1,1.000,1,1.000,1,,0
107.42,107.42,UAV-2,SCOUT,ACTIVE,TRANSIT,1742.7,1733.7,782.7,109.2,21.66,88.02,1,1.000,2,0.094,1,POI-007,0
107.42,107.42,UAV-3,SCOUT,ACTIVE,TRANSIT,1916.4,1712.8,789.7,110.8,21.97,88.74,1,1.000,2,0.759,1,POI-006,0
107.42,107.42,UAV-4,SCOUT,ACTIVE,TRANSIT,1365.5,2079.4,773.4,112.3,20.45,88.74,1,1.000,1,1.000,1,POI-005,0
107.42,107.42,UAV-5,SCOUT,ACTIVE,TRANSIT,1759.4,1702.9,786.9,111.9,21.62,89.64,1,1.000,2,0.000,1,POI-004,0
108.44,108.44,UAV-1,RELAY,ACTIVE,RELAY_HOLD,2160.9,1901.6,899.6,211.9,14.69,87.91,1,1.000,1,1.000,1,,0
108.44,108.44,UAV-2,SCOUT,ACTIVE,TRANSIT,1764.1,1728.2,783.8,109.6,21.74,87.92,1,1.000,2,0.237,1,POI-007,0
108.44,108.44,UAV-3,SCOUT,ACTIVE,TRANSIT,1936.5,1714.9,790.5,110.8,18.81,88.61,1,1.000,2,0.710,1,POI-006,0
108.44,108.44,UAV-4,SCOUT,ACTIVE,TRANSIT,1380.1,2064.5,773.6,112.6,20.41,88.61,1,1.000,1,1.000,1,POI-005,0
108.44,108.44,UAV-5,SCOUT,ACTIVE,TRANSIT,1779.2,1692.7,787.6,111.1,22.00,89.53,1,1.000,2,0.000,1,POI-004,0
109.46,109.46,UAV-1,RELAY,ACTIVE,RELAY_HOLD,2170.1,1913.5,893.1,206.3,17.15,87.78,1,1.000,1,1.000,1,,0
109.46,109.46,UAV-2,SCOUT,ACTIVE,TRANSIT,1785.6,1722.6,784.8,108.8,21.82,87.81,1,1.000,2,0.083,1,POI-007,0
109.46,109.46,UAV-3,SCOUT,ACTIVE,TRANSIT,1954.4,1723.0,791.3,109.7,20.00,88.48,1,1.000,2,0.995,1,POI-006,0
109.46,109.46,UAV-4,SCOUT,ACTIVE,TRANSIT,1394.5,2049.5,773.8,112.6,20.40,88.49,1,1.000,1,1.000,1,POI-005,0
109.46,109.46,UAV-5,SCOUT,ACTIVE,TRANSIT,1799.1,1682.4,788.3,111.0,22.00,89.42,1,1.000,2,0.000,1,POI-004,0
110.48,110.48,UAV-1,RELAY,ACTIVE,RELAY_HOLD,2177.5,1923.3,890.9,204.2,6.43,87.63,1,1.000,1,1.000,1,,0
110.48,110.48,UAV-2,SCOUT,ACTIVE,TRANSIT,1807.2,1717.0,785.8,108.9,21.87,87.71,1,1.000,2,0.090,1,POI-007,0
110.48,110.48,UAV-3,SCOUT,ACTIVE,TRANSIT,1972.2,1734.7,792.1,108.7,21.61,88.37,1,1.000,1,1.000,1,POI-006,0
110.48,110.48,UAV-4,SCOUT,ACTIVE,TRANSIT,1408.8,2034.5,773.9,112.5,20.31,88.36,1,1.000,1,1.000,1,POI-005,0
110.48,110.48,UAV-5,SCOUT,ACTIVE,TRANSIT,1819.0,1672.1,788.9,111.2,22.00,89.32,1,1.000,2,0.000,1,POI-004,0
111.50,111.50,UAV-1,RELAY,ACTIVE,RELAY_HOLD,2177.2,1924.6,895.3,208.8,5.75,87.48,1,1.000,1,1.000,1,,0
111.50,111.50,UAV-2,SCOUT,ACTIVE,TRANSIT,1828.7,1711.4,786.8,109.8,21.89,87.60,1,1.000,2,0.146,1,POI-007,0
111.50,111.50,UAV-3,SCOUT,ACTIVE,TRANSIT,1990.2,1747.6,792.9,108.6,21.80,88.27,1,1.000,1,1.000,1,POI-006,0
111.50,111.50,UAV-4,SCOUT,ACTIVE,TRANSIT,1422.8,2019.2,774.1,112.4,20.19,88.23,1,1.000,2,1.000,1,POI-005,0
111.50,111.50,UAV-5,SCOUT,ACTIVE,TRANSIT,1838.9,1661.8,789.5,110.5,22.00,89.21,1,1.000,2,0.000,1,POI-004,0
112.52,112.52,UAV-1,RELAY,ACTIVE,RELAY_HOLD,2174.1,1920.6,899.8,213.1,7.57,87.35,1,1.000,2,1.000,1,,0
112.52,112.52,UAV-2,SCOUT,ACTIVE,TRANSIT,1850.3,1705.7,787.7,110.3,21.92,87.49,1,1.000,3,0.127,1,POI-007,0
112.52,112.52,UAV-3,SCOUT,ACTIVE,TRANSIT,2008.2,1760.7,793.6,108.4,21.85,88.16,1,1.000,1,1.000,1,POI-006,0
112.52,112.52,UAV-4,SCOUT,ACTIVE,TRANSIT,1436.5,2003.8,774.4,111.3,20.37,88.11,1,1.000,1,1.000,1,POI-005,0
112.52,112.52,UAV-5,SCOUT,ACTIVE,TRANSIT,1857.5,1652.8,788.1,108.2,17.92,89.08,1,1.000,3,0.000,1,POI-004,0
113.54,113.54,UAV-1,RELAY,ACTIVE,RELAY_HOLD,2171.6,1912.4,902.5,215.6,10.28,87.23,1,1.000,1,1.000,1,,0
113.54,113.54,UAV-2,SCOUT,ACTIVE,TRANSIT,1872.0,1700.0,788.6,110.0,21.80,87.39,1,1.000,2,0.163,1,POI-007,0
113.54,113.54,UAV-3,SCOUT,ACTIVE,TRANSIT,2026.2,1773.9,794.4,108.3,21.88,88.06,1,1.000,1,1.000,1,POI-006,0
113.54,113.54,UAV-4,SCOUT,ACTIVE,TRANSIT,1451.1,1988.8,775.0,110.4,20.64,87.98,1,1.000,1,1.000,1,POI-005,0
113.54,113.54,UAV-5,SCOUT,ACTIVE,TRANSIT,1871.7,1647.4,780.6,100.3,16.20,88.95,1,1.000,2,0.000,1,POI-004,0
114.56,114.56,UAV-1,RELAY,ACTIVE,RELAY_HOLD,2170.1,1901.0,904.1,216.5,11.84,87.10,1,1.000,1,1.000,1,,0
114.56,114.56,UAV-2,SCOUT,ACTIVE,TRANSIT,1891.8,1698.2,789.5,110.3,18.68,87.26,1,1.000,2,0.256,1,POI-007,0
114.56,114.56,UAV-3,SCOUT,ACTIVE,TRANSIT,2044.1,1787.2,795.2,109.0,21.94,87.95,1,1.000,1,1.000,1,POI-006,0
114.56,114.56,UAV-4,SCOUT,ACTIVE,TRANSIT,1465.9,1973.9,775.6,111.0,20.59,87.85,1,1.000,1,1.000,1,POI-005,0
114.56,114.56,UAV-5,SCOUT,ACTIVE,TRANSIT,1882.6,1644.8,768.4,88.0,16.76,88.83,1,1.000,2,0.000,1,POI-004,0
115.58,115.58,UAV-1,RELAY,ACTIVE,RELAY_HOLD,2167.8,1889.3,903.8,215.4,11.46,86.97,1,1.000,1,1.000,1,,0
115.58,115.58,UAV-2,SCOUT,ACTIVE,TRANSIT,1910.5,1703.1,790.3,111.3,19.55,87.14,1,1.000,2,0.533,1,POI-007,0
115.58,115.58,UAV-3,SCOUT,ACTIVE,TRANSIT,2062.1,1800.6,795.9,110.0,21.94,87.85,1,1.000,1,1.000,1,POI-006,0
115.58,115.58,UAV-4,SCOUT,ACTIVE,TRANSIT,1480.6,1959.0,776.2,112.1,20.52,87.72,1,1.000,1,1.000,1,POI-005,0
115.58,115.58,UAV-5,SCOUT,ACTIVE,TRANSIT,1890.9,1644.3,752.9,72.6,17.69,88.71,1,1.000,2,0.000,1,POI-004,0
116.60,116.60,UAV-1,RELAY,ACTIVE,RELAY_HOLD,2164.2,1880.7,901.5,212.2,7.48,86.84,1,1.000,1,1.000,1,,0
116.60,116.60,UAV-2,SCOUT,ACTIVE,TRANSIT,1928.9,1712.7,791.1,111.9,21.36,87.02,1,1.000,2,0.787,1,POI-007,0
116.60,116.60,UAV-3,SCOUT,ACTIVE,TRANSIT,2080.0,1814.0,796.6,111.1,21.97,87.75,1,1.000,1,1.000,1,POI-006,0
116.60,116.60,UAV-4,SCOUT,ACTIVE,TRANSIT,1495.3,1944.1,776.8,113.5,20.56,87.60,1,1.000,1,1.000,1,POI-005,0
116.60,116.60,UAV-5,SCOUT,ACTIVE,SURVEY,1896.4,1645.3,736.2,56.0,15.31,88.59,1,1.000,2,0.000,1,POI-004,0
117.62,117.62,UAV-1,RELAY,ACTIVE,RELAY_HOLD,2159.8,1878.3,898.4,208.7,4.41,86.71,1,1.000,1,1.000,1,,0
117.62,117.62,UAV-2,SCOUT,ACTIVE,TRANSIT,1947.8,1724.3,791.8,110.7,21.84,86.91,1,1.000,2,0.885,1,POI-007,0
117.62,117.62,UAV-3,SCOUT,ACTIVE,TRANSIT,2097.9,1827.5,797.3,111.0,21.98,87.64,1,1.000,1,1.000,1,POI-006,0
117.62,117.62,UAV-4,SCOUT,ACTIVE,TRANSIT,1510.0,1929.1,777.4,113.8,20.56,87.47,1,1.000,1,1.000,1,POI-005,0
117.62,117.62,UAV-5,SCOUT,ACTIVE,SURVEY,1895.7,1646.9,724.2,43.9,9.85,88.46,1,1.000,2,0.000,1,POI-004,0
118.64,118.64,UAV-1,RELAY,ACTIVE,RELAY_HOLD,2159.6,1878.2,896.4,206.8,2.95,86.60,1,1.000,1,1.000,1,,0
118.64,118.64,UAV-2,SCOUT,ACTIVE,TRANSIT,1966.6,1736.2,792.6,109.3,21.87,86.81,1,1.000,2,1.000,1,POI-007,0
118.64,118.64,UAV-3,SCOUT,ACTIVE,TRANSIT,2115.8,1841.0,798.0,110.0,21.97,87.54,1,1.000,1,1.000,1,POI-006,0
118.64,118.64,UAV-4,SCOUT,ACTIVE,TRANSIT,1524.5,1914.0,778.0,112.9,20.56,87.34,1,1.000,1,1.000,1,POI-005,0
118.64,118.64,UAV-5,SCOUT,ACTIVE,TRANSIT,1892.7,1647.6,720.9,40.6,2.67,88.31,1,1.000,2,0.000,1,POI-008,0
119.66,119.66,UAV-1,RELAY,ACTIVE,RELAY_HOLD,2161.3,1878.7,894.7,205.2,2.37,86.49,1,1.000,1,1.000,1,,0
119.66,119.66,UAV-2,SCOUT,ACTIVE,TRANSIT,1985.4,1748.3,793.4,109.2,21.91,86.71,1,1.000,1,1.000,1,POI-007,0
119.66,119.66,UAV-3,SCOUT,ACTIVE,TRANSIT,2133.7,1854.5,798.6,109.1,21.98,87.43,1,1.000,1,1.000,1,POI-006,0
119.66,119.66,UAV-4,SCOUT,ACTIVE,TRANSIT,1539.1,1898.9,778.6,111.8,20.59,87.22,1,1.000,1,1.000,1,POI-005,0
119.66,119.66,UAV-5,SCOUT,ACTIVE,TRANSIT,1894.6,1647.9,729.3,49.0,13.35,88.16,1,1.000,2,0.000,1,POI-008,0
120.68,120.68,UAV-1,RELAY,KILLED,LANDED,2163.2,1882.5,892.9,203.7,7.37,86.44,0,1.000,1,0.000,1,,0
120.68,120.68,UAV-2,SCOUT,ACTIVE,TRANSIT,2004.1,1760.6,794.1,109.1,21.92,86.60,1,1.000,1,1.000,1,POI-007,0
120.68,120.68,UAV-3,SCOUT,ACTIVE,TRANSIT,2151.7,1867.8,799.3,109.1,21.98,87.33,1,1.000,1,1.000,1,POI-006,0
120.68,120.68,UAV-4,SCOUT,ACTIVE,TRANSIT,1553.5,1883.7,779.1,111.3,20.57,87.09,1,1.000,1,1.000,1,POI-005,0
120.68,120.68,UAV-5,RELAY,ACTIVE,RELAY_TRANSIT,1896.7,1648.4,742.4,62.1,9.18,88.02,1,1.000,2,0.000,1,,0
121.70,121.70,UAV-1,RELAY,KILLED,LANDED,2164.9,1885.7,882.5,193.7,13.97,86.44,0,1.000,1,0.000,1,,0
121.70,121.70,UAV-2,SCOUT,ACTIVE,TRANSIT,2022.7,1773.0,794.8,108.9,21.95,86.50,1,1.000,1,1.000,1,POI-007,0
121.70,121.70,UAV-3,SCOUT,ACTIVE,TRANSIT,2170.2,1880.5,800.1,111.0,22.00,87.22,1,1.000,1,1.000,1,POI-006,0
121.70,121.70,UAV-4,SCOUT,ACTIVE,TRANSIT,1567.9,1868.4,779.6,110.9,20.52,86.96,1,1.000,1,1.000,1,POI-005,0
121.70,121.70,UAV-5,RELAY,ACTIVE,RELAY_TRANSIT,1900.5,1650.2,747.4,67.1,6.78,87.88,1,1.000,2,0.000,1,,0
122.72,122.72,UAV-1,RELAY,KILLED,LANDED,2166.2,1888.2,865.5,177.0,19.55,86.44,0,1.000,1,0.000,1,,0
122.72,122.72,UAV-2,SCOUT,ACTIVE,TRANSIT,2041.3,1785.5,795.5,109.4,21.96,86.39,1,1.000,1,1.000,1,POI-007,0
122.72,122.72,UAV-3,SCOUT,ACTIVE,TRANSIT,2188.7,1893.1,800.8,112.9,22.00,87.12,1,1.000,2,0.807,1,POI-006,0
122.72,122.72,UAV-4,SCOUT,ACTIVE,TRANSIT,1582.1,1853.1,780.2,110.8,20.46,86.83,1,1.000,1,1.000,1,POI-005,0
122.72,122.72,UAV-5,RELAY,ACTIVE,RELAY_TRANSIT,1908.4,1655.9,749.7,69.3,12.74,87.74,1,1.000,2,0.000,1,,0
123.74,123.74,UAV-1,RELAY,KILLED,LANDED,2167.3,1890.1,843.3,154.9,23.95,86.44,0,1.000,1,0.000,1,,0
123.74,123.74,UAV-2,SCOUT,ACTIVE,TRANSIT,2059.8,1798.0,796.2,110.2,21.97,86.29,1,1.000,1,1.000,1,POI-007,0
123.74,123.74,UAV-3,SCOUT,ACTIVE,TRANSIT,2207.2,1905.8,801.6,113.3,22.00,87.01,1,1.000,2,0.017,1,POI-006,0
123.74,123.74,UAV-4,SCOUT,ACTIVE,TRANSIT,1596.2,1837.8,780.7,110.8,20.38,86.71,1,1.000,1,1.000,1,POI-005,0
123.74,123.74,UAV-5,RELAY,ACTIVE,RELAY_TRANSIT,1920.6,1665.6,751.9,71.5,17.75,87.60,1,1.000,2,0.000,1,,0
124.76,124.76,UAV-1,RELAY,KILLED,LANDED,2168.1,1891.6,817.1,128.9,27.38,86.44,0,1.000,1,0.000,1,,0
124.76,124.76,UAV-2,SCOUT,ACTIVE,TRANSIT,2078.3,1810.6,796.8,111.2,21.98,86.18,1,1.000,1,1.000,1,POI-007,0
124.76,124.76,UAV-3,SCOUT,ACTIVE,TRANSIT,2225.7,1918.4,802.4,113.7,22.00,86.91,1,1.000,2,0.000,1,POI-006,0
124.76,124.76,UAV-4,SCOUT,ACTIVE,TRANSIT,1610.1,1822.4,781.1,110.5,20.32,86.58,1,1.000,2,1.000,1,POI-005,0
124.76,124.76,UAV-5,RELAY,ACTIVE,RELAY_TRANSIT,1935.7,1678.3,754.0,73.8,20.77,87.47,1,1.000,2,0.004,1,,0
125.78,125.78,UAV-1,RELAY,KILLED,LANDED,2168.7,1892.7,787.7,99.6,30.04,86.44,0,1.000,1,0.000,1,,0
125.78,125.78,UAV-2,SCOUT,ACTIVE,TRANSIT,2096.8,1823.3,797.5,111.3,21.99,86.08,1,1.000,1,1.000,1,POI-007,0
125.78,125.78,UAV-3,SCOUT,ACTIVE,TRANSIT,2244.2,1931.1,803.1,113.9,22.00,86.80,1,1.000,2,0.000,1,POI-006,0
125.78,125.78,UAV-4,SCOUT,ACTIVE,TRANSIT,1623.9,1807.0,781.6,110.1,20.20,86.45,1,1.000,2,0.898,1,POI-005,0
125.78,125.78,UAV-5,RELAY,ACTIVE,RELAY_TRANSIT,1952.1,1692.7,756.2,75.4,22.00,87.36,1,1.000,2,0.035,1,,0
126.80,126.80,UAV-1,RELAY,KILLED,LANDED,2169.2,1893.6,756.0,67.9,32.11,86.44,0,1.000,1,0.000,1,,0
126.80,126.80,UAV-2,SCOUT,ACTIVE,TRANSIT,2114.9,1836.6,798.1,110.4,21.97,85.97,1,1.000,1,1.000,1,POI-007,0
126.80,126.80,UAV-3,SCOUT,ACTIVE,TRANSIT,2262.7,1943.8,803.9,112.9,22.00,86.70,1,1.000,2,0.000,1,POI-006,0
126.80,126.80,UAV-4,SCOUT,ACTIVE,TRANSIT,1637.3,1791.4,782.0,109.7,20.09,86.33,1,1.000,2,0.745,1,POI-005,0
126.80,126.80,UAV-5,RELAY,ACTIVE,RELAY_TRANSIT,1968.7,1707.7,758.5,76.5,22.00,87.25,1,1.000,2,0.457,1,,0
127.82,127.82,UAV-1,RELAY,KILLED,LANDED,2169.5,1894.3,722.4,34.4,33.72,86.44,0,1.000,1,0.000,1,,0
127.82,127.82,UAV-2,SCOUT,ACTIVE,TRANSIT,2132.8,1850.0,798.8,109.4,21.96,85.87,1,1.000,1,1.000,1,POI-007,0
127.82,127.82,UAV-3,SCOUT,ACTIVE,TRANSIT,2281.3,1956.4,804.6,112.5,21.98,86.59,1,1.000,2,0.000,1,POI-006,0
127.82,127.82,UAV-4,SCOUT,ACTIVE,TRANSIT,1650.2,1775.7,782.4,109.5,19.88,86.20,1,1.000,2,0.436,1,POI-005,0
127.82,127.82,UAV-5,RELAY,ACTIVE,RELAY_TRANSIT,1985.1,1722.8,760.7,77.3,22.00,87.15,1,1.000,2,0.804,1,,0
128.82,128.82,UAV-1,RELAY,KILLED,LANDED,2169.8,1894.8,688.3,0.3,0.00,86.44,0,1.000,1,0.000,1,,0
128.82,128.82,UAV-2,SCOUT,ACTIVE,TRANSIT,2150.3,1863.2,799.5,109.2,21.96,85.77,1,1.000,1,1.000,1,POI-007,0
128.82,128.82,UAV-3,SCOUT,ACTIVE,TRANSIT,2299.4,1968.8,805.3,112.6,21.98,86.49,1,1.000,2,0.000,1,POI-006,0
128.82,128.82,UAV-4,SCOUT,ACTIVE,TRANSIT,1663.2,1762.7,783.1,110.4,17.08,86.07,1,1.000,2,0.248,1,POI-005,0
128.82,128.82,UAV-5,RELAY,ACTIVE,RELAY_TRANSIT,2001.1,1737.8,762.8,78.3,22.00,87.04,1,1.000,2,0.935,1,,0
129.82,129.82,UAV-1,RELAY,KILLED,LANDED,2169.8,1894.8,688.3,0.3,0.00,86.44,0,1.000,1,0.000,1,,0
129.82,129.82,UAV-2,SCOUT,ACTIVE,TRANSIT,2167.9,1876.4,800.1,110.6,21.99,85.66,1,1.000,1,1.000,1,POI-007,0
129.82,129.82,UAV-3,SCOUT,ACTIVE,TRANSIT,2317.5,1981.2,805.9,112.3,22.00,86.39,1,1.000,2,0.000,1,POI-006,0
129.82,129.82,UAV-4,SCOUT,ACTIVE,TRANSIT,1679.6,1755.3,783.7,111.4,19.30,85.95,1,1.000,2,0.258,1,POI-005,0
129.82,129.82,UAV-5,RELAY,ACTIVE,RELAY_TRANSIT,2017.1,1752.7,765.1,79.3,21.89,86.92,1,1.000,1,1.000,1,,0
130.82,130.82,UAV-1,RELAY,KILLED,LANDED,2169.8,1894.8,688.3,0.3,0.00,86.44,0,1.000,1,0.000,1,,0
130.82,130.82,UAV-2,SCOUT,ACTIVE,TRANSIT,2185.4,1889.7,800.7,112.7,22.00,85.56,1,1.000,2,0.995,1,POI-007,0
130.82,130.82,UAV-3,SCOUT,ACTIVE,TRANSIT,2335.7,1993.6,806.6,111.7,22.00,86.29,1,1.000,3,0.000,1,POI-006,0
130.82,130.82,UAV-4,SCOUT,ACTIVE,TRANSIT,1699.0,1749.0,784.4,111.6,21.24,85.83,1,1.000,3,0.205,1,POI-005,0
130.82,130.82,UAV-5,RELAY,ACTIVE,RELAY_HOLD,2032.4,1766.3,772.7,86.0,21.94,86.79,1,1.000,1,1.000,1,,0
131.82,131.82,UAV-1,RELAY,KILLED,LANDED,2169.8,1894.8,688.3,0.3,0.00,86.44,0,1.000,1,0.000,1,,0
131.82,131.82,UAV-2,SCOUT,ACTIVE,TRANSIT,2203.0,1902.9,801.4,113.2,22.00,85.46,1,1.000,2,0.358,1,POI-007,0
131.82,131.82,UAV-3,SCOUT,ACTIVE,TRANSIT,2353.8,2006.1,807.1,110.6,22.00,86.19,1,1.000,3,0.000,1,POI-006,0
131.82,131.82,UAV-4,SCOUT,ACTIVE,TRANSIT,1719.7,1742.6,785.0,111.6,21.95,85.73,1,1.000,3,0.261,1,POI-005,0
131.82,131.82,UAV-5,RELAY,ACTIVE,RELAY_HOLD,2046.5,1778.7,784.0,97.4,21.94,86.66,1,1.000,1,1.000,1,,0
132.82,132.82,UAV-1,RELAY,KILLED,LANDED,2169.8,1894.8,688.3,0.3,0.00,86.44,0,1.000,1,0.000,1,,0
132.82,132.82,UAV-2,SCOUT,ACTIVE,TRANSIT,2220.5,1916.1,802.0,113.4,22.00,85.36,1,1.000,2,0.000,1,POI-007,0
132.82,132.82,UAV-3,SCOUT,ACTIVE,TRANSIT,2372.0,2017.5,807.6,110.3,20.47,86.06,1,1.000,3,0.000,1,POI-006,0
132.82,132.82,UAV-4,SCOUT,ACTIVE,TRANSIT,1740.7,1736.0,785.6,112.2,21.98,85.62,1,1.000,3,0.210,1,POI-005,0
132.82,132.82,UAV-5,RELAY,ACTIVE,RELAY_HOLD,2060.5,1790.7,795.9,109.6,21.97,86.55,1,1.000,1,1.000,1,,0
133.82,133.82,UAV-1,RELAY,KILLED,LANDED,2169.8,1894.8,688.3,0.3,0.00,86.44,0,1.000,1,0.000,1,,0
133.82,133.82,UAV-2,SCOUT,ACTIVE,TRANSIT,2238.1,1929.4,802.6,113.6,22.00,85.25,1,1.000,2,0.000,1,POI-007,0
133.82,133.82,UAV-3,SCOUT,ACTIVE,TRANSIT,2391.4,2023.8,807.8,109.7,21.06,85.94,1,1.000,3,0.000,1,POI-006,0
133.82,133.82,UAV-4,SCOUT,ACTIVE,TRANSIT,1761.6,1729.4,786.3,112.2,21.98,85.52,1,1.000,3,0.175,1,POI-005,0
133.82,133.82,UAV-5,RELAY,ACTIVE,RELAY_HOLD,2074.6,1802.7,807.7,121.8,22.00,86.43,1,1.000,1,1.000,1,,0
134.82,134.82,UAV-1,RELAY,KILLED,LANDED,2169.8,1894.8,688.3,0.3,0.00,86.44,0,1.000,1,0.000,1,,0
134.82,134.82,UAV-2,SCOUT,ACTIVE,TRANSIT,2255.7,1942.6,803.2,112.7,22.00,85.15,1,1.000,2,0.000,1,POI-007,0
134.82,134.82,UAV-3,SCOUT,ACTIVE,TRANSIT,2412.7,2028.2,808.0,109.0,21.97,85.84,1,1.000,3,0.000,1,POI-006,0
134.82,134.82,UAV-4,SCOUT,ACTIVE,TRANSIT,1782.6,1722.9,786.9,111.1,21.96,85.42,1,1.000,3,0.078,1,POI-005,0
134.82,134.82,UAV-5,RELAY,ACTIVE,RELAY_HOLD,2088.8,1814.9,819.4,133.5,22.00,86.31,1,1.000,1,1.000,1,,0
135.82,135.82,UAV-1,RELAY,KILLED,LANDED,2169.8,1894.8,688.3,0.3,0.00,86.44,0,1.000,1,0.000,1,,0
135.82,135.82,UAV-2,SCOUT,ACTIVE,TRANSIT,2273.2,1955.8,803.7,111.8,22.00,85.05,1,1.000,2,0.000,1,POI-007,0
135.82,135.82,UAV-3,SCOUT,ACTIVE,TRANSIT,2434.3,2032.4,808.2,109.3,22.00,85.74,1,1.000,3,0.000,1,POI-006,0
135.82,135.82,UAV-4,SCOUT,ACTIVE,TRANSIT,1803.6,1716.3,787.5,110.6,21.98,85.31,1,1.000,3,0.227,1,POI-005,0
135.82,135.82,UAV-5,RELAY,ACTIVE,RELAY_HOLD,2103.0,1827.2,830.9,144.3,22.00,86.19,1,1.000,1,1.000,1,,0
136.82,136.82,UAV-1,RELAY,KILLED,LANDED,2169.8,1894.8,688.3,0.3,0.00,86.44,0,1.000,1,0.000,1,,0
136.82,136.82,UAV-2,SCOUT,ACTIVE,TRANSIT,2290.8,1969.1,804.3,111.9,22.00,84.95,1,1.000,2,0.000,1,POI-007,0
136.82,136.82,UAV-3,SCOUT,ACTIVE,TRANSIT,2455.9,2036.6,808.4,109.9,22.00,85.64,1,1.000,3,0.000,1,POI-006,0
136.82,136.82,UAV-4,SCOUT,ACTIVE,TRANSIT,1824.5,1709.7,788.1,111.1,21.99,85.21,1,1.000,3,0.156,1,POI-005,0
136.82,136.82,UAV-5,RELAY,ACTIVE,RELAY_HOLD,2116.2,1840.3,842.4,154.4,21.94,86.07,1,1.000,1,1.000,1,,0
137.82,137.82,UAV-1,RELAY,KILLED,LANDED,2169.8,1894.8,688.3,0.3,0.00,86.44,0,1.000,1,0.000,1,,0
137.82,137.82,UAV-2,SCOUT,ACTIVE,TRANSIT,2308.3,1982.3,804.8,111.7,21.99,84.84,1,1.000,2,0.000,1,POI-007,0
137.82,137.82,UAV-3,SCOUT,ACTIVE,TRANSIT,2477.5,2040.8,808.6,110.3,22.00,85.54,1,1.000,3,0.000,1,POI-006,0
137.82,137.82,UAV-4,SCOUT,ACTIVE,TRANSIT,1845.5,1703.2,788.6,111.3,21.99,85.11,1,1.000,3,0.045,1,POI-005,0
137.82,137.82,UAV-5,RELAY,ACTIVE,RELAY_HOLD,2128.5,1854.5,853.8,164.7,21.96,85.95,1,1.000,1,1.000,1,,0
138.82,138.82,UAV-1,RELAY,KILLED,LANDED,2169.8,1894.8,688.3,0.3,0.00,86.44,0,1.000,1,0.000,1,,0
138.82,138.82,UAV-2,SCOUT,ACTIVE,TRANSIT,2326.0,1994.4,805.3,111.0,20.41,84.72,1,1.000,2,0.000,1,POI-007,0
138.82,138.82,UAV-3,SCOUT,ACTIVE,TRANSIT,2499.1,2045.1,808.8,110.6,21.99,85.43,1,1.000,3,0.000,1,POI-006,0
138.82,138.82,UAV-4,SCOUT,ACTIVE,TRANSIT,1866.3,1696.8,789.2,110.7,20.64,85.00,1,1.000,3,0.196,1,POI-005,0
138.82,138.82,UAV-5,RELAY,ACTIVE,RELAY_HOLD,2140.8,1868.9,864.4,174.7,19.90,85.84,1,1.000,1,1.000,1,,0
139.82,139.82,UAV-1,RELAY,KILLED,LANDED,2169.8,1894.8,688.3,0.3,0.00,86.44,0,1.000,1,0.000,1,,0
139.82,139.82,UAV-2,SCOUT,ACTIVE,TRANSIT,2345.4,2001.8,805.6,109.7,21.45,84.61,1,1.000,2,0.000,1,POI-007,0
139.82,139.82,UAV-3,SCOUT,ACTIVE,TRANSIT,2520.6,2049.3,809.0,110.7,21.99,85.33,1,1.000,3,0.000,1,POI-006,0
139.82,139.82,UAV-4,SCOUT,ACTIVE,TRANSIT,1885.4,1695.9,789.9,110.7,18.78,84.87,1,1.000,3,0.290,1,POI-005,0
139.82,139.82,UAV-5,RELAY,ACTIVE,RELAY_HOLD,2151.3,1880.5,868.3,178.7,13.93,85.72,1,1.000,1,1.000,1,,0
140.82,140.82,UAV-1,RELAY,KILLED,LANDED,2169.8,1894.8,688.3,0.3,0.00,86.44,0,1.000,1,0.000,1,,0
140.82,140.82,UAV-2,SCOUT,ACTIVE,TRANSIT,2366.3,2008.0,805.9,108.9,22.00,84.51,1,1.000,2,0.000,1,POI-007,0
140.82,140.82,UAV-3,SCOUT,ACTIVE,TRANSIT,2542.2,2053.6,809.2,110.7,22.00,85.23,1,1.000,3,0.000,1,POI-006,0
140.82,140.82,UAV-4,SCOUT,ACTIVE,TRANSIT,1903.9,1701.2,790.6,111.5,19.87,84.75,1,1.000,3,0.326,1,POI-005,0
140.82,140.82,UAV-5,RELAY,ACTIVE,RELAY_HOLD,2160.1,1889.3,864.8,176.1,12.84,85.59,1,1.000,1,1.000,1,,0
141.82,141.82,UAV-1,RELAY,KILLED,LANDED,2169.8,1894.8,688.3,0.3,0.00,86.44,0,1.000,1,0.000,1,,0
141.82,141.82,UAV-2,SCOUT,ACTIVE,TRANSIT,2387.5,2014.2,806.2,108.6,22.00,84.40,1,1.000,2,0.000,1,POI-007,0
141.82,141.82,UAV-3,SCOUT,ACTIVE,TRANSIT,2563.8,2057.8,809.4,110.9,22.00,85.13,1,1.000,3,0.000,1,POI-006,0
141.82,141.82,UAV-4,SCOUT,ACTIVE,TRANSIT,1922.3,1710.7,791.2,112.2,21.54,84.64,1,1.000,3,0.528,1,POI-005,0
141.82,141.82,UAV-5,RELAY,ACTIVE,RELAY_HOLD,2167.3,1895.6,855.4,167.4,14.50,85.46,1,1.000,1,1.000,1,,0
142.82,142.82,UAV-1,RELAY,KILLED,LANDED,2169.8,1894.8,688.3,0.3,0.00,86.44,0,1.000,1,0.000,1,,0
142.82,142.82,UAV-2,SCOUT,ACTIVE,TRANSIT,2408.6,2020.4,806.5,108.0,22.00,84.30,1,1.000,2,0.000,1,POI-007,0
142.82,142.82,UAV-3,SCOUT,ACTIVE,TRANSIT,2585.1,2061.8,809.7,110.7,20.19,85.02,1,1.000,3,0.000,1,POI-006,0
142.82,142.82,UAV-4,SCOUT,ACTIVE,TRANSIT,1941.1,1721.7,791.9,111.5,21.85,84.53,1,1.000,3,0.912,1,POI-005,0
142.82,142.82,UAV-5,RELAY,ACTIVE,RELAY_HOLD,2171.1,1897.8,845.3,157.5,7.32,85.31,1,1.000,1,1.000,1,,0
143.82,143.82,UAV-1,RELAY,KILLED,LANDED,2169.8,1894.8,688.3,0.3,0.00,86.44,0,1.000,1,0.000,1,,0
143.82,143.82,UAV-2,SCOUT,ACTIVE,TRANSIT,2429.7,2026.6,806.9,108.1,22.00,84.20,1,1.000,2,0.000,1,POI-007,0
143.82,143.82,UAV-3,SCOUT,ACTIVE,TRANSIT,2603.5,2060.9,810.4,110.8,17.75,84.90,1,1.000,3,0.000,1,POI-006,0
143.82,143.82,UAV-4,SCOUT,ACTIVE,TRANSIT,1959.8,1733.0,792.5,109.8,21.88,84.43,1,1.000,3,0.918,1,POI-005,0
143.82,143.82,UAV-5,RELAY,ACTIVE,RELAY_HOLD,2169.8,1894.3,840.2,152.2,4.61,85.17,1,1.000,1,1.000,1,,0
144.82,144.82,UAV-1,RELAY,KILLED,LANDED,2169.8,1894.8,688.3,0.3,0.00,86.44,0,1.000,1,0.000,1,,0
144.82,144.82,UAV-2,SCOUT,ACTIVE,TRANSIT,2450.8,2032.8,807.2,108.6,22.00,84.10,1,1.000,2,0.000,1,POI-007,0
144.82,144.82,UAV-3,SCOUT,ACTIVE,TRANSIT,2620.1,2054.6,811.0,111.0,18.03,84.78,1,1.000,3,0.000,1,POI-006,0
144.82,144.82,UAV-4,SCOUT,ACTIVE,TRANSIT,1978.3,1744.6,793.1,109.2,21.93,84.33,1,1.000,1,1.000,1,POI-005,0
144.82,144.82,UAV-5,RELAY,ACTIVE,RELAY_HOLD,2169.3,1890.8,843.8,155.5,10.23,85.02,1,1.000,1,1.000,1,,0
145.82,145.82,UAV-1,RELAY,KILLED,LANDED,2169.8,1894.8,688.3,0.3,0.00,86.44,0,1.000,1,0.000,1,,0
145.82,145.82,UAV-2,SCOUT,ACTIVE,TRANSIT,2471.9,2039.0,807.5,109.1,22.00,84.00,1,1.000,2,0.000,1,POI-007,0
145.82,145.82,UAV-3,SCOUT,ACTIVE,TRANSIT,2635.4,2044.4,811.5,111.3,18.77,84.66,1,1.000,3,0.000,1,POI-006,0
145.82,145.82,UAV-4,SCOUT,ACTIVE,TRANSIT,1996.9,1756.4,793.7,109.1,21.95,84.23,1,1.000,1,1.000,1,POI-005,0
145.82,145.82,UAV-5,RELAY,ACTIVE,RELAY_HOLD,2171.1,1883.2,854.5,165.7,12.35,84.87,1,1.000,1,1.000,1,,0
146.82,146.82,UAV-1,RELAY,KILLED,LANDED,2169.8,1894.8,688.3,0.3,0.00,86.44,0,1.000,1,0.000,1,,0
146.82,146.82,UAV-2,SCOUT,ACTIVE,TRANSIT,2493.0,2045.3,807.8,109.5,22.00,83.90,1,1.000,2,0.000,1,POI-007,0
146.82,146.82,UAV-3,SCOUT,ACTIVE,TRANSIT,2649.6,2031.8,811.9,111.2,19.22,84.53,1,1.000,3,0.000,1,POI-006,0
146.82,146.82,UAV-4,SCOUT,ACTIVE,TRANSIT,2015.3,1768.2,794.3,108.6,21.94,84.12,1,1.000,1,1.000,1,POI-005,0
146.82,146.82,UAV-5,RELAY,ACTIVE,RELAY_HOLD,2176.4,1878.0,859.4,170.3,7.27,84.75,1,1.000,1,1.000,1,,0
147.82,147.82,UAV-1,RELAY,KILLED,LANDED,2169.8,1894.8,688.3,0.3,0.00,86.44,0,1.000,1,0.000,1,,0
147.82,147.82,UAV-2,SCOUT,ACTIVE,TRANSIT,2514.0,2051.5,808.0,109.7,22.00,83.79,1,1.000,2,0.000,1,POI-007,0
147.82,147.82,UAV-3,SCOUT,ACTIVE,TRANSIT,2662.2,2019.5,810.3,108.9,15.63,84.41,1,1.000,3,0.000,1,POI-006,0
147.82,147.82,UAV-4,SCOUT,ACTIVE,TRANSIT,2033.7,1780.1,794.9,108.8,21.95,84.02,1,1.000,1,1.000,1,POI-005,0
147.82,147.82,UAV-5,RELAY,ACTIVE,RELAY_HOLD,2182.9,1874.9,856.7,167.6,9.25,84.62,1,1.000,1,1.000,1,,0
148.82,148.82,UAV-1,RELAY,KILLED,LANDED,2169.8,1894.8,688.3,0.3,0.00,86.44,0,1.000,1,0.000,1,,0
148.82,148.82,UAV-2,SCOUT,ACTIVE,TRANSIT,2535.2,2057.7,808.4,109.9,21.87,83.68,1,1.000,2,0.000,1,POI-007,0
148.82,148.82,UAV-3,SCOUT,ACTIVE,TRANSIT,2672.1,2011.6,802.9,100.3,14.58,84.28,1,1.000,3,0.000,1,POI-006,0
148.82,148.82,UAV-4,SCOUT,ACTIVE,TRANSIT,2052.1,1792.1,795.5,109.4,21.97,83.92,1,1.000,1,1.000,1,POI-005,0
148.82,148.82,UAV-5,RELAY,ACTIVE,RELAY_HOLD,2188.5,1874.1,848.6,159.7,7.56,84.49,1,1.000,1,1.000,1,,0
149.82,149.82,UAV-1,RELAY,KILLED,LANDED,2169.8,1894.8,688.3,0.3,0.00,86.44,0,1.000,1,0.000,1,,0
149.82,149.82,UAV-2,SCOUT,ACTIVE,TRANSIT,2556.6,2060.5,809.7,111.3,21.92,83.57,1,1.000,2,0.000,1,POI-007,0
149.82,149.82,UAV-3,SCOUT,ACTIVE,TRANSIT,2679.8,2007.0,790.9,87.0,15.75,84.15,1,1.000,3,0.000,1,POI-006,0
149.82,149.82,UAV-4,SCOUT,ACTIVE,TRANSIT,2070.5,1804.2,796.0,110.2,21.99,83.82,1,1.000,1,1.000,1,POI-005,0
149.82,149.82,UAV-5,RELAY,ACTIVE,RELAY_HOLD,2187.2,1876.5,846.7,157.9,5.64,84.34,1,1.000,1,1.000,1,,0
150.82,150.82,UAV-1,RELAY,KILLED,LANDED,2169.8,1894.8,688.3,0.3,0.00,86.44,0,1.000,1,0.000,1,,0
150.82,150.82,UAV-2,SCOUT,ACTIVE,TRANSIT,2578.5,2061.9,811.1,112.2,21.98,83.47,1,1.000,2,0.000,1,POI-007,0
150.82,150.82,UAV-3,SCOUT,ACTIVE,TRANSIT,2685.8,2005.0,775.7,70.9,17.10,84.02,1,1.000,3,0.000,1,POI-006,0
150.82,150.82,UAV-4,SCOUT,ACTIVE,TRANSIT,2088.6,1816.4,796.5,110.7,20.93,83.71,1,1.000,1,1.000,1,POI-005,0
150.82,150.82,UAV-5,RELAY,ACTIVE,RELAY_HOLD,2182.1,1875.7,848.2,159.2,4.06,84.20,1,1.000,1,1.000,1,,0
151.82,151.82,UAV-1,RELAY,KILLED,LANDED,2169.8,1894.8,688.3,0.3,0.00,86.44,0,1.000,1,0.000,1,,0
151.82,151.82,UAV-2,SCOUT,ACTIVE,TRANSIT,2600.4,2063.2,812.5,113.0,21.99,83.37,1,1.000,2,0.000,1,POI-007,0
151.82,151.82,UAV-3,SCOUT,ACTIVE,SURVEY,2690.4,2005.0,758.9,53.5,17.05,83.91,1,1.000,3,0.000,1,POI-006,0
151.82,151.82,UAV-4,SCOUT,ACTIVE,TRANSIT,2103.1,1830.2,797.1,110.4,20.16,83.59,1,1.000,1,1.000,1,POI-005,0
151.82,151.82,UAV-5,RELAY,ACTIVE,RELAY_HOLD,2180.2,1876.7,843.5,154.5,6.37,84.07,1,1.000,1,1.000,1,,0
152.82,152.82,UAV-1,RELAY,KILLED,LANDED,2169.8,1894.8,688.3,0.3,0.00,86.44,0,1.000,1,0.000,1,,0
152.82,152.82,UAV-2,SCOUT,ACTIVE,TRANSIT,2622.3,2064.6,813.8,113.9,22.00,83.27,1,1.000,2,0.000,1,POI-007,0
152.82,152.82,UAV-3,SCOUT,ACTIVE,SURVEY,2690.8,2006.7,745.0,39.7,11.20,83.78,1,1.000,3,0.000,1,POI-006,0
152.82,152.82,UAV-4,SCOUT,ACTIVE,TRANSIT,2116.0,1846.4,797.5,109.3,21.33,83.47,1,1.000,1,1.000,1,POI-005,0
152.82,152.82,UAV-5,RELAY,ACTIVE,RELAY_HOLD,2182.9,1883.1,840.0,151.5,9.99,83.93,1,1.000,1,1.000,1,,0
153.82,153.82,UAV-1,RELAY,KILLED,LANDED,2169.8,1894.8,688.3,0.3,0.00,86.44,0,1.000,1,0.000,1,,0
153.82,153.82,UAV-2,SCOUT,ACTIVE,TRANSIT,2644.2,2066.0,815.1,114.9,21.98,83.16,1,1.000,2,0.000,1,POI-007,0
153.82,153.82,UAV-3,SCOUT,ACTIVE,TRANSIT,2689.2,2007.8,740.5,35.4,1.96,83.63,1,1.000,3,0.000,1,POI-008,0
153.82,153.82,UAV-4,SCOUT,ACTIVE,TRANSIT,2129.0,1863.7,797.8,108.7,21.57,83.37,1,1.000,1,1.000,1,POI-005,0
153.82,153.82,UAV-5,RELAY,ACTIVE,RELAY_HOLD,2184.8,1891.6,834.9,146.9,8.76,83.80,1,1.000,1,1.000,1,,0
154.82,154.82,UAV-1,RELAY,KILLED,LANDED,2169.8,1894.8,688.3,0.3,0.00,86.44,0,1.000,1,0.000,1,,0
154.82,154.82,UAV-2,SCOUT,ACTIVE,TRANSIT,2666.1,2067.4,816.4,114.7,21.98,83.06,1,1.000,2,0.000,1,POI-007,0
154.82,154.82,UAV-3,SCOUT,ACTIVE,TRANSIT,2690.6,2008.3,747.8,42.6,12.42,83.48,1,1.000,3,0.000,1,POI-008,0
154.82,154.82,UAV-4,SCOUT,ACTIVE,TRANSIT,2142.1,1881.1,798.1,108.7,21.89,83.26,1,1.000,1,1.000,1,POI-005,0
154.82,154.82,UAV-5,RELAY,ACTIVE,RELAY_HOLD,2182.0,1895.7,832.4,144.6,6.65,83.65,1,1.000,1,1.000,1,,0
155.82,155.82,UAV-1,RELAY,KILLED,LANDED,2169.8,1894.8,688.3,0.3,0.00,86.44,0,1.000,1,0.000,1,,0
155.82,155.82,UAV-2,SCOUT,ACTIVE,TRANSIT,2688.0,2068.8,817.6,113.3,21.97,82.96,1,1.000,2,0.000,1,POI-007,0
155.82,155.82,UAV-3,SCOUT,ACTIVE,TRANSIT,2691.6,2008.4,763.9,58.6,18.94,83.33,1,1.000,3,0.000,1,POI-008,0
155.82,155.82,UAV-4,SCOUT,ACTIVE,TRANSIT,2155.3,1898.6,798.6,110.5,21.90,83.16,1,1.000,3,0.994,1,POI-005,0
155.82,155.82,UAV-5,RELAY,ACTIVE,RELAY_HOLD,2174.6,1892.4,838.2,150.2,13.84,83.50,1,1.000,1,1.000,1,,0
156.82,156.82,UAV-1,RELAY,KILLED,LANDED,2169.8,1894.8,688.3,0.3,0.00,86.44,0,1.000,1,0.000,1,,0
156.82,156.82,UAV-2,SCOUT,ACTIVE,TRANSIT,2709.9,2070.2,818.8,111.9,21.99,82.86,1,1.000,2,0.000,1,POI-007,0
156.82,156.82,UAV-3,SCOUT,ACTIVE,TRANSIT,2692.1,2008.2,783.9,78.5,20.54,83.19,1,1.000,3,0.000,1,POI-008,0
156.82,156.82,UAV-4,SCOUT,ACTIVE,TRANSIT,2168.4,1916.1,799.1,112.4,21.91,83.05,1,1.000,3,0.050,1,POI-005,0
156.82,156.82,UAV-5,RELAY,ACTIVE,RELAY_HOLD,2165.4,1885.0,849.5,160.6,18.27,83.35,1,1.000,1,1.000,1,,0
157.82,157.82,UAV-1,RELAY,KILLED,LANDED,2169.8,1894.8,688.3,0.3,0.00,86.44,0,1.000,1,0.000,1,,0
157.82,157.82,UAV-2,SCOUT,ACTIVE,TRANSIT,2731.8,2071.6,819.9,111.0,22.00,82.75,1,1.000,2,0.000,1,POI-007,0
157.82,157.82,UAV-3,SCOUT,ACTIVE,TRANSIT,2693.0,2008.3,799.9,94.4,10.58,83.06,1,1.000,3,0.000,1,POI-008,0
157.82,157.82,UAV-4,SCOUT,ACTIVE,TRANSIT,2181.6,1933.6,799.6,113.0,21.91,82.95,1,1.000,3,0.000,1,POI-005,0
157.82,157.82,UAV-5,RELAY,ACTIVE,RELAY_HOLD,2154.3,1878.6,862.6,173.0,17.84,83.21,1,1.000,1,1.000,1,,0
158.82,158.82,UAV-1,RELAY,KILLED,LANDED,2169.8,1894.8,688.3,0.3,0.00,86.44,0,1.000,1,0.000,1,,0
158.82,158.82,UAV-2,SCOUT,ACTIVE,TRANSIT,2753.7,2073.0,820.9,110.3,21.42,82.65,1,1.000,2,0.000,1,POI-007,0
158.82,158.82,UAV-3,SCOUT,ACTIVE,TRANSIT,2696.0,2009.8,805.9,100.1,5.78,82.93,1,1.000,3,0.000,1,POI-008,0
158.82,158.82,UAV-4,SCOUT,ACTIVE,TRANSIT,2194.8,1951.2,800.1,112.5,21.95,82.85,1,1.000,3,0.000,1,POI-005,0
158.82,158.82,UAV-5,RELAY,ACTIVE,RELAY_HOLD,2150.6,1870.5,874.6,184.5,10.49,83.08,1,1.000,1,1.000,1,,0
159.82,159.82,UAV-1,RELAY,KILLED,LANDED,2169.8,1894.8,688.3,0.3,0.00,86.44,0,1.000,1,0.000,1,,0
159.82,159.82,UAV-2,SCOUT,ACTIVE,TRANSIT,2773.7,2077.9,821.8,109.9,20.67,82.53,1,1.000,2,0.000,1,POI-007,0
159.82,159.82,UAV-3,SCOUT,ACTIVE,TRANSIT,2702.5,2014.4,808.2,102.0,11.17,82.79,1,1.000,3,0.000,1,POI-008,0
159.82,159.82,UAV-4,SCOUT,ACTIVE,TRANSIT,2207.9,1968.7,800.5,111.2,21.92,82.74,1,1.000,3,0.000,1,POI-005,0
159.82,159.82,UAV-5,RELAY,ACTIVE,RELAY_HOLD,2151.2,1864.8,877.8,187.5,4.75,82.95,1,1.000,1,1.000,1,,0
160.82,160.82,UAV-1,RELAY,KILLED,LANDED,2169.8,1894.8,688.3,0.3,0.00,86.44,0,1.000,1,0.000,1,,0
160.82,160.82,UAV-2,SCOUT,ACTIVE,TRANSIT,2793.2,2086.7,822.4,109.8,21.94,82.42,1,1.000,2,0.000,1,POI-007,0
160.82,160.82,UAV-3,SCOUT,ACTIVE,TRANSIT,2713.7,2022.6,810.0,103.1,16.52,82.67,1,1.000,3,0.000,1,POI-008,0
160.82,160.82,UAV-4,SCOUT,ACTIVE,TRANSIT,2221.0,1986.3,801.0,110.9,21.91,82.64,1,1.000,3,0.000,1,POI-005,0
160.82,160.82,UAV-5,RELAY,ACTIVE,RELAY_HOLD,2152.8,1863.8,877.5,187.2,2.68,82.83,1,1.000,1,1.000,1,,0
161.82,161.82,UAV-1,RELAY,KILLED,LANDED,2169.8,1894.8,688.3,0.3,0.00,86.44,0,1.000,1,0.000,1,,0
161.82,161.82,UAV-2,SCOUT,ACTIVE,TRANSIT,2812.9,2096.4,823.1,110.0,22.00,82.32,1,1.000,2,0.000,1,POI-007,0
161.82,161.82,UAV-3,SCOUT,ACTIVE,TRANSIT,2729.8,2031.6,811.6,103.6,20.15,82.55,1,1.000,3,0.000,1,POI-008,0
161.82,161.82,UAV-4,SCOUT,ACTIVE,TRANSIT,2234.1,2003.8,801.4,111.2,21.91,82.53,1,1.000,3,0.000,1,POI-005,0
161.82,161.82,UAV-5,RELAY,ACTIVE,RELAY_HOLD,2151.4,1865.6,878.6,188.4,1.85,82.73,1,1.000,1,1.000,1,,0
162.82,162.82,UAV-1,RELAY,KILLED,LANDED,2169.8,1894.8,688.3,0.3,0.00,86.44,0,1.000,1,0.000,1,,0
162.82,162.82,UAV-2,SCOUT,ACTIVE,TRANSIT,2832.6,2106.2,823.8,110.7,22.00,82.22,1,1.000,2,0.000,1,POI-007,0
162.82,162.82,UAV-3,SCOUT,ACTIVE,TRANSIT,2748.7,2040.9,813.2,103.3,21.48,82.44,1,1.000,3,0.000,1,POI-008,0
162.82,162.82,UAV-4,SCOUT,ACTIVE,TRANSIT,2247.2,2021.4,801.9,110.7,21.89,82.43,1,1.000,3,0.000,1,POI-005,0
162.82,162.82,UAV-5,RELAY,ACTIVE,RELAY_HOLD,2150.4,1865.5,879.0,188.8,0.66,82.64,1,1.000,1,1.000,1,,0
163.82,163.82,UAV-1,RELAY,KILLED,LANDED,2169.8,1894.8,688.3,0.3,0.00,86.44,0,1.000,1,0.000,1,,0
163.82,163.82,UAV-2,SCOUT,ACTIVE,TRANSIT,2852.3,2116.0,824.5,111.1,22.00,82.11,1,1.000,2,0.000,1,POI-007,0
163.82,163.82,UAV-3,SCOUT,ACTIVE,TRANSIT,2768.1,2050.1,814.7,103.5,21.64,82.34,1,1.000,3,0.000,1,POI-008,0
163.82,163.82,UAV-4,SCOUT,ACTIVE,TRANSIT,2259.8,2038.0,801.1,109.1,18.67,82.31,1,1.000,3,0.000,1,POI-005,0
163.82,163.82,UAV-5,RELAY,ACTIVE,RELAY_HOLD,2149.9,1865.8,879.1,188.9,0.64,82.54,1,1.000,1,1.000,1,,0
164.82,164.82,UAV-1,RELAY,KILLED,LANDED,2169.8,1894.8,688.3,0.3,0.00,86.44,0,1.000,1,0.000,1,,0
164.82,164.82,UAV-2,SCOUT,ACTIVE,TRANSIT,2871.9,2125.8,825.1,111.4,22.00,82.01,1,1.000,2,0.000,1,POI-007,0
164.82,164.82,UAV-3,SCOUT,ACTIVE,TRANSIT,2787.7,2059.3,816.2,104.7,21.73,82.24,1,1.000,3,0.000,1,POI-008,0
164.82,164.82,UAV-4,SCOUT,ACTIVE,TRANSIT,2269.7,2050.2,794.6,102.2,16.25,82.18,1,1.000,3,0.000,1,POI-005,0
164.82,164.82,UAV-5,RELAY,ACTIVE,RELAY_HOLD,2149.4,1866.2,879.1,188.9,0.67,82.45,1,1.000,1,1.000,1,,0
165.82,165.82,UAV-1,RELAY,KILLED,LANDED,2169.8,1894.8,688.3,0.3,0.00,86.44,0,1.000,1,0.000,1,,0
165.82,165.82,UAV-2,SCOUT,ACTIVE,TRANSIT,2891.6,2135.7,825.8,111.7,21.99,81.91,1,1.000,2,0.000,1,POI-007,0
165.82,165.82,UAV-3,SCOUT,ACTIVE,TRANSIT,2807.4,2068.4,817.7,105.8,21.79,82.13,1,1.000,3,0.000,1,POI-008,0
165.82,165.82,UAV-4,SCOUT,ACTIVE,TRANSIT,2277.6,2058.7,783.3,90.4,16.45,82.05,1,1.000,3,0.000,1,POI-005,0
165.82,165.82,UAV-5,RELAY,ACTIVE,RELAY_HOLD,2149.0,1866.6,878.6,188.4,2.33,82.35,1,1.000,1,1.000,1,,0
166.82,166.82,UAV-1,RELAY,KILLED,LANDED,2169.8,1894.8,688.3,0.3,0.00,86.44,0,1.000,1,0.000,1,,0
166.82,166.82,UAV-2,SCOUT,ACTIVE,TRANSIT,2911.2,2145.6,826.3,111.2,22.00,81.81,1,1.000,2,0.000,1,POI-007,0
166.82,166.82,UAV-3,SCOUT,ACTIVE,TRANSIT,2827.2,2077.5,819.2,106.5,21.85,82.03,1,1.000,3,0.000,1,POI-008,0
166.82,166.82,UAV-4,SCOUT,ACTIVE,TRANSIT,2283.7,2064.3,768.7,75.3,17.31,81.92,1,1.000,3,0.000,1,POI-005,0
166.82,166.82,UAV-5,RELAY,ACTIVE,RELAY_HOLD,2151.0,1868.6,874.5,184.4,7.56,82.21,1,1.000,1,1.000,1,,0
167.82,167.82,UAV-1,RELAY,KILLED,LANDED,2169.8,1894.8,688.3,0.3,0.00,86.44,0,1.000,1,0.000,1,,0
167.82,167.82,UAV-2,SCOUT,ACTIVE,TRANSIT,2928.7,2154.1,823.8,107.3,17.84,81.68,1,1.000,2,0.000,1,POI-007,0
167.82,167.82,UAV-3,SCOUT,ACTIVE,TRANSIT,2847.0,2086.6,820.5,107.7,21.89,81.93,1,1.000,3,0.000,1,POI-008,0
167.82,167.82,UAV-4,SCOUT,ACTIVE,SURVEY,2288.5,2067.5,752.2,58.3,16.86,81.80,1,1.000,3,0.000,1,POI-005,0
167.82,167.82,UAV-5,RELAY,ACTIVE,RELAY_HOLD,2157.5,1871.4,874.4,184.3,4.57,82.08,1,1.000,1,1.000,1,,0
168.82,168.82,UAV-1,RELAY,KILLED,LANDED,2169.8,1894.8,688.3,0.3,0.00,86.44,0,1.000,1,0.000,1,,0
168.82,168.82,UAV-2,SCOUT,ACTIVE,TRANSIT,2942.3,2159.8,815.3,98.2,16.84,81.55,1,1.000,2,0.000,1,POI-007,0
168.82,168.82,UAV-3,SCOUT,ACTIVE,TRANSIT,2866.9,2095.7,821.9,109.4,21.94,81.83,1,1.000,3,0.000,1,POI-008,0
168.82,168.82,UAV-4,SCOUT,ACTIVE,SURVEY,2290.1,2067.0,738.5,44.4,11.17,81.65,1,1.000,3,0.000,1,POI-005,0
168.82,168.82,UAV-5,RELAY,ACTIVE,RELAY_HOLD,2159.0,1871.1,874.5,184.4,1.49,81.96,1,1.000,1,1.000,1,,0
169.82,169.82,UAV-1,RELAY,KILLED,LANDED,2169.8,1894.8,688.3,0.3,0.00,86.44,0,1.000,1,0.000,1,,0
169.82,169.82,UAV-2,SCOUT,ACTIVE,TRANSIT,2952.9,2163.5,802.6,85.4,17.38,81.42,1,1.000,2,0.000,1,POI-007,0
169.82,169.82,UAV-3,SCOUT,ACTIVE,TRANSIT,2886.9,2104.7,823.1,110.3,21.73,81.72,1,1.000,3,0.000,1,POI-008,0
169.82,169.82,UAV-4,SCOUT,ACTIVE,IDLE,2288.6,2063.3,732.4,38.4,1.60,81.51,1,1.000,3,0.000,1,,0
169.82,169.82,UAV-5,RELAY,ACTIVE,RELAY_HOLD,2155.4,1870.8,874.3,184.2,5.00,81.84,1,1.000,1,1.000,1,,0
170.82,170.82,UAV-1,RELAY,KILLED,LANDED,2169.8,1894.8,688.3,0.3,0.00,86.44,0,1.000,1,0.000,1,,0
170.82,170.82,UAV-2,SCOUT,ACTIVE,TRANSIT,2961.1,2165.5,786.9,70.0,18.09,81.29,1,1.000,2,0.000,1,POI-007,0
170.82,170.82,UAV-3,SCOUT,ACTIVE,TRANSIT,2905.5,2115.3,823.8,109.8,21.75,81.61,1,1.000,3,0.000,1,POI-008,0
170.82,170.82,UAV-4,SCOUT,ACTIVE,IDLE,2289.4,2064.2,732.2,38.1,1.67,81.40,1,1.000,3,0.000,1,,0
170.82,170.82,UAV-5,RELAY,ACTIVE,RELAY_HOLD,2153.4,1871.0,874.2,184.2,0.20,81.74,1,1.000,1,1.000,1,,0
171.82,171.82,UAV-1,RELAY,KILLED,LANDED,2169.8,1894.8,688.3,0.3,0.00,86.44,0,1.000,1,0.000,1,,0
171.82,171.82,UAV-2,SCOUT,ACTIVE,SURVEY,2966.6,2165.5,771.2,54.5,14.14,81.16,1,1.000,2,0.000,1,POI-007,0
171.82,171.82,UAV-3,SCOUT,ACTIVE,TRANSIT,2923.8,2127.4,824.3,108.9,22.00,81.51,1,1.000,3,0.000,1,POI-008,0
171.82,171.82,UAV-4,SCOUT,ACTIVE,IDLE,2290.1,2065.4,732.4,38.3,1.25,81.31,1,1.000,3,0.000,1,,0
171.82,171.82,UAV-5,RELAY,ACTIVE,RELAY_HOLD,2152.7,1871.2,874.0,184.0,1.10,81.65,1,1.000,1,1.000,1,,0
172.82,172.82,UAV-1,RELAY,KILLED,LANDED,2169.8,1894.8,688.3,0.3,0.00,86.44,0,1.000,1,0.000,1,,0
172.82,172.82,UAV-2,SCOUT,ACTIVE,SURVEY,2966.0,2162.7,760.5,43.8,9.34,81.03,1,1.000,2,0.000,1,POI-007,0
172.82,172.82,UAV-3,SCOUT,ACTIVE,TRANSIT,2942.1,2139.6,824.8,108.1,22.00,81.41,1,1.000,3,0.000,1,POI-008,0
172.82,172.82,UAV-4,SCOUT,ACTIVE,IDLE,2290.7,2066.3,732.6,38.4,0.88,81.21,1,1.000,3,0.000,1,,0
172.82,172.82,UAV-5,RELAY,ACTIVE,RELAY_HOLD,2152.3,1871.3,874.0,183.9,0.90,81.55,1,1.000,1,1.000,1,,0
173.82,173.82,UAV-1,RELAY,KILLED,LANDED,2169.8,1894.8,688.3,0.3,0.00,86.44,0,1.000,1,0.000,1,,0
173.82,173.82,UAV-2,SCOUT,ACTIVE,SURVEY,2959.0,2160.2,755.0,37.9,10.30,80.91,1,1.000,2,0.000,1,POI-007,0
173.82,173.82,UAV-3,SCOUT,ACTIVE,TRANSIT,2960.4,2151.8,825.3,108.4,22.00,81.31,1,1.000,3,0.000,1,POI-008,0
173.82,173.82,UAV-4,SCOUT,ACTIVE,IDLE,2291.0,2067.0,732.7,38.5,0.61,81.12,1,1.000,3,0.000,1,,0
173.82,173.82,UAV-5,RELAY,ACTIVE,RELAY_HOLD,2152.2,1871.4,873.9,183.9,2.46,81.44,1,1.000,1,1.000,1,,0
174.82,174.82,UAV-1,RELAY,KILLED,LANDED,2169.8,1894.8,688.3,0.3,0.00,86.44,0,1.000,1,0.000,1,,0
174.82,174.82,UAV-2,SCOUT,ACTIVE,IDLE,2948.1,2158.8,752.3,35.1,12.07,80.78,1,1.000,2,0.000,1,,10
174.82,174.82,UAV-3,SCOUT,ACTIVE,TRANSIT,2978.7,2163.9,825.8,109.5,22.00,81.20,1,1.000,3,0.000,1,POI-008,0
174.82,174.82,UAV-4,SCOUT,ACTIVE,IDLE,2291.3,2067.4,732.8,38.6,0.43,81.03,1,1.000,3,0.000,1,,0
174.82,174.82,UAV-5,RELAY,ACTIVE,RELAY_HOLD,2150.2,1871.5,874.1,184.1,0.90,81.32,1,1.000,1,1.000,1,,0
175.82,175.82,UAV-1,RELAY,KILLED,LANDED,2169.8,1894.8,688.3,0.3,0.00,86.44,0,1.000,1,0.000,1,,0
175.82,175.82,UAV-2,SCOUT,ACTIVE,IDLE,2940.9,2158.6,752.3,35.3,2.66,80.66,1,1.000,2,0.000,1,,0
175.82,175.82,UAV-3,SCOUT,ACTIVE,TRANSIT,2997.1,2176.1,826.3,110.0,22.00,81.10,1,1.000,3,0.000,1,POI-008,0
175.82,175.82,UAV-4,SCOUT,ACTIVE,IDLE,2291.5,2067.7,732.8,38.6,0.30,80.93,1,1.000,3,0.000,1,,0
175.82,175.82,UAV-5,RELAY,ACTIVE,RELAY_HOLD,2152.2,1871.5,874.0,184.0,0.52,81.21,1,1.000,1,1.000,1,,0
176.82,176.82,UAV-1,RELAY,KILLED,LANDED,2169.8,1894.8,688.3,0.3,0.00,86.44,0,1.000,1,0.000,1,,0
176.82,176.82,UAV-2,SCOUT,ACTIVE,IDLE,2941.2,2158.6,752.5,35.4,1.44,80.56,1,1.000,2,0.000,1,,0
176.82,176.82,UAV-3,SCOUT,ACTIVE,TRANSIT,3015.4,2188.2,826.8,110.3,22.00,81.00,1,1.000,3,0.000,1,POI-008,0
176.82,176.82,UAV-4,SCOUT,ACTIVE,IDLE,2291.6,2067.9,732.8,38.6,0.22,80.84,1,1.000,3,0.000,1,,0
176.82,176.82,UAV-5,RELAY,ACTIVE,RELAY_HOLD,2150.1,1871.7,874.0,184.0,2.35,81.10,1,1.000,1,1.000,1,,0
177.82,177.82,UAV-1,RELAY,KILLED,LANDED,2169.8,1894.8,688.3,0.3,0.00,86.44,0,1.000,1,0.000,1,,0
177.82,177.82,UAV-2,SCOUT,ACTIVE,IDLE,2942.5,2158.6,752.6,35.5,1.16,80.46,1,1.000,2,0.000,1,,0
177.82,177.82,UAV-3,SCOUT,ACTIVE,TRANSIT,3033.8,2200.3,827.3,109.9,22.00,80.90,1,1.000,3,0.000,1,POI-008,0
177.82,177.82,UAV-4,SCOUT,ACTIVE,IDLE,2291.7,2068.1,732.9,38.6,0.15,80.74,1,1.000,3,0.000,1,,0
177.82,177.82,UAV-5,RELAY,ACTIVE,RELAY_HOLD,2151.0,1871.8,874.0,184.0,1.78,80.99,1,1.000,1,1.000,1,,0
178.82,178.82,UAV-1,RELAY,KILLED,LANDED,2169.8,1894.8,688.3,0.3,0.00,86.44,0,1.000,1,0.000,1,,0
178.82,178.82,UAV-2,SCOUT,ACTIVE,IDLE,2943.5,2158.6,752.7,35.5,0.82,80.37,1,1.000,2,0.000,1,,0
178.82,178.82,UAV-3,SCOUT,ACTIVE,TRANSIT,3052.2,2212.4,827.7,109.7,22.00,80.80,1,1.000,3,0.000,1,POI-008,0
178.82,178.82,UAV-4,SCOUT,ACTIVE,IDLE,2291.8,2068.2,732.9,38.6,0.10,80.65,1,1.000,3,0.000,1,,0
178.82,178.82,UAV-5,RELAY,ACTIVE,RELAY_HOLD,2152.0,1871.8,874.0,184.0,0.67,80.88,1,1.000,1,1.000,1,,0
179.82,179.82,UAV-1,RELAY,KILLED,LANDED,2169.8,1894.8,688.3,0.3,0.00,86.44,0,1.000,1,0.000,1,,0
179.82,179.82,UAV-2,SCOUT,ACTIVE,IDLE,2944.2,2158.6,752.8,35.6,0.58,80.27,1,1.000,2,0.000,1,,0
179.82,179.82,UAV-3,SCOUT,ACTIVE,TRANSIT,3070.5,2224.5,828.2,110.0,22.00,80.69,1,1.000,3,0.000,1,POI-008,0
179.82,179.82,UAV-4,SCOUT,ACTIVE,IDLE,2291.8,2068.2,732.9,38.6,0.07,80.55,1,1.000,3,0.000,1,,0
179.82,179.82,UAV-5,RELAY,ACTIVE,RELAY_HOLD,2152.6,1871.9,874.1,184.0,0.93,80.78,1,1.000,1,1.000,1,,0
180.82,180.82,UAV-1,RELAY,KILLED,LANDED,2169.8,1894.8,688.3,0.3,0.00,86.44,0,1.000,1,0.000,1,,0
180.82,180.82,UAV-2,SCOUT,ACTIVE,IDLE,2944.7,2158.6,752.8,35.6,0.41,80.18,1,1.000,2,0.000,1,,0
180.82,180.82,UAV-3,SCOUT,ACTIVE,TRANSIT,3088.9,2236.6,828.6,110.0,22.00,80.59,1,1.000,3,0.000,1,POI-008,0
180.82,180.82,UAV-4,SCOUT,ACTIVE,IDLE,2291.9,2068.3,732.9,38.6,0.05,80.46,1,1.000,3,0.000,1,,0
180.82,180.82,UAV-5,RELAY,ACTIVE,RELAY_HOLD,2152.2,1872.0,874.0,184.0,2.11,80.68,1,1.000,1,1.000,1,,0
181.82,181.82,UAV-1,RELAY,KILLED,LANDED,2169.8,1894.8,688.3,0.3,0.00,86.44,0,1.000,1,0.000,1,,0
181.82,181.82,UAV-2,SCOUT,ACTIVE,IDLE,2945.0,2158.6,752.8,35.6,0.29,80.09,1,1.000,2,0.000,1,,0
181.82,181.82,UAV-3,SCOUT,ACTIVE,TRANSIT,3107.3,2248.7,829.0,110.4,22.00,80.49,1,1.000,3,0.000,1,POI-008,0
181.82,181.82,UAV-4,SCOUT,ACTIVE,TRANSIT,2291.9,2068.3,732.9,38.6,0.03,80.37,1,1.000,3,0.000,1,,0
181.82,181.82,UAV-5,RELAY,ACTIVE,RELAY_HOLD,2148.7,1872.2,873.9,184.0,2.04,80.57,1,1.000,1,1.000,1,,0
182.82,182.82,UAV-1,RELAY,KILLED,LANDED,2169.8,1894.8,688.3,0.3,0.00,86.44,0,1.000,1,0.000,1,,0
182.82,182.82,UAV-2,SCOUT,ACTIVE,IDLE,2945.2,2158.6,752.8,35.7,0.20,79.99,1,1.000,2,0.000,1,,0
182.82,182.82,UAV-3,SCOUT,ACTIVE,TRANSIT,3126.5,2258.5,829.6,110.3,21.85,80.37,1,1.000,3,0.000,1,POI-008,0
182.82,182.82,UAV-4,SCOUT,ACTIVE,TRANSIT,2289.4,2065.7,735.7,41.7,7.70,80.22,1,1.000,3,0.000,1,,0
182.82,182.82,UAV-5,RELAY,ACTIVE,RELAY_HOLD,2148.2,1872.2,874.0,184.1,0.47,80.46,1,1.000,1,1.000,1,,0
183.82,183.82,UAV-1,RELAY,KILLED,LANDED,2169.8,1894.8,688.3,0.3,0.00,86.44,0,1.000,1,0.000,1,,0
183.82,183.82,UAV-2,SCOUT,ACTIVE,IDLE,2945.4,2158.6,752.8,35.7,0.14,79.90,1,1.000,2,0.000,1,,0
183.82,183.82,UAV-3,SCOUT,ACTIVE,TRANSIT,3146.9,2266.6,830.2,110.4,22.00,80.27,1,1.000,3,0.000,1,POI-008,0
183.82,183.82,UAV-4,SCOUT,ACTIVE,TRANSIT,2283.6,2059.0,739.3,45.8,11.06,80.08,1,1.000,3,0.000,1,,0
183.82,183.82,UAV-5,RELAY,ACTIVE,RELAY_HOLD,2150.9,1872.2,874.0,184.0,2.42,80.36,1,1.000,1,1.000,1,,0
184.82,184.82,UAV-1,RELAY,KILLED,LANDED,2169.8,1894.8,688.3,0.3,0.00,86.44,0,1.000,1,0.000,1,,0
184.82,184.82,UAV-2,SCOUT,ACTIVE,IDLE,2945.5,2158.6,752.8,35.7,0.10,79.80,1,1.000,2,0.000,1,,0
184.82,184.82,UAV-3,SCOUT,ACTIVE,TRANSIT,3167.4,2274.6,830.7,110.9,22.00,80.17,1,1.000,3,0.000,1,POI-008,0
184.82,184.82,UAV-4,SCOUT,ACTIVE,TRANSIT,2276.2,2049.9,742.5,49.5,12.95,79.94,1,1.000,3,0.000,1,,0
184.82,184.82,UAV-5,RELAY,ACTIVE,RELAY_HOLD,2150.7,1872.2,873.9,183.9,2.98,80.24,1,1.000,1,1.000,1,,0
185.82,185.82,UAV-1,RELAY,KILLED,LANDED,2169.8,1894.8,688.3,0.3,0.00,86.44,0,1.000,1,0.000,1,,0
185.82,185.82,UAV-2,SCOUT,ACTIVE,IDLE,2945.6,2158.6,752.8,35.7,0.07,79.71,1,1.000,2,0.000,1,,0
185.82,185.82,UAV-3,SCOUT,ACTIVE,TRANSIT,3187.3,2282.3,830.5,109.7,19.58,80.05,1,1.000,3,0.000,1,POI-008,0
185.82,185.82,UAV-4,SCOUT,ACTIVE,TRANSIT,2268.0,2039.6,745.4,52.9,13.87,79.80,1,1.000,3,0.000,1,,0
185.82,185.82,UAV-5,RELAY,ACTIVE,RELAY_HOLD,2148.5,1872.2,873.9,184.0,0.25,80.14,1,1.000,1,1.000,1,,0
186.82,186.82,UAV-1,RELAY,KILLED,LANDED,2169.8,1894.8,688.3,0.3,0.00,86.44,0,1.000,1,0.000,1,,0
186.82,186.82,UAV-2,SCOUT,ACTIVE,IDLE,2945.7,2158.6,752.9,35.7,0.05,79.61,1,1.000,2,0.000,1,,0
186.82,186.82,UAV-3,SCOUT,ACTIVE,TRANSIT,3203.3,2287.9,824.6,103.1,17.11,79.92,1,1.000,3,0.000,1,POI-008,0
186.82,186.82,UAV-4,SCOUT,ACTIVE,TRANSIT,2259.3,2028.9,748.0,56.1,14.25,79.66,1,1.000,3,0.000,1,,0
186.82,186.82,UAV-5,RELAY,ACTIVE,RELAY_HOLD,2148.7,1872.1,873.8,183.9,0.18,80.05,1,1.000,1,1.000,1,,0
187.82,187.82,UAV-1,RELAY,KILLED,LANDED,2169.8,1894.8,688.3,0.3,0.00,86.44,0,1.000,1,0.000,1,,0
187.82,187.82,UAV-2,SCOUT,ACTIVE,TRANSIT,2945.7,2158.6,752.9,35.7,0.04,79.52,1,1.000,2,0.000,1,,0
187.82,187.82,UAV-3,SCOUT,ACTIVE,TRANSIT,3215.8,2291.4,813.7,91.4,17.15,79.80,1,1.000,3,0.000,1,POI-008,0
187.82,187.82,UAV-4,SCOUT,ACTIVE,TRANSIT,2250.2,2018.1,750.4,59.0,14.29,79.53,1,1.000,3,0.000,1,,0
187.82,187.82,UAV-5,RELAY,ACTIVE,RELAY_HOLD,2148.2,1872.0,873.6,183.7,0.30,79.95,1,1.000,1,1.000,1,,0
188.82,188.82,UAV-1,RELAY,KILLED,LANDED,2169.8,1894.8,688.3,0.3,0.00,86.44,0,1.000,1,0.000,1,,0
188.82,188.82,UAV-2,SCOUT,ACTIVE,TRANSIT,2943.0,2155.7,756.2,39.1,8.50,79.37,1,1.000,2,0.000,1,,0
188.82,188.82,UAV-3,SCOUT,ACTIVE,TRANSIT,3225.4,2293.3,799.2,76.3,17.86,79.67,1,1.000,3,0.000,1,POI-008,0
188.82,188.82,UAV-4,SCOUT,ACTIVE,TRANSIT,2240.7,2007.8,752.6,61.9,14.11,79.40,1,1.000,3,0.000,1,,0
188.82,188.82,UAV-5,RELAY,ACTIVE,RELAY_HOLD,2148.3,1871.8,873.4,183.5,0.34,79.86,1,1.000,1,1.000,1,,0
189.82,189.82,UAV-1,RELAY,KILLED,LANDED,2169.8,1894.8,688.3,0.3,0.00,86.44,0,1.000,1,0.000,1,,0
189.82,189.82,UAV-2,SCOUT,ACTIVE,TRANSIT,2936.2,2149.9,760.5,43.9,11.22,79.25,1,1.000,2,0.000,1,,0
189.82,189.82,UAV-3,SCOUT,ACTIVE,SURVEY,3232.6,2293.8,782.9,59.6,16.90,79.54,1,1.000,3,0.000,1,POI-008,0
189.82,189.82,UAV-4,SCOUT,ACTIVE,TRANSIT,2230.8,1998.0,754.5,64.3,13.83,79.27,1,1.000,3,0.000,1,,0
189.82,189.82,UAV-5,RELAY,ACTIVE,RELAY_HOLD,2148.3,1871.6,873.2,183.2,0.60,79.76,1,1.000,1,1.000,1,,0
190.82,190.82,UAV-1,RELAY,KILLED,LANDED,2169.8,1894.8,688.3,0.3,0.00,86.44,0,1.000,1,0.000,1,,0
190.82,190.82,UAV-2,SCOUT,ACTIVE,TRANSIT,2926.5,2143.9,764.4,48.5,12.61,79.12,1,1.000,2,0.000,1,,0
190.82,190.82,UAV-3,SCOUT,ACTIVE,SURVEY,3235.2,2291.9,769.6,46.4,10.81,79.41,1,1.000,3,0.000,1,POI-008,0
190.82,190.82,UAV-4,SCOUT,ACTIVE,TRANSIT,2220.7,1989.0,756.1,66.0,13.51,79.15,1,1.000,3,0.000,1,,0
190.82,190.82,UAV-5,RELAY,ACTIVE,RELAY_HOLD,2148.7,1871.4,873.0,183.0,0.37,79.67,1,1.000,1,1.000,1,,0
191.82,191.82,UAV-1,RELAY,KILLED,LANDED,2169.8,1894.8,688.3,0.3,0.00,86.44,0,1.000,1,0.000,1,,0
191.82,191.82,UAV-2,SCOUT,ACTIVE,TRANSIT,2915.4,2138.2,768.0,52.8,13.35,79.00,1,1.000,2,0.000,1,,0
191.82,191.82,UAV-3,SCOUT,ACTIVE,SURVEY,3230.9,2289.7,761.9,38.9,9.32,79.28,1,1.000,3,0.000,1,POI-008,0
191.82,191.82,UAV-4,SCOUT,ACTIVE,TRANSIT,2210.2,1980.9,757.4,67.7,13.23,79.02,1,1.000,3,0.000,1,,0
191.82,191.82,UAV-5,RELAY,ACTIVE,RELAY_HOLD,2148.8,1871.4,872.5,182.5,1.42,79.58,1,1.000,1,1.000,1,,0
192.82,192.82,UAV-1,RELAY,KILLED,LANDED,2169.8,1894.8,688.3,0.3,0.00,86.44,0,1.000,1,0.000,1,,0
192.82,192.82,UAV-2,SCOUT,ACTIVE,TRANSIT,2903.3,2132.8,771.1,56.8,13.70,78.87,1,1.000,2,0.000,1,,0
192.82,192.82,UAV-3,SCOUT,ACTIVE,SURVEY,3221.4,2288.7,758.0,35.5,11.41,79.16,1,1.000,3,0.000,1,POI-008,0
192.82,192.82,UAV-4,SCOUT,ACTIVE,TRANSIT,2199.2,1973.8,758.5,69.6,12.98,78.90,1,1.000,3,0.000,1,,0
192.82,192.82,UAV-5,RELAY,ACTIVE,RELAY_HOLD,2148.4,1871.6,871.7,181.8,0.44,79.48,1,1.000,1,1.000,1,,0
193.82,193.82,UAV-1,RELAY,KILLED,LANDED,2169.8,1894.8,688.3,0.3,0.00,86.44,0,1.000,1,0.000,1,,0
193.82,193.82,UAV-2,SCOUT,ACTIVE,TRANSIT,2890.9,2127.7,774.0,60.1,13.81,78.75,1,1.000,2,0.000,1,,0
193.82,193.82,UAV-3,SCOUT,ACTIVE,IDLE,3210.0,2288.5,756.8,34.9,8.71,79.03,1,1.000,3,0.000,1,,2
193.82,193.82,UAV-4,SCOUT,ACTIVE,TRANSIT,2187.7,1968.2,759.2,71.5,12.50,78.78,1,1.000,3,0.000,1,,0
193.82,193.82,UAV-5,RELAY,ACTIVE,RELAY_HOLD,2148.7,1871.3,871.8,181.8,0.48,79.38,1,1.000,1,1.000,1,,0
194.82,194.82,UAV-1,RELAY,KILLED,LANDED,2169.8,1894.8,688.3,0.3,0.00,86.44,0,1.000,1,0.000,1,,0
194.82,194.82,UAV-2,SCOUT,ACTIVE,TRANSIT,2878.2,2122.9,776.5,62.8,13.71,78.62,1,1.000,2,0.000,1,,0
194.82,194.82,UAV-3,SCOUT,ACTIVE,IDLE,3206.0,2288.3,757.0,35.3,0.31,78.91,1,1.000,3,0.000,1,,0
194.82,194.82,UAV-4,SCOUT,ACTIVE,TRANSIT,2176.9,1962.5,759.0,72.3,12.25,78.64,1,1.000,3,0.000,1,,0
194.82,194.82,UAV-5,RELAY,ACTIVE,RELAY_HOLD,2150.3,1871.0,871.6,181.6,3.28,79.27,1,1.000,1,1.000,1,,0
195.82,195.82,UAV-1,RELAY,KILLED,LANDED,2169.8,1894.8,688.3,0.3,0.00,86.44,0,1.000,1,0.000,1,,0
195.82,195.82,UAV-2,SCOUT,ACTIVE,TRANSIT,2865.5,2118.5,778.7,65.1,13.50,78.50,1,1.000,2,0.000,1,,0
195.82,195.82,UAV-3,SCOUT,ACTIVE,IDLE,3207.2,2288.0,757.1,35.3,1.47,78.82,1,1.000,3,0.000,1,,0
195.82,195.82,UAV-4,SCOUT,ACTIVE,TRANSIT,2167.0,1955.0,758.6,72.4,12.57,78.50,1,1.000,3,0.000,1,,0
195.82,195.82,UAV-5,RELAY,ACTIVE,RELAY_HOLD,2150.0,1871.2,871.1,181.1,1.55,79.15,1,1.000,1,1.000,1,,0
196.82,196.82,UAV-1,RELAY,KILLED,LANDED,2169.8,1894.8,688.3,0.3,0.00,86.44,0,1.000,1,0.000,1,,0
196.82,196.82,UAV-2,SCOUT,ACTIVE,TRANSIT,2852.8,2114.6,780.5,67.1,13.30,78.38,1,1.000,2,0.000,1,,0
196.82,196.82,UAV-3,SCOUT,ACTIVE,IDLE,3208.5,2287.8,757.2,35.4,1.08,78.72,1,1.000,3,0.000,1,,0
196.82,196.82,UAV-4,SCOUT,ACTIVE,TRANSIT,2157.7,1946.2,758.3,72.1,12.92,78.37,1,1.000,3,0.000,1,,0
196.82,196.82,UAV-5,RELAY,ACTIVE,RELAY_HOLD,2149.5,1871.1,870.5,180.5,2.04,79.05,1,1.000,1,1.000,1,,0
197.82,197.82,UAV-1,RELAY,KILLED,LANDED,2169.8,1894.8,688.3,0.3,0.00,86.44,0,1.000,1,0.000,1,,0
197.82,197.82,UAV-2,SCOUT,ACTIVE,TRANSIT,2840.1,2111.3,781.9,68.7,13.07,78.26,1,1.000,2,0.000,1,,0
197.82,197.82,UAV-3,SCOUT,ACTIVE,IDLE,3209.4,2287.6,757.3,35.4,0.76,78.63,1,1.000,3,0.000,1,,0
197.82,197.82,UAV-4,SCOUT,ACTIVE,TRANSIT,2149.0,1936.6,758.0,71.6,13.17,78.23,1,1.000,3,0.000,1,,0
197.82,197.82,UAV-5,RELAY,ACTIVE,RELAY_HOLD,2148.9,1871.6,868.6,178.7,0.22,78.94,1,1.000,1,1.000,1,,0
198.82,198.82,UAV-1,RELAY,KILLED,LANDED,2169.8,1894.8,688.3,0.3,0.00,86.44,0,1.000,1,0.000,1,,0
198.82,198.82,UAV-2,SCOUT,ACTIVE,TRANSIT,2827.5,2108.6,783.0,69.9,12.89,78.14,1,1.000,2,0.000,1,,0
198.82,198.82,UAV-3,SCOUT,ACTIVE,IDLE,3210.0,2287.5,757.3,35.4,0.54,78.54,1,1.000,3,0.000,1,,0
198.82,198.82,UAV-4,SCOUT,ACTIVE,TRANSIT,2140.5,1926.4,757.7,71.0,13.33,78.09,1,1.000,3,0.000,1,,0
198.82,198.82,UAV-5,RELAY,ACTIVE,RELAY_HOLD,2150.1,1870.9,869.6,179.6,2.53,78.83,1,1.000,1,1.000,1,,0
199.82,199.82,UAV-1,RELAY,KILLED,LANDED,2169.8,1894.8,688.3,0.3,0.00,86.44,0,1.000,1,0.000,1,,0
199.82,199.82,UAV-2,SCOUT,ACTIVE,TRANSIT,2815.8,2105.6,782.8,69.7,11.70,78.00,1,1.000,2,0.000,1,,0
199.82,199.82,UAV-3,SCOUT,ACTIVE,IDLE,3210.4,2287.4,757.3,35.4,0.37,78.44,1,1.000,3,0.000,1,,0
199.82,199.82,UAV-4,SCOUT,ACTIVE,TRANSIT,2131.9,1916.2,757.5,70.1,13.33,77.96,1,1.000,3,0.000,1,,0
199.82,199.82,UAV-5,RELAY,ACTIVE,RELAY_HOLD,2150.7,1871.0,867.7,177.7,0.97,78.70,1,1.000,1,1.000,1,,0
200.82,200.82,UAV-1,RELAY,KILLED,LANDED,2169.8,1894.8,688.3,0.3,0.00,86.44,0,1.000,1,0.000,1,,0
200.82,200.82,UAV-2,SCOUT,ACTIVE,TRANSIT,2805.2,2100.4,782.2,69.2,12.16,77.88,0,0.328,0,0.000,1,,0
200.82,200.82,UAV-3,SCOUT,ACTIVE,IDLE,3210.7,2287.4,757.3,35.4,0.26,78.35,0,0.328,0,0.000,1,,0
200.82,200.82,UAV-4,RELAY,ACTIVE,RELAY_TRANSIT,2123.0,1906.3,757.3,69.4,13.27,77.83,0,0.370,0,0.000,1,,0
200.82,200.82,UAV-5,RELAY,ACTIVE,RELAY_HOLD,2150.5,1871.4,866.4,176.4,4.61,78.58,0,0.370,0,0.154,1,,0
201.82,201.82,UAV-1,RELAY,KILLED,LANDED,2169.8,1894.8,688.3,0.3,0.00,86.44,0,1.000,1,0.000,1,,0
201.82,201.82,UAV-2,SCOUT,ACTIVE,TRANSIT,2794.4,2094.4,781.6,68.8,12.53,77.75,0,0.422,0,0.000,1,,0
201.82,201.82,UAV-3,SCOUT,ACTIVE,IDLE,3211.0,2287.4,757.4,35.4,0.18,78.25,0,0.422,0,0.000,1,,0
201.82,201.82,UAV-4,RELAY,ACTIVE,RELAY_TRANSIT,2112.0,1901.2,760.7,73.0,13.20,77.69,0,0.425,0,0.000,1,,0
201.82,201.82,UAV-5,RELAY,ACTIVE,RELAY_HOLD,2151.9,1875.6,863.8,173.9,9.72,78.43,0,0.425,0,0.276,1,,0
202.82,202.82,UAV-1,RELAY,KILLED,LANDED,2169.8,1894.8,688.3,0.3,0.00,86.44,0,1.000,1,0.000,1,,0
202.82,202.82,UAV-2,SCOUT,ACTIVE,TRANSIT,2783.2,2088.5,781.1,68.6,12.65,77.63,0,0.232,0,0.000,1,,0
202.82,202.82,UAV-3,SCOUT,ACTIVE,IDLE,3211.1,2287.3,757.4,35.4,0.13,78.16,0,0.232,0,0.000,1,,0
202.82,202.82,UAV-4,RELAY,ACTIVE,RELAY_TRANSIT,2099.4,1902.2,766.5,79.5,14.41,77.56,0,0.232,0,0.000,1,,0
202.82,202.82,UAV-5,RELAY,ACTIVE,RELAY_TRANSIT,2161.3,1884.7,866.8,177.8,16.65,78.30,0,0.232,0,0.239,1,,0
203.82,203.82,UAV-1,RELAY,KILLED,LANDED,2169.8,1894.8,688.3,0.3,0.00,86.44,0,1.000,1,0.000,1,,0
203.82,203.82,UAV-2,SCOUT,ACTIVE,TRANSIT,2771.9,2082.9,780.6,68.6,12.64,77.51,0,0.353,0,0.000,1,,0
203.82,203.82,UAV-3,SCOUT,ACTIVE,IDLE,3211.2,2287.3,757.4,35.4,0.10,78.06,0,0.353,0,0.000,1,,0
203.82,203.82,UAV-4,RELAY,ACTIVE,RELAY_TRANSIT,2086.0,1904.3,772.0,85.6,14.77,77.43,0,0.353,0,0.000,1,,0
203.82,203.82,UAV-5,RELAY,ACTIVE,RELAY_HOLD,2177.8,1891.3,874.1,186.0,18.96,78.17,0,0.353,0,0.355,1,,0
204.82,204.82,UAV-1,RELAY,KILLED,LANDED,2169.8,1894.8,688.3,0.3,0.00,86.44,0,1.000,1,0.000,1,,0
204.82,204.82,UAV-2,SCOUT,ACTIVE,TRANSIT,2760.4,2077.7,780.2,68.9,12.65,77.38,0,0.224,0,0.000,1,,0
204.82,204.82,UAV-3,SCOUT,ACTIVE,IDLE,3211.3,2287.3,757.4,35.4,0.06,77.97,0,0.224,0,0.000,1,,0
204.82,204.82,UAV-4,RELAY,ACTIVE,RELAY_TRANSIT,2072.3,1906.7,777.1,90.9,14.81,77.31,0,0.234,0,0.000,1,,0
204.82,204.82,UAV-5,RELAY,ACTIVE,RELAY_HOLD,2194.1,1897.8,875.7,187.8,17.80,78.05,0,0.234,0,0.365,1,,0
205.82,205.82,UAV-1,RELAY,KILLED,LANDED,2169.8,1894.8,688.3,0.3,0.00,86.44,0,1.000,1,0.000,1,,0
205.82,205.82,UAV-2,SCOUT,ACTIVE,TRANSIT,2748.7,2073.0,779.8,69.6,12.66,77.26,0,0.315,0,0.000,1,,0
205.82,205.82,UAV-3,SCOUT,ACTIVE,IDLE,3211.4,2287.3,757.4,35.4,0.04,77.87,0,0.315,0,0.000,1,,0
205.82,205.82,UAV-4,RELAY,ACTIVE,RELAY_TRANSIT,2058.5,1909.1,781.8,96.0,14.69,77.18,0,0.319,0,0.000,1,,0
205.82,205.82,UAV-5,RELAY,ACTIVE,RELAY_HOLD,2210.9,1906.7,875.0,186.6,20.55,77.92,0,0.319,0,0.381,1,,0
206.82,206.82,UAV-1,RELAY,KILLED,LANDED,2169.8,1894.8,688.3,0.3,0.00,86.44,0,1.000,1,0.000,1,,0
206.82,206.82,UAV-2,SCOUT,ACTIVE,TRANSIT,2736.8,2068.7,779.5,70.2,12.67,77.14,0,0.000,0,0.000,1,,0
206.82,206.82,UAV-3,SCOUT,ACTIVE,TRANSIT,3211.4,2287.3,757.4,35.4,0.03,77.78,0,0.000,0,0.000,1,,0
206.82,206.82,UAV-4,RELAY,ACTIVE,RELAY_TRANSIT,2044.8,1911.5,786.0,100.8,14.44,77.06,0,0.000,0,0.000,1,,0
206.82,206.82,UAV-5,RELAY,ACTIVE,RELAY_HOLD,2230.3,1915.4,878.2,189.6,21.74,77.79,0,0.000,0,0.000,1,,0
207.82,207.82,UAV-1,RELAY,KILLED,LANDED,2169.8,1894.8,688.3,0.3,0.00,86.44,0,1.000,1,0.000,1,,0
207.82,207.82,UAV-2,SCOUT,ACTIVE,TRANSIT,2724.7,2064.8,779.2,71.0,12.68,77.02,0,0.000,0,0.000,1,,0
207.82,207.82,UAV-3,SCOUT,ACTIVE,TRANSIT,3208.6,2284.3,761.0,39.3,9.16,77.63,0,0.000,0,0.000,1,,0
207.82,207.82,UAV-4,RELAY,ACTIVE,RELAY_TRANSIT,2031.2,1913.8,789.7,104.9,14.13,76.93,0,0.000,0,0.000,1,,0
207.82,207.82,UAV-5,RELAY,ACTIVE,RELAY_HOLD,2249.8,1919.5,886.5,197.5,21.12,77.66,0,0.000,0,0.000,1,,0
208.82,208.82,UAV-1,RELAY,KILLED,LANDED,2169.8,1894.8,688.3,0.3,0.00,86.44,0,1.000,1,0.000,1,,0
208.82,208.82,UAV-2,SCOUT,ACTIVE,TRANSIT,2712.5,2061.4,779.0,72.0,12.69,76.90,0,0.000,0,0.000,1,,0
208.82,208.82,UAV-3,SCOUT,ACTIVE,TRANSIT,3201.4,2278.2,766.0,44.6,11.76,77.51,0,0.000,0,0.000,1,,0
208.82,208.82,UAV-4,RELAY,ACTIVE,RELAY_TRANSIT,2017.8,1916.0,792.9,108.2,13.77,76.81,0,0.000,0,0.000,1,,0
208.82,208.82,UAV-5,RELAY,ACTIVE,RELAY_HOLD,2269.9,1923.8,892.6,202.4,21.06,77.56,0,0.000,0,0.000,1,,0
209.82,209.82,UAV-1,RELAY,KILLED,LANDED,2169.8,1894.8,688.3,0.3,0.00,86.44,0,1.000,1,0.000,1,,0
209.82,209.82,UAV-2,SCOUT,ACTIVE,TRANSIT,2700.1,2058.5,778.8,73.1,12.67,76.78,0,0.000,0,0.000,1,,0
209.82,209.82,UAV-3,SCOUT,ACTIVE,TRANSIT,3191.6,2271.9,770.5,49.5,13.01,77.38,0,0.000,0,0.000,1,,0
209.82,209.82,UAV-4,RELAY,ACTIVE,RELAY_TRANSIT,2004.6,1917.9,795.5,111.1,13.36,76.69,0,0.000,0,0.000,1,,0
209.82,209.82,UAV-5,RELAY,ACTIVE,RELAY_HOLD,2290.3,1928.7,896.9,205.3,20.26,77.45,0,0.000,0,0.000,1,,0
210.82,210.82,UAV-1,RELAY,KILLED,LANDED,2169.8,1894.8,688.3,0.3,0.00,86.44,0,1.000,1,0.000,1,,0
210.82,210.82,UAV-2,SCOUT,ACTIVE,TRANSIT,2687.7,2056.2,778.6,74.4,12.65,76.66,0,0.000,0,0.000,1,,0
210.82,210.82,UAV-3,SCOUT,ACTIVE,TRANSIT,3180.4,2266.0,774.4,54.0,13.59,77.26,0,0.000,0,0.000,1,,0
210.82,210.82,UAV-4,RELAY,ACTIVE,RELAY_TRANSIT,1991.7,1919.6,797.7,113.6,14.05,76.56,0,0.000,0,0.000,1,,0
210.82,210.82,UAV-5,RELAY,ACTIVE,RELAY_HOLD,2309.1,1933.3,895.6,203.3,19.62,77.34,0,0.000,0,0.000,1,,0
211.82,211.82,UAV-1,RELAY,KILLED,LANDED,2169.8,1894.8,688.3,0.3,0.00,86.44,0,1.000,1,0.000,1,,0
211.82,211.82,UAV-2,SCOUT,ACTIVE,TRANSIT,2675.3,2054.5,778.3,75.6,11.92,76.54,0,0.000,0,0.000,1,,0
211.82,211.82,UAV-3,SCOUT,ACTIVE,TRANSIT,3168.3,2260.4,778.0,57.9,13.78,77.13,0,0.000,0,0.000,1,,0
211.82,211.82,UAV-4,RELAY,ACTIVE,RELAY_TRANSIT,1977.5,1921.0,803.8,119.7,16.08,76.42,0,0.000,0,0.000,1,,0
211.82,211.82,UAV-5,RELAY,ACTIVE,RELAY_HOLD,2328.7,1938.4,891.7,198.8,21.50,77.23,0,0.000,0,0.000,1,,0
212.82,212.82,UAV-1,RELAY,KILLED,LANDED,2169.8,1894.8,688.3,0.3,0.00,86.44,0,1.000,1,0.000,1,,0
212.82,212.82,UAV-2,SCOUT,ACTIVE,TRANSIT,2664.3,2051.0,777.1,75.5,11.65,76.40,0,0.000,0,0.000,1,,0
212.82,212.82,UAV-3,SCOUT,ACTIVE,TRANSIT,3155.9,2255.2,781.1,61.1,13.80,77.01,0,0.000,0,0.000,1,,0
212.82,212.82,UAV-4,RELAY,ACTIVE,RELAY_TRANSIT,1963.1,1922.7,810.6,124.7,15.77,76.30,0,0.000,0,0.000,1,,0
212.82,212.82,UAV-5,RELAY,ACTIVE,RELAY_HOLD,2349.5,1944.0,887.8,194.4,22.00,77.13,0,0.000,0,0.000,1,,0
213.82,213.82,UAV-1,RELAY,KILLED,LANDED,2169.8,1894.8,688.3,0.3,0.00,86.44,0,1.000,1,0.000,1,,0
213.82,213.82,UAV-2,SCOUT,ACTIVE,TRANSIT,2653.8,2045.6,776.0,75.0,12.07,76.27,0,0.000,0,0.000,1,,0
213.82,213.82,UAV-3,SCOUT,ACTIVE,TRANSIT,3143.4,2250.5,783.8,63.8,13.60,76.88,0,0.000,0,0.000,1,,0
213.82,213.82,UAV-4,RELAY,ACTIVE,RELAY_TRANSIT,1949.1,1924.4,816.7,127.2,15.16,76.17,0,0.000,0,0.000,1,,0
213.82,213.82,UAV-5,RELAY,ACTIVE,RELAY_HOLD,2370.3,1949.9,883.9,190.0,22.00,77.03,0,0.000,0,0.000,1,,0
214.82,214.82,UAV-1,RELAY,KILLED,LANDED,2169.8,1894.8,688.3,0.3,0.00,86.44,0,1.000,1,0.000,1,,0
214.82,214.82,UAV-2,SCOUT,ACTIVE,TRANSIT,2643.2,2039.7,774.9,74.4,12.29,76.15,0,0.000,0,0.000,1,,0
214.82,214.82,UAV-3,SCOUT,ACTIVE,TRANSIT,3130.8,2246.2,786.0,66.4,13.34,76.76,0,0.000,0,0.000,1,,0
214.82,214.82,UAV-4,RELAY,ACTIVE,RELAY_TRANSIT,1935.3,1926.1,822.1,127.6,14.55,76.05,0,0.000,0,0.000,1,,0
214.82,214.82,UAV-5,RELAY,ACTIVE,RELAY_HOLD,2389.5,1952.7,884.3,189.5,15.46,76.89,0,0.000,0,0.000,1,,0
215.82,215.82,UAV-1,RELAY,KILLED,LANDED,2169.8,1894.8,688.3,0.3,0.00,86.44,0,1.000,1,0.000,1,,0
215.82,215.82,UAV-2,SCOUT,ACTIVE,TRANSIT,2632.3,2033.9,773.9,73.8,12.44,76.03,0,0.000,0,0.000,1,,0
215.82,215.82,UAV-3,SCOUT,ACTIVE,TRANSIT,3118.2,2242.6,787.7,68.6,13.11,76.64,0,0.000,0,0.000,1,,0
215.82,215.82,UAV-4,RELAY,ACTIVE,RELAY_TRANSIT,1921.4,1927.6,828.0,127.6,16.76,75.91,0,0.000,0,0.000,1,,0
215.82,215.82,UAV-5,RELAY,ACTIVE,RELAY_HOLD,2401.0,1950.8,887.6,192.6,10.10,76.77,0,0.000,0,0.000,1,,0
216.82,216.82,UAV-1,RELAY,KILLED,LANDED,2169.8,1894.8,688.3,0.3,0.00,86.44,0,1.000,1,0.000,1,,0
216.82,216.82,UAV-2,SCOUT,ACTIVE,TRANSIT,2621.1,2028.4,773.1,73.1,12.49,75.91,0,0.000,0,0.000,1,,0
216.82,216.82,UAV-3,SCOUT,ACTIVE,TRANSIT,3105.7,2239.6,788.9,70.2,12.29,76.52,0,0.000,0,0.000,1,,0
216.82,216.82,UAV-4,RELAY,ACTIVE,RELAY_TRANSIT,1906.7,1929.1,835.8,128.1,16.20,75.78,0,0.000,0,0.000,1,,0
216.82,216.82,UAV-5,RELAY,ACTIVE,RELAY_HOLD,2408.7,1949.7,887.3,192.2,6.38,76.64,0,0.000,0,0.000,1,,0
217.82,217.82,UAV-1,RELAY,KILLED,LANDED,2169.8,1894.8,688.3,0.3,0.00,86.44,0,1.000,1,0.000,1,,0
217.82,217.82,UAV-2,SCOUT,ACTIVE,TRANSIT,2609.7,2023.4,772.3,72.5,12.54,75.79,0,0.000,0,0.000,1,,0
217.82,217.82,UAV-3,SCOUT,ACTIVE,TRANSIT,3094.5,2235.7,788.7,70.1,11.92,76.38,0,0.000,0,0.000,1,,0
217.82,217.82,UAV-4,RELAY,ACTIVE,RELAY_TRANSIT,1892.8,1930.5,842.4,127.1,14.79,75.65,0,0.000,0,0.000,1,,0
217.82,217.82,UAV-5,RELAY,ACTIVE,RELAY_HOLD,2411.8,1950.4,885.4,190.2,1.43,76.51,0,0.000,0,0.000,1,,0
218.82,218.82,UAV-1,RELAY,KILLED,LANDED,2169.8,1894.8,688.3,0.3,0.00,86.44,0,1.000,1,0.000,1,,0
218.82,218.82,UAV-2,SCOUT,ACTIVE,TRANSIT,2598.0,2018.8,771.6,72.1,12.59,75.66,0,0.000,0,0.000,1,,0
218.82,218.82,UAV-3,SCOUT,ACTIVE,TRANSIT,3083.8,2229.8,788.4,69.9,12.42,76.25,0,0.000,0,0.000,1,,0
218.82,218.82,UAV-4,RELAY,ACTIVE,RELAY_TRANSIT,1879.7,1931.8,847.1,124.8,12.22,75.54,0,0.000,0,0.000,1,,0
218.82,218.82,UAV-5,RELAY,ACTIVE,RELAY_HOLD,2407.6,1950.0,887.0,191.9,7.82,76.37,0,0.000,0,0.000,1,,0
219.82,219.82,UAV-1,RELAY,KILLED,LANDED,2169.8,1894.8,688.3,0.3,0.00,86.44,0,1.000,1,0.000,1,,0
219.82,219.82,UAV-2,SCOUT,ACTIVE,TRANSIT,2586.1,2014.7,771.0,71.8,12.61,75.54,0,0.000,0,0.000,1,,0
219.82,219.82,UAV-3,SCOUT,ACTIVE,TRANSIT,3072.9,2223.5,788.2,69.9,12.66,76.13,0,0.000,0,0.000,1,,0
219.82,219.82,UAV-4,RELAY,ACTIVE,RELAY_TRANSIT,1869.8,1933.1,845.8,117.9,9.55,75.43,0,0.000,0,0.000,1,,0
219.82,219.82,UAV-5,RELAY,ACTIVE,RELAY_HOLD,2400.9,1948.4,887.4,192.4,6.48,76.25,0,0.000,0,0.000,1,,0
220.82,220.82,UAV-1,RELAY,KILLED,LANDED,2169.8,1894.8,688.3,0.3,0.00,86.44,0,1.000,1,0.000,1,,0
220.82,220.82,UAV-2,SCOUT,ACTIVE,TRANSIT,2574.0,2011.0,770.5,71.5,12.61,75.42,0,0.000,0,0.000,1,,0
220.82,220.82,UAV-3,SCOUT,ACTIVE,TRANSIT,3061.8,2217.5,787.9,69.8,12.72,76.01,0,0.000,0,0.000,1,,0
220.82,220.82,UAV-4,RELAY,ACTIVE,RELAY_TRANSIT,1860.0,1934.2,842.8,110.0,10.78,75.31,0,0.000,0,0.000,1,,0
220.82,220.82,UAV-5,RELAY,ACTIVE,RELAY_HOLD,2396.0,1948.7,881.6,186.7,8.83,76.12,0,0.000,0,0.000,1,,0
221.82,221.82,UAV-1,RELAY,KILLED,LANDED,2169.8,1894.8,688.3,0.3,0.00,86.44,0,1.000,1,0.000,1,,0
221.82,221.82,UAV-2,SCOUT,ACTIVE,TRANSIT,2561.8,2007.8,770.1,71.0,12.65,75.30,0,0.000,0,0.000,1,,0
221.82,221.82,UAV-3,SCOUT,ACTIVE,TRANSIT,3050.3,2211.9,787.7,69.7,12.74,75.89,0,0.000,0,0.000,1,,0
221.82,221.82,UAV-4,RELAY,ACTIVE,RELAY_TRANSIT,1849.5,1935.0,839.8,103.0,11.16,75.19,0,0.000,0,0.000,1,,0
221.82,221.82,UAV-5,RELAY,ACTIVE,RELAY_HOLD,2389.6,1953.6,877.4,182.5,10.05,75.97,0,0.000,0,0.000,1,,0
222.82,222.82,UAV-1,RELAY,KILLED,LANDED,2169.8,1894.8,688.3,0.3,0.00,86.44,0,1.000,1,0.000,1,,0
222.82,222.82,UAV-2,SCOUT,ACTIVE,TRANSIT,2549.4,2005.2,769.8,70.4,12.76,75.18,0,0.000,0,0.000,1,,0
222.82,222.82,UAV-3,SCOUT,ACTIVE,TRANSIT,3038.6,2206.7,787.5,69.9,12.81,75.76,0,0.000,0,0.000,1,,0
222.82,222.82,UAV-4,RELAY,ACTIVE,RELAY_TRANSIT,1838.7,1935.7,836.3,96.5,11.53,75.07,0,0.000,0,0.000,1,,0
222.82,222.82,UAV-5,RELAY,ACTIVE,RELAY_HOLD,2380.5,1957.1,876.9,182.3,10.17,75.84,0,0.000,0,0.000,1,,0
223.82,223.82,UAV-1,RELAY,KILLED,LANDED,2169.8,1894.8,688.3,0.3,0.00,86.44,0,1.000,1,0.000,1,,0
223.82,223.82,UAV-2,SCOUT,ACTIVE,TRANSIT,2536.8,2003.1,769.5,70.1,12.78,75.06,0,0.002,0,0.000,1,,0
223.82,223.82,UAV-3,SCOUT,ACTIVE,TRANSIT,3026.7,2202.1,787.4,70.2,12.79,75.64,0,0.002,0,0.000,1,,0
223.82,223.82,UAV-4,RELAY,ACTIVE,RELAY_TRANSIT,1827.5,1936.2,833.1,92.0,11.88,74.96,0,0.002,0,0.004,1,,0
223.82,223.82,UAV-5,RELAY,ACTIVE,RELAY_HOLD,2370.1,1958.1,876.8,182.6,11.00,75.72,0,0.002,0,0.000,1,,0
224.82,224.82,UAV-1,RELAY,KILLED,LANDED,2169.8,1894.8,688.3,0.3,0.00,86.44,0,1.000,1,0.000,1,,0
224.82,224.82,UAV-2,SCOUT,ACTIVE,TRANSIT,2524.4,2001.1,769.3,70.0,12.17,74.93,0,0.000,0,0.000,1,,0
224.82,224.82,UAV-3,SCOUT,ACTIVE,TRANSIT,3014.6,2198.0,787.3,70.5,12.73,75.52,0,0.000,0,0.000,1,,0
224.82,224.82,UAV-4,RELAY,ACTIVE,RELAY_TRANSIT,1815.8,1936.7,830.5,89.0,12.21,74.83,0,0.000,0,0.000,1,,0
224.82,224.82,UAV-5,RELAY,ACTIVE,RELAY_HOLD,2359.1,1958.2,876.6,182.8,10.76,75.60,0,0.000,0,0.000,1,,0
225.82,225.82,UAV-1,RELAY,KILLED,LANDED,2169.8,1894.8,688.3,0.3,0.00,86.44,0,1.000,1,0.000,1,,0
225.82,225.82,UAV-2,SCOUT,ACTIVE,TRANSIT,2513.2,1996.6,768.9,69.9,12.20,74.80,0,0.000,0,0.000,1,,0
225.82,225.82,UAV-3,SCOUT,ACTIVE,TRANSIT,3002.4,2194.5,787.1,70.6,12.69,75.40,0,0.000,0,0.000,1,,0
225.82,225.82,UAV-4,RELAY,ACTIVE,RELAY_TRANSIT,1803.7,1937.9,828.7,87.1,12.21,74.72,0,0.000,0,0.094,1,,0
225.82,225.82,UAV-5,RELAY,ACTIVE,RELAY_HOLD,2350.5,1958.7,875.8,182.3,4.97,75.48,0,0.000,0,0.000,1,,0
226.82,226.82,UAV-1,RELAY,KILLED,LANDED,2169.8,1894.8,688.3,0.3,0.00,86.44,0,1.000,1,0.000,1,,0
226.82,226.82,UAV-2,SCOUT,ACTIVE,TRANSIT,2502.3,1990.8,768.6,69.8,12.48,74.67,0,0.036,0,0.000,1,,0
226.82,226.82,UAV-3,SCOUT,ACTIVE,TRANSIT,2990.1,2191.6,787.1,70.7,12.66,75.28,0,0.036,0,0.000,1,,0
226.82,226.82,UAV-4,RELAY,ACTIVE,RELAY_TRANSIT,1791.8,1939.6,826.8,85.1,12.09,74.60,0,0.041,0,0.112,1,,0
226.82,226.82,UAV-5,RELAY,ACTIVE,RELAY_HOLD,2347.1,1959.1,875.7,182.3,6.33,75.35,0,0.036,0,0.000,1,,0
227.82,227.82,UAV-1,RELAY,KILLED,LANDED,2169.8,1894.8,688.3,0.3,0.00,86.44,0,1.000,1,0.000,1,,0
227.82,227.82,UAV-2,SCOUT,ACTIVE,TRANSIT,2491.2,1984.9,768.3,69.7,12.63,74.55,0,0.045,0,0.000,1,,0
227.82,227.82,UAV-3,SCOUT,ACTIVE,TRANSIT,2977.6,2189.4,787.0,70.8,12.68,75.16,0,0.045,0,0.000,1,,0
227.82,227.82,UAV-4,RELAY,ACTIVE,RELAY_TRANSIT,1778.4,1941.2,828.2,89.9,14.37,74.46,0,0.045,0,0.075,1,,0
227.82,227.82,UAV-5,RELAY,ACTIVE,RELAY_HOLD,2341.5,1959.8,877.4,184.0,4.27,75.23,0,0.045,0,0.000,1,,0
228.82,228.82,UAV-1,RELAY,KILLED,LANDED,2169.8,1894.8,688.3,0.3,0.00,86.44,0,1.000,1,0.000,1,,0
228.82,228.82,UAV-2,SCOUT,ACTIVE,TRANSIT,2479.9,1979.2,768.0,69.6,12.65,74.43,0,0.187,0,0.000,1,,0
228.82,228.82,UAV-3,SCOUT,ACTIVE,TRANSIT,2965.7,2186.5,786.8,70.5,11.99,75.02,0,0.187,0,0.000,1,,0
228.82,228.82,UAV-4,RELAY,ACTIVE,RELAY_TRANSIT,1764.8,1942.8,830.7,99.1,13.52,74.34,0,0.195,0,0.129,1,,0
228.82,228.82,UAV-5,RELAY,ACTIVE,RELAY_HOLD,2341.5,1961.0,877.0,183.5,3.06,75.09,0,0.187,0,0.000,1,,0
229.82,229.82,UAV-1,RELAY,KILLED,LANDED,2169.8,1894.8,688.3,0.3,0.00,86.44,0,1.000,1,0.000,1,,0
229.82,229.82,UAV-2,SCOUT,ACTIVE,TRANSIT,2468.4,1974.0,767.8,69.8,12.62,74.31,0,0.247,0,0.000,1,,0
229.82,229.82,UAV-3,SCOUT,ACTIVE,TRANSIT,2954.9,2181.2,786.5,69.8,12.23,74.89,0,0.247,0,0.000,1,,0
229.82,229.82,UAV-4,RELAY,ACTIVE,RELAY_TRANSIT,1751.9,1944.3,832.2,108.3,12.69,74.22,0,0.247,0,0.337,1,,0
229.82,229.82,UAV-5,RELAY,ACTIVE,RELAY_HOLD,2345.4,1963.1,873.8,180.3,8.13,74.97,0,0.247,0,0.000,1,,0
230.82,230.82,UAV-1,RELAY,KILLED,LANDED,2169.8,1894.8,688.3,0.3,0.00,86.44,0,1.000,1,0.000,1,,0
230.82,230.82,UAV-2,SCOUT,ACTIVE,TRANSIT,2456.8,1969.1,767.6,70.2,12.61,74.18,0,0.249,0,0.000,1,,0
230.82,230.82,UAV-3,SCOUT,ACTIVE,TRANSIT,2944.1,2175.1,786.2,69.1,12.49,74.77,0,0.249,0,0.000,1,,0
230.82,230.82,UAV-4,RELAY,ACTIVE,RELAY_TRANSIT,1740.4,1945.8,831.4,114.4,10.52,74.11,0,0.249,0,0.197,1,,0
230.82,230.82,UAV-5,RELAY,ACTIVE,RELAY_HOLD,2349.7,1966.8,865.7,171.9,7.89,74.84,0,0.249,0,0.000,1,,0
231.82,231.82,UAV-1,RELAY,KILLED,LANDED,2169.8,1894.8,688.3,0.3,0.00,86.44,0,1.000,1,0.000,1,,0
231.82,231.82,UAV-2,SCOUT,ACTIVE,TRANSIT,2445.0,1964.7,767.4,70.8,12.64,74.06,0,0.260,0,0.000,1,,0
231.82,231.82,UAV-3,SCOUT,ACTIVE,TRANSIT,2933.1,2169.0,785.9,68.9,12.63,74.65,0,0.260,0,0.000,1,,0
231.82,231.82,UAV-4,RELAY,ACTIVE,RELAY_TRANSIT,1731.5,1947.1,825.9,113.9,10.83,74.00,0,0.262,0,0.383,1,,0
231.82,231.82,UAV-5,RELAY,ACTIVE,RELAY_HOLD,2351.5,1969.5,864.5,170.6,5.67,74.69,0,0.260,0,0.000,1,,0
232.82,232.82,UAV-1,RELAY,KILLED,LANDED,2169.8,1894.8,688.3,0.3,0.00,86.44,0,1.000,1,0.000,1,,0
232.82,232.82,UAV-2,SCOUT,ACTIVE,TRANSIT,2433.0,1960.7,767.2,71.3,12.69,73.94,1,0.894,3,0.000,1,,0
232.82,232.82,UAV-3,SCOUT,ACTIVE,TRANSIT,2921.8,2163.3,785.7,69.1,12.71,74.52,1,0.894,4,0.000,1,,0
232.82,232.82,UAV-4,RELAY,ACTIVE,RELAY_TRANSIT,1720.4,1948.1,823.6,118.8,12.11,73.87,1,0.894,1,0.836,1,,0
232.82,232.82,UAV-5,RELAY,ACTIVE,RELAY_HOLD,2355.8,1967.9,872.1,178.1,9.79,74.55,1,0.894,2,0.000,1,,0
233.82,233.82,UAV-1,RELAY,KILLED,LANDED,2169.8,1894.8,688.3,0.3,0.00,86.44,0,1.000,1,0.000,1,,0
233.82,233.82,UAV-2,SCOUT,ACTIVE,TRANSIT,2420.8,1957.1,767.1,71.6,12.67,73.82,1,1.000,3,0.000,1,,0
233.82,233.82,UAV-3,SCOUT,ACTIVE,TRANSIT,2910.2,2158.1,785.5,69.7,12.69,74.40,1,1.000,4,0.000,1,,0
233.82,233.82,UAV-4,RELAY,ACTIVE,RELAY_TRANSIT,1708.2,1949.1,823.2,126.2,13.28,73.74,1,1.000,1,1.000,1,,0
233.82,233.82,UAV-5,RELAY,ACTIVE,RELAY_HOLD,2361.1,1965.5,875.2,181.1,5.22,74.43,1,1.000,2,0.000,1,,0
234.82,234.82,UAV-1,RELAY,KILLED,LANDED,2169.8,1894.8,688.3,0.3,0.00,86.44,0,1.000,1,0.000,1,,0
234.82,234.82,UAV-2,SCOUT,ACTIVE,TRANSIT,2408.5,1954.1,767.0,71.8,12.69,73.70,1,1.000,2,0.000,1,,0
234.82,234.82,UAV-3,SCOUT,ACTIVE,TRANSIT,2898.5,2153.3,785.3,70.5,12.69,74.28,1,1.000,3,0.000,1,,0
234.82,234.82,UAV-4,RELAY,ACTIVE,RELAY_TRANSIT,1694.3,1950.4,829.5,141.0,17.30,73.59,1,1.000,1,1.000,1,,0
234.82,234.82,UAV-5,RELAY,ACTIVE,RELAY_HOLD,2363.7,1965.7,874.8,180.5,2.83,74.29,1,1.000,3,0.000,1,,0
235.82,235.82,UAV-1,RELAY,KILLED,LANDED,2169.8,1894.8,688.3,0.3,0.00,86.44,0,1.000,1,0.000,1,,0
235.82,235.82,UAV-2,SCOUT,ACTIVE,TRANSIT,2396.0,1951.7,766.9,71.9,12.73,73.58,1,1.000,2,0.000,1,,0
235.82,235.82,UAV-3,SCOUT,ACTIVE,TRANSIT,2886.5,2149.1,785.2,70.9,12.71,74.16,1,1.000,3,0.000,1,,0
235.82,235.82,UAV-4,RELAY,ACTIVE,RELAY_HOLD,1680.6,1951.8,838.4,157.3,12.81,73.46,1,1.000,1,1.000,1,,0
235.82,235.82,UAV-5,RELAY,ACTIVE,RELAY_HOLD,2363.2,1966.8,876.3,182.0,1.94,74.17,1,1.000,3,0.000,1,,0
236.82,236.82,UAV-1,RELAY,KILLED,LANDED,2169.8,1894.8,688.3,0.3,0.00,86.44,0,1.000,1,0.000,1,,0
236.82,236.82,UAV-2,SCOUT,ACTIVE,TRANSIT,2383.4,1949.8,766.8,72.3,12.48,73.46,1,0.998,2,0.000,1,,0
236.82,236.82,UAV-3,SCOUT,ACTIVE,TRANSIT,2874.3,2145.4,785.1,71.1,12.76,74.04,1,0.998,4,0.000,1,,0
236.82,236.82,UAV-4,RELAY,ACTIVE,RELAY_TRANSIT,1668.8,1953.2,843.1,166.4,13.62,73.33,1,0.998,1,1.000,1,,0
236.82,236.82,UAV-5,RELAY,ACTIVE,RELAY_HOLD,2366.4,1968.1,874.4,179.9,3.75,74.04,1,0.998,3,0.000,1,,0
237.82,237.82,UAV-1,RELAY,KILLED,LANDED,2169.8,1894.8,688.3,0.3,0.00,86.44,0,1.000,1,0.000,1,,0
237.82,237.82,UAV-2,SCOUT,ACTIVE,TRANSIT,2371.9,1946.8,766.1,72.2,11.83,73.32,1,1.000,2,0.000,1,,0
237.82,237.82,UAV-3,SCOUT,ACTIVE,TRANSIT,2861.9,2142.4,785.0,71.1,12.73,73.92,1,1.000,3,0.000,1,,0
237.82,237.82,UAV-4,RELAY,ACTIVE,RELAY_TRANSIT,1656.0,1954.4,848.1,174.5,13.88,73.21,1,1.000,1,1.000,1,,0
237.82,237.82,UAV-5,RELAY,ACTIVE,RELAY_HOLD,2368.1,1967.4,873.4,178.9,3.22,73.90,1,1.000,3,0.000,1,,0
238.82,238.82,UAV-1,RELAY,KILLED,LANDED,2169.8,1894.8,688.3,0.3,0.00,86.44,0,1.000,1,0.000,1,,0
238.82,238.82,UAV-2,SCOUT,ACTIVE,TRANSIT,2361.1,1941.5,765.4,71.8,12.24,73.19,1,1.000,2,0.000,1,,0
238.82,238.82,UAV-3,SCOUT,ACTIVE,TRANSIT,2849.4,2140.0,784.9,71.3,12.80,73.80,1,1.000,3,0.000,1,,0
238.82,238.82,UAV-4,RELAY,ACTIVE,RELAY_HOLD,1644.5,1955.7,850.2,177.3,10.16,73.10,1,1.000,1,1.000,1,,0
238.82,238.82,UAV-5,RELAY,ACTIVE,RELAY_HOLD,2366.6,1962.8,872.1,177.8,7.98,73.76,1,1.000,3,0.000,1,,0
239.82,239.82,UAV-1,RELAY,KILLED,LANDED,2169.8,1894.8,688.3,0.3,0.00,86.44,0,1.000,1,0.000,1,,0
239.82,239.82,UAV-2,SCOUT,ACTIVE,TRANSIT,2350.2,1935.6,764.7,71.2,12.47,73.07,1,1.000,3,0.000,1,,0
239.82,239.82,UAV-3,SCOUT,ACTIVE,TRANSIT,2837.2,2137.6,784.6,71.3,12.05,73.67,1,1.000,4,0.000,1,,0
239.82,239.82,UAV-4,RELAY,ACTIVE,RELAY_HOLD,1633.5,1957.1,850.7,178.2,10.83,72.97,1,1.000,1,1.000,1,,0
239.82,239.82,UAV-5,RELAY,ACTIVE,RELAY_HOLD,2366.3,1955.2,873.5,179.6,4.84,73.62,1,1.000,2,0.000,1,,0
240.82,240.82,UAV-1,RELAY,KILLED,LANDED,2169.8,1894.8,688.3,0.3,0.00,86.44,0,1.000,1,0.000,1,,0
240.82,240.82,UAV-2,SCOUT,ACTIVE,TRANSIT,2339.1,1929.8,764.1,70.8,12.60,72.95,1,1.000,2,0.000,1,,0
240.82,240.82,UAV-3,SCOUT,ACTIVE,TRANSIT,2826.2,2132.8,784.1,71.1,12.20,73.53,1,1.000,3,0.000,1,,0
240.82,240.82,UAV-4,RELAY,ACTIVE,RELAY_HOLD,1623.1,1958.2,849.3,177.3,10.87,72.85,1,1.000,1,1.000,1,,0
240.82,240.82,UAV-5,RELAY,ACTIVE,RELAY_HOLD,2370.2,1954.8,876.8,182.7,9.67,73.48,1,1.000,3,0.000,1,,0
241.82,241.82,UAV-1,RELAY,KILLED,LANDED,2169.8,1894.8,688.3,0.3,0.00,86.44,0,1.000,1,0.000,1,,0
241.82,241.82,UAV-2,SCOUT,ACTIVE,TRANSIT,2327.8,1924.3,763.5,70.9,12.64,72.82,1,1.000,2,0.000,1,,0
241.82,241.82,UAV-3,SCOUT,ACTIVE,TRANSIT,2815.4,2126.8,783.6,70.8,12.51,73.41,1,1.000,3,0.000,1,,0
241.82,241.82,UAV-4,RELAY,ACTIVE,RELAY_TRANSIT,1613.5,1959.2,846.0,174.5,10.07,72.73,1,1.000,1,1.000,1,,0
241.82,241.82,UAV-5,RELAY,ACTIVE,RELAY_TRANSIT,2373.7,1960.1,882.4,188.0,5.89,73.35,1,1.000,3,0.000,1,,0
242.82,242.82,UAV-1,RELAY,KILLED,LANDED,2169.8,1894.8,688.3,0.3,0.00,86.44,0,1.000,1,0.000,1,,0
242.82,242.82,UAV-2,SCOUT,ACTIVE,TRANSIT,2316.2,1919.1,763.0,71.0,12.67,72.70,1,1.000,2,0.000,1,,0
242.82,242.82,UAV-3,SCOUT,ACTIVE,TRANSIT,2804.4,2120.6,783.2,70.4,12.66,73.28,1,1.000,3,0.000,1,,0
242.82,242.82,UAV-4,RELAY,ACTIVE,RELAY_TRANSIT,1606.7,1961.8,838.3,167.1,11.16,72.60,1,1.000,1,1.000,1,,0
242.82,242.82,UAV-5,RELAY,ACTIVE,RELAY_TRANSIT,2376.1,1964.0,880.7,185.9,6.44,73.22,1,1.000,3,0.000,1,,0
243.82,243.82,UAV-1,RELAY,KILLED,LANDED,2169.8,1894.8,688.3,0.3,0.00,86.44,0,1.000,1,0.000,1,,0
243.82,243.82,UAV-2,SCOUT,ACTIVE,TRANSIT,2304.5,1914.4,762.6,71.0,12.68,72.58,1,1.000,2,0.000,1,,0
243.82,243.82,UAV-3,SCOUT,ACTIVE,TRANSIT,2793.1,2114.8,782.8,70.1,12.72,73.16,1,1.000,3,0.000,1,,0
243.82,243.82,UAV-4,RELAY,ACTIVE,RELAY_TRANSIT,1600.5,1967.1,830.1,159.3,12.02,72.46,1,1.000,1,1.000,1,,0
243.82,243.82,UAV-5,RELAY,ACTIVE,RELAY_TRANSIT,2378.0,1966.5,872.4,177.5,11.16,73.09,1,1.000,3,0.000,1,,0
244.82,244.82,UAV-1,RELAY,KILLED,LANDED,2169.8,1894.8,688.3,0.3,0.00,86.44,0,1.000,1,0.000,1,,0
244.82,244.82,UAV-2,SCOUT,ACTIVE,TRANSIT,2292.5,1910.2,762.2,71.1,12.69,72.46,1,1.000,2,0.000,1,,0
244.82,244.82,UAV-3,SCOUT,ACTIVE,TRANSIT,2781.6,2109.4,782.5,70.0,12.72,73.04,1,1.000,3,0.000,1,,0
244.82,244.82,UAV-4,RELAY,ACTIVE,RELAY_TRANSIT,1594.2,1974.5,822.4,151.6,12.81,72.33,1,1.000,1,1.000,1,,0
244.82,244.82,UAV-5,RELAY,ACTIVE,RELAY_TRANSIT,2379.1,1967.2,860.5,165.4,12.02,72.96,1,1.000,3,0.000,1,,0
245.82,245.82,UAV-1,RELAY,KILLED,LANDED,2169.8,1894.8,688.3,0.3,0.00,86.44,0,1.000,1,0.000,1,,0
245.82,245.82,UAV-2,SCOUT,ACTIVE,TRANSIT,2280.4,1906.4,761.9,71.4,12.70,72.34,1,1.000,2,0.000,1,,0
245.82,245.82,UAV-3,SCOUT,ACTIVE,TRANSIT,2769.9,2104.5,782.2,69.9,12.73,72.92,1,1.000,3,0.000,1,,0
245.82,245.82,UAV-4,RELAY,ACTIVE,RELAY_TRANSIT,1587.6,1982.9,814.9,144.3,13.14,72.21,1,1.000,1,1.000,1,,0
245.82,245.82,UAV-5,RELAY,ACTIVE,RELAY_TRANSIT,2378.5,1965.2,849.0,154.0,11.63,72.82,1,1.000,3,0.000,1,,0
246.82,246.82,UAV-1,RELAY,KILLED,LANDED,2169.8,1894.8,688.3,0.3,0.00,86.44,0,1.000,1,0.000,1,,0
246.82,246.82,UAV-2,SCOUT,ACTIVE,TRANSIT,2268.1,1903.2,761.6,71.9,12.72,72.22,1,1.000,2,0.000,1,,0
246.82,246.82,UAV-3,SCOUT,ACTIVE,TRANSIT,2757.9,2100.1,782.0,70.3,12.74,72.80,1,1.000,3,0.000,1,,0
246.82,246.82,UAV-4,RELAY,ACTIVE,RELAY_TRANSIT,1580.5,1991.4,807.8,137.5,13.16,72.10,1,1.000,1,1.000,1,,0
246.82,246.82,UAV-5,RELAY,ACTIVE,RELAY_TRANSIT,2376.2,1960.8,838.4,143.8,11.74,72.69,1,1.000,3,0.000,1,,0
247.82,247.82,UAV-1,RELAY,KILLED,LANDED,2169.8,1894.8,688.3,0.3,0.00,86.44,0,1.000,1,0.000,1,,0
247.82,247.82,UAV-2,SCOUT,ACTIVE,TRANSIT,2255.7,1900.4,761.4,72.2,12.77,72.10,1,1.000,2,0.000,1,,0
247.82,247.82,UAV-3,SCOUT,ACTIVE,TRANSIT,2745.8,2096.3,781.7,71.0,12.76,72.68,1,1.000,3,0.000,1,,0
247.82,247.82,UAV-4,RELAY,ACTIVE,RELAY_TRANSIT,1572.9,1999.5,800.9,131.1,13.01,71.98,1,1.000,1,1.000,1,,0
247.82,247.82,UAV-5,RELAY,ACTIVE,RELAY_TRANSIT,2372.9,1954.7,828.8,134.6,11.99,72.56,1,1.000,3,0.000,1,,0
248.82,248.82,UAV-1,RELAY,KILLED,LANDED,2169.8,1894.8,688.3,0.3,0.00,86.44,0,1.000,1,0.000,1,,0
248.82,248.82,UAV-2,SCOUT,ACTIVE,TRANSIT,2243.1,1898.2,761.2,72.3,12.80,71.98,1,1.000,2,0.000,1,,0
248.82,248.82,UAV-3,SCOUT,ACTIVE,TRANSIT,2733.4,2093.1,781.6,72.1,12.78,72.56,1,1.000,3,0.000,1,,0
248.82,248.82,UAV-4,RELAY,ACTIVE,RELAY_TRANSIT,1564.3,2007.2,795.1,126.0,13.14,71.85,1,1.000,1,1.000,1,,0
248.82,248.82,UAV-5,RELAY,ACTIVE,RELAY_TRANSIT,2368.8,1947.5,820.0,126.2,12.18,72.42,1,1.000,3,0.000,1,,0
249.82,249.82,UAV-1,RELAY,KILLED,LANDED,2169.8,1894.8,688.3,0.3,0.00,86.44,0,1.000,1,0.000,1,,0
249.82,249.82,UAV-2,SCOUT,ACTIVE,TRANSIT,2230.6,1896.2,761.1,72.3,12.30,71.85,1,0.958,2,0.000,1,,0
249.82,249.82,UAV-3,SCOUT,ACTIVE,TRANSIT,2720.9,2090.5,781.4,73.4,12.79,72.44,1,0.958,3,0.000,1,,0
249.82,249.82,UAV-4,RELAY,ACTIVE,RELAY_TRANSIT,1553.2,2014.3,793.6,125.4,13.01,71.73,1,1.000,1,1.000,1,,0
249.82,249.82,UAV-5,RELAY,ACTIVE,RELAY_TRANSIT,2364.1,1939.5,812.1,118.4,12.27,72.29,1,0.958,3,0.000,1,,0
250.82,250.82,UAV-1,RELAY,KILLED,LANDED,2169.8,1894.8,688.3,0.3,0.00,86.44,0,1.000,1,0.000,1,,0
250.82,250.82,UAV-2,SCOUT,ACTIVE,TRANSIT,2219.3,1891.7,760.9,72.3,12.35,71.72,1,0.983,2,0.057,1,,0
250.82,250.82,UAV-3,SCOUT,ACTIVE,TRANSIT,2708.6,2088.4,780.9,74.3,11.73,72.31,1,0.983,3,0.000,1,,0
250.82,250.82,UAV-4,RELAY,ACTIVE,RELAY_TRANSIT,1542.4,2020.4,791.2,124.0,12.27,71.61,1,1.000,1,1.000,1,,0
250.82,250.82,UAV-5,RELAY,ACTIVE,RELAY_TRANSIT,2358.6,1931.1,804.9,111.2,12.27,72.16,1,0.983,3,0.000,1,,0
251.82,251.82,UAV-1,RELAY,KILLED,LANDED,2169.8,1894.8,688.3,0.3,0.00,86.44,0,1.000,1,0.000,1,,0
251.82,251.82,UAV-2,SCOUT,ACTIVE,TRANSIT,2208.2,1885.9,760.6,72.3,12.59,71.59,1,0.933,2,0.294,1,,0
251.82,251.82,UAV-3,SCOUT,ACTIVE,TRANSIT,2697.9,2084.4,779.3,73.9,11.64,72.17,1,0.933,3,0.000,1,,0
251.82,251.82,UAV-4,RELAY,ACTIVE,RELAY_TRANSIT,1532.3,2025.6,787.5,120.9,11.81,71.50,1,1.000,1,1.000,1,,0
251.82,251.82,UAV-5,RELAY,ACTIVE,RELAY_TRANSIT,2352.3,1922.9,798.5,104.8,12.10,72.04,1,0.933,3,0.000,1,,0
252.82,252.82,UAV-1,RELAY,KILLED,LANDED,2169.8,1894.8,688.3,0.3,0.00,86.44,0,1.000,1,0.000,1,,0
252.82,252.82,UAV-2,SCOUT,ACTIVE,TRANSIT,2197.0,1880.0,760.5,72.1,12.66,71.47,1,0.990,2,0.782,1,,0
252.82,252.82,UAV-3,SCOUT,ACTIVE,TRANSIT,2687.7,2078.6,777.7,73.5,12.07,72.05,1,0.990,3,0.000,1,,0
252.82,252.82,UAV-4,RELAY,ACTIVE,RELAY_TRANSIT,1522.6,2029.8,782.5,116.3,11.57,71.39,1,1.000,1,1.000,1,,0
252.82,252.82,UAV-5,RELAY,ACTIVE,RELAY_TRANSIT,2345.1,1915.1,792.9,99.4,11.95,71.92,1,0.990,3,0.000,1,,0
253.82,253.82,UAV-1,RELAY,KILLED,LANDED,2169.8,1894.8,688.3,0.3,0.00,86.44,0,1.000,1,0.000,1,,0
253.82,253.82,UAV-2,SCOUT,ACTIVE,TRANSIT,2185.7,1874.3,760.3,71.3,12.70,71.34,1,0.978,2,0.948,1,,0
253.82,253.82,UAV-3,SCOUT,ACTIVE,TRANSIT,2677.2,2072.5,776.3,73.4,12.30,71.93,1,0.978,3,0.000,1,,0
253.82,253.82,UAV-4,RELAY,ACTIVE,RELAY_TRANSIT,1511.5,2032.9,780.3,114.5,13.25,71.25,1,1.000,1,1.000,1,,0
253.82,253.82,UAV-5,RELAY,ACTIVE,RELAY_TRANSIT,2337.0,1907.9,788.0,95.1,11.88,71.80,1,0.978,3,0.000,1,,0
254.82,254.82,UAV-1,RELAY,KILLED,LANDED,2169.8,1894.8,688.3,0.3,0.00,86.44,0,1.000,1,0.000,1,,0
254.82,254.82,UAV-2,SCOUT,ACTIVE,TRANSIT,2174.2,1869.0,760.1,70.2,12.71,71.22,1,1.000,2,0.958,1,,0
254.82,254.82,UAV-3,SCOUT,ACTIVE,TRANSIT,2666.5,2066.6,775.1,73.4,12.40,71.80,1,1.000,3,0.000,1,,0
254.82,254.82,UAV-4,RELAY,ACTIVE,RELAY_TRANSIT,1498.5,2034.9,782.1,116.8,12.69,71.13,1,1.000,1,1.000,1,,0
254.82,254.82,UAV-5,RELAY,ACTIVE,RELAY_TRANSIT,2328.1,1901.3,783.9,91.5,11.88,71.68,1,1.000,3,0.000,1,,0
255.82,255.82,UAV-1,RELAY,KILLED,LANDED,2169.8,1894.8,688.3,0.3,0.00,86.44,0,1.000,1,0.000,1,,0
255.82,255.82,UAV-2,SCOUT,ACTIVE,TRANSIT,2162.4,1864.1,760.0,69.5,12.71,71.10,1,1.000,1,1.000,1,,0
255.82,255.82,UAV-3,SCOUT,ACTIVE,TRANSIT,2655.4,2061.1,774.0,73.1,12.44,71.68,1,1.000,2,0.000,1,,0
255.82,255.82,UAV-4,RELAY,ACTIVE,RELAY_TRANSIT,1486.6,2035.9,782.2,117.7,11.22,71.01,1,1.000,1,1.000,1,,0
255.82,255.82,UAV-5,RELAY,ACTIVE,RELAY_TRANSIT,2318.3,1895.5,780.4,88.5,11.91,71.56,1,1.000,2,0.000,1,,0
256.84,256.84,UAV-1,RELAY,KILLED,LANDED,2169.8,1894.8,688.3,0.3,0.00,86.44,0,1.000,1,0.000,1,,0
256.84,256.84,UAV-2,SCOUT,ACTIVE,TRANSIT,2150.3,1859.5,759.8,69.4,12.67,70.98,1,1.000,1,1.000,1,,0
256.84,256.84,UAV-3,SCOUT,ACTIVE,TRANSIT,2643.8,2056.0,773.0,72.7,12.43,71.56,1,1.000,2,0.000,1,,0
256.84,256.84,UAV-4,RELAY,ACTIVE,RELAY_TRANSIT,1479.6,2035.7,780.9,117.0,5.15,70.90,1,1.000,1,1.000,1,,0
256.84,256.84,UAV-5,RELAY,ACTIVE,RELAY_TRANSIT,2307.7,1890.4,777.5,86.1,11.95,71.43,1,1.000,2,0.000,1,,0
257.86,257.86,UAV-1,RELAY,KILLED,LANDED,2169.8,1894.8,688.3,0.3,0.00,86.44,0,1.000,1,0.000,1,,0
257.86,257.86,UAV-2,SCOUT,ACTIVE,TRANSIT,2138.1,1855.5,759.7,70.0,12.69,70.85,1,1.000,1,1.000,1,,0
257.86,257.86,UAV-3,SCOUT,ACTIVE,TRANSIT,2631.9,2051.5,772.2,72.1,12.49,71.43,1,1.000,2,0.000,1,,0
257.86,257.86,UAV-4,RELAY,ACTIVE,RELAY_TRANSIT,1477.7,2035.7,774.4,110.6,6.68,70.78,1,1.000,1,1.000,1,,0
257.86,257.86,UAV-5,RELAY,ACTIVE,RELAY_TRANSIT,2296.3,1886.2,775.3,84.3,12.12,71.31,1,1.000,2,0.012,1,,0
258.88,258.88,UAV-1,RELAY,KILLED,LANDED,2169.8,1894.8,688.3,0.3,0.00,86.44,0,1.000,1,0.000,1,,0
258.88,258.88,UAV-2,SCOUT,ACTIVE,TRANSIT,2125.6,1851.9,759.7,70.7,12.68,70.73,1,1.000,1,1.000,1,,0
258.88,258.88,UAV-3,SCOUT,ACTIVE,TRANSIT,2619.9,2047.5,771.5,71.5,12.52,71.31,1,1.000,2,0.000,1,,0
258.88,258.88,UAV-4,RELAY,ACTIVE,RELAY_TRANSIT,1474.8,2040.6,772.8,109.4,10.65,70.63,1,1.000,1,1.000,1,,0
258.88,258.88,UAV-5,RELAY,ACTIVE,RELAY_TRANSIT,2284.4,1883.0,773.7,83.5,12.28,71.19,1,1.000,2,0.061,1,,0
259.90,259.90,UAV-1,RELAY,KILLED,LANDED,2169.8,1894.8,688.3,0.3,0.00,86.44,0,1.000,1,0.000,1,,0
259.90,259.90,UAV-2,SCOUT,ACTIVE,TRANSIT,2113.1,1848.9,759.6,71.5,12.67,70.61,1,1.000,1,1.000,1,,0
259.90,259.90,UAV-3,SCOUT,ACTIVE,TRANSIT,2607.5,2044.1,770.9,71.2,12.54,71.19,1,1.000,2,0.000,1,,0
259.90,259.90,UAV-4,RELAY,ACTIVE,RELAY_TRANSIT,1465.9,2049.7,777.8,115.1,14.52,70.49,1,1.000,1,1.000,1,,0
259.90,259.90,UAV-5,RELAY,ACTIVE,RELAY_TRANSIT,2272.1,1880.1,773.0,83.6,12.32,71.05,1,1.000,2,0.425,1,,0
260.92,260.92,UAV-1,RELAY,KILLED,LANDED,2169.8,1894.8,688.3,0.3,0.00,86.44,0,1.000,1,0.000,1,,0
260.92,260.92,UAV-2,SCOUT,ACTIVE,TRANSIT,2100.4,1846.5,759.5,72.4,12.68,70.48,1,0.750,1,0.750,1,,0
260.92,260.92,UAV-3,SCOUT,ACTIVE,TRANSIT,2595.0,2041.4,770.4,71.2,12.60,71.07,1,0.562,2,0.000,1,,0
260.92,260.92,UAV-4,RELAY,ACTIVE,RELAY_TRANSIT,1455.1,2058.6,782.7,120.2,14.51,70.37,1,0.750,1,0.750,1,,0
260.92,260.92,UAV-5,RELAY,ACTIVE,RELAY_TRANSIT,2260.9,1874.8,772.8,84.0,12.22,70.91,1,0.562,2,0.373,1,,0
261.94,261.94,UAV-1,RELAY,KILLED,LANDED,2169.8,1894.8,688.3,0.3,0.00,86.44,0,1.000,1,0.000,1,,0
261.94,261.94,UAV-2,SCOUT,ACTIVE,TRANSIT,2087.6,1844.6,759.4,73.3,12.16,70.36,1,0.750,1,0.750,1,,0
261.94,261.94,UAV-3,SCOUT,ACTIVE,TRANSIT,2582.3,2039.3,770.1,71.2,12.67,70.94,1,0.562,2,0.000,1,,0
261.94,261.94,UAV-4,RELAY,ACTIVE,RELAY_TRANSIT,1443.9,2067.3,786.2,123.8,14.06,70.24,1,0.750,1,0.750,1,,0
261.94,261.94,UAV-5,RELAY,ACTIVE,RELAY_TRANSIT,2251.1,1868.4,771.2,82.4,10.74,70.79,1,0.699,1,0.720,1,,0
262.96,262.96,UAV-1,RELAY,KILLED,LANDED,2169.8,1894.8,688.3,0.3,0.00,86.44,0,1.000,1,0.000,1,,0
262.96,262.96,UAV-2,SCOUT,ACTIVE,TRANSIT,2076.2,1841.1,758.5,73.6,11.74,70.22,1,0.750,1,0.750,1,,0
262.96,262.96,UAV-3,SCOUT,ACTIVE,TRANSIT,2570.2,2036.0,770.0,71.1,12.13,70.80,1,0.562,2,0.000,1,,0
262.96,262.96,UAV-4,RELAY,ACTIVE,RELAY_TRANSIT,1432.9,2075.7,788.3,126.1,13.44,70.12,1,0.750,1,0.750,1,,0
262.96,262.96,UAV-5,RELAY,ACTIVE,RELAY_TRANSIT,2242.9,1862.1,766.8,77.6,12.01,70.65,1,0.750,1,0.750,1,,0
263.98,263.98,UAV-1,RELAY,KILLED,LANDED,2169.8,1894.8,688.3,0.3,0.00,86.44,0,1.000,1,0.000,1,,0
263.98,263.98,UAV-2,SCOUT,ACTIVE,TRANSIT,2065.4,1835.6,757.7,73.5,12.15,70.09,1,0.750,1,0.750,1,,0
263.98,263.98,UAV-3,SCOUT,ACTIVE,TRANSIT,2559.1,2030.3,769.9,70.9,12.43,70.67,1,0.562,2,0.000,1,,0
263.98,263.98,UAV-4,RELAY,ACTIVE,RELAY_TRANSIT,1422.1,2083.7,788.9,127.0,12.85,70.00,1,0.750,1,0.750,1,,0
263.98,263.98,UAV-5,RELAY,ACTIVE,RELAY_TRANSIT,2231.9,1854.9,766.9,77.1,13.22,70.52,1,0.750,1,0.750,1,,0
265.00,265.00,UAV-1,RELAY,KILLED,LANDED,2169.8,1894.8,688.3,0.3,0.00,86.44,0,1.000,1,0.000,1,,0
265.00,265.00,UAV-2,SCOUT,ACTIVE,TRANSIT,2054.4,1829.5,756.9,73.0,12.38,69.96,1,0.750,1,0.750,1,,0
265.00,265.00,UAV-3,SCOUT,ACTIVE,TRANSIT,2548.0,2024.0,769.7,70.6,12.63,70.54,1,0.562,2,0.000,1,,0
265.00,265.00,UAV-4,RELAY,ACTIVE,RELAY_TRANSIT,1411.6,2090.9,788.0,126.1,12.32,69.88,1,0.750,1,0.750,1,,0
265.00,265.00,UAV-5,RELAY,ACTIVE,RELAY_TRANSIT,2220.2,1848.3,767.8,77.1,13.08,70.39,1,0.750,1,0.750,1,,0
266.02,266.02,UAV-1,RELAY,KILLED,LANDED,2169.8,1894.8,688.3,0.3,0.00,86.44,0,1.000,1,0.000,1,,0
266.02,266.02,UAV-2,SCOUT,ACTIVE,TRANSIT,2043.2,1823.6,756.2,72.5,12.43,69.84,1,0.750,1,0.750,1,,0
266.02,266.02,UAV-3,SCOUT,ACTIVE,TRANSIT,2536.6,2017.9,769.6,70.4,12.64,70.42,1,0.562,2,0.000,1,,0
266.02,266.02,UAV-4,STANDBY,RETURNING,RTH,1401.4,2097.4,785.6,123.7,11.88,69.76,1,0.750,1,0.750,1,,0
266.02,266.02,UAV-5,RELAY,ACTIVE,RELAY_TRANSIT,2208.4,1842.3,768.5,77.1,12.91,70.27,1,0.750,1,0.750,1,,0
267.04,267.04,UAV-1,RELAY,KILLED,LANDED,2169.8,1894.8,688.3,0.3,0.00,86.44,0,1.000,1,0.000,1,,0
267.04,267.04,UAV-2,SCOUT,ACTIVE,TRANSIT,2031.8,1818.1,755.6,72.1,12.45,69.71,1,0.750,1,0.750,1,,0
267.04,267.04,UAV-3,SCOUT,ACTIVE,TRANSIT,2525.1,2012.1,769.6,70.4,12.63,70.29,1,0.562,2,0.000,1,,0
267.04,267.04,UAV-4,STANDBY,RETURNING,RTH,1389.6,2105.9,787.0,125.1,16.98,69.61,1,0.750,1,0.750,1,,0
267.04,267.04,UAV-5,RELAY,ACTIVE,RELAY_HOLD,2198.0,1837.8,769.3,77.4,8.72,70.13,1,0.750,1,0.750,1,,0
268.06,268.06,UAV-1,RELAY,KILLED,LANDED,2169.8,1894.8,688.3,0.3,0.00,86.44,0,1.000,1,0.000,1,,0
268.06,268.06,UAV-2,SCOUT,ACTIVE,TRANSIT,2020.2,1813.0,755.0,71.8,12.52,69.59,1,0.750,1,0.750,1,,0
268.06,268.06,UAV-3,SCOUT,ACTIVE,TRANSIT,2513.3,2006.9,769.5,70.4,12.67,70.17,1,0.562,2,0.000,1,,0
268.06,268.06,UAV-4,STANDBY,RETURNING,RTH,1376.1,2116.4,794.3,132.6,18.44,69.46,1,0.750,1,0.750,1,,0
268.06,268.06,UAV-5,RELAY,ACTIVE,RELAY_HOLD,2190.8,1841.3,777.4,85.7,15.41,69.98,1,0.750,1,0.750,1,,0
269.08,269.08,UAV-1,RELAY,KILLED,LANDED,2169.8,1894.8,688.3,0.3,0.00,86.44,0,1.000,1,0.000,1,,0
269.08,269.08,UAV-2,SCOUT,ACTIVE,TRANSIT,2008.3,1808.4,754.5,71.4,12.54,69.47,1,0.750,1,0.750,1,,0
269.08,269.08,UAV-3,SCOUT,ACTIVE,TRANSIT,2501.2,2002.2,769.4,70.4,12.66,70.05,1,0.562,2,0.000,1,,0
269.08,269.08,UAV-4,STANDBY,RETURNING,RTH,1362.9,2126.9,801.8,140.4,17.74,69.33,1,0.750,1,0.750,1,,0
269.08,269.08,UAV-5,RELAY,ACTIVE,RELAY_HOLD,2183.2,1849.4,791.9,100.7,19.59,69.82,1,0.750,1,0.750,1,,0
270.10,270.10,UAV-1,RELAY,KILLED,LANDED,2169.8,1894.8,688.3,0.3,0.00,86.44,0,1.000,1,0.000,1,,0
270.10,270.10,UAV-2,SCOUT,ACTIVE,TRANSIT,1996.2,1804.2,754.1,70.9,12.59,69.34,1,0.750,1,0.750,1,,0
270.10,270.10,UAV-3,SCOUT,ACTIVE,TRANSIT,2489.0,1998.1,769.3,70.2,12.68,69.92,1,0.562,2,0.000,1,,0
270.10,270.10,UAV-4,STANDBY,RETURNING,RTH,1350.3,2137.4,808.6,147.0,17.03,69.19,1,0.750,1,0.750,1,,0
270.10,270.10,UAV-5,RELAY,ACTIVE,RELAY_HOLD,2180.6,1859.6,809.6,119.1,19.60,69.69,1,0.750,1,0.750,1,,0
271.12,271.12,UAV-1,RELAY,KILLED,LANDED,2169.8,1894.8,688.3,0.3,0.00,86.44,0,1.000,1,0.000,1,,0
271.12,271.12,UAV-2,SCOUT,ACTIVE,TRANSIT,1983.8,1800.6,753.7,70.5,12.64,69.22,1,0.750,1,0.750,1,,0
271.12,271.12,UAV-3,SCOUT,ACTIVE,TRANSIT,2476.5,1994.6,769.3,70.1,12.72,69.80,1,0.562,2,0.000,1,,0
271.12,271.12,UAV-4,STANDBY,RETURNING,RTH,1338.3,2147.9,814.4,152.4,16.32,69.06,1,0.750,1,0.750,1,,0
271.12,271.12,UAV-5,RELAY,ACTIVE,RELAY_HOLD,2177.1,1868.4,825.0,135.1,17.74,69.55,1,0.750,1,0.750,1,,0
272.14,272.14,UAV-1,RELAY,KILLED,LANDED,2169.8,1894.8,688.3,0.3,0.00,86.44,0,1.000,1,0.000,1,,0
272.14,272.14,UAV-2,STANDBY,RETURNING,RTH,1971.3,1797.4,753.4,70.3,12.67,69.10,1,0.750,1,0.750,1,,0
272.14,272.14,UAV-3,SCOUT,ACTIVE,TRANSIT,2463.9,1991.7,769.3,70.3,12.73,69.68,1,0.562,2,0.000,1,,0
272.14,272.14,UAV-4,STANDBY,RETURNING,RTH,1326.7,2158.2,819.3,156.5,15.64,68.93,1,0.750,1,0.750,1,,0
272.14,272.14,UAV-5,RELAY,ACTIVE,RELAY_HOLD,2173.0,1875.8,834.4,145.0,8.86,69.42,1,0.750,1,0.750,1,,0
273.16,273.16,UAV-1,RELAY,KILLED,LANDED,2169.8,1894.8,688.3,0.3,0.00,86.44,0,1.000,1,0.000,1,,0
273.16,273.16,UAV-2,STANDBY,RETURNING,RTH,1963.6,1796.3,758.3,75.5,9.18,68.94,1,0.750,1,0.750,1,,0
273.16,273.16,UAV-3,SCOUT,ACTIVE,TRANSIT,2451.1,1989.5,769.2,70.8,12.52,69.55,1,0.562,2,0.000,1,,0
273.16,273.16,UAV-4,STANDBY,RETURNING,RTH,1315.4,2168.3,823.0,159.5,14.99,68.80,1,0.750,1,0.750,1,,0
273.16,273.16,UAV-5,RELAY,ACTIVE,RELAY_HOLD,2168.8,1880.5,837.9,148.8,8.45,69.28,1,0.750,1,0.750,1,,0
274.18,274.18,UAV-1,RELAY,KILLED,LANDED,2169.8,1894.8,688.3,0.3,0.00,86.44,0,1.000,1,0.000,1,,0
274.18,274.18,UAV-2,STANDBY,RETURNING,RTH,1966.2,1796.6,770.4,87.5,11.20,68.80,1,0.750,1,0.750,1,,0
274.18,274.18,UAV-3,SCOUT,ACTIVE,TRANSIT,2439.3,1986.3,768.5,70.8,11.85,69.41,1,0.562,2,0.000,1,,0
274.18,274.18,UAV-4,STANDBY,RETURNING,RTH,1304.4,2178.1,825.6,161.6,14.32,68.68,1,0.750,1,0.750,1,,0
274.18,274.18,UAV-5,RELAY,ACTIVE,RELAY_HOLD,2161.6,1879.3,842.4,152.9,7.20,69.14,1,0.750,1,0.750,1,,0
275.20,275.20,UAV-1,RELAY,KILLED,LANDED,2169.8,1894.8,688.3,0.3,0.00,86.44,0,1.000,1,0.000,1,,0
275.20,275.20,UAV-2,STANDBY,RETURNING,RTH,1969.7,1796.2,776.5,93.5,3.69,68.67,1,0.750,1,0.750,1,,0
275.20,275.20,UAV-3,SCOUT,ACTIVE,TRANSIT,2428.4,1980.8,767.8,70.6,12.22,69.28,1,0.562,2,0.000,1,,0
275.20,275.20,UAV-4,STANDBY,RETURNING,RTH,1293.7,2187.4,827.0,162.8,13.67,68.55,1,0.750,1,0.750,1,,0
275.20,275.20,UAV-5,RELAY,ACTIVE,RELAY_HOLD,2157.0,1876.8,840.6,150.9,6.10,69.01,1,0.750,1,0.750,1,,0
276.22,276.22,UAV-1,RELAY,KILLED,LANDED,2169.8,1894.8,688.3,0.3,0.00,86.44,0,1.000,1,0.000,1,,0
276.22,276.22,UAV-2,STANDBY,RETURNING,RTH,1970.9,1793.5,777.4,94.3,4.67,68.53,1,0.750,1,0.750,1,,0
276.22,276.22,UAV-3,SCOUT,ACTIVE,TRANSIT,2417.5,1974.5,767.1,70.6,12.50,69.15,1,0.562,2,0.000,1,,0
276.22,276.22,UAV-4,STANDBY,RETURNING,RTH,1283.2,2196.2,827.1,163.1,13.14,68.43,1,0.750,1,0.750,1,,0
276.22,276.22,UAV-5,RELAY,ACTIVE,RELAY_HOLD,2157.6,1874.4,835.3,145.4,6.17,68.88,1,0.750,1,0.750,1,,0
277.24,277.24,UAV-1,RELAY,KILLED,LANDED,2169.8,1894.8,688.3,0.3,0.00,86.44,0,1.000,1,0.000,1,,0
277.24,277.24,UAV-2,STANDBY,RETURNING,RTH,1968.2,1787.2,777.9,94.8,8.47,68.39,1,0.750,1,0.750,1,,0
277.24,277.24,UAV-3,SCOUT,ACTIVE,TRANSIT,2406.2,1968.4,766.5,70.6,12.60,69.03,1,0.562,2,0.000,1,,0
277.24,277.24,UAV-4,STANDBY,RETURNING,RTH,1272.9,2204.2,826.1,162.2,12.67,68.31,1,0.750,1,0.750,1,,0
277.24,277.24,UAV-5,RELAY,ACTIVE,RELAY_HOLD,2166.4,1870.8,834.4,144.4,10.64,68.75,1,0.750,1,0.750,1,,0
278.26,278.26,UAV-1,RELAY,KILLED,LANDED,2169.8,1894.8,688.3,0.3,0.00,86.44,0,1.000,1,0.000,1,,0
278.26,278.26,UAV-2,STANDBY,RETURNING,RTH,1962.0,1779.6,778.3,95.3,10.48,68.27,1,0.750,1,0.750,1,,0
278.26,278.26,UAV-3,SCOUT,ACTIVE,TRANSIT,2394.7,1962.6,765.9,70.5,12.58,68.90,1,0.562,2,0.000,1,,0
278.26,278.26,UAV-4,STANDBY,RETURNING,RTH,1262.7,2211.4,823.8,160.2,12.24,68.19,1,0.750,1,0.750,1,,0
278.26,278.26,UAV-5,RELAY,ACTIVE,RELAY_HOLD,2175.7,1870.3,831.8,142.1,9.42,68.62,1,0.750,1,0.750,1,,0
279.28,279.28,UAV-1,RELAY,KILLED,LANDED,2169.8,1894.8,688.3,0.3,0.00,86.44,0,1.000,1,0.000,1,,0
279.28,279.28,UAV-2,STANDBY,RETURNING,RTH,1953.5,1772.2,778.9,96.0,11.58,68.14,1,0.750,1,0.750,1,,0
279.28,279.28,UAV-3,SCOUT,ACTIVE,TRANSIT,2383.1,1957.4,765.4,70.6,12.54,68.78,1,0.562,2,0.000,1,,0
279.28,279.28,UAV-4,STANDBY,RETURNING,RTH,1252.7,2217.8,820.5,157.2,11.89,68.08,1,0.750,1,0.750,1,,0
279.28,279.28,UAV-5,RELAY,ACTIVE,RELAY_HOLD,2185.8,1873.5,834.2,145.1,9.39,68.47,1,0.750,1,0.750,1,,0
280.30,280.30,UAV-1,RELAY,KILLED,LANDED,2169.8,1894.8,688.3,0.3,0.00,86.44,0,1.000,1,0.000,1,,0
280.30,280.30,UAV-2,STANDBY,RETURNING,RTH,1943.6,1765.1,779.5,97.0,12.16,68.01,1,0.750,1,0.750,1,,0
280.30,280.30,UAV-3,SCOUT,ACTIVE,TRANSIT,2371.2,1952.7,765.0,70.9,12.53,68.66,1,0.562,2,0.000,1,,0
280.30,280.30,UAV-4,STANDBY,RETURNING,RTH,1242.9,2223.2,816.2,153.3,11.62,67.96,1,0.750,1,0.750,1,,0
280.30,280.30,UAV-5,RELAY,ACTIVE,RELAY_HOLD,2191.2,1874.8,838.7,149.8,8.33,68.33,1,0.750,1,0.750,1,,0
281.32,281.32,UAV-1,RELAY,KILLED,LANDED,2169.8,1894.8,688.3,0.3,0.00,86.44,0,1.000,1,0.000,1,,0
281.32,281.32,UAV-2,STANDBY,RETURNING,RTH,1933.1,1758.3,780.0,98.3,12.45,67.89,1,0.750,1,0.750,1,,0
281.32,281.32,UAV-3,SCOUT,ACTIVE,TRANSIT,2359.1,1948.5,764.7,71.1,12.56,68.53,1,0.562,2,0.000,1,,0
281.32,281.32,UAV-4,STANDBY,RETURNING,RTH,1233.4,2227.5,810.9,148.7,11.47,67.84,1,0.750,1,0.750,1,,0
281.32,281.32,UAV-5,RELAY,ACTIVE,RELAY_HOLD,2190.0,1873.3,845.8,156.9,6.91,68.20,1,0.750,1,0.750,1,,0
282.34,282.34,UAV-1,RELAY,KILLED,LANDED,2169.8,1894.8,688.3,0.3,0.00,86.44,0,1.000,1,0.000,1,,0
282.34,282.34,UAV-2,STANDBY,RETURNING,RTH,1922.2,1751.6,780.6,99.7,12.58,67.76,1,0.750,1,0.750,1,,0
282.34,282.34,UAV-3,SCOUT,ACTIVE,TRANSIT,2346.7,1944.9,764.4,71.1,12.60,68.41,1,0.562,2,0.000,1,,0
282.34,282.34,UAV-4,STANDBY,RETURNING,RTH,1224.0,2230.9,804.9,143.3,11.39,67.73,1,0.750,1,0.750,1,,0
282.34,282.34,UAV-5,RELAY,ACTIVE,RELAY_HOLD,2185.3,1872.2,849.8,160.7,5.50,68.08,1,0.750,1,0.750,1,,0
283.36,283.36,UAV-1,RELAY,KILLED,LANDED,2169.8,1894.8,688.3,0.3,0.00,86.44,0,1.000,1,0.000,1,,0
283.36,283.36,UAV-2,STANDBY,RETURNING,RTH,1911.0,1745.3,781.1,100.9,12.62,67.63,1,0.735,1,0.747,1,,0
283.36,283.36,UAV-3,SCOUT,ACTIVE,TRANSIT,2334.2,1942.0,764.2,71.0,12.63,68.29,1,0.562,2,0.000,1,,0
283.36,283.36,UAV-4,STANDBY,RETURNING,RTH,1214.4,2233.2,798.8,137.9,11.40,67.61,1,0.750,1,0.750,1,,0
283.36,283.36,UAV-5,RELAY,ACTIVE,RELAY_HOLD,2178.5,1871.2,850.7,161.1,8.13,67.96,1,0.750,1,0.750,1,,0
284.38,284.38,UAV-1,RELAY,KILLED,LANDED,2169.8,1894.8,688.3,0.3,0.00,86.44,0,1.000,1,0.000,1,,0
284.38,284.38,UAV-2,STANDBY,RETURNING,RTH,1899.7,1739.2,781.7,102.0,12.63,67.51,1,0.715,1,0.715,1,,0
284.38,284.38,UAV-3,SCOUT,ACTIVE,TRANSIT,2321.5,1939.8,764.0,71.2,12.67,68.16,1,0.562,2,0.000,1,,0
284.38,284.38,UAV-4,STANDBY,RETURNING,RTH,1203.8,2234.6,794.1,134.1,11.56,67.49,1,0.750,1,0.750,1,,0
284.38,284.38,UAV-5,RELAY,ACTIVE,RELAY_HOLD,2171.1,1870.1,848.9,159.0,7.93,67.83,1,0.750,1,0.750,1,,0
285.40,285.40,UAV-1,RELAY,KILLED,LANDED,2169.8,1894.8,688.3,0.3,0.00,86.44,0,1.000,1,0.000,1,,0
285.40,285.40,UAV-2,STANDBY,RETURNING,RTH,1888.1,1733.5,782.1,103.3,12.67,67.38,1,0.597,1,0.597,1,,0
285.40,285.40,UAV-3,SCOUT,ACTIVE,TRANSIT,2309.5,1936.8,763.5,71.0,11.93,68.03,1,0.562,2,0.000,1,,0
285.40,285.40,UAV-4,STANDBY,RETURNING,RTH,1192.3,2235.4,790.9,131.9,12.58,67.36,1,0.750,1,0.750,1,,0
285.40,285.40,UAV-5,RELAY,ACTIVE,RELAY_HOLD,2165.7,1872.2,847.2,157.3,5.26,67.69,1,0.750,1,0.750,1,,0
286.42,286.42,UAV-1,RELAY,KILLED,LANDED,2169.8,1894.8,688.3,0.3,0.00,86.44,0,1.000,1,0.000,1,,0
286.42,286.42,UAV-2,STANDBY,RETURNING,RTH,1876.4,1728.1,782.6,104.5,12.68,67.26,1,0.588,1,0.585,1,,0
286.42,286.42,UAV-3,SCOUT,ACTIVE,TRANSIT,2298.5,1931.4,762.8,70.8,12.32,67.89,1,0.562,2,0.000,1,,0
286.42,286.42,UAV-4,STANDBY,RETURNING,RTH,1178.3,2237.4,795.0,137.3,16.06,67.21,1,0.750,1,0.750,1,,0
286.42,286.42,UAV-5,RELAY,ACTIVE,RELAY_HOLD,2164.5,1871.6,851.7,161.7,7.26,67.56,1,0.750,1,0.750,1,,0
287.44,287.44,UAV-1,RELAY,KILLED,LANDED,2169.8,1894.8,688.3,0.3,0.00,86.44,0,1.000,1,0.000,1,,0
287.44,287.44,UAV-2,STANDBY,RETURNING,RTH,1864.5,1723.1,783.0,105.4,12.65,67.13,1,0.562,2,0.375,1,,0
287.44,287.44,UAV-3,SCOUT,ACTIVE,TRANSIT,2287.4,1925.1,762.2,70.8,12.60,67.77,1,0.562,2,0.000,1,,0
287.44,287.44,UAV-4,STANDBY,RETURNING,RTH,1163.5,2239.6,801.5,145.2,15.75,67.08,1,0.750,1,0.750,1,,0
287.44,287.44,UAV-5,RELAY,ACTIVE,RELAY_HOLD,2166.3,1871.3,856.3,166.3,2.08,67.44,1,0.750,1,0.750,1,,0
288.46,288.46,UAV-1,RELAY,KILLED,LANDED,2169.8,1894.8,688.3,0.3,0.00,86.44,0,1.000,1,0.000,1,,0
288.46,288.46,UAV-2,STANDBY,RETURNING,RTH,1852.4,1718.5,783.3,106.1,12.62,67.01,1,0.562,2,0.345,1,,0
288.46,288.46,UAV-3,SCOUT,ACTIVE,TRANSIT,2276.1,1918.9,761.7,71.2,12.71,67.64,1,0.562,2,0.000,1,,0
288.46,288.46,UAV-4,STANDBY,RETURNING,RTH,1149.1,2241.8,807.4,151.8,15.00,66.95,1,0.750,1,0.750,1,,0
288.46,288.46,UAV-5,RELAY,ACTIVE,RELAY_HOLD,2167.7,1871.2,853.3,163.4,6.33,67.33,1,0.750,1,0.750,1,,0
289.48,289.48,UAV-1,RELAY,KILLED,LANDED,2169.8,1894.8,688.3,0.3,0.00,86.44,0,1.000,1,0.000,1,,0
289.48,289.48,UAV-2,STANDBY,RETURNING,RTH,1840.3,1714.4,783.6,106.6,12.59,66.88,1,0.562,2,0.102,1,,0
289.48,289.48,UAV-3,SCOUT,ACTIVE,TRANSIT,2264.4,1913.2,761.2,71.6,12.74,67.52,1,0.562,2,0.000,1,,0
289.48,289.48,UAV-4,STANDBY,RETURNING,RTH,1135.2,2243.9,812.4,156.8,14.29,66.82,1,0.750,1,0.750,1,,0
289.48,289.48,UAV-5,RELAY,ACTIVE,RELAY_HOLD,2168.2,1871.4,843.9,154.0,11.66,67.22,1,0.750,1,0.750,1,,0
290.50,290.50,UAV-1,RELAY,KILLED,LANDED,2169.8,1894.8,688.3,0.3,0.00,86.44,0,1.000,1,0.000,1,,0
290.50,290.50,UAV-2,STANDBY,RETURNING,RTH,1828.0,1710.7,783.9,106.9,12.52,66.76,1,0.562,2,0.045,1,,0
290.50,290.50,UAV-3,SCOUT,ACTIVE,TRANSIT,2252.6,1907.9,760.8,71.7,12.71,67.39,1,0.562,2,0.000,1,,0
290.50,290.50,UAV-4,STANDBY,RETURNING,RTH,1121.7,2245.9,816.4,160.6,13.58,66.70,1,0.750,1,0.750,1,,0
290.50,290.50,UAV-5,RELAY,ACTIVE,RELAY_HOLD,2168.8,1871.7,830.2,140.3,14.94,67.10,1,0.750,1,0.750,1,,0
291.52,291.52,UAV-1,RELAY,KILLED,LANDED,2169.8,1894.8,688.3,0.3,0.00,86.44,0,1.000,1,0.000,1,,0
291.52,291.52,UAV-2,STANDBY,RETURNING,RTH,1815.7,1707.4,784.1,107.1,12.45,66.63,1,0.562,2,0.023,1,,0
291.52,291.52,UAV-3,SCOUT,ACTIVE,TRANSIT,2240.6,1903.1,760.4,71.6,12.67,67.27,1,0.562,2,0.000,1,,0
291.52,291.52,UAV-4,STANDBY,RETURNING,RTH,1108.7,2247.9,819.3,163.6,12.90,66.58,1,0.750,1,0.750,1,,0
291.52,291.52,UAV-5,RELAY,ACTIVE,RELAY_HOLD,2167.2,1867.1,820.9,130.7,9.96,66.95,1,0.750,1,0.750,1,,0
292.54,292.54,UAV-1,RELAY,KILLED,LANDED,2169.8,1894.8,688.3,0.3,0.00,86.44,0,1.000,1,0.000,1,,0
292.54,292.54,UAV-2,STANDBY,RETURNING,RTH,1803.3,1704.6,784.3,107.4,12.45,66.51,1,0.562,2,0.000,1,,0
292.54,292.54,UAV-3,SCOUT,ACTIVE,TRANSIT,2228.4,1898.9,760.1,71.4,12.69,67.15,1,0.562,2,0.000,1,,0
292.54,292.54,UAV-4,STANDBY,RETURNING,RTH,1096.1,2249.8,821.3,166.0,12.37,66.45,1,0.750,1,0.750,1,,0
292.54,292.54,UAV-5,RELAY,ACTIVE,RELAY_HOLD,2163.9,1862.9,818.7,128.1,3.94,66.81,1,0.750,1,0.750,1,,0
293.56,293.56,UAV-1,RELAY,KILLED,LANDED,2169.8,1894.8,688.3,0.3,0.00,86.44,0,1.000,1,0.000,1,,0
293.56,293.56,UAV-2,STANDBY,RETURNING,RTH,1790.8,1702.4,784.5,107.8,12.47,66.39,1,0.562,2,0.002,1,,0
293.56,293.56,UAV-3,SCOUT,ACTIVE,TRANSIT,2215.9,1895.2,759.9,71.4,12.73,67.02,1,0.562,2,0.035,1,,0
293.56,293.56,UAV-4,STANDBY,RETURNING,RTH,1083.9,2251.5,822.1,167.6,11.95,66.33,1,0.750,1,0.750,1,,0
293.56,293.56,UAV-5,RELAY,ACTIVE,RELAY_HOLD,2158.2,1864.9,818.7,128.2,7.42,66.68,1,0.750,1,0.750,1,,0
294.58,294.58,UAV-1,RELAY,KILLED,LANDED,2169.8,1894.8,688.3,0.3,0.00,86.44,0,1.000,1,0.000,1,,0
294.58,294.58,UAV-2,STANDBY,RETURNING,RTH,1778.2,1700.7,784.6,108.3,12.23,66.27,1,0.562,2,0.005,1,,0
294.58,294.58,UAV-3,STANDBY,RETURNING,RTH,2203.2,1892.2,759.7,71.5,12.83,66.90,1,0.562,2,0.069,1,,0
294.58,294.58,UAV-4,STANDBY,RETURNING,RTH,1072.0,2253.1,821.9,168.2,11.64,66.21,1,0.750,1,0.750,1,,0
294.58,294.58,UAV-5,RELAY,ACTIVE,RELAY_HOLD,2150.7,1867.3,817.7,127.6,8.52,66.54,1,0.750,1,0.731,1,,0
295.60,295.60,UAV-1,RELAY,KILLED,LANDED,2169.8,1894.8,688.3,0.3,0.00,86.44,0,1.000,1,0.000,1,,0
295.60,295.60,UAV-2,STANDBY,RETURNING,RTH,1766.6,1701.9,784.0,108.5,11.26,66.13,1,0.562,2,0.000,1,,0
295.60,295.60,UAV-3,STANDBY,RETURNING,RTH,2195.3,1891.3,764.6,76.6,9.22,66.75,1,0.562,2,0.098,1,,0
295.60,295.60,UAV-4,STANDBY,RETURNING,RTH,1060.4,2254.6,820.6,167.5,11.33,66.10,1,0.750,1,0.750,1,,0
295.60,295.60,UAV-5,RELAY,ACTIVE,RELAY_HOLD,2141.8,1867.2,817.7,128.0,9.60,66.41,1,0.750,1,0.750,1,,0
296.62,296.62,UAV-1,RELAY,KILLED,LANDED,2169.8,1894.8,688.3,0.3,0.00,86.44,0,1.000,1,0.000,1,,0
296.62,296.62,UAV-2,STANDBY,RETURNING,RTH,1756.1,1707.3,783.3,108.6,12.24,65.98,1,0.562,2,0.012,1,,0
296.62,296.62,UAV-3,STANDBY,RETURNING,RTH,2197.9,1891.5,776.2,88.1,9.88,66.60,1,0.562,2,0.211,1,,0
296.62,296.62,UAV-4,STANDBY,RETURNING,RTH,1049.3,2255.9,818.3,165.8,11.15,65.98,1,0.750,1,0.750,1,,0
296.62,296.62,UAV-5,RELAY,ACTIVE,RELAY_HOLD,2135.0,1866.7,817.7,128.3,2.35,66.30,1,0.750,1,0.750,1,,0
297.64,297.64,UAV-1,RELAY,KILLED,LANDED,2169.8,1894.8,688.3,0.3,0.00,86.44,0,1.000,1,0.000,1,,0
297.64,297.64,UAV-2,STANDBY,RETURNING,RTH,1746.2,1715.9,782.7,108.7,13.39,65.84,1,0.562,2,0.000,1,,0
297.64,297.64,UAV-3,STANDBY,RETURNING,RTH,2201.2,1890.9,781.1,93.0,3.18,66.47,1,0.562,2,0.489,1,,0
297.64,297.64,UAV-4,STANDBY,RETURNING,RTH,1038.6,2257.1,815.0,163.1,11.02,65.86,1,0.750,1,0.750,1,,0
297.64,297.64,UAV-5,RELAY,ACTIVE,RELAY_HOLD,2135.3,1866.7,817.6,128.2,0.90,66.20,1,0.750,1,0.750,1,,0
298.66,298.66,UAV-1,RELAY,KILLED,LANDED,2169.8,1894.8,688.3,0.3,0.00,86.44,0,1.000,1,0.000,1,,0
298.66,298.66,UAV-2,STANDBY,RETURNING,RTH,1736.9,1726.4,782.1,108.5,14.23,65.71,1,0.562,2,0.013,1,,0
298.66,298.66,UAV-3,STANDBY,RETURNING,RTH,2201.6,1887.5,782.1,94.0,5.51,66.33,1,0.613,1,0.604,1,,0
298.66,298.66,UAV-4,STANDBY,RETURNING,RTH,1028.2,2258.1,810.8,159.6,10.94,65.74,1,0.750,1,0.750,1,,0
298.66,298.66,UAV-5,RELAY,ACTIVE,RELAY_HOLD,2135.6,1866.7,817.6,128.2,0.14,66.11,1,0.750,1,0.750,1,,0
299.68,299.68,UAV-1,RELAY,KILLED,LANDED,2169.8,1894.8,688.3,0.3,0.00,86.44,0,1.000,1,0.000,1,,0
299.68,299.68,UAV-2,STANDBY,RETURNING,RTH,1727.8,1738.1,781.5,108.0,14.72,65.57,1,0.562,2,0.123,1,,0
299.68,299.68,UAV-3,STANDBY,RETURNING,RTH,2198.4,1880.5,782.9,94.6,9.37,66.19,1,0.691,1,0.750,1,,0
299.68,299.68,UAV-4,STANDBY,RETURNING,RTH,1018.3,2258.9,805.8,155.2,11.01,65.63,1,0.750,1,0.750,1,,0
299.68,299.68,UAV-5,RELAY,ACTIVE,RELAY_HOLD,2135.4,1866.7,817.6,128.2,0.06,66.01,1,0.750,1,0.750,1,,0
300.70,300.70,UAV-1,RELAY,KILLED,LANDED,2169.8,1894.8,688.3,0.3,0.00,86.44,0,1.000,1,0.000,1,,0
300.70,300.70,UAV-2,STANDBY,RETURNING,RTH,1718.6,1750.2,781.0,107.5,14.98,65.44,1,0.562,2,0.302,1,,0
300.70,300.70,UAV-3,SCOUT,ACTIVE,TRANSIT,2194.4,1872.5,784.5,95.6,5.83,66.05,1,0.750,1,0.750,1,POI-009,0
300.70,300.70,UAV-4,STANDBY,RETURNING,RTH,1008.6,2259.5,800.1,149.9,11.14,65.51,1,0.750,1,0.750,1,,0
300.70,300.70,UAV-5,RELAY,ACTIVE,RELAY_HOLD,2135.8,1866.9,816.0,126.5,4.86,65.90,1,0.750,1,0.750,1,,0
301.72,301.72,UAV-1,RELAY,KILLED,LANDED,2169.8,1894.8,688.3,0.3,0.00,86.44,0,1.000,1,0.000,1,,0
301.72,301.72,UAV-2,STANDBY,RETURNING,RTH,1709.4,1762.4,780.5,107.4,15.00,65.31,1,0.562,2,0.467,1,,0
301.72,301.72,UAV-3,SCOUT,ACTIVE,TRANSIT,2196.0,1870.3,786.6,97.6,4.81,65.90,1,0.750,1,0.750,1,POI-009,0
301.72,301.72,UAV-4,STANDBY,RETURNING,RTH,999.1,2260.0,793.7,143.8,11.23,65.39,1,0.750,1,0.750,1,,0
301.72,301.72,UAV-5,RELAY,ACTIVE,RELAY_HOLD,2140.2,1868.3,811.0,121.3,9.51,65.76,1,0.750,1,0.750,1,,0
302.74,302.74,UAV-1,RELAY,KILLED,LANDED,2169.8,1894.8,688.3,0.3,0.00,86.44,0,1.000,1,0.000,1,,0
302.74,302.74,UAV-2,STANDBY,RETURNING,RTH,1700.0,1774.4,780.0,107.3,14.86,65.18,1,0.562,2,0.484,1,,0
302.74,302.74,UAV-3,SCOUT,ACTIVE,TRANSIT,2203.1,1873.3,788.6,99.9,10.90,65.76,1,0.750,1,0.750,1,POI-009,0
302.74,302.74,UAV-4,STANDBY,RETURNING,RTH,988.9,2260.2,788.3,138.4,11.40,65.27,1,0.750,1,0.750,1,,0
302.74,302.74,UAV-5,RELAY,ACTIVE,RELAY_HOLD,2154.0,1870.3,813.5,123.4,16.36,65.62,1,0.750,1,0.750,1,,0
303.76,303.76,UAV-1,RELAY,KILLED,LANDED,2169.8,1894.8,688.3,0.3,0.00,86.44,0,1.000,1,0.000,1,,0
303.76,303.76,UAV-2,STANDBY,RETURNING,RTH,1690.5,1786.1,779.5,106.5,14.81,65.05,1,0.607,1,0.640,1,,0
303.76,303.76,UAV-3,SCOUT,ACTIVE,TRANSIT,2214.8,1881.1,790.5,102.0,16.46,65.62,1,0.750,1,0.719,1,POI-009,0
303.76,303.76,UAV-4,STANDBY,RETURNING,RTH,977.9,2260.3,784.3,134.0,11.59,65.15,1,0.750,1,0.750,1,,0
303.76,303.76,UAV-5,RELAY,ACTIVE,RELAY_HOLD,2168.3,1869.8,817.7,127.7,12.78,65.47,1,0.750,1,0.750,1,,0
304.78,304.78,UAV-1,RELAY,KILLED,LANDED,2169.8,1894.8,688.3,0.3,0.00,86.44,0,1.000,1,0.000,1,,0
304.78,304.78,UAV-2,STANDBY,RETURNING,RTH,1680.6,1797.5,779.1,105.5,14.74,64.92,1,0.725,1,0.750,1,,0
304.78,304.78,UAV-3,SCOUT,ACTIVE,TRANSIT,2229.9,1892.2,792.3,103.6,20.19,65.49,1,0.562,2,0.440,1,POI-009,0
304.78,304.78,UAV-4,STANDBY,RETURNING,RTH,965.3,2258.4,784.2,133.8,14.52,65.00,1,0.750,1,0.750,1,,0
304.78,304.78,UAV-5,RELAY,ACTIVE,RELAY_HOLD,2173.4,1867.9,828.6,138.6,10.12,65.33,1,0.750,1,0.750,1,,0
305.80,305.80,UAV-1,RELAY,KILLED,LANDED,2169.8,1894.8,688.3,0.3,0.00,86.44,0,1.000,1,0.000,1,,0
305.80,305.80,UAV-2,STANDBY,RETURNING,RTH,1670.5,1808.5,778.7,105.0,14.60,64.79,1,1.000,1,1.000,1,,0
305.80,305.80,UAV-3,SCOUT,ACTIVE,TRANSIT,2247.0,1905.2,794.1,105.1,21.62,65.38,1,1.000,2,0.001,1,POI-009,0
305.80,305.80,UAV-4,STANDBY,RETURNING,RTH,951.1,2254.1,790.4,140.3,16.00,64.86,1,1.000,1,1.000,1,,0
305.80,305.80,UAV-5,RELAY,ACTIVE,RELAY_HOLD,2174.8,1867.8,834.8,144.8,2.53,65.20,1,1.000,1,1.000,1,,0
306.82,306.82,UAV-1,RELAY,KILLED,LANDED,2169.8,1894.8,688.3,0.3,0.00,86.44,0,1.000,1,0.000,1,,0
306.82,306.82,UAV-2,STANDBY,RETURNING,RTH,1660.1,1819.0,778.3,105.0,14.49,64.67,1,1.000,1,0.958,1,,0
306.82,306.82,UAV-3,SCOUT,ACTIVE,TRANSIT,2264.5,1918.8,795.8,106.1,21.74,65.28,1,1.000,2,0.000,1,POI-009,0
306.82,306.82,UAV-4,STANDBY,RETURNING,RTH,937.2,2249.8,796.7,147.3,15.22,64.73,1,1.000,1,1.000,1,,0
306.82,306.82,UAV-5,RELAY,ACTIVE,RELAY_HOLD,2175.2,1869.4,833.8,144.0,4.19,65.06,1,1.000,1,1.000,1,,0
307.84,307.84,UAV-1,RELAY,KILLED,LANDED,2169.8,1894.8,688.3,0.3,0.00,86.44,0,1.000,1,0.000,1,,0
307.84,307.84,UAV-2,STANDBY,RETURNING,RTH,1649.4,1829.1,777.9,105.0,14.31,64.54,1,1.000,1,1.000,1,,0
307.84,307.84,UAV-3,SCOUT,ACTIVE,TRANSIT,2281.9,1932.4,797.6,106.3,21.83,65.17,1,1.000,2,0.000,1,POI-009,0
307.84,307.84,UAV-4,STANDBY,RETURNING,RTH,923.8,2245.6,802.3,153.3,14.39,64.60,1,1.000,1,1.000,1,,0
307.84,307.84,UAV-5,RELAY,ACTIVE,RELAY_HOLD,2172.5,1875.0,831.4,142.0,8.46,64.92,1,1.000,1,1.000,1,,0
308.86,308.86,UAV-1,RELAY,KILLED,LANDED,2169.8,1894.8,688.3,0.3,0.00,86.44,0,1.000,1,0.000,1,,0
308.86,308.86,UAV-2,STANDBY,RETURNING,RTH,1638.5,1838.7,777.6,104.8,14.10,64.42,1,1.000,1,1.000,1,,0
308.86,308.86,UAV-3,SCOUT,ACTIVE,TRANSIT,2299.4,1946.1,799.3,107.1,21.88,65.07,1,1.000,2,0.000,1,POI-009,0
308.86,308.86,UAV-4,STANDBY,RETURNING,RTH,911.0,2241.4,807.0,158.1,13.60,64.48,1,1.000,1,1.000,1,,0
308.86,308.86,UAV-5,RELAY,ACTIVE,RELAY_HOLD,2166.9,1883.5,829.7,140.8,10.42,64.78,1,1.000,1,1.000,1,,0
309.88,309.88,UAV-1,RELAY,KILLED,LANDED,2169.8,1894.8,688.3,0.3,0.00,86.44,0,1.000,1,0.000,1,,0
309.88,309.88,UAV-2,STANDBY,RETURNING,RTH,1627.4,1847.7,777.3,105.1,13.98,64.29,1,1.000,1,1.000,1,,0
309.88,309.88,UAV-3,SCOUT,ACTIVE,TRANSIT,2316.9,1959.9,801.1,107.8,21.88,64.96,1,1.000,2,0.000,1,POI-009,0
309.88,309.88,UAV-4,STANDBY,RETURNING,RTH,898.6,2237.3,810.7,161.9,13.04,64.35,1,1.000,1,1.000,1,,0
309.88,309.88,UAV-5,RELAY,ACTIVE,RELAY_HOLD,2159.0,1888.0,829.8,140.9,8.41,64.64,1,1.000,1,1.000,1,,0
310.90,310.90,UAV-1,RELAY,KILLED,LANDED,2169.8,1894.8,688.3,0.3,0.00,86.44,0,1.000,1,0.000,1,,0
310.90,310.90,UAV-2,STANDBY,RETURNING,RTH,1615.9,1856.0,777.1,105.8,13.77,64.17,1,1.000,1,1.000,1,,0
310.90,310.90,UAV-3,SCOUT,ACTIVE,TRANSIT,2334.4,1973.7,802.7,108.9,21.92,64.85,1,1.000,2,0.000,1,POI-009,0
310.90,310.90,UAV-4,STANDBY,RETURNING,RTH,886.5,2233.3,813.4,164.6,12.49,64.22,1,1.000,1,1.000,1,,0
310.90,310.90,UAV-5,RELAY,ACTIVE,RELAY_HOLD,2151.0,1888.5,828.6,139.5,6.23,64.51,1,1.000,1,1.000,1,,0
311.92,311.92,UAV-1,RELAY,KILLED,LANDED,2169.8,1894.8,688.3,0.3,0.00,86.44,0,1.000,1,0.000,1,,0
311.92,311.92,UAV-2,STANDBY,RETURNING,RTH,1604.2,1863.4,776.8,106.5,13.50,64.04,1,1.000,1,1.000,1,,0
311.92,311.92,UAV-3,SCOUT,ACTIVE,TRANSIT,2351.9,1987.5,804.4,109.2,21.97,64.75,1,1.000,2,0.000,1,POI-009,0
311.92,311.92,UAV-4,STANDBY,RETURNING,RTH,874.8,2229.5,815.1,166.3,11.89,64.10,1,1.000,1,1.000,1,,0
311.92,311.92,UAV-5,RELAY,ACTIVE,RELAY_HOLD,2148.4,1890.0,826.5,137.5,2.67,64.37,1,1.000,1,1.000,1,,0
312.94,312.94,UAV-1,RELAY,KILLED,LANDED,2169.8,1894.8,688.3,0.3,0.00,86.44,0,1.000,1,0.000,1,,0
312.94,312.94,UAV-2,STANDBY,RETURNING,RTH,1592.3,1870.1,776.6,107.1,13.26,63.92,1,1.000,1,1.000,1,,0
312.94,312.94,UAV-3,SCOUT,ACTIVE,TRANSIT,2369.4,2001.4,805.9,109.1,21.97,64.64,1,1.000,2,0.000,1,POI-009,0
312.94,312.94,UAV-4,STANDBY,RETURNING,RTH,863.4,2226.0,815.7,167.2,11.46,63.98,1,1.000,1,1.000,1,,0
312.94,312.94,UAV-5,RELAY,ACTIVE,RELAY_HOLD,2154.8,1889.0,831.0,142.1,9.74,64.22,1,1.000,1,1.000,1,,0
313.96,313.96,UAV-1,RELAY,KILLED,LANDED,2169.8,1894.8,688.3,0.3,0.00,86.44,0,1.000,1,0.000,1,,0
313.96,313.96,UAV-2,STANDBY,RETURNING,RTH,1580.1,1875.7,776.5,107.5,13.02,63.80,1,1.000,1,1.000,1,,0
313.96,313.96,UAV-3,SCOUT,ACTIVE,TRANSIT,2386.9,2015.3,807.4,109.7,21.97,64.54,1,1.000,2,0.000,1,POI-009,0
313.96,313.96,UAV-4,STANDBY,RETURNING,RTH,852.4,2222.8,815.4,167.2,11.15,63.86,1,1.000,1,1.000,1,,0
313.96,313.96,UAV-5,RELAY,ACTIVE,RELAY_HOLD,2161.1,1885.2,833.4,144.4,5.69,64.10,1,1.000,1,1.000,1,,0
314.98,314.98,UAV-1,RELAY,KILLED,LANDED,2169.8,1894.8,688.3,0.3,0.00,86.44,0,1.000,1,0.000,1,,0
314.98,314.98,UAV-2,STANDBY,RETURNING,RTH,1567.8,1880.3,776.4,107.9,12.80,63.68,1,1.000,1,1.000,1,,0
314.98,314.98,UAV-3,SCOUT,ACTIVE,TRANSIT,2404.5,2028.7,808.4,109.5,21.40,64.43,1,1.000,2,0.000,1,POI-009,0
314.98,314.98,UAV-4,STANDBY,RETURNING,RTH,841.6,2219.8,814.0,166.1,10.92,63.74,1,1.000,1,1.000,1,,0
314.98,314.98,UAV-5,RELAY,ACTIVE,RELAY_HOLD,2161.9,1883.1,834.7,145.5,5.31,63.96,1,1.000,1,1.000,1,,0
316.00,316.00,UAV-1,RELAY,KILLED,LANDED,2169.8,1894.8,688.3,0.3,0.00,86.44,0,1.000,1,0.000,1,,0
316.00,316.00,UAV-2,STANDBY,RETURNING,RTH,1555.4,1883.8,776.3,108.4,12.14,63.55,1,1.000,1,1.000,1,,0
316.00,316.00,UAV-3,SCOUT,ACTIVE,TRANSIT,2423.6,2040.2,808.8,109.4,22.00,64.32,1,1.000,2,0.000,1,POI-009,0
316.00,316.00,UAV-4,STANDBY,RETURNING,RTH,831.1,2217.2,811.8,164.0,10.84,63.62,1,1.000,1,1.000,1,,0
316.00,316.00,UAV-5,RELAY,ACTIVE,RELAY_HOLD,2155.2,1883.0,842.7,153.4,11.34,63.82,1,1.000,1,1.000,1,,0
317.02,317.02,UAV-1,RELAY,KILLED,LANDED,2169.8,1894.8,688.3,0.3,0.00,86.44,0,1.000,1,0.000,1,,0
317.02,317.02,UAV-2,STANDBY,RETURNING,RTH,1544.3,1889.5,776.0,108.8,12.64,63.41,1,1.000,1,1.000,1,,0
317.02,317.02,UAV-3,SCOUT,ACTIVE,TRANSIT,2443.0,2051.5,809.2,110.0,22.00,64.22,1,1.000,2,0.000,1,POI-009,0
317.02,317.02,UAV-4,STANDBY,RETURNING,RTH,820.8,2214.9,808.6,161.1,10.83,63.50,1,1.000,1,1.000,1,,0
317.02,317.02,UAV-5,RELAY,ACTIVE,RELAY_HOLD,2149.4,1883.4,846.4,157.0,4.05,63.69,1,1.000,1,1.000,1,,0
318.04,318.04,UAV-1,RELAY,KILLED,LANDED,2169.8,1894.8,688.3,0.3,0.00,86.44,0,1.000,1,0.000,1,,0
318.04,318.04,UAV-2,STANDBY,RETURNING,RTH,1534.1,1898.2,775.7,109.3,13.70,63.27,1,1.000,1,1.000,1,,0
318.04,318.04,UAV-3,SCOUT,ACTIVE,TRANSIT,2462.3,2062.9,809.5,110.7,22.00,64.11,1,1.000,2,0.000,1,POI-009,0
318.04,318.04,UAV-4,STANDBY,RETURNING,RTH,810.6,2213.0,804.6,157.3,10.91,63.38,1,1.000,1,1.000,1,,0
318.04,318.04,UAV-5,RELAY,ACTIVE,RELAY_HOLD,2149.6,1883.1,848.4,159.0,6.84,63.54,1,1.000,1,1.000,1,,0
319.06,319.06,UAV-1,RELAY,KILLED,LANDED,2169.8,1894.8,688.3,0.3,0.00,86.44,0,1.000,1,0.000,1,,0
319.06,319.06,UAV-2,STANDBY,RETURNING,RTH,1524.5,1909.0,775.3,110.1,14.48,63.13,1,1.000,1,1.000,1,,0
319.06,319.06,UAV-3,SCOUT,ACTIVE,TRANSIT,2481.7,2074.2,809.9,111.0,22.00,64.01,1,1.000,2,0.000,1,POI-009,0
319.06,319.06,UAV-4,STANDBY,RETURNING,RTH,800.7,2211.4,799.7,152.9,10.92,63.27,1,1.000,1,1.000,1,,0
319.06,319.06,UAV-5,RELAY,ACTIVE,RELAY_HOLD,2154.8,1880.5,848.7,159.1,6.81,63.42,1,1.000,1,1.000,1,,0
320.08,320.08,UAV-1,RELAY,KILLED,LANDED,2169.8,1894.8,688.3,0.3,0.00,86.44,0,1.000,1,0.000,1,,0
320.08,320.08,UAV-2,STANDBY,RETURNING,RTH,1515.5,1921.1,775.0,110.9,15.09,62.99,1,1.000,1,1.000,1,,0
320.08,320.08,UAV-3,SCOUT,ACTIVE,TRANSIT,2501.0,2085.6,810.2,110.5,22.00,63.90,1,1.000,2,0.000,1,POI-009,0
320.08,320.08,UAV-4,STANDBY,RETURNING,RTH,791.1,2210.1,794.2,148.0,11.02,63.15,1,1.000,1,1.000,1,,0
320.08,320.08,UAV-5,RELAY,ACTIVE,RELAY_HOLD,2158.5,1879.0,844.5,154.9,2.18,63.28,1,1.000,1,1.000,1,,0
321.10,321.10,UAV-1,RELAY,KILLED,LANDED,2169.8,1894.8,688.3,0.3,0.00,86.44,0,1.000,1,0.000,1,,0
321.10,321.10,UAV-2,STANDBY,RETURNING,RTH,1507.0,1934.1,774.8,111.4,15.46,62.84,1,1.000,1,1.000,1,,0
321.10,321.10,UAV-3,SCOUT,ACTIVE,TRANSIT,2520.3,2097.0,810.5,109.8,22.00,63.80,1,1.000,2,0.000,1,POI-009,0
321.10,321.10,UAV-4,STANDBY,RETURNING,RTH,781.7,2209.2,787.9,142.7,11.23,63.04,1,1.000,1,1.000,1,,0
321.10,321.10,UAV-5,RELAY,ACTIVE,RELAY_HOLD,2153.6,1876.7,846.4,156.6,8.51,63.14,1,1.000,1,1.000,1,,0
322.12,322.12,UAV-1,RELAY,KILLED,LANDED,2169.8,1894.8,688.3,0.3,0.00,86.44,0,1.000,1,0.000,1,,0
322.12,322.12,UAV-2,STANDBY,RETURNING,RTH,1498.7,1947.7,774.5,110.9,15.71,62.70,1,1.000,1,1.000,1,,0
322.12,322.12,UAV-3,SCOUT,ACTIVE,TRANSIT,2539.7,2108.4,810.9,110.1,22.00,63.69,1,1.000,2,0.000,1,POI-009,0
322.12,322.12,UAV-4,STANDBY,RETURNING,RTH,771.7,2208.4,782.1,137.8,11.50,62.92,1,1.000,1,1.000,1,,0
322.12,322.12,UAV-5,RELAY,ACTIVE,RELAY_HOLD,2149.5,1876.5,849.3,159.5,3.92,63.00,1,1.000,1,1.000,1,,0
323.14,323.14,UAV-1,RELAY,KILLED,LANDED,2169.8,1894.8,688.3,0.3,0.00,86.44,0,1.000,1,0.000,1,,0
323.14,323.14,UAV-2,STANDBY,RETURNING,RTH,1490.7,1961.7,774.2,109.9,15.84,62.56,1,1.000,1,1.000,1,,0
323.14,323.14,UAV-3,SCOUT,ACTIVE,TRANSIT,2559.0,2119.8,811.2,110.3,22.00,63.59,1,1.000,2,0.000,1,POI-009,0
323.14,323.14,UAV-4,STANDBY,RETURNING,RTH,760.7,2208.0,777.8,134.4,11.74,62.79,1,1.000,1,1.000,1,,0
323.14,323.14,UAV-5,RELAY,ACTIVE,RELAY_HOLD,2149.8,1879.6,849.1,159.5,4.10,62.87,1,1.000,1,1.000,1,,0
324.16,324.16,UAV-1,RELAY,KILLED,LANDED,2169.8,1894.8,688.3,0.3,0.00,86.44,0,1.000,1,0.000,1,,0
324.16,324.16,UAV-2,STANDBY,RETURNING,RTH,1482.7,1975.7,774.0,108.9,15.82,62.42,1,1.000,1,1.000,1,,0
324.16,324.16,UAV-3,SCOUT,ACTIVE,TRANSIT,2578.3,2131.2,811.4,109.9,22.00,63.48,1,1.000,2,0.000,1,POI-009,0
324.16,324.16,UAV-4,STANDBY,RETURNING,RTH,748.5,2208.0,776.1,133.2,13.64,62.65,1,1.000,1,1.000,1,,0
324.16,324.16,UAV-5,RELAY,ACTIVE,RELAY_HOLD,2147.7,1879.5,847.2,157.6,4.82,62.72,1,1.000,1,1.000,1,,0
325.18,325.18,UAV-1,RELAY,KILLED,LANDED,2169.8,1894.8,688.3,0.3,0.00,86.44,0,1.000,1,0.000,1,,0
325.18,325.18,UAV-2,STANDBY,RETURNING,RTH,1474.6,1989.6,773.7,108.2,15.79,62.29,1,1.000,1,1.000,1,,0
325.18,325.18,UAV-3,SCOUT,ACTIVE,TRANSIT,2595.5,2141.0,808.5,106.9,17.82,63.35,1,1.000,2,0.000,1,POI-009,0
325.18,325.18,UAV-4,STANDBY,RETURNING,RTH,733.9,2208.6,781.8,139.2,16.04,62.51,1,1.000,1,1.000,1,,0
325.18,325.18,UAV-5,RELAY,ACTIVE,RELAY_HOLD,2147.0,1880.6,848.9,159.4,5.25,62.58,1,1.000,1,1.000,1,,0
326.20,326.20,UAV-1,RELAY,KILLED,LANDED,2169.8,1894.8,688.3,0.3,0.00,86.44,0,1.000,1,0.000,1,,0
326.20,326.20,UAV-2,STANDBY,RETURNING,RTH,1466.3,2003.4,773.5,108.4,15.73,62.15,1,1.000,1,1.000,1,,0
326.20,326.20,UAV-3,SCOUT,ACTIVE,TRANSIT,2608.8,2147.7,799.6,97.7,16.87,63.22,1,1.000,2,0.000,1,POI-009,0
326.20,326.20,UAV-4,STANDBY,RETURNING,RTH,719.2,2209.2,788.3,145.9,15.43,62.38,1,1.000,1,1.000,1,,0
326.20,326.20,UAV-5,RELAY,ACTIVE,RELAY_HOLD,2149.2,1884.5,847.8,158.5,5.83,62.46,1,1.000,1,1.000,1,,0
327.22,327.22,UAV-1,RELAY,KILLED,LANDED,2169.8,1894.8,688.3,0.3,0.00,86.44,0,1.000,1,0.000,1,,0
327.22,327.22,UAV-2,STANDBY,RETURNING,RTH,1457.8,2016.9,773.3,109.5,15.59,62.02,1,1.000,1,1.000,1,,0
327.22,327.22,UAV-3,SCOUT,ACTIVE,TRANSIT,2619.1,2152.0,786.2,84.0,17.45,63.09,1,1.000,2,0.000,1,POI-009,0
327.22,327.22,UAV-4,STANDBY,RETURNING,RTH,705.0,2209.8,794.0,151.8,14.66,62.25,1,1.000,1,1.000,1,,0
327.22,327.22,UAV-5,RELAY,ACTIVE,RELAY_HOLD,2148.3,1885.5,844.0,154.7,4.49,62.31,1,1.000,1,1.000,1,,0
328.24,328.24,UAV-1,RELAY,KILLED,LANDED,2169.8,1894.8,688.3,0.3,0.00,86.44,0,1.000,1,0.000,1,,0
328.24,328.24,UAV-2,STANDBY,RETURNING,RTH,1449.0,2030.1,773.1,110.6,15.48,61.89,1,1.000,1,1.000,1,,0
328.24,328.24,UAV-3,SCOUT,ACTIVE,SURVEY,2626.9,2154.4,770.0,67.7,18.14,62.96,1,1.000,2,0.000,1,POI-009,0
328.24,328.24,UAV-4,STANDBY,RETURNING,RTH,691.2,2210.4,798.8,157.2,13.96,62.13,1,1.000,1,1.000,1,,0
328.24,328.24,UAV-5,RELAY,ACTIVE,RELAY_HOLD,2142.9,1883.0,842.6,153.2,7.72,62.18,1,1.000,1,1.000,1,,0
329.26,329.26,UAV-1,RELAY,KILLED,LANDED,2169.8,1894.8,688.3,0.3,0.00,86.44,0,1.000,1,0.000,1,,0
329.26,329.26,UAV-2,STANDBY,RETURNING,RTH,1440.0,2043.0,772.9,111.3,15.37,61.76,1,1.000,1,1.000,1,,0
329.26,329.26,UAV-3,SCOUT,ACTIVE,SURVEY,2631.8,2154.4,754.2,51.9,13.48,62.82,1,1.000,2,0.000,1,POI-009,0
329.26,329.26,UAV-4,STANDBY,RETURNING,RTH,677.9,2211.0,802.6,161.7,13.32,62.00,1,1.000,1,1.000,1,,0
329.26,329.26,UAV-5,RELAY,ACTIVE,RELAY_HOLD,2136.7,1876.7,847.7,158.3,9.72,62.04,1,1.000,1,1.000,1,,0
330.28,330.28,UAV-1,RELAY,KILLED,LANDED,2169.8,1894.8,688.3,0.3,0.00,86.44,0,1.000,1,0.000,1,,0
330.28,330.28,UAV-2,STANDBY,RETURNING,RTH,1430.7,2055.5,772.7,111.4,15.19,61.63,1,1.000,1,1.000,1,,0
330.28,330.28,UAV-3,SCOUT,ACTIVE,SURVEY,2630.6,2151.0,744.1,41.8,9.31,62.69,1,1.000,2,0.000,1,POI-009,0
330.28,330.28,UAV-4,STANDBY,RETURNING,RTH,664.9,2211.6,805.4,165.1,12.71,61.88,1,1.000,1,1.000,1,,0
330.28,330.28,UAV-5,RELAY,ACTIVE,RELAY_HOLD,2135.2,1870.8,849.0,159.6,4.89,61.91,1,1.000,1,1.000,1,,0
331.30,331.30,UAV-1,RELAY,KILLED,LANDED,2169.8,1894.8,688.3,0.3,0.00,86.44,0,1.000,1,0.000,1,,0
331.30,331.30,UAV-2,STANDBY,RETURNING,RTH,1421.2,2067.6,772.5,111.4,14.97,61.50,1,1.000,1,1.000,1,,0
331.30,331.30,UAV-3,SCOUT,ACTIVE,SURVEY,2622.8,2147.9,739.0,36.9,10.60,62.56,1,1.000,2,0.000,1,POI-009,0
331.30,331.30,UAV-4,STANDBY,RETURNING,RTH,652.4,2212.1,807.1,167.2,12.14,61.76,1,1.000,1,1.000,1,,0
331.30,331.30,UAV-5,RELAY,ACTIVE,RELAY_HOLD,2138.1,1869.3,846.8,157.3,6.16,61.76,1,1.000,1,1.000,1,,0
332.32,332.32,UAV-1,RELAY,KILLED,LANDED,2169.8,1894.8,688.3,0.3,0.00,86.44,0,1.000,1,0.000,1,,0
332.32,332.32,UAV-2,STANDBY,RETURNING,RTH,1411.3,2079.2,772.4,111.3,14.82,61.37,1,1.000,1,1.000,1,,0
332.32,332.32,UAV-3,SCOUT,ACTIVE,IDLE,2612.6,2146.3,737.4,35.5,7.05,62.43,1,1.000,2,0.000,1,,0
332.32,332.32,UAV-4,STANDBY,RETURNING,RTH,640.3,2212.6,807.7,168.0,11.71,61.64,1,1.000,1,1.000,1,,0
332.32,332.32,UAV-5,RELAY,ACTIVE,RELAY_HOLD,2147.1,1873.0,845.8,156.0,12.83,61.63,1,1.000,1,1.000,1,,0
333.34,333.34,UAV-1,RELAY,KILLED,LANDED,2169.8,1894.8,688.3,0.3,0.00,86.44,0,1.000,1,0.000,1,,0
333.34,333.34,UAV-2,STANDBY,RETURNING,RTH,1401.2,2090.2,772.3,110.8,14.63,61.24,1,1.000,1,1.000,1,,0
333.34,333.34,UAV-3,SCOUT,ACTIVE,IDLE,2610.0,2146.4,737.5,35.8,0.83,62.31,1,1.000,2,0.000,1,,0
333.34,333.34,UAV-4,STANDBY,RETURNING,RTH,628.5,2213.1,807.3,167.5,11.39,61.52,1,1.000,1,1.000,1,,0
333.34,333.34,UAV-5,RELAY,ACTIVE,RELAY_HOLD,2160.9,1876.1,845.9,156.2,11.93,61.50,1,1.000,1,1.000,1,,0
334.36,334.36,UAV-1,RELAY,KILLED,LANDED,2169.8,1894.8,688.3,0.3,0.00,86.44,0,1.000,1,0.000,1,,0
334.36,334.36,UAV-2,STANDBY,RETURNING,RTH,1390.6,2100.6,772.1,110.3,14.41,61.12,1,1.000,1,1.000,1,,0
334.36,334.36,UAV-3,SCOUT,ACTIVE,IDLE,2611.4,2146.6,737.7,35.9,1.37,62.22,1,1.000,2,0.000,1,,0
334.36,334.36,UAV-4,STANDBY,RETURNING,RTH,617.1,2213.6,805.8,166.0,11.16,61.40,1,1.000,1,1.000,1,,0
334.36,334.36,UAV-5,RELAY,ACTIVE,RELAY_HOLD,2169.7,1875.1,846.5,157.0,5.91,61.37,1,1.000,1,1.000,1,,0
335.38,335.38,UAV-1,RELAY,KILLED,LANDED,2169.8,1894.8,688.3,0.3,0.00,86.44,0,1.000,1,0.000,1,,0
335.38,335.38,UAV-2,STANDBY,RETURNING,RTH,1379.7,2110.2,772.0,110.2,14.09,60.99,1,1.000,1,1.000,1,,0
335.38,335.38,UAV-3,SCOUT,ACTIVE,IDLE,2612.6,2146.7,737.8,36.0,0.98,62.12,1,1.000,2,0.000,1,,0
335.38,335.38,UAV-4,STANDBY,RETURNING,RTH,606.2,2214.0,803.3,163.5,10.97,61.28,1,1.000,1,1.000,1,,0
335.38,335.38,UAV-5,RELAY,ACTIVE,RELAY_HOLD,2171.9,1873.1,847.0,157.3,1.38,61.25,1,1.000,1,1.000,1,,0
336.40,336.40,UAV-1,RELAY,KILLED,LANDED,2169.8,1894.8,688.3,0.3,0.00,86.44,0,1.000,1,0.000,1,,0
336.40,336.40,UAV-2,STANDBY,RETURNING,RTH,1368.4,2118.8,771.9,110.5,13.79,60.87,1,1.000,1,1.000,1,,0
336.40,336.40,UAV-3,SCOUT,ACTIVE,IDLE,2613.4,2146.8,737.9,36.1,0.68,62.03,1,1.000,2,0.000,1,,0
336.40,336.40,UAV-4,STANDBY,RETURNING,RTH,595.6,2214.3,799.8,160.2,10.95,61.17,1,1.000,1,1.000,1,,0
336.40,336.40,UAV-5,RELAY,ACTIVE,RELAY_HOLD,2167.9,1870.8,849.2,159.2,5.77,61.11,1,1.000,1,1.000,1,,0
337.42,337.42,UAV-1,RELAY,KILLED,LANDED,2169.8,1894.8,688.3,0.3,0.00,86.44,0,1.000,1,0.000,1,,0
337.42,337.42,UAV-2,STANDBY,RETURNING,RTH,1356.6,2126.2,771.9,110.6,13.46,60.74,1,1.000,1,1.000,1,,0
337.42,337.42,UAV-3,SCOUT,ACTIVE,IDLE,2614.0,2146.9,738.0,36.1,0.47,61.93,1,1.000,3,0.000,1,,0
337.42,337.42,UAV-4,STANDBY,RETURNING,RTH,585.3,2214.5,795.5,155.9,10.98,61.05,1,1.000,1,1.000,1,,0
337.42,337.42,UAV-5,RELAY,ACTIVE,RELAY_HOLD,2163.8,1869.3,847.2,157.0,4.69,60.98,1,1.000,2,1.000,1,,0
338.44,338.44,UAV-1,RELAY,KILLED,LANDED,2169.8,1894.8,688.3,0.3,0.00,86.44,0,1.000,1,0.000,1,,0
338.44,338.44,UAV-2,STANDBY,RETURNING,RTH,1344.5,2132.2,771.8,110.6,13.15,60.62,1,1.000,1,1.000,1,,0
338.44,338.44,UAV-3,SCOUT,ACTIVE,IDLE,2614.4,2146.9,738.0,36.1,0.33,61.83,1,1.000,2,0.000,1,,0
338.44,338.44,UAV-4,STANDBY,RETURNING,RTH,575.3,2214.8,790.3,150.7,11.10,60.93,1,1.000,1,1.000,1,,0
338.44,338.44,UAV-5,RELAY,ACTIVE,RELAY_HOLD,2165.0,1871.8,847.2,157.3,5.07,60.84,1,1.000,1,1.000,1,,0
339.46,339.46,UAV-1,RELAY,KILLED,LANDED,2169.8,1894.8,688.3,0.3,0.00,86.44,0,1.000,1,0.000,1,,0
339.46,339.46,UAV-2,STANDBY,RETURNING,RTH,1332.4,2137.2,771.5,110.3,12.56,60.49,1,1.000,1,1.000,1,,0
339.46,339.46,UAV-3,SCOUT,ACTIVE,IDLE,2614.7,2146.9,738.0,36.2,0.24,61.74,1,1.000,2,0.000,1,,0
339.46,339.46,UAV-4,STANDBY,RETURNING,RTH,565.6,2214.9,784.4,144.9,11.15,60.82,1,1.000,1,1.000,1,,0
339.46,339.46,UAV-5,RELAY,ACTIVE,RELAY_HOLD,2165.4,1871.8,850.6,160.7,5.33,60.70,1,1.000,1,1.000,1,,0
340.48,340.48,UAV-1,RELAY,KILLED,LANDED,2169.8,1894.8,688.3,0.3,0.00,86.44,0,1.000,1,0.000,1,,0
340.48,340.48,UAV-2,STANDBY,RETURNING,RTH,1321.6,2144.5,770.9,109.0,13.13,60.35,1,1.000,1,1.000,1,,0
340.48,340.48,UAV-3,SCOUT,ACTIVE,IDLE,2614.9,2147.0,738.0,36.2,0.17,61.64,1,1.000,2,0.000,1,,0
340.48,340.48,UAV-4,STANDBY,RETURNING,RTH,556.0,2215.0,778.1,139.0,11.25,60.70,1,1.000,1,1.000,1,,0
340.48,340.48,UAV-5,RELAY,ACTIVE,RELAY_HOLD,2162.4,1868.7,852.8,162.6,4.82,60.58,1,1.000,1,1.000,1,,0
341.50,341.50,UAV-1,RELAY,KILLED,LANDED,2169.8,1894.8,688.3,0.3,0.00,86.44,0,1.000,1,0.000,1,,0
341.50,341.50,UAV-2,STANDBY,RETURNING,RTH,1311.4,2153.6,770.2,107.4,13.70,60.22,1,1.000,1,1.000,1,,0
341.50,341.50,UAV-3,SCOUT,ACTIVE,IDLE,2615.0,2147.0,738.1,36.2,0.12,61.54,1,1.000,2,0.000,1,,0
341.50,341.50,UAV-4,STANDBY,RETURNING,RTH,545.5,2215.0,773.2,134.6,11.47,60.58,1,1.000,1,1.000,1,,0
341.50,341.50,UAV-5,RELAY,ACTIVE,RELAY_HOLD,2160.9,1865.6,849.2,158.8,4.59,60.45,1,1.000,1,1.000,1,,0
342.52,342.52,UAV-1,RELAY,KILLED,LANDED,2169.8,1894.8,688.3,0.3,0.00,86.44,0,1.000,1,0.000,1,,0
342.52,342.52,UAV-2,STANDBY,RETURNING,RTH,1301.1,2163.2,769.6,105.9,13.87,60.09,1,1.000,1,1.000,1,,0
342.52,342.52,UAV-3,SCOUT,ACTIVE,IDLE,2615.1,2147.0,738.1,36.2,0.09,61.45,1,1.000,2,0.000,1,,0
342.52,342.52,UAV-4,STANDBY,RETURNING,RTH,534.3,2215.1,769.6,131.8,11.99,60.45,1,1.000,1,1.000,1,,0
342.52,342.52,UAV-5,RELAY,ACTIVE,RELAY_HOLD,2165.5,1868.0,846.3,156.0,9.81,60.30,1,1.000,1,1.000,1,,0
343.54,343.54,UAV-1,RELAY,KILLED,LANDED,2169.8,1894.8,688.3,0.3,0.00,86.44,0,1.000,1,0.000,1,,0
343.54,343.54,UAV-2,STANDBY,RETURNING,RTH,1290.6,2172.8,769.1,104.8,13.94,59.97,1,1.000,1,1.000,1,,0
343.54,343.54,UAV-3,SCOUT,ACTIVE,IDLE,2615.2,2147.0,738.1,36.2,0.06,61.35,1,1.000,2,0.000,1,,0
343.54,343.54,UAV-4,STANDBY,RETURNING,RTH,521.0,2218.3,772.3,135.7,15.88,60.30,1,1.000,1,1.000,1,,0
343.54,343.54,UAV-5,RELAY,ACTIVE,RELAY_HOLD,2172.9,1872.0,843.9,154.2,5.29,60.17,1,1.000,1,1.000,1,,0
344.56,344.56,UAV-1,RELAY,KILLED,LANDED,2169.8,1894.8,688.3,0.3,0.00,86.44,0,1.000,1,0.000,1,,0
344.56,344.56,UAV-2,STANDBY,RETURNING,RTH,1279.8,2182.0,768.5,104.2,13.94,59.84,1,1.000,1,1.000,1,,0
344.56,344.56,UAV-3,STANDBY,RETURNING,RTH,2615.2,2147.0,738.1,36.2,0.04,61.25,1,1.000,2,0.000,1,,0
344.56,344.56,UAV-4,STANDBY,RETURNING,RTH,506.4,2222.5,778.7,143.4,15.95,60.17,1,1.000,1,1.000,1,,0
344.56,344.56,UAV-5,RELAY,ACTIVE,RELAY_HOLD,2177.3,1873.0,839.1,149.7,8.51,60.05,1,1.000,1,1.000,1,,0
345.58,345.58,UAV-1,RELAY,KILLED,LANDED,2169.8,1894.8,688.3,0.3,0.00,86.44,0,1.000,1,0.000,1,,0
345.58,345.58,UAV-2,STANDBY,RETURNING,RTH,1268.9,2191.0,768.0,103.9,13.86,59.72,1,1.000,1,1.000,1,,0
345.58,345.58,UAV-3,STANDBY,RETURNING,RTH,2615.3,2147.0,744.2,42.3,11.37,61.10,1,1.000,2,0.000,1,,0
345.58,345.58,UAV-4,STANDBY,RETURNING,RTH,492.3,2226.7,784.6,150.4,15.20,60.04,1,1.000,1,1.000,1,,0
345.58,345.58,UAV-5,RELAY,ACTIVE,RELAY_HOLD,2178.7,1870.6,835.4,145.8,2.94,59.91,1,1.000,1,1.000,1,,0
346.60,346.60,UAV-1,RELAY,KILLED,LANDED,2169.8,1894.8,688.3,0.3,0.00,86.44,0,1.000,1,0.000,1,,0
346.60,346.60,UAV-2,STANDBY,RETURNING,RTH,1257.7,2199.5,767.5,103.7,13.78,59.59,1,1.000,1,1.000,1,,0
346.60,346.60,UAV-3,STANDBY,RETURNING,RTH,2615.6,2147.1,759.9,58.0,18.51,60.95,1,1.000,2,0.000,1,,0
346.60,346.60,UAV-4,STANDBY,RETURNING,RTH,478.7,2230.9,789.7,156.4,14.50,59.91,1,1.000,1,1.000,1,,0
346.60,346.60,UAV-5,RELAY,ACTIVE,RELAY_HOLD,2177.5,1870.1,835.5,145.9,0.45,59.80,1,1.000,1,1.000,1,,0
347.62,347.62,UAV-1,RELAY,KILLED,LANDED,2169.8,1894.8,688.3,0.3,0.00,86.44,0,1.000,1,0.000,1,,0
347.62,347.62,UAV-2,STANDBY,RETURNING,RTH,1246.3,2207.7,767.1,103.8,13.74,59.47,1,1.000,1,1.000,1,,0
347.62,347.62,UAV-3,STANDBY,RETURNING,RTH,2615.8,2147.1,780.3,78.4,20.62,60.80,1,1.000,2,0.000,1,,0
347.62,347.62,UAV-4,STANDBY,RETURNING,RTH,465.4,2235.1,793.8,160.5,13.88,59.79,1,1.000,1,1.000,1,,0
347.62,347.62,UAV-5,RELAY,ACTIVE,RELAY_HOLD,2177.6,1870.4,835.6,145.9,0.13,59.71,1,1.000,1,1.000,1,,0
348.64,348.64,UAV-1,RELAY,KILLED,LANDED,2169.8,1894.8,688.3,0.3,0.00,86.44,0,1.000,1,0.000,1,,0
348.64,348.64,UAV-2,STANDBY,RETURNING,RTH,1234.7,2215.5,766.7,103.9,13.60,59.35,1,1.000,1,1.000,1,,0
348.64,348.64,UAV-3,STANDBY,RETURNING,RTH,2616.1,2147.0,796.5,94.6,10.23,60.67,1,1.000,2,0.000,1,,0
348.64,348.64,UAV-4,STANDBY,RETURNING,RTH,452.6,2239.1,797.0,163.1,13.23,59.66,1,1.000,1,1.000,1,,0
348.64,348.64,UAV-5,RELAY,ACTIVE,RELAY_HOLD,2177.7,1870.4,835.5,145.9,0.02,59.61,1,1.000,1,1.000,1,,0
349.66,349.66,UAV-1,RELAY,KILLED,LANDED,2169.8,1894.8,688.3,0.3,0.00,86.44,0,1.000,1,0.000,1,,0
349.66,349.66,UAV-2,STANDBY,RETURNING,RTH,1223.0,2222.8,766.3,104.4,13.53,59.22,1,1.000,1,1.000,1,,0
349.66,349.66,UAV-3,STANDBY,RETURNING,RTH,2616.5,2146.1,802.3,100.5,2.62,60.54,1,1.000,2,0.000,1,,0
349.66,349.66,UAV-4,STANDBY,RETURNING,RTH,440.1,2242.9,799.0,164.7,12.71,59.54,1,1.000,1,1.000,1,,0
349.66,349.66,UAV-5,RELAY,ACTIVE,RELAY_HOLD,2177.7,1870.4,835.5,145.9,0.02,59.52,1,1.000,1,1.000,1,,0
350.68,350.68,UAV-1,RELAY,KILLED,LANDED,2169.8,1894.8,688.3,0.3,0.00,86.44,0,1.000,1,0.000,1,,0
350.68,350.68,UAV-2,STANDBY,RETURNING,RTH,1211.0,2229.6,766.0,105.3,13.43,59.10,1,1.000,1,1.000,1,,0
350.68,350.68,UAV-3,STANDBY,RETURNING,RTH,2614.9,2142.7,803.5,101.8,6.05,60.40,1,1.000,2,0.000,1,,0
350.68,350.68,UAV-4,STANDBY,RETURNING,RTH,428.0,2246.5,800.1,165.1,12.23,59.42,1,1.000,1,1.000,1,,0
350.68,350.68,UAV-5,RELAY,ACTIVE,RELAY_HOLD,2177.7,1870.4,835.5,145.9,0.02,59.42,1,1.000,1,1.000,1,,0
351.70,351.70,UAV-1,RELAY,KILLED,LANDED,2169.8,1894.8,688.3,0.3,0.00,86.44,0,1.000,1,0.000,1,,0
351.70,351.70,UAV-2,STANDBY,RETURNING,RTH,1199.0,2236.0,765.6,106.1,13.31,58.98,1,1.000,1,1.000,1,,0
351.70,351.70,UAV-3,STANDBY,RETURNING,RTH,2610.3,2135.9,804.1,102.9,9.55,60.26,1,1.000,2,0.000,1,,0
351.70,351.70,UAV-4,STANDBY,RETURNING,RTH,416.2,2249.9,800.0,165.0,11.84,59.30,1,1.000,1,1.000,1,,0
351.70,351.70,UAV-5,RELAY,ACTIVE,RELAY_HOLD,2177.7,1870.4,835.5,145.9,0.01,59.32,1,1.000,1,1.000,1,,0
352.72,352.72,UAV-1,RELAY,KILLED,LANDED,2169.8,1894.8,688.3,0.3,0.00,86.44,0,1.000,1,0.000,1,,0
352.72,352.72,UAV-2,STANDBY,RETURNING,RTH,1186.8,2241.8,765.4,107.0,13.14,58.85,1,1.000,1,1.000,1,,0
352.72,352.72,UAV-3,STANDBY,RETURNING,RTH,2603.5,2127.6,804.7,103.8,11.29,60.13,1,1.000,2,0.000,1,,0
352.72,352.72,UAV-4,STANDBY,RETURNING,RTH,404.8,2253.0,798.9,164.5,11.48,59.18,1,1.000,1,1.000,1,,0
352.72,352.72,UAV-5,RELAY,ACTIVE,RELAY_HOLD,2177.7,1870.4,835.5,145.9,0.01,59.23,1,1.000,1,1.000,1,,0
353.74,353.74,UAV-1,RELAY,KILLED,LANDED,2169.8,1894.8,688.3,0.3,0.00,86.44,0,1.000,1,0.000,1,,0
353.74,353.74,UAV-2,STANDBY,RETURNING,RTH,1174.5,2247.0,765.1,108.0,12.99,58.73,1,1.000,1,1.000,1,,0
353.74,353.74,UAV-3,STANDBY,RETURNING,RTH,2595.1,2119.1,805.1,104.6,12.06,60.00,1,1.000,2,0.000,1,,0
353.74,353.74,UAV-4,STANDBY,RETURNING,RTH,393.7,2255.7,796.8,163.2,11.23,59.07,1,1.000,1,1.000,1,,0
353.74,353.74,UAV-5,RELAY,ACTIVE,RELAY_HOLD,2177.7,1870.5,835.5,145.9,0.01,59.13,1,1.000,1,1.000,1,,0
354.76,354.76,UAV-1,RELAY,KILLED,LANDED,2169.8,1894.8,688.3,0.3,0.00,86.44,0,1.000,1,0.000,1,,0
354.76,354.76,UAV-2,STANDBY,RETURNING,RTH,1162.2,2251.7,764.9,108.9,12.87,58.61,1,1.000,1,1.000,1,,0
354.76,354.76,UAV-3,STANDBY,RETURNING,RTH,2585.8,2110.8,805.6,105.3,12.39,59.87,1,1.000,2,0.000,1,,0
354.76,354.76,UAV-4,STANDBY,RETURNING,RTH,383.1,2258.2,793.8,161.0,11.07,58.95,1,1.000,1,1.000,1,,0
354.76,354.76,UAV-5,RELAY,ACTIVE,RELAY_HOLD,2177.7,1870.5,835.5,145.9,0.01,59.03,1,1.000,1,1.000,1,,0
355.78,355.78,UAV-1,RELAY,KILLED,LANDED,2169.8,1894.8,688.3,0.3,0.00,86.44,0,1.000,1,0.000,1,,0
355.78,355.78,UAV-2,STANDBY,RETURNING,RTH,1149.8,2255.8,764.7,109.3,12.82,58.49,1,1.000,1,1.000,1,,0
355.78,355.78,UAV-3,STANDBY,RETURNING,RTH,2576.0,2102.7,806.0,106.3,12.56,59.74,1,1.000,2,0.000,1,,0
355.78,355.78,UAV-4,STANDBY,RETURNING,RTH,372.7,2260.3,789.8,157.8,11.07,58.83,1,1.000,1,1.000,1,,0
355.78,355.78,UAV-5,RELAY,ACTIVE,RELAY_HOLD,2177.7,1870.5,835.5,145.9,0.00,58.94,1,1.000,1,1.000,1,,0
356.80,356.80,UAV-1,RELAY,KILLED,LANDED,2169.8,1894.8,688.3,0.3,0.00,86.44,0,1.000,1,0.000,1,,0
356.80,356.80,UAV-2,STANDBY,RETURNING,RTH,1137.2,2259.2,764.6,109.2,12.74,58.36,1,1.000,1,1.000,1,,0
356.80,356.80,UAV-3,STANDBY,RETURNING,RTH,2565.8,2094.9,806.3,107.1,12.59,59.61,1,1.000,2,0.000,1,,0
356.80,356.80,UAV-4,STANDBY,RETURNING,RTH,362.6,2262.1,785.1,153.5,11.09,58.72,1,1.000,1,1.000,1,,0
356.80,356.80,UAV-5,RELAY,ACTIVE,RELAY_HOLD,2177.7,1870.5,835.5,145.9,0.00,58.84,1,1.000,1,1.000,1,,0
357.82,357.82,UAV-1,RELAY,KILLED,LANDED,2169.8,1894.8,688.3,0.3,0.00,86.44,0,1.000,1,0.000,1,,0
357.82,357.82,UAV-2,STANDBY,RETURNING,RTH,1124.5,2261.9,764.5,108.9,12.71,58.24,1,1.000,1,1.000,1,,0
357.82,357.82,UAV-3,STANDBY,RETURNING,RTH,2555.4,2087.4,806.7,107.5,12.62,59.49,1,1.000,2,0.000,1,,0
357.82,357.82,UAV-4,STANDBY,RETURNING,RTH,352.8,2263.5,779.5,148.5,11.18,58.60,1,1.000,1,1.000,1,,0
357.82,357.82,UAV-5,RELAY,ACTIVE,RELAY_HOLD,2177.7,1870.5,835.5,145.9,0.00,58.74,1,1.000,1,1.000,1,,0
358.84,358.84,UAV-1,RELAY,KILLED,LANDED,2169.8,1894.8,688.3,0.3,0.00,86.44,0,1.000,1,0.000,1,,0
358.84,358.84,UAV-2,STANDBY,RETURNING,RTH,1112.1,2263.3,764.2,108.6,11.64,58.11,1,1.000,1,1.000,1,,0
358.84,358.84,UAV-3,STANDBY,RETURNING,RTH,2544.7,2080.3,807.0,107.7,12.63,59.36,1,1.000,2,0.000,1,,0
358.84,358.84,UAV-4,STANDBY,RETURNING,RTH,343.3,2264.6,773.3,142.9,11.28,58.48,1,1.000,1,1.000,1,,0
358.84,358.84,UAV-5,RELAY,ACTIVE,RELAY_HOLD,2177.7,1870.5,835.5,145.9,0.00,58.65,1,1.000,1,1.000,1,,0
359.86,359.86,UAV-1,RELAY,KILLED,LANDED,2169.8,1894.8,688.3,0.3,0.00,86.44,0,1.000,1,0.000,1,,0
359.86,359.86,UAV-2,STANDBY,RETURNING,RTH,1100.3,2262.1,763.6,108.5,11.69,57.98,1,1.000,1,1.000,1,,0
359.86,359.86,UAV-3,STANDBY,RETURNING,RTH,2533.8,2073.4,807.2,108.1,12.55,59.23,1,1.000,2,0.000,1,,0
359.86,359.86,UAV-4,STANDBY,RETURNING,RTH,333.6,2265.3,767.1,137.6,11.38,58.36,1,1.000,1,1.000,1,,0
359.86,359.86,UAV-5,RELAY,ACTIVE,RELAY_HOLD,2177.7,1870.5,835.5,145.9,0.00,58.55,1,1.000,1,1.000,1,,0
360.88,360.88,UAV-1,RELAY,KILLED,LANDED,2169.8,1894.8,688.3,0.3,0.00,86.44,0,1.000,1,0.000,1,,0
360.88,360.88,UAV-2,STANDBY,RETURNING,RTH,1088.4,2260.0,763.1,108.7,12.00,57.86,1,1.000,1,1.000,1,,0
360.88,360.88,UAV-3,STANDBY,RETURNING,RTH,2522.7,2067.0,807.5,108.6,12.56,59.11,1,1.000,2,0.000,1,,0
360.88,360.88,UAV-4,STANDBY,RETURNING,RTH,322.8,2265.7,762.5,133.9,11.63,58.24,1,1.000,1,1.000,1,,0
360.88,360.88,UAV-5,RELAY,ACTIVE,RELAY_HOLD,2177.7,1870.5,835.5,145.9,0.00,58.45,1,1.000,1,1.000,1,,0
361.90,361.90,UAV-1,RELAY,KILLED,LANDED,2169.8,1894.8,688.3,0.3,0.00,86.44,0,1.000,1,0.000,1,,0
361.90,361.90,UAV-2,STANDBY,RETURNING,RTH,1076.3,2257.9,762.6,108.9,12.14,57.74,1,1.000,1,1.000,1,,0
361.90,361.90,UAV-3,STANDBY,RETURNING,RTH,2511.5,2061.0,807.7,109.1,12.51,58.98,1,1.000,2,0.000,1,,0
361.90,361.90,UAV-4,STANDBY,RETURNING,RTH,311.2,2265.6,759.4,132.0,12.24,58.11,1,1.000,1,1.000,1,,0
361.90,361.90,UAV-5,RELAY,ACTIVE,RELAY_HOLD,2177.7,1870.5,835.5,145.9,0.00,58.36,1,1.000,1,1.000,1,,0
362.92,362.92,UAV-1,RELAY,KILLED,LANDED,2169.8,1894.8,688.3,0.3,0.00,86.44,0,1.000,1,0.000,1,,0
362.92,362.92,UAV-2,STANDBY,RETURNING,RTH,1064.1,2255.9,762.1,108.9,12.19,57.62,1,1.000,1,1.000,1,,0
362.92,362.92,UAV-3,STANDBY,RETURNING,RTH,2500.0,2055.5,807.9,109.5,12.43,58.86,1,1.000,2,0.000,1,,0
362.92,362.92,UAV-4,STANDBY,RETURNING,RTH,299.0,2264.3,757.9,131.3,11.80,57.99,1,1.000,1,1.000,1,,0
362.92,362.92,UAV-5,RELAY,ACTIVE,RELAY_HOLD,2177.7,1870.5,835.5,145.9,0.00,58.26,1,1.000,1,1.000,1,,0
363.94,363.94,UAV-1,RELAY,KILLED,LANDED,2169.8,1894.8,688.3,0.3,0.00,86.44,0,1.000,1,0.000,1,,0
363.94,363.94,UAV-2,STANDBY,RETURNING,RTH,1051.7,2253.9,761.7,109.0,12.25,57.49,1,1.000,1,1.000,1,,0
363.94,363.94,UAV-3,STANDBY,RETURNING,RTH,2488.4,2050.4,808.1,109.8,12.42,58.73,1,1.000,2,0.000,1,,0
363.94,363.94,UAV-4,STANDBY,RETURNING,RTH,287.5,2263.0,755.7,129.4,11.40,57.87,1,1.000,1,1.000,1,,0
363.94,363.94,UAV-5,RELAY,ACTIVE,RELAY_HOLD,2177.7,1870.5,835.5,145.9,0.00,58.17,1,1.000,1,1.000,1,,0
364.96,364.96,UAV-1,RELAY,KILLED,LANDED,2169.8,1894.8,688.3,0.3,0.00,86.44,0,1.000,1,0.000,1,,0
364.96,364.96,UAV-2,STANDBY,RETURNING,RTH,1039.4,2252.1,761.3,109.2,12.24,57.37,1,1.000,1,1.000,1,,0
364.96,364.96,UAV-3,STANDBY,RETURNING,RTH,2476.6,2045.9,808.3,109.9,12.36,58.61,1,1.000,2,0.000,1,,0
364.96,364.96,UAV-4,STANDBY,RETURNING,RTH,276.5,2261.6,752.6,126.3,11.17,57.76,1,1.000,1,1.000,1,,0
364.96,364.96,UAV-5,RELAY,ACTIVE,RELAY_HOLD,2177.7,1870.5,835.5,145.9,0.00,58.07,1,1.000,1,1.000,1,,0
365.98,365.98,UAV-1,RELAY,KILLED,LANDED,2169.8,1894.8,688.3,0.3,0.00,86.44,0,1.000,1,0.000,1,,0
365.98,365.98,UAV-2,STANDBY,RETURNING,RTH,1027.0,2250.3,760.9,109.6,12.25,57.25,1,1.000,1,1.000,1,,0
365.98,365.98,UAV-3,STANDBY,RETURNING,RTH,2464.6,2041.9,808.4,110.0,12.33,58.48,1,1.000,2,0.000,1,,0
365.98,365.98,UAV-4,STANDBY,RETURNING,RTH,265.9,2260.4,748.7,122.2,11.09,57.64,1,1.000,1,1.000,1,,0
365.98,365.98,UAV-5,RELAY,ACTIVE,RELAY_HOLD,2177.7,1870.5,835.5,145.9,0.00,57.97,1,1.000,1,1.000,1,,0
367.00,367.00,UAV-1,RELAY,KILLED,LANDED,2169.8,1894.8,688.3,0.3,0.00,86.44,0,1.000,1,0.000,1,,0
367.00,367.00,UAV-2,STANDBY,RETURNING,RTH,1014.7,2248.6,760.5,110.0,12.28,57.12,1,1.000,1,1.000,1,,0
367.00,367.00,UAV-3,STANDBY,RETURNING,RTH,2452.6,2038.4,808.5,109.9,12.33,58.36,1,1.000,2,0.000,1,,0
367.00,367.00,UAV-4,STANDBY,RETURNING,RTH,255.7,2259.3,744.0,117.5,11.13,57.52,1,1.000,1,1.000,1,,0
367.00,367.00,UAV-5,RELAY,ACTIVE,RELAY_HOLD,2177.7,1870.5,835.5,145.9,0.00,57.88,1,1.000,1,1.000,1,,0
368.02,368.02,UAV-1,RELAY,KILLED,LANDED,2169.8,1894.8,688.3,0.3,0.00,86.44,0,1.000,1,0.000,1,,0
368.02,368.02,UAV-2,STANDBY,RETURNING,RTH,1002.2,2247.1,760.2,110.1,12.33,57.00,1,1.000,1,1.000,1,,0
368.02,368.02,UAV-3,STANDBY,RETURNING,RTH,2440.3,2035.6,808.6,109.8,12.37,58.24,1,1.000,2,0.000,1,,0
368.02,368.02,UAV-4,STANDBY,RETURNING,RTH,245.7,2258.4,738.6,112.0,11.24,57.41,1,1.000,1,1.000,1,,0
368.02,368.02,UAV-5,RELAY,ACTIVE,RELAY_HOLD,2177.7,1870.5,835.5,145.9,0.01,57.78,1,1.000,1,1.000,1,,0
369.04,369.04,UAV-1,RELAY,KILLED,LANDED,2169.8,1894.8,688.3,0.3,0.00,86.44,0,1.000,1,0.000,1,,0
369.04,369.04,UAV-2,STANDBY,RETURNING,RTH,989.7,2245.7,759.9,109.8,12.35,56.88,1,1.000,1,1.000,1,,0
369.04,369.04,UAV-3,STANDBY,RETURNING,RTH,2427.8,2033.5,808.6,109.6,12.38,58.12,1,1.000,2,0.000,1,,0
369.04,369.04,UAV-4,STANDBY,RETURNING,RTH,235.9,2257.7,732.6,105.7,11.35,57.29,1,1.000,1,1.000,1,,0
369.04,369.04,UAV-5,RELAY,ACTIVE,RELAY_HOLD,2177.7,1870.5,835.5,145.9,0.00,57.68,1,1.000,1,1.000,1,,0
370.06,370.06,UAV-1,RELAY,KILLED,LANDED,2169.8,1894.8,688.3,0.3,0.00,86.44,0,1.000,1,0.000,1,,0
370.06,370.06,UAV-2,STANDBY,RETURNING,RTH,977.1,2244.4,759.7,109.2,12.37,56.76,1,1.000,1,1.000,1,,0
370.06,370.06,UAV-3,STANDBY,RETURNING,RTH,2415.8,2031.4,808.3,109.1,11.46,57.98,1,1.000,2,0.000,1,,0
370.06,370.06,UAV-4,STANDBY,RETURNING,RTH,226.4,2257.1,725.9,98.8,11.50,57.17,1,1.000,1,1.000,1,,0
370.06,370.06,UAV-5,RELAY,ACTIVE,RELAY_HOLD,2177.7,1870.5,835.5,145.9,0.01,57.59,1,1.000,1,1.000,1,,0
371.08,371.08,UAV-1,RELAY,KILLED,LANDED,2169.8,1894.8,688.3,0.3,0.00,86.44,0,1.000,1,0.000,1,,0
371.08,371.08,UAV-2,STANDBY,RETURNING,RTH,964.6,2243.2,759.5,108.9,12.32,56.63,1,1.000,1,1.000,1,,0
371.08,371.08,UAV-3,STANDBY,RETURNING,RTH,2405.2,2026.9,807.4,108.6,11.44,57.84,1,1.000,2,0.000,1,,0
371.08,371.08,UAV-4,STANDBY,RETURNING,RTH,216.6,2256.7,719.3,91.8,11.60,57.05,1,1.000,1,1.000,1,,0
371.08,371.08,UAV-5,RELAY,ACTIVE,RELAY_HOLD,2177.7,1870.5,835.5,145.9,0.00,57.49,1,1.000,1,1.000,1,,0
372.10,372.10,UAV-1,RELAY,KILLED,LANDED,2169.8,1894.8,688.3,0.3,0.00,86.44,0,1.000,1,0.000,1,,0
372.10,372.10,UAV-2,STANDBY,RETURNING,RTH,952.1,2242.1,759.3,109.0,12.29,56.51,1,1.000,1,1.000,1,,0
372.10,372.10,UAV-3,STANDBY,RETURNING,RTH,2395.5,2020.1,806.5,108.4,11.84,57.70,1,1.000,2,0.000,1,,0
372.10,372.10,UAV-4,STANDBY,RETURNING,RTH,205.8,2256.4,714.3,86.5,11.81,56.93,1,1.000,1,1.000,1,,0
372.10,372.10,UAV-5,RELAY,ACTIVE,RELAY_HOLD,2177.7,1870.5,835.5,145.9,0.00,57.39,1,1.000,1,1.000,1,,0
373.12,373.12,UAV-1,RELAY,KILLED,LANDED,2169.8,1894.8,688.3,0.3,0.00,86.44,0,1.000,1,0.000,1,,0
373.12,373.12,UAV-2,STANDBY,RETURNING,RTH,939.6,2241.2,759.1,109.4,12.37,56.39,1,1.000,1,1.000,1,,0
373.12,373.12,UAV-3,STANDBY,RETURNING,RTH,2386.5,2011.7,805.7,108.2,12.30,57.56,1,1.000,2,0.000,1,,0
373.12,373.12,UAV-4,STANDBY,RETURNING,RTH,194.8,2256.3,709.8,81.7,11.14,56.83,1,1.000,1,1.000,1,,0
373.12,373.12,UAV-5,RELAY,ACTIVE,RELAY_HOLD,2177.7,1870.5,835.5,145.9,0.00,57.30,1,1.000,1,1.000,1,,0
374.14,374.14,UAV-1,RELAY,KILLED,LANDED,2169.8,1894.8,688.3,0.3,0.00,86.44,0,1.000,1,0.000,1,,0
374.14,374.14,UAV-2,STANDBY,RETURNING,RTH,927.0,2240.4,759.0,109.8,12.37,56.27,1,1.000,1,1.000,1,,0
374.14,374.14,UAV-3,STANDBY,RETURNING,RTH,2377.9,2002.4,805.0,107.9,12.59,57.42,1,1.000,2,0.000,1,,0
374.14,374.14,UAV-4,STANDBY,RETURNING,RTH,187.1,2256.2,701.0,72.8,12.01,56.76,1,1.000,1,1.000,1,,0
374.14,374.14,UAV-5,RELAY,ACTIVE,RELAY_HOLD,2177.7,1870.5,835.5,145.9,0.00,57.20,1,1.000,1,1.000,1,,0
375.16,375.16,UAV-1,RELAY,KILLED,LANDED,2169.8,1894.8,688.3,0.3,0.00,86.44,0,1.000,1,0.000,1,,0
375.16,375.16,UAV-2,STANDBY,RETURNING,RTH,914.4,2239.8,758.9,110.0,12.39,56.14,1,1.000,1,1.000,1,,0
375.16,375.16,UAV-3,STANDBY,RETURNING,RTH,2369.4,1992.7,804.2,107.9,12.72,57.29,1,1.000,2,0.000,1,,0
375.16,375.16,UAV-4,STANDBY,RETURNING,RTH,184.6,2256.2,691.8,63.5,4.64,56.64,1,1.000,1,1.000,1,,0
375.16,375.16,UAV-5,RELAY,ACTIVE,RELAY_HOLD,2177.7,1870.5,835.5,145.9,0.00,57.11,1,1.000,1,1.000,1,,0
376.18,376.18,UAV-1,RELAY,KILLED,LANDED,2169.8,1894.8,688.3,0.3,0.00,86.44,0,1.000,1,0.000,1,,0
376.18,376.18,UAV-2,STANDBY,RETURNING,RTH,901.7,2239.2,758.8,110.0,12.39,56.02,1,1.000,1,1.000,1,,0
376.18,376.18,UAV-3,STANDBY,RETURNING,RTH,2360.7,1983.1,803.6,108.3,12.74,57.16,1,1.000,2,0.000,1,,0
376.18,376.18,UAV-4,STANDBY,RETURNING,LANDING,184.4,2256.2,687.1,58.8,5.32,56.55,1,1.000,1,1.000,1,,0
376.18,376.18,UAV-5,RELAY,ACTIVE,RELAY_HOLD,2177.7,1870.5,835.5,145.9,0.00,57.01,1,1.000,1,1.000,1,,0
377.20,377.20,UAV-1,RELAY,KILLED,LANDED,2169.8,1894.8,688.3,0.3,0.00,86.44,0,1.000,1,0.000,1,,0
377.20,377.20,UAV-2,STANDBY,RETURNING,RTH,889.8,2238.1,758.2,109.5,11.45,55.89,1,1.000,1,1.000,1,,0
377.20,377.20,UAV-3,STANDBY,RETURNING,RTH,2351.8,1973.7,802.9,108.8,12.69,57.03,1,1.000,2,0.000,1,,0
377.20,377.20,UAV-4,STANDBY,RETURNING,LANDING,184.5,2256.3,681.5,53.3,5.46,56.46,1,1.000,1,1.000,1,,0
377.20,377.20,UAV-5,RELAY,ACTIVE,RELAY_HOLD,2177.7,1870.5,835.5,145.9,0.00,56.91,1,1.000,1,1.000,1,,0
378.22,378.22,UAV-1,RELAY,KILLED,LANDED,2169.8,1894.8,688.3,0.3,0.00,86.44,0,1.000,1,0.000,1,,0
378.22,378.22,UAV-2,STANDBY,RETURNING,RTH,878.4,2235.1,757.4,108.6,11.75,55.77,1,1.000,1,1.000,1,,0
378.22,378.22,UAV-3,STANDBY,RETURNING,RTH,2342.6,1964.6,802.3,108.8,12.68,56.90,1,1.000,2,0.000,1,,0
378.22,378.22,UAV-4,STANDBY,RETURNING,LANDING,184.4,2256.3,675.9,47.7,5.48,56.36,1,1.000,1,1.000,1,,0
378.22,378.22,UAV-5,RELAY,ACTIVE,RELAY_HOLD,2177.7,1870.5,835.5,145.9,0.01,56.82,1,1.000,1,1.000,1,,0
379.24,379.24,UAV-1,RELAY,KILLED,LANDED,2169.8,1894.8,688.3,0.3,0.00,86.44,0,1.000,1,0.000,1,,0
379.24,379.24,UAV-2,STANDBY,RETURNING,RTH,866.8,2231.7,756.5,107.9,11.99,55.64,1,1.000,1,1.000,1,,0
379.24,379.24,UAV-3,STANDBY,RETURNING,RTH,2333.1,1955.8,801.8,108.5,12.67,56.77,1,1.000,2,0.000,1,,0
379.24,379.24,UAV-4,STANDBY,RETURNING,LANDING,184.4,2256.3,670.4,42.1,5.49,56.27,1,1.000,1,1.000,1,,0
379.24,379.24,UAV-5,RELAY,ACTIVE,RELAY_HOLD,2177.7,1870.5,835.5,145.9,0.00,56.72,1,1.000,1,1.000,1,,0
380.26,380.26,UAV-1,RELAY,KILLED,LANDED,2169.8,1894.8,688.3,0.3,0.00,86.44,0,1.000,1,0.000,1,,0
380.26,380.26,UAV-2,STANDBY,RETURNING,RTH,854.9,2228.4,755.8,107.5,12.09,55.52,1,1.000,1,1.000,1,,0
380.26,380.26,UAV-3,STANDBY,RETURNING,RTH,2323.4,1947.4,801.3,108.2,12.63,56.64,1,1.000,2,0.000,1,,0
380.26,380.26,UAV-4,STANDBY,RETURNING,LANDING,184.4,2256.3,664.7,36.5,5.49,56.18,1,1.000,1,1.000,1,,0
380.26,380.26,UAV-5,RELAY,ACTIVE,RELAY_HOLD,2177.7,1870.5,835.5,145.9,0.00,56.62,1,1.000,1,1.000,1,,0
381.28,381.28,UAV-1,RELAY,KILLED,LANDED,2169.8,1894.8,688.3,0.3,0.00,86.44,0,1.000,1,0.000,1,,0
381.28,381.28,UAV-2,STANDBY,RETURNING,RTH,843.0,2225.3,755.1,107.1,12.17,55.40,1,1.000,1,1.000,1,,0
381.28,381.28,UAV-3,STANDBY,RETURNING,RTH,2313.3,1939.4,800.8,108.2,12.60,56.51,1,1.000,2,0.000,1,,0
381.28,381.28,UAV-4,STANDBY,RETURNING,LANDING,184.4,2256.3,659.1,30.9,5.50,56.09,1,1.000,1,1.000,1,,0
381.28,381.28,UAV-5,RELAY,ACTIVE,RELAY_HOLD,2177.7,1870.5,835.5,145.9,0.01,56.53,1,1.000,1,1.000,1,,0
382.30,382.30,UAV-1,RELAY,KILLED,LANDED,2169.8,1894.8,688.3,0.3,0.00,86.44,0,1.000,1,0.000,1,,0
382.30,382.30,UAV-2,STANDBY,RETURNING,RTH,830.9,2222.3,754.4,106.7,12.25,55.27,1,1.000,1,1.000,1,,0
382.30,382.30,UAV-3,STANDBY,RETURNING,RTH,2303.0,1931.8,800.4,108.3,12.58,56.39,1,1.000,2,0.000,1,,0
382.30,382.30,UAV-4,STANDBY,RETURNING,LANDING,184.4,2256.3,653.5,25.3,5.50,55.99,1,1.000,1,1.000,1,,0
382.30,382.30,UAV-5,RELAY,ACTIVE,RELAY_HOLD,2177.7,1870.5,835.5,145.9,0.00,56.43,1,1.000,1,1.000,1,,0
383.32,383.32,UAV-1,RELAY,KILLED,LANDED,2169.8,1894.8,688.3,0.3,0.00,86.44,0,1.000,1,0.000,1,,0
383.32,383.32,UAV-2,STANDBY,RETURNING,RTH,818.7,2219.5,753.8,106.3,12.36,55.15,1,1.000,1,1.000,1,,0
383.32,383.32,UAV-3,STANDBY,RETURNING,RTH,2292.3,1924.6,800.0,108.5,12.61,56.26,1,1.000,2,0.000,1,,0
383.32,383.32,UAV-4,STANDBY,RETURNING,LANDING,184.4,2256.3,647.9,19.7,5.50,55.90,1,1.000,1,1.000,1,,0
383.32,383.32,UAV-5,RELAY,ACTIVE,RELAY_HOLD,2177.7,1870.5,835.5,145.9,0.01,56.33,1,1.000,1,1.000,1,,0
384.34,384.34,UAV-1,RELAY,KILLED,LANDED,2169.8,1894.8,688.3,0.3,0.00,86.44,0,1.000,1,0.000,1,,0
384.34,384.34,UAV-2,STANDBY,RETURNING,RTH,806.4,2216.9,753.2,106.2,12.33,55.03,1,1.000,1,1.000,1,,0
384.34,384.34,UAV-3,STANDBY,RETURNING,RTH,2281.4,1917.9,799.7,108.9,12.51,56.13,1,1.000,2,0.000,1,,0
384.34,384.34,UAV-4,STANDBY,RETURNING,LANDING,184.4,2256.3,642.3,14.1,5.50,55.81,1,1.000,1,1.000,1,,0
384.34,384.34,UAV-5,RELAY,ACTIVE,RELAY_HOLD,2177.7,1870.5,835.5,145.9,0.01,56.24,1,1.000,1,1.000,1,,0
385.36,385.36,UAV-1,RELAY,KILLED,LANDED,2169.8,1894.8,688.3,0.3,0.00,86.44,0,1.000,1,0.000,1,,0
385.36,385.36,UAV-2,STANDBY,RETURNING,RTH,794.1,2214.5,752.7,106.4,12.25,54.90,1,1.000,1,1.000,1,,0
385.36,385.36,UAV-3,STANDBY,RETURNING,RTH,2270.3,1911.7,799.4,109.4,12.36,56.01,1,1.000,2,0.002,1,,0
385.36,385.36,UAV-4,STANDBY,RETURNING,LANDING,184.4,2256.3,636.7,8.5,5.50,55.72,1,1.000,1,1.000,1,,0
385.36,385.36,UAV-5,RELAY,ACTIVE,RELAY_HOLD,2177.7,1870.5,835.5,145.9,0.01,56.14,1,1.000,1,1.000,1,,0
386.38,386.38,UAV-1,RELAY,KILLED,LANDED,2169.8,1894.8,688.3,0.3,0.00,86.44,0,1.000,1,0.000,1,,0
386.38,386.38,UAV-2,STANDBY,RETURNING,RTH,781.8,2212.2,752.2,107.0,12.20,54.78,1,1.000,1,1.000,1,,0
386.38,386.38,UAV-3,STANDBY,RETURNING,RTH,2259.1,1906.1,799.1,109.8,12.27,55.88,1,1.000,2,0.005,1,,0
386.38,386.38,UAV-4,STANDBY,CHARGING,CHARGING,184.4,2256.3,628.5,0.3,0.00,56.18,1,1.000,1,0.000,1,,0
386.38,386.38,UAV-5,RELAY,ACTIVE,RELAY_HOLD,2177.7,1870.5,835.5,145.9,0.00,56.04,1,1.000,1,1.000,1,,0
387.40,387.40,UAV-1,RELAY,KILLED,LANDED,2169.8,1894.8,688.3,0.3,0.00,86.44,0,1.000,1,0.000,1,,0
387.40,387.40,UAV-2,STANDBY,RETURNING,RTH,769.5,2210.1,751.8,107.7,12.25,54.66,1,1.000,1,1.000,1,,0
387.40,387.40,UAV-3,STANDBY,RETURNING,RTH,2247.7,1901.1,798.9,110.0,12.28,55.76,1,1.000,2,0.050,1,,0
387.40,387.40,UAV-4,STANDBY,CHARGING,CHARGING,184.4,2256.3,628.5,0.3,0.00,57.31,1,1.000,1,0.000,1,,0
387.40,387.40,UAV-5,RELAY,ACTIVE,RELAY_HOLD,2177.7,1870.5,835.5,145.9,0.01,55.95,1,1.000,1,1.000,1,,0
388.42,388.42,UAV-1,RELAY,KILLED,LANDED,2169.8,1894.8,688.3,0.3,0.00,86.44,0,1.000,1,0.000,1,,0
388.42,388.42,UAV-2,STANDBY,RETURNING,RTH,757.2,2208.2,751.4,108.2,12.35,54.54,1,1.000,1,1.000,1,,0
388.42,388.42,UAV-3,STANDBY,RETURNING,RTH,2235.9,1896.8,798.7,109.9,12.35,55.64,1,1.000,2,0.323,1,,0
388.42,388.42,UAV-4,STANDBY,CHARGING,CHARGING,184.4,2256.3,628.5,0.3,0.00,58.44,1,1.000,1,0.000,1,,0
388.42,388.42,UAV-5,RELAY,ACTIVE,RELAY_HOLD,2177.7,1870.5,835.5,145.9,0.00,55.85,1,1.000,1,1.000,1,,0
389.44,389.44,UAV-1,RELAY,KILLED,LANDED,2169.8,1894.8,688.3,0.3,0.00,86.44,0,1.000,1,0.000,1,,0
389.44,389.44,UAV-2,STANDBY,RETURNING,RTH,744.7,2206.4,751.1,108.2,12.38,54.41,1,1.000,1,1.000,1,,0
389.44,389.44,UAV-3,STANDBY,RETURNING,RTH,2223.8,1893.1,798.6,109.9,12.35,55.51,1,1.000,2,0.721,1,,0
389.44,389.44,UAV-4,STANDBY,CHARGING,CHARGING,184.4,2256.3,628.5,0.3,0.00,59.58,1,1.000,1,0.000,1,,0
389.44,389.44,UAV-5,RELAY,ACTIVE,RELAY_HOLD,2177.7,1870.5,835.5,145.9,0.01,55.76,1,1.000,1,1.000,1,,0
390.46,390.46,UAV-1,RELAY,KILLED,LANDED,2169.8,1894.8,688.3,0.3,0.00,86.44,0,1.000,1,0.000,1,,0
390.46,390.46,UAV-2,STANDBY,RETURNING,RTH,732.1,2204.8,750.8,108.2,12.38,54.29,1,1.000,1,1.000,1,,0
390.46,390.46,UAV-3,STANDBY,RETURNING,RTH,2211.5,1890.3,798.5,110.1,12.34,55.39,1,1.000,2,0.858,1,,0
390.46,390.46,UAV-4,STANDBY,CHARGING,CHARGING,184.4,2256.3,628.5,0.3,0.00,60.71,1,1.000,1,0.000,1,,0
390.46,390.46,UAV-5,RELAY,ACTIVE,RELAY_HOLD,2177.7,1870.5,835.5,145.9,0.00,55.66,1,1.000,1,1.000,1,,0
391.48,391.48,UAV-1,RELAY,KILLED,LANDED,2169.8,1894.8,688.3,0.3,0.00,86.44,0,1.000,1,0.000,1,,0
391.48,391.48,UAV-2,STANDBY,RETURNING,RTH,719.6,2203.5,750.5,108.1,12.37,54.17,1,1.000,1,1.000,1,,0
391.48,391.48,UAV-3,STANDBY,RETURNING,RTH,2199.3,1888.1,798.3,110.2,11.84,55.26,1,1.000,2,1.000,1,,0
391.48,391.48,UAV-4,STANDBY,CHARGING,CHARGING,184.4,2256.3,628.5,0.3,0.00,61.84,1,1.000,1,0.000,1,,0
391.48,391.48,UAV-5,RELAY,ACTIVE,RELAY_HOLD,2177.7,1870.5,835.5,145.9,0.00,55.56,1,1.000,1,1.000,1,,0
392.50,392.50,UAV-1,RELAY,KILLED,LANDED,2169.8,1894.8,688.3,0.3,0.00,86.44,0,1.000,1,0.000,1,,0
392.50,392.50,UAV-2,STANDBY,RETURNING,RTH,707.0,2202.3,750.3,108.1,12.45,54.05,1,1.000,1,1.000,1,,0
392.50,392.50,UAV-3,STANDBY,RETURNING,RTH,2188.2,1884.1,797.8,109.4,11.63,55.12,1,1.000,1,1.000,1,,0
392.50,392.50,UAV-4,STANDBY,CHARGING,CHARGING,184.4,2256.3,628.5,0.3,0.00,62.98,1,1.000,1,0.000,1,,0
392.50,392.50,UAV-5,RELAY,ACTIVE,RELAY_HOLD,2177.7,1870.5,835.5,145.9,0.00,55.47,1,1.000,1,1.000,1,,0
393.52,393.52,UAV-1,RELAY,KILLED,LANDED,2169.8,1894.8,688.3,0.3,0.00,86.44,0,1.000,1,0.000,1,,0
393.52,393.52,UAV-2,STANDBY,RETURNING,RTH,694.3,2201.4,750.2,108.4,12.48,53.92,1,1.000,1,1.000,1,,0
393.52,393.52,UAV-3,STANDBY,RETURNING,RTH,2178.1,1877.5,797.2,108.2,12.01,54.98,1,1.000,1,1.000,1,,0
393.52,393.52,UAV-4,STANDBY,CHARGING,CHARGING,184.4,2256.3,628.5,0.3,0.00,64.11,1,1.000,1,0.000,1,,0
393.52,393.52,UAV-5,RELAY,ACTIVE,RELAY_HOLD,2177.7,1870.5,835.5,145.9,0.00,55.37,1,1.000,1,1.000,1,,0
394.54,394.54,UAV-1,RELAY,KILLED,LANDED,2169.8,1894.8,688.3,0.3,0.00,86.44,0,1.000,1,0.000,1,,0
394.54,394.54,UAV-2,STANDBY,RETURNING,RTH,681.6,2200.6,750.0,109.0,12.53,53.80,1,1.000,1,1.000,1,,0
394.54,394.54,UAV-3,STANDBY,RETURNING,RTH,2168.7,1869.3,796.7,106.6,12.46,54.84,1,1.000,1,1.000,1,,0
394.54,394.54,UAV-4,STANDBY,CHARGING,CHARGING,184.4,2256.3,628.5,0.3,0.00,65.24,1,1.000,1,0.000,1,,0
394.54,394.54,UAV-5,RELAY,ACTIVE,RELAY_HOLD,2177.7,1870.5,835.5,145.9,0.00,55.27,1,1.000,1,1.000,1,,0
395.56,395.56,UAV-1,RELAY,KILLED,LANDED,2169.8,1894.8,688.3,0.3,0.00,86.44,0,1.000,1,0.000,1,,0
395.56,395.56,UAV-2,STANDBY,RETURNING,RTH,669.3,2201.3,749.7,109.2,11.93,53.67,1,1.000,1,1.000,1,,0
395.56,395.56,UAV-3,STANDBY,RETURNING,RTH,2159.9,1859.9,796.1,105.4,12.83,54.70,1,1.000,1,1.000,1,,0
395.56,395.56,UAV-4,STANDBY,CHARGING,CHARGING,184.4,2256.3,628.5,0.3,0.00,66.38,1,1.000,1,0.000,1,,0
395.56,395.56,UAV-5,RELAY,ACTIVE,RELAY_HOLD,2177.7,1870.5,835.5,145.9,0.00,55.18,1,1.000,1,1.000,1,,0
396.58,396.58,UAV-1,RELAY,KILLED,LANDED,2169.8,1894.8,688.3,0.3,0.00,86.44,0,1.000,1,0.000,1,,0
396.58,396.58,UAV-2,STANDBY,RETURNING,RTH,657.2,2204.1,749.1,109.1,12.44,53.55,1,1.000,1,1.000,1,,0
396.58,396.58,UAV-3,STANDBY,RETURNING,RTH,2151.5,1849.7,795.7,104.9,13.08,54.56,1,1.000,1,1.000,1,,0
396.58,396.58,UAV-4,STANDBY,CHARGING,CHARGING,184.4,2256.3,628.5,0.3,0.00,67.51,1,1.000,1,0.000,1,,0
396.58,396.58,UAV-5,RELAY,ACTIVE,RELAY_HOLD,2177.7,1870.5,835.5,145.9,0.00,55.08,1,1.000,1,1.000,1,,0
397.60,397.60,UAV-1,RELAY,KILLED,LANDED,2169.8,1894.8,688.3,0.3,0.00,86.44,0,1.000,1,0.000,1,,0
397.60,397.60,UAV-2,STANDBY,RETURNING,RTH,644.8,2207.4,748.6,108.8,12.63,53.43,1,1.000,1,1.000,1,,0
397.60,397.60,UAV-3,STANDBY,RETURNING,RTH,2143.3,1839.1,795.2,105.1,13.22,54.42,1,1.000,1,1.000,1,,0
397.60,397.60,UAV-4,STANDBY,CHARGING,CHARGING,184.4,2256.3,628.5,0.3,0.00,68.64,1,1.000,1,0.000,1,,0
397.60,397.60,UAV-5,RELAY,ACTIVE,RELAY_HOLD,2177.7,1870.5,835.5,145.9,0.00,54.98,1,1.000,1,1.000,1,,0
398.62,398.62,UAV-1,RELAY,KILLED,LANDED,2169.8,1894.8,688.3,0.3,0.00,86.44,0,1.000,1,0.000,1,,0
398.62,398.62,UAV-2,STANDBY,RETURNING,RTH,632.3,2210.5,748.1,108.3,12.69,53.30,1,1.000,1,1.000,1,,0
398.62,398.62,UAV-3,STANDBY,RETURNING,RTH,2135.0,1828.4,794.8,105.4,13.16,54.28,1,1.000,1,1.000,1,,0
398.62,398.62,UAV-4,STANDBY,CHARGING,CHARGING,184.4,2256.3,628.5,0.3,0.00,69.78,1,1.000,1,0.000,1,,0
398.62,398.62,UAV-5,RELAY,ACTIVE,RELAY_HOLD,2177.7,1870.5,835.5,145.9,0.00,54.89,1,1.000,1,1.000,1,,0
399.64,399.64,UAV-1,RELAY,KILLED,LANDED,2169.8,1894.8,688.3,0.3,0.00,86.44,0,1.000,1,0.000,1,,0
399.64,399.64,UAV-2,STANDBY,RETURNING,RTH,619.7,2213.6,747.7,107.9,12.69,53.18,1,1.000,1,1.000,1,,0
399.64,399.64,UAV-3,STANDBY,RETURNING,RTH,2126.7,1818.0,794.4,105.7,13.08,54.15,1,1.000,1,1.000,1,,0
399.64,399.64,UAV-4,STANDBY,CHARGING,CHARGING,184.4,2256.3,628.5,0.3,0.00,70.91,1,1.000,1,0.000,1,,0
399.64,399.64,UAV-5,RELAY,ACTIVE,RELAY_HOLD,2177.7,1870.5,835.5,145.9,0.00,54.79,1,1.000,1,1.000,1,,0
400.66,400.66,UAV-1,RELAY,KILLED,LANDED,2169.8,1894.8,688.3,0.3,0.00,86.44,0,1.000,1,0.000,1,,0
400.66,400.66,UAV-2,STANDBY,RETURNING,RTH,607.1,2216.4,747.3,107.6,12.69,53.06,1,1.000,1,1.000,1,,0
400.66,400.66,UAV-3,STANDBY,RETURNING,RTH,2118.1,1807.9,794.0,106.0,12.99,54.02,1,1.000,1,1.000,1,,0
400.66,400.66,UAV-4,STANDBY,CHARGING,CHARGING,184.4,2256.3,628.5,0.3,0.00,72.04,1,1.000,1,0.000,1,,0
400.66,400.66,UAV-5,RELAY,ACTIVE,RELAY_HOLD,2177.7,1870.5,835.5,145.9,0.00,54.69,1,1.000,1,1.000,1,,0
401.68,401.68,UAV-1,RELAY,KILLED,LANDED,2169.8,1894.8,688.3,0.3,0.00,86.44,0,1.000,1,0.000,1,,0
401.68,401.68,UAV-2,STANDBY,RETURNING,RTH,594.4,2219.2,746.9,107.4,12.66,52.94,1,1.000,1,1.000,1,,0
401.68,401.68,UAV-3,STANDBY,RETURNING,RTH,2109.3,1798.1,793.6,106.2,12.91,53.89,1,1.000,1,1.000,1,,0
401.68,401.68,UAV-4,STANDBY,CHARGING,CHARGING,184.4,2256.3,628.5,0.3,0.00,73.18,1,1.000,1,0.000,1,,0
401.68,401.68,UAV-5,RELAY,ACTIVE,RELAY_HOLD,2177.7,1870.5,835.5,145.9,0.00,54.60,1,1.000,1,1.000,1,,0
402.70,402.70,UAV-1,RELAY,KILLED,LANDED,2169.8,1894.8,688.3,0.3,0.00,86.44,0,1.000,1,0.000,1,,0
402.70,402.70,UAV-2,STANDBY,RETURNING,RTH,581.8,2221.8,746.5,107.0,12.68,52.82,1,1.000,1,1.000,1,,0
402.70,402.70,UAV-3,STANDBY,RETURNING,RTH,2100.1,1788.6,793.3,106.2,12.84,53.76,1,1.000,1,1.000,1,,0
402.70,402.70,UAV-4,STANDBY,CHARGING,CHARGING,184.4,2256.3,628.5,0.3,0.00,74.31,1,1.000,1,0.000,1,,0
402.70,402.70,UAV-5,RELAY,ACTIVE,RELAY_HOLD,2177.7,1870.5,835.5,145.9,0.00,54.50,1,1.000,1,1.000,1,,0
403.72,403.72,UAV-1,RELAY,KILLED,LANDED,2169.8,1894.8,688.3,0.3,0.00,86.44,0,1.000,1,0.000,1,,0
403.72,403.72,UAV-2,STANDBY,RETURNING,RTH,569.1,2224.2,746.2,106.7,12.70,52.69,1,1.000,1,1.000,1,,0
403.72,403.72,UAV-3,STANDBY,RETURNING,RTH,2090.7,1779.5,793.0,106.2,12.80,53.63,1,1.000,1,1.000,1,,0
403.72,403.72,UAV-4,STANDBY,CHARGING,CHARGING,184.4,2256.3,628.5,0.3,0.00,75.44,1,1.000,1,0.000,1,,0
403.72,403.72,UAV-5,RELAY,ACTIVE,RELAY_HOLD,2177.7,1870.5,835.5,145.9,0.01,54.41,1,1.000,1,1.000,1,,0
404.74,404.74,UAV-1,RELAY,KILLED,LANDED,2169.8,1894.8,688.3,0.3,0.00,86.44,0,1.000,1,0.000,1,,0
404.74,404.74,UAV-2,STANDBY,RETURNING,RTH,556.3,2226.4,745.9,106.7,12.68,52.57,1,1.000,1,1.000,1,,0
404.74,404.74,UAV-3,STANDBY,RETURNING,RTH,2081.0,1770.9,792.8,106.1,12.76,53.50,1,1.000,1,1.000,1,,0
404.74,404.74,UAV-4,STANDBY,CHARGING,CHARGING,184.4,2256.3,628.5,0.3,0.00,76.58,1,1.000,1,0.000,1,,0
404.74,404.74,UAV-5,RELAY,ACTIVE,RELAY_HOLD,2177.7,1870.5,835.5,145.9,0.00,54.31,1,1.000,1,1.000,1,,0
405.76,405.76,UAV-1,RELAY,KILLED,LANDED,2169.8,1894.8,688.3,0.3,0.00,86.44,0,1.000,1,0.000,1,,0
405.76,405.76,UAV-2,STANDBY,RETURNING,RTH,543.6,2228.5,745.6,106.8,12.67,52.45,1,1.000,1,1.000,1,,0
405.76,405.76,UAV-3,STANDBY,RETURNING,RTH,2071.0,1762.6,792.5,106.0,12.69,53.37,1,1.000,1,1.000,1,,0
405.76,405.76,UAV-4,STANDBY,CHARGING,CHARGING,184.4,2256.3,628.5,0.3,0.00,77.71,1,1.000,1,0.000,1,,0
405.76,405.76,UAV-5,RELAY,ACTIVE,RELAY_HOLD,2177.7,1870.5,835.5,145.9,0.00,54.21,1,1.000,1,1.000,1,,0
406.78,406.78,UAV-1,RELAY,KILLED,LANDED,2169.8,1894.8,688.3,0.3,0.00,86.44,0,1.000,1,0.000,1,,0
406.78,406.78,UAV-2,STANDBY,RETURNING,RTH,530.8,2230.4,745.4,107.5,12.63,52.33,1,1.000,1,1.000,1,,0
406.78,406.78,UAV-3,STANDBY,RETURNING,RTH,2060.7,1754.9,792.3,105.6,12.62,53.24,1,1.000,1,1.000,1,,0
406.78,406.78,UAV-4,STANDBY,CHARGING,CHARGING,184.4,2256.3,628.5,0.3,0.00,78.84,1,1.000,1,0.000,1,,0
406.78,406.78,UAV-5,RELAY,ACTIVE,RELAY_HOLD,2177.7,1870.5,835.5,145.9,0.00,54.12,1,1.000,1,1.000,1,,0
407.80,407.80,UAV-1,RELAY,KILLED,LANDED,2169.8,1894.8,688.3,0.3,0.00,86.44,0,1.000,1,0.000,1,,0
407.80,407.80,UAV-2,STANDBY,RETURNING,RTH,518.1,2232.1,745.2,108.6,12.61,52.20,1,1.000,1,1.000,1,,0
407.80,407.80,UAV-3,STANDBY,RETURNING,RTH,2050.0,1747.7,792.1,105.2,12.56,53.12,1,1.000,1,1.000,1,,0
407.80,407.80,UAV-4,STANDBY,CHARGING,CHARGING,184.4,2256.3,628.5,0.3,0.00,79.98,1,1.000,1,0.000,1,,0
407.80,407.80,UAV-5,RELAY,ACTIVE,RELAY_HOLD,2177.7,1870.5,835.5,145.9,0.00,54.02,1,1.000,2,1.000,1,,0
408.82,408.82,UAV-1,RELAY,KILLED,LANDED,2169.8,1894.8,688.3,0.3,0.00,86.44,0,1.000,1,0.000,1,,0
408.82,408.82,UAV-2,STANDBY,RETURNING,RTH,505.3,2233.6,745.0,109.7,12.60,52.08,1,1.000,1,1.000,1,,0
408.82,408.82,UAV-3,STANDBY,RETURNING,RTH,2039.1,1741.0,791.9,105.2,12.50,52.99,1,1.000,1,1.000,1,,0
408.82,408.82,UAV-4,STANDBY,CHARGING,CHARGING,184.4,2256.3,628.5,0.3,0.00,81.11,1,1.000,1,0.000,1,,0
408.82,408.82,UAV-5,RELAY,ACTIVE,RELAY_HOLD,2177.7,1870.5,835.5,145.9,0.00,53.92,1,1.000,1,1.000,1,,0
409.84,409.84,UAV-1,RELAY,KILLED,LANDED,2169.8,1894.8,688.3,0.3,0.00,86.44,0,1.000,1,0.000,1,,0
409.84,409.84,UAV-2,STANDBY,RETURNING,RTH,492.5,2235.0,744.8,110.7,12.56,51.96,1,1.000,1,1.000,1,,0
409.84,409.84,UAV-3,STANDBY,RETURNING,RTH,2027.9,1735.1,791.8,105.7,12.43,52.87,1,1.000,1,1.000,1,,0
409.84,409.84,UAV-4,STANDBY,CHARGING,CHARGING,184.4,2256.3,628.5,0.3,0.00,82.24,1,1.000,1,0.000,1,,0
409.84,409.84,UAV-5,RELAY,ACTIVE,RELAY_HOLD,2177.7,1870.5,835.5,145.9,0.00,53.83,1,1.000,1,1.000,1,,0
410.86,410.86,UAV-1,RELAY,KILLED,LANDED,2169.8,1894.8,688.3,0.3,0.00,86.44,0,1.000,1,0.000,1,,0
410.86,410.86,UAV-2,STANDBY,RETURNING,RTH,479.8,2236.1,744.7,111.3,12.54,51.84,1,1.000,1,1.000,1,,0
410.86,410.86,UAV-3,STANDBY,RETURNING,RTH,2016.4,1729.9,791.7,106.3,12.37,52.74,1,1.000,1,0.958,1,,0
410.86,410.86,UAV-4,STANDBY,CHARGING,CHARGING,184.4,2256.3,628.5,0.3,0.00,83.38,1,1.000,1,0.000,1,,0
410.86,410.86,UAV-5,RELAY,ACTIVE,RELAY_HOLD,2177.7,1870.5,835.5,145.9,0.00,53.73,1,1.000,1,1.000,1,,0
411.88,411.88,UAV-1,RELAY,KILLED,LANDED,2169.8,1894.8,688.3,0.3,0.00,86.44,0,1.000,1,0.000,1,,0
411.88,411.88,UAV-2,STANDBY,RETURNING,RTH,467.1,2237.0,744.6,111.3,12.44,51.71,1,1.000,1,1.000,1,,0
411.88,411.88,UAV-3,STANDBY,RETURNING,RTH,2004.6,1725.5,791.6,107.0,12.24,52.62,1,1.000,2,0.999,1,,0
411.88,411.88,UAV-4,STANDBY,CHARGING,CHARGING,184.4,2256.3,628.5,0.3,0.00,84.51,1,1.000,1,0.000,1,,0
411.88,411.88,UAV-5,RELAY,ACTIVE,RELAY_HOLD,2177.7,1870.5,835.5,145.9,0.00,53.63,1,1.000,1,1.000,1,,0
412.90,412.90,UAV-1,RELAY,KILLED,LANDED,2169.8,1894.8,688.3,0.3,0.00,86.44,0,1.000,1,0.000,1,,0
412.90,412.90,UAV-2,STANDBY,RETURNING,RTH,454.5,2237.8,744.4,110.7,12.00,51.59,1,1.000,1,1.000,1,,0
412.90,412.90,UAV-3,STANDBY,RETURNING,RTH,1992.6,1722.0,791.5,107.7,12.22,52.50,1,1.000,2,1.000,1,,0
412.90,412.90,UAV-4,STANDBY,CHARGING,CHARGING,184.4,2256.3,628.5,0.3,0.00,85.64,1,1.000,1,0.000,1,,0
412.90,412.90,UAV-5,RELAY,ACTIVE,RELAY_HOLD,2177.7,1870.5,835.5,145.9,0.01,53.54,1,1.000,1,1.000,1,,0
413.92,413.92,UAV-1,RELAY,KILLED,LANDED,2169.8,1894.8,688.3,0.3,0.00,86.44,0,1.000,1,0.000,1,,0
413.92,413.92,UAV-2,STANDBY,RETURNING,RTH,442.4,2239.8,743.8,109.6,12.26,51.47,1,1.000,1,1.000,1,,0
413.92,413.92,UAV-3,STANDBY,RETURNING,RTH,1980.5,1719.4,791.4,108.3,11.93,52.38,1,1.000,2,0.999,1,,0
413.92,413.92,UAV-4,STANDBY,CHARGING,CHARGING,184.4,2256.3,628.5,0.3,0.00,86.78,1,1.000,1,0.000,1,,0
413.92,413.92,UAV-5,RELAY,ACTIVE,RELAY_HOLD,2177.7,1870.5,835.5,145.9,0.00,53.44,1,1.000,1,1.000,1,,0
414.94,414.94,UAV-1,RELAY,KILLED,LANDED,2169.8,1894.8,688.3,0.3,0.00,86.44,0,1.000,1,0.000,1,,0
414.94,414.94,UAV-2,STANDBY,RETURNING,RTH,430.0,2242.2,743.1,108.4,12.46,51.35,1,1.000,1,1.000,1,,0
414.94,414.94,UAV-3,STANDBY,RETURNING,RTH,1968.4,1717.9,790.7,108.3,12.02,52.26,1,1.000,2,0.952,1,,0
414.94,414.94,UAV-4,STANDBY,CHARGING,CHARGING,184.4,2256.3,628.5,0.3,0.00,87.91,1,1.000,1,0.000,1,,0
414.94,414.94,UAV-5,RELAY,ACTIVE,RELAY_HOLD,2177.7,1870.5,835.5,145.9,0.00,53.35,1,1.000,1,1.000,1,,0
415.96,415.96,UAV-1,RELAY,KILLED,LANDED,2169.8,1894.8,688.3,0.3,0.00,86.44,0,1.000,1,0.000,1,,0
415.96,415.96,UAV-2,STANDBY,RETURNING,RTH,417.5,2244.5,742.5,107.7,12.56,51.22,1,1.000,1,1.000,1,,0
415.96,415.96,UAV-3,STANDBY,RETURNING,RTH,1956.2,1716.8,789.9,108.5,12.16,52.13,1,1.000,2,0.840,1,,0
415.96,415.96,UAV-4,STANDBY,CHARGING,CHARGING,184.4,2256.3,628.5,0.3,0.00,89.04,1,1.000,1,0.000,1,,0
415.96,415.96,UAV-5,RELAY,ACTIVE,RELAY_HOLD,2177.7,1870.5,835.5,145.9,0.01,53.25,1,1.000,1,1.000,1,,0
416.98,416.98,UAV-1,RELAY,KILLED,LANDED,2169.8,1894.8,688.3,0.3,0.00,86.44,0,1.000,1,0.000,1,,0
416.98,416.98,UAV-2,STANDBY,RETURNING,RTH,404.8,2246.8,741.9,107.8,12.59,51.10,1,1.000,1,1.000,1,,0
416.98,416.98,UAV-3,STANDBY,RETURNING,RTH,1943.8,1715.7,789.2,108.9,12.22,52.01,1,1.000,2,0.761,1,,0
416.98,416.98,UAV-4,STANDBY,CHARGING,CHARGING,184.4,2256.3,628.5,0.3,0.00,90.18,1,1.000,1,0.000,1,,0
416.98,416.98,UAV-5,RELAY,ACTIVE,RELAY_HOLD,2177.7,1870.5,835.5,145.9,0.00,53.15,1,1.000,1,1.000,1,,0
418.00,418.00,UAV-1,RELAY,KILLED,LANDED,2169.8,1894.8,688.3,0.3,0.00,86.44,0,1.000,1,0.000,1,,0
418.00,418.00,UAV-2,STANDBY,RETURNING,RTH,392.2,2248.9,741.4,108.2,12.60,50.98,1,1.000,1,1.000,1,,0
418.00,418.00,UAV-3,STANDBY,RETURNING,RTH,1931.4,1714.7,788.6,109.2,12.26,51.89,1,1.000,2,0.750,1,,0
418.00,418.00,UAV-4,STANDBY,CHARGING,CHARGING,184.4,2256.3,628.5,0.3,0.00,91.31,1,1.000,1,0.000,1,,0
418.00,418.00,UAV-5,RELAY,ACTIVE,RELAY_HOLD,2177.7,1870.5,835.5,145.9,0.00,53.06,1,1.000,1,1.000,1,,0
419.02,419.02,UAV-1,RELAY,KILLED,LANDED,2169.8,1894.8,688.3,0.3,0.00,86.44,0,1.000,1,0.000,1,,0
419.02,419.02,UAV-2,STANDBY,RETURNING,RTH,379.5,2250.9,740.9,108.7,12.55,50.86,1,1.000,1,1.000,1,,0
419.02,419.02,UAV-3,STANDBY,RETURNING,RTH,1918.9,1713.7,788.0,109.1,12.25,51.77,1,1.000,2,0.628,1,,0
419.02,419.02,UAV-4,STANDBY,CHARGING,CHARGING,184.4,2256.3,628.5,0.3,0.00,92.44,1,1.000,1,0.000,1,,0
419.02,419.02,UAV-5,RELAY,ACTIVE,RELAY_HOLD,2177.7,1870.5,835.5,145.9,0.00,52.96,1,1.000,1,1.000,1,,0
420.04,420.04,UAV-1,RELAY,KILLED,LANDED,2169.8,1894.8,688.3,0.3,0.00,86.44,0,1.000,1,0.000,1,,0
420.04,420.04,UAV-2,STANDBY,RETURNING,RTH,366.9,2252.7,740.4,109.1,12.54,50.74,1,1.000,1,1.000,1,,0
420.04,420.04,UAV-3,STANDBY,RETURNING,RTH,1906.5,1712.8,787.5,108.6,12.26,51.64,1,1.000,2,0.637,1,,0
420.04,420.04,UAV-4,STANDBY,CHARGING,CHARGING,184.4,2256.3,628.5,0.3,0.00,93.58,1,1.000,1,0.000,1,,0
420.04,420.04,UAV-5,RELAY,ACTIVE,RELAY_HOLD,2177.7,1870.5,835.5,145.9,0.00,52.86,1,1.000,1,1.000,1,,0
421.06,421.06,UAV-1,RELAY,KILLED,LANDED,2169.8,1894.8,688.3,0.3,0.00,86.44,0,1.000,1,0.000,1,,0
421.06,421.06,UAV-2,STANDBY,RETURNING,RTH,354.2,2254.5,740.0,109.4,12.50,50.61,1,1.000,1,1.000,1,,0
421.06,421.06,UAV-3,STANDBY,RETURNING,RTH,1894.0,1712.0,786.9,108.2,12.25,51.52,1,1.000,2,0.624,1,,0
421.06,421.06,UAV-4,STANDBY,CHARGING,CHARGING,184.4,2256.3,628.5,0.3,0.00,94.71,1,1.000,1,0.000,1,,0
421.06,421.06,UAV-5,RELAY,ACTIVE,RELAY_HOLD,2177.7,1870.5,835.5,145.9,0.00,52.77,1,1.000,1,1.000,1,,0
422.08,422.08,UAV-1,RELAY,KILLED,LANDED,2169.8,1894.8,688.3,0.3,0.00,86.44,0,1.000,1,0.000,1,,0
422.08,422.08,UAV-2,STANDBY,RETURNING,RTH,341.6,2256.1,739.6,109.9,12.48,50.49,1,1.000,1,1.000,1,,0
422.08,422.08,UAV-3,STANDBY,RETURNING,RTH,1881.5,1711.2,786.5,108.1,12.25,51.40,1,1.000,2,0.408,1,,0
422.08,422.08,UAV-4,STANDBY,CHARGING,CHARGING,184.4,2256.3,628.5,0.3,0.00,95.84,1,1.000,1,0.000,1,,0
422.08,422.08,UAV-5,RELAY,ACTIVE,RELAY_HOLD,2177.7,1870.5,835.5,145.9,0.00,52.67,1,1.000,1,1.000,1,,0
423.10,423.10,UAV-1,RELAY,KILLED,LANDED,2169.8,1894.8,688.3,0.3,0.00,86.44,0,1.000,1,0.000,1,,0
423.10,423.10,UAV-2,STANDBY,RETURNING,RTH,329.0,2257.7,739.3,110.6,12.48,50.37,1,1.000,1,1.000,1,,0
423.10,423.10,UAV-3,STANDBY,RETURNING,RTH,1869.1,1710.5,786.1,108.1,12.28,51.28,1,1.000,2,0.256,1,,0
423.10,423.10,UAV-4,STANDBY,CHARGING,CHARGING,184.4,2256.3,628.5,0.3,0.00,96.98,1,1.000,1,0.000,1,,0
423.10,423.10,UAV-5,RELAY,ACTIVE,RELAY_HOLD,2177.7,1870.5,835.5,145.9,0.00,52.57,1,1.000,1,1.000,1,,0
424.12,424.12,UAV-1,RELAY,KILLED,LANDED,2169.8,1894.8,688.3,0.3,0.00,86.44,0,1.000,1,0.000,1,,0
424.12,424.12,UAV-2,STANDBY,RETURNING,RTH,316.3,2259.1,739.0,111.5,12.49,50.25,1,1.000,1,1.000,1,,0
424.12,424.12,UAV-3,STANDBY,RETURNING,RTH,1856.5,1709.8,785.7,108.2,12.31,51.15,1,1.000,2,0.269,1,,0
424.12,424.12,UAV-4,STANDBY,CHARGING,CHARGING,184.4,2256.3,628.5,0.3,0.00,98.11,1,1.000,1,0.000,1,,0
424.12,424.12,UAV-5,RELAY,ACTIVE,RELAY_HOLD,2177.7,1870.5,835.5,145.9,0.00,52.48,1,1.000,1,1.000,1,,0
425.14,425.14,UAV-1,RELAY,KILLED,LANDED,2169.8,1894.8,688.3,0.3,0.00,86.44,0,1.000,1,0.000,1,,0
425.14,425.14,UAV-2,STANDBY,RETURNING,RTH,303.6,2260.3,738.7,112.1,12.48,50.12,1,1.000,1,1.000,1,,0
425.14,425.14,UAV-3,STANDBY,RETURNING,RTH,1844.0,1709.3,785.3,108.2,12.31,51.03,1,1.000,2,0.073,1,,0
425.14,425.14,UAV-4,STANDBY,CHARGING,CHARGING,184.4,2256.3,628.5,0.3,0.00,99.24,1,1.000,1,0.000,1,,0
425.14,425.14,UAV-5,RELAY,ACTIVE,RELAY_HOLD,2177.7,1870.5,835.5,145.9,0.00,52.38,1,1.000,1,1.000,1,,0
426.16,426.16,UAV-1,RELAY,KILLED,LANDED,2169.8,1894.8,688.3,0.3,0.00,86.44,0,1.000,1,0.000,1,,0
426.16,426.16,UAV-2,STANDBY,RETURNING,RTH,291.0,2261.5,738.5,112.2,12.49,50.00,1,1.000,1,1.000,1,,0
426.16,426.16,UAV-3,STANDBY,RETURNING,RTH,1831.4,1708.7,785.0,108.1,12.35,50.91,1,1.000,2,0.086,1,,0
426.16,426.16,UAV-4,STANDBY,READY,READY,184.4,2256.3,628.5,0.3,0.00,100.00,1,1.000,1,0.000,1,,0
426.16,426.16,UAV-5,RELAY,ACTIVE,RELAY_HOLD,2177.7,1870.5,835.5,145.9,0.00,52.28,1,1.000,1,1.000,1,,0
427.18,427.18,UAV-1,RELAY,KILLED,LANDED,2169.8,1894.8,688.3,0.3,0.00,86.44,0,1.000,1,0.000,1,,0
427.18,427.18,UAV-2,STANDBY,RETURNING,RTH,278.3,2262.5,738.3,112.0,12.51,49.88,1,1.000,1,1.000,1,,0
427.18,427.18,UAV-3,STANDBY,RETURNING,RTH,1818.8,1708.2,784.7,107.7,12.40,50.79,1,1.000,2,0.119,1,,0
427.18,427.18,UAV-4,STANDBY,READY,READY,184.4,2256.3,628.5,0.3,0.00,100.00,1,1.000,1,0.000,1,,0
427.18,427.18,UAV-5,RELAY,ACTIVE,RELAY_HOLD,2177.7,1870.5,835.5,145.9,0.00,52.19,1,1.000,1,1.000,1,,0
428.20,428.20,UAV-1,RELAY,KILLED,LANDED,2169.8,1894.8,688.3,0.3,0.00,86.44,0,1.000,1,0.000,1,,0
428.20,428.20,UAV-2,STANDBY,RETURNING,RTH,265.5,2263.3,738.1,111.6,12.57,49.76,1,1.000,1,1.000,1,,0
428.20,428.20,UAV-3,STANDBY,RETURNING,RTH,1806.2,1707.8,784.5,107.5,12.48,50.66,1,1.000,2,0.124,1,,0
428.20,428.20,UAV-4,STANDBY,READY,READY,184.4,2256.3,628.5,0.3,0.00,100.00,1,1.000,1,0.000,1,,0
428.20,428.20,UAV-5,RELAY,ACTIVE,RELAY_HOLD,2177.7,1870.5,835.5,145.9,0.00,52.09,1,1.000,2,0.959,1,,0
429.22,429.22,UAV-1,RELAY,KILLED,LANDED,2169.8,1894.8,688.3,0.3,0.00,86.44,0,1.000,1,0.000,1,,0
429.22,429.22,UAV-2,STANDBY,RETURNING,RTH,252.7,2264.0,738.0,111.3,12.61,49.63,1,1.000,1,1.000,1,,0
429.22,429.22,UAV-3,STANDBY,RETURNING,RTH,1793.4,1707.4,784.3,107.6,12.54,50.54,1,1.000,2,0.010,1,,0
429.22,429.22,UAV-4,STANDBY,READY,READY,184.4,2256.3,628.5,0.3,0.00,100.00,1,1.000,1,0.000,1,,0
429.22,429.22,UAV-5,RELAY,ACTIVE,RELAY_HOLD,2177.7,1870.5,835.5,145.9,0.00,52.00,1,1.000,1,1.000,1,,0
430.24,430.24,UAV-1,RELAY,KILLED,LANDED,2169.8,1894.8,688.3,0.3,0.00,86.44,0,1.000,1,0.000,1,,0
430.24,430.24,UAV-2,STANDBY,RETURNING,RTH,239.8,2264.5,737.9,111.0,12.60,49.51,1,1.000,1,1.000,1,,0
430.24,430.24,UAV-3,STANDBY,RETURNING,RTH,1780.6,1707.1,784.2,108.0,12.56,50.42,1,1.000,2,0.006,1,,0
430.24,430.24,UAV-4,STANDBY,READY,READY,184.4,2256.3,628.5,0.3,0.00,100.00,1,1.000,1,0.000,1,,0
430.24,430.24,UAV-5,RELAY,ACTIVE,RELAY_HOLD,2177.7,1870.5,835.5,145.9,0.00,51.90,1,1.000,1,1.000,1,,0
431.26,431.26,UAV-1,RELAY,KILLED,LANDED,2169.8,1894.8,688.3,0.3,0.00,86.44,0,1.000,1,0.000,1,,0
431.26,431.26,UAV-2,STANDBY,RETURNING,RTH,229.2,2264.6,734.7,107.5,10.45,49.39,1,1.000,1,1.000,1,,0
431.26,431.26,UAV-3,STANDBY,RETURNING,RTH,1767.8,1706.8,784.1,108.7,12.53,50.30,1,1.000,2,0.002,1,,0
431.26,431.26,UAV-4,STANDBY,READY,READY,184.4,2256.3,628.5,0.3,0.00,100.00,1,1.000,1,0.000,1,,0
431.26,431.26,UAV-5,RELAY,ACTIVE,RELAY_HOLD,2177.7,1870.5,835.5,145.9,0.00,51.80,1,1.000,1,1.000,1,,0
432.28,432.28,UAV-1,RELAY,KILLED,LANDED,2169.8,1894.8,688.3,0.3,0.00,86.44,0,1.000,1,0.000,1,,0
432.28,432.28,UAV-2,STANDBY,RETURNING,RTH,222.0,2264.2,726.0,98.5,12.18,49.26,1,1.000,1,1.000,1,,0
432.28,432.28,UAV-3,STANDBY,RETURNING,RTH,1755.5,1707.3,783.7,109.0,11.53,50.16,1,1.000,2,0.000,1,,0
432.28,432.28,UAV-4,STANDBY,READY,READY,184.4,2256.3,628.5,0.3,0.00,100.00,1,1.000,1,0.000,1,,0
432.28,432.28,UAV-5,RELAY,ACTIVE,RELAY_HOLD,2177.7,1870.5,835.5,145.9,0.00,51.71,1,1.000,1,1.000,1,,0
433.30,433.30,UAV-1,RELAY,KILLED,LANDED,2169.8,1894.8,688.3,0.3,0.00,86.44,0,1.000,1,0.000,1,,0
433.30,433.30,UAV-2,STANDBY,RETURNING,RTH,216.9,2262.8,714.1,86.5,12.63,49.13,1,1.000,1,1.000,1,,0
433.30,433.30,UAV-3,STANDBY,RETURNING,RTH,1744.5,1711.8,783.0,108.9,12.04,50.02,1,1.000,2,0.000,1,,0
433.30,433.30,UAV-4,STANDBY,READY,READY,184.4,2256.3,628.5,0.3,0.00,100.00,1,1.000,1,0.000,1,,0
433.30,433.30,UAV-5,RELAY,ACTIVE,RELAY_HOLD,2177.7,1870.5,835.5,145.9,0.00,51.61,1,1.000,1,1.000,1,,0
434.32,434.32,UAV-1,RELAY,KILLED,LANDED,2169.8,1894.8,688.3,0.3,0.00,86.44,0,1.000,1,0.000,1,,0
434.32,434.32,UAV-2,STANDBY,RETURNING,RTH,210.6,2260.1,703.9,76.1,11.75,49.01,1,1.000,1,1.000,1,,0
434.32,434.32,UAV-3,STANDBY,RETURNING,RTH,1734.4,1719.6,782.3,108.6,13.15,49.88,1,1.000,2,0.015,1,,0
434.32,434.32,UAV-4,STANDBY,READY,READY,184.4,2256.3,628.5,0.3,0.00,100.00,1,1.000,1,0.000,1,,0
434.32,434.32,UAV-5,RELAY,ACTIVE,RELAY_HOLD,2177.7,1870.5,835.5,145.9,0.00,51.51,1,1.000,1,1.000,1,,0
435.34,435.34,UAV-1,RELAY,KILLED,LANDED,2169.8,1894.8,688.3,0.3,0.00,86.44,0,1.000,1,0.000,1,,0
435.34,435.34,UAV-2,STANDBY,RETURNING,RTH,201.7,2257.6,696.5,68.5,11.67,48.89,1,1.000,1,1.000,1,,0
435.34,435.34,UAV-3,STANDBY,RETURNING,RTH,1724.8,1729.7,781.6,108.0,14.13,49.74,1,1.000,2,0.039,1,,0
435.34,435.34,UAV-4,STANDBY,READY,READY,184.4,2256.3,628.5,0.3,0.00,100.00,1,1.000,1,0.000,1,,0
435.34,435.34,UAV-5,RELAY,ACTIVE,RELAY_HOLD,2177.7,1870.5,835.5,145.9,0.00,51.42,1,1.000,1,1.000,1,,0
436.36,436.36,UAV-1,RELAY,KILLED,LANDED,2169.8,1894.8,688.3,0.3,0.00,86.44,0,1.000,1,0.000,1,,0
436.36,436.36,UAV-2,STANDBY,RETURNING,RTH,191.3,2256.2,690.8,62.7,11.59,48.77,1,1.000,1,1.000,1,,0
436.36,436.36,UAV-3,STANDBY,RETURNING,RTH,1715.7,1741.3,781.0,107.5,14.79,49.60,1,1.000,2,0.167,1,,0
436.36,436.36,UAV-4,STANDBY,READY,READY,184.4,2256.3,628.5,0.3,0.00,100.00,1,1.000,1,0.000,1,,0
436.36,436.36,UAV-5,RELAY,ACTIVE,RELAY_HOLD,2177.7,1870.5,835.5,145.9,0.00,51.32,1,1.000,1,1.000,1,,0
437.38,437.38,UAV-1,RELAY,KILLED,LANDED,2169.8,1894.8,688.3,0.3,0.00,86.44,0,1.000,1,0.000,1,,0
437.38,437.38,UAV-2,STANDBY,RETURNING,LANDING,182.7,2255.8,682.4,54.1,11.20,48.65,1,1.000,1,1.000,1,,0
437.38,437.38,UAV-3,STANDBY,RETURNING,RTH,1706.7,1753.7,780.4,107.4,15.10,49.47,1,1.000,2,0.269,1,,0
437.38,437.38,UAV-4,STANDBY,READY,READY,184.4,2256.3,628.5,0.3,0.00,100.00,1,1.000,1,0.000,1,,0
437.38,437.38,UAV-5,RELAY,ACTIVE,RELAY_HOLD,2177.7,1870.5,835.5,145.9,0.01,51.22,1,1.000,1,1.000,1,,0
438.40,438.40,UAV-1,RELAY,KILLED,LANDED,2169.8,1894.8,688.3,0.3,0.00,86.44,0,1.000,1,0.000,1,,0
438.40,438.40,UAV-2,STANDBY,RETURNING,LANDING,171.2,2256.1,680.4,51.8,10.43,48.52,1,1.000,1,1.000,1,,0
438.40,438.40,UAV-3,STANDBY,RETURNING,RTH,1697.8,1766.3,779.8,107.2,15.19,49.34,1,1.000,2,0.565,1,,0
438.40,438.40,UAV-4,STANDBY,READY,READY,184.4,2256.3,628.5,0.3,0.00,100.00,1,1.000,1,0.000,1,,0
438.40,438.40,UAV-5,RELAY,ACTIVE,RELAY_HOLD,2177.7,1870.5,835.5,145.9,0.01,51.13,1,1.000,1,1.000,1,,0
439.42,439.42,UAV-1,RELAY,KILLED,LANDED,2169.8,1894.8,688.3,0.3,0.00,86.44,0,1.000,1,0.000,1,,0
439.42,439.42,UAV-2,STANDBY,RETURNING,LANDING,164.4,2256.4,675.9,47.1,6.16,48.41,1,1.000,1,1.000,1,,0
439.42,439.42,UAV-3,STANDBY,RETURNING,RTH,1688.8,1778.9,779.2,106.5,15.20,49.20,1,1.000,2,0.587,1,,0
439.42,439.42,UAV-4,STANDBY,READY,READY,184.4,2256.3,628.5,0.3,0.00,100.00,1,1.000,1,0.000,1,,0
439.42,439.42,UAV-5,RELAY,ACTIVE,RELAY_HOLD,2177.7,1870.5,835.5,145.9,0.00,51.03,1,1.000,1,1.000,1,,0
440.44,440.44,UAV-1,RELAY,KILLED,LANDED,2169.8,1894.8,688.3,0.3,0.00,86.44,0,1.000,1,0.000,1,,0
440.44,440.44,UAV-2,STANDBY,RETURNING,LANDING,165.1,2256.2,670.2,41.5,6.94,48.29,1,1.000,1,1.000,1,,0
440.44,440.44,UAV-3,STANDBY,RETURNING,RTH,1679.5,1791.2,778.7,105.3,15.10,49.07,1,1.000,2,0.914,1,,0
440.44,440.44,UAV-4,STANDBY,READY,READY,184.4,2256.3,628.5,0.3,0.00,100.00,1,1.000,1,0.000,1,,0
440.44,440.44,UAV-5,RELAY,ACTIVE,RELAY_HOLD,2177.7,1870.5,835.5,145.9,0.00,50.93,1,1.000,1,1.000,1,,0
441.46,441.46,UAV-1,RELAY,KILLED,LANDED,2169.8,1894.8,688.3,0.3,0.00,86.44,0,1.000,1,0.000,1,,0
441.46,441.46,UAV-2,STANDBY,RETURNING,LANDING,168.4,2256.2,664.5,35.8,5.67,48.19,1,1.000,1,1.000,1,,0
441.46,441.46,UAV-3,STANDBY,RETURNING,RTH,1670.0,1803.2,778.2,104.6,14.96,48.94,1,1.000,2,0.998,1,,0
441.46,441.46,UAV-4,STANDBY,READY,READY,184.4,2256.3,628.5,0.3,0.00,100.00,1,1.000,1,0.000,1,,0
441.46,441.46,UAV-5,RELAY,ACTIVE,RELAY_HOLD,2177.7,1870.5,835.5,145.9,0.00,50.84,1,1.000,1,1.000,1,,0
442.48,442.48,UAV-1,RELAY,KILLED,LANDED,2169.8,1894.8,688.3,0.3,0.00,86.44,0,1.000,1,0.000,1,,0
442.48,442.48,UAV-2,STANDBY,RETURNING,LANDING,168.3,2256.2,658.8,30.1,5.55,48.10,1,1.000,1,1.000,1,,0
442.48,442.48,UAV-3,STANDBY,RETURNING,RTH,1660.3,1814.9,777.7,104.5,14.84,48.82,1,1.000,1,1.000,1,,0
442.48,442.48,UAV-4,STANDBY,READY,READY,184.4,2256.3,628.5,0.3,0.00,100.00,1,1.000,1,0.000,1,,0
442.48,442.48,UAV-5,RELAY,ACTIVE,RELAY_HOLD,2177.7,1870.5,835.5,145.9,0.00,50.74,1,1.000,1,1.000,1,,0
443.50,443.50,UAV-1,RELAY,KILLED,LANDED,2169.8,1894.8,688.3,0.3,0.00,86.44,0,1.000,1,0.000,1,,0
443.50,443.50,UAV-2,STANDBY,RETURNING,LANDING,168.2,2256.2,653.2,24.5,5.53,48.01,1,1.000,1,1.000,1,,0
443.50,443.50,UAV-3,STANDBY,RETURNING,RTH,1650.3,1826.2,777.3,104.4,14.71,48.69,1,1.000,1,1.000,1,,0
443.50,443.50,UAV-4,STANDBY,READY,READY,184.4,2256.3,628.5,0.3,0.00,100.00,1,1.000,1,0.000,1,,0
443.50,443.50,UAV-5,RELAY,ACTIVE,RELAY_HOLD,2177.7,1870.5,835.5,145.9,0.00,50.65,1,1.000,1,1.000,1,,0
444.52,444.52,UAV-1,RELAY,KILLED,LANDED,2169.8,1894.8,688.3,0.3,0.00,86.44,0,1.000,1,0.000,1,,0
444.52,444.52,UAV-2,STANDBY,RETURNING,LANDING,168.3,2256.3,647.5,18.8,5.52,47.91,1,1.000,1,1.000,1,,0
444.52,444.52,UAV-3,STANDBY,RETURNING,RTH,1640.1,1837.0,776.9,104.1,14.57,48.56,1,1.000,1,1.000,1,,0
444.52,444.52,UAV-4,STANDBY,READY,READY,184.4,2256.3,628.5,0.3,0.00,100.00,1,1.000,1,0.000,1,,0
444.52,444.52,UAV-5,RELAY,ACTIVE,RELAY_HOLD,2177.7,1870.5,835.5,145.9,0.00,50.55,1,1.000,1,1.000,1,,0
445.54,445.54,UAV-1,RELAY,KILLED,LANDED,2169.8,1894.8,688.3,0.3,0.00,86.44,0,1.000,1,0.000,1,,0
445.54,445.54,UAV-2,STANDBY,RETURNING,LANDING,168.3,2256.3,641.9,13.2,5.52,47.82,1,1.000,1,1.000,1,,0
445.54,445.54,UAV-3,STANDBY,RETURNING,RTH,1629.5,1847.4,776.5,104.1,14.45,48.43,1,1.000,1,1.000,1,,0
445.54,445.54,UAV-4,STANDBY,READY,READY,184.4,2256.3,628.5,0.3,0.00,100.00,1,1.000,1,0.000,1,,0
445.54,445.54,UAV-5,RELAY,ACTIVE,RELAY_HOLD,2177.7,1870.5,835.5,145.9,0.00,50.45,1,1.000,1,1.000,1,,0
446.56,446.56,UAV-1,RELAY,KILLED,LANDED,2169.8,1894.8,688.3,0.3,0.00,86.44,0,1.000,1,0.000,1,,0
446.56,446.56,UAV-2,STANDBY,RETURNING,LANDING,168.3,2256.3,636.3,7.6,5.52,47.73,1,1.000,1,1.000,1,,0
446.56,446.56,UAV-3,STANDBY,RETURNING,RTH,1618.7,1857.3,776.2,104.7,14.24,48.31,1,1.000,1,1.000,1,,0
446.56,446.56,UAV-4,STANDBY,READY,READY,184.4,2256.3,628.5,0.3,0.00,100.00,1,1.000,1,0.000,1,,0
446.56,446.56,UAV-5,RELAY,ACTIVE,RELAY_HOLD,2177.7,1870.5,835.5,145.9,0.00,50.36,1,1.000,1,1.000,1,,0
447.58,447.58,UAV-1,RELAY,KILLED,LANDED,2169.8,1894.8,688.3,0.3,0.00,86.44,0,1.000,1,0.000,1,,0
447.58,447.58,UAV-2,STANDBY,CHARGING,CHARGING,168.4,2256.3,629.0,0.3,0.00,48.38,1,1.000,1,0.000,1,,0
447.58,447.58,UAV-3,STANDBY,RETURNING,RTH,1607.7,1866.5,775.9,105.3,14.02,48.18,1,1.000,1,1.000,1,,0
447.58,447.58,UAV-4,STANDBY,READY,READY,184.4,2256.3,628.5,0.3,0.00,100.00,1,1.000,1,0.000,1,,0
447.58,447.58,UAV-5,RELAY,ACTIVE,RELAY_HOLD,2177.7,1870.5,835.5,145.9,0.00,50.26,1,1.000,1,1.000,1,,0
448.60,448.60,UAV-1,RELAY,KILLED,LANDED,2169.8,1894.8,688.3,0.3,0.00,86.44,0,1.000,1,0.000,1,,0
448.60,448.60,UAV-2,STANDBY,CHARGING,CHARGING,168.4,2256.3,629.0,0.3,0.00,49.51,1,1.000,1,0.000,1,,0
448.60,448.60,UAV-3,STANDBY,RETURNING,RTH,1596.4,1875.1,775.6,105.9,13.82,48.06,1,1.000,1,1.000,1,,0
448.60,448.60,UAV-4,STANDBY,READY,READY,184.4,2256.3,628.5,0.3,0.00,100.00,1,1.000,1,0.000,1,,0
448.60,448.60,UAV-5,RELAY,ACTIVE,RELAY_HOLD,2177.7,1870.5,835.5,145.9,0.00,50.16,1,1.000,1,1.000,1,,0
449.62,449.62,UAV-1,RELAY,KILLED,LANDED,2169.8,1894.8,688.3,0.3,0.00,86.44,0,1.000,1,0.000,1,,0
449.62,449.62,UAV-2,STANDBY,CHARGING,CHARGING,168.4,2256.3,629.0,0.3,0.00,50.65,1,1.000,1,0.000,1,,0
449.62,449.62,UAV-3,STANDBY,RETURNING,RTH,1584.7,1882.8,775.4,106.4,13.62,47.94,1,1.000,1,1.000,1,,0
449.62,449.62,UAV-4,STANDBY,READY,READY,184.4,2256.3,628.5,0.3,0.00,100.00,1,1.000,1,0.000,1,,0
449.62,449.62,UAV-5,RELAY,ACTIVE,RELAY_HOLD,2177.7,1870.5,835.5,145.9,0.00,50.07,1,1.000,1,1.000,1,,0
450.64,450.64,UAV-1,RELAY,KILLED,LANDED,2169.8,1894.8,688.3,0.3,0.00,86.44,0,1.000,1,0.000,1,,0
450.64,450.64,UAV-2,STANDBY,CHARGING,CHARGING,168.4,2256.3,629.0,0.3,0.00,51.78,1,1.000,1,0.000,1,,0
450.64,450.64,UAV-3,STANDBY,RETURNING,RTH,1572.7,1889.6,775.2,106.6,13.41,47.81,1,1.000,1,1.000,1,,0
450.64,450.64,UAV-4,STANDBY,READY,READY,184.4,2256.3,628.5,0.3,0.00,100.00,1,1.000,1,0.000,1,,0
450.64,450.64,UAV-5,RELAY,ACTIVE,RELAY_HOLD,2177.7,1870.5,835.5,145.9,0.00,49.97,1,1.000,1,1.000,1,,0
451.66,451.66,UAV-1,RELAY,KILLED,LANDED,2169.8,1894.8,688.3,0.3,0.00,86.44,0,1.000,1,0.000,1,,0
451.66,451.66,UAV-2,STANDBY,CHARGING,CHARGING,168.4,2256.3,629.0,0.3,0.00,52.91,1,1.000,1,0.000,1,,0
451.66,451.66,UAV-3,STANDBY,RETURNING,RTH,1560.5,1895.4,775.0,106.9,13.15,47.69,1,1.000,1,1.000,1,,0
451.66,451.66,UAV-4,STANDBY,READY,READY,184.4,2256.3,628.5,0.3,0.00,100.00,1,1.000,1,0.000,1,,0
451.66,451.66,UAV-5,RELAY,ACTIVE,RELAY_HOLD,2177.7,1870.5,835.5,145.9,0.00,49.87,1,1.000,1,1.000,1,,0
452.68,452.68,UAV-1,RELAY,KILLED,LANDED,2169.8,1894.8,688.3,0.3,0.00,86.44,0,1.000,1,0.000,1,,0
452.68,452.68,UAV-2,STANDBY,CHARGING,CHARGING,168.4,2256.3,629.0,0.3,0.00,54.05,1,1.000,1,0.000,1,,0
452.68,452.68,UAV-3,STANDBY,RETURNING,RTH,1548.0,1900.0,774.9,107.5,12.87,47.57,1,1.000,1,1.000,1,,0
452.68,452.68,UAV-4,STANDBY,READY,READY,184.4,2256.3,628.5,0.3,0.00,100.00,1,1.000,1,0.000,1,,0
452.68,452.68,UAV-5,RELAY,ACTIVE,RELAY_HOLD,2177.7,1870.5,835.5,145.9,0.00,49.78,1,1.000,1,1.000,1,,0
453.70,453.70,UAV-1,RELAY,KILLED,LANDED,2169.8,1894.8,688.3,0.3,0.00,86.44,0,1.000,1,0.000,1,,0
453.70,453.70,UAV-2,STANDBY,CHARGING,CHARGING,168.4,2256.3,629.0,0.3,0.00,55.18,1,1.000,1,0.000,1,,0
453.70,453.70,UAV-3,STANDBY,RETURNING,RTH,1535.9,1904.0,774.8,108.4,12.32,47.44,1,1.000,1,1.000,1,,0
453.70,453.70,UAV-4,STANDBY,READY,READY,184.4,2256.3,628.5,0.3,0.00,100.00,1,1.000,1,0.000,1,,0
453.70,453.70,UAV-5,RELAY,ACTIVE,RELAY_HOLD,2177.7,1870.5,835.5,145.9,0.00,49.68,1,1.000,1,1.000,1,,0
454.72,454.72,UAV-1,RELAY,KILLED,LANDED,2169.8,1894.8,688.3,0.3,0.00,86.44,0,1.000,1,0.000,1,,0
454.72,454.72,UAV-2,STANDBY,CHARGING,CHARGING,168.4,2256.3,629.0,0.3,0.00,56.31,1,1.000,1,0.000,1,,0
454.72,454.72,UAV-3,STANDBY,RETURNING,RTH,1525.0,1910.9,774.7,109.5,13.07,47.29,1,1.000,1,1.000,1,,0
454.72,454.72,UAV-4,STANDBY,READY,READY,184.4,2256.3,628.5,0.3,0.00,100.00,1,1.000,1,0.000,1,,0
454.72,454.72,UAV-5,RELAY,ACTIVE,RELAY_HOLD,2177.7,1870.5,835.5,145.9,0.00,49.58,1,1.000,1,1.000,1,,0
455.74,455.74,UAV-1,RELAY,KILLED,LANDED,2169.8,1894.8,688.3,0.3,0.00,86.44,0,1.000,1,0.000,1,,0
455.74,455.74,UAV-2,STANDBY,CHARGING,CHARGING,168.4,2256.3,629.0,0.3,0.00,57.45,1,1.000,1,0.000,1,,0
455.74,455.74,UAV-3,STANDBY,RETURNING,RTH,1515.0,1920.4,774.6,110.4,14.01,47.15,1,1.000,1,1.000,1,,0
455.74,455.74,UAV-4,STANDBY,READY,READY,184.4,2256.3,628.5,0.3,0.00,100.00,1,1.000,1,0.000,1,,0
455.74,455.74,UAV-5,RELAY,ACTIVE,RELAY_HOLD,2177.7,1870.5,835.5,145.9,0.00,49.49,1,1.000,1,1.000,1,,0
456.76,456.76,UAV-1,RELAY,KILLED,LANDED,2169.8,1894.8,688.3,0.3,0.00,86.44,0,1.000,1,0.000,1,,0
456.76,456.76,UAV-2,STANDBY,CHARGING,CHARGING,168.4,2256.3,629.0,0.3,0.00,58.58,1,1.000,1,0.000,1,,0
456.76,456.76,UAV-3,STANDBY,RETURNING,RTH,1505.6,1931.7,774.5,111.1,14.74,47.01,1,1.000,1,1.000,1,,0
456.76,456.76,UAV-4,STANDBY,READY,READY,184.4,2256.3,628.5,0.3,0.00,100.00,1,1.000,1,0.000,1,,0
456.76,456.76,UAV-5,RELAY,ACTIVE,RELAY_HOLD,2177.7,1870.5,835.5,145.9,0.01,49.39,1,1.000,1,1.000,1,,0
457.78,457.78,UAV-1,RELAY,KILLED,LANDED,2169.8,1894.8,688.3,0.3,0.00,86.44,0,1.000,1,0.000,1,,0
457.78,457.78,UAV-2,STANDBY,CHARGING,CHARGING,168.4,2256.3,629.0,0.3,0.00,59.71,1,1.000,1,0.000,1,,0
457.78,457.78,UAV-3,STANDBY,RETURNING,RTH,1496.8,1944.2,774.4,111.1,15.22,46.87,1,1.000,1,1.000,1,,0
457.78,457.78,UAV-4,STANDBY,READY,READY,184.4,2256.3,628.5,0.3,0.00,100.00,1,1.000,1,0.000,1,,0
457.78,457.78,UAV-5,RELAY,ACTIVE,RELAY_HOLD,2177.7,1870.5,835.5,145.9,0.00,49.30,1,1.000,1,1.000,1,,0
458.80,458.80,UAV-1,RELAY,KILLED,LANDED,2169.8,1894.8,688.3,0.3,0.00,86.44,0,1.000,1,0.000,1,,0
458.80,458.80,UAV-2,STANDBY,CHARGING,CHARGING,168.4,2256.3,629.0,0.3,0.00,60.85,1,1.000,1,0.000,1,,0
458.80,458.80,UAV-3,STANDBY,RETURNING,RTH,1488.4,1957.5,774.3,110.2,15.56,46.73,1,1.000,1,1.000,1,,0
458.80,458.80,UAV-4,STANDBY,READY,READY,184.4,2256.3,628.5,0.3,0.00,100.00,1,1.000,1,0.000,1,,0
458.80,458.80,UAV-5,RELAY,ACTIVE,RELAY_HOLD,2177.7,1870.5,835.5,145.9,0.00,49.20,1,1.000,1,1.000,1,,0
459.82,459.82,UAV-1,RELAY,KILLED,LANDED,2169.8,1894.8,688.3,0.3,0.00,86.44,0,1.000,1,0.000,1,,0
459.82,459.82,UAV-2,STANDBY,CHARGING,CHARGING,168.4,2256.3,629.0,0.3,0.00,61.98,1,1.000,1,0.000,1,,0
459.82,459.82,UAV-3,STANDBY,RETURNING,RTH,1480.3,1971.3,774.2,109.4,15.76,46.59,1,1.000,1,1.000,1,,0
459.82,459.82,UAV-4,STANDBY,READY,READY,184.4,2256.3,628.5,0.3,0.00,100.00,1,1.000,1,0.000,1,,0
459.82,459.82,UAV-5,RELAY,ACTIVE,RELAY_HOLD,2177.7,1870.5,835.5,145.9,0.00,49.10,1,1.000,1,1.000,1,,0
460.84,460.84,UAV-1,RELAY,KILLED,LANDED,2169.8,1894.8,688.3,0.3,0.00,86.44,0,1.000,1,0.000,1,,0
460.84,460.84,UAV-2,STANDBY,CHARGING,CHARGING,168.4,2256.3,629.0,0.3,0.00,63.11,1,1.000,1,0.000,1,,0
460.84,460.84,UAV-3,STANDBY,RETURNING,RTH,1472.4,1985.3,774.1,108.8,15.79,46.45,1,1.000,1,1.000,1,,0
460.84,460.84,UAV-4,STANDBY,READY,READY,184.4,2256.3,628.5,0.3,0.00,100.00,1,1.000,1,0.000,1,,0
460.84,460.84,UAV-5,RELAY,ACTIVE,RELAY_HOLD,2177.7,1870.5,835.5,145.9,0.00,49.01,1,1.000,1,1.000,1,,0
461.86,461.86,UAV-1,RELAY,KILLED,LANDED,2169.8,1894.8,688.3,0.3,0.00,86.44,0,1.000,1,0.000,1,,0
461.86,461.86,UAV-2,STANDBY,CHARGING,CHARGING,168.4,2256.3,629.0,0.3,0.00,64.25,1,1.000,1,0.000,1,,0
461.86,461.86,UAV-3,STANDBY,RETURNING,RTH,1464.4,1999.3,774.0,108.9,15.74,46.31,1,1.000,1,1.000,1,,0
461.86,461.86,UAV-4,STANDBY,READY,READY,184.4,2256.3,628.5,0.3,0.00,100.00,1,1.000,1,0.000,1,,0
461.86,461.86,UAV-5,RELAY,ACTIVE,RELAY_HOLD,2177.7,1870.5,835.5,145.9,0.01,48.91,1,1.000,1,1.000,1,,0
462.88,462.88,UAV-1,RELAY,KILLED,LANDED,2169.8,1894.8,688.3,0.3,0.00,86.44,0,1.000,1,0.000,1,,0
462.88,462.88,UAV-2,STANDBY,CHARGING,CHARGING,168.4,2256.3,629.0,0.3,0.00,65.38,1,1.000,1,0.000,1,,0
462.88,462.88,UAV-3,STANDBY,RETURNING,RTH,1456.2,2013.0,773.9,109.9,15.66,46.18,1,1.000,1,1.000,1,,0
462.88,462.88,UAV-4,STANDBY,READY,READY,184.4,2256.3,628.5,0.3,0.00,100.00,1,1.000,1,0.000,1,,0
462.88,462.88,UAV-5,RELAY,ACTIVE,RELAY_HOLD,2177.7,1870.5,835.5,145.9,0.00,48.81,1,1.000,1,1.000,1,,0
463.90,463.90,UAV-1,RELAY,KILLED,LANDED,2169.8,1894.8,688.3,0.3,0.00,86.44,0,1.000,1,0.000,1,,0
463.90,463.90,UAV-2,STANDBY,CHARGING,CHARGING,168.4,2256.3,629.0,0.3,0.00,66.51,1,1.000,1,0.000,1,,0
463.90,463.90,UAV-3,STANDBY,RETURNING,RTH,1447.8,2026.5,773.8,111.2,15.53,46.05,1,1.000,1,1.000,1,,0
463.90,463.90,UAV-4,STANDBY,READY,READY,184.4,2256.3,628.5,0.3,0.00,100.00,1,1.000,1,0.000,1,,0
463.90,463.90,UAV-5,RELAY,ACTIVE,RELAY_HOLD,2177.7,1870.5,835.5,145.9,0.00,48.72,1,1.000,1,1.000,1,,0
464.92,464.92,UAV-1,RELAY,KILLED,LANDED,2169.8,1894.8,688.3,0.3,0.00,86.44,0,1.000,1,0.000,1,,0
464.92,464.92,UAV-2,STANDBY,CHARGING,CHARGING,168.4,2256.3,629.0,0.3,0.00,67.65,1,1.000,1,0.000,1,,0
464.92,464.92,UAV-3,STANDBY,RETURNING,RTH,1439.2,2039.7,773.8,112.1,15.42,45.91,1,1.000,1,1.000,1,,0
464.92,464.92,UAV-4,STANDBY,READY,READY,184.4,2256.3,628.5,0.3,0.00,100.00,1,1.000,1,0.000,1,,0
464.92,464.92,UAV-5,RELAY,ACTIVE,RELAY_HOLD,2177.7,1870.5,835.5,145.9,0.00,48.62,1,1.000,1,1.000,1,,0
465.94,465.94,UAV-1,RELAY,KILLED,LANDED,2169.8,1894.8,688.3,0.3,0.00,86.44,0,1.000,1,0.000,1,,0
465.94,465.94,UAV-2,STANDBY,CHARGING,CHARGING,168.4,2256.3,629.0,0.3,0.00,68.78,1,1.000,1,0.000,1,,0
465.94,465.94,UAV-3,STANDBY,RETURNING,RTH,1430.3,2052.6,773.7,112.4,15.32,45.78,1,1.000,1,1.000,1,,0
465.94,465.94,UAV-4,STANDBY,READY,READY,184.4,2256.3,628.5,0.3,0.00,100.00,1,1.000,1,0.000,1,,0
465.94,465.94,UAV-5,RELAY,ACTIVE,RELAY_HOLD,2177.7,1870.5,835.5,145.9,0.00,48.52,1,1.000,1,1.000,1,,0
466.96,466.96,UAV-1,RELAY,KILLED,LANDED,2169.8,1894.8,688.3,0.3,0.00,86.44,0,1.000,1,0.000,1,,0
466.96,466.96,UAV-2,STANDBY,CHARGING,CHARGING,168.4,2256.3,629.0,0.3,0.00,69.91,1,1.000,1,0.000,1,,0
466.96,466.96,UAV-3,STANDBY,RETURNING,RTH,1421.1,2065.2,773.6,112.6,15.20,45.65,1,1.000,1,1.000,1,,0
466.96,466.96,UAV-4,STANDBY,READY,READY,184.4,2256.3,628.5,0.3,0.00,100.00,1,1.000,1,0.000,1,,0
466.96,466.96,UAV-5,RELAY,ACTIVE,RELAY_HOLD,2177.7,1870.5,835.5,145.9,0.00,48.43,1,1.000,1,1.000,1,,0
467.98,467.98,UAV-1,RELAY,KILLED,LANDED,2169.8,1894.8,688.3,0.3,0.00,86.44,0,1.000,1,0.000,1,,0
467.98,467.98,UAV-2,STANDBY,CHARGING,CHARGING,168.4,2256.3,629.0,0.3,0.00,71.05,1,1.000,1,0.000,1,,0
467.98,467.98,UAV-3,STANDBY,RETURNING,RTH,1411.6,2077.4,773.6,112.5,15.04,45.52,1,1.000,1,1.000,1,,0
467.98,467.98,UAV-4,STANDBY,READY,READY,184.4,2256.3,628.5,0.3,0.00,100.00,1,1.000,1,0.000,1,,0
467.98,467.98,UAV-5,RELAY,ACTIVE,RELAY_HOLD,2177.7,1870.5,835.5,145.9,0.00,48.33,1,1.000,1,1.000,1,,0
469.00,469.00,UAV-1,RELAY,KILLED,LANDED,2169.8,1894.8,688.3,0.3,0.00,86.44,0,1.000,1,0.000,1,,0
469.00,469.00,UAV-2,STANDBY,CHARGING,CHARGING,168.4,2256.3,629.0,0.3,0.00,72.18,1,1.000,1,0.000,1,,0
469.00,469.00,UAV-3,STANDBY,RETURNING,RTH,1401.8,2089.1,773.5,112.1,14.88,45.39,1,1.000,1,1.000,1,,0
469.00,469.00,UAV-4,STANDBY,READY,READY,184.4,2256.3,628.5,0.3,0.00,100.00,1,1.000,1,0.000,1,,0
469.00,469.00,UAV-5,RELAY,ACTIVE,RELAY_HOLD,2177.7,1870.5,835.5,145.9,0.00,48.23,1,1.000,1,1.000,1,,0
470.02,470.02,UAV-1,RELAY,KILLED,LANDED,2169.8,1894.8,688.3,0.3,0.00,86.44,0,1.000,1,0.000,1,,0
470.02,470.02,UAV-2,STANDBY,CHARGING,CHARGING,168.4,2256.3,629.0,0.3,0.00,73.31,1,1.000,1,0.000,1,,0
470.02,470.02,UAV-3,STANDBY,RETURNING,RTH,1391.7,2100.3,773.5,111.7,14.70,45.27,1,1.000,1,1.000,1,,0
470.02,470.02,UAV-4,STANDBY,READY,READY,184.4,2256.3,628.5,0.3,0.00,100.00,1,1.000,1,0.000,1,,0
470.02,470.02,UAV-5,RELAY,ACTIVE,RELAY_HOLD,2177.7,1870.5,835.5,145.9,0.00,48.14,1,1.000,1,1.000,1,,0
471.04,471.04,UAV-1,RELAY,KILLED,LANDED,2169.8,1894.8,688.3,0.3,0.00,86.44,0,1.000,1,0.000,1,,0
471.04,471.04,UAV-2,STANDBY,CHARGING,CHARGING,168.4,2256.3,629.0,0.3,0.00,74.45,1,1.000,1,0.000,1,,0
471.04,471.04,UAV-3,STANDBY,RETURNING,RTH,1381.3,2110.8,773.4,111.6,14.47,45.14,1,1.000,1,1.000,1,,0
471.04,471.04,UAV-4,STANDBY,READY,READY,184.4,2256.3,628.5,0.3,0.00,100.00,1,1.000,1,0.000,1,,0
471.04,471.04,UAV-5,RELAY,ACTIVE,RELAY_HOLD,2177.7,1870.5,835.5,145.9,0.00,48.04,1,1.000,1,1.000,1,,0
472.06,472.06,UAV-1,RELAY,KILLED,LANDED,2169.8,1894.8,688.3,0.3,0.00,86.44,0,1.000,1,0.000,1,,0
472.06,472.06,UAV-2,STANDBY,CHARGING,CHARGING,168.4,2256.3,629.0,0.3,0.00,75.58,1,1.000,1,0.000,1,,0
472.06,472.06,UAV-3,STANDBY,RETURNING,RTH,1370.5,2120.7,773.4,111.8,14.18,45.01,1,1.000,1,1.000,1,,0
472.06,472.06,UAV-4,STANDBY,READY,READY,184.4,2256.3,628.5,0.3,0.00,100.00,1,1.000,1,0.000,1,,0
472.06,472.06,UAV-5,STANDBY,RETURNING,RTH,2177.7,1870.5,835.5,145.9,0.00,47.95,1,1.000,1,1.000,1,,0
473.08,473.08,UAV-1,RELAY,KILLED,LANDED,2169.8,1894.8,688.3,0.3,0.00,86.44,0,1.000,1,0.000,1,,0
473.08,473.08,UAV-2,STANDBY,CHARGING,CHARGING,168.4,2256.3,629.0,0.3,0.00,76.71,1,1.000,1,0.000,1,,0
473.08,473.08,UAV-3,STANDBY,RETURNING,RTH,1359.3,2129.7,773.3,111.9,13.91,44.89,1,1.000,1,1.000,1,,0
473.08,473.08,UAV-4,STANDBY,READY,READY,184.4,2256.3,628.5,0.3,0.00,100.00,1,1.000,1,0.000,1,,0
473.08,473.08,UAV-5,STANDBY,RETURNING,RTH,2177.6,1870.1,831.9,142.3,6.87,47.81,1,1.000,1,1.000,1,,0
474.10,474.10,UAV-1,RELAY,KILLED,LANDED,2169.8,1894.8,688.3,0.3,0.00,86.44,0,1.000,1,0.000,1,,0
474.10,474.10,UAV-2,STANDBY,CHARGING,CHARGING,168.4,2256.3,629.0,0.3,0.00,77.85,1,1.000,1,0.000,1,,0
474.10,474.10,UAV-3,STANDBY,RETURNING,RTH,1347.7,2137.6,773.3,111.7,13.63,44.77,1,1.000,1,1.000,1,,0
474.10,474.10,UAV-4,STANDBY,READY,READY,184.4,2256.3,628.5,0.3,0.00,100.00,1,1.000,1,0.000,1,,0
474.10,474.10,UAV-5,STANDBY,RETURNING,RTH,2176.6,1868.1,823.7,133.8,9.10,47.68,1,1.000,1,1.000,1,,0
475.12,475.12,UAV-1,RELAY,KILLED,LANDED,2169.8,1894.8,688.3,0.3,0.00,86.44,0,1.000,1,0.000,1,,0
475.12,475.12,UAV-2,STANDBY,CHARGING,CHARGING,168.4,2256.3,629.0,0.3,0.00,78.98,1,1.000,1,0.000,1,,0
475.12,475.12,UAV-3,STANDBY,RETURNING,RTH,1335.8,2144.3,773.3,111.5,13.29,44.64,1,1.000,1,1.000,1,,0
475.12,475.12,UAV-4,STANDBY,READY,READY,184.4,2256.3,628.5,0.3,0.00,100.00,1,1.000,1,0.000,1,,0
475.12,475.12,UAV-5,STANDBY,RETURNING,RTH,2173.7,1863.3,815.6,125.3,10.24,47.54,1,1.000,1,1.000,1,,0
476.14,476.14,UAV-1,RELAY,KILLED,LANDED,2169.8,1894.8,688.3,0.3,0.00,86.44,0,1.000,1,0.000,1,,0
476.14,476.14,UAV-2,STANDBY,CHARGING,CHARGING,168.4,2256.3,629.0,0.3,0.00,80.11,1,1.000,1,0.000,1,,0
476.14,476.14,UAV-3,STANDBY,RETURNING,RTH,1323.5,2149.5,773.3,111.0,12.89,44.52,1,1.000,1,1.000,1,,0
476.14,476.14,UAV-4,STANDBY,READY,READY,184.4,2256.3,628.5,0.3,0.00,100.00,1,1.000,1,0.000,1,,0
476.14,476.14,UAV-5,STANDBY,RETURNING,RTH,2169.4,1856.6,808.1,117.2,11.17,47.40,1,1.000,1,1.000,1,,0
477.16,477.16,UAV-1,RELAY,KILLED,LANDED,2169.8,1894.8,688.3,0.3,0.00,86.44,0,1.000,1,0.000,1,,0
477.16,477.16,UAV-2,STANDBY,CHARGING,CHARGING,168.4,2256.3,629.0,0.3,0.00,81.25,1,1.000,1,0.000,1,,0
477.16,477.16,UAV-3,STANDBY,RETURNING,RTH,1312.0,2154.9,772.6,109.6,12.54,44.38,1,1.000,1,1.000,1,,0
477.16,477.16,UAV-4,STANDBY,READY,READY,184.4,2256.3,628.5,0.3,0.00,100.00,1,1.000,1,0.000,1,,0
477.16,477.16,UAV-5,STANDBY,RETURNING,RTH,2164.3,1848.6,801.3,110.0,11.76,47.27,1,1.000,1,1.000,1,,0
478.18,478.18,UAV-1,RELAY,KILLED,LANDED,2169.8,1894.8,688.3,0.3,0.00,86.44,0,1.000,1,0.000,1,,0
478.18,478.18,UAV-2,STANDBY,CHARGING,CHARGING,168.4,2256.3,629.0,0.3,0.00,82.38,1,1.000,1,0.000,1,,0
478.18,478.18,UAV-3,STANDBY,RETURNING,RTH,1301.5,2162.8,771.7,107.9,13.28,44.25,1,1.000,1,1.000,1,,0
478.18,478.18,UAV-4,STANDBY,READY,READY,184.4,2256.3,628.5,0.3,0.00,100.00,1,1.000,1,0.000,1,,0
478.18,478.18,UAV-5,STANDBY,RETURNING,RTH,2158.7,1839.7,795.0,103.7,12.10,47.13,1,1.000,1,1.000,1,,0
479.20,479.20,UAV-1,RELAY,KILLED,LANDED,2169.8,1894.8,688.3,0.3,0.00,86.44,0,1.000,1,0.000,1,,0
479.20,479.20,UAV-2,STANDBY,CHARGING,CHARGING,168.4,2256.3,629.0,0.3,0.00,83.51,1,1.000,1,0.000,1,,0
479.20,479.20,UAV-3,STANDBY,RETURNING,RTH,1291.0,2171.7,770.8,106.6,13.64,44.13,1,1.000,1,1.000,1,,0
479.20,479.20,UAV-4,STANDBY,READY,READY,184.4,2256.3,628.5,0.3,0.00,100.00,1,1.000,1,0.000,1,,0
479.20,479.20,UAV-5,STANDBY,RETURNING,RTH,2152.8,1830.4,789.2,98.5,12.28,46.99,1,1.000,1,1.000,1,,0
480.22,480.22,UAV-1,RELAY,KILLED,LANDED,2169.8,1894.8,688.3,0.3,0.00,86.44,0,1.000,1,0.000,1,,0
480.22,480.22,UAV-2,STANDBY,CHARGING,CHARGING,168.4,2256.3,629.0,0.3,0.00,84.65,1,1.000,1,0.000,1,,0
480.22,480.22,UAV-3,STANDBY,RETURNING,RTH,1280.3,2180.5,770.0,105.6,13.68,44.00,1,1.000,1,1.000,1,,0
480.22,480.22,UAV-4,STANDBY,READY,READY,184.4,2256.3,628.5,0.3,0.00,100.00,1,1.000,1,0.000,1,,0
480.22,480.22,UAV-5,STANDBY,RETURNING,RTH,2146.4,1820.9,784.1,93.8,12.28,46.86,1,1.000,1,1.000,1,,0
481.24,481.24,UAV-1,RELAY,KILLED,LANDED,2169.8,1894.8,688.3,0.3,0.00,86.44,0,1.000,1,0.000,1,,0
481.24,481.24,UAV-2,STANDBY,CHARGING,CHARGING,168.4,2256.3,629.0,0.3,0.00,85.78,1,1.000,1,0.000,1,,0
481.24,481.24,UAV-3,STANDBY,RETURNING,RTH,1269.3,2189.1,769.2,105.0,13.66,43.88,1,1.000,1,1.000,1,,0
481.24,481.24,UAV-4,STANDBY,READY,READY,184.4,2256.3,628.5,0.3,0.00,100.00,1,1.000,1,0.000,1,,0
481.24,481.24,UAV-5,STANDBY,RETURNING,RTH,2139.4,1811.7,779.5,89.5,12.26,46.73,1,1.000,1,1.000,1,,0
482.26,482.26,UAV-1,RELAY,KILLED,LANDED,2169.8,1894.8,688.3,0.3,0.00,86.44,0,1.000,1,0.000,1,,0
482.26,482.26,UAV-2,STANDBY,CHARGING,CHARGING,168.4,2256.3,629.0,0.3,0.00,86.91,1,1.000,1,0.000,1,,0
482.26,482.26,UAV-3,STANDBY,RETURNING,RTH,1258.2,2197.4,768.5,104.7,13.66,43.75,1,1.000,1,1.000,1,,0
482.26,482.26,UAV-4,STANDBY,READY,READY,184.4,2256.3,628.5,0.3,0.00,100.00,1,1.000,1,0.000,1,,0
482.26,482.26,UAV-5,STANDBY,RETURNING,RTH,2131.8,1802.6,775.5,85.8,12.30,46.60,1,1.000,1,1.000,1,,0
483.28,483.28,UAV-1,RELAY,KILLED,LANDED,2169.8,1894.8,688.3,0.3,0.00,86.44,0,1.000,1,0.000,1,,0
483.28,483.28,UAV-2,STANDBY,CHARGING,CHARGING,168.4,2256.3,629.0,0.3,0.00,88.05,1,1.000,1,0.000,1,,0
483.28,483.28,UAV-3,STANDBY,RETURNING,RTH,1246.7,2205.4,767.8,104.5,13.63,43.63,1,1.000,1,1.000,1,,0
483.28,483.28,UAV-4,STANDBY,READY,READY,184.4,2256.3,628.5,0.3,0.00,100.00,1,1.000,1,0.000,1,,0
483.28,483.28,UAV-5,STANDBY,RETURNING,RTH,2123.5,1793.8,772.0,82.9,12.34,46.47,1,1.000,1,1.000,1,,0
484.30,484.30,UAV-1,RELAY,KILLED,LANDED,2169.8,1894.8,688.3,0.3,0.00,86.44,0,1.000,1,0.000,1,,0
484.30,484.30,UAV-2,STANDBY,CHARGING,CHARGING,168.4,2256.3,629.0,0.3,0.00,89.18,1,1.000,1,0.000,1,,0
484.30,484.30,UAV-3,STANDBY,RETURNING,RTH,1235.2,2212.9,767.2,104.4,13.52,43.51,1,1.000,1,1.000,1,,0
484.30,484.30,UAV-4,STANDBY,READY,READY,184.4,2256.3,628.5,0.3,0.00,100.00,1,1.000,1,0.000,1,,0
484.30,484.30,UAV-5,STANDBY,RETURNING,RTH,2114.6,1785.3,769.2,80.8,12.41,46.35,1,1.000,1,1.000,1,,0
485.32,485.32,UAV-1,RELAY,KILLED,LANDED,2169.8,1894.8,688.3,0.3,0.00,86.44,0,1.000,1,0.000,1,,0
485.32,485.32,UAV-2,STANDBY,CHARGING,CHARGING,168.4,2256.3,629.0,0.3,0.00,90.31,1,1.000,1,0.000,1,,0
485.32,485.32,UAV-3,STANDBY,RETURNING,RTH,1223.4,2220.1,766.6,104.6,13.43,43.38,1,1.000,1,1.000,1,,0
485.32,485.32,UAV-4,STANDBY,READY,READY,184.4,2256.3,628.5,0.3,0.00,100.00,1,1.000,1,0.000,1,,0
485.32,485.32,UAV-5,STANDBY,RETURNING,RTH,2105.1,1777.1,766.9,79.1,12.54,46.22,1,1.000,1,1.000,1,,0
486.34,486.34,UAV-1,RELAY,KILLED,LANDED,2169.8,1894.8,688.3,0.3,0.00,86.44,0,1.000,1,0.000,1,,0
486.34,486.34,UAV-2,STANDBY,CHARGING,CHARGING,168.4,2256.3,629.0,0.3,0.00,91.45,1,1.000,1,0.000,1,,0
486.34,486.34,UAV-3,STANDBY,RETURNING,RTH,1211.6,2226.8,766.0,105.2,13.32,43.26,1,1.000,1,1.000,1,,0
486.34,486.34,UAV-4,STANDBY,READY,READY,184.4,2256.3,628.5,0.3,0.00,100.00,1,1.000,1,0.000,1,,0
486.34,486.34,UAV-5,STANDBY,RETURNING,RTH,2095.1,1769.3,765.2,77.9,12.67,46.09,1,1.000,1,1.000,1,,0
487.36,487.36,UAV-1,RELAY,KILLED,LANDED,2169.8,1894.8,688.3,0.3,0.00,86.44,0,1.000,1,0.000,1,,0
487.36,487.36,UAV-2,STANDBY,CHARGING,CHARGING,168.4,2256.3,629.0,0.3,0.00,92.58,1,1.000,1,0.000,1,,0
487.36,487.36,UAV-3,STANDBY,RETURNING,RTH,1199.6,2233.2,765.6,105.9,13.23,43.14,1,1.000,1,1.000,1,,0
487.36,487.36,UAV-4,STANDBY,READY,READY,184.4,2256.3,628.5,0.3,0.00,100.00,1,1.000,1,0.000,1,,0
487.36,487.36,UAV-5,STANDBY,RETURNING,RTH,2084.5,1761.8,764.2,77.2,12.85,45.97,1,1.000,1,1.000,1,,0
488.38,488.38,UAV-1,RELAY,KILLED,LANDED,2169.8,1894.8,688.3,0.3,0.00,86.44,0,1.000,1,0.000,1,,0
488.38,488.38,UAV-2,STANDBY,CHARGING,CHARGING,168.4,2256.3,629.0,0.3,0.00,93.71,1,1.000,1,0.000,1,,0
488.38,488.38,UAV-3,STANDBY,RETURNING,RTH,1187.5,2239.0,765.1,106.6,13.16,43.01,1,1.000,1,1.000,1,,0
488.38,488.38,UAV-4,STANDBY,READY,READY,184.4,2256.3,628.5,0.3,0.00,100.00,1,1.000,1,0.000,1,,0
488.38,488.38,UAV-5,STANDBY,RETURNING,RTH,2073.3,1754.7,763.7,77.0,13.06,45.84,1,1.000,1,1.000,1,,0
489.40,489.40,UAV-1,RELAY,KILLED,LANDED,2169.8,1894.8,688.3,0.3,0.00,86.44,0,1.000,1,0.000,1,,0
489.40,489.40,UAV-2,STANDBY,CHARGING,CHARGING,168.4,2256.3,629.0,0.3,0.00,94.85,1,1.000,1,0.000,1,,0
489.40,489.40,UAV-3,STANDBY,RETURNING,RTH,1175.3,2244.4,764.7,107.4,13.12,42.89,1,1.000,1,1.000,1,,0
489.40,489.40,UAV-4,STANDBY,READY,READY,184.4,2256.3,628.5,0.3,0.00,100.00,1,1.000,1,0.000,1,,0
489.40,489.40,UAV-5,STANDBY,RETURNING,RTH,2061.6,1748.2,763.9,77.1,13.28,45.71,1,1.000,1,1.000,1,,0
490.42,490.42,UAV-1,RELAY,KILLED,LANDED,2169.8,1894.8,688.3,0.3,0.00,86.44,0,1.000,1,0.000,1,,0
490.42,490.42,UAV-2,STANDBY,CHARGING,CHARGING,168.4,2256.3,629.0,0.3,0.00,95.98,1,1.000,1,0.000,1,,0
490.42,490.42,UAV-3,STANDBY,RETURNING,RTH,1162.9,2249.3,764.3,108.2,13.07,42.77,1,1.000,1,1.000,1,,0
490.42,490.42,UAV-4,STANDBY,READY,READY,184.4,2256.3,628.5,0.3,0.00,100.00,1,1.000,1,0.000,1,,0
490.42,490.42,UAV-5,STANDBY,RETURNING,RTH,2049.4,1742.1,764.7,77.8,13.52,45.58,1,1.000,1,1.000,1,,0
491.44,491.44,UAV-1,RELAY,KILLED,LANDED,2169.8,1894.8,688.3,0.3,0.00,86.44,0,1.000,1,0.000,1,,0
491.44,491.44,UAV-2,STANDBY,CHARGING,CHARGING,168.4,2256.3,629.0,0.3,0.00,97.11,1,1.000,1,0.000,1,,0
491.44,491.44,UAV-3,STANDBY,RETURNING,RTH,1150.4,2253.8,764.0,108.6,12.95,42.65,1,1.000,1,1.000,1,,0
491.44,491.44,UAV-4,STANDBY,READY,READY,184.4,2256.3,628.5,0.3,0.00,100.00,1,1.000,1,0.000,1,,0
491.44,491.44,UAV-5,STANDBY,RETURNING,RTH,2036.7,1736.6,766.2,79.7,13.74,45.46,1,1.000,2,1.000,1,,0
492.46,492.46,UAV-1,RELAY,KILLED,LANDED,2169.8,1894.8,688.3,0.3,0.00,86.44,0,1.000,1,0.000,1,,0
492.46,492.46,UAV-2,STANDBY,CHARGING,CHARGING,168.4,2256.3,629.0,0.3,0.00,98.25,1,1.000,1,0.000,1,,0
492.46,492.46,UAV-3,STANDBY,RETURNING,RTH,1137.8,2257.6,763.8,108.4,12.86,42.52,1,1.000,1,1.000,1,,0
492.46,492.46,UAV-4,STANDBY,READY,READY,184.4,2256.3,628.5,0.3,0.00,100.00,1,1.000,1,0.000,1,,0
492.46,492.46,UAV-5,STANDBY,RETURNING,RTH,2023.6,1731.8,768.4,82.6,14.06,45.33,1,1.000,2,1.000,1,,0
493.48,493.48,UAV-1,RELAY,KILLED,LANDED,2169.8,1894.8,688.3,0.3,0.00,86.44,0,1.000,1,0.000,1,,0
493.48,493.48,UAV-2,STANDBY,CHARGING,CHARGING,168.4,2256.3,629.0,0.3,0.00,99.38,1,1.000,1,0.000,1,,0
493.48,493.48,UAV-3,STANDBY,RETURNING,RTH,1125.1,2260.9,763.6,108.0,12.76,42.40,1,1.000,1,1.000,1,,0
493.48,493.48,UAV-4,STANDBY,READY,READY,184.4,2256.3,628.5,0.3,0.00,100.00,1,1.000,1,0.000,1,,0
493.48,493.48,UAV-5,STANDBY,RETURNING,RTH,2010.0,1727.5,771.4,86.5,14.43,45.20,1,1.000,2,0.981,1,,0
494.50,494.50,UAV-1,RELAY,KILLED,LANDED,2169.8,1894.8,688.3,0.3,0.00,86.44,0,1.000,1,0.000,1,,0
494.50,494.50,UAV-2,STANDBY,READY,READY,168.4,2256.3,629.0,0.3,0.00,100.00,1,1.000,1,0.000,1,,0
494.50,494.50,UAV-3,STANDBY,RETURNING,RTH,1112.5,2263.5,763.4,107.8,12.61,42.28,1,1.000,1,1.000,1,,0
494.50,494.50,UAV-4,STANDBY,READY,READY,184.4,2256.3,628.5,0.3,0.00,100.00,1,1.000,1,0.000,1,,0
494.50,494.50,UAV-5,STANDBY,RETURNING,RTH,1996.3,1724.0,774.9,90.8,14.07,45.07,1,1.000,2,0.974,1,,0
495.52,495.52,UAV-1,RELAY,KILLED,LANDED,2169.8,1894.8,688.3,0.3,0.00,86.44,0,1.000,1,0.000,1,,0
495.52,495.52,UAV-2,STANDBY,READY,READY,168.4,2256.3,629.0,0.3,0.00,100.00,1,1.000,1,0.000,1,,0
495.52,495.52,UAV-3,STANDBY,RETURNING,RTH,1099.9,2265.4,763.3,108.3,11.95,42.15,1,1.000,1,1.000,1,,0
495.52,495.52,UAV-4,STANDBY,READY,READY,184.4,2256.3,628.5,0.3,0.00,100.00,1,1.000,1,0.000,1,,0
495.52,495.52,UAV-5,STANDBY,RETURNING,RTH,1982.8,1721.2,778.0,94.7,13.62,44.95,1,1.000,2,0.940,1,,0
496.54,496.54,UAV-1,RELAY,KILLED,LANDED,2169.8,1894.8,688.3,0.3,0.00,86.44,0,1.000,1,0.000,1,,0
496.54,496.54,UAV-2,STANDBY,READY,READY,168.4,2256.3,629.0,0.3,0.00,100.00,1,1.000,1,0.000,1,,0
496.54,496.54,UAV-3,STANDBY,RETURNING,RTH,1088.3,2264.6,762.8,108.6,11.31,42.02,1,1.000,1,1.000,1,,0
496.54,496.54,UAV-4,STANDBY,READY,READY,184.4,2256.3,628.5,0.3,0.00,100.00,1,1.000,1,0.000,1,,0
496.54,496.54,UAV-5,STANDBY,RETURNING,RTH,1971.7,1719.5,777.4,94.8,9.96,44.84,1,1.000,2,0.910,1,,0
497.56,497.56,UAV-1,RELAY,KILLED,LANDED,2169.8,1894.8,688.3,0.3,0.00,86.44,0,1.000,1,0.000,1,,0
497.56,497.56,UAV-2,STANDBY,READY,READY,168.4,2256.3,629.0,0.3,0.00,100.00,1,1.000,1,0.000,1,,0
497.56,497.56,UAV-3,STANDBY,RETURNING,RTH,1076.9,2262.2,762.3,108.7,11.66,41.90,1,1.000,1,1.000,1,,0
497.56,497.56,UAV-4,STANDBY,READY,READY,184.4,2256.3,628.5,0.3,0.00,100.00,1,1.000,1,0.000,1,,0
497.56,497.56,UAV-5,STANDBY,RETURNING,RTH,1962.3,1718.2,773.0,91.0,10.62,44.72,1,1.000,2,0.859,1,,0
498.58,498.58,UAV-1,RELAY,KILLED,LANDED,2169.8,1894.8,688.3,0.3,0.00,86.44,0,1.000,1,0.000,1,,0
498.58,498.58,UAV-2,STANDBY,READY,READY,168.4,2256.3,629.0,0.3,0.00,100.00,1,1.000,1,0.000,1,,0
498.58,498.58,UAV-3,STANDBY,RETURNING,RTH,1065.2,2259.5,761.8,108.7,11.94,41.77,1,1.000,1,1.000,1,,0
498.58,498.58,UAV-4,STANDBY,READY,READY,184.4,2256.3,628.5,0.3,0.00,100.00,1,1.000,1,0.000,1,,0
498.58,498.58,UAV-5,STANDBY,RETURNING,RTH,1952.0,1716.8,768.7,87.6,11.24,44.60,1,1.000,2,0.658,1,,0
499.60,499.60,UAV-1,RELAY,KILLED,LANDED,2169.8,1894.8,688.3,0.3,0.00,86.44,0,1.000,1,0.000,1,,0
499.60,499.60,UAV-2,STANDBY,READY,READY,168.4,2256.3,629.0,0.3,0.00,100.00,1,1.000,1,0.000,1,,0
499.60,499.60,UAV-3,STANDBY,RETURNING,RTH,1053.2,2256.9,761.4,108.8,12.15,41.65,1,1.000,1,1.000,1,,0
499.60,499.60,UAV-4,STANDBY,READY,READY,184.4,2256.3,628.5,0.3,0.00,100.00,1,1.000,1,0.000,1,,0
499.60,499.60,UAV-5,STANDBY,RETURNING,RTH,1941.0,1715.6,765.0,84.9,11.68,44.48,1,1.000,2,0.688,1,,0
500.62,500.62,UAV-1,RELAY,KILLED,LANDED,2169.8,1894.8,688.3,0.3,0.00,86.44,0,1.000,1,0.000,1,,0
500.62,500.62,UAV-2,STANDBY,READY,READY,168.4,2256.3,629.0,0.3,0.00,100.00,1,1.000,1,0.000,1,,0
500.62,500.62,UAV-3,STANDBY,RETURNING,RTH,1041.0,2254.4,761.0,108.9,12.23,41.53,1,1.000,1,1.000,1,,0
500.62,500.62,UAV-4,STANDBY,READY,READY,184.4,2256.3,628.5,0.3,0.00,100.00,1,1.000,1,0.000,1,,0
500.62,500.62,UAV-5,STANDBY,RETURNING,RTH,1929.4,1714.4,761.8,82.5,11.96,44.36,1,1.000,2,0.493,1,,0
501.64,501.64,UAV-1,RELAY,KILLED,LANDED,2169.8,1894.8,688.3,0.3,0.00,86.44,0,1.000,1,0.000,1,,0
501.64,501.64,UAV-2,STANDBY,READY,READY,168.4,2256.3,629.0,0.3,0.00,100.00,1,1.000,1,0.000,1,,0
501.64,501.64,UAV-3,STANDBY,RETURNING,RTH,1028.7,2252.0,760.6,109.3,12.25,41.40,1,1.000,1,1.000,1,,0
501.64,501.64,UAV-4,STANDBY,READY,READY,184.4,2256.3,628.5,0.3,0.00,100.00,1,1.000,1,0.000,1,,0
501.64,501.64,UAV-5,STANDBY,RETURNING,RTH,1917.5,1713.4,759.1,80.2,12.14,44.23,1,1.000,2,0.459,1,,0
502.66,502.66,UAV-1,RELAY,KILLED,LANDED,2169.8,1894.8,688.3,0.3,0.00,86.44,0,1.000,1,0.000,1,,0
502.66,502.66,UAV-2,STANDBY,READY,READY,168.4,2256.3,629.0,0.3,0.00,100.00,1,1.000,1,0.000,1,,0
502.66,502.66,UAV-3,STANDBY,RETURNING,RTH,1016.4,2249.8,760.3,109.7,12.26,41.28,1,1.000,1,1.000,1,,0
502.66,502.66,UAV-4,STANDBY,READY,READY,184.4,2256.3,628.5,0.3,0.00,100.00,1,1.000,1,0.000,1,,0
502.66,502.66,UAV-5,STANDBY,RETURNING,RTH,1905.2,1712.3,757.0,78.2,12.32,44.11,1,1.000,2,0.202,1,,0
503.68,503.68,UAV-1,RELAY,KILLED,LANDED,2169.8,1894.8,688.3,0.3,0.00,86.44,0,1.000,1,0.000,1,,0
503.68,503.68,UAV-2,STANDBY,READY,READY,168.4,2256.3,629.0,0.3,0.00,100.00,1,1.000,1,0.000,1,,0
503.68,503.68,UAV-3,STANDBY,RETURNING,RTH,1004.1,2247.7,760.0,109.8,12.26,41.16,1,1.000,1,1.000,1,,0
503.68,503.68,UAV-4,STANDBY,READY,READY,184.4,2256.3,628.5,0.3,0.00,100.00,1,1.000,1,0.000,1,,0
503.68,503.68,UAV-5,STANDBY,RETURNING,RTH,1892.7,1711.4,755.4,76.7,12.51,43.99,1,1.000,2,0.106,1,,0
504.70,504.70,UAV-1,RELAY,KILLED,LANDED,2169.8,1894.8,688.3,0.3,0.00,86.44,0,1.000,1,0.000,1,,0
504.70,504.70,UAV-2,STANDBY,READY,READY,168.4,2256.3,629.0,0.3,0.00,100.00,1,1.000,1,0.000,1,,0
504.70,504.70,UAV-3,STANDBY,RETURNING,RTH,991.7,2245.7,759.7,109.6,12.30,41.04,1,1.000,1,1.000,1,,0
504.70,504.70,UAV-4,STANDBY,READY,READY,184.4,2256.3,628.5,0.3,0.00,100.00,1,1.000,1,0.000,1,,0
504.70,504.70,UAV-5,STANDBY,RETURNING,RTH,1879.9,1710.5,754.5,76.1,12.74,43.87,1,1.000,2,0.050,1,,0
505.72,505.72,UAV-1,RELAY,KILLED,LANDED,2169.8,1894.8,688.3,0.3,0.00,86.44,0,1.000,1,0.000,1,,0
505.72,505.72,UAV-2,STANDBY,READY,READY,168.4,2256.3,629.0,0.3,0.00,100.00,1,1.000,1,0.000,1,,0
505.72,505.72,UAV-3,STANDBY,RETURNING,RTH,979.3,2243.8,759.4,109.0,12.36,40.91,1,1.000,1,1.000,1,,0
505.72,505.72,UAV-4,STANDBY,READY,READY,184.4,2256.3,628.5,0.3,0.00,100.00,1,1.000,1,0.000,1,,0
505.72,505.72,UAV-5,STANDBY,RETURNING,RTH,1866.8,1709.7,754.0,76.2,13.01,43.74,1,1.000,2,0.090,1,,0
506.74,506.74,UAV-1,RELAY,KILLED,LANDED,2169.8,1894.8,688.3,0.3,0.00,86.44,0,1.000,1,0.000,1,,0
506.74,506.74,UAV-2,STANDBY,READY,READY,168.4,2256.3,629.0,0.3,0.00,100.00,1,1.000,1,0.000,1,,0
506.74,506.74,UAV-3,STANDBY,RETURNING,RTH,966.8,2242.1,759.2,108.6,12.40,40.79,1,1.000,1,1.000,1,,0
506.74,506.74,UAV-4,STANDBY,READY,READY,184.4,2256.3,628.5,0.3,0.00,100.00,1,1.000,1,0.000,1,,0
506.74,506.74,UAV-5,STANDBY,RETURNING,RTH,1853.4,1708.9,754.2,76.8,13.28,43.62,1,1.000,2,0.002,1,,0
507.76,507.76,UAV-1,RELAY,KILLED,LANDED,2169.8,1894.8,688.3,0.3,0.00,86.44,0,1.000,1,0.000,1,,0
507.76,507.76,UAV-2,STANDBY,READY,READY,168.4,2256.3,629.0,0.3,0.00,100.00,1,1.000,1,0.000,1,,0
507.76,507.76,UAV-3,STANDBY,RETURNING,RTH,954.2,2240.6,759.0,108.6,12.37,40.67,1,1.000,1,1.000,1,,0
507.76,507.76,UAV-4,STANDBY,READY,READY,184.4,2256.3,628.5,0.3,0.00,100.00,1,1.000,1,0.000,1,,0
507.76,507.76,UAV-5,STANDBY,RETURNING,RTH,1839.8,1708.2,755.0,78.0,13.49,43.49,1,1.000,2,0.003,1,,0
508.78,508.78,UAV-1,RELAY,KILLED,LANDED,2169.8,1894.8,688.3,0.3,0.00,86.44,0,1.000,1,0.000,1,,0
508.78,508.78,UAV-2,STANDBY,READY,READY,168.4,2256.3,629.0,0.3,0.00,100.00,1,1.000,1,0.000,1,,0
508.78,508.78,UAV-3,STANDBY,RETURNING,RTH,941.7,2239.2,758.8,108.9,12.42,40.54,1,1.000,1,1.000,1,,0
508.78,508.78,UAV-4,STANDBY,READY,READY,184.4,2256.3,628.5,0.3,0.00,100.00,1,1.000,1,0.000,1,,0
508.78,508.78,UAV-5,STANDBY,RETURNING,RTH,1826.0,1707.6,756.5,79.5,13.82,43.37,1,1.000,2,0.000,1,,0
509.80,509.80,UAV-1,RELAY,KILLED,LANDED,2169.8,1894.8,688.3,0.3,0.00,86.44,0,1.000,1,0.000,1,,0
509.80,509.80,UAV-2,STANDBY,READY,READY,168.4,2256.3,629.0,0.3,0.00,100.00,1,1.000,1,0.000,1,,0
509.80,509.80,UAV-3,STANDBY,RETURNING,RTH,929.0,2237.9,758.7,109.4,12.52,40.42,1,1.000,1,1.000,1,,0
509.80,509.80,UAV-4,STANDBY,READY,READY,184.4,2256.3,628.5,0.3,0.00,100.00,1,1.000,1,0.000,1,,0
509.80,509.80,UAV-5,STANDBY,RETURNING,RTH,1811.8,1707.0,758.6,81.6,14.24,43.24,1,1.000,2,0.000,1,,0
510.82,510.82,UAV-1,RELAY,KILLED,LANDED,2169.8,1894.8,688.3,0.3,0.00,86.44,0,1.000,1,0.000,1,,0
510.82,510.82,UAV-2,STANDBY,READY,READY,168.4,2256.3,629.0,0.3,0.00,100.00,1,1.000,1,0.000,1,,0
510.82,510.82,UAV-3,STANDBY,RETURNING,RTH,916.3,2236.9,758.5,109.6,12.60,40.30,1,1.000,1,1.000,1,,0
510.82,510.82,UAV-4,STANDBY,READY,READY,184.4,2256.3,628.5,0.3,0.00,100.00,1,1.000,1,0.000,1,,0
510.82,510.82,UAV-5,STANDBY,RETURNING,RTH,1797.4,1706.5,761.5,84.7,14.71,43.11,1,1.000,2,0.000,1,,0
511.84,511.84,UAV-1,RELAY,KILLED,LANDED,2169.8,1894.8,688.3,0.3,0.00,86.44,0,1.000,1,0.000,1,,0
511.84,511.84,UAV-2,STANDBY,READY,READY,168.4,2256.3,629.0,0.3,0.00,100.00,1,1.000,1,0.000,1,,0
511.84,511.84,UAV-3,STANDBY,RETURNING,RTH,903.4,2236.0,758.4,109.6,12.61,40.18,1,1.000,1,1.000,1,,0
511.84,511.84,UAV-4,STANDBY,READY,READY,184.4,2256.3,628.5,0.3,0.00,100.00,1,1.000,1,0.000,1,,0
511.84,511.84,UAV-5,STANDBY,RETURNING,RTH,1782.6,1706.1,765.2,88.8,14.88,42.98,1,1.000,2,0.000,1,,0
512.86,512.86,UAV-1,RELAY,KILLED,LANDED,2169.8,1894.8,688.3,0.3,0.00,86.44,0,1.000,1,0.000,1,,0
512.86,512.86,UAV-2,STANDBY,READY,READY,168.4,2256.3,629.0,0.3,0.00,100.00,1,1.000,1,0.000,1,,0
512.86,512.86,UAV-3,STANDBY,RETURNING,RTH,890.6,2235.3,758.3,109.6,12.61,40.05,1,1.000,1,1.000,1,,0
512.86,512.86,UAV-4,STANDBY,READY,READY,184.4,2256.3,628.5,0.3,0.00,100.00,1,1.000,1,0.000,1,,0
512.86,512.86,UAV-5,STANDBY,RETURNING,RTH,1768.2,1705.8,768.8,93.3,14.35,42.85,1,1.000,2,0.006,1,,0
513.88,513.88,UAV-1,RELAY,KILLED,LANDED,2169.8,1894.8,688.3,0.3,0.00,86.44,0,1.000,1,0.000,1,,0
513.88,513.88,UAV-2,STANDBY,READY,READY,168.4,2256.3,629.0,0.3,0.00,100.00,1,1.000,1,0.000,1,,0
513.88,513.88,UAV-3,STANDBY,RETURNING,RTH,877.9,2234.6,758.1,109.3,11.93,39.93,1,1.000,1,1.000,1,,0
513.88,513.88,UAV-4,STANDBY,READY,READY,184.4,2256.3,628.5,0.3,0.00,100.00,1,1.000,1,0.000,1,,0
513.88,513.88,UAV-5,STANDBY,RETURNING,RTH,1755.0,1705.8,770.8,96.1,10.90,42.73,1,1.000,2,0.000,1,,0
514.90,514.90,UAV-1,RELAY,KILLED,LANDED,2169.8,1894.8,688.3,0.3,0.00,86.44,0,1.000,1,0.000,1,,0
514.90,514.90,UAV-2,STANDBY,READY,READY,168.4,2256.3,629.0,0.3,0.00,100.00,1,1.000,1,0.000,1,,0
514.90,514.90,UAV-3,STANDBY,RETURNING,RTH,866.1,2232.3,757.3,108.7,11.96,39.80,1,1.000,1,1.000,1,,0
514.90,514.90,UAV-4,STANDBY,READY,READY,184.4,2256.3,628.5,0.3,0.00,100.00,1,1.000,1,0.000,1,,0
514.90,514.90,UAV-5,STANDBY,RETURNING,RTH,1745.5,1707.5,767.0,92.8,10.37,42.59,1,1.000,2,0.022,1,,0
515.92,515.92,UAV-1,RELAY,KILLED,LANDED,2169.8,1894.8,688.3,0.3,0.00,86.44,0,1.000,1,0.000,1,,0
515.92,515.92,UAV-2,STANDBY,READY,READY,168.4,2256.3,629.0,0.3,0.00,100.00,1,1.000,1,0.000,1,,0
515.92,515.92,UAV-3,STANDBY,RETURNING,RTH,854.2,2229.3,756.5,108.3,12.14,39.68,1,1.000,1,1.000,1,,0
515.92,515.92,UAV-4,STANDBY,READY,READY,184.4,2256.3,628.5,0.3,0.00,100.00,1,1.000,1,0.000,1,,0
515.92,515.92,UAV-5,STANDBY,RETURNING,RTH,1736.7,1712.5,762.3,88.4,11.61,42.45,1,1.000,2,0.000,1,,0
516.94,516.94,UAV-1,RELAY,KILLED,LANDED,2169.8,1894.8,688.3,0.3,0.00,86.44,0,1.000,1,0.000,1,,0
516.94,516.94,UAV-2,STANDBY,READY,READY,168.4,2256.3,629.0,0.3,0.00,100.00,1,1.000,1,0.000,1,,0
516.94,516.94,UAV-3,STANDBY,RETURNING,RTH,842.1,2226.3,755.8,107.8,12.19,39.56,1,1.000,1,1.000,1,,0
516.94,516.94,UAV-4,STANDBY,READY,READY,184.4,2256.3,628.5,0.3,0.00,100.00,1,1.000,1,0.000,1,,0
516.94,516.94,UAV-5,STANDBY,RETURNING,RTH,1728.1,1720.4,757.9,84.2,12.81,42.32,1,1.000,2,0.000,1,,0
517.96,517.96,UAV-1,RELAY,KILLED,LANDED,2169.8,1894.8,688.3,0.3,0.00,86.44,0,1.000,1,0.000,1,,0
517.96,517.96,UAV-2,STANDBY,READY,READY,168.4,2256.3,629.0,0.3,0.00,100.00,1,1.000,1,0.000,1,,0
517.96,517.96,UAV-3,STANDBY,RETURNING,RTH,830.0,2223.5,755.1,107.4,12.22,39.43,1,1.000,1,1.000,1,,0
517.96,517.96,UAV-4,STANDBY,READY,READY,184.4,2256.3,628.5,0.3,0.00,100.00,1,1.000,1,0.000,1,,0
517.96,517.96,UAV-5,STANDBY,RETURNING,RTH,1719.8,1730.3,753.9,80.3,13.71,42.18,1,1.000,2,0.001,1,,0
518.98,518.98,UAV-1,RELAY,KILLED,LANDED,2169.8,1894.8,688.3,0.3,0.00,86.44,0,1.000,1,0.000,1,,0
518.98,518.98,UAV-2,STANDBY,READY,READY,168.4,2256.3,629.0,0.3,0.00,100.00,1,1.000,1,0.000,1,,0
518.98,518.98,UAV-3,STANDBY,RETURNING,RTH,817.9,2220.8,754.5,107.1,12.25,39.31,1,1.000,1,1.000,1,,0
518.98,518.98,UAV-4,STANDBY,READY,READY,184.4,2256.3,628.5,0.3,0.00,100.00,1,1.000,1,0.000,1,,0
518.98,518.98,UAV-5,STANDBY,RETURNING,RTH,1711.6,1741.5,750.3,76.9,14.33,42.04,1,1.000,2,0.002,1,,0
520.00,520.00,UAV-1,RELAY,KILLED,LANDED,2169.8,1894.8,688.3,0.3,0.00,86.44,0,1.000,1,0.000,1,,0
520.00,520.00,UAV-2,STANDBY,READY,READY,168.4,2256.3,629.0,0.3,0.00,100.00,1,1.000,1,0.000,1,,0
520.00,520.00,UAV-3,STANDBY,RETURNING,RTH,805.6,2218.2,753.9,106.9,12.32,39.19,1,1.000,1,1.000,1,,0
520.00,520.00,UAV-4,STANDBY,READY,READY,184.4,2256.3,628.5,0.3,0.00,100.00,1,1.000,1,0.000,1,,0
520.00,520.00,UAV-5,STANDBY,RETURNING,RTH,1703.5,1753.6,747.2,74.3,14.77,41.90,1,1.000,2,0.077,1,,0
521.02,521.02,UAV-1,RELAY,KILLED,LANDED,2169.8,1894.8,688.3,0.3,0.00,86.44,0,1.000,1,0.000,1,,0
521.02,521.02,UAV-2,STANDBY,READY,READY,168.4,2256.3,629.0,0.3,0.00,100.00,1,1.000,1,0.000,1,,0
521.02,521.02,UAV-3,STANDBY,RETURNING,RTH,793.3,2215.9,753.3,107.2,12.33,39.06,1,1.000,1,1.000,1,,0
521.02,521.02,UAV-4,STANDBY,READY,READY,184.4,2256.3,628.5,0.3,0.00,100.00,1,1.000,1,0.000,1,,0
521.02,521.02,UAV-5,STANDBY,RETURNING,RTH,1695.2,1766.1,744.5,72.1,14.99,41.77,1,1.000,2,0.076,1,,0
522.04,522.04,UAV-1,RELAY,KILLED,LANDED,2169.8,1894.8,688.3,0.3,0.00,86.44,0,1.000,1,0.000,1,,0
522.04,522.04,UAV-2,STANDBY,READY,READY,168.4,2256.3,629.0,0.3,0.00,100.00,1,1.000,1,0.000,1,,0
522.04,522.04,UAV-3,STANDBY,RETURNING,RTH,780.9,2213.6,752.8,107.8,12.31,38.94,1,1.000,1,1.000,1,,0
522.04,522.04,UAV-4,STANDBY,READY,READY,184.4,2256.3,628.5,0.3,0.00,100.00,1,1.000,1,0.000,1,,0
522.04,522.04,UAV-5,STANDBY,RETURNING,RTH,1686.6,1778.5,742.3,69.6,15.09,41.64,1,1.000,2,0.255,1,,0
523.06,523.06,UAV-1,RELAY,KILLED,LANDED,2169.8,1894.8,688.3,0.3,0.00,86.44,0,1.000,1,0.000,1,,0
523.06,523.06,UAV-2,STANDBY,READY,READY,168.4,2256.3,629.0,0.3,0.00,100.00,1,1.000,1,0.000,1,,0
523.06,523.06,UAV-3,STANDBY,RETURNING,RTH,768.6,2211.6,752.4,108.4,12.28,38.82,1,1.000,1,1.000,1,,0
523.06,523.06,UAV-4,STANDBY,READY,READY,184.4,2256.3,628.5,0.3,0.00,100.00,1,1.000,1,0.000,1,,0
523.06,523.06,UAV-5,STANDBY,RETURNING,RTH,1677.5,1790.9,740.6,67.3,15.14,41.51,1,1.000,2,0.620,1,,0
524.08,524.08,UAV-1,RELAY,KILLED,LANDED,2169.8,1894.8,688.3,0.3,0.00,86.44,0,1.000,1,0.000,1,,0
524.08,524.08,UAV-2,STANDBY,READY,READY,168.4,2256.3,629.0,0.3,0.00,100.00,1,1.000,1,0.000,1,,0
524.08,524.08,UAV-3,STANDBY,RETURNING,RTH,756.2,2209.7,752.0,108.8,12.27,38.70,1,1.000,1,1.000,1,,0
524.08,524.08,UAV-4,STANDBY,READY,READY,184.4,2256.3,628.5,0.3,0.00,100.00,1,1.000,1,0.000,1,,0
524.08,524.08,UAV-5,STANDBY,RETURNING,RTH,1667.8,1802.9,739.4,66.0,15.18,41.38,1,1.000,2,0.717,1,,0
525.10,525.10,UAV-1,RELAY,KILLED,LANDED,2169.8,1894.8,688.3,0.3,0.00,86.44,0,1.000,1,0.000,1,,0
525.10,525.10,UAV-2,STANDBY,READY,READY,168.4,2256.3,629.0,0.3,0.00,100.00,1,1.000,1,0.000,1,,0
525.10,525.10,UAV-3,STANDBY,RETURNING,RTH,743.8,2207.9,751.6,108.8,12.25,38.57,1,1.000,1,1.000,1,,0
525.10,525.10,UAV-4,STANDBY,READY,READY,184.4,2256.3,628.5,0.3,0.00,100.00,1,1.000,1,0.000,1,,0
525.10,525.10,UAV-5,STANDBY,RETURNING,RTH,1657.7,1814.6,738.8,65.7,15.22,41.25,1,1.000,2,0.754,1,,0
526.12,526.12,UAV-1,RELAY,KILLED,LANDED,2169.8,1894.8,688.3,0.3,0.00,86.44,0,1.000,1,0.000,1,,0
526.12,526.12,UAV-2,STANDBY,READY,READY,168.4,2256.3,629.0,0.3,0.00,100.00,1,1.000,1,0.000,1,,0
526.12,526.12,UAV-3,STANDBY,RETURNING,RTH,731.4,2206.4,751.3,108.7,12.22,38.45,1,1.000,1,1.000,1,,0
526.12,526.12,UAV-4,STANDBY,READY,READY,184.4,2256.3,628.5,0.3,0.00,100.00,1,1.000,1,0.000,1,,0
526.12,526.12,UAV-5,STANDBY,RETURNING,RTH,1647.2,1826.0,738.6,65.9,15.24,41.12,1,1.000,2,0.947,1,,0
527.14,527.14,UAV-1,RELAY,KILLED,LANDED,2169.8,1894.8,688.3,0.3,0.00,86.44,0,1.000,1,0.000,1,,0
527.14,527.14,UAV-2,STANDBY,READY,READY,168.4,2256.3,629.0,0.3,0.00,100.00,1,1.000,1,0.000,1,,0
527.14,527.14,UAV-3,STANDBY,RETURNING,RTH,719.0,2204.9,751.0,108.6,12.27,38.33,1,1.000,1,1.000,1,,0
527.14,527.14,UAV-4,STANDBY,READY,READY,184.4,2256.3,628.5,0.3,0.00,100.00,1,1.000,1,0.000,1,,0
527.14,527.14,UAV-5,STANDBY,RETURNING,RTH,1636.1,1837.0,739.1,66.5,15.31,40.99,1,1.000,2,0.998,1,,0
528.16,528.16,UAV-1,RELAY,KILLED,LANDED,2169.8,1894.8,688.3,0.3,0.00,86.44,0,1.000,1,0.000,1,,0
528.16,528.16,UAV-2,STANDBY,READY,READY,168.4,2256.3,629.0,0.3,0.00,100.00,1,1.000,1,0.000,1,,0
528.16,528.16,UAV-3,STANDBY,RETURNING,RTH,706.6,2203.6,750.7,108.5,12.35,38.20,1,1.000,1,1.000,1,,0
528.16,528.16,UAV-4,STANDBY,READY,READY,184.4,2256.3,628.5,0.3,0.00,100.00,1,1.000,1,0.000,1,,0
528.16,528.16,UAV-5,STANDBY,RETURNING,RTH,1624.6,1847.5,740.1,68.1,15.39,40.86,1,1.000,2,1.000,1,,0
529.18,529.18,UAV-1,RELAY,KILLED,LANDED,2169.8,1894.8,688.3,0.3,0.00,86.44,0,1.000,1,0.000,1,,0
529.18,529.18,UAV-2,STANDBY,READY,READY,168.4,2256.3,629.0,0.3,0.00,100.00,1,1.000,1,0.000,1,,0
529.18,529.18,UAV-3,STANDBY,RETURNING,RTH,694.0,2202.5,750.5,108.8,12.38,38.08,1,1.000,1,1.000,1,,0
529.18,529.18,UAV-4,STANDBY,READY,READY,184.4,2256.3,628.5,0.3,0.00,100.00,1,1.000,1,0.000,1,,0
529.18,529.18,UAV-5,STANDBY,RETURNING,RTH,1612.6,1857.5,741.7,70.7,15.44,40.73,1,1.000,1,0.997,1,,0
530.20,530.20,UAV-1,RELAY,KILLED,LANDED,2169.8,1894.8,688.3,0.3,0.00,86.44,0,1.000,1,0.000,1,,0
530.20,530.20,UAV-2,STANDBY,READY,READY,168.4,2256.3,629.0,0.3,0.00,100.00,1,1.000,1,0.000,1,,0
530.20,530.20,UAV-3,STANDBY,RETURNING,RTH,681.4,2201.6,750.4,109.3,12.42,37.96,1,1.000,1,1.000,1,,0
530.20,530.20,UAV-4,STANDBY,READY,READY,184.4,2256.3,628.5,0.3,0.00,100.00,1,1.000,1,0.000,1,,0
530.20,530.20,UAV-5,STANDBY,RETURNING,RTH,1600.0,1866.9,744.0,74.0,15.57,40.60,1,1.000,1,1.000,1,,0
531.22,531.22,UAV-1,RELAY,KILLED,LANDED,2169.8,1894.8,688.3,0.3,0.00,86.44,0,1.000,1,0.000,1,,0
531.22,531.22,UAV-2,STANDBY,READY,READY,168.4,2256.3,629.0,0.3,0.00,100.00,1,1.000,1,0.000,1,,0
531.22,531.22,UAV-3,STANDBY,RETURNING,RTH,668.7,2200.9,750.2,109.8,12.45,37.84,1,1.000,1,1.000,1,,0
531.22,531.22,UAV-4,STANDBY,READY,READY,184.4,2256.3,628.5,0.3,0.00,100.00,1,1.000,1,0.000,1,,0
531.22,531.22,UAV-5,STANDBY,RETURNING,RTH,1587.0,1875.6,746.9,77.7,15.76,40.47,1,1.000,1,1.000,1,,0
532.24,532.24,UAV-1,RELAY,KILLED,LANDED,2169.8,1894.8,688.3,0.3,0.00,86.44,0,1.000,1,0.000,1,,0
532.24,532.24,UAV-2,STANDBY,READY,READY,168.4,2256.3,629.0,0.3,0.00,100.00,1,1.000,1,0.000,1,,0
532.24,532.24,UAV-3,STANDBY,RETURNING,RTH,656.3,2200.9,750.0,110.0,11.77,37.71,1,1.000,1,1.000,1,,0
532.24,532.24,UAV-4,STANDBY,READY,READY,184.4,2256.3,628.5,0.3,0.00,100.00,1,1.000,1,0.000,1,,0
532.24,532.24,UAV-5,STANDBY,RETURNING,RTH,1573.3,1883.5,750.7,82.1,15.98,40.34,1,1.000,1,1.000,1,,0
533.26,533.26,UAV-1,RELAY,KILLED,LANDED,2169.8,1894.8,688.3,0.3,0.00,86.44,0,1.000,1,0.000,1,,0
533.26,533.26,UAV-2,STANDBY,READY,READY,168.4,2256.3,629.0,0.3,0.00,100.00,1,1.000,1,0.000,1,,0
533.26,533.26,UAV-3,STANDBY,RETURNING,RTH,644.4,2203.7,749.4,109.6,12.26,37.58,1,1.000,1,1.000,1,,0
533.26,533.26,UAV-4,STANDBY,READY,READY,184.4,2256.3,628.5,0.3,0.00,100.00,1,1.000,1,0.000,1,,0
533.26,533.26,UAV-5,STANDBY,RETURNING,RTH,1559.2,1890.4,755.2,87.1,15.90,40.21,1,1.000,1,1.000,1,,0
534.28,534.28,UAV-1,RELAY,KILLED,LANDED,2169.8,1894.8,688.3,0.3,0.00,86.44,0,1.000,1,0.000,1,,0
534.28,534.28,UAV-2,STANDBY,READY,READY,168.4,2256.3,629.0,0.3,0.00,100.00,1,1.000,1,0.000,1,,0
534.28,534.28,UAV-3,STANDBY,RETURNING,RTH,632.2,2207.3,748.9,109.0,12.61,37.46,1,1.000,1,1.000,1,,0
534.28,534.28,UAV-4,STANDBY,READY,READY,184.4,2256.3,628.5,0.3,0.00,100.00,1,1.000,1,0.000,1,,0
534.28,534.28,UAV-5,STANDBY,RETURNING,RTH,1545.1,1896.2,759.5,92.2,15.14,40.08,1,1.000,1,1.000,1,,0
535.30,535.30,UAV-1,RELAY,KILLED,LANDED,2169.8,1894.8,688.3,0.3,0.00,86.44,0,1.000,1,0.000,1,,0
535.30,535.30,UAV-2,STANDBY,READY,READY,168.4,2256.3,629.0,0.3,0.00,100.00,1,1.000,1,0.000,1,,0
535.30,535.30,UAV-3,STANDBY,RETURNING,RTH,619.8,2210.8,748.4,108.6,12.74,37.34,1,1.000,1,1.000,1,,0
535.30,535.30,UAV-4,STANDBY,READY,READY,184.4,2256.3,628.5,0.3,0.00,100.00,1,1.000,1,0.000,1,,0
535.30,535.30,UAV-5,STANDBY,RETURNING,RTH,1532.8,1900.9,761.2,95.0,11.02,39.96,1,1.000,1,1.000,1,,0
536.32,536.32,UAV-1,RELAY,KILLED,LANDED,2169.8,1894.8,688.3,0.3,0.00,86.44,0,1.000,1,0.000,1,,0
536.32,536.32,UAV-2,STANDBY,READY,READY,168.4,2256.3,629.0,0.3,0.00,100.00,1,1.000,1,0.000,1,,0
536.32,536.32,UAV-3,STANDBY,RETURNING,RTH,607.2,2214.2,748.0,108.2,12.80,37.22,1,1.000,1,1.000,1,,0
536.32,536.32,UAV-4,STANDBY,READY,READY,184.4,2256.3,628.5,0.3,0.00,100.00,1,1.000,1,0.000,1,,0
536.32,536.32,UAV-5,STANDBY,RETURNING,RTH,1523.8,1906.4,757.5,92.1,11.46,39.82,1,1.000,1,1.000,1,,0
537.34,537.34,UAV-1,RELAY,KILLED,LANDED,2169.8,1894.8,688.3,0.3,0.00,86.44,0,1.000,1,0.000,1,,0
537.34,537.34,UAV-2,STANDBY,READY,READY,168.4,2256.3,629.0,0.3,0.00,100.00,1,1.000,1,0.000,1,,0
537.34,537.34,UAV-3,STANDBY,RETURNING,RTH,594.5,2217.4,747.5,108.0,12.82,37.10,1,1.000,1,1.000,1,,0
537.34,537.34,UAV-4,STANDBY,READY,READY,184.4,2256.3,628.5,0.3,0.00,100.00,1,1.000,1,0.000,1,,0
537.34,537.34,UAV-5,STANDBY,RETURNING,RTH,1515.4,1914.3,753.1,88.7,12.75,39.68,1,1.000,1,1.000,1,,0
538.36,538.36,UAV-1,RELAY,KILLED,LANDED,2169.8,1894.8,688.3,0.3,0.00,86.44,0,1.000,1,0.000,1,,0
538.36,538.36,UAV-2,STANDBY,READY,READY,168.4,2256.3,629.0,0.3,0.00,100.00,1,1.000,1,0.000,1,,0
538.36,538.36,UAV-3,STANDBY,RETURNING,RTH,581.9,2220.5,747.1,107.6,12.77,36.97,1,1.000,1,1.000,1,,0
538.36,538.36,UAV-4,STANDBY,READY,READY,184.4,2256.3,628.5,0.3,0.00,100.00,1,1.000,1,0.000,1,,0
538.36,538.36,UAV-5,STANDBY,RETURNING,RTH,1507.2,1924.3,749.1,85.5,13.70,39.54,1,1.000,1,1.000,1,,0
539.38,539.38,UAV-1,RELAY,KILLED,LANDED,2169.8,1894.8,688.3,0.3,0.00,86.44,0,1.000,1,0.000,1,,0
539.38,539.38,UAV-2,STANDBY,READY,READY,168.4,2256.3,629.0,0.3,0.00,100.00,1,1.000,1,0.000,1,,0
539.38,539.38,UAV-3,STANDBY,RETURNING,RTH,569.2,2223.4,746.8,107.3,12.77,36.85,1,1.000,1,1.000,1,,0
539.38,539.38,UAV-4,STANDBY,READY,READY,184.4,2256.3,628.5,0.3,0.00,100.00,1,1.000,1,0.000,1,,0
539.38,539.38,UAV-5,STANDBY,RETURNING,RTH,1499.1,1935.6,745.5,82.3,14.39,39.40,1,1.000,1,1.000,1,,0
540.40,540.40,UAV-1,RELAY,KILLED,LANDED,2169.8,1894.8,688.3,0.3,0.00,86.44,0,1.000,1,0.000,1,,0
540.40,540.40,UAV-2,STANDBY,READY,READY,168.4,2256.3,629.0,0.3,0.00,100.00,1,1.000,1,0.000,1,,0
540.40,540.40,UAV-3,STANDBY,RETURNING,RTH,556.5,2226.2,746.4,107.2,12.75,36.73,1,1.000,1,1.000,1,,0
540.40,540.40,UAV-4,STANDBY,READY,READY,184.4,2256.3,628.5,0.3,0.00,100.00,1,1.000,1,0.000,1,,0
540.40,540.40,UAV-5,STANDBY,RETURNING,RTH,1491.3,1947.9,742.2,78.7,14.88,39.26,1,1.000,1,1.000,1,,0
541.42,541.42,UAV-1,RELAY,KILLED,LANDED,2169.8,1894.8,688.3,0.3,0.00,86.44,0,1.000,1,0.000,1,,0
541.42,541.42,UAV-2,STANDBY,READY,READY,168.4,2256.3,629.0,0.3,0.00,100.00,1,1.000,1,0.000,1,,0
541.42,541.42,UAV-3,STANDBY,RETURNING,RTH,543.8,2228.7,746.1,107.3,12.68,36.61,1,1.000,1,1.000,1,,0
541.42,541.42,UAV-4,STANDBY,READY,READY,184.4,2256.3,628.5,0.3,0.00,100.00,1,1.000,1,0.000,1,,0
541.42,541.42,UAV-5,STANDBY,RETURNING,RTH,1483.6,1960.9,739.4,75.2,15.20,39.12,1,1.000,1,1.000,1,,0
542.44,542.44,UAV-1,RELAY,KILLED,LANDED,2169.8,1894.8,688.3,0.3,0.00,86.44,0,1.000,1,0.000,1,,0
542.44,542.44,UAV-2,STANDBY,READY,READY,168.4,2256.3,629.0,0.3,0.00,100.00,1,1.000,1,0.000,1,,0
542.44,542.44,UAV-3,STANDBY,RETURNING,RTH,531.1,2231.1,745.8,107.9,12.63,36.48,1,1.000,1,1.000,1,,0
542.44,542.44,UAV-4,STANDBY,READY,READY,184.4,2256.3,628.5,0.3,0.00,100.00,1,1.000,1,0.000,1,,0
542.44,542.44,UAV-5,STANDBY,RETURNING,RTH,1476.0,1974.3,736.9,72.0,15.44,38.98,1,1.000,1,1.000,1,,0
543.46,543.46,UAV-1,RELAY,KILLED,LANDED,2169.8,1894.8,688.3,0.3,0.00,86.44,0,1.000,1,0.000,1,,0
543.46,543.46,UAV-2,STANDBY,READY,READY,168.4,2256.3,629.0,0.3,0.00,100.00,1,1.000,1,0.000,1,,0
543.46,543.46,UAV-3,STANDBY,RETURNING,RTH,518.4,2233.3,745.6,109.0,12.62,36.36,1,1.000,1,1.000,1,,0
543.46,543.46,UAV-4,STANDBY,READY,READY,184.4,2256.3,628.5,0.3,0.00,100.00,1,1.000,1,0.000,1,,0
543.46,543.46,UAV-5,STANDBY,RETURNING,RTH,1468.3,1988.1,734.9,69.6,15.63,38.84,1,1.000,1,1.000,1,,0
544.48,544.48,UAV-1,RELAY,KILLED,LANDED,2169.8,1894.8,688.3,0.3,0.00,86.44,0,1.000,1,0.000,1,,0
544.48,544.48,UAV-2,STANDBY,READY,READY,168.4,2256.3,629.0,0.3,0.00,100.00,1,1.000,1,0.000,1,,0
544.48,544.48,UAV-3,STANDBY,RETURNING,RTH,505.7,2235.2,745.3,110.0,12.64,36.24,1,1.000,1,1.000,1,,0
544.48,544.48,UAV-4,STANDBY,READY,READY,184.4,2256.3,628.5,0.3,0.00,100.00,1,1.000,1,0.000,1,,0
544.48,544.48,UAV-5,STANDBY,RETURNING,RTH,1460.5,2001.9,733.3,68.4,15.75,38.71,1,1.000,1,1.000,1,,0
545.50,545.50,UAV-1,RELAY,KILLED,LANDED,2169.8,1894.8,688.3,0.3,0.00,86.44,0,1.000,1,0.000,1,,0
545.50,545.50,UAV-2,STANDBY,READY,READY,168.4,2256.3,629.0,0.3,0.00,100.00,1,1.000,1,0.000,1,,0
545.50,545.50,UAV-3,STANDBY,RETURNING,RTH,492.9,2237.0,745.1,110.9,12.61,36.12,1,1.000,1,1.000,1,,0
545.50,545.50,UAV-4,STANDBY,READY,READY,184.4,2256.3,628.5,0.3,0.00,100.00,1,1.000,1,0.000,1,,0
545.50,545.50,UAV-5,STANDBY,RETURNING,RTH,1452.2,2015.7,732.1,68.5,15.76,38.57,1,1.000,1,1.000,1,,0
546.52,546.52,UAV-1,RELAY,KILLED,LANDED,2169.8,1894.8,688.3,0.3,0.00,86.44,0,1.000,1,0.000,1,,0
546.52,546.52,UAV-2,STANDBY,READY,READY,168.4,2256.3,629.0,0.3,0.00,100.00,1,1.000,1,0.000,1,,0
546.52,546.52,UAV-3,STANDBY,RETURNING,RTH,480.2,2238.5,745.0,111.6,12.57,35.99,1,1.000,1,1.000,1,,0
546.52,546.52,UAV-4,STANDBY,READY,READY,184.4,2256.3,628.5,0.3,0.00,100.00,1,1.000,1,0.000,1,,0
546.52,546.52,UAV-5,STANDBY,RETURNING,RTH,1443.6,2029.2,731.5,69.2,15.77,38.44,1,1.000,1,1.000,1,,0
547.54,547.54,UAV-1,RELAY,KILLED,LANDED,2169.8,1894.8,688.3,0.3,0.00,86.44,0,1.000,1,0.000,1,,0
547.54,547.54,UAV-2,STANDBY,READY,READY,168.4,2256.3,629.0,0.3,0.00,100.00,1,1.000,1,0.000,1,,0
547.54,547.54,UAV-3,STANDBY,RETURNING,RTH,467.4,2239.9,744.9,111.4,12.56,35.87,1,1.000,1,1.000,1,,0
547.54,547.54,UAV-4,STANDBY,READY,READY,184.4,2256.3,628.5,0.3,0.00,100.00,1,1.000,1,0.000,1,,0
547.54,547.54,UAV-5,STANDBY,RETURNING,RTH,1434.5,2042.5,731.3,69.8,15.80,38.30,1,1.000,1,1.000,1,,0
548.56,548.56,UAV-1,RELAY,KILLED,LANDED,2169.8,1894.8,688.3,0.3,0.00,86.44,0,1.000,1,0.000,1,,0
548.56,548.56,UAV-2,STANDBY,READY,READY,168.4,2256.3,629.0,0.3,0.00,100.00,1,1.000,1,0.000,1,,0
548.56,548.56,UAV-3,STANDBY,RETURNING,RTH,454.7,2240.9,744.8,110.9,12.53,35.75,1,1.000,1,1.000,1,,0
548.56,548.56,UAV-4,STANDBY,READY,READY,184.4,2256.3,628.5,0.3,0.00,100.00,1,1.000,1,0.000,1,,0
548.56,548.56,UAV-5,STANDBY,RETURNING,RTH,1424.9,2055.5,731.6,70.5,15.84,38.17,1,1.000,1,1.000,1,,0
549.58,549.58,UAV-1,RELAY,KILLED,LANDED,2169.8,1894.8,688.3,0.3,0.00,86.44,0,1.000,1,0.000,1,,0
549.58,549.58,UAV-2,STANDBY,READY,READY,168.4,2256.3,629.0,0.3,0.00,100.00,1,1.000,1,0.000,1,,0
549.58,549.58,UAV-3,STANDBY,RETURNING,RTH,441.9,2241.7,744.7,110.4,12.26,35.63,1,1.000,1,1.000,1,,0
549.58,549.58,UAV-4,STANDBY,READY,READY,184.4,2256.3,628.5,0.3,0.00,100.00,1,1.000,1,0.000,1,,0
549.58,549.58,UAV-5,STANDBY,RETURNING,RTH,1414.9,2068.2,732.4,71.5,15.89,38.04,1,1.000,1,1.000,1,,0
550.60,550.60,UAV-1,RELAY,KILLED,LANDED,2169.8,1894.8,688.3,0.3,0.00,86.44,0,1.000,1,0.000,1,,0
550.60,550.60,UAV-2,STANDBY,READY,READY,168.4,2256.3,629.0,0.3,0.00,100.00,1,1.000,1,0.000,1,,0
550.60,550.60,UAV-3,STANDBY,RETURNING,RTH,429.6,2243.1,744.1,109.3,12.22,35.50,1,1.000,1,1.000,1,,0
550.60,550.60,UAV-4,STANDBY,READY,READY,184.4,2256.3,628.5,0.3,0.00,100.00,1,1.000,1,0.000,1,,0
550.60,550.60,UAV-5,STANDBY,RETURNING,RTH,1404.4,2080.5,733.8,72.8,15.94,37.91,1,1.000,1,1.000,1,,0
551.62,551.62,UAV-1,RELAY,KILLED,LANDED,2169.8,1894.8,688.3,0.3,0.00,86.44,0,1.000,1,0.000,1,,0
551.62,551.62,UAV-2,STANDBY,READY,READY,168.4,2256.3,629.0,0.3,0.00,100.00,1,1.000,1,0.000,1,,0
551.62,551.62,UAV-3,STANDBY,RETURNING,RTH,417.2,2244.9,743.4,108.6,12.36,35.38,1,1.000,1,1.000,1,,0
551.62,551.62,UAV-4,STANDBY,READY,READY,184.4,2256.3,628.5,0.3,0.00,100.00,1,1.000,1,0.000,1,,0
551.62,551.62,UAV-5,STANDBY,RETURNING,RTH,1393.4,2092.4,735.7,74.3,16.05,37.77,1,1.000,1,1.000,1,,0
552.64,552.64,UAV-1,RELAY,KILLED,LANDED,2169.8,1894.8,688.3,0.3,0.00,86.44,0,1.000,1,0.000,1,,0
552.64,552.64,UAV-2,STANDBY,READY,READY,168.4,2256.3,629.0,0.3,0.00,100.00,1,1.000,1,0.000,1,,0
552.64,552.64,UAV-3,STANDBY,RETURNING,RTH,404.7,2246.6,742.8,108.7,12.46,35.26,1,1.000,1,1.000,1,,0
552.64,552.64,UAV-4,STANDBY,READY,READY,184.4,2256.3,628.5,0.3,0.00,100.00,1,1.000,1,0.000,1,,0
552.64,552.64,UAV-5,STANDBY,RETURNING,RTH,1381.8,2103.7,738.3,76.6,16.18,37.64,1,1.000,1,1.000,1,,0
553.66,553.66,UAV-1,RELAY,KILLED,LANDED,2169.8,1894.8,688.3,0.3,0.00,86.44,0,1.000,1,0.000,1,,0
553.66,553.66,UAV-2,STANDBY,READY,READY,168.4,2256.3,629.0,0.3,0.00,100.00,1,1.000,1,0.000,1,,0
553.66,553.66,UAV-3,STANDBY,RETURNING,RTH,392.1,2248.3,742.3,109.1,12.49,35.14,1,1.000,1,1.000,1,,0
553.66,553.66,UAV-4,STANDBY,READY,READY,184.4,2256.3,628.5,0.3,0.00,100.00,1,1.000,1,0.000,1,,0
553.66,553.66,UAV-5,STANDBY,RETURNING,RTH,1369.6,2114.5,741.5,80.1,16.30,37.51,1,1.000,1,1.000,1,,0
554.68,554.68,UAV-1,RELAY,KILLED,LANDED,2169.8,1894.8,688.3,0.3,0.00,86.44,0,1.000,1,0.000,1,,0
554.68,554.68,UAV-2,STANDBY,READY,READY,168.4,2256.3,629.0,0.3,0.00,100.00,1,1.000,1,0.000,1,,0
554.68,554.68,UAV-3,STANDBY,RETURNING,RTH,379.4,2249.8,741.7,109.6,12.54,35.02,1,1.000,1,1.000,1,,0
554.68,554.68,UAV-4,STANDBY,READY,READY,184.4,2256.3,628.5,0.3,0.00,100.00,1,1.000,1,0.000,1,,0
554.68,554.68,UAV-5,STANDBY,RETURNING,RTH,1356.8,2124.5,745.5,84.3,16.46,37.38,1,1.000,1,1.000,1,,0
555.70,555.70,UAV-1,RELAY,KILLED,LANDED,2169.8,1894.8,688.3,0.3,0.00,86.44,0,1.000,1,0.000,1,,0
555.70,555.70,UAV-2,STANDBY,READY,READY,168.4,2256.3,629.0,0.3,0.00,100.00,1,1.000,1,0.000,1,,0
555.70,555.70,UAV-3,STANDBY,RETURNING,RTH,366.7,2251.3,741.2,110.0,12.55,34.89,1,1.000,1,1.000,1,,0
555.70,555.70,UAV-4,STANDBY,READY,READY,184.4,2256.3,628.5,0.3,0.00,100.00,1,1.000,1,0.000,1,,0
555.70,555.70,UAV-5,STANDBY,RETURNING,RTH,1343.4,2133.6,750.2,89.0,16.69,37.25,1,1.000,1,1.000,1,,0
556.72,556.72,UAV-1,RELAY,KILLED,LANDED,2169.8,1894.8,688.3,0.3,0.00,86.44,0,1.000,1,0.000,1,,0
556.72,556.72,UAV-2,STANDBY,READY,READY,168.4,2256.3,629.0,0.3,0.00,100.00,1,1.000,1,0.000,1,,0
556.72,556.72,UAV-3,STANDBY,RETURNING,RTH,354.0,2252.7,740.8,110.3,12.56,34.77,1,1.000,1,1.000,1,,0
556.72,556.72,UAV-4,STANDBY,READY,READY,184.4,2256.3,628.5,0.3,0.00,100.00,1,1.000,1,0.000,1,,0
556.72,556.72,UAV-5,STANDBY,RETURNING,RTH,1329.7,2141.5,755.2,93.7,15.92,37.12,1,1.000,1,1.000,1,,0
557.74,557.74,UAV-1,RELAY,KILLED,LANDED,2169.8,1894.8,688.3,0.3,0.00,86.44,0,1.000,1,0.000,1,,0
557.74,557.74,UAV-2,STANDBY,READY,READY,168.4,2256.3,629.0,0.3,0.00,100.00,1,1.000,1,0.000,1,,0
557.74,557.74,UAV-3,STANDBY,RETURNING,RTH,341.2,2254.0,740.3,110.8,12.61,34.65,1,1.000,1,1.000,1,,0
557.74,557.74,UAV-4,STANDBY,READY,READY,184.4,2256.3,628.5,0.3,0.00,100.00,1,1.000,1,0.000,1,,0
557.74,557.74,UAV-5,STANDBY,RETURNING,RTH,1316.3,2148.1,759.2,96.9,12.97,36.99,1,1.000,1,1.000,1,,0
558.76,558.76,UAV-1,RELAY,KILLED,LANDED,2169.8,1894.8,688.3,0.3,0.00,86.44,0,1.000,1,0.000,1,,0
558.76,558.76,UAV-2,STANDBY,READY,READY,168.4,2256.3,629.0,0.3,0.00,100.00,1,1.000,1,0.000,1,,0
558.76,558.76,UAV-3,STANDBY,RETURNING,RTH,328.4,2255.3,740.0,111.5,12.60,34.53,1,1.000,1,1.000,1,,0
558.76,558.76,UAV-4,STANDBY,READY,READY,184.4,2256.3,628.5,0.3,0.00,100.00,1,1.000,1,0.000,1,,0
558.76,558.76,UAV-5,STANDBY,RETURNING,RTH,1306.7,2154.0,757.1,94.1,11.15,36.86,1,1.000,1,1.000,1,,0
559.78,559.78,UAV-1,RELAY,KILLED,LANDED,2169.8,1894.8,688.3,0.3,0.00,86.44,0,1.000,1,0.000,1,,0
559.78,559.78,UAV-2,STANDBY,READY,READY,168.4,2256.3,629.0,0.3,0.00,100.00,1,1.000,1,0.000,1,,0
559.78,559.78,UAV-3,STANDBY,RETURNING,RTH,315.7,2256.4,739.6,112.3,12.58,34.41,1,1.000,1,1.000,1,,0
559.78,559.78,UAV-4,STANDBY,READY,READY,184.4,2256.3,628.5,0.3,0.00,100.00,1,1.000,1,0.000,1,,0
559.78,559.78,UAV-5,STANDBY,RETURNING,RTH,1298.4,2161.4,752.5,88.8,12.42,36.72,1,1.000,1,1.000,1,,0
560.80,560.80,UAV-1,RELAY,KILLED,LANDED,2169.8,1894.8,688.3,0.3,0.00,86.44,0,1.000,1,0.000,1,,0
560.80,560.80,UAV-2,STANDBY,READY,READY,168.4,2256.3,629.0,0.3,0.00,100.00,1,1.000,1,0.000,1,,0
560.80,560.80,UAV-3,STANDBY,RETURNING,RTH,302.9,2257.5,739.3,112.8,12.54,34.28,1,1.000,1,1.000,1,,0
560.80,560.80,UAV-4,STANDBY,READY,READY,184.4,2256.3,628.5,0.3,0.00,100.00,1,1.000,1,0.000,1,,0
560.80,560.80,UAV-5,STANDBY,RETURNING,RTH,1289.7,2170.2,748.2,84.0,13.16,36.60,1,1.000,1,1.000,1,,0
561.82,561.82,UAV-1,RELAY,KILLED,LANDED,2169.8,1894.8,688.3,0.3,0.00,86.44,0,1.000,1,0.000,1,,0
561.82,561.82,UAV-2,STANDBY,READY,READY,168.4,2256.3,629.0,0.3,0.00,100.00,1,1.000,1,0.000,1,,0
561.82,561.82,UAV-3,STANDBY,RETURNING,RTH,290.2,2258.4,739.0,112.8,12.52,34.16,1,1.000,1,1.000,1,,0
561.82,561.82,UAV-4,STANDBY,READY,READY,184.4,2256.3,628.5,0.3,0.00,100.00,1,1.000,1,0.000,1,,0
561.82,561.82,UAV-5,STANDBY,RETURNING,RTH,1280.3,2179.2,744.3,80.0,13.42,36.47,1,1.000,1,1.000,1,,0
562.84,562.84,UAV-1,RELAY,KILLED,LANDED,2169.8,1894.8,688.3,0.3,0.00,86.44,0,1.000,1,0.000,1,,0
562.84,562.84,UAV-2,STANDBY,READY,READY,168.4,2256.3,629.0,0.3,0.00,100.00,1,1.000,1,0.000,1,,0
562.84,562.84,UAV-3,STANDBY,RETURNING,RTH,277.4,2259.3,738.8,112.5,12.54,34.04,1,1.000,1,1.000,1,,0
562.84,562.84,UAV-4,STANDBY,READY,READY,184.4,2256.3,628.5,0.3,0.00,100.00,1,1.000,1,0.000,1,,0
562.84,562.84,UAV-5,STANDBY,RETURNING,RTH,1270.3,2188.0,740.9,76.8,13.55,36.35,1,1.000,1,1.000,1,,0
563.86,563.86,UAV-1,RELAY,KILLED,LANDED,2169.8,1894.8,688.3,0.3,0.00,86.44,0,1.000,1,0.000,1,,0
563.86,563.86,UAV-2,STANDBY,READY,READY,168.4,2256.3,629.0,0.3,0.00,100.00,1,1.000,1,0.000,1,,0
563.86,563.86,UAV-3,STANDBY,RETURNING,RTH,264.6,2260.0,738.6,112.1,12.53,33.92,1,1.000,1,1.000,1,,0
563.86,563.86,UAV-4,STANDBY,READY,READY,184.4,2256.3,628.5,0.3,0.00,100.00,1,1.000,1,0.000,1,,0
563.86,563.86,UAV-5,STANDBY,RETURNING,RTH,1259.7,2196.4,738.1,74.2,13.62,36.23,1,1.000,1,1.000,1,,0
564.88,564.88,UAV-1,RELAY,KILLED,LANDED,2169.8,1894.8,688.3,0.3,0.00,86.44,0,1.000,1,0.000,1,,0
564.88,564.88,UAV-2,STANDBY,READY,READY,168.4,2256.3,629.0,0.3,0.00,100.00,1,1.000,1,0.000,1,,0
564.88,564.88,UAV-3,STANDBY,RETURNING,RTH,251.9,2260.7,738.4,111.8,12.52,33.79,1,1.000,1,1.000,1,,0
564.88,564.88,UAV-4,STANDBY,READY,READY,184.4,2256.3,628.5,0.3,0.00,100.00,1,1.000,1,0.000,1,,0
564.88,564.88,UAV-5,STANDBY,RETURNING,RTH,1248.6,2204.5,735.8,72.4,13.69,36.10,1,1.000,1,1.000,1,,0
565.90,565.90,UAV-1,RELAY,KILLED,LANDED,2169.8,1894.8,688.3,0.3,0.00,86.44,0,1.000,1,0.000,1,,0
565.90,565.90,UAV-2,STANDBY,READY,READY,168.4,2256.3,629.0,0.3,0.00,100.00,1,1.000,1,0.000,1,,0
565.90,565.90,UAV-3,STANDBY,RETURNING,RTH,239.1,2261.3,738.3,111.5,12.49,33.67,1,1.000,1,1.000,1,,0
565.90,565.90,UAV-4,STANDBY,READY,READY,184.4,2256.3,628.5,0.3,0.00,100.00,1,1.000,1,0.000,1,,0
565.90,565.90,UAV-5,STANDBY,RETURNING,RTH,1237.0,2212.2,734.0,71.1,13.75,35.98,1,1.000,1,1.000,1,,0
566.92,566.92,UAV-1,RELAY,KILLED,LANDED,2169.8,1894.8,688.3,0.3,0.00,86.44,0,1.000,1,0.000,1,,0
566.92,566.92,UAV-2,STANDBY,READY,READY,168.4,2256.3,629.0,0.3,0.00,100.00,1,1.000,1,0.000,1,,0
566.92,566.92,UAV-3,STANDBY,RETURNING,RTH,226.4,2261.7,738.2,110.9,12.48,33.55,1,1.000,1,1.000,1,,0
566.92,566.92,UAV-4,STANDBY,READY,READY,184.4,2256.3,628.5,0.3,0.00,100.00,1,1.000,1,0.000,1,,0
566.92,566.92,UAV-5,STANDBY,RETURNING,RTH,1225.1,2219.5,732.8,70.7,13.81,35.85,1,1.000,1,1.000,1,,0
567.94,567.94,UAV-1,RELAY,KILLED,LANDED,2169.8,1894.8,688.3,0.3,0.00,86.44,0,1.000,1,0.000,1,,0
567.94,567.94,UAV-2,STANDBY,READY,READY,168.4,2256.3,629.0,0.3,0.00,100.00,1,1.000,1,0.000,1,,0
567.94,567.94,UAV-3,STANDBY,RETURNING,RTH,215.3,2261.8,736.1,108.5,9.97,33.43,1,1.000,1,1.000,1,,0
567.94,567.94,UAV-4,STANDBY,READY,READY,184.4,2256.3,628.5,0.3,0.00,100.00,1,1.000,1,0.000,1,,0
567.94,567.94,UAV-5,STANDBY,RETURNING,RTH,1212.8,2226.4,732.1,71.2,13.92,35.73,1,1.000,1,1.000,1,,0
568.96,568.96,UAV-1,RELAY,KILLED,LANDED,2169.8,1894.8,688.3,0.3,0.00,86.44,0,1.000,1,0.000,1,,0
568.96,568.96,UAV-2,STANDBY,READY,READY,168.4,2256.3,629.0,0.3,0.00,100.00,1,1.000,1,0.000,1,,0
568.96,568.96,UAV-3,STANDBY,RETURNING,RTH,208.1,2261.0,728.3,100.5,11.55,33.30,1,1.000,1,1.000,1,,0
568.96,568.96,UAV-4,STANDBY,READY,READY,184.4,2256.3,628.5,0.3,0.00,100.00,1,1.000,1,0.000,1,,0
568.96,568.96,UAV-5,STANDBY,RETURNING,RTH,1200.1,2232.8,732.0,72.3,14.04,35.60,1,1.000,1,1.000,1,,0
569.98,569.98,UAV-1,RELAY,KILLED,LANDED,2169.8,1894.8,688.3,0.3,0.00,86.44,0,1.000,1,0.000,1,,0
569.98,569.98,UAV-2,STANDBY,READY,READY,168.4,2256.3,629.0,0.3,0.00,100.00,1,1.000,1,0.000,1,,0
569.98,569.98,UAV-3,STANDBY,RETURNING,RTH,203.5,2259.8,716.2,88.3,13.98,33.17,1,1.000,1,1.000,1,,0
569.98,569.98,UAV-4,STANDBY,READY,READY,184.4,2256.3,628.5,0.3,0.00,100.00,1,1.000,1,0.000,1,,0
569.98,569.98,UAV-5,STANDBY,RETURNING,RTH,1187.0,2238.9,732.6,74.1,14.17,35.48,1,1.000,1,1.000,1,,0
571.00,571.00,UAV-1,RELAY,KILLED,LANDED,2169.8,1894.8,688.3,0.3,0.00,86.44,0,1.000,1,0.000,1,,0
571.00,571.00,UAV-2,STANDBY,READY,READY,168.4,2256.3,629.0,0.3,0.00,100.00,1,1.000,1,0.000,1,,0
571.00,571.00,UAV-3,STANDBY,RETURNING,RTH,200.1,2257.6,702.6,74.7,13.00,33.03,1,1.000,1,1.000,1,,0
571.00,571.00,UAV-4,STANDBY,READY,READY,184.4,2256.3,628.5,0.3,0.00,100.00,1,1.000,1,0.000,1,,0
571.00,571.00,UAV-5,STANDBY,RETURNING,RTH,1173.6,2244.4,733.8,76.7,14.31,35.35,1,1.000,1,1.000,1,,0
572.02,572.02,UAV-1,RELAY,KILLED,LANDED,2169.8,1894.8,688.3,0.3,0.00,86.44,0,1.000,1,0.000,1,,0
572.02,572.02,UAV-2,STANDBY,READY,READY,168.4,2256.3,629.0,0.3,0.00,100.00,1,1.000,1,0.000,1,,0
572.02,572.02,UAV-3,STANDBY,RETURNING,RTH,196.3,2253.5,690.3,62.4,14.24,32.90,1,1.000,1,1.000,1,,0
572.02,572.02,UAV-4,STANDBY,READY,READY,184.4,2256.3,628.5,0.3,0.00,100.00,1,1.000,1,0.000,1,,0
572.02,572.02,UAV-5,STANDBY,RETURNING,RTH,1160.0,2249.5,735.6,79.8,14.53,35.23,1,1.000,1,1.000,1,,0
573.04,573.04,UAV-1,RELAY,KILLED,LANDED,2169.8,1894.8,688.3,0.3,0.00,86.44,0,1.000,1,0.000,1,,0
573.04,573.04,UAV-2,STANDBY,READY,READY,168.4,2256.3,629.0,0.3,0.00,100.00,1,1.000,1,0.000,1,,0
573.04,573.04,UAV-3,STANDBY,RETURNING,LANDING,193.0,2248.8,677.6,49.6,12.10,32.76,1,1.000,1,1.000,1,,0
573.04,573.04,UAV-4,STANDBY,READY,READY,184.4,2256.3,628.5,0.3,0.00,100.00,1,1.000,1,0.000,1,,0
573.04,573.04,UAV-5,STANDBY,RETURNING,RTH,1145.9,2254.1,738.2,82.9,14.84,35.10,1,1.000,1,1.000,1,,0
574.06,574.06,UAV-1,RELAY,KILLED,LANDED,2169.8,1894.8,688.3,0.3,0.00,86.44,0,1.000,1,0.000,1,,0
574.06,574.06,UAV-2,STANDBY,READY,READY,168.4,2256.3,629.0,0.3,0.00,100.00,1,1.000,1,0.000,1,,0
574.06,574.06,UAV-3,STANDBY,RETURNING,LANDING,185.8,2239.1,674.0,45.7,11.61,32.62,1,1.000,1,1.000,1,,0
574.06,574.06,UAV-4,STANDBY,READY,READY,184.4,2256.3,628.5,0.3,0.00,100.00,1,1.000,1,0.000,1,,0
574.06,574.06,UAV-5,STANDBY,RETURNING,RTH,1131.6,2258.1,741.6,86.1,15.17,34.97,1,1.000,1,1.000,1,,0
575.08,575.08,UAV-1,RELAY,KILLED,LANDED,2169.8,1894.8,688.3,0.3,0.00,86.44,0,1.000,1,0.000,1,,0
575.08,575.08,UAV-2,STANDBY,READY,READY,168.4,2256.3,629.0,0.3,0.00,100.00,1,1.000,1,0.000,1,,0
575.08,575.08,UAV-3,STANDBY,RETURNING,LANDING,182.0,2232.2,669.2,40.8,7.00,32.49,1,1.000,1,1.000,1,,0
575.08,575.08,UAV-4,STANDBY,READY,READY,184.4,2256.3,628.5,0.3,0.00,100.00,1,1.000,1,0.000,1,,0
575.08,575.08,UAV-5,STANDBY,RETURNING,RTH,1117.0,2261.5,745.5,89.9,14.88,34.84,1,1.000,1,1.000,1,,0
576.10,576.10,UAV-1,RELAY,KILLED,LANDED,2169.8,1894.8,688.3,0.3,0.00,86.44,0,1.000,1,0.000,1,,0
576.10,576.10,UAV-2,STANDBY,READY,READY,168.4,2256.3,629.0,0.3,0.00,100.00,1,1.000,1,0.000,1,,0
576.10,576.10,UAV-3,STANDBY,RETURNING,LANDING,183.3,2230.8,663.5,35.1,6.38,32.36,1,1.000,1,1.000,1,,0
576.10,576.10,UAV-4,STANDBY,READY,READY,184.4,2256.3,628.5,0.3,0.00,100.00,1,1.000,1,0.000,1,,0
576.10,576.10,UAV-5,STANDBY,RETURNING,RTH,1102.9,2264.2,749.2,93.9,14.29,34.71,1,1.000,1,1.000,1,,0
577.12,577.12,UAV-1,RELAY,KILLED,LANDED,2169.8,1894.8,688.3,0.3,0.00,86.44,0,1.000,1,0.000,1,,0
577.12,577.12,UAV-2,STANDBY,READY,READY,168.4,2256.3,629.0,0.3,0.00,100.00,1,1.000,1,0.000,1,,0
577.12,577.12,UAV-3,STANDBY,RETURNING,LANDING,184.5,2234.9,657.7,29.4,7.02,32.25,1,1.000,1,1.000,1,,0
577.12,577.12,UAV-4,STANDBY,READY,READY,184.4,2256.3,628.5,0.3,0.00,100.00,1,1.000,1,0.000,1,,0
577.12,577.12,UAV-5,STANDBY,RETURNING,RTH,1091.3,2266.0,749.1,94.8,9.91,34.58,1,1.000,1,1.000,1,,0
578.14,578.14,UAV-1,RELAY,KILLED,LANDED,2169.8,1894.8,688.3,0.3,0.00,86.44,0,1.000,1,0.000,1,,0
578.14,578.14,UAV-2,STANDBY,READY,READY,168.4,2256.3,629.0,0.3,0.00,100.00,1,1.000,1,0.000,1,,0
578.14,578.14,UAV-3,STANDBY,RETURNING,LANDING,184.1,2236.4,652.0,23.6,5.65,32.15,1,1.000,1,1.000,1,,0
578.14,578.14,UAV-4,STANDBY,READY,READY,184.4,2256.3,628.5,0.3,0.00,100.00,1,1.000,1,0.000,1,,0
578.14,578.14,UAV-5,STANDBY,RETURNING,RTH,1082.3,2265.5,745.0,91.3,10.08,34.45,1,1.000,1,1.000,1,,0
579.16,579.16,UAV-1,RELAY,KILLED,LANDED,2169.8,1894.8,688.3,0.3,0.00,86.44,0,1.000,1,0.000,1,,0
579.16,579.16,UAV-2,STANDBY,READY,READY,168.4,2256.3,629.0,0.3,0.00,100.00,1,1.000,1,0.000,1,,0
579.16,579.16,UAV-3,STANDBY,RETURNING,LANDING,184.2,2236.1,646.3,17.9,5.57,32.06,1,1.000,1,1.000,1,,0
579.16,579.16,UAV-4,STANDBY,READY,READY,184.4,2256.3,628.5,0.3,0.00,100.00,1,1.000,1,0.000,1,,0
579.16,579.16,UAV-5,STANDBY,RETURNING,RTH,1072.6,2263.2,740.9,87.7,10.99,34.33,1,1.000,1,1.000,1,,0
580.18,580.18,UAV-1,RELAY,KILLED,LANDED,2169.8,1894.8,688.3,0.3,0.00,86.44,0,1.000,1,0.000,1,,0
580.18,580.18,UAV-2,STANDBY,READY,READY,168.4,2256.3,629.0,0.3,0.00,100.00,1,1.000,1,0.000,1,,0
580.18,580.18,UAV-3,STANDBY,RETURNING,LANDING,184.2,2236.2,640.6,12.3,5.55,31.96,1,1.000,1,1.000,1,,0
580.18,580.18,UAV-4,STANDBY,READY,READY,184.4,2256.3,628.5,0.3,0.00,100.00,1,1.000,1,0.000,1,,0
580.18,580.18,UAV-5,STANDBY,RETURNING,RTH,1061.9,2260.4,737.4,84.5,11.58,34.21,1,1.000,1,1.000,1,,0
581.20,581.20,UAV-1,RELAY,KILLED,LANDED,2169.8,1894.8,688.3,0.3,0.00,86.44,0,1.000,1,0.000,1,,0
581.20,581.20,UAV-2,STANDBY,READY,READY,168.4,2256.3,629.0,0.3,0.00,100.00,1,1.000,1,0.000,1,,0
581.20,581.20,UAV-3,STANDBY,RETURNING,LANDING,184.3,2236.2,634.9,6.6,5.54,31.87,1,1.000,1,1.000,1,,0
581.20,581.20,UAV-4,STANDBY,READY,READY,184.4,2256.3,628.5,0.3,0.00,100.00,1,1.000,1,0.000,1,,0
581.20,581.20,UAV-5,STANDBY,RETURNING,RTH,1050.6,2257.7,734.4,81.9,11.94,34.09,1,1.000,1,1.000,1,,0
582.22,582.22,UAV-1,RELAY,KILLED,LANDED,2169.8,1894.8,688.3,0.3,0.00,86.44,0,1.000,1,0.000,1,,0
582.22,582.22,UAV-2,STANDBY,READY,READY,168.4,2256.3,629.0,0.3,0.00,100.00,1,1.000,1,0.000,1,,0
582.22,582.22,UAV-3,STANDBY,CHARGING,CHARGING,184.4,2236.3,628.6,0.3,0.00,32.72,1,1.000,1,0.000,1,,0
582.22,582.22,UAV-4,STANDBY,READY,READY,184.4,2256.3,628.5,0.3,0.00,100.00,1,1.000,1,0.000,1,,0
582.22,582.22,UAV-5,STANDBY,RETURNING,RTH,1038.8,2255.1,731.9,80.0,12.19,33.97,1,1.000,1,1.000,1,,0
583.24,583.24,UAV-1,RELAY,KILLED,LANDED,2169.8,1894.8,688.3,0.3,0.00,86.44,0,1.000,1,0.000,1,,0
583.24,583.24,UAV-2,STANDBY,READY,READY,168.4,2256.3,629.0,0.3,0.00,100.00,1,1.000,1,0.000,1,,0
583.24,583.24,UAV-3,STANDBY,CHARGING,CHARGING,184.4,2236.3,628.6,0.3,0.00,33.85,1,1.000,1,0.000,1,,0
583.24,583.24,UAV-4,STANDBY,READY,READY,184.4,2256.3,628.5,0.3,0.00,100.00,1,1.000,1,0.000,1,,0
583.24,583.24,UAV-5,STANDBY,RETURNING,RTH,1026.7,2252.6,730.0,78.8,12.38,33.84,1,1.000,1,1.000,1,,0
584.26,584.26,UAV-1,RELAY,KILLED,LANDED,2169.8,1894.8,688.3,0.3,0.00,86.44,0,1.000,1,0.000,1,,0
584.26,584.26,UAV-2,STANDBY,READY,READY,168.4,2256.3,629.0,0.3,0.00,100.00,1,1.000,1,0.000,1,,0
584.26,584.26,UAV-3,STANDBY,CHARGING,CHARGING,184.4,2236.3,628.6,0.3,0.00,34.98,1,1.000,1,0.000,1,,0
584.26,584.26,UAV-4,STANDBY,READY,READY,184.4,2256.3,628.5,0.3,0.00,100.00,1,1.000,1,0.000,1,,0
584.26,584.26,UAV-5,STANDBY,RETURNING,RTH,1014.3,2250.3,728.5,78.0,12.54,33.72,1,1.000,1,1.000,1,,0
585.28,585.28,UAV-1,RELAY,KILLED,LANDED,2169.8,1894.8,688.3,0.3,0.00,86.44,0,1.000,1,0.000,1,,0
585.28,585.28,UAV-2,STANDBY,READY,READY,168.4,2256.3,629.0,0.3,0.00,100.00,1,1.000,1,0.000,1,,0
585.28,585.28,UAV-3,STANDBY,CHARGING,CHARGING,184.4,2236.3,628.6,0.3,0.00,36.12,1,1.000,1,0.000,1,,0
585.28,585.28,UAV-4,STANDBY,READY,READY,184.4,2256.3,628.5,0.3,0.00,100.00,1,1.000,1,0.000,1,,0
585.28,585.28,UAV-5,STANDBY,RETURNING,RTH,1001.6,2248.1,727.7,77.6,12.75,33.60,1,1.000,1,1.000,1,,0
586.30,586.30,UAV-1,RELAY,KILLED,LANDED,2169.8,1894.8,688.3,0.3,0.00,86.44,0,1.000,1,0.000,1,,0
586.30,586.30,UAV-2,STANDBY,READY,READY,168.4,2256.3,629.0,0.3,0.00,100.00,1,1.000,1,0.000,1,,0
586.30,586.30,UAV-3,STANDBY,CHARGING,CHARGING,184.4,2236.3,628.6,0.3,0.00,37.25,1,1.000,1,0.000,1,,0
586.30,586.30,UAV-4,STANDBY,READY,READY,184.4,2256.3,628.5,0.3,0.00,100.00,1,1.000,1,0.000,1,,0
586.30,586.30,UAV-5,STANDBY,RETURNING,RTH,988.7,2246.1,727.4,77.2,12.96,33.47,1,1.000,1,1.000,1,,0
587.32,587.32,UAV-1,RELAY,KILLED,LANDED,2169.8,1894.8,688.3,0.3,0.00,86.44,0,1.000,1,0.000,1,,0
587.32,587.32,UAV-2,STANDBY,READY,READY,168.4,2256.3,629.0,0.3,0.00,100.00,1,1.000,1,0.000,1,,0
587.32,587.32,UAV-3,STANDBY,CHARGING,CHARGING,184.4,2236.3,628.6,0.3,0.00,38.38,1,1.000,1,0.000,1,,0
587.32,587.32,UAV-4,STANDBY,READY,READY,184.4,2256.3,628.5,0.3,0.00,100.00,1,1.000,1,0.000,1,,0
587.32,587.32,UAV-5,STANDBY,RETURNING,RTH,975.5,2244.2,727.6,77.1,13.18,33.35,1,1.000,1,1.000,1,,0
588.34,588.34,UAV-1,RELAY,KILLED,LANDED,2169.8,1894.8,688.3,0.3,0.00,86.44,0,1.000,1,0.000,1,,0
588.34,588.34,UAV-2,STANDBY,READY,READY,168.4,2256.3,629.0,0.3,0.00,100.00,1,1.000,1,0.000,1,,0
588.34,588.34,UAV-3,STANDBY,CHARGING,CHARGING,184.4,2236.3,628.6,0.3,0.00,39.52,1,1.000,1,0.000,1,,0
588.34,588.34,UAV-4,STANDBY,READY,READY,184.4,2256.3,628.5,0.3,0.00,100.00,1,1.000,1,0.000,1,,0
588.34,588.34,UAV-5,STANDBY,RETURNING,RTH,962.1,2242.4,728.5,78.0,13.41,33.22,1,1.000,1,1.000,1,,0
589.36,589.36,UAV-1,RELAY,KILLED,LANDED,2169.8,1894.8,688.3,0.3,0.00,86.44,0,1.000,1,0.000,1,,0
589.36,589.36,UAV-2,STANDBY,READY,READY,168.4,2256.3,629.0,0.3,0.00,100.00,1,1.000,1,0.000,1,,0
589.36,589.36,UAV-3,STANDBY,CHARGING,CHARGING,184.4,2236.3,628.6,0.3,0.00,40.65,1,1.000,1,0.000,1,,0
589.36,589.36,UAV-4,STANDBY,READY,READY,184.4,2256.3,628.5,0.3,0.00,100.00,1,1.000,1,0.000,1,,0
589.36,589.36,UAV-5,STANDBY,RETURNING,RTH,948.4,2240.8,730.0,79.8,13.74,33.10,1,1.000,1,1.000,1,,0
590.38,590.38,UAV-1,RELAY,KILLED,LANDED,2169.8,1894.8,688.3,0.3,0.00,86.44,0,1.000,1,0.000,1,,0
590.38,590.38,UAV-2,STANDBY,READY,READY,168.4,2256.3,629.0,0.3,0.00,100.00,1,1.000,1,0.000,1,,0
590.38,590.38,UAV-3,STANDBY,CHARGING,CHARGING,184.4,2236.3,628.6,0.3,0.00,41.78,1,1.000,1,0.000,1,,0
590.38,590.38,UAV-4,STANDBY,READY,READY,184.4,2256.3,628.5,0.3,0.00,100.00,1,1.000,1,0.000,1,,0
590.38,590.38,UAV-5,STANDBY,RETURNING,RTH,934.4,2239.4,732.1,82.6,14.11,32.97,1,1.000,1,1.000,1,,0
591.40,591.40,UAV-1,RELAY,KILLED,LANDED,2169.8,1894.8,688.3,0.3,0.00,86.44,0,1.000,1,0.000,1,,0
591.40,591.40,UAV-2,STANDBY,READY,READY,168.4,2256.3,629.0,0.3,0.00,100.00,1,1.000,1,0.000,1,,0
591.40,591.40,UAV-3,STANDBY,CHARGING,CHARGING,184.4,2236.3,628.6,0.3,0.00,42.92,1,1.000,1,0.000,1,,0
591.40,591.40,UAV-4,STANDBY,READY,READY,184.4,2256.3,628.5,0.3,0.00,100.00,1,1.000,1,0.000,1,,0
591.40,591.40,UAV-5,STANDBY,RETURNING,RTH,920.1,2238.1,734.9,86.0,14.52,32.84,1,1.000,1,1.000,1,,0
592.42,592.42,UAV-1,RELAY,KILLED,LANDED,2169.8,1894.8,688.3,0.3,0.00,86.44,0,1.000,1,0.000,1,,0
592.42,592.42,UAV-2,STANDBY,READY,READY,168.4,2256.3,629.0,0.3,0.00,100.00,1,1.000,1,0.000,1,,0
592.42,592.42,UAV-3,STANDBY,CHARGING,CHARGING,184.4,2236.3,628.6,0.3,0.00,44.05,1,1.000,1,0.000,1,,0
592.42,592.42,UAV-4,STANDBY,READY,READY,184.4,2256.3,628.5,0.3,0.00,100.00,1,1.000,1,0.000,1,,0
592.42,592.42,UAV-5,STANDBY,RETURNING,RTH,905.6,2237.1,738.6,89.7,14.86,32.71,1,1.000,1,1.000,1,,0
593.44,593.44,UAV-1,RELAY,KILLED,LANDED,2169.8,1894.8,688.3,0.3,0.00,86.44,0,1.000,1,0.000,1,,0
593.44,593.44,UAV-2,STANDBY,READY,READY,168.4,2256.3,629.0,0.3,0.00,100.00,1,1.000,1,0.000,1,,0
593.44,593.44,UAV-3,STANDBY,CHARGING,CHARGING,184.4,2236.3,628.6,0.3,0.00,45.18,1,1.000,1,0.000,1,,0
593.44,593.44,UAV-4,STANDBY,READY,READY,184.4,2256.3,628.5,0.3,0.00,100.00,1,1.000,1,0.000,1,,0
593.44,593.44,UAV-5,STANDBY,RETURNING,RTH,891.2,2236.2,742.3,93.5,14.32,32.58,1,1.000,1,1.000,1,,0
594.46,594.46,UAV-1,RELAY,KILLED,LANDED,2169.8,1894.8,688.3,0.3,0.00,86.44,0,1.000,1,0.000,1,,0
594.46,594.46,UAV-2,STANDBY,READY,READY,168.4,2256.3,629.0,0.3,0.00,100.00,1,1.000,1,0.000,1,,0
594.46,594.46,UAV-3,STANDBY,CHARGING,CHARGING,184.4,2236.3,628.6,0.3,0.00,46.32,1,1.000,1,0.000,1,,0
594.46,594.46,UAV-4,STANDBY,READY,READY,184.4,2256.3,628.5,0.3,0.00,100.00,1,1.000,1,0.000,1,,0
594.46,594.46,UAV-5,STANDBY,RETURNING,RTH,877.5,2235.5,745.1,96.3,11.80,32.46,1,1.000,1,1.000,1,,0
595.48,595.48,UAV-1,RELAY,KILLED,LANDED,2169.8,1894.8,688.3,0.3,0.00,86.44,0,1.000,1,0.000,1,,0
595.48,595.48,UAV-2,STANDBY,READY,READY,168.4,2256.3,629.0,0.3,0.00,100.00,1,1.000,1,0.000,1,,0
595.48,595.48,UAV-3,STANDBY,CHARGING,CHARGING,184.4,2236.3,628.6,0.3,0.00,47.45,1,1.000,1,0.000,1,,0
595.48,595.48,UAV-4,STANDBY,READY,READY,184.4,2256.3,628.5,0.3,0.00,100.00,1,1.000,1,0.000,1,,0
595.48,595.48,UAV-5,STANDBY,RETURNING,RTH,867.5,2234.5,742.4,93.7,10.05,32.33,1,1.000,1,1.000,1,,0
596.50,596.50,UAV-1,RELAY,KILLED,LANDED,2169.8,1894.8,688.3,0.3,0.00,86.44,0,1.000,1,0.000,1,,0
596.50,596.50,UAV-2,STANDBY,READY,READY,168.4,2256.3,629.0,0.3,0.00,100.00,1,1.000,1,0.000,1,,0
596.50,596.50,UAV-3,STANDBY,CHARGING,CHARGING,184.4,2236.3,628.6,0.3,0.00,48.58,1,1.000,1,0.000,1,,0
596.50,596.50,UAV-4,STANDBY,READY,READY,184.4,2256.3,628.5,0.3,0.00,100.00,1,1.000,1,0.000,1,,0
596.50,596.50,UAV-5,STANDBY,RETURNING,RTH,858.3,2231.7,737.9,89.5,10.87,32.20,1,1.000,1,1.000,1,,0
597.52,597.52,UAV-1,RELAY,KILLED,LANDED,2169.8,1894.8,688.3,0.3,0.00,86.44,0,1.000,1,0.000,1,,0
597.52,597.52,UAV-2,STANDBY,READY,READY,168.4,2256.3,629.0,0.3,0.00,100.00,1,1.000,1,0.000,1,,0
597.52,597.52,UAV-3,STANDBY,CHARGING,CHARGING,184.4,2236.3,628.6,0.3,0.00,49.72,1,1.000,1,0.000,1,,0
597.52,597.52,UAV-4,STANDBY,READY,READY,184.4,2256.3,628.5,0.3,0.00,100.00,1,1.000,1,0.000,1,,0
597.52,597.52,UAV-5,STANDBY,RETURNING,RTH,848.2,2228.3,733.8,85.7,11.49,32.08,1,1.000,1,1.000,1,,0
598.54,598.54,UAV-1,RELAY,KILLED,LANDED,2169.8,1894.8,688.3,0.3,0.00,86.44,0,1.000,1,0.000,1,,0
598.54,598.54,UAV-2,STANDBY,READY,READY,168.4,2256.3,629.0,0.3,0.00,100.00,1,1.000,1,0.000,1,,0
598.54,598.54,UAV-3,STANDBY,CHARGING,CHARGING,184.4,2236.3,628.6,0.3,0.00,50.85,1,1.000,1,0.000,1,,0
598.54,598.54,UAV-4,STANDBY,READY,READY,184.4,2256.3,628.5,0.3,0.00,100.00,1,1.000,1,0.000,1,,0
598.54,598.54,UAV-5,STANDBY,RETURNING,RTH,837.3,2225.0,730.2,82.3,11.88,31.96,1,1.000,1,1.000,1,,0
599.56,599.56,UAV-1,RELAY,KILLED,LANDED,2169.8,1894.8,688.3,0.3,0.00,86.44,0,1.000,1,0.000,1,,0
599.56,599.56,UAV-2,STANDBY,READY,READY,168.4,2256.3,629.0,0.3,0.00,100.00,1,1.000,1,0.000,1,,0
599.56,599.56,UAV-3,STANDBY,CHARGING,CHARGING,184.4,2236.3,628.6,0.3,0.00,51.98,1,1.000,1,0.000,1,,0
599.56,599.56,UAV-4,STANDBY,READY,READY,184.4,2256.3,628.5,0.3,0.00,100.00,1,1.000,1,0.000,1,,0
599.56,599.56,UAV-5,STANDBY,RETURNING,RTH,825.8,2221.9,727.1,79.5,12.13,31.84,1,1.000,1,1.000,1,,0
600.58,600.58,UAV-1,RELAY,KILLED,LANDED,2169.8,1894.8,688.3,0.3,0.00,86.44,0,1.000,1,0.000,1,,0
600.58,600.58,UAV-2,STANDBY,READY,READY,168.4,2256.3,629.0,0.3,0.00,100.00,1,1.000,1,0.000,1,,0
600.58,600.58,UAV-3,STANDBY,CHARGING,CHARGING,184.4,2236.3,628.6,0.3,0.00,53.12,1,1.000,1,0.000,1,,0
600.58,600.58,UAV-4,STANDBY,READY,READY,184.4,2256.3,628.5,0.3,0.00,100.00,1,1.000,1,0.000,1,,0
600.58,600.58,UAV-5,STANDBY,RETURNING,RTH,813.9,2219.2,724.6,77.3,12.34,31.72,1,1.000,1,1.000,1,,0
601.60,601.60,UAV-1,RELAY,KILLED,LANDED,2169.8,1894.8,688.3,0.3,0.00,86.44,0,1.000,1,0.000,1,,0
601.60,601.60,UAV-2,STANDBY,READY,READY,168.4,2256.3,629.0,0.3,0.00,100.00,1,1.000,1,0.000,1,,0
601.60,601.60,UAV-3,STANDBY,CHARGING,CHARGING,184.4,2236.3,628.6,0.3,0.00,54.25,1,1.000,1,0.000,1,,0
601.60,601.60,UAV-4,STANDBY,READY,READY,184.4,2256.3,628.5,0.3,0.00,100.00,1,1.000,1,0.000,1,,0
601.60,601.60,UAV-5,STANDBY,RETURNING,RTH,801.7,2216.6,722.6,75.8,12.50,31.59,1,1.000,1,1.000,1,,0
602.62,602.62,UAV-1,RELAY,KILLED,LANDED,2169.8,1894.8,688.3,0.3,0.00,86.44,0,1.000,1,0.000,1,,0
602.62,602.62,UAV-2,STANDBY,READY,READY,168.4,2256.3,629.0,0.3,0.00,100.00,1,1.000,1,0.000,1,,0
602.62,602.62,UAV-3,STANDBY,CHARGING,CHARGING,184.4,2236.3,628.6,0.3,0.00,55.38,1,1.000,1,0.000,1,,0
602.62,602.62,UAV-4,STANDBY,READY,READY,184.4,2256.3,628.5,0.3,0.00,100.00,1,1.000,1,0.000,1,,0
602.62,602.62,UAV-5,STANDBY,RETURNING,RTH,789.1,2214.2,721.2,75.3,12.72,31.47,1,1.000,1,1.000,1,,0
603.64,603.64,UAV-1,RELAY,KILLED,LANDED,2169.8,1894.8,688.3,0.3,0.00,86.44,0,1.000,1,0.000,1,,0
603.64,603.64,UAV-2,STANDBY,READY,READY,168.4,2256.3,629.0,0.3,0.00,100.00,1,1.000,1,0.000,1,,0
603.64,603.64,UAV-3,STANDBY,CHARGING,CHARGING,184.4,2236.3,628.6,0.3,0.00,56.52,1,1.000,1,0.000,1,,0
603.64,603.64,UAV-4,STANDBY,READY,READY,184.4,2256.3,628.5,0.3,0.00,100.00,1,1.000,1,0.000,1,,0
603.64,603.64,UAV-5,STANDBY,RETURNING,RTH,776.2,2212.1,720.3,75.6,12.92,31.35,1,1.000,1,1.000,1,,0
604.66,604.66,UAV-1,RELAY,KILLED,LANDED,2169.8,1894.8,688.3,0.3,0.00,86.44,0,1.000,1,0.000,1,,0
604.66,604.66,UAV-2,STANDBY,READY,READY,168.4,2256.3,629.0,0.3,0.00,100.00,1,1.000,1,0.000,1,,0
604.66,604.66,UAV-3,STANDBY,CHARGING,CHARGING,184.4,2236.3,628.6,0.3,0.00,57.65,1,1.000,1,0.000,1,,0
604.66,604.66,UAV-4,STANDBY,READY,READY,184.4,2256.3,628.5,0.3,0.00,100.00,1,1.000,1,0.000,1,,0
604.66,604.66,UAV-5,STANDBY,RETURNING,RTH,763.1,2210.1,720.0,76.5,13.14,31.22,1,1.000,1,1.000,1,,0
605.68,605.68,UAV-1,RELAY,KILLED,LANDED,2169.8,1894.8,688.3,0.3,0.00,86.44,0,1.000,1,0.000,1,,0
605.68,605.68,UAV-2,STANDBY,READY,READY,168.4,2256.3,629.0,0.3,0.00,100.00,1,1.000,1,0.000,1,,0
605.68,605.68,UAV-3,STANDBY,CHARGING,CHARGING,184.4,2236.3,628.6,0.3,0.00,58.78,1,1.000,1,0.000,1,,0
605.68,605.68,UAV-4,STANDBY,READY,READY,184.4,2256.3,628.5,0.3,0.00,100.00,1,1.000,1,0.000,1,,0
605.68,605.68,UAV-5,STANDBY,RETURNING,RTH,749.7,2208.2,720.4,77.5,13.38,31.10,1,1.000,1,1.000,1,,0
606.70,606.70,UAV-1,RELAY,KILLED,LANDED,2169.8,1894.8,688.3,0.3,0.00,86.44,0,1.000,1,0.000,1,,0
606.70,606.70,UAV-2,STANDBY,READY,READY,168.4,2256.3,629.0,0.3,0.00,100.00,1,1.000,1,0.000,1,,0
606.70,606.70,UAV-3,STANDBY,CHARGING,CHARGING,184.4,2236.3,628.6,0.3,0.00,59.92,1,1.000,1,0.000,1,,0
606.70,606.70,UAV-4,STANDBY,READY,READY,184.4,2256.3,628.5,0.3,0.00,100.00,1,1.000,1,0.000,1,,0
606.70,606.70,UAV-5,STANDBY,RETURNING,RTH,736.1,2206.5,721.4,78.7,13.65,30.97,1,1.000,1,1.000,1,,0
607.72,607.72,UAV-1,RELAY,KILLED,LANDED,2169.8,1894.8,688.3,0.3,0.00,86.44,0,1.000,1,0.000,1,,0
607.72,607.72,UAV-2,STANDBY,READY,READY,168.4,2256.3,629.0,0.3,0.00,100.00,1,1.000,1,0.000,1,,0
607.72,607.72,UAV-3,STANDBY,CHARGING,CHARGING,184.4,2236.3,628.6,0.3,0.00,61.05,1,1.000,1,0.000,1,,0
607.72,607.72,UAV-4,STANDBY,READY,READY,184.4,2256.3,628.5,0.3,0.00,100.00,1,1.000,1,0.000,1,,0
607.72,607.72,UAV-5,STANDBY,RETURNING,RTH,722.2,2205.0,723.0,80.6,13.93,30.85,1,1.000,1,1.000,1,,0
608.74,608.74,UAV-1,RELAY,KILLED,LANDED,2169.8,1894.8,688.3,0.3,0.00,86.44,0,1.000,1,0.000,1,,0
608.74,608.74,UAV-2,STANDBY,READY,READY,168.4,2256.3,629.0,0.3,0.00,100.00,1,1.000,1,0.000,1,,0
608.74,608.74,UAV-3,STANDBY,CHARGING,CHARGING,184.4,2236.3,628.6,0.3,0.00,62.18,1,1.000,1,0.000,1,,0
608.74,608.74,UAV-4,STANDBY,READY,READY,184.4,2256.3,628.5,0.3,0.00,100.00,1,1.000,1,0.000,1,,0
608.74,608.74,UAV-5,STANDBY,RETURNING,RTH,708.1,2203.7,725.3,83.1,14.25,30.72,1,1.000,1,1.000,1,,0
609.76,609.76,UAV-1,RELAY,KILLED,LANDED,2169.8,1894.8,688.3,0.3,0.00,86.44,0,1.000,1,0.000,1,,0
609.76,609.76,UAV-2,STANDBY,READY,READY,168.4,2256.3,629.0,0.3,0.00,100.00,1,1.000,1,0.000,1,,0
609.76,609.76,UAV-3,STANDBY,CHARGING,CHARGING,184.4,2236.3,628.6,0.3,0.00,63.32,1,1.000,1,0.000,1,,0
609.76,609.76,UAV-4,STANDBY,READY,READY,184.4,2256.3,628.5,0.3,0.00,100.00,1,1.000,1,0.000,1,,0
609.76,609.76,UAV-5,STANDBY,RETURNING,RTH,693.7,2202.5,728.4,86.7,14.66,30.59,1,1.000,1,1.000,1,,0
610.78,610.78,UAV-1,RELAY,KILLED,LANDED,2169.8,1894.8,688.3,0.3,0.00,86.44,0,1.000,1,0.000,1,,0
610.78,610.78,UAV-2,STANDBY,READY,READY,168.4,2256.3,629.0,0.3,0.00,100.00,1,1.000,1,0.000,1,,0
610.78,610.78,UAV-3,STANDBY,CHARGING,CHARGING,184.4,2236.3,628.6,0.3,0.00,64.45,1,1.000,1,0.000,1,,0
610.78,610.78,UAV-4,STANDBY,READY,READY,184.4,2256.3,628.5,0.3,0.00,100.00,1,1.000,1,0.000,1,,0
610.78,610.78,UAV-5,STANDBY,RETURNING,RTH,679.2,2201.6,732.1,91.2,14.55,30.46,1,1.000,1,1.000,1,,0
611.80,611.80,UAV-1,RELAY,KILLED,LANDED,2169.8,1894.8,688.3,0.3,0.00,86.44,0,1.000,1,0.000,1,,0
611.80,611.80,UAV-2,STANDBY,READY,READY,168.4,2256.3,629.0,0.3,0.00,100.00,1,1.000,1,0.000,1,,0
611.80,611.80,UAV-3,STANDBY,CHARGING,CHARGING,184.4,2236.3,628.6,0.3,0.00,65.58,1,1.000,1,0.000,1,,0
611.80,611.80,UAV-4,STANDBY,READY,READY,184.4,2256.3,628.5,0.3,0.00,100.00,1,1.000,1,0.000,1,,0
611.80,611.80,UAV-5,STANDBY,RETURNING,RTH,665.1,2200.8,735.6,95.3,14.05,30.33,1,1.000,1,1.000,1,,0
612.82,612.82,UAV-1,RELAY,KILLED,LANDED,2169.8,1894.8,688.3,0.3,0.00,86.44,0,1.000,1,0.000,1,,0
612.82,612.82,UAV-2,STANDBY,READY,READY,168.4,2256.3,629.0,0.3,0.00,100.00,1,1.000,1,0.000,1,,0
612.82,612.82,UAV-3,STANDBY,CHARGING,CHARGING,184.4,2236.3,628.6,0.3,0.00,66.72,1,1.000,1,0.000,1,,0
612.82,612.82,UAV-4,STANDBY,READY,READY,184.4,2256.3,628.5,0.3,0.00,100.00,1,1.000,1,0.000,1,,0
612.82,612.82,UAV-5,STANDBY,RETURNING,RTH,652.9,2200.7,736.3,96.3,10.13,30.21,1,1.000,1,1.000,1,,0
613.84,613.84,UAV-1,RELAY,KILLED,LANDED,2169.8,1894.8,688.3,0.3,0.00,86.44,0,1.000,1,0.000,1,,0
613.84,613.84,UAV-2,STANDBY,READY,READY,168.4,2256.3,629.0,0.3,0.00,100.00,1,1.000,1,0.000,1,,0
613.84,613.84,UAV-3,STANDBY,CHARGING,CHARGING,184.4,2236.3,628.6,0.3,0.00,67.85,1,1.000,1,0.000,1,,0
613.84,613.84,UAV-4,STANDBY,READY,READY,184.4,2256.3,628.5,0.3,0.00,100.00,1,1.000,1,0.000,1,,0
613.84,613.84,UAV-5,STANDBY,RETURNING,RTH,643.6,2202.7,732.2,92.3,10.68,30.08,1,1.000,1,1.000,1,,0
614.86,614.86,UAV-1,RELAY,KILLED,LANDED,2169.8,1894.8,688.3,0.3,0.00,86.44,0,1.000,1,0.000,1,,0
614.86,614.86,UAV-2,STANDBY,READY,READY,168.4,2256.3,629.0,0.3,0.00,100.00,1,1.000,1,0.000,1,,0
614.86,614.86,UAV-3,STANDBY,CHARGING,CHARGING,184.4,2236.3,628.6,0.3,0.00,68.98,1,1.000,1,0.000,1,,0
614.86,614.86,UAV-4,STANDBY,READY,READY,184.4,2256.3,628.5,0.3,0.00,100.00,1,1.000,1,0.000,1,,0
614.86,614.86,UAV-5,STANDBY,RETURNING,RTH,633.6,2206.4,728.1,88.2,11.66,29.96,1,1.000,1,1.000,1,,0
615.88,615.88,UAV-1,RELAY,KILLED,LANDED,2169.8,1894.8,688.3,0.3,0.00,86.44,0,1.000,1,0.000,1,,0
615.88,615.88,UAV-2,STANDBY,READY,READY,168.4,2256.3,629.0,0.3,0.00,100.00,1,1.000,1,0.000,1,,0
615.88,615.88,UAV-3,STANDBY,CHARGING,CHARGING,184.4,2236.3,628.6,0.3,0.00,70.12,1,1.000,1,0.000,1,,0
615.88,615.88,UAV-4,STANDBY,READY,READY,184.4,2256.3,628.5,0.3,0.00,100.00,1,1.000,1,0.000,1,,0
615.88,615.88,UAV-5,STANDBY,RETURNING,RTH,622.6,2210.3,724.4,84.6,12.13,29.84,1,1.000,1,1.000,1,,0
616.90,616.90,UAV-1,RELAY,KILLED,LANDED,2169.8,1894.8,688.3,0.3,0.00,86.44,0,1.000,1,0.000,1,,0
616.90,616.90,UAV-2,STANDBY,READY,READY,168.4,2256.3,629.0,0.3,0.00,100.00,1,1.000,1,0.000,1,,0
616.90,616.90,UAV-3,STANDBY,CHARGING,CHARGING,184.4,2236.3,628.6,0.3,0.00,71.25,1,1.000,1,0.000,1,,0
616.90,616.90,UAV-4,STANDBY,READY,READY,184.4,2256.3,628.5,0.3,0.00,100.00,1,1.000,1,0.000,1,,0
616.90,616.90,UAV-5,STANDBY,RETURNING,RTH,611.1,2213.9,721.3,81.6,12.39,29.72,1,1.000,1,1.000,1,,0
617.92,617.92,UAV-1,RELAY,KILLED,LANDED,2169.8,1894.8,688.3,0.3,0.00,86.44,0,1.000,1,0.000,1,,0
617.92,617.92,UAV-2,STANDBY,READY,READY,168.4,2256.3,629.0,0.3,0.00,100.00,1,1.000,1,0.000,1,,0
617.92,617.92,UAV-3,STANDBY,CHARGING,CHARGING,184.4,2236.3,628.6,0.3,0.00,72.38,1,1.000,1,0.000,1,,0
617.92,617.92,UAV-4,STANDBY,READY,READY,184.4,2256.3,628.5,0.3,0.00,100.00,1,1.000,1,0.000,1,,0
617.92,617.92,UAV-5,STANDBY,RETURNING,RTH,599.0,2217.3,718.7,79.2,12.56,29.60,1,1.000,1,1.000,1,,0
618.94,618.94,UAV-1,RELAY,KILLED,LANDED,2169.8,1894.8,688.3,0.3,0.00,86.44,0,1.000,1,0.000,1,,0
618.94,618.94,UAV-2,STANDBY,READY,READY,168.4,2256.3,629.0,0.3,0.00,100.00,1,1.000,1,0.000,1,,0
618.94,618.94,UAV-3,STANDBY,CHARGING,CHARGING,184.4,2236.3,628.6,0.3,0.00,73.52,1,1.000,1,0.000,1,,0
618.94,618.94,UAV-4,STANDBY,READY,READY,184.4,2256.3,628.5,0.3,0.00,100.00,1,1.000,1,0.000,1,,0
618.94,618.94,UAV-5,STANDBY,RETURNING,RTH,586.7,2220.4,716.7,77.2,12.68,29.47,1,1.000,1,1.000,1,,0
619.96,619.96,UAV-1,RELAY,KILLED,LANDED,2169.8,1894.8,688.3,0.3,0.00,86.44,0,1.000,1,0.000,1,,0
619.96,619.96,UAV-2,STANDBY,READY,READY,168.4,2256.3,629.0,0.3,0.00,100.00,1,1.000,1,0.000,1,,0
619.96,619.96,UAV-3,STANDBY,CHARGING,CHARGING,184.4,2236.3,628.6,0.3,0.00,74.65,1,1.000,1,0.000,1,,0
619.96,619.96,UAV-4,STANDBY,READY,READY,184.4,2256.3,628.5,0.3,0.00,100.00,1,1.000,1,0.000,1,,0
619.96,619.96,UAV-5,STANDBY,RETURNING,RTH,574.1,2223.3,715.2,75.7,12.84,29.35,1,1.000,1,1.000,1,,0
620.98,620.98,UAV-1,RELAY,KILLED,LANDED,2169.8,1894.8,688.3,0.3,0.00,86.44,0,1.000,1,0.000,1,,0
620.98,620.98,UAV-2,STANDBY,READY,READY,168.4,2256.3,629.0,0.3,0.00,100.00,1,1.000,1,0.000,1,,0
620.98,620.98,UAV-3,STANDBY,CHARGING,CHARGING,184.4,2236.3,628.6,0.3,0.00,75.78,1,1.000,1,0.000,1,,0
620.98,620.98,UAV-4,STANDBY,READY,READY,184.4,2256.3,628.5,0.3,0.00,100.00,1,1.000,1,0.000,1,,0
620.98,620.98,UAV-5,STANDBY,RETURNING,RTH,561.2,2226.0,714.3,74.9,13.03,29.23,1,1.000,1,1.000,1,,0
622.00,622.00,UAV-1,RELAY,KILLED,LANDED,2169.8,1894.8,688.3,0.3,0.00,86.44,0,1.000,1,0.000,1,,0
622.00,622.00,UAV-2,STANDBY,READY,READY,168.4,2256.3,629.0,0.3,0.00,100.00,1,1.000,1,0.000,1,,0
622.00,622.00,UAV-3,STANDBY,CHARGING,CHARGING,184.4,2236.3,628.6,0.3,0.00,76.92,1,1.000,1,0.000,1,,0
622.00,622.00,UAV-4,STANDBY,READY,READY,184.4,2256.3,628.5,0.3,0.00,100.00,1,1.000,1,0.000,1,,0
622.00,622.00,UAV-5,STANDBY,RETURNING,RTH,548.1,2228.5,713.9,75.0,13.25,29.10,1,1.000,1,1.000,1,,0
623.02,623.02,UAV-1,RELAY,KILLED,LANDED,2169.8,1894.8,688.3,0.3,0.00,86.44,0,1.000,1,0.000,1,,0
623.02,623.02,UAV-2,STANDBY,READY,READY,168.4,2256.3,629.0,0.3,0.00,100.00,1,1.000,1,0.000,1,,0
623.02,623.02,UAV-3,STANDBY,CHARGING,CHARGING,184.4,2236.3,628.6,0.3,0.00,78.05,1,1.000,1,0.000,1,,0
623.02,623.02,UAV-4,STANDBY,READY,READY,184.4,2256.3,628.5,0.3,0.00,100.00,1,1.000,1,0.000,1,,0
623.02,623.02,UAV-5,STANDBY,RETURNING,RTH,534.6,2230.8,714.2,76.0,13.47,28.98,1,1.000,1,1.000,1,,0
624.04,624.04,UAV-1,RELAY,KILLED,LANDED,2169.8,1894.8,688.3,0.3,0.00,86.44,0,1.000,1,0.000,1,,0
624.04,624.04,UAV-2,STANDBY,READY,READY,168.4,2256.3,629.0,0.3,0.00,100.00,1,1.000,1,0.000,1,,0
624.04,624.04,UAV-3,STANDBY,CHARGING,CHARGING,184.4,2236.3,628.6,0.3,0.00,79.18,1,1.000,1,0.000,1,,0
624.04,624.04,UAV-4,STANDBY,READY,READY,184.4,2256.3,628.5,0.3,0.00,100.00,1,1.000,1,0.000,1,,0
624.04,624.04,UAV-5,STANDBY,RETURNING,RTH,521.0,2232.9,715.1,78.2,13.68,28.85,1,1.000,1,1.000,1,,0
625.06,625.06,UAV-1,RELAY,KILLED,LANDED,2169.8,1894.8,688.3,0.3,0.00,86.44,0,1.000,1,0.000,1,,0
625.06,625.06,UAV-2,STANDBY,READY,READY,168.4,2256.3,629.0,0.3,0.00,100.00,1,1.000,1,0.000,1,,0
625.06,625.06,UAV-3,STANDBY,CHARGING,CHARGING,184.4,2236.3,628.6,0.3,0.00,80.32,1,1.000,1,0.000,1,,0
625.06,625.06,UAV-4,STANDBY,READY,READY,184.4,2256.3,628.5,0.3,0.00,100.00,1,1.000,1,0.000,1,,0
625.06,625.06,UAV-5,STANDBY,RETURNING,RTH,507.1,2234.8,716.6,81.1,13.91,28.73,1,1.000,1,1.000,1,,0
626.08,626.08,UAV-1,RELAY,KILLED,LANDED,2169.8,1894.8,688.3,0.3,0.00,86.44,0,1.000,1,0.000,1,,0
626.08,626.08,UAV-2,STANDBY,READY,READY,168.4,2256.3,629.0,0.3,0.00,100.00,1,1.000,1,0.000,1,,0
626.08,626.08,UAV-3,STANDBY,CHARGING,CHARGING,184.4,2236.3,628.6,0.3,0.00,81.45,1,1.000,1,0.000,1,,0
626.08,626.08,UAV-4,STANDBY,READY,READY,184.4,2256.3,628.5,0.3,0.00,100.00,1,1.000,1,0.000,1,,0
626.08,626.08,UAV-5,STANDBY,RETURNING,RTH,493.1,2236.5,718.7,84.5,14.16,28.60,1,1.000,1,1.000,1,,0
627.10,627.10,UAV-1,RELAY,KILLED,LANDED,2169.8,1894.8,688.3,0.3,0.00,86.44,0,1.000,1,0.000,1,,0
627.10,627.10,UAV-2,STANDBY,READY,READY,168.4,2256.3,629.0,0.3,0.00,100.00,1,1.000,1,0.000,1,,0
627.10,627.10,UAV-3,STANDBY,CHARGING,CHARGING,184.4,2236.3,628.6,0.3,0.00,82.58,1,1.000,1,0.000,1,,0
627.10,627.10,UAV-4,STANDBY,READY,READY,184.4,2256.3,628.5,0.3,0.00,100.00,1,1.000,1,0.000,1,,0
627.10,627.10,UAV-5,STANDBY,RETURNING,RTH,478.9,2238.1,721.6,88.2,14.46,28.47,1,1.000,1,1.000,1,,0
628.12,628.12,UAV-1,RELAY,KILLED,LANDED,2169.8,1894.8,688.3,0.3,0.00,86.44,0,1.000,1,0.000,1,,0
628.12,628.12,UAV-2,STANDBY,READY,READY,168.4,2256.3,629.0,0.3,0.00,100.00,1,1.000,1,0.000,1,,0
628.12,628.12,UAV-3,STANDBY,CHARGING,CHARGING,184.4,2236.3,628.6,0.3,0.00,83.72,1,1.000,1,0.000,1,,0
628.12,628.12,UAV-4,STANDBY,READY,READY,184.4,2256.3,628.5,0.3,0.00,100.00,1,1.000,1,0.000,1,,0
628.12,628.12,UAV-5,STANDBY,RETURNING,RTH,464.4,2239.4,725.3,91.8,14.75,28.34,1,1.000,1,1.000,1,,0
629.14,629.14,UAV-1,RELAY,KILLED,LANDED,2169.8,1894.8,688.3,0.3,0.00,86.44,0,1.000,1,0.000,1,,0
629.14,629.14,UAV-2,STANDBY,READY,READY,168.4,2256.3,629.0,0.3,0.00,100.00,1,1.000,1,0.000,1,,0
629.14,629.14,UAV-3,STANDBY,CHARGING,CHARGING,184.4,2236.3,628.6,0.3,0.00,84.85,1,1.000,1,0.000,1,,0
629.14,629.14,UAV-4,STANDBY,READY,READY,184.4,2256.3,628.5,0.3,0.00,100.00,1,1.000,1,0.000,1,,0
629.14,629.14,UAV-5,STANDBY,RETURNING,RTH,450.1,2240.5,728.9,95.0,14.25,28.22,1,1.000,1,1.000,1,,0
630.16,630.16,UAV-1,RELAY,KILLED,LANDED,2169.8,1894.8,688.3,0.3,0.00,86.44,0,1.000,1,0.000,1,,0
630.16,630.16,UAV-2,STANDBY,READY,READY,168.4,2256.3,629.0,0.3,0.00,100.00,1,1.000,1,0.000,1,,0
630.16,630.16,UAV-3,STANDBY,CHARGING,CHARGING,184.4,2236.3,628.6,0.3,0.00,85.98,1,1.000,1,0.000,1,,0
630.16,630.16,UAV-4,STANDBY,READY,READY,184.4,2256.3,628.5,0.3,0.00,100.00,1,1.000,1,0.000,1,,0
630.16,630.16,UAV-5,STANDBY,RETURNING,RTH,436.7,2241.3,731.5,97.0,11.48,28.10,1,1.000,1,1.000,1,,0
631.18,631.18,UAV-1,RELAY,KILLED,LANDED,2169.8,1894.8,688.3,0.3,0.00,86.44,0,1.000,1,0.000,1,,0
631.18,631.18,UAV-2,STANDBY,READY,READY,168.4,2256.3,629.0,0.3,0.00,100.00,1,1.000,1,0.000,1,,0
631.18,631.18,UAV-3,STANDBY,CHARGING,CHARGING,184.4,2236.3,628.6,0.3,0.00,87.12,1,1.000,1,0.000,1,,0
631.18,631.18,UAV-4,STANDBY,READY,READY,184.4,2256.3,628.5,0.3,0.00,100.00,1,1.000,1,0.000,1,,0
631.18,631.18,UAV-5,STANDBY,RETURNING,RTH,426.9,2241.9,727.9,93.1,10.30,27.98,1,1.000,1,1.000,1,,0
632.20,632.20,UAV-1,RELAY,KILLED,LANDED,2169.8,1894.8,688.3,0.3,0.00,86.44,0,1.000,1,0.000,1,,0
632.20,632.20,UAV-2,STANDBY,READY,READY,168.4,2256.3,629.0,0.3,0.00,100.00,1,1.000,1,0.000,1,,0
632.20,632.20,UAV-3,STANDBY,CHARGING,CHARGING,184.4,2236.3,628.6,0.3,0.00,88.25,1,1.000,1,0.000,1,,0
632.20,632.20,UAV-4,STANDBY,READY,READY,184.4,2256.3,628.5,0.3,0.00,100.00,1,1.000,1,0.000,1,,0
632.20,632.20,UAV-5,STANDBY,RETURNING,RTH,419.4,2241.9,719.7,85.0,11.27,27.87,1,1.000,1,1.000,1,,0
633.22,633.22,UAV-1,RELAY,KILLED,LANDED,2169.8,1894.8,688.3,0.3,0.00,86.44,0,1.000,1,0.000,1,,0
633.22,633.22,UAV-2,STANDBY,READY,READY,168.4,2256.3,629.0,0.3,0.00,100.00,1,1.000,1,0.000,1,,0
633.22,633.22,UAV-3,STANDBY,CHARGING,CHARGING,184.4,2236.3,628.6,0.3,0.00,89.38,1,1.000,1,0.000,1,,0
633.22,633.22,UAV-4,STANDBY,READY,READY,184.4,2256.3,628.5,0.3,0.00,100.00,1,1.000,1,0.000,1,,0
633.22,633.22,UAV-5,STANDBY,RETURNING,RTH,411.3,2241.3,711.3,76.9,11.55,27.75,1,1.000,1,1.000,1,,0
634.24,634.24,UAV-1,RELAY,KILLED,LANDED,2169.8,1894.8,688.3,0.3,0.00,86.44,0,1.000,1,0.000,1,,0
634.24,634.24,UAV-2,STANDBY,READY,READY,168.4,2256.3,629.0,0.3,0.00,100.00,1,1.000,1,0.000,1,,0
634.24,634.24,UAV-3,STANDBY,CHARGING,CHARGING,184.4,2236.3,628.6,0.3,0.00,90.52,1,1.000,1,0.000,1,,0
634.24,634.24,UAV-4,STANDBY,READY,READY,184.4,2256.3,628.5,0.3,0.00,100.00,1,1.000,1,0.000,1,,0
634.24,634.24,UAV-5,STANDBY,RETURNING,RTH,402.4,2240.6,703.6,69.8,11.70,27.64,1,1.000,1,1.000,1,,0
635.26,635.26,UAV-1,RELAY,KILLED,LANDED,2169.8,1894.8,688.3,0.3,0.00,86.44,0,1.000,1,0.000,1,,0
635.26,635.26,UAV-2,STANDBY,READY,READY,168.4,2256.3,629.0,0.3,0.00,100.00,1,1.000,1,0.000,1,,0
635.26,635.26,UAV-3,STANDBY,CHARGING,CHARGING,184.4,2236.3,628.6,0.3,0.00,91.65,1,1.000,1,0.000,1,,0
635.26,635.26,UAV-4,STANDBY,READY,READY,184.4,2256.3,628.5,0.3,0.00,100.00,1,1.000,1,0.000,1,,0
635.26,635.26,UAV-5,STANDBY,RETURNING,RTH,392.7,2239.9,696.5,63.6,11.79,27.52,1,1.000,1,1.000,1,,0
636.28,636.28,UAV-1,RELAY,KILLED,LANDED,2169.8,1894.8,688.3,0.3,0.00,86.44,0,1.000,1,0.000,1,,0
636.28,636.28,UAV-2,STANDBY,READY,READY,168.4,2256.3,629.0,0.3,0.00,100.00,1,1.000,1,0.000,1,,0
636.28,636.28,UAV-3,STANDBY,CHARGING,CHARGING,184.4,2236.3,628.6,0.3,0.00,92.78,1,1.000,1,0.000,1,,0
636.28,636.28,UAV-4,STANDBY,READY,READY,184.4,2256.3,628.5,0.3,0.00,100.00,1,1.000,1,0.000,1,,0
636.28,636.28,UAV-5,STANDBY,RETURNING,RTH,382.5,2239.4,690.2,58.2,11.91,27.40,1,1.000,1,1.000,1,,0
637.30,637.30,UAV-1,RELAY,KILLED,LANDED,2169.8,1894.8,688.3,0.3,0.00,86.44,0,1.000,1,0.000,1,,0
637.30,637.30,UAV-2,STANDBY,READY,READY,168.4,2256.3,629.0,0.3,0.00,100.00,1,1.000,1,0.000,1,,0
637.30,637.30,UAV-3,STANDBY,CHARGING,CHARGING,184.4,2236.3,628.6,0.3,0.00,93.92,1,1.000,1,0.000,1,,0
637.30,637.30,UAV-4,STANDBY,READY,READY,184.4,2256.3,628.5,0.3,0.00,100.00,1,1.000,1,0.000,1,,0
637.30,637.30,UAV-5,STANDBY,RETURNING,RTH,371.6,2238.9,684.5,53.6,12.09,27.28,1,1.000,1,1.000,1,,0
638.32,638.32,UAV-1,RELAY,KILLED,LANDED,2169.8,1894.8,688.3,0.3,0.00,86.44,0,1.000,1,0.000,1,,0
638.32,638.32,UAV-2,STANDBY,READY,READY,168.4,2256.3,629.0,0.3,0.00,100.00,1,1.000,1,0.000,1,,0
638.32,638.32,UAV-3,STANDBY,CHARGING,CHARGING,184.4,2236.3,628.6,0.3,0.00,95.05,1,1.000,1,0.000,1,,0
638.32,638.32,UAV-4,STANDBY,READY,READY,184.4,2256.3,628.5,0.3,0.00,100.00,1,1.000,1,0.000,1,,0
638.32,638.32,UAV-5,STANDBY,RETURNING,RTH,360.2,2238.5,679.6,49.6,12.29,27.16,1,1.000,1,1.000,1,,0
639.34,639.34,UAV-1,RELAY,KILLED,LANDED,2169.8,1894.8,688.3,0.3,0.00,86.44,0,1.000,1,0.000,1,,0
639.34,639.34,UAV-2,STANDBY,READY,READY,168.4,2256.3,629.0,0.3,0.00,100.00,1,1.000,1,0.000,1,,0
639.34,639.34,UAV-3,STANDBY,CHARGING,CHARGING,184.4,2236.3,628.6,0.3,0.00,96.18,1,1.000,1,0.000,1,,0
639.34,639.34,UAV-4,STANDBY,READY,READY,184.4,2256.3,628.5,0.3,0.00,100.00,1,1.000,1,0.000,1,,0
639.34,639.34,UAV-5,STANDBY,RETURNING,RTH,348.3,2238.1,675.4,46.3,12.51,27.04,1,1.000,1,1.000,1,,0
640.36,640.36,UAV-1,RELAY,KILLED,LANDED,2169.8,1894.8,688.3,0.3,0.00,86.44,0,1.000,1,0.000,1,,0
640.36,640.36,UAV-2,STANDBY,READY,READY,168.4,2256.3,629.0,0.3,0.00,100.00,1,1.000,1,0.000,1,,0
640.36,640.36,UAV-3,STANDBY,CHARGING,CHARGING,184.4,2236.3,628.6,0.3,0.00,97.32,1,1.000,1,0.000,1,,0
640.36,640.36,UAV-4,STANDBY,READY,READY,184.4,2256.3,628.5,0.3,0.00,100.00,1,1.000,1,0.000,1,,0
640.36,640.36,UAV-5,STANDBY,RETURNING,RTH,335.9,2237.8,672.1,44.0,12.71,26.92,1,1.000,1,1.000,1,,0
641.38,641.38,UAV-1,RELAY,KILLED,LANDED,2169.8,1894.8,688.3,0.3,0.00,86.44,0,1.000,1,0.000,1,,0
641.38,641.38,UAV-2,STANDBY,READY,READY,168.4,2256.3,629.0,0.3,0.00,100.00,1,1.000,1,0.000,1,,0
641.38,641.38,UAV-3,STANDBY,CHARGING,CHARGING,184.4,2236.3,628.6,0.3,0.00,98.45,1,1.000,1,0.000,1,,0
641.38,641.38,UAV-4,STANDBY,READY,READY,184.4,2256.3,628.5,0.3,0.00,100.00,1,1.000,1,0.000,1,,0
641.38,641.38,UAV-5,STANDBY,RETURNING,RTH,323.1,2237.5,669.5,42.4,12.89,26.80,1,1.000,1,1.000,1,,0
642.40,642.40,UAV-1,RELAY,KILLED,LANDED,2169.8,1894.8,688.3,0.3,0.00,86.44,0,1.000,1,0.000,1,,0
642.40,642.40,UAV-2,STANDBY,READY,READY,168.4,2256.3,629.0,0.3,0.00,100.00,1,1.000,1,0.000,1,,0
642.40,642.40,UAV-3,STANDBY,CHARGING,CHARGING,184.4,2236.3,628.6,0.3,0.00,99.58,1,1.000,1,0.000,1,,0
642.40,642.40,UAV-4,STANDBY,READY,READY,184.4,2256.3,628.5,0.3,0.00,100.00,1,1.000,1,0.000,1,,0
642.40,642.40,UAV-5,STANDBY,RETURNING,RTH,309.9,2237.2,667.7,41.3,13.14,26.67,1,1.000,1,1.000,1,,0
643.42,643.42,UAV-1,RELAY,KILLED,LANDED,2169.8,1894.8,688.3,0.3,0.00,86.44,0,1.000,1,0.000,1,,0
643.42,643.42,UAV-2,STANDBY,READY,READY,168.4,2256.3,629.0,0.3,0.00,100.00,1,1.000,1,0.000,1,,0
643.42,643.42,UAV-3,STANDBY,READY,READY,184.4,2236.3,628.6,0.3,0.00,100.00,1,1.000,1,0.000,1,,0
643.42,643.42,UAV-4,STANDBY,READY,READY,184.4,2256.3,628.5,0.3,0.00,100.00,1,1.000,1,0.000,1,,0
643.42,643.42,UAV-5,STANDBY,RETURNING,RTH,296.4,2237.0,666.8,40.6,13.44,26.55,1,1.000,1,1.000,1,,0
644.44,644.44,UAV-1,RELAY,KILLED,LANDED,2169.8,1894.8,688.3,0.3,0.00,86.44,0,1.000,1,0.000,1,,0
644.44,644.44,UAV-2,STANDBY,READY,READY,168.4,2256.3,629.0,0.3,0.00,100.00,1,1.000,1,0.000,1,,0
644.44,644.44,UAV-3,STANDBY,READY,READY,184.4,2236.3,628.6,0.3,0.00,100.00,1,1.000,1,0.000,1,,0
644.44,644.44,UAV-4,STANDBY,READY,READY,184.4,2256.3,628.5,0.3,0.00,100.00,1,1.000,1,0.000,1,,0
644.44,644.44,UAV-5,STANDBY,RETURNING,RTH,282.5,2236.8,666.8,40.5,13.79,26.42,1,1.000,1,1.000,1,,0
645.46,645.46,UAV-1,RELAY,KILLED,LANDED,2169.8,1894.8,688.3,0.3,0.00,86.44,0,1.000,1,0.000,1,,0
645.46,645.46,UAV-2,STANDBY,READY,READY,168.4,2256.3,629.0,0.3,0.00,100.00,1,1.000,1,0.000,1,,0
645.46,645.46,UAV-3,STANDBY,READY,READY,184.4,2236.3,628.6,0.3,0.00,100.00,1,1.000,1,0.000,1,,0
645.46,645.46,UAV-4,STANDBY,READY,READY,184.4,2256.3,628.5,0.3,0.00,100.00,1,1.000,1,0.000,1,,0
645.46,645.46,UAV-5,STANDBY,RETURNING,RTH,268.3,2236.7,667.7,41.2,14.21,26.30,1,1.000,1,1.000,1,,0
646.48,646.48,UAV-1,RELAY,KILLED,LANDED,2169.8,1894.8,688.3,0.3,0.00,86.44,0,1.000,1,0.000,1,,0
646.48,646.48,UAV-2,STANDBY,READY,READY,168.4,2256.3,629.0,0.3,0.00,100.00,1,1.000,1,0.000,1,,0
646.48,646.48,UAV-3,STANDBY,READY,READY,184.4,2236.3,628.6,0.3,0.00,100.00,1,1.000,1,0.000,1,,0
646.48,646.48,UAV-4,STANDBY,READY,READY,184.4,2256.3,628.5,0.3,0.00,100.00,1,1.000,1,0.000,1,,0
646.48,646.48,UAV-5,STANDBY,RETURNING,RTH,253.6,2236.5,669.6,43.0,14.71,26.17,1,1.000,1,1.000,1,,0
647.50,647.50,UAV-1,RELAY,KILLED,LANDED,2169.8,1894.8,688.3,0.3,0.00,86.44,0,1.000,1,0.000,1,,0
647.50,647.50,UAV-2,STANDBY,READY,READY,168.4,2256.3,629.0,0.3,0.00,100.00,1,1.000,1,0.000,1,,0
647.50,647.50,UAV-3,STANDBY,READY,READY,184.4,2236.3,628.6,0.3,0.00,100.00,1,1.000,1,0.000,1,,0
647.50,647.50,UAV-4,STANDBY,READY,READY,184.4,2256.3,628.5,0.3,0.00,100.00,1,1.000,1,0.000,1,,0
647.50,647.50,UAV-5,STANDBY,RETURNING,RTH,238.9,2236.4,672.2,45.5,14.51,26.04,1,1.000,1,1.000,1,,0
648.52,648.52,UAV-1,RELAY,KILLED,LANDED,2169.8,1894.8,688.3,0.3,0.00,86.44,0,1.000,1,0.000,1,,0
648.52,648.52,UAV-2,STANDBY,READY,READY,168.4,2256.3,629.0,0.3,0.00,100.00,1,1.000,1,0.000,1,,0
648.52,648.52,UAV-3,STANDBY,READY,READY,184.4,2236.3,628.6,0.3,0.00,100.00,1,1.000,1,0.000,1,,0
648.52,648.52,UAV-4,STANDBY,READY,READY,184.4,2256.3,628.5,0.3,0.00,100.00,1,1.000,1,0.000,1,,0
648.52,648.52,UAV-5,STANDBY,RETURNING,RTH,224.5,2236.4,674.7,47.6,14.13,25.92,1,1.000,1,1.000,1,,0
649.54,649.54,UAV-1,RELAY,KILLED,LANDED,2169.8,1894.8,688.3,0.3,0.00,86.44,0,1.000,1,0.000,1,,0
649.54,649.54,UAV-2,STANDBY,READY,READY,168.4,2256.3,629.0,0.3,0.00,100.00,1,1.000,1,0.000,1,,0
649.54,649.54,UAV-3,STANDBY,READY,READY,184.4,2236.3,628.6,0.3,0.00,100.00,1,1.000,1,0.000,1,,0
649.54,649.54,UAV-4,STANDBY,READY,READY,184.4,2256.3,628.5,0.3,0.00,100.00,1,1.000,1,0.000,1,,0
649.54,649.54,UAV-5,STANDBY,RETURNING,LANDING,211.5,2236.3,675.7,48.2,12.31,25.80,1,1.000,1,1.000,1,,0
650.56,650.56,UAV-1,RELAY,KILLED,LANDED,2169.8,1894.8,688.3,0.3,0.00,86.44,0,1.000,1,0.000,1,,0
650.56,650.56,UAV-2,STANDBY,READY,READY,168.4,2256.3,629.0,0.3,0.00,100.00,1,1.000,1,0.000,1,,0
650.56,650.56,UAV-3,STANDBY,READY,READY,184.4,2236.3,628.6,0.3,0.00,100.00,1,1.000,1,0.000,1,,0
650.56,650.56,UAV-4,STANDBY,READY,READY,184.4,2256.3,628.5,0.3,0.00,100.00,1,1.000,1,0.000,1,,0
650.56,650.56,UAV-5,STANDBY,RETURNING,LANDING,200.2,2236.3,674.4,46.5,9.22,25.69,1,1.000,1,1.000,1,,0
651.58,651.58,UAV-1,RELAY,KILLED,LANDED,2169.8,1894.8,688.3,0.3,0.00,86.44,0,1.000,1,0.000,1,,0
651.58,651.58,UAV-2,STANDBY,READY,READY,168.4,2256.3,629.0,0.3,0.00,100.00,1,1.000,1,0.000,1,,0
651.58,651.58,UAV-3,STANDBY,READY,READY,184.4,2236.3,628.6,0.3,0.00,100.00,1,1.000,1,0.000,1,,0
651.58,651.58,UAV-4,STANDBY,READY,READY,184.4,2256.3,628.5,0.3,0.00,100.00,1,1.000,1,0.000,1,,0
651.58,651.58,UAV-5,STANDBY,RETURNING,LANDING,195.6,2236.3,669.0,41.0,5.79,25.58,1,1.000,1,1.000,1,,0
652.60,652.60,UAV-1,RELAY,KILLED,LANDED,2169.8,1894.8,688.3,0.3,0.00,86.44,0,1.000,1,0.000,1,,0
652.60,652.60,UAV-2,STANDBY,READY,READY,168.4,2256.3,629.0,0.3,0.00,100.00,1,1.000,1,0.000,1,,0
652.60,652.60,UAV-3,STANDBY,READY,READY,184.4,2236.3,628.6,0.3,0.00,100.00,1,1.000,1,0.000,1,,0
652.60,652.60,UAV-4,STANDBY,READY,READY,184.4,2256.3,628.5,0.3,0.00,100.00,1,1.000,1,0.000,1,,0
652.60,652.60,UAV-5,STANDBY,RETURNING,LANDING,198.2,2236.2,663.1,35.2,7.45,25.47,1,1.000,1,1.000,1,,0
653.62,653.62,UAV-1,RELAY,KILLED,LANDED,2169.8,1894.8,688.3,0.3,0.00,86.44,0,1.000,1,0.000,1,,0
653.62,653.62,UAV-2,STANDBY,READY,READY,168.4,2256.3,629.0,0.3,0.00,100.00,1,1.000,1,0.000,1,,0
653.62,653.62,UAV-3,STANDBY,READY,READY,184.4,2236.3,628.6,0.3,0.00,100.00,1,1.000,1,0.000,1,,0
653.62,653.62,UAV-4,STANDBY,READY,READY,184.4,2256.3,628.5,0.3,0.00,100.00,1,1.000,1,0.000,1,,0
653.62,653.62,UAV-5,STANDBY,RETURNING,LANDING,200.4,2236.2,657.3,29.5,5.71,25.37,1,1.000,1,1.000,1,,0
654.64,654.64,UAV-1,RELAY,KILLED,LANDED,2169.8,1894.8,688.3,0.3,0.00,86.44,0,1.000,1,0.000,1,,0
654.64,654.64,UAV-2,STANDBY,READY,READY,168.4,2256.3,629.0,0.3,0.00,100.00,1,1.000,1,0.000,1,,0
654.64,654.64,UAV-3,STANDBY,READY,READY,184.4,2236.3,628.6,0.3,0.00,100.00,1,1.000,1,0.000,1,,0
654.64,654.64,UAV-4,STANDBY,READY,READY,184.4,2256.3,628.5,0.3,0.00,100.00,1,1.000,1,0.000,1,,0
654.64,654.64,UAV-5,STANDBY,RETURNING,LANDING,200.2,2236.3,651.5,23.7,5.60,25.27,1,1.000,1,1.000,1,,0
655.66,655.66,UAV-1,RELAY,KILLED,LANDED,2169.8,1894.8,688.3,0.3,0.00,86.44,0,1.000,1,0.000,1,,0
655.66,655.66,UAV-2,STANDBY,READY,READY,168.4,2256.3,629.0,0.3,0.00,100.00,1,1.000,1,0.000,1,,0
655.66,655.66,UAV-3,STANDBY,READY,READY,184.4,2236.3,628.6,0.3,0.00,100.00,1,1.000,1,0.000,1,,0
655.66,655.66,UAV-4,STANDBY,READY,READY,184.4,2256.3,628.5,0.3,0.00,100.00,1,1.000,1,0.000,1,,0
655.66,655.66,UAV-5,STANDBY,RETURNING,LANDING,200.2,2236.3,645.9,18.0,5.57,25.18,1,1.000,1,1.000,1,,0
656.68,656.68,UAV-1,RELAY,KILLED,LANDED,2169.8,1894.8,688.3,0.3,0.00,86.44,0,1.000,1,0.000,1,,0
656.68,656.68,UAV-2,STANDBY,READY,READY,168.4,2256.3,629.0,0.3,0.00,100.00,1,1.000,1,0.000,1,,0
656.68,656.68,UAV-3,STANDBY,READY,READY,184.4,2236.3,628.6,0.3,0.00,100.00,1,1.000,1,0.000,1,,0
656.68,656.68,UAV-4,STANDBY,READY,READY,184.4,2256.3,628.5,0.3,0.00,100.00,1,1.000,1,0.000,1,,0
656.68,656.68,UAV-5,STANDBY,RETURNING,LANDING,200.3,2236.3,640.2,12.3,5.55,25.09,1,1.000,1,1.000,1,,0
657.70,657.70,UAV-1,RELAY,KILLED,LANDED,2169.8,1894.8,688.3,0.3,0.00,86.44,0,1.000,1,0.000,1,,0
657.70,657.70,UAV-2,STANDBY,READY,READY,168.4,2256.3,629.0,0.3,0.00,100.00,1,1.000,1,0.000,1,,0
657.70,657.70,UAV-3,STANDBY,READY,READY,184.4,2236.3,628.6,0.3,0.00,100.00,1,1.000,1,0.000,1,,0
657.70,657.70,UAV-4,STANDBY,READY,READY,184.4,2256.3,628.5,0.3,0.00,100.00,1,1.000,1,0.000,1,,0
657.70,657.70,UAV-5,STANDBY,RETURNING,LANDING,200.3,2236.3,634.5,6.7,5.53,25.00,1,1.000,1,1.000,1,,0
