t,a,b,pdr
1.02,UAV-1,GCS,1.000
2.02,UAV-1,GCS,1.000
3.02,UAV-1,GCS,1.000
4.02,UAV-1,GCS,1.000
5.04,UAV-1,GCS,1.000
5.04,UAV-1,UAV-2,1.000
5.04,UAV-2,GCS,1.000
6.06,UAV-1,GCS,1.000
6.06,UAV-1,UAV-2,1.000
6.06,UAV-2,GCS,1.000
7.08,UAV-1,GCS,1.000
7.08,UAV-1,UAV-2,1.000
7.08,UAV-2,GCS,1.000
8.10,UAV-1,GCS,1.000
8.10,UAV-1,UAV-2,1.000
8.10,UAV-2,GCS,1.000
9.12,UAV-1,GCS,1.000
9.12,UAV-1,UAV-2,1.000
9.12,UAV-1,UAV-3,1.000
9.12,UAV-2,GCS,1.000
9.12,UAV-2,UAV-3,1.000
9.12,UAV-3,GCS,1.000
10.14,UAV-1,GCS,1.000
10.14,UAV-1,UAV-2,1.000
10.14,UAV-1,UAV-3,1.000
10.14,UAV-2,GCS,1.000
10.14,UAV-2,UAV-3,1.000
10.14,UAV-3,GCS,1.000
11.16,UAV-1,GCS,1.000
11.16,UAV-1,UAV-2,1.000
11.16,UAV-1,UAV-3,1.000
11.16,UAV-2,GCS,1.000
11.16,UAV-2,UAV-3,1.000
11.16,UAV-3,GCS,1.000
12.18,UAV-1,GCS,1.000
12.18,UAV-1,UAV-2,1.000
12.18,UAV-1,UAV-3,1.000
12.18,UAV-2,GCS,1.000
12.18,UAV-2,UAV-3,1.000
12.18,UAV-3,GCS,1.000
13.20,UAV-1,GCS,1.000
13.20,UAV-1,UAV-2,1.000
13.20,UAV-1,UAV-3,1.000
13.20,UAV-1,UAV-4,1.000
13.20,UAV-2,GCS,1.000
13.20,UAV-2,UAV-3,1.000
13.20,UAV-2,UAV-4,1.000
13.20,UAV-3,GCS,1.000
13.20,UAV-3,UAV-4,1.000
13.20,UAV-4,GCS,1.000
14.22,UAV-1,GCS,1.000
14.22,UAV-1,UAV-2,1.000
14.22,UAV-1,UAV-3,1.000
14.22,UAV-1,UAV-4,1.000
14.22,UAV-2,GCS,1.000
14.22,UAV-2,UAV-3,1.000
14.22,UAV-2,UAV-4,1.000
14.22,UAV-3,GCS,1.000
14.22,UAV-3,UAV-4,1.000
14.22,UAV-4,GCS,1.000
15.24,UAV-1,GCS,1.000
15.24,UAV-1,UAV-2,1.000
15.24,UAV-1,UAV-3,1.000
15.24,UAV-1,UAV-4,1.000
15.24,UAV-2,GCS,1.000
15.24,UAV-2,UAV-3,1.000
15.24,UAV-2,UAV-4,1.000
15.24,UAV-3,GCS,1.000
15.24,UAV-3,UAV-4,1.000
15.24,UAV-4,GCS,1.000
16.26,UAV-1,GCS,1.000
16.26,UAV-1,UAV-2,1.000
16.26,UAV-1,UAV-3,1.000
16.26,UAV-1,UAV-4,1.000
16.26,UAV-2,GCS,1.000
16.26,UAV-2,UAV-3,1.000
16.26,UAV-2,UAV-4,1.000
16.26,UAV-3,GCS,1.000
16.26,UAV-3,UAV-4,1.000
16.26,UAV-4,GCS,1.000
17.28,UAV-1,GCS,1.000
17.28,UAV-1,UAV-2,1.000
17.28,UAV-1,UAV-3,1.000
17.28,UAV-1,UAV-4,1.000
17.28,UAV-1,UAV-5,1.000
17.28,UAV-2,GCS,1.000
17.28,UAV-2,UAV-3,1.000
17.28,UAV-2,UAV-4,1.000
17.28,UAV-2,UAV-5,1.000
17.28,UAV-3,GCS,1.000
17.28,UAV-3,UAV-4,1.000
17.28,UAV-3,UAV-5,1.000
17.28,UAV-4,GCS,1.000
17.28,UAV-4,UAV-5,1.000
17.28,UAV-5,GCS,1.000
18.30,UAV-1,GCS,1.000
18.30,UAV-1,UAV-2,1.000
18.30,UAV-1,UAV-3,1.000
18.30,UAV-1,UAV-4,1.000
18.30,UAV-1,UAV-5,1.000
18.30,UAV-2,GCS,1.000
18.30,UAV-2,UAV-3,1.000
18.30,UAV-2,UAV-4,1.000
18.30,UAV-2,UAV-5,1.000
18.30,UAV-3,GCS,1.000
18.30,UAV-3,UAV-4,1.000
18.30,UAV-3,UAV-5,1.000
18.30,UAV-4,GCS,1.000
18.30,UAV-4,UAV-5,1.000
18.30,UAV-5,GCS,1.000
19.32,UAV-1,GCS,1.000
19.32,UAV-1,UAV-2,1.000
19.32,UAV-1,UAV-3,1.000
19.32,UAV-1,UAV-4,1.000
19.32,UAV-1,UAV-5,1.000
19.32,UAV-2,GCS,1.000
19.32,UAV-2,UAV-3,1.000
19.32,UAV-2,UAV-4,1.000
19.32,UAV-2,UAV-5,1.000
19.32,UAV-3,GCS,1.000
19.32,UAV-3,UAV-4,1.000
19.32,UAV-3,UAV-5,1.000
19.32,UAV-4,GCS,1.000
19.32,UAV-4,UAV-5,1.000
19.32,UAV-5,GCS,1.000
20.34,UAV-1,GCS,1.000
20.34,UAV-1,UAV-2,1.000
20.34,UAV-1,UAV-3,1.000
20.34,UAV-1,UAV-4,1.000
20.34,UAV-1,UAV-5,1.000
20.34,UAV-2,GCS,1.000
20.34,UAV-2,UAV-3,1.000
20.34,UAV-2,UAV-4,1.000
20.34,UAV-2,UAV-5,1.000
20.34,UAV-3,GCS,1.000
20.34,UAV-3,UAV-4,1.000
20.34,UAV-3,UAV-5,1.000
20.34,UAV-4,GCS,1.000
20.34,UAV-4,UAV-5,1.000
20.34,UAV-5,GCS,1.000
21.36,UAV-1,GCS,1.000
21.36,UAV-1,UAV-2,1.000
21.36,UAV-1,UAV-3,1.000
21.36,UAV-1,UAV-4,1.000
21.36,UAV-1,UAV-5,1.000
21.36,UAV-2,GCS,1.000
21.36,UAV-2,UAV-3,1.000
21.36,UAV-2,UAV-4,1.000
21.36,UAV-2,UAV-5,1.000
21.36,UAV-3,GCS,1.000
21.36,UAV-3,UAV-4,1.000
21.36,UAV-3,UAV-5,1.000
21.36,UAV-4,GCS,1.000
21.36,UAV-4,UAV-5,1.000
21.36,UAV-5,GCS,1.000
22.38,UAV-1,GCS,1.000
22.38,UAV-1,UAV-2,1.000
22.38,UAV-1,UAV-3,1.000
22.38,UAV-1,UAV-4,1.000
22.38,UAV-1,UAV-5,1.000
22.38,UAV-2,GCS,1.000
22.38,UAV-2,UAV-3,1.000
22.38,UAV-2,UAV-4,1.000
22.38,UAV-2,UAV-5,1.000
22.38,UAV-3,GCS,1.000
22.38,UAV-3,UAV-4,1.000
22.38,UAV-3,UAV-5,1.000
22.38,UAV-4,GCS,1.000
22.38,UAV-4,UAV-5,1.000
22.38,UAV-5,GCS,1.000
23.40,UAV-1,GCS,1.000
23.40,UAV-1,UAV-2,1.000
23.40,UAV-1,UAV-3,1.000
23.40,UAV-1,UAV-4,1.000
23.40,UAV-1,UAV-5,1.000
23.40,UAV-2,GCS,1.000
23.40,UAV-2,UAV-3,1.000
23.40,UAV-2,UAV-4,1.000
23.40,UAV-2,UAV-5,1.000
23.40,UAV-3,GCS,1.000
23.40,UAV-3,UAV-4,1.000
23.40,UAV-3,UAV-5,1.000
23.40,UAV-4,GCS,1.000
23.40,UAV-4,UAV-5,1.000
23.40,UAV-5,GCS,1.000
24.42,UAV-1,GCS,1.000
24.42,UAV-1,UAV-2,1.000
24.42,UAV-1,UAV-3,1.000
24.42,UAV-1,UAV-4,1.000
24.42,UAV-1,UAV-5,1.000
24.42,UAV-2,GCS,1.000
24.42,UAV-2,UAV-3,1.000
24.42,UAV-2,UAV-4,1.000
24.42,UAV-2,UAV-5,1.000
24.42,UAV-3,GCS,1.000
24.42,UAV-3,UAV-4,1.000
24.42,UAV-3,UAV-5,1.000
24.42,UAV-4,GCS,1.000
24.42,UAV-4,UAV-5,1.000
24.42,UAV-5,GCS,1.000
25.44,UAV-1,GCS,1.000
25.44,UAV-1,UAV-2,1.000
25.44,UAV-1,UAV-3,1.000
25.44,UAV-1,UAV-4,1.000
25.44,UAV-1,UAV-5,1.000
25.44,UAV-2,GCS,1.000
25.44,UAV-2,UAV-3,1.000
25.44,UAV-2,UAV-4,1.000
25.44,UAV-2,UAV-5,1.000
25.44,UAV-3,GCS,1.000
25.44,UAV-3,UAV-4,1.000
25.44,UAV-3,UAV-5,1.000
25.44,UAV-4,GCS,1.000
25.44,UAV-4,UAV-5,1.000
25.44,UAV-5,GCS,1.000
26.46,UAV-1,GCS,1.000
26.46,UAV-1,UAV-2,1.000
26.46,UAV-1,UAV-3,1.000
26.46,UAV-1,UAV-4,1.000
26.46,UAV-1,UAV-5,1.000
26.46,UAV-2,GCS,1.000
26.46,UAV-2,UAV-3,1.000
26.46,UAV-2,UAV-4,1.000
26.46,UAV-2,UAV-5,1.000
26.46,UAV-3,GCS,1.000
26.46,UAV-3,UAV-4,1.000
26.46,UAV-3,UAV-5,1.000
26.46,UAV-4,GCS,1.000
26.46,UAV-4,UAV-5,1.000
26.46,UAV-5,GCS,1.000
27.48,UAV-1,GCS,1.000
27.48,UAV-1,UAV-2,1.000
27.48,UAV-1,UAV-3,1.000
27.48,UAV-1,UAV-4,1.000
27.48,UAV-1,UAV-5,1.000
27.48,UAV-2,GCS,1.000
27.48,UAV-2,UAV-3,1.000
27.48,UAV-2,UAV-4,1.000
27.48,UAV-2,UAV-5,1.000
27.48,UAV-3,GCS,1.000
27.48,UAV-3,UAV-4,1.000
27.48,UAV-3,UAV-5,1.000
27.48,UAV-4,GCS,1.000
27.48,UAV-4,UAV-5,1.000
27.48,UAV-5,GCS,1.000
28.50,UAV-1,GCS,1.000
28.50,UAV-1,UAV-2,1.000
28.50,UAV-1,UAV-3,1.000
28.50,UAV-1,UAV-4,1.000
28.50,UAV-1,UAV-5,1.000
28.50,UAV-2,GCS,1.000
28.50,UAV-2,UAV-3,1.000
28.50,UAV-2,UAV-4,1.000
28.50,UAV-2,UAV-5,1.000
28.50,UAV-3,GCS,1.000
28.50,UAV-3,UAV-4,1.000
28.50,UAV-3,UAV-5,1.000
28.50,UAV-4,GCS,1.000
28.50,UAV-4,UAV-5,1.000
28.50,UAV-5,GCS,1.000
29.52,UAV-1,GCS,1.000
29.52,UAV-1,UAV-2,1.000
29.52,UAV-1,UAV-3,1.000
29.52,UAV-1,UAV-4,1.000
29.52,UAV-1,UAV-5,1.000
29.52,UAV-2,GCS,1.000
29.52,UAV-2,UAV-3,1.000
29.52,UAV-2,UAV-4,1.000
29.52,UAV-2,UAV-5,1.000
29.52,UAV-3,GCS,1.000
29.52,UAV-3,UAV-4,1.000
29.52,UAV-3,UAV-5,1.000
29.52,UAV-4,GCS,1.000
29.52,UAV-4,UAV-5,1.000
29.52,UAV-5,GCS,1.000
30.54,UAV-1,GCS,1.000
30.54,UAV-1,UAV-2,1.000
30.54,UAV-1,UAV-3,1.000
30.54,UAV-1,UAV-4,1.000
30.54,UAV-1,UAV-5,1.000
30.54,UAV-2,GCS,1.000
30.54,UAV-2,UAV-3,1.000
30.54,UAV-2,UAV-4,1.000
30.54,UAV-2,UAV-5,1.000
30.54,UAV-3,GCS,1.000
30.54,UAV-3,UAV-4,1.000
30.54,UAV-3,UAV-5,1.000
30.54,UAV-4,GCS,1.000
30.54,UAV-4,UAV-5,1.000
30.54,UAV-5,GCS,1.000
31.56,UAV-1,GCS,1.000
31.56,UAV-1,UAV-2,1.000
31.56,UAV-1,UAV-3,1.000
31.56,UAV-1,UAV-4,1.000
31.56,UAV-1,UAV-5,1.000
31.56,UAV-2,GCS,1.000
31.56,UAV-2,UAV-3,1.000
31.56,UAV-2,UAV-4,1.000
31.56,UAV-2,UAV-5,1.000
31.56,UAV-3,GCS,1.000
31.56,UAV-3,UAV-4,1.000
31.56,UAV-3,UAV-5,1.000
31.56,UAV-4,GCS,1.000
31.56,UAV-4,UAV-5,1.000
31.56,UAV-5,GCS,1.000
32.56,UAV-1,GCS,1.000
32.56,UAV-1,UAV-2,1.000
32.56,UAV-1,UAV-3,1.000
32.56,UAV-1,UAV-4,1.000
32.56,UAV-1,UAV-5,1.000
32.56,UAV-2,GCS,1.000
32.56,UAV-2,UAV-3,1.000
32.56,UAV-2,UAV-4,1.000
32.56,UAV-2,UAV-5,1.000
32.56,UAV-3,GCS,1.000
32.56,UAV-3,UAV-4,1.000
32.56,UAV-3,UAV-5,1.000
32.56,UAV-4,GCS,1.000
32.56,UAV-4,UAV-5,1.000
32.56,UAV-5,GCS,1.000
33.56,UAV-1,GCS,1.000
33.56,UAV-1,UAV-2,1.000
33.56,UAV-1,UAV-3,1.000
33.56,UAV-1,UAV-4,1.000
33.56,UAV-1,UAV-5,1.000
33.56,UAV-2,GCS,1.000
33.56,UAV-2,UAV-3,1.000
33.56,UAV-2,UAV-4,1.000
33.56,UAV-2,UAV-5,1.000
33.56,UAV-3,GCS,1.000
33.56,UAV-3,UAV-4,1.000
33.56,UAV-3,UAV-5,1.000
33.56,UAV-4,GCS,1.000
33.56,UAV-4,UAV-5,1.000
33.56,UAV-5,GCS,1.000
34.56,UAV-1,GCS,1.000
34.56,UAV-1,UAV-2,1.000
34.56,UAV-1,UAV-3,1.000
34.56,UAV-1,UAV-4,1.000
34.56,UAV-1,UAV-5,1.000
34.56,UAV-2,GCS,1.000
34.56,UAV-2,UAV-3,1.000
34.56,UAV-2,UAV-4,1.000
34.56,UAV-2,UAV-5,1.000
34.56,UAV-3,GCS,1.000
34.56,UAV-3,UAV-4,1.000
34.56,UAV-3,UAV-5,1.000
34.56,UAV-4,GCS,1.000
34.56,UAV-4,UAV-5,1.000
34.56,UAV-5,GCS,1.000
35.56,UAV-1,GCS,1.000
35.56,UAV-1,UAV-2,1.000
35.56,UAV-1,UAV-3,1.000
35.56,UAV-1,UAV-4,1.000
35.56,UAV-1,UAV-5,1.000
35.56,UAV-2,GCS,1.000
35.56,UAV-2,UAV-3,1.000
35.56,UAV-2,UAV-4,1.000
35.56,UAV-2,UAV-5,1.000
35.56,UAV-3,GCS,1.000
35.56,UAV-3,UAV-4,1.000
35.56,UAV-3,UAV-5,1.000
35.56,UAV-4,GCS,1.000
35.56,UAV-4,UAV-5,1.000
35.56,UAV-5,GCS,1.000
36.56,UAV-1,GCS,1.000
36.56,UAV-1,UAV-2,1.000
36.56,UAV-1,UAV-3,1.000
36.56,UAV-1,UAV-4,1.000
36.56,UAV-1,UAV-5,1.000
36.56,UAV-2,GCS,1.000
36.56,UAV-2,UAV-3,1.000
36.56,UAV-2,UAV-4,1.000
36.56,UAV-2,UAV-5,1.000
36.56,UAV-3,GCS,1.000
36.56,UAV-3,UAV-4,1.000
36.56,UAV-3,UAV-5,1.000
36.56,UAV-4,GCS,1.000
36.56,UAV-4,UAV-5,1.000
36.56,UAV-5,GCS,1.000
37.56,UAV-1,GCS,1.000
37.56,UAV-1,UAV-2,1.000
37.56,UAV-1,UAV-3,1.000
37.56,UAV-1,UAV-4,1.000
37.56,UAV-1,UAV-5,1.000
37.56,UAV-2,GCS,1.000
37.56,UAV-2,UAV-3,1.000
37.56,UAV-2,UAV-4,1.000
37.56,UAV-2,UAV-5,1.000
37.56,UAV-3,GCS,1.000
37.56,UAV-3,UAV-4,1.000
37.56,UAV-3,UAV-5,1.000
37.56,UAV-4,GCS,1.000
37.56,UAV-4,UAV-5,1.000
37.56,UAV-5,GCS,1.000
38.56,UAV-1,GCS,1.000
38.56,UAV-1,UAV-2,1.000
38.56,UAV-1,UAV-3,1.000
38.56,UAV-1,UAV-4,1.000
38.56,UAV-1,UAV-5,1.000
38.56,UAV-2,GCS,1.000
38.56,UAV-2,UAV-3,1.000
38.56,UAV-2,UAV-4,1.000
38.56,UAV-2,UAV-5,1.000
38.56,UAV-3,GCS,1.000
38.56,UAV-3,UAV-4,1.000
38.56,UAV-3,UAV-5,1.000
38.56,UAV-4,GCS,1.000
38.56,UAV-4,UAV-5,1.000
38.56,UAV-5,GCS,1.000
39.56,UAV-1,GCS,1.000
39.56,UAV-1,UAV-2,1.000
39.56,UAV-1,UAV-3,1.000
39.56,UAV-1,UAV-4,1.000
39.56,UAV-1,UAV-5,1.000
39.56,UAV-2,GCS,1.000
39.56,UAV-2,UAV-3,1.000
39.56,UAV-2,UAV-4,1.000
39.56,UAV-2,UAV-5,1.000
39.56,UAV-3,GCS,1.000
39.56,UAV-3,UAV-4,1.000
39.56,UAV-3,UAV-5,1.000
39.56,UAV-4,GCS,1.000
39.56,UAV-4,UAV-5,1.000
39.56,UAV-5,GCS,1.000
40.56,UAV-1,GCS,1.000
40.56,UAV-1,UAV-2,1.000
40.56,UAV-1,UAV-3,1.000
40.56,UAV-1,UAV-4,1.000
40.56,UAV-1,UAV-5,1.000
40.56,UAV-2,GCS,1.000
40.56,UAV-2,UAV-3,1.000
40.56,UAV-2,UAV-4,1.000
40.56,UAV-2,UAV-5,1.000
40.56,UAV-3,GCS,1.000
40.56,UAV-3,UAV-4,1.000
40.56,UAV-3,UAV-5,1.000
40.56,UAV-4,GCS,1.000
40.56,UAV-4,UAV-5,1.000
40.56,UAV-5,GCS,1.000
41.56,UAV-1,GCS,1.000
41.56,UAV-1,UAV-2,1.000
41.56,UAV-1,UAV-3,1.000
41.56,UAV-1,UAV-4,1.000
41.56,UAV-1,UAV-5,1.000
41.56,UAV-2,GCS,1.000
41.56,UAV-2,UAV-3,1.000
41.56,UAV-2,UAV-4,1.000
41.56,UAV-2,UAV-5,1.000
41.56,UAV-3,GCS,1.000
41.56,UAV-3,UAV-4,1.000
41.56,UAV-3,UAV-5,1.000
41.56,UAV-4,GCS,1.000
41.56,UAV-4,UAV-5,1.000
41.56,UAV-5,GCS,1.000
42.56,UAV-1,GCS,1.000
42.56,UAV-1,UAV-2,1.000
42.56,UAV-1,UAV-3,1.000
42.56,UAV-1,UAV-4,1.000
42.56,UAV-1,UAV-5,1.000
42.56,UAV-2,GCS,1.000
42.56,UAV-2,UAV-3,1.000
42.56,UAV-2,UAV-4,1.000
42.56,UAV-2,UAV-5,1.000
42.56,UAV-3,GCS,1.000
42.56,UAV-3,UAV-4,1.000
42.56,UAV-3,UAV-5,1.000
42.56,UAV-4,GCS,1.000
42.56,UAV-4,UAV-5,1.000
42.56,UAV-5,GCS,1.000
43.56,UAV-1,GCS,1.000
43.56,UAV-1,UAV-2,1.000
43.56,UAV-1,UAV-3,1.000
43.56,UAV-1,UAV-4,1.000
43.56,UAV-1,UAV-5,1.000
43.56,UAV-2,GCS,1.000
43.56,UAV-2,UAV-3,1.000
43.56,UAV-2,UAV-4,1.000
43.56,UAV-2,UAV-5,1.000
43.56,UAV-3,GCS,1.000
43.56,UAV-3,UAV-4,1.000
43.56,UAV-3,UAV-5,1.000
43.56,UAV-4,GCS,1.000
43.56,UAV-4,UAV-5,1.000
43.56,UAV-5,GCS,1.000
44.56,UAV-1,GCS,1.000
44.56,UAV-1,UAV-2,1.000
44.56,UAV-1,UAV-3,1.000
44.56,UAV-1,UAV-4,1.000
44.56,UAV-1,UAV-5,1.000
44.56,UAV-2,GCS,1.000
44.56,UAV-2,UAV-3,1.000
44.56,UAV-2,UAV-4,1.000
44.56,UAV-2,UAV-5,1.000
44.56,UAV-3,GCS,1.000
44.56,UAV-3,UAV-4,1.000
44.56,UAV-3,UAV-5,1.000
44.56,UAV-4,GCS,1.000
44.56,UAV-4,UAV-5,1.000
44.56,UAV-5,GCS,1.000
45.56,UAV-1,GCS,1.000
45.56,UAV-1,UAV-2,1.000
45.56,UAV-1,UAV-3,1.000
45.56,UAV-1,UAV-4,1.000
45.56,UAV-1,UAV-5,1.000
45.56,UAV-2,GCS,1.000
45.56,UAV-2,UAV-3,1.000
45.56,UAV-2,UAV-4,1.000
45.56,UAV-2,UAV-5,1.000
45.56,UAV-3,GCS,1.000
45.56,UAV-3,UAV-4,1.000
45.56,UAV-3,UAV-5,1.000
45.56,UAV-4,GCS,1.000
45.56,UAV-4,UAV-5,1.000
45.56,UAV-5,GCS,1.000
46.56,UAV-1,GCS,1.000
46.56,UAV-1,UAV-2,1.000
46.56,UAV-1,UAV-3,1.000
46.56,UAV-1,UAV-4,1.000
46.56,UAV-1,UAV-5,1.000
46.56,UAV-2,GCS,1.000
46.56,UAV-2,UAV-3,1.000
46.56,UAV-2,UAV-4,1.000
46.56,UAV-2,UAV-5,1.000
46.56,UAV-3,GCS,1.000
46.56,UAV-3,UAV-4,1.000
46.56,UAV-3,UAV-5,1.000
46.56,UAV-4,GCS,1.000
46.56,UAV-4,UAV-5,1.000
46.56,UAV-5,GCS,1.000
47.56,UAV-1,GCS,1.000
47.56,UAV-1,UAV-2,1.000
47.56,UAV-1,UAV-3,1.000
47.56,UAV-1,UAV-4,1.000
47.56,UAV-1,UAV-5,1.000
47.56,UAV-2,GCS,1.000
47.56,UAV-2,UAV-3,1.000
47.56,UAV-2,UAV-4,1.000
47.56,UAV-2,UAV-5,1.000
47.56,UAV-3,GCS,1.000
47.56,UAV-3,UAV-4,1.000
47.56,UAV-3,UAV-5,1.000
47.56,UAV-4,GCS,1.000
47.56,UAV-4,UAV-5,1.000
47.56,UAV-5,GCS,1.000
48.56,UAV-1,GCS,1.000
48.56,UAV-1,UAV-2,1.000
48.56,UAV-1,UAV-3,1.000
48.56,UAV-1,UAV-4,1.000
48.56,UAV-1,UAV-5,1.000
48.56,UAV-2,GCS,1.000
48.56,UAV-2,UAV-3,1.000
48.56,UAV-2,UAV-4,1.000
48.56,UAV-2,UAV-5,1.000
48.56,UAV-3,GCS,1.000
48.56,UAV-3,UAV-4,1.000
48.56,UAV-3,UAV-5,1.000
48.56,UAV-4,GCS,1.000
48.56,UAV-4,UAV-5,1.000
48.56,UAV-5,GCS,1.000
49.56,UAV-1,GCS,1.000
49.56,UAV-1,UAV-2,1.000
49.56,UAV-1,UAV-3,1.000
49.56,UAV-1,UAV-4,1.000
49.56,UAV-1,UAV-5,1.000
49.56,UAV-2,GCS,1.000
49.56,UAV-2,UAV-3,1.000
49.56,UAV-2,UAV-4,1.000
49.56,UAV-2,UAV-5,1.000
49.56,UAV-3,GCS,1.000
49.56,UAV-3,UAV-4,1.000
49.56,UAV-3,UAV-5,1.000
49.56,UAV-4,GCS,1.000
49.56,UAV-4,UAV-5,1.000
49.56,UAV-5,GCS,1.000
50.56,UAV-1,GCS,1.000
50.56,UAV-1,UAV-2,1.000
50.56,UAV-1,UAV-3,1.000
50.56,UAV-1,UAV-4,1.000
50.56,UAV-1,UAV-5,1.000
50.56,UAV-2,GCS,1.000
50.56,UAV-2,UAV-3,1.000
50.56,UAV-2,UAV-4,1.000
50.56,UAV-2,UAV-5,1.000
50.56,UAV-3,GCS,1.000
50.56,UAV-3,UAV-4,1.000
50.56,UAV-3,UAV-5,1.000
50.56,UAV-4,GCS,1.000
50.56,UAV-4,UAV-5,1.000
50.56,UAV-5,GCS,1.000
51.56,UAV-1,GCS,1.000
51.56,UAV-1,UAV-2,1.000
51.56,UAV-1,UAV-3,1.000
51.56,UAV-1,UAV-4,1.000
51.56,UAV-1,UAV-5,1.000
51.56,UAV-2,GCS,1.000
51.56,UAV-2,UAV-3,1.000
51.56,UAV-2,UAV-4,1.000
51.56,UAV-2,UAV-5,1.000
51.56,UAV-3,GCS,1.000
51.56,UAV-3,UAV-4,1.000
51.56,UAV-3,UAV-5,1.000
51.56,UAV-4,GCS,1.000
51.56,UAV-4,UAV-5,1.000
51.56,UAV-5,GCS,1.000
52.56,UAV-1,GCS,1.000
52.56,UAV-1,UAV-2,1.000
52.56,UAV-1,UAV-3,1.000
52.56,UAV-1,UAV-4,1.000
52.56,UAV-1,UAV-5,1.000
52.56,UAV-2,GCS,1.000
52.56,UAV-2,UAV-3,1.000
52.56,UAV-2,UAV-4,1.000
52.56,UAV-2,UAV-5,1.000
52.56,UAV-3,GCS,1.000
52.56,UAV-3,UAV-4,1.000
52.56,UAV-3,UAV-5,1.000
52.56,UAV-4,GCS,1.000
52.56,UAV-4,UAV-5,1.000
52.56,UAV-5,GCS,1.000
53.56,UAV-1,GCS,1.000
53.56,UAV-1,UAV-2,1.000
53.56,UAV-1,UAV-3,1.000
53.56,UAV-1,UAV-4,1.000
53.56,UAV-1,UAV-5,1.000
53.56,UAV-2,GCS,1.000
53.56,UAV-2,UAV-3,1.000
53.56,UAV-2,UAV-4,1.000
53.56,UAV-2,UAV-5,1.000
53.56,UAV-3,GCS,1.000
53.56,UAV-3,UAV-4,1.000
53.56,UAV-3,UAV-5,1.000
53.56,UAV-4,GCS,1.000
53.56,UAV-4,UAV-5,1.000
53.56,UAV-5,GCS,1.000
54.56,UAV-1,GCS,1.000
54.56,UAV-1,UAV-2,1.000
54.56,UAV-1,UAV-3,1.000
54.56,UAV-1,UAV-4,1.000
54.56,UAV-1,UAV-5,1.000
54.56,UAV-2,GCS,1.000
54.56,UAV-2,UAV-3,1.000
54.56,UAV-2,UAV-4,1.000
54.56,UAV-2,UAV-5,1.000
54.56,UAV-3,GCS,1.000
54.56,UAV-3,UAV-4,1.000
54.56,UAV-3,UAV-5,1.000
54.56,UAV-4,GCS,1.000
54.56,UAV-4,UAV-5,1.000
54.56,UAV-5,GCS,1.000
55.56,UAV-1,GCS,1.000
55.56,UAV-1,UAV-2,1.000
55.56,UAV-1,UAV-3,1.000
55.56,UAV-1,UAV-4,1.000
55.56,UAV-1,UAV-5,1.000
55.56,UAV-2,GCS,1.000
55.56,UAV-2,UAV-3,1.000
55.56,UAV-2,UAV-4,1.000
55.56,UAV-2,UAV-5,1.000
55.56,UAV-3,GCS,1.000
55.56,UAV-3,UAV-4,1.000
55.56,UAV-3,UAV-5,1.000
55.56,UAV-4,GCS,1.000
55.56,UAV-4,UAV-5,1.000
55.56,UAV-5,GCS,1.000
56.56,UAV-1,GCS,1.000
56.56,UAV-1,UAV-2,1.000
56.56,UAV-1,UAV-3,1.000
56.56,UAV-1,UAV-4,1.000
56.56,UAV-1,UAV-5,1.000
56.56,UAV-2,GCS,1.000
56.56,UAV-2,UAV-3,1.000
56.56,UAV-2,UAV-4,1.000
56.56,UAV-2,UAV-5,1.000
56.56,UAV-3,GCS,1.000
56.56,UAV-3,UAV-4,1.000
56.56,UAV-3,UAV-5,1.000
56.56,UAV-4,GCS,1.000
56.56,UAV-4,UAV-5,1.000
56.56,UAV-5,GCS,1.000
57.56,UAV-1,GCS,1.000
57.56,UAV-1,UAV-2,1.000
57.56,UAV-1,UAV-3,1.000
57.56,UAV-1,UAV-4,1.000
57.56,UAV-1,UAV-5,1.000
57.56,UAV-2,GCS,1.000
57.56,UAV-2,UAV-3,1.000
57.56,UAV-2,UAV-4,1.000
57.56,UAV-2,UAV-5,1.000
57.56,UAV-3,GCS,1.000
57.56,UAV-3,UAV-4,1.000
57.56,UAV-3,UAV-5,1.000
57.56,UAV-4,GCS,1.000
57.56,UAV-4,UAV-5,1.000
57.56,UAV-5,GCS,1.000
58.56,UAV-1,GCS,1.000
58.56,UAV-1,UAV-2,1.000
58.56,UAV-1,UAV-3,1.000
58.56,UAV-1,UAV-4,1.000
58.56,UAV-1,UAV-5,1.000
58.56,UAV-2,GCS,1.000
58.56,UAV-2,UAV-3,1.000
58.56,UAV-2,UAV-4,1.000
58.56,UAV-2,UAV-5,1.000
58.56,UAV-3,GCS,1.000
58.56,UAV-3,UAV-4,1.000
58.56,UAV-3,UAV-5,1.000
58.56,UAV-4,GCS,1.000
58.56,UAV-4,UAV-5,1.000
58.56,UAV-5,GCS,1.000
59.56,UAV-1,GCS,1.000
59.56,UAV-1,UAV-2,1.000
59.56,UAV-1,UAV-3,1.000
59.56,UAV-1,UAV-4,1.000
59.56,UAV-1,UAV-5,1.000
59.56,UAV-2,GCS,1.000
59.56,UAV-2,UAV-3,1.000
59.56,UAV-2,UAV-4,1.000
59.56,UAV-2,UAV-5,1.000
59.56,UAV-3,GCS,1.000
59.56,UAV-3,UAV-4,1.000
59.56,UAV-3,UAV-5,1.000
59.56,UAV-4,GCS,1.000
59.56,UAV-4,UAV-5,1.000
59.56,UAV-5,GCS,1.000
60.56,UAV-1,GCS,1.000
60.56,UAV-1,UAV-2,1.000
60.56,UAV-1,UAV-3,1.000
60.56,UAV-1,UAV-4,1.000
60.56,UAV-1,UAV-5,1.000
60.56,UAV-2,GCS,1.000
60.56,UAV-2,UAV-3,1.000
60.56,UAV-2,UAV-4,1.000
60.56,UAV-2,UAV-5,1.000
60.56,UAV-3,GCS,1.000
60.56,UAV-3,UAV-4,1.000
60.56,UAV-3,UAV-5,1.000
60.56,UAV-4,GCS,1.000
60.56,UAV-4,UAV-5,1.000
60.56,UAV-5,GCS,1.000
61.56,UAV-1,GCS,1.000
61.56,UAV-1,UAV-2,1.000
61.56,UAV-1,UAV-3,1.000
61.56,UAV-1,UAV-4,1.000
61.56,UAV-1,UAV-5,1.000
61.56,UAV-2,GCS,1.000
61.56,UAV-2,UAV-3,1.000
61.56,UAV-2,UAV-4,1.000
61.56,UAV-2,UAV-5,1.000
61.56,UAV-3,GCS,1.000
61.56,UAV-3,UAV-4,1.000
61.56,UAV-3,UAV-5,1.000
61.56,UAV-4,GCS,1.000
61.56,UAV-4,UAV-5,1.000
61.56,UAV-5,GCS,1.000
62.56,UAV-1,GCS,1.000
62.56,UAV-1,UAV-2,1.000
62.56,UAV-1,UAV-3,1.000
62.56,UAV-1,UAV-4,1.000
62.56,UAV-1,UAV-5,1.000
62.56,UAV-2,GCS,1.000
62.56,UAV-2,UAV-3,1.000
62.56,UAV-2,UAV-4,1.000
62.56,UAV-2,UAV-5,1.000
62.56,UAV-3,GCS,1.000
62.56,UAV-3,UAV-4,1.000
62.56,UAV-3,UAV-5,1.000
62.56,UAV-4,GCS,1.000
62.56,UAV-4,UAV-5,1.000
62.56,UAV-5,GCS,1.000
63.56,UAV-1,GCS,1.000
63.56,UAV-1,UAV-2,1.000
63.56,UAV-1,UAV-3,1.000
63.56,UAV-1,UAV-4,1.000
63.56,UAV-1,UAV-5,1.000
63.56,UAV-2,GCS,1.000
63.56,UAV-2,UAV-3,1.000
63.56,UAV-2,UAV-4,1.000
63.56,UAV-2,UAV-5,1.000
63.56,UAV-3,GCS,1.000
63.56,UAV-3,UAV-4,1.000
63.56,UAV-3,UAV-5,1.000
63.56,UAV-4,GCS,1.000
63.56,UAV-4,UAV-5,1.000
63.56,UAV-5,GCS,1.000
64.58,UAV-1,GCS,0.958
64.58,UAV-1,UAV-2,1.000
64.58,UAV-1,UAV-3,1.000
64.58,UAV-1,UAV-4,1.000
64.58,UAV-1,UAV-5,1.000
64.58,UAV-2,GCS,1.000
64.58,UAV-2,UAV-3,1.000
64.58,UAV-2,UAV-4,1.000
64.58,UAV-2,UAV-5,1.000
64.58,UAV-3,GCS,1.000
64.58,UAV-3,UAV-4,1.000
64.58,UAV-3,UAV-5,1.000
64.58,UAV-4,GCS,1.000
64.58,UAV-4,UAV-5,1.000
64.58,UAV-5,GCS,1.000
65.60,UAV-1,GCS,1.000
65.60,UAV-1,UAV-2,1.000
65.60,UAV-1,UAV-3,1.000
65.60,UAV-1,UAV-4,1.000
65.60,UAV-1,UAV-5,1.000
65.60,UAV-2,GCS,1.000
65.60,UAV-2,UAV-3,1.000
65.60,UAV-2,UAV-4,1.000
65.60,UAV-2,UAV-5,1.000
65.60,UAV-3,GCS,1.000
65.60,UAV-3,UAV-4,1.000
65.60,UAV-3,UAV-5,1.000
65.60,UAV-4,GCS,1.000
65.60,UAV-4,UAV-5,1.000
65.60,UAV-5,GCS,1.000
66.62,UAV-1,GCS,1.000
66.62,UAV-1,UAV-2,1.000
66.62,UAV-1,UAV-3,1.000
66.62,UAV-1,UAV-4,1.000
66.62,UAV-1,UAV-5,1.000
66.62,UAV-2,GCS,1.000
66.62,UAV-2,UAV-3,1.000
66.62,UAV-2,UAV-4,1.000
66.62,UAV-2,UAV-5,1.000
66.62,UAV-3,GCS,1.000
66.62,UAV-3,UAV-4,1.000
66.62,UAV-3,UAV-5,1.000
66.62,UAV-4,GCS,1.000
66.62,UAV-4,UAV-5,1.000
66.62,UAV-5,GCS,1.000
67.64,UAV-1,GCS,1.000
67.64,UAV-1,UAV-2,1.000
67.64,UAV-1,UAV-3,1.000
67.64,UAV-1,UAV-4,1.000
67.64,UAV-1,UAV-5,1.000
67.64,UAV-2,GCS,1.000
67.64,UAV-2,UAV-3,1.000
67.64,UAV-2,UAV-4,1.000
67.64,UAV-2,UAV-5,1.000
67.64,UAV-3,GCS,1.000
67.64,UAV-3,UAV-4,1.000
67.64,UAV-3,UAV-5,1.000
67.64,UAV-4,GCS,1.000
67.64,UAV-4,UAV-5,1.000
67.64,UAV-5,GCS,1.000
68.66,UAV-1,GCS,1.000
68.66,UAV-1,UAV-2,1.000
68.66,UAV-1,UAV-3,1.000
68.66,UAV-1,UAV-4,1.000
68.66,UAV-1,UAV-5,1.000
68.66,UAV-2,GCS,1.000
68.66,UAV-2,UAV-3,1.000
68.66,UAV-2,UAV-4,1.000
68.66,UAV-2,UAV-5,1.000
68.66,UAV-3,GCS,1.000
68.66,UAV-3,UAV-4,1.000
68.66,UAV-3,UAV-5,1.000
68.66,UAV-4,GCS,1.000
68.66,UAV-4,UAV-5,1.000
68.66,UAV-5,GCS,1.000
69.68,UAV-1,GCS,1.000
69.68,UAV-1,UAV-2,1.000
69.68,UAV-1,UAV-3,1.000
69.68,UAV-1,UAV-4,1.000
69.68,UAV-1,UAV-5,1.000
69.68,UAV-2,GCS,1.000
69.68,UAV-2,UAV-3,1.000
69.68,UAV-2,UAV-4,1.000
69.68,UAV-2,UAV-5,1.000
69.68,UAV-3,GCS,1.000
69.68,UAV-3,UAV-4,1.000
69.68,UAV-3,UAV-5,1.000
69.68,UAV-4,GCS,1.000
69.68,UAV-4,UAV-5,1.000
69.68,UAV-5,GCS,1.000
70.70,UAV-1,GCS,1.000
70.70,UAV-1,UAV-2,1.000
70.70,UAV-1,UAV-3,1.000
70.70,UAV-1,UAV-4,1.000
70.70,UAV-1,UAV-5,1.000
70.70,UAV-2,GCS,1.000
70.70,UAV-2,UAV-3,1.000
70.70,UAV-2,UAV-4,1.000
70.70,UAV-2,UAV-5,1.000
70.70,UAV-3,GCS,1.000
70.70,UAV-3,UAV-4,1.000
70.70,UAV-3,UAV-5,1.000
70.70,UAV-4,GCS,1.000
70.70,UAV-4,UAV-5,1.000
70.70,UAV-5,GCS,1.000
71.72,UAV-1,GCS,1.000
71.72,UAV-1,UAV-2,1.000
71.72,UAV-1,UAV-3,1.000
71.72,UAV-1,UAV-4,1.000
71.72,UAV-1,UAV-5,1.000
71.72,UAV-2,GCS,1.000
71.72,UAV-2,UAV-3,1.000
71.72,UAV-2,UAV-4,1.000
71.72,UAV-2,UAV-5,1.000
71.72,UAV-3,GCS,1.000
71.72,UAV-3,UAV-4,1.000
71.72,UAV-3,UAV-5,1.000
71.72,UAV-4,GCS,1.000
71.72,UAV-4,UAV-5,1.000
71.72,UAV-5,GCS,1.000
72.74,UAV-1,GCS,1.000
72.74,UAV-1,UAV-2,1.000
72.74,UAV-1,UAV-3,1.000
72.74,UAV-1,UAV-4,1.000
72.74,UAV-1,UAV-5,1.000
72.74,UAV-2,GCS,1.000
72.74,UAV-2,UAV-3,1.000
72.74,UAV-2,UAV-4,1.000
72.74,UAV-2,UAV-5,1.000
72.74,UAV-3,GCS,1.000
72.74,UAV-3,UAV-4,1.000
72.74,UAV-3,UAV-5,1.000
72.74,UAV-4,GCS,1.000
72.74,UAV-4,UAV-5,1.000
72.74,UAV-5,GCS,1.000
73.76,UAV-1,GCS,1.000
73.76,UAV-1,UAV-2,1.000
73.76,UAV-1,UAV-3,1.000
73.76,UAV-1,UAV-4,1.000
73.76,UAV-1,UAV-5,1.000
73.76,UAV-2,GCS,1.000
73.76,UAV-2,UAV-3,1.000
73.76,UAV-2,UAV-4,1.000
73.76,UAV-2,UAV-5,1.000
73.76,UAV-3,GCS,1.000
73.76,UAV-3,UAV-4,1.000
73.76,UAV-3,UAV-5,1.000
73.76,UAV-4,GCS,1.000
73.76,UAV-4,UAV-5,1.000
73.76,UAV-5,GCS,1.000
74.78,UAV-1,GCS,1.000
74.78,UAV-1,UAV-2,1.000
74.78,UAV-1,UAV-3,1.000
74.78,UAV-1,UAV-4,1.000
74.78,UAV-1,UAV-5,1.000
74.78,UAV-2,GCS,1.000
74.78,UAV-2,UAV-3,1.000
74.78,UAV-2,UAV-4,1.000
74.78,UAV-2,UAV-5,1.000
74.78,UAV-3,GCS,1.000
74.78,UAV-3,UAV-4,1.000
74.78,UAV-3,UAV-5,1.000
74.78,UAV-4,GCS,1.000
74.78,UAV-4,UAV-5,1.000
74.78,UAV-5,GCS,1.000
75.80,UAV-1,GCS,1.000
75.80,UAV-1,UAV-2,1.000
75.80,UAV-1,UAV-3,1.000
75.80,UAV-1,UAV-4,1.000
75.80,UAV-1,UAV-5,1.000
75.80,UAV-2,GCS,1.000
75.80,UAV-2,UAV-3,1.000
75.80,UAV-2,UAV-4,1.000
75.80,UAV-2,UAV-5,1.000
75.80,UAV-3,GCS,1.000
75.80,UAV-3,UAV-4,1.000
75.80,UAV-3,UAV-5,1.000
75.80,UAV-4,GCS,1.000
75.80,UAV-4,UAV-5,1.000
75.80,UAV-5,GCS,1.000
76.82,UAV-1,GCS,1.000
76.82,UAV-1,UAV-2,1.000
76.82,UAV-1,UAV-3,1.000
76.82,UAV-1,UAV-4,1.000
76.82,UAV-1,UAV-5,1.000
76.82,UAV-2,GCS,1.000
76.82,UAV-2,UAV-3,1.000
76.82,UAV-2,UAV-4,1.000
76.82,UAV-2,UAV-5,1.000
76.82,UAV-3,GCS,1.000
76.82,UAV-3,UAV-4,1.000
76.82,UAV-3,UAV-5,1.000
76.82,UAV-4,GCS,1.000
76.82,UAV-4,UAV-5,1.000
76.82,UAV-5,GCS,1.000
77.84,UAV-1,GCS,1.000
77.84,UAV-1,UAV-2,1.000
77.84,UAV-1,UAV-3,1.000
77.84,UAV-1,UAV-4,1.000
77.84,UAV-1,UAV-5,1.000
77.84,UAV-2,GCS,1.000
77.84,UAV-2,UAV-3,1.000
77.84,UAV-2,UAV-4,1.000
77.84,UAV-2,UAV-5,1.000
77.84,UAV-3,GCS,1.000
77.84,UAV-3,UAV-4,1.000
77.84,UAV-3,UAV-5,1.000
77.84,UAV-4,GCS,1.000
77.84,UAV-4,UAV-5,1.000
77.84,UAV-5,GCS,1.000
78.86,UAV-1,GCS,1.000
78.86,UAV-1,UAV-2,1.000
78.86,UAV-1,UAV-3,1.000
78.86,UAV-1,UAV-4,1.000
78.86,UAV-1,UAV-5,1.000
78.86,UAV-2,GCS,1.000
78.86,UAV-2,UAV-3,1.000
78.86,UAV-2,UAV-4,1.000
78.86,UAV-2,UAV-5,1.000
78.86,UAV-3,GCS,1.000
78.86,UAV-3,UAV-4,1.000
78.86,UAV-3,UAV-5,1.000
78.86,UAV-4,GCS,1.000
78.86,UAV-4,UAV-5,1.000
78.86,UAV-5,GCS,1.000
79.88,UAV-1,GCS,1.000
79.88,UAV-1,UAV-2,1.000
79.88,UAV-1,UAV-3,1.000
79.88,UAV-1,UAV-4,1.000
79.88,UAV-1,UAV-5,1.000
79.88,UAV-2,GCS,1.000
79.88,UAV-2,UAV-3,1.000
79.88,UAV-2,UAV-4,1.000
79.88,UAV-2,UAV-5,1.000
79.88,UAV-3,GCS,1.000
79.88,UAV-3,UAV-4,1.000
79.88,UAV-3,UAV-5,1.000
79.88,UAV-4,GCS,1.000
79.88,UAV-4,UAV-5,1.000
79.88,UAV-5,GCS,1.000
80.90,UAV-1,GCS,1.000
80.90,UAV-1,UAV-2,1.000
80.90,UAV-1,UAV-3,1.000
80.90,UAV-1,UAV-4,1.000
80.90,UAV-1,UAV-5,1.000
80.90,UAV-2,GCS,1.000
80.90,UAV-2,UAV-3,1.000
80.90,UAV-2,UAV-4,1.000
80.90,UAV-2,UAV-5,1.000
80.90,UAV-3,GCS,1.000
80.90,UAV-3,UAV-4,1.000
80.90,UAV-3,UAV-5,1.000
80.90,UAV-4,GCS,1.000
80.90,UAV-4,UAV-5,1.000
80.90,UAV-5,GCS,1.000
81.92,UAV-1,GCS,1.000
81.92,UAV-1,UAV-2,1.000
81.92,UAV-1,UAV-3,1.000
81.92,UAV-1,UAV-4,1.000
81.92,UAV-1,UAV-5,1.000
81.92,UAV-2,GCS,1.000
81.92,UAV-2,UAV-3,1.000
81.92,UAV-2,UAV-4,1.000
81.92,UAV-2,UAV-5,1.000
81.92,UAV-3,GCS,1.000
81.92,UAV-3,UAV-4,1.000
81.92,UAV-3,UAV-5,1.000
81.92,UAV-4,GCS,1.000
81.92,UAV-4,UAV-5,1.000
81.92,UAV-5,GCS,1.000
82.94,UAV-1,GCS,1.000
82.94,UAV-1,UAV-2,1.000
82.94,UAV-1,UAV-3,1.000
82.94,UAV-1,UAV-4,1.000
82.94,UAV-1,UAV-5,1.000
82.94,UAV-2,GCS,1.000
82.94,UAV-2,UAV-3,1.000
82.94,UAV-2,UAV-4,1.000
82.94,UAV-2,UAV-5,1.000
82.94,UAV-3,GCS,1.000
82.94,UAV-3,UAV-4,1.000
82.94,UAV-3,UAV-5,1.000
82.94,UAV-4,GCS,1.000
82.94,UAV-4,UAV-5,1.000
82.94,UAV-5,GCS,1.000
83.96,UAV-1,GCS,1.000
83.96,UAV-1,UAV-2,1.000
83.96,UAV-1,UAV-3,1.000
83.96,UAV-1,UAV-4,1.000
83.96,UAV-1,UAV-5,1.000
83.96,UAV-2,GCS,1.000
83.96,UAV-2,UAV-3,1.000
83.96,UAV-2,UAV-4,1.000
83.96,UAV-2,UAV-5,1.000
83.96,UAV-3,GCS,1.000
83.96,UAV-3,UAV-4,1.000
83.96,UAV-3,UAV-5,1.000
83.96,UAV-4,GCS,1.000
83.96,UAV-4,UAV-5,1.000
83.96,UAV-5,GCS,1.000
84.98,UAV-1,GCS,1.000
84.98,UAV-1,UAV-2,1.000
84.98,UAV-1,UAV-3,1.000
84.98,UAV-1,UAV-4,1.000
84.98,UAV-1,UAV-5,1.000
84.98,UAV-2,GCS,1.000
84.98,UAV-2,UAV-3,1.000
84.98,UAV-2,UAV-4,1.000
84.98,UAV-2,UAV-5,1.000
84.98,UAV-3,GCS,1.000
84.98,UAV-3,UAV-4,1.000
84.98,UAV-3,UAV-5,1.000
84.98,UAV-4,GCS,1.000
84.98,UAV-4,UAV-5,1.000
84.98,UAV-5,GCS,1.000
86.00,UAV-1,GCS,1.000
86.00,UAV-1,UAV-2,1.000
86.00,UAV-1,UAV-3,1.000
86.00,UAV-1,UAV-4,1.000
86.00,UAV-1,UAV-5,1.000
86.00,UAV-2,GCS,1.000
86.00,UAV-2,UAV-3,1.000
86.00,UAV-2,UAV-4,1.000
86.00,UAV-2,UAV-5,1.000
86.00,UAV-3,GCS,1.000
86.00,UAV-3,UAV-4,1.000
86.00,UAV-3,UAV-5,1.000
86.00,UAV-4,GCS,1.000
86.00,UAV-4,UAV-5,1.000
86.00,UAV-5,GCS,1.000
87.02,UAV-1,GCS,1.000
87.02,UAV-1,UAV-2,1.000
87.02,UAV-1,UAV-3,1.000
87.02,UAV-1,UAV-4,1.000
87.02,UAV-1,UAV-5,1.000
87.02,UAV-2,GCS,1.000
87.02,UAV-2,UAV-3,1.000
87.02,UAV-2,UAV-4,1.000
87.02,UAV-2,UAV-5,1.000
87.02,UAV-3,GCS,1.000
87.02,UAV-3,UAV-4,1.000
87.02,UAV-3,UAV-5,1.000
87.02,UAV-4,GCS,1.000
87.02,UAV-4,UAV-5,1.000
87.02,UAV-5,GCS,1.000
88.04,UAV-1,GCS,1.000
88.04,UAV-1,UAV-2,1.000
88.04,UAV-1,UAV-3,1.000
88.04,UAV-1,UAV-4,1.000
88.04,UAV-1,UAV-5,1.000
88.04,UAV-2,GCS,1.000
88.04,UAV-2,UAV-3,1.000
88.04,UAV-2,UAV-4,1.000
88.04,UAV-2,UAV-5,1.000
88.04,UAV-3,GCS,1.000
88.04,UAV-3,UAV-4,1.000
88.04,UAV-3,UAV-5,1.000
88.04,UAV-4,GCS,1.000
88.04,UAV-4,UAV-5,1.000
88.04,UAV-5,GCS,1.000
89.06,UAV-1,GCS,1.000
89.06,UAV-1,UAV-2,1.000
89.06,UAV-1,UAV-3,1.000
89.06,UAV-1,UAV-4,1.000
89.06,UAV-1,UAV-5,1.000
89.06,UAV-2,GCS,1.000
89.06,UAV-2,UAV-3,1.000
89.06,UAV-2,UAV-4,1.000
89.06,UAV-2,UAV-5,1.000
89.06,UAV-3,GCS,1.000
89.06,UAV-3,UAV-4,1.000
89.06,UAV-3,UAV-5,1.000
89.06,UAV-4,GCS,1.000
89.06,UAV-4,UAV-5,1.000
89.06,UAV-5,GCS,1.000
90.08,UAV-1,GCS,1.000
90.08,UAV-1,UAV-2,1.000
90.08,UAV-1,UAV-3,1.000
90.08,UAV-1,UAV-4,1.000
90.08,UAV-1,UAV-5,1.000
90.08,UAV-2,GCS,1.000
90.08,UAV-2,UAV-3,1.000
90.08,UAV-2,UAV-4,1.000
90.08,UAV-2,UAV-5,1.000
90.08,UAV-3,GCS,1.000
90.08,UAV-3,UAV-4,1.000
90.08,UAV-3,UAV-5,1.000
90.08,UAV-4,GCS,1.000
90.08,UAV-4,UAV-5,1.000
90.08,UAV-5,GCS,1.000
91.10,UAV-1,GCS,1.000
91.10,UAV-1,UAV-2,1.000
91.10,UAV-1,UAV-3,1.000
91.10,UAV-1,UAV-4,1.000
91.10,UAV-1,UAV-5,1.000
91.10,UAV-2,GCS,1.000
91.10,UAV-2,UAV-3,1.000
91.10,UAV-2,UAV-4,1.000
91.10,UAV-2,UAV-5,1.000
91.10,UAV-3,GCS,1.000
91.10,UAV-3,UAV-4,1.000
91.10,UAV-3,UAV-5,1.000
91.10,UAV-4,GCS,1.000
91.10,UAV-4,UAV-5,1.000
91.10,UAV-5,GCS,1.000
92.12,UAV-1,GCS,1.000
92.12,UAV-1,UAV-2,1.000
92.12,UAV-1,UAV-3,1.000
92.12,UAV-1,UAV-4,1.000
92.12,UAV-1,UAV-5,1.000
92.12,UAV-2,GCS,1.000
92.12,UAV-2,UAV-3,1.000
92.12,UAV-2,UAV-4,1.000
92.12,UAV-2,UAV-5,1.000
92.12,UAV-3,GCS,1.000
92.12,UAV-3,UAV-4,1.000
92.12,UAV-3,UAV-5,1.000
92.12,UAV-4,GCS,1.000
92.12,UAV-4,UAV-5,1.000
92.12,UAV-5,GCS,1.000
93.14,UAV-1,GCS,1.000
93.14,UAV-1,UAV-2,1.000
93.14,UAV-1,UAV-3,1.000
93.14,UAV-1,UAV-4,1.000
93.14,UAV-1,UAV-5,1.000
93.14,UAV-2,GCS,1.000
93.14,UAV-2,UAV-3,1.000
93.14,UAV-2,UAV-4,1.000
93.14,UAV-2,UAV-5,1.000
93.14,UAV-3,GCS,1.000
93.14,UAV-3,UAV-4,1.000
93.14,UAV-3,UAV-5,1.000
93.14,UAV-4,GCS,1.000
93.14,UAV-4,UAV-5,1.000
93.14,UAV-5,GCS,1.000
94.16,UAV-1,GCS,1.000
94.16,UAV-1,UAV-2,1.000
94.16,UAV-1,UAV-3,1.000
94.16,UAV-1,UAV-4,1.000
94.16,UAV-1,UAV-5,1.000
94.16,UAV-2,GCS,1.000
94.16,UAV-2,UAV-3,1.000
94.16,UAV-2,UAV-4,1.000
94.16,UAV-2,UAV-5,1.000
94.16,UAV-3,GCS,1.000
94.16,UAV-3,UAV-4,1.000
94.16,UAV-3,UAV-5,1.000
94.16,UAV-4,GCS,1.000
94.16,UAV-4,UAV-5,1.000
94.16,UAV-5,GCS,1.000
95.18,UAV-1,GCS,1.000
95.18,UAV-1,UAV-2,1.000
95.18,UAV-1,UAV-3,1.000
95.18,UAV-1,UAV-4,1.000
95.18,UAV-1,UAV-5,1.000
95.18,UAV-2,GCS,1.000
95.18,UAV-2,UAV-3,1.000
95.18,UAV-2,UAV-4,1.000
95.18,UAV-2,UAV-5,1.000
95.18,UAV-3,GCS,1.000
95.18,UAV-3,UAV-4,1.000
95.18,UAV-3,UAV-5,1.000
95.18,UAV-4,GCS,1.000
95.18,UAV-4,UAV-5,1.000
95.18,UAV-5,GCS,1.000
96.20,UAV-1,GCS,1.000
96.20,UAV-1,UAV-2,1.000
96.20,UAV-1,UAV-3,1.000
96.20,UAV-1,UAV-4,1.000
96.20,UAV-1,UAV-5,1.000
96.20,UAV-2,GCS,1.000
96.20,UAV-2,UAV-3,1.000
96.20,UAV-2,UAV-4,1.000
96.20,UAV-2,UAV-5,1.000
96.20,UAV-3,GCS,1.000
96.20,UAV-3,UAV-4,1.000
96.20,UAV-3,UAV-5,1.000
96.20,UAV-4,GCS,1.000
96.20,UAV-4,UAV-5,1.000
96.20,UAV-5,GCS,1.000
97.22,UAV-1,GCS,1.000
97.22,UAV-1,UAV-2,1.000
97.22,UAV-1,UAV-3,1.000
97.22,UAV-1,UAV-4,1.000
97.22,UAV-1,UAV-5,1.000
97.22,UAV-2,GCS,1.000
97.22,UAV-2,UAV-3,1.000
97.22,UAV-2,UAV-4,1.000
97.22,UAV-2,UAV-5,1.000
97.22,UAV-3,GCS,1.000
97.22,UAV-3,UAV-4,1.000
97.22,UAV-3,UAV-5,1.000
97.22,UAV-4,GCS,1.000
97.22,UAV-4,UAV-5,1.000
97.22,UAV-5,GCS,1.000
98.24,UAV-1,GCS,1.000
98.24,UAV-1,UAV-2,1.000
98.24,UAV-1,UAV-3,1.000
98.24,UAV-1,UAV-4,1.000
98.24,UAV-1,UAV-5,1.000
98.24,UAV-2,GCS,1.000
98.24,UAV-2,UAV-3,1.000
98.24,UAV-2,UAV-4,1.000
98.24,UAV-2,UAV-5,1.000
98.24,UAV-3,GCS,1.000
98.24,UAV-3,UAV-4,1.000
98.24,UAV-3,UAV-5,1.000
98.24,UAV-4,GCS,1.000
98.24,UAV-4,UAV-5,1.000
98.24,UAV-5,GCS,1.000
99.26,UAV-1,GCS,1.000
99.26,UAV-1,UAV-2,1.000
99.26,UAV-1,UAV-3,1.000
99.26,UAV-1,UAV-4,1.000
99.26,UAV-1,UAV-5,1.000
99.26,UAV-2,GCS,1.000
99.26,UAV-2,UAV-3,1.000
99.26,UAV-2,UAV-4,1.000
99.26,UAV-2,UAV-5,1.000
99.26,UAV-3,GCS,1.000
99.26,UAV-3,UAV-4,1.000
99.26,UAV-3,UAV-5,1.000
99.26,UAV-4,GCS,1.000
99.26,UAV-4,UAV-5,1.000
99.26,UAV-5,GCS,1.000
100.28,UAV-1,GCS,1.000
100.28,UAV-1,UAV-2,1.000
100.28,UAV-1,UAV-3,1.000
100.28,UAV-1,UAV-4,1.000
100.28,UAV-1,UAV-5,1.000
100.28,UAV-2,GCS,1.000
100.28,UAV-2,UAV-3,1.000
100.28,UAV-2,UAV-4,1.000
100.28,UAV-2,UAV-5,1.000
100.28,UAV-3,GCS,1.000
100.28,UAV-3,UAV-4,1.000
100.28,UAV-3,UAV-5,1.000
100.28,UAV-4,GCS,1.000
100.28,UAV-4,UAV-5,1.000
100.28,UAV-5,GCS,1.000
101.30,UAV-1,GCS,1.000
101.30,UAV-1,UAV-2,1.000
101.30,UAV-1,UAV-3,1.000
101.30,UAV-1,UAV-4,1.000
101.30,UAV-1,UAV-5,1.000
101.30,UAV-2,GCS,1.000
101.30,UAV-2,UAV-3,1.000
101.30,UAV-2,UAV-4,1.000
101.30,UAV-2,UAV-5,1.000
101.30,UAV-3,GCS,1.000
101.30,UAV-3,UAV-4,1.000
101.30,UAV-3,UAV-5,1.000
101.30,UAV-4,GCS,1.000
101.30,UAV-4,UAV-5,1.000
101.30,UAV-5,GCS,1.000
102.32,UAV-1,GCS,1.000
102.32,UAV-1,UAV-2,1.000
102.32,UAV-1,UAV-3,1.000
102.32,UAV-1,UAV-4,1.000
102.32,UAV-1,UAV-5,1.000
102.32,UAV-2,GCS,1.000
102.32,UAV-2,UAV-3,1.000
102.32,UAV-2,UAV-4,1.000
102.32,UAV-2,UAV-5,1.000
102.32,UAV-3,GCS,1.000
102.32,UAV-3,UAV-4,1.000
102.32,UAV-3,UAV-5,1.000
102.32,UAV-4,GCS,1.000
102.32,UAV-4,UAV-5,1.000
102.32,UAV-5,GCS,1.000
103.34,UAV-1,GCS,1.000
103.34,UAV-1,UAV-2,1.000
103.34,UAV-1,UAV-3,1.000
103.34,UAV-1,UAV-4,1.000
103.34,UAV-1,UAV-5,1.000
103.34,UAV-2,GCS,1.000
103.34,UAV-2,UAV-3,1.000
103.34,UAV-2,UAV-4,1.000
103.34,UAV-2,UAV-5,1.000
103.34,UAV-3,GCS,1.000
103.34,UAV-3,UAV-4,1.000
103.34,UAV-3,UAV-5,1.000
103.34,UAV-4,GCS,1.000
103.34,UAV-4,UAV-5,1.000
103.34,UAV-5,GCS,1.000
104.36,UAV-1,GCS,1.000
104.36,UAV-1,UAV-2,1.000
104.36,UAV-1,UAV-3,1.000
104.36,UAV-1,UAV-4,1.000
104.36,UAV-1,UAV-5,1.000
104.36,UAV-2,GCS,1.000
104.36,UAV-2,UAV-3,1.000
104.36,UAV-2,UAV-4,1.000
104.36,UAV-2,UAV-5,1.000
104.36,UAV-3,GCS,0.986
104.36,UAV-3,UAV-4,1.000
104.36,UAV-3,UAV-5,1.000
104.36,UAV-4,GCS,1.000
104.36,UAV-4,UAV-5,1.000
104.36,UAV-5,GCS,1.000
105.38,UAV-1,GCS,1.000
105.38,UAV-1,UAV-2,1.000
105.38,UAV-1,UAV-3,1.000
105.38,UAV-1,UAV-4,1.000
105.38,UAV-1,UAV-5,1.000
105.38,UAV-2,GCS,1.000
105.38,UAV-2,UAV-3,1.000
105.38,UAV-2,UAV-4,1.000
105.38,UAV-2,UAV-5,1.000
105.38,UAV-3,GCS,1.000
105.38,UAV-3,UAV-4,1.000
105.38,UAV-3,UAV-5,1.000
105.38,UAV-4,GCS,1.000
105.38,UAV-4,UAV-5,1.000
105.38,UAV-5,GCS,1.000
106.40,UAV-1,GCS,0.954
106.40,UAV-1,UAV-2,1.000
106.40,UAV-1,UAV-3,1.000
106.40,UAV-1,UAV-4,1.000
106.40,UAV-1,UAV-5,1.000
106.40,UAV-2,GCS,1.000
106.40,UAV-2,UAV-3,1.000
106.40,UAV-2,UAV-4,1.000
106.40,UAV-2,UAV-5,1.000
106.40,UAV-3,GCS,1.000
106.40,UAV-3,UAV-4,1.000
106.40,UAV-3,UAV-5,1.000
106.40,UAV-4,GCS,1.000
106.40,UAV-4,UAV-5,1.000
106.40,UAV-5,GCS,1.000
107.42,UAV-1,GCS,0.849
107.42,UAV-1,UAV-2,1.000
107.42,UAV-1,UAV-3,1.000
107.42,UAV-1,UAV-4,1.000
107.42,UAV-1,UAV-5,1.000
107.42,UAV-2,GCS,1.000
107.42,UAV-2,UAV-3,1.000
107.42,UAV-2,UAV-4,1.000
107.42,UAV-2,UAV-5,1.000
107.42,UAV-3,GCS,1.000
107.42,UAV-3,UAV-4,1.000
107.42,UAV-3,UAV-5,1.000
107.42,UAV-4,GCS,1.000
107.42,UAV-4,UAV-5,1.000
107.42,UAV-5,GCS,1.000
108.44,UAV-1,GCS,0.787
108.44,UAV-1,UAV-2,1.000
108.44,UAV-1,UAV-3,1.000
108.44,UAV-1,UAV-4,1.000
108.44,UAV-1,UAV-5,1.000
108.44,UAV-2,GCS,1.000
108.44,UAV-2,UAV-3,1.000
108.44,UAV-2,UAV-4,1.000
108.44,UAV-2,UAV-5,1.000
108.44,UAV-3,GCS,1.000
108.44,UAV-3,UAV-4,1.000
108.44,UAV-3,UAV-5,1.000
108.44,UAV-4,GCS,1.000
108.44,UAV-4,UAV-5,1.000
108.44,UAV-5,GCS,1.000
109.46,UAV-1,GCS,0.689
109.46,UAV-1,UAV-2,1.000
109.46,UAV-1,UAV-3,1.000
109.46,UAV-1,UAV-4,1.000
109.46,UAV-1,UAV-5,1.000
109.46,UAV-2,GCS,1.000
109.46,UAV-2,UAV-3,1.000
109.46,UAV-2,UAV-4,1.000
109.46,UAV-2,UAV-5,1.000
109.46,UAV-3,GCS,1.000
109.46,UAV-3,UAV-4,1.000
109.46,UAV-3,UAV-5,1.000
109.46,UAV-4,GCS,1.000
109.46,UAV-4,UAV-5,1.000
109.46,UAV-5,GCS,1.000
110.48,UAV-1,GCS,0.694
110.48,UAV-1,UAV-2,1.000
110.48,UAV-1,UAV-3,1.000
110.48,UAV-1,UAV-4,1.000
110.48,UAV-1,UAV-5,1.000
110.48,UAV-2,GCS,1.000
110.48,UAV-2,UAV-3,1.000
110.48,UAV-2,UAV-4,1.000
110.48,UAV-2,UAV-5,1.000
110.48,UAV-3,GCS,1.000
110.48,UAV-3,UAV-4,1.000
110.48,UAV-3,UAV-5,1.000
110.48,UAV-4,GCS,1.000
110.48,UAV-4,UAV-5,1.000
110.48,UAV-5,GCS,1.000
111.50,UAV-1,GCS,0.382
111.50,UAV-1,UAV-2,1.000
111.50,UAV-1,UAV-3,1.000
111.50,UAV-1,UAV-4,1.000
111.50,UAV-1,UAV-5,1.000
111.50,UAV-2,GCS,1.000
111.50,UAV-2,UAV-3,1.000
111.50,UAV-2,UAV-4,1.000
111.50,UAV-2,UAV-5,1.000
111.50,UAV-3,GCS,1.000
111.50,UAV-3,UAV-4,1.000
111.50,UAV-3,UAV-5,1.000
111.50,UAV-4,GCS,0.998
111.50,UAV-4,UAV-5,1.000
111.50,UAV-5,GCS,1.000
112.52,UAV-1,GCS,0.353
112.52,UAV-1,UAV-2,1.000
112.52,UAV-1,UAV-3,1.000
112.52,UAV-1,UAV-4,1.000
112.52,UAV-1,UAV-5,1.000
112.52,UAV-2,GCS,1.000
112.52,UAV-2,UAV-3,1.000
112.52,UAV-2,UAV-4,1.000
112.52,UAV-2,UAV-5,1.000
112.52,UAV-3,GCS,1.000
112.52,UAV-3,UAV-4,1.000
112.52,UAV-3,UAV-5,1.000
112.52,UAV-4,GCS,1.000
112.52,UAV-4,UAV-5,1.000
112.52,UAV-5,GCS,1.000
113.54,UAV-1,GCS,0.341
113.54,UAV-1,UAV-2,1.000
113.54,UAV-1,UAV-3,1.000
113.54,UAV-1,UAV-4,1.000
113.54,UAV-1,UAV-5,1.000
113.54,UAV-2,GCS,1.000
113.54,UAV-2,UAV-3,1.000
113.54,UAV-2,UAV-4,1.000
113.54,UAV-2,UAV-5,1.000
113.54,UAV-3,GCS,1.000
113.54,UAV-3,UAV-4,1.000
113.54,UAV-3,UAV-5,1.000
113.54,UAV-4,GCS,1.000
113.54,UAV-4,UAV-5,1.000
113.54,UAV-5,GCS,1.000
114.56,UAV-1,GCS,0.266
114.56,UAV-1,UAV-2,1.000
114.56,UAV-1,UAV-3,1.000
114.56,UAV-1,UAV-4,1.000
114.56,UAV-1,UAV-5,1.000
114.56,UAV-2,GCS,1.000
114.56,UAV-2,UAV-3,1.000
114.56,UAV-2,UAV-4,1.000
114.56,UAV-2,UAV-5,1.000
114.56,UAV-3,GCS,1.000
114.56,UAV-3,UAV-4,1.000
114.56,UAV-3,UAV-5,1.000
114.56,UAV-4,GCS,1.000
114.56,UAV-4,UAV-5,1.000
114.56,UAV-5,GCS,1.000
115.58,UAV-1,GCS,0.232
115.58,UAV-1,UAV-2,1.000
115.58,UAV-1,UAV-3,1.000
115.58,UAV-1,UAV-4,1.000
115.58,UAV-1,UAV-5,1.000
115.58,UAV-2,GCS,1.000
115.58,UAV-2,UAV-3,1.000
115.58,UAV-2,UAV-4,1.000
115.58,UAV-2,UAV-5,1.000
115.58,UAV-3,GCS,1.000
115.58,UAV-3,UAV-4,1.000
115.58,UAV-3,UAV-5,1.000
115.58,UAV-4,GCS,1.000
115.58,UAV-4,UAV-5,1.000
115.58,UAV-5,GCS,1.000
116.60,UAV-1,GCS,0.094
116.60,UAV-1,UAV-2,1.000
116.60,UAV-1,UAV-3,1.000
116.60,UAV-1,UAV-4,1.000
116.60,UAV-1,UAV-5,1.000
116.60,UAV-2,GCS,1.000
116.60,UAV-2,UAV-3,1.000
116.60,UAV-2,UAV-4,1.000
116.60,UAV-2,UAV-5,1.000
116.60,UAV-3,GCS,1.000
116.60,UAV-3,UAV-4,1.000
116.60,UAV-3,UAV-5,1.000
116.60,UAV-4,GCS,1.000
116.60,UAV-4,UAV-5,1.000
116.60,UAV-5,GCS,1.000
117.62,UAV-1,GCS,0.038
117.62,UAV-1,UAV-2,1.000
117.62,UAV-1,UAV-3,1.000
117.62,UAV-1,UAV-4,1.000
117.62,UAV-1,UAV-5,1.000
117.62,UAV-2,GCS,1.000
117.62,UAV-2,UAV-3,1.000
117.62,UAV-2,UAV-4,1.000
117.62,UAV-2,UAV-5,1.000
117.62,UAV-3,GCS,1.000
117.62,UAV-3,UAV-4,1.000
117.62,UAV-3,UAV-5,1.000
117.62,UAV-4,GCS,1.000
117.62,UAV-4,UAV-5,1.000
117.62,UAV-5,GCS,1.000
118.64,UAV-1,GCS,0.061
118.64,UAV-1,UAV-2,1.000
118.64,UAV-1,UAV-3,1.000
118.64,UAV-1,UAV-4,1.000
118.64,UAV-1,UAV-5,1.000
118.64,UAV-2,GCS,1.000
118.64,UAV-2,UAV-3,1.000
118.64,UAV-2,UAV-4,1.000
118.64,UAV-2,UAV-5,1.000
118.64,UAV-3,GCS,1.000
118.64,UAV-3,UAV-4,1.000
118.64,UAV-3,UAV-5,1.000
118.64,UAV-4,GCS,1.000
118.64,UAV-4,UAV-5,1.000
118.64,UAV-5,GCS,1.000
119.66,UAV-1,GCS,0.091
119.66,UAV-1,UAV-2,1.000
119.66,UAV-1,UAV-3,1.000
119.66,UAV-1,UAV-4,1.000
119.66,UAV-1,UAV-5,1.000
119.66,UAV-2,GCS,1.000
119.66,UAV-2,UAV-3,1.000
119.66,UAV-2,UAV-4,1.000
119.66,UAV-2,UAV-5,1.000
119.66,UAV-3,GCS,1.000
119.66,UAV-3,UAV-4,1.000
119.66,UAV-3,UAV-5,1.000
119.66,UAV-4,GCS,1.000
119.66,UAV-4,UAV-5,1.000
119.66,UAV-5,GCS,1.000
120.68,UAV-1,GCS,0.073
120.68,UAV-1,UAV-2,1.000
120.68,UAV-1,UAV-3,1.000
120.68,UAV-1,UAV-4,1.000
120.68,UAV-1,UAV-5,1.000
120.68,UAV-2,GCS,1.000
120.68,UAV-2,UAV-3,1.000
120.68,UAV-2,UAV-4,1.000
120.68,UAV-2,UAV-5,1.000
120.68,UAV-3,GCS,1.000
120.68,UAV-3,UAV-4,1.000
120.68,UAV-3,UAV-5,1.000
120.68,UAV-4,GCS,1.000
120.68,UAV-4,UAV-5,1.000
120.68,UAV-5,GCS,1.000
121.70,UAV-1,GCS,0.074
121.70,UAV-1,UAV-2,1.000
121.70,UAV-1,UAV-3,1.000
121.70,UAV-1,UAV-4,1.000
121.70,UAV-1,UAV-5,1.000
121.70,UAV-2,GCS,1.000
121.70,UAV-2,UAV-3,1.000
121.70,UAV-2,UAV-4,1.000
121.70,UAV-2,UAV-5,1.000
121.70,UAV-3,GCS,1.000
121.70,UAV-3,UAV-4,1.000
121.70,UAV-3,UAV-5,1.000
121.70,UAV-4,GCS,1.000
121.70,UAV-4,UAV-5,1.000
121.70,UAV-5,GCS,1.000
122.72,UAV-1,GCS,0.046
122.72,UAV-1,UAV-2,1.000
122.72,UAV-1,UAV-3,1.000
122.72,UAV-1,UAV-4,1.000
122.72,UAV-1,UAV-5,1.000
122.72,UAV-2,GCS,1.000
122.72,UAV-2,UAV-3,1.000
122.72,UAV-2,UAV-4,1.000
122.72,UAV-2,UAV-5,1.000
122.72,UAV-3,GCS,1.000
122.72,UAV-3,UAV-4,1.000
122.72,UAV-3,UAV-5,1.000
122.72,UAV-4,GCS,1.000
122.72,UAV-4,UAV-5,1.000
122.72,UAV-5,GCS,1.000
123.74,UAV-1,GCS,0.015
123.74,UAV-1,UAV-2,1.000
123.74,UAV-1,UAV-3,1.000
123.74,UAV-1,UAV-4,1.000
123.74,UAV-1,UAV-5,1.000
123.74,UAV-2,GCS,1.000
123.74,UAV-2,UAV-3,1.000
123.74,UAV-2,UAV-4,1.000
123.74,UAV-2,UAV-5,1.000
123.74,UAV-3,GCS,1.000
123.74,UAV-3,UAV-4,1.000
123.74,UAV-3,UAV-5,1.000
123.74,UAV-4,GCS,1.000
123.74,UAV-4,UAV-5,1.000
123.74,UAV-5,GCS,1.000
124.76,UAV-1,GCS,0.068
124.76,UAV-1,UAV-2,1.000
124.76,UAV-1,UAV-3,1.000
124.76,UAV-1,UAV-4,1.000
124.76,UAV-1,UAV-5,1.000
124.76,UAV-2,GCS,1.000
124.76,UAV-2,UAV-3,1.000
124.76,UAV-2,UAV-4,1.000
124.76,UAV-2,UAV-5,1.000
124.76,UAV-3,GCS,1.000
124.76,UAV-3,UAV-4,1.000
124.76,UAV-3,UAV-5,1.000
124.76,UAV-4,GCS,1.000
124.76,UAV-4,UAV-5,1.000
124.76,UAV-5,GCS,1.000
125.78,UAV-1,GCS,0.145
125.78,UAV-1,UAV-2,1.000
125.78,UAV-1,UAV-3,1.000
125.78,UAV-1,UAV-4,1.000
125.78,UAV-1,UAV-5,1.000
125.78,UAV-2,GCS,1.000
125.78,UAV-2,UAV-3,1.000
125.78,UAV-2,UAV-4,1.000
125.78,UAV-2,UAV-5,1.000
125.78,UAV-3,GCS,1.000
125.78,UAV-3,UAV-4,1.000
125.78,UAV-3,UAV-5,1.000
125.78,UAV-4,GCS,1.000
125.78,UAV-4,UAV-5,1.000
125.78,UAV-5,GCS,1.000
126.80,UAV-1,GCS,0.179
126.80,UAV-1,UAV-2,1.000
126.80,UAV-1,UAV-3,1.000
126.80,UAV-1,UAV-4,1.000
126.80,UAV-1,UAV-5,1.000
126.80,UAV-2,GCS,1.000
126.80,UAV-2,UAV-3,1.000
126.80,UAV-2,UAV-4,1.000
126.80,UAV-2,UAV-5,1.000
126.80,UAV-3,GCS,1.000
126.80,UAV-3,UAV-4,1.000
126.80,UAV-3,UAV-5,1.000
126.80,UAV-4,GCS,1.000
126.80,UAV-4,UAV-5,1.000
126.80,UAV-5,GCS,1.000
127.82,UAV-1,GCS,0.223
127.82,UAV-1,UAV-2,1.000
127.82,UAV-1,UAV-3,1.000
127.82,UAV-1,UAV-4,1.000
127.82,UAV-1,UAV-5,1.000
127.82,UAV-2,GCS,1.000
127.82,UAV-2,UAV-3,1.000
127.82,UAV-2,UAV-4,1.000
127.82,UAV-2,UAV-5,1.000
127.82,UAV-3,GCS,1.000
127.82,UAV-3,UAV-4,1.000
127.82,UAV-3,UAV-5,1.000
127.82,UAV-4,GCS,1.000
127.82,UAV-4,UAV-5,1.000
127.82,UAV-5,GCS,1.000
128.82,UAV-1,GCS,0.258
128.82,UAV-1,UAV-2,1.000
128.82,UAV-1,UAV-3,1.000
128.82,UAV-1,UAV-4,1.000
128.82,UAV-1,UAV-5,1.000
128.82,UAV-2,GCS,1.000
128.82,UAV-2,UAV-3,1.000
128.82,UAV-2,UAV-4,1.000
128.82,UAV-2,UAV-5,1.000
128.82,UAV-3,GCS,1.000
128.82,UAV-3,UAV-4,1.000
128.82,UAV-3,UAV-5,1.000
128.82,UAV-4,GCS,1.000
128.82,UAV-4,UAV-5,1.000
128.82,UAV-5,GCS,1.000
129.82,UAV-1,GCS,0.361
129.82,UAV-1,UAV-2,1.000
129.82,UAV-1,UAV-3,1.000
129.82,UAV-1,UAV-4,1.000
129.82,UAV-1,UAV-5,1.000
129.82,UAV-2,GCS,1.000
129.82,UAV-2,UAV-3,1.000
129.82,UAV-2,UAV-4,1.000
129.82,UAV-2,UAV-5,1.000
129.82,UAV-3,GCS,1.000
129.82,UAV-3,UAV-4,1.000
129.82,UAV-3,UAV-5,1.000
129.82,UAV-4,GCS,1.000
129.82,UAV-4,UAV-5,1.000
129.82,UAV-5,GCS,1.000
130.82,UAV-1,GCS,0.430
130.82,UAV-1,UAV-2,1.000
130.82,UAV-1,UAV-3,1.000
130.82,UAV-1,UAV-4,1.000
130.82,UAV-1,UAV-5,1.000
130.82,UAV-2,GCS,1.000
130.82,UAV-2,UAV-3,1.000
130.82,UAV-2,UAV-4,1.000
130.82,UAV-2,UAV-5,1.000
130.82,UAV-3,GCS,1.000
130.82,UAV-3,UAV-4,1.000
130.82,UAV-3,UAV-5,1.000
130.82,UAV-4,GCS,1.000
130.82,UAV-4,UAV-5,1.000
130.82,UAV-5,GCS,1.000
131.82,UAV-1,GCS,0.445
131.82,UAV-1,UAV-2,1.000
131.82,UAV-1,UAV-3,1.000
131.82,UAV-1,UAV-4,1.000
131.82,UAV-1,UAV-5,1.000
131.82,UAV-2,GCS,1.000
131.82,UAV-2,UAV-3,1.000
131.82,UAV-2,UAV-4,1.000
131.82,UAV-2,UAV-5,1.000
131.82,UAV-3,GCS,0.974
131.82,UAV-3,UAV-4,1.000
131.82,UAV-3,UAV-5,1.000
131.82,UAV-4,GCS,1.000
131.82,UAV-4,UAV-5,1.000
131.82,UAV-5,GCS,1.000
132.82,UAV-1,GCS,0.498
132.82,UAV-1,UAV-2,1.000
132.82,UAV-1,UAV-3,1.000
132.82,UAV-1,UAV-4,1.000
132.82,UAV-1,UAV-5,1.000
132.82,UAV-2,GCS,1.000
132.82,UAV-2,UAV-3,1.000
132.82,UAV-2,UAV-4,1.000
132.82,UAV-2,UAV-5,1.000
132.82,UAV-3,GCS,1.000
132.82,UAV-3,UAV-4,1.000
132.82,UAV-3,UAV-5,1.000
132.82,UAV-4,GCS,1.000
132.82,UAV-4,UAV-5,1.000
132.82,UAV-5,GCS,1.000
133.82,UAV-1,GCS,0.526
133.82,UAV-1,UAV-2,1.000
133.82,UAV-1,UAV-3,1.000
133.82,UAV-1,UAV-4,1.000
133.82,UAV-1,UAV-5,1.000
133.82,UAV-2,GCS,1.000
133.82,UAV-2,UAV-3,1.000
133.82,UAV-2,UAV-4,1.000
133.82,UAV-2,UAV-5,1.000
133.82,UAV-3,GCS,1.000
133.82,UAV-3,UAV-4,1.000
133.82,UAV-3,UAV-5,1.000
133.82,UAV-4,GCS,1.000
133.82,UAV-4,UAV-5,1.000
133.82,UAV-5,GCS,1.000
134.82,UAV-1,GCS,0.757
134.82,UAV-1,UAV-2,1.000
134.82,UAV-1,UAV-3,1.000
134.82,UAV-1,UAV-4,1.000
134.82,UAV-1,UAV-5,1.000
134.82,UAV-2,GCS,1.000
134.82,UAV-2,UAV-3,1.000
134.82,UAV-2,UAV-4,1.000
134.82,UAV-2,UAV-5,1.000
134.82,UAV-3,GCS,1.000
134.82,UAV-3,UAV-4,1.000
134.82,UAV-3,UAV-5,1.000
134.82,UAV-4,GCS,1.000
134.82,UAV-4,UAV-5,1.000
134.82,UAV-5,GCS,1.000
135.82,UAV-1,GCS,0.656
135.82,UAV-1,UAV-2,1.000
135.82,UAV-1,UAV-3,1.000
135.82,UAV-1,UAV-4,1.000
135.82,UAV-1,UAV-5,1.000
135.82,UAV-2,GCS,1.000
135.82,UAV-2,UAV-3,1.000
135.82,UAV-2,UAV-4,1.000
135.82,UAV-2,UAV-5,1.000
135.82,UAV-3,GCS,1.000
135.82,UAV-3,UAV-4,1.000
135.82,UAV-3,UAV-5,1.000
135.82,UAV-4,GCS,1.000
135.82,UAV-4,UAV-5,1.000
135.82,UAV-5,GCS,1.000
136.82,UAV-1,GCS,0.651
136.82,UAV-1,UAV-2,1.000
136.82,UAV-1,UAV-3,1.000
136.82,UAV-1,UAV-4,1.000
136.82,UAV-1,UAV-5,1.000
136.82,UAV-2,GCS,1.000
136.82,UAV-2,UAV-3,1.000
136.82,UAV-2,UAV-4,1.000
136.82,UAV-2,UAV-5,1.000
136.82,UAV-3,GCS,1.000
136.82,UAV-3,UAV-4,1.000
136.82,UAV-3,UAV-5,1.000
136.82,UAV-4,GCS,1.000
136.82,UAV-4,UAV-5,1.000
136.82,UAV-5,GCS,1.000
137.82,UAV-1,GCS,0.599
137.82,UAV-1,UAV-2,1.000
137.82,UAV-1,UAV-3,1.000
137.82,UAV-1,UAV-4,1.000
137.82,UAV-1,UAV-5,1.000
137.82,UAV-2,GCS,1.000
137.82,UAV-2,UAV-3,1.000
137.82,UAV-2,UAV-4,1.000
137.82,UAV-2,UAV-5,1.000
137.82,UAV-3,GCS,1.000
137.82,UAV-3,UAV-4,1.000
137.82,UAV-3,UAV-5,1.000
137.82,UAV-4,GCS,1.000
137.82,UAV-4,UAV-5,1.000
137.82,UAV-5,GCS,1.000
138.82,UAV-1,GCS,0.603
138.82,UAV-1,UAV-2,1.000
138.82,UAV-1,UAV-3,1.000
138.82,UAV-1,UAV-4,1.000
138.82,UAV-1,UAV-5,1.000
138.82,UAV-2,GCS,1.000
138.82,UAV-2,UAV-3,1.000
138.82,UAV-2,UAV-4,1.000
138.82,UAV-2,UAV-5,1.000
138.82,UAV-3,GCS,1.000
138.82,UAV-3,UAV-4,1.000
138.82,UAV-3,UAV-5,1.000
138.82,UAV-4,GCS,1.000
138.82,UAV-4,UAV-5,1.000
138.82,UAV-5,GCS,1.000
139.82,UAV-1,GCS,0.570
139.82,UAV-1,UAV-2,1.000
139.82,UAV-1,UAV-3,1.000
139.82,UAV-1,UAV-4,1.000
139.82,UAV-1,UAV-5,1.000
139.82,UAV-2,GCS,1.000
139.82,UAV-2,UAV-3,1.000
139.82,UAV-2,UAV-4,1.000
139.82,UAV-2,UAV-5,1.000
139.82,UAV-3,GCS,1.000
139.82,UAV-3,UAV-4,1.000
139.82,UAV-3,UAV-5,1.000
139.82,UAV-4,GCS,1.000
139.82,UAV-4,UAV-5,1.000
139.82,UAV-5,GCS,1.000
140.82,UAV-1,GCS,0.410
140.82,UAV-1,UAV-2,1.000
140.82,UAV-1,UAV-3,1.000
140.82,UAV-1,UAV-4,1.000
140.82,UAV-1,UAV-5,1.000
140.82,UAV-2,GCS,1.000
140.82,UAV-2,UAV-3,1.000
140.82,UAV-2,UAV-4,1.000
140.82,UAV-2,UAV-5,1.000
140.82,UAV-3,GCS,1.000
140.82,UAV-3,UAV-4,1.000
140.82,UAV-3,UAV-5,1.000
140.82,UAV-4,GCS,1.000
140.82,UAV-4,UAV-5,1.000
140.82,UAV-5,GCS,1.000
141.82,UAV-1,GCS,0.610
141.82,UAV-1,UAV-2,1.000
141.82,UAV-1,UAV-3,1.000
141.82,UAV-1,UAV-4,1.000
141.82,UAV-1,UAV-5,1.000
141.82,UAV-2,GCS,1.000
141.82,UAV-2,UAV-3,1.000
141.82,UAV-2,UAV-4,1.000
141.82,UAV-2,UAV-5,1.000
141.82,UAV-3,GCS,1.000
141.82,UAV-3,UAV-4,1.000
141.82,UAV-3,UAV-5,1.000
141.82,UAV-4,GCS,1.000
141.82,UAV-4,UAV-5,1.000
141.82,UAV-5,GCS,1.000
142.82,UAV-1,GCS,0.591
142.82,UAV-1,UAV-2,1.000
142.82,UAV-1,UAV-3,1.000
142.82,UAV-1,UAV-4,1.000
142.82,UAV-1,UAV-5,1.000
142.82,UAV-2,GCS,1.000
142.82,UAV-2,UAV-3,1.000
142.82,UAV-2,UAV-4,1.000
142.82,UAV-2,UAV-5,1.000
142.82,UAV-3,GCS,1.000
142.82,UAV-3,UAV-4,1.000
142.82,UAV-3,UAV-5,1.000
142.82,UAV-4,GCS,1.000
142.82,UAV-4,UAV-5,1.000
142.82,UAV-5,GCS,1.000
143.82,UAV-1,GCS,0.580
143.82,UAV-1,UAV-2,1.000
143.82,UAV-1,UAV-3,1.000
143.82,UAV-1,UAV-4,1.000
143.82,UAV-1,UAV-5,1.000
143.82,UAV-2,GCS,1.000
143.82,UAV-2,UAV-3,1.000
143.82,UAV-2,UAV-4,1.000
143.82,UAV-2,UAV-5,1.000
143.82,UAV-3,GCS,1.000
143.82,UAV-3,UAV-4,1.000
143.82,UAV-3,UAV-5,1.000
143.82,UAV-4,GCS,1.000
143.82,UAV-4,UAV-5,1.000
143.82,UAV-5,GCS,1.000
144.82,UAV-1,GCS,0.604
144.82,UAV-1,UAV-2,1.000
144.82,UAV-1,UAV-3,1.000
144.82,UAV-1,UAV-4,1.000
144.82,UAV-1,UAV-5,1.000
144.82,UAV-2,GCS,1.000
144.82,UAV-2,UAV-3,1.000
144.82,UAV-2,UAV-4,1.000
144.82,UAV-2,UAV-5,1.000
144.82,UAV-3,GCS,1.000
144.82,UAV-3,UAV-4,1.000
144.82,UAV-3,UAV-5,1.000
144.82,UAV-4,GCS,1.000
144.82,UAV-4,UAV-5,1.000
144.82,UAV-5,GCS,1.000
145.82,UAV-1,GCS,0.788
145.82,UAV-1,UAV-2,1.000
145.82,UAV-1,UAV-3,1.000
145.82,UAV-1,UAV-4,1.000
145.82,UAV-1,UAV-5,1.000
145.82,UAV-2,GCS,1.000
145.82,UAV-2,UAV-3,1.000
145.82,UAV-2,UAV-4,1.000
145.82,UAV-2,UAV-5,1.000
145.82,UAV-3,GCS,1.000
145.82,UAV-3,UAV-4,1.000
145.82,UAV-3,UAV-5,1.000
145.82,UAV-4,GCS,1.000
145.82,UAV-4,UAV-5,1.000
145.82,UAV-5,GCS,1.000
146.82,UAV-1,GCS,0.734
146.82,UAV-1,UAV-2,1.000
146.82,UAV-1,UAV-3,1.000
146.82,UAV-1,UAV-4,1.000
146.82,UAV-1,UAV-5,1.000
146.82,UAV-2,GCS,1.000
146.82,UAV-2,UAV-3,1.000
146.82,UAV-2,UAV-4,1.000
146.82,UAV-2,UAV-5,1.000
146.82,UAV-3,GCS,1.000
146.82,UAV-3,UAV-4,1.000
146.82,UAV-3,UAV-5,1.000
146.82,UAV-4,GCS,1.000
146.82,UAV-4,UAV-5,1.000
146.82,UAV-5,GCS,1.000
147.82,UAV-1,GCS,0.572
147.82,UAV-1,UAV-2,1.000
147.82,UAV-1,UAV-3,1.000
147.82,UAV-1,UAV-4,1.000
147.82,UAV-1,UAV-5,1.000
147.82,UAV-2,GCS,1.000
147.82,UAV-2,UAV-3,1.000
147.82,UAV-2,UAV-4,1.000
147.82,UAV-2,UAV-5,1.000
147.82,UAV-3,GCS,1.000
147.82,UAV-3,UAV-4,1.000
147.82,UAV-3,UAV-5,1.000
147.82,UAV-4,GCS,1.000
147.82,UAV-4,UAV-5,1.000
147.82,UAV-5,GCS,1.000
148.82,UAV-1,GCS,0.658
148.82,UAV-1,UAV-2,1.000
148.82,UAV-1,UAV-3,1.000
148.82,UAV-1,UAV-4,1.000
148.82,UAV-1,UAV-5,1.000
148.82,UAV-2,GCS,1.000
148.82,UAV-2,UAV-3,1.000
148.82,UAV-2,UAV-4,1.000
148.82,UAV-2,UAV-5,1.000
148.82,UAV-3,GCS,1.000
148.82,UAV-3,UAV-4,1.000
148.82,UAV-3,UAV-5,1.000
148.82,UAV-4,GCS,1.000
148.82,UAV-4,UAV-5,1.000
148.82,UAV-5,GCS,1.000
149.82,UAV-1,GCS,0.742
149.82,UAV-1,UAV-2,1.000
149.82,UAV-1,UAV-3,1.000
149.82,UAV-1,UAV-4,1.000
149.82,UAV-1,UAV-5,1.000
149.82,UAV-2,GCS,1.000
149.82,UAV-2,UAV-3,1.000
149.82,UAV-2,UAV-4,1.000
149.82,UAV-2,UAV-5,1.000
149.82,UAV-3,GCS,1.000
149.82,UAV-3,UAV-4,1.000
149.82,UAV-3,UAV-5,1.000
149.82,UAV-4,GCS,1.000
149.82,UAV-4,UAV-5,1.000
149.82,UAV-5,GCS,1.000
150.82,UAV-1,GCS,0.841
150.82,UAV-1,UAV-2,1.000
150.82,UAV-1,UAV-3,1.000
150.82,UAV-1,UAV-4,1.000
150.82,UAV-1,UAV-5,1.000
150.82,UAV-2,GCS,1.000
150.82,UAV-2,UAV-3,1.000
150.82,UAV-2,UAV-4,1.000
150.82,UAV-2,UAV-5,1.000
150.82,UAV-3,GCS,1.000
150.82,UAV-3,UAV-4,1.000
150.82,UAV-3,UAV-5,1.000
150.82,UAV-4,GCS,1.000
150.82,UAV-4,UAV-5,1.000
150.82,UAV-5,GCS,0.958
151.82,UAV-1,GCS,0.669
151.82,UAV-1,UAV-2,1.000
151.82,UAV-1,UAV-3,1.000
151.82,UAV-1,UAV-4,1.000
151.82,UAV-1,UAV-5,1.000
151.82,UAV-2,GCS,1.000
151.82,UAV-2,UAV-3,1.000
151.82,UAV-2,UAV-4,1.000
151.82,UAV-2,UAV-5,1.000
151.82,UAV-3,GCS,1.000
151.82,UAV-3,UAV-4,1.000
151.82,UAV-3,UAV-5,1.000
151.82,UAV-4,GCS,1.000
151.82,UAV-4,UAV-5,1.000
151.82,UAV-5,GCS,1.000
152.82,UAV-1,GCS,0.588
152.82,UAV-1,UAV-2,1.000
152.82,UAV-1,UAV-3,1.000
152.82,UAV-1,UAV-4,1.000
152.82,UAV-1,UAV-5,1.000
152.82,UAV-2,GCS,1.000
152.82,UAV-2,UAV-3,1.000
152.82,UAV-2,UAV-4,1.000
152.82,UAV-2,UAV-5,1.000
152.82,UAV-3,GCS,1.000
152.82,UAV-3,UAV-4,1.000
152.82,UAV-3,UAV-5,1.000
152.82,UAV-4,GCS,1.000
152.82,UAV-4,UAV-5,1.000
152.82,UAV-5,GCS,1.000
153.82,UAV-1,GCS,0.715
153.82,UAV-1,UAV-2,1.000
153.82,UAV-1,UAV-3,1.000
153.82,UAV-1,UAV-4,1.000
153.82,UAV-1,UAV-5,1.000
153.82,UAV-2,GCS,1.000
153.82,UAV-2,UAV-3,1.000
153.82,UAV-2,UAV-4,1.000
153.82,UAV-2,UAV-5,1.000
153.82,UAV-3,GCS,1.000
153.82,UAV-3,UAV-4,1.000
153.82,UAV-3,UAV-5,1.000
153.82,UAV-4,GCS,1.000
153.82,UAV-4,UAV-5,1.000
153.82,UAV-5,GCS,1.000
154.82,UAV-1,GCS,0.780
154.82,UAV-1,UAV-2,1.000
154.82,UAV-1,UAV-3,1.000
154.82,UAV-1,UAV-4,1.000
154.82,UAV-1,UAV-5,1.000
154.82,UAV-2,GCS,1.000
154.82,UAV-2,UAV-3,1.000
154.82,UAV-2,UAV-4,1.000
154.82,UAV-2,UAV-5,1.000
154.82,UAV-3,GCS,1.000
154.82,UAV-3,UAV-4,1.000
154.82,UAV-3,UAV-5,1.000
154.82,UAV-4,GCS,1.000
154.82,UAV-4,UAV-5,1.000
154.82,UAV-5,GCS,1.000
155.82,UAV-1,GCS,0.671
155.82,UAV-1,UAV-2,1.000
155.82,UAV-1,UAV-3,1.000
155.82,UAV-1,UAV-4,1.000
155.82,UAV-1,UAV-5,1.000
155.82,UAV-2,GCS,1.000
155.82,UAV-2,UAV-3,1.000
155.82,UAV-2,UAV-4,1.000
155.82,UAV-2,UAV-5,1.000
155.82,UAV-3,GCS,1.000
155.82,UAV-3,UAV-4,1.000
155.82,UAV-3,UAV-5,1.000
155.82,UAV-4,GCS,1.000
155.82,UAV-4,UAV-5,1.000
155.82,UAV-5,GCS,1.000
156.82,UAV-1,GCS,0.782
156.82,UAV-1,UAV-2,1.000
156.82,UAV-1,UAV-3,1.000
156.82,UAV-1,UAV-4,1.000
156.82,UAV-1,UAV-5,1.000
156.82,UAV-2,GCS,1.000
156.82,UAV-2,UAV-3,1.000
156.82,UAV-2,UAV-4,1.000
156.82,UAV-2,UAV-5,1.000
156.82,UAV-3,GCS,1.000
156.82,UAV-3,UAV-4,1.000
156.82,UAV-3,UAV-5,1.000
156.82,UAV-4,GCS,1.000
156.82,UAV-4,UAV-5,1.000
156.82,UAV-5,GCS,1.000
157.82,UAV-1,GCS,0.822
157.82,UAV-1,UAV-2,1.000
157.82,UAV-1,UAV-3,1.000
157.82,UAV-1,UAV-4,1.000
157.82,UAV-1,UAV-5,1.000
157.82,UAV-2,GCS,1.000
157.82,UAV-2,UAV-3,1.000
157.82,UAV-2,UAV-4,1.000
157.82,UAV-2,UAV-5,1.000
157.82,UAV-3,GCS,1.000
157.82,UAV-3,UAV-4,1.000
157.82,UAV-3,UAV-5,1.000
157.82,UAV-4,GCS,1.000
157.82,UAV-4,UAV-5,1.000
157.82,UAV-5,GCS,1.000
158.82,UAV-1,GCS,0.988
158.82,UAV-1,UAV-2,1.000
158.82,UAV-1,UAV-3,1.000
158.82,UAV-1,UAV-4,1.000
158.82,UAV-1,UAV-5,1.000
158.82,UAV-2,GCS,1.000
158.82,UAV-2,UAV-3,1.000
158.82,UAV-2,UAV-4,1.000
158.82,UAV-2,UAV-5,1.000
158.82,UAV-3,GCS,1.000
158.82,UAV-3,UAV-4,1.000
158.82,UAV-3,UAV-5,1.000
158.82,UAV-4,GCS,1.000
158.82,UAV-4,UAV-5,1.000
158.82,UAV-5,GCS,1.000
159.82,UAV-1,GCS,0.996
159.82,UAV-1,UAV-2,1.000
159.82,UAV-1,UAV-3,1.000
159.82,UAV-1,UAV-4,1.000
159.82,UAV-1,UAV-5,1.000
159.82,UAV-2,GCS,1.000
159.82,UAV-2,UAV-3,1.000
159.82,UAV-2,UAV-4,1.000
159.82,UAV-2,UAV-5,1.000
159.82,UAV-3,GCS,1.000
159.82,UAV-3,UAV-4,1.000
159.82,UAV-3,UAV-5,1.000
159.82,UAV-4,GCS,1.000
159.82,UAV-4,UAV-5,1.000
159.82,UAV-5,GCS,1.000
160.82,UAV-1,GCS,0.963
160.82,UAV-1,UAV-2,1.000
160.82,UAV-1,UAV-3,1.000
160.82,UAV-1,UAV-4,1.000
160.82,UAV-1,UAV-5,1.000
160.82,UAV-2,GCS,1.000
160.82,UAV-2,UAV-3,1.000
160.82,UAV-2,UAV-4,1.000
160.82,UAV-2,UAV-5,1.000
160.82,UAV-3,GCS,1.000
160.82,UAV-3,UAV-4,1.000
160.82,UAV-3,UAV-5,1.000
160.82,UAV-4,GCS,1.000
160.82,UAV-4,UAV-5,1.000
160.82,UAV-5,GCS,1.000
161.82,UAV-1,GCS,1.000
161.82,UAV-1,UAV-2,1.000
161.82,UAV-1,UAV-3,1.000
161.82,UAV-1,UAV-4,1.000
161.82,UAV-1,UAV-5,1.000
161.82,UAV-2,GCS,1.000
161.82,UAV-2,UAV-3,1.000
161.82,UAV-2,UAV-4,1.000
161.82,UAV-2,UAV-5,1.000
161.82,UAV-3,GCS,1.000
161.82,UAV-3,UAV-4,1.000
161.82,UAV-3,UAV-5,1.000
161.82,UAV-4,GCS,1.000
161.82,UAV-4,UAV-5,1.000
161.82,UAV-5,GCS,1.000
162.82,UAV-1,GCS,1.000
162.82,UAV-1,UAV-2,1.000
162.82,UAV-1,UAV-3,1.000
162.82,UAV-1,UAV-4,1.000
162.82,UAV-1,UAV-5,1.000
162.82,UAV-2,GCS,1.000
162.82,UAV-2,UAV-3,1.000
162.82,UAV-2,UAV-4,1.000
162.82,UAV-2,UAV-5,1.000
162.82,UAV-3,GCS,1.000
162.82,UAV-3,UAV-4,1.000
162.82,UAV-3,UAV-5,1.000
162.82,UAV-4,GCS,1.000
162.82,UAV-4,UAV-5,1.000
162.82,UAV-5,GCS,1.000
163.82,UAV-1,GCS,1.000
163.82,UAV-1,UAV-2,1.000
163.82,UAV-1,UAV-3,1.000
163.82,UAV-1,UAV-4,1.000
163.82,UAV-1,UAV-5,1.000
163.82,UAV-2,GCS,1.000
163.82,UAV-2,UAV-3,1.000
163.82,UAV-2,UAV-4,1.000
163.82,UAV-2,UAV-5,1.000
163.82,UAV-3,GCS,1.000
163.82,UAV-3,UAV-4,1.000
163.82,UAV-3,UAV-5,1.000
163.82,UAV-4,GCS,1.000
163.82,UAV-4,UAV-5,1.000
163.82,UAV-5,GCS,1.000
164.82,UAV-1,GCS,0.958
164.82,UAV-1,UAV-2,1.000
164.82,UAV-1,UAV-3,1.000
164.82,UAV-1,UAV-4,1.000
164.82,UAV-1,UAV-5,1.000
164.82,UAV-2,GCS,1.000
164.82,UAV-2,UAV-3,1.000
164.82,UAV-2,UAV-4,1.000
164.82,UAV-2,UAV-5,1.000
164.82,UAV-3,GCS,1.000
164.82,UAV-3,UAV-4,1.000
164.82,UAV-3,UAV-5,1.000
164.82,UAV-4,GCS,1.000
164.82,UAV-4,UAV-5,1.000
164.82,UAV-5,GCS,1.000
165.82,UAV-1,GCS,1.000
165.82,UAV-1,UAV-2,1.000
165.82,UAV-1,UAV-3,1.000
165.82,UAV-1,UAV-4,1.000
165.82,UAV-1,UAV-5,1.000
165.82,UAV-2,GCS,1.000
165.82,UAV-2,UAV-3,1.000
165.82,UAV-2,UAV-4,1.000
165.82,UAV-2,UAV-5,1.000
165.82,UAV-3,GCS,1.000
165.82,UAV-3,UAV-4,1.000
165.82,UAV-3,UAV-5,1.000
165.82,UAV-4,GCS,1.000
165.82,UAV-4,UAV-5,1.000
165.82,UAV-5,GCS,0.922
166.82,UAV-1,GCS,1.000
166.82,UAV-1,UAV-2,1.000
166.82,UAV-1,UAV-3,1.000
166.82,UAV-1,UAV-4,1.000
166.82,UAV-1,UAV-5,1.000
166.82,UAV-2,GCS,1.000
166.82,UAV-2,UAV-3,1.000
166.82,UAV-2,UAV-4,1.000
166.82,UAV-2,UAV-5,1.000
166.82,UAV-3,GCS,1.000
166.82,UAV-3,UAV-4,1.000
166.82,UAV-3,UAV-5,1.000
166.82,UAV-4,GCS,1.000
166.82,UAV-4,UAV-5,1.000
166.82,UAV-5,GCS,0.631
167.82,UAV-1,GCS,1.000
167.82,UAV-1,UAV-2,1.000
167.82,UAV-1,UAV-3,1.000
167.82,UAV-1,UAV-4,1.000
167.82,UAV-1,UAV-5,1.000
167.82,UAV-2,GCS,1.000
167.82,UAV-2,UAV-3,1.000
167.82,UAV-2,UAV-4,1.000
167.82,UAV-2,UAV-5,1.000
167.82,UAV-3,GCS,1.000
167.82,UAV-3,UAV-4,1.000
167.82,UAV-3,UAV-5,1.000
167.82,UAV-4,GCS,1.000
167.82,UAV-4,UAV-5,1.000
167.82,UAV-5,GCS,0.338
168.82,UAV-1,GCS,1.000
168.82,UAV-1,UAV-2,1.000
168.82,UAV-1,UAV-3,1.000
168.82,UAV-1,UAV-4,1.000
168.82,UAV-1,UAV-5,1.000
168.82,UAV-2,GCS,0.958
168.82,UAV-2,UAV-3,1.000
168.82,UAV-2,UAV-4,1.000
168.82,UAV-2,UAV-5,1.000
168.82,UAV-3,GCS,1.000
168.82,UAV-3,UAV-4,1.000
168.82,UAV-3,UAV-5,1.000
168.82,UAV-4,GCS,1.000
168.82,UAV-4,UAV-5,1.000
168.82,UAV-5,GCS,0.388
169.82,UAV-1,GCS,1.000
169.82,UAV-1,UAV-2,1.000
169.82,UAV-1,UAV-3,1.000
169.82,UAV-1,UAV-4,1.000
169.82,UAV-1,UAV-5,1.000
169.82,UAV-2,GCS,1.000
169.82,UAV-2,UAV-3,1.000
169.82,UAV-2,UAV-4,1.000
169.82,UAV-2,UAV-5,1.000
169.82,UAV-3,GCS,1.000
169.82,UAV-3,UAV-4,1.000
169.82,UAV-3,UAV-5,1.000
169.82,UAV-4,GCS,1.000
169.82,UAV-4,UAV-5,1.000
169.82,UAV-5,GCS,0.064
170.82,UAV-1,GCS,1.000
170.82,UAV-1,UAV-2,1.000
170.82,UAV-1,UAV-3,1.000
170.82,UAV-1,UAV-4,1.000
170.82,UAV-1,UAV-5,1.000
170.82,UAV-2,GCS,1.000
170.82,UAV-2,UAV-3,1.000
170.82,UAV-2,UAV-4,1.000
170.82,UAV-2,UAV-5,1.000
170.82,UAV-3,GCS,1.000
170.82,UAV-3,UAV-4,1.000
170.82,UAV-3,UAV-5,1.000
170.82,UAV-4,GCS,1.000
170.82,UAV-4,UAV-5,1.000
170.82,UAV-5,GCS,0.121
171.82,UAV-1,GCS,1.000
171.82,UAV-1,UAV-2,1.000
171.82,UAV-1,UAV-3,1.000
171.82,UAV-1,UAV-4,1.000
171.82,UAV-1,UAV-5,1.000
171.82,UAV-2,GCS,1.000
171.82,UAV-2,UAV-3,1.000
171.82,UAV-2,UAV-4,1.000
171.82,UAV-2,UAV-5,1.000
171.82,UAV-3,GCS,1.000
171.82,UAV-3,UAV-4,1.000
171.82,UAV-3,UAV-5,1.000
171.82,UAV-4,GCS,1.000
171.82,UAV-4,UAV-5,1.000
171.82,UAV-5,GCS,0.110
172.82,UAV-1,GCS,1.000
172.82,UAV-1,UAV-2,1.000
172.82,UAV-1,UAV-3,1.000
172.82,UAV-1,UAV-4,1.000
172.82,UAV-1,UAV-5,1.000
172.82,UAV-2,GCS,1.000
172.82,UAV-2,UAV-3,1.000
172.82,UAV-2,UAV-4,1.000
172.82,UAV-2,UAV-5,1.000
172.82,UAV-3,GCS,1.000
172.82,UAV-3,UAV-4,1.000
172.82,UAV-3,UAV-5,1.000
172.82,UAV-4,GCS,1.000
172.82,UAV-4,UAV-5,1.000
172.82,UAV-5,GCS,0.238
173.82,UAV-1,GCS,1.000
173.82,UAV-1,UAV-2,1.000
173.82,UAV-1,UAV-3,1.000
173.82,UAV-1,UAV-4,1.000
173.82,UAV-1,UAV-5,1.000
173.82,UAV-2,GCS,1.000
173.82,UAV-2,UAV-3,1.000
173.82,UAV-2,UAV-4,1.000
173.82,UAV-2,UAV-5,1.000
173.82,UAV-3,GCS,1.000
173.82,UAV-3,UAV-4,1.000
173.82,UAV-3,UAV-5,1.000
173.82,UAV-4,GCS,1.000
173.82,UAV-4,UAV-5,1.000
173.82,UAV-5,GCS,0.551
174.82,UAV-1,GCS,1.000
174.82,UAV-1,UAV-2,1.000
174.82,UAV-1,UAV-3,1.000
174.82,UAV-1,UAV-4,1.000
174.82,UAV-1,UAV-5,1.000
174.82,UAV-2,GCS,1.000
174.82,UAV-2,UAV-3,1.000
174.82,UAV-2,UAV-4,1.000
174.82,UAV-2,UAV-5,1.000
174.82,UAV-3,GCS,1.000
174.82,UAV-3,UAV-4,1.000
174.82,UAV-3,UAV-5,1.000
174.82,UAV-4,GCS,1.000
174.82,UAV-4,UAV-5,1.000
174.82,UAV-5,GCS,0.774
175.82,UAV-1,GCS,1.000
175.82,UAV-1,UAV-2,1.000
175.82,UAV-1,UAV-3,1.000
175.82,UAV-1,UAV-4,1.000
175.82,UAV-1,UAV-5,1.000
175.82,UAV-2,GCS,1.000
175.82,UAV-2,UAV-3,1.000
175.82,UAV-2,UAV-4,1.000
175.82,UAV-2,UAV-5,1.000
175.82,UAV-3,GCS,1.000
175.82,UAV-3,UAV-4,1.000
175.82,UAV-3,UAV-5,1.000
175.82,UAV-4,GCS,1.000
175.82,UAV-4,UAV-5,1.000
175.82,UAV-5,GCS,0.936
176.82,UAV-1,GCS,1.000
176.82,UAV-1,UAV-2,1.000
176.82,UAV-1,UAV-3,1.000
176.82,UAV-1,UAV-4,1.000
176.82,UAV-1,UAV-5,1.000
176.82,UAV-2,GCS,0.998
176.82,UAV-2,UAV-3,1.000
176.82,UAV-2,UAV-4,1.000
176.82,UAV-2,UAV-5,1.000
176.82,UAV-3,GCS,1.000
176.82,UAV-3,UAV-4,1.000
176.82,UAV-3,UAV-5,1.000
176.82,UAV-4,GCS,1.000
176.82,UAV-4,UAV-5,1.000
176.82,UAV-5,GCS,0.958
177.82,UAV-1,GCS,1.000
177.82,UAV-1,UAV-2,1.000
177.82,UAV-1,UAV-3,1.000
177.82,UAV-1,UAV-4,1.000
177.82,UAV-1,UAV-5,1.000
177.82,UAV-2,GCS,0.460
177.82,UAV-2,UAV-3,1.000
177.82,UAV-2,UAV-4,1.000
177.82,UAV-2,UAV-5,1.000
177.82,UAV-3,GCS,1.000
177.82,UAV-3,UAV-4,1.000
177.82,UAV-3,UAV-5,1.000
177.82,UAV-4,GCS,1.000
177.82,UAV-4,UAV-5,1.000
177.82,UAV-5,GCS,0.800
178.82,UAV-1,GCS,1.000
178.82,UAV-1,UAV-2,1.000
178.82,UAV-1,UAV-3,1.000
178.82,UAV-1,UAV-4,1.000
178.82,UAV-1,UAV-5,1.000
178.82,UAV-2,GCS,0.338
178.82,UAV-2,UAV-3,1.000
178.82,UAV-2,UAV-4,1.000
178.82,UAV-2,UAV-5,1.000
178.82,UAV-3,GCS,1.000
178.82,UAV-3,UAV-4,1.000
178.82,UAV-3,UAV-5,1.000
178.82,UAV-4,GCS,1.000
178.82,UAV-4,UAV-5,1.000
178.82,UAV-5,GCS,0.521
179.82,UAV-1,GCS,1.000
179.82,UAV-1,UAV-2,1.000
179.82,UAV-1,UAV-3,1.000
179.82,UAV-1,UAV-4,1.000
179.82,UAV-1,UAV-5,1.000
179.82,UAV-2,GCS,0.316
179.82,UAV-2,UAV-3,1.000
179.82,UAV-2,UAV-4,1.000
179.82,UAV-2,UAV-5,1.000
179.82,UAV-3,GCS,1.000
179.82,UAV-3,UAV-4,1.000
179.82,UAV-3,UAV-5,1.000
179.82,UAV-4,GCS,1.000
179.82,UAV-4,UAV-5,1.000
179.82,UAV-5,GCS,0.206
180.82,UAV-1,GCS,1.000
180.82,UAV-1,UAV-3,1.000
180.82,UAV-1,UAV-4,1.000
180.82,UAV-1,UAV-5,1.000
180.82,UAV-3,GCS,1.000
180.82,UAV-3,UAV-4,1.000
180.82,UAV-3,UAV-5,1.000
180.82,UAV-4,GCS,1.000
180.82,UAV-4,UAV-5,1.000
180.82,UAV-5,GCS,0.108
181.82,UAV-1,GCS,1.000
181.82,UAV-1,UAV-3,1.000
181.82,UAV-1,UAV-4,1.000
181.82,UAV-1,UAV-5,1.000
181.82,UAV-3,GCS,1.000
181.82,UAV-3,UAV-4,1.000
181.82,UAV-3,UAV-5,1.000
181.82,UAV-4,GCS,1.000
181.82,UAV-4,UAV-5,1.000
181.82,UAV-5,GCS,0.053
182.82,UAV-1,GCS,1.000
182.82,UAV-1,UAV-3,1.000
182.82,UAV-1,UAV-4,1.000
182.82,UAV-1,UAV-5,1.000
182.82,UAV-3,GCS,1.000
182.82,UAV-3,UAV-4,1.000
182.82,UAV-3,UAV-5,1.000
182.82,UAV-4,GCS,1.000
182.82,UAV-4,UAV-5,1.000
182.82,UAV-5,GCS,0.004
183.82,UAV-1,GCS,1.000
183.82,UAV-1,UAV-3,1.000
183.82,UAV-1,UAV-4,1.000
183.82,UAV-1,UAV-5,1.000
183.82,UAV-3,GCS,1.000
183.82,UAV-3,UAV-4,1.000
183.82,UAV-3,UAV-5,1.000
183.82,UAV-4,GCS,1.000
183.82,UAV-4,UAV-5,1.000
183.82,UAV-5,GCS,0.027
184.82,UAV-1,GCS,1.000
184.82,UAV-1,UAV-3,1.000
184.82,UAV-1,UAV-4,1.000
184.82,UAV-1,UAV-5,1.000
184.82,UAV-3,GCS,1.000
184.82,UAV-3,UAV-4,1.000
184.82,UAV-3,UAV-5,1.000
184.82,UAV-4,GCS,1.000
184.82,UAV-4,UAV-5,1.000
184.82,UAV-5,GCS,0.011
185.82,UAV-1,GCS,1.000
185.82,UAV-1,UAV-3,1.000
185.82,UAV-1,UAV-4,1.000
185.82,UAV-1,UAV-5,1.000
185.82,UAV-3,GCS,1.000
185.82,UAV-3,UAV-4,1.000
185.82,UAV-3,UAV-5,1.000
185.82,UAV-4,GCS,1.000
185.82,UAV-4,UAV-5,1.000
185.82,UAV-5,GCS,0.068
186.82,UAV-1,GCS,1.000
186.82,UAV-1,UAV-3,1.000
186.82,UAV-1,UAV-4,1.000
186.82,UAV-1,UAV-5,1.000
186.82,UAV-3,GCS,1.000
186.82,UAV-3,UAV-4,1.000
186.82,UAV-3,UAV-5,1.000
186.82,UAV-4,GCS,1.000
186.82,UAV-4,UAV-5,1.000
186.82,UAV-5,GCS,0.028
187.82,UAV-1,GCS,1.000
187.82,UAV-1,UAV-3,1.000
187.82,UAV-1,UAV-4,1.000
187.82,UAV-1,UAV-5,1.000
187.82,UAV-3,GCS,1.000
187.82,UAV-3,UAV-4,1.000
187.82,UAV-3,UAV-5,1.000
187.82,UAV-4,GCS,1.000
187.82,UAV-4,UAV-5,1.000
187.82,UAV-5,GCS,0.018
188.82,UAV-1,GCS,1.000
188.82,UAV-1,UAV-3,1.000
188.82,UAV-1,UAV-4,1.000
188.82,UAV-1,UAV-5,1.000
188.82,UAV-3,GCS,1.000
188.82,UAV-3,UAV-4,1.000
188.82,UAV-3,UAV-5,1.000
188.82,UAV-4,GCS,1.000
188.82,UAV-4,UAV-5,1.000
188.82,UAV-5,GCS,0.027
189.82,UAV-1,GCS,1.000
189.82,UAV-1,UAV-3,1.000
189.82,UAV-1,UAV-4,1.000
189.82,UAV-1,UAV-5,1.000
189.82,UAV-3,GCS,1.000
189.82,UAV-3,UAV-4,1.000
189.82,UAV-3,UAV-5,1.000
189.82,UAV-4,GCS,1.000
189.82,UAV-4,UAV-5,1.000
189.82,UAV-5,GCS,0.054
190.82,UAV-1,GCS,1.000
190.82,UAV-1,UAV-3,1.000
190.82,UAV-1,UAV-4,1.000
190.82,UAV-1,UAV-5,1.000
190.82,UAV-3,GCS,1.000
190.82,UAV-3,UAV-4,1.000
190.82,UAV-3,UAV-5,1.000
190.82,UAV-4,GCS,1.000
190.82,UAV-4,UAV-5,1.000
190.82,UAV-5,GCS,0.028
191.82,UAV-1,GCS,1.000
191.82,UAV-1,UAV-3,1.000
191.82,UAV-1,UAV-4,1.000
191.82,UAV-1,UAV-5,1.000
191.82,UAV-3,GCS,1.000
191.82,UAV-3,UAV-4,1.000
191.82,UAV-3,UAV-5,1.000
191.82,UAV-4,GCS,1.000
191.82,UAV-4,UAV-5,1.000
191.82,UAV-5,GCS,0.065
192.82,UAV-1,GCS,1.000
192.82,UAV-1,UAV-3,1.000
192.82,UAV-1,UAV-4,1.000
192.82,UAV-1,UAV-5,1.000
192.82,UAV-3,GCS,1.000
192.82,UAV-3,UAV-4,1.000
192.82,UAV-3,UAV-5,1.000
192.82,UAV-4,GCS,1.000
192.82,UAV-4,UAV-5,1.000
192.82,UAV-5,GCS,0.019
193.82,UAV-1,GCS,1.000
193.82,UAV-1,UAV-3,1.000
193.82,UAV-1,UAV-4,1.000
193.82,UAV-1,UAV-5,1.000
193.82,UAV-3,GCS,1.000
193.82,UAV-3,UAV-4,1.000
193.82,UAV-3,UAV-5,1.000
193.82,UAV-4,GCS,1.000
193.82,UAV-4,UAV-5,1.000
193.82,UAV-5,GCS,0.016
194.82,UAV-1,GCS,1.000
194.82,UAV-1,UAV-3,1.000
194.82,UAV-1,UAV-4,1.000
194.82,UAV-1,UAV-5,1.000
194.82,UAV-3,GCS,1.000
194.82,UAV-3,UAV-4,1.000
194.82,UAV-3,UAV-5,1.000
194.82,UAV-4,GCS,1.000
194.82,UAV-4,UAV-5,1.000
194.82,UAV-5,GCS,0.099
195.82,UAV-1,GCS,1.000
195.82,UAV-1,UAV-3,1.000
195.82,UAV-1,UAV-4,1.000
195.82,UAV-1,UAV-5,1.000
195.82,UAV-3,GCS,1.000
195.82,UAV-3,UAV-4,1.000
195.82,UAV-3,UAV-5,1.000
195.82,UAV-4,GCS,1.000
195.82,UAV-4,UAV-5,1.000
195.82,UAV-5,GCS,0.170
196.82,UAV-1,GCS,1.000
196.82,UAV-1,UAV-3,1.000
196.82,UAV-1,UAV-4,1.000
196.82,UAV-1,UAV-5,1.000
196.82,UAV-3,GCS,1.000
196.82,UAV-3,UAV-4,1.000
196.82,UAV-3,UAV-5,1.000
196.82,UAV-4,GCS,1.000
196.82,UAV-4,UAV-5,1.000
196.82,UAV-5,GCS,0.175
197.82,UAV-1,GCS,1.000
197.82,UAV-1,UAV-3,1.000
197.82,UAV-1,UAV-4,1.000
197.82,UAV-1,UAV-5,1.000
197.82,UAV-3,GCS,1.000
197.82,UAV-3,UAV-4,1.000
197.82,UAV-3,UAV-5,1.000
197.82,UAV-4,GCS,1.000
197.82,UAV-4,UAV-5,1.000
197.82,UAV-5,GCS,0.181
198.82,UAV-1,GCS,1.000
198.82,UAV-1,UAV-3,1.000
198.82,UAV-1,UAV-4,1.000
198.82,UAV-1,UAV-5,1.000
198.82,UAV-3,GCS,1.000
198.82,UAV-3,UAV-4,1.000
198.82,UAV-3,UAV-5,1.000
198.82,UAV-4,GCS,1.000
198.82,UAV-4,UAV-5,1.000
198.82,UAV-5,GCS,0.446
199.82,UAV-1,GCS,1.000
199.82,UAV-1,UAV-3,1.000
199.82,UAV-1,UAV-4,1.000
199.82,UAV-1,UAV-5,1.000
199.82,UAV-3,GCS,1.000
199.82,UAV-3,UAV-4,1.000
199.82,UAV-3,UAV-5,1.000
199.82,UAV-4,GCS,1.000
199.82,UAV-4,UAV-5,1.000
199.82,UAV-5,GCS,0.645
200.82,UAV-1,GCS,1.000
200.82,UAV-1,UAV-3,1.000
200.82,UAV-1,UAV-4,1.000
200.82,UAV-1,UAV-5,1.000
200.82,UAV-3,GCS,1.000
200.82,UAV-3,UAV-4,1.000
200.82,UAV-3,UAV-5,1.000
200.82,UAV-4,GCS,1.000
200.82,UAV-4,UAV-5,1.000
200.82,UAV-5,GCS,0.897
201.82,UAV-1,GCS,1.000
201.82,UAV-1,UAV-3,1.000
201.82,UAV-1,UAV-4,1.000
201.82,UAV-1,UAV-5,1.000
201.82,UAV-3,GCS,1.000
201.82,UAV-3,UAV-4,1.000
201.82,UAV-3,UAV-5,1.000
201.82,UAV-4,GCS,1.000
201.82,UAV-4,UAV-5,1.000
201.82,UAV-5,GCS,0.861
202.82,UAV-1,GCS,1.000
202.82,UAV-1,UAV-3,1.000
202.82,UAV-1,UAV-4,1.000
202.82,UAV-1,UAV-5,1.000
202.82,UAV-3,GCS,1.000
202.82,UAV-3,UAV-4,1.000
202.82,UAV-3,UAV-5,1.000
202.82,UAV-4,GCS,1.000
202.82,UAV-4,UAV-5,1.000
202.82,UAV-5,GCS,0.897
203.82,UAV-1,GCS,1.000
203.82,UAV-1,UAV-3,1.000
203.82,UAV-1,UAV-4,1.000
203.82,UAV-1,UAV-5,1.000
203.82,UAV-3,GCS,1.000
203.82,UAV-3,UAV-4,1.000
203.82,UAV-3,UAV-5,1.000
203.82,UAV-4,GCS,1.000
203.82,UAV-4,UAV-5,1.000
203.82,UAV-5,GCS,0.902
204.82,UAV-1,GCS,1.000
204.82,UAV-1,UAV-3,1.000
204.82,UAV-1,UAV-4,1.000
204.82,UAV-1,UAV-5,1.000
204.82,UAV-3,GCS,1.000
204.82,UAV-3,UAV-4,1.000
204.82,UAV-3,UAV-5,1.000
204.82,UAV-4,GCS,1.000
204.82,UAV-4,UAV-5,1.000
204.82,UAV-5,GCS,0.914
205.82,UAV-1,GCS,1.000
205.82,UAV-1,UAV-3,1.000
205.82,UAV-1,UAV-4,1.000
205.82,UAV-1,UAV-5,1.000
205.82,UAV-3,GCS,1.000
205.82,UAV-3,UAV-4,1.000
205.82,UAV-3,UAV-5,1.000
205.82,UAV-4,GCS,1.000
205.82,UAV-4,UAV-5,1.000
205.82,UAV-5,GCS,0.999
206.82,UAV-1,GCS,1.000
206.82,UAV-1,UAV-3,1.000
206.82,UAV-1,UAV-4,1.000
206.82,UAV-1,UAV-5,1.000
206.82,UAV-3,GCS,1.000
206.82,UAV-3,UAV-4,1.000
206.82,UAV-3,UAV-5,1.000
206.82,UAV-4,GCS,1.000
206.82,UAV-4,UAV-5,1.000
206.82,UAV-5,GCS,0.958
207.82,UAV-1,GCS,1.000
207.82,UAV-1,UAV-3,1.000
207.82,UAV-1,UAV-4,1.000
207.82,UAV-1,UAV-5,1.000
207.82,UAV-3,GCS,1.000
207.82,UAV-3,UAV-4,1.000
207.82,UAV-3,UAV-5,1.000
207.82,UAV-4,GCS,1.000
207.82,UAV-4,UAV-5,1.000
207.82,UAV-5,GCS,0.958
208.82,UAV-1,GCS,1.000
208.82,UAV-1,UAV-3,1.000
208.82,UAV-1,UAV-4,1.000
208.82,UAV-1,UAV-5,1.000
208.82,UAV-3,GCS,1.000
208.82,UAV-3,UAV-4,1.000
208.82,UAV-3,UAV-5,1.000
208.82,UAV-4,GCS,1.000
208.82,UAV-4,UAV-5,1.000
208.82,UAV-5,GCS,0.988
209.82,UAV-1,GCS,1.000
209.82,UAV-1,UAV-3,1.000
209.82,UAV-1,UAV-4,1.000
209.82,UAV-1,UAV-5,1.000
209.82,UAV-3,GCS,1.000
209.82,UAV-3,UAV-4,1.000
209.82,UAV-3,UAV-5,1.000
209.82,UAV-4,GCS,0.976
209.82,UAV-4,UAV-5,1.000
209.82,UAV-5,GCS,1.000
210.82,UAV-1,GCS,1.000
210.82,UAV-1,UAV-3,1.000
210.82,UAV-1,UAV-4,1.000
210.82,UAV-1,UAV-5,1.000
210.82,UAV-3,GCS,1.000
210.82,UAV-3,UAV-4,1.000
210.82,UAV-3,UAV-5,1.000
210.82,UAV-4,GCS,0.850
210.82,UAV-4,UAV-5,1.000
210.82,UAV-5,GCS,1.000
211.82,UAV-1,GCS,1.000
211.82,UAV-1,UAV-3,1.000
211.82,UAV-1,UAV-4,1.000
211.82,UAV-1,UAV-5,1.000
211.82,UAV-3,GCS,1.000
211.82,UAV-3,UAV-4,1.000
211.82,UAV-3,UAV-5,1.000
211.82,UAV-4,GCS,0.706
211.82,UAV-4,UAV-5,1.000
211.82,UAV-5,GCS,1.000
212.82,UAV-1,GCS,1.000
212.82,UAV-1,UAV-3,1.000
212.82,UAV-1,UAV-4,1.000
212.82,UAV-1,UAV-5,1.000
212.82,UAV-3,GCS,1.000
212.82,UAV-3,UAV-4,1.000
212.82,UAV-3,UAV-5,1.000
212.82,UAV-4,GCS,0.564
212.82,UAV-4,UAV-5,1.000
212.82,UAV-5,GCS,1.000
213.82,UAV-1,GCS,1.000
213.82,UAV-1,UAV-3,1.000
213.82,UAV-1,UAV-4,1.000
213.82,UAV-1,UAV-5,1.000
213.82,UAV-3,GCS,1.000
213.82,UAV-3,UAV-4,1.000
213.82,UAV-3,UAV-5,1.000
213.82,UAV-4,GCS,0.335
213.82,UAV-4,UAV-5,1.000
213.82,UAV-5,GCS,1.000
214.82,UAV-1,GCS,1.000
214.82,UAV-1,UAV-3,1.000
214.82,UAV-1,UAV-4,1.000
214.82,UAV-1,UAV-5,1.000
214.82,UAV-3,GCS,1.000
214.82,UAV-3,UAV-4,1.000
214.82,UAV-3,UAV-5,1.000
214.82,UAV-4,GCS,0.082
214.82,UAV-4,UAV-5,1.000
214.82,UAV-5,GCS,1.000
215.82,UAV-1,GCS,1.000
215.82,UAV-1,UAV-3,1.000
215.82,UAV-1,UAV-4,1.000
215.82,UAV-1,UAV-5,1.000
215.82,UAV-3,GCS,1.000
215.82,UAV-3,UAV-4,1.000
215.82,UAV-3,UAV-5,1.000
215.82,UAV-4,GCS,0.013
215.82,UAV-4,UAV-5,1.000
215.82,UAV-5,GCS,1.000
216.82,UAV-1,GCS,1.000
216.82,UAV-1,UAV-3,1.000
216.82,UAV-1,UAV-4,1.000
216.82,UAV-1,UAV-5,1.000
216.82,UAV-3,GCS,1.000
216.82,UAV-3,UAV-4,1.000
216.82,UAV-3,UAV-5,1.000
216.82,UAV-4,GCS,0.043
216.82,UAV-4,UAV-5,1.000
216.82,UAV-5,GCS,1.000
217.82,UAV-1,GCS,1.000
217.82,UAV-1,UAV-3,1.000
217.82,UAV-1,UAV-4,1.000
217.82,UAV-1,UAV-5,1.000
217.82,UAV-3,GCS,1.000
217.82,UAV-3,UAV-4,1.000
217.82,UAV-3,UAV-5,1.000
217.82,UAV-4,GCS,0.000
217.82,UAV-4,UAV-5,1.000
217.82,UAV-5,GCS,1.000
218.82,UAV-1,GCS,1.000
218.82,UAV-1,UAV-3,1.000
218.82,UAV-1,UAV-4,1.000
218.82,UAV-1,UAV-5,1.000
218.82,UAV-3,GCS,1.000
218.82,UAV-3,UAV-4,1.000
218.82,UAV-3,UAV-5,1.000
218.82,UAV-4,GCS,0.000
218.82,UAV-4,UAV-5,1.000
218.82,UAV-5,GCS,1.000
219.82,UAV-1,GCS,1.000
219.82,UAV-1,UAV-3,1.000
219.82,UAV-1,UAV-4,1.000
219.82,UAV-1,UAV-5,1.000
219.82,UAV-3,GCS,1.000
219.82,UAV-3,UAV-4,1.000
219.82,UAV-3,UAV-5,1.000
219.82,UAV-4,GCS,0.000
219.82,UAV-4,UAV-5,1.000
219.82,UAV-5,GCS,1.000
220.82,UAV-1,GCS,1.000
220.82,UAV-1,UAV-3,1.000
220.82,UAV-1,UAV-4,1.000
220.82,UAV-1,UAV-5,1.000
220.82,UAV-3,GCS,1.000
220.82,UAV-3,UAV-4,1.000
220.82,UAV-3,UAV-5,1.000
220.82,UAV-4,GCS,0.000
220.82,UAV-4,UAV-5,1.000
220.82,UAV-5,GCS,1.000
221.82,UAV-1,GCS,0.958
221.82,UAV-1,UAV-3,1.000
221.82,UAV-1,UAV-4,1.000
221.82,UAV-1,UAV-5,1.000
221.82,UAV-3,GCS,1.000
221.82,UAV-3,UAV-4,1.000
221.82,UAV-3,UAV-5,1.000
221.82,UAV-4,GCS,0.000
221.82,UAV-4,UAV-5,1.000
221.82,UAV-5,GCS,1.000
222.82,UAV-1,GCS,1.000
222.82,UAV-1,UAV-3,1.000
222.82,UAV-1,UAV-4,1.000
222.82,UAV-1,UAV-5,1.000
222.82,UAV-3,GCS,1.000
222.82,UAV-3,UAV-4,1.000
222.82,UAV-3,UAV-5,1.000
222.82,UAV-4,GCS,0.000
222.82,UAV-4,UAV-5,1.000
222.82,UAV-5,GCS,1.000
223.82,UAV-1,GCS,1.000
223.82,UAV-1,UAV-3,1.000
223.82,UAV-1,UAV-4,1.000
223.82,UAV-1,UAV-5,1.000
223.82,UAV-3,GCS,1.000
223.82,UAV-3,UAV-4,1.000
223.82,UAV-3,UAV-5,1.000
223.82,UAV-4,GCS,0.000
223.82,UAV-4,UAV-5,1.000
223.82,UAV-5,GCS,1.000
224.82,UAV-1,GCS,1.000
224.82,UAV-1,UAV-3,1.000
224.82,UAV-1,UAV-4,1.000
224.82,UAV-1,UAV-5,1.000
224.82,UAV-3,GCS,1.000
224.82,UAV-3,UAV-4,1.000
224.82,UAV-3,UAV-5,1.000
224.82,UAV-4,GCS,0.000
224.82,UAV-4,UAV-5,1.000
224.82,UAV-5,GCS,1.000
225.82,UAV-1,GCS,1.000
225.82,UAV-1,UAV-3,1.000
225.82,UAV-1,UAV-4,1.000
225.82,UAV-1,UAV-5,1.000
225.82,UAV-3,GCS,1.000
225.82,UAV-3,UAV-4,1.000
225.82,UAV-3,UAV-5,1.000
225.82,UAV-4,GCS,0.000
225.82,UAV-4,UAV-5,1.000
225.82,UAV-5,GCS,1.000
226.82,UAV-1,GCS,1.000
226.82,UAV-1,UAV-3,1.000
226.82,UAV-1,UAV-4,1.000
226.82,UAV-1,UAV-5,1.000
226.82,UAV-3,GCS,1.000
226.82,UAV-3,UAV-4,1.000
226.82,UAV-3,UAV-5,1.000
226.82,UAV-4,GCS,0.000
226.82,UAV-4,UAV-5,1.000
226.82,UAV-5,GCS,1.000
227.82,UAV-1,GCS,1.000
227.82,UAV-1,UAV-3,1.000
227.82,UAV-1,UAV-4,1.000
227.82,UAV-1,UAV-5,1.000
227.82,UAV-3,GCS,1.000
227.82,UAV-3,UAV-4,1.000
227.82,UAV-3,UAV-5,1.000
227.82,UAV-4,GCS,0.000
227.82,UAV-4,UAV-5,1.000
227.82,UAV-5,GCS,1.000
228.82,UAV-1,GCS,1.000
228.82,UAV-1,UAV-3,1.000
228.82,UAV-1,UAV-4,1.000
228.82,UAV-1,UAV-5,1.000
228.82,UAV-3,GCS,1.000
228.82,UAV-3,UAV-4,1.000
228.82,UAV-3,UAV-5,1.000
228.82,UAV-4,GCS,0.000
228.82,UAV-4,UAV-5,1.000
228.82,UAV-5,GCS,1.000
229.82,UAV-1,GCS,1.000
229.82,UAV-1,UAV-3,1.000
229.82,UAV-1,UAV-4,1.000
229.82,UAV-1,UAV-5,1.000
229.82,UAV-3,GCS,1.000
229.82,UAV-3,UAV-4,1.000
229.82,UAV-3,UAV-5,0.958
229.82,UAV-4,GCS,0.000
229.82,UAV-4,UAV-5,1.000
229.82,UAV-5,GCS,1.000
230.82,UAV-1,GCS,1.000
230.82,UAV-1,UAV-3,1.000
230.82,UAV-1,UAV-4,1.000
230.82,UAV-1,UAV-5,1.000
230.82,UAV-3,GCS,1.000
230.82,UAV-3,UAV-4,1.000
230.82,UAV-3,UAV-5,1.000
230.82,UAV-4,GCS,0.000
230.82,UAV-4,UAV-5,1.000
230.82,UAV-5,GCS,1.000
231.82,UAV-1,GCS,1.000
231.82,UAV-1,UAV-3,1.000
231.82,UAV-1,UAV-4,1.000
231.82,UAV-1,UAV-5,1.000
231.82,UAV-3,GCS,1.000
231.82,UAV-3,UAV-4,1.000
231.82,UAV-3,UAV-5,1.000
231.82,UAV-4,GCS,0.000
231.82,UAV-4,UAV-5,1.000
231.82,UAV-5,GCS,1.000
232.82,UAV-1,GCS,1.000
232.82,UAV-1,UAV-3,1.000
232.82,UAV-1,UAV-4,1.000
232.82,UAV-1,UAV-5,1.000
232.82,UAV-3,GCS,1.000
232.82,UAV-3,UAV-4,1.000
232.82,UAV-3,UAV-5,1.000
232.82,UAV-4,GCS,0.000
232.82,UAV-4,UAV-5,1.000
232.82,UAV-5,GCS,1.000
233.82,UAV-1,GCS,1.000
233.82,UAV-1,UAV-3,1.000
233.82,UAV-1,UAV-4,1.000
233.82,UAV-1,UAV-5,1.000
233.82,UAV-3,GCS,1.000
233.82,UAV-3,UAV-4,1.000
233.82,UAV-3,UAV-5,1.000
233.82,UAV-4,GCS,0.000
233.82,UAV-4,UAV-5,1.000
233.82,UAV-5,GCS,1.000
234.82,UAV-1,GCS,1.000
234.82,UAV-1,UAV-3,1.000
234.82,UAV-1,UAV-4,1.000
234.82,UAV-1,UAV-5,1.000
234.82,UAV-3,GCS,1.000
234.82,UAV-3,UAV-4,1.000
234.82,UAV-3,UAV-5,1.000
234.82,UAV-4,GCS,0.000
234.82,UAV-4,UAV-5,1.000
234.82,UAV-5,GCS,1.000
235.82,UAV-1,GCS,1.000
235.82,UAV-1,UAV-3,1.000
235.82,UAV-1,UAV-4,1.000
235.82,UAV-1,UAV-5,1.000
235.82,UAV-3,GCS,1.000
235.82,UAV-3,UAV-4,1.000
235.82,UAV-3,UAV-5,1.000
235.82,UAV-4,GCS,0.000
235.82,UAV-4,UAV-5,1.000
235.82,UAV-5,GCS,1.000
236.82,UAV-1,GCS,1.000
236.82,UAV-1,UAV-3,1.000
236.82,UAV-1,UAV-4,1.000
236.82,UAV-1,UAV-5,1.000
236.82,UAV-3,GCS,1.000
236.82,UAV-3,UAV-4,1.000
236.82,UAV-3,UAV-5,1.000
236.82,UAV-4,GCS,0.000
236.82,UAV-4,UAV-5,1.000
236.82,UAV-5,GCS,1.000
237.82,UAV-1,GCS,1.000
237.82,UAV-1,UAV-3,1.000
237.82,UAV-1,UAV-4,1.000
237.82,UAV-1,UAV-5,1.000
237.82,UAV-3,GCS,1.000
237.82,UAV-3,UAV-4,1.000
237.82,UAV-3,UAV-5,1.000
237.82,UAV-4,GCS,0.000
237.82,UAV-4,UAV-5,1.000
237.82,UAV-5,GCS,1.000
238.82,UAV-1,GCS,0.984
238.82,UAV-1,UAV-3,1.000
238.82,UAV-1,UAV-4,1.000
238.82,UAV-1,UAV-5,1.000
238.82,UAV-3,GCS,1.000
238.82,UAV-3,UAV-4,1.000
238.82,UAV-3,UAV-5,1.000
238.82,UAV-4,GCS,0.000
238.82,UAV-4,UAV-5,1.000
238.82,UAV-5,GCS,1.000
239.82,UAV-1,GCS,1.000
239.82,UAV-1,UAV-3,1.000
239.82,UAV-1,UAV-4,1.000
239.82,UAV-1,UAV-5,1.000
239.82,UAV-3,GCS,1.000
239.82,UAV-3,UAV-4,1.000
239.82,UAV-3,UAV-5,1.000
239.82,UAV-4,GCS,0.000
239.82,UAV-4,UAV-5,1.000
239.82,UAV-5,GCS,1.000
240.82,UAV-1,UAV-3,1.000
240.82,UAV-1,UAV-4,1.000
240.82,UAV-1,UAV-5,1.000
240.82,UAV-3,GCS,1.000
240.82,UAV-3,UAV-4,1.000
240.82,UAV-3,UAV-5,1.000
240.82,UAV-4,GCS,0.000
240.82,UAV-4,UAV-5,1.000
240.82,UAV-5,GCS,1.000
241.82,UAV-1,UAV-3,1.000
241.82,UAV-1,UAV-4,1.000
241.82,UAV-1,UAV-5,1.000
241.82,UAV-3,GCS,1.000
241.82,UAV-3,UAV-4,1.000
241.82,UAV-3,UAV-5,1.000
241.82,UAV-4,GCS,0.000
241.82,UAV-4,UAV-5,1.000
241.82,UAV-5,GCS,1.000
242.82,UAV-1,UAV-3,1.000
242.82,UAV-1,UAV-4,1.000
242.82,UAV-1,UAV-5,1.000
242.82,UAV-3,GCS,1.000
242.82,UAV-3,UAV-4,1.000
242.82,UAV-3,UAV-5,1.000
242.82,UAV-4,GCS,0.000
242.82,UAV-4,UAV-5,1.000
242.82,UAV-5,GCS,1.000
243.82,UAV-1,UAV-3,1.000
243.82,UAV-1,UAV-4,1.000
243.82,UAV-1,UAV-5,1.000
243.82,UAV-3,GCS,1.000
243.82,UAV-3,UAV-4,1.000
243.82,UAV-3,UAV-5,1.000
243.82,UAV-4,GCS,0.000
243.82,UAV-4,UAV-5,1.000
243.82,UAV-5,GCS,1.000
244.82,UAV-1,UAV-3,1.000
244.82,UAV-1,UAV-4,1.000
244.82,UAV-1,UAV-5,1.000
244.82,UAV-3,GCS,1.000
244.82,UAV-3,UAV-4,1.000
244.82,UAV-3,UAV-5,1.000
244.82,UAV-4,GCS,0.000
244.82,UAV-4,UAV-5,1.000
244.82,UAV-5,GCS,1.000
245.82,UAV-1,UAV-3,1.000
245.82,UAV-1,UAV-4,1.000
245.82,UAV-1,UAV-5,1.000
245.82,UAV-3,GCS,1.000
245.82,UAV-3,UAV-4,1.000
245.82,UAV-3,UAV-5,1.000
245.82,UAV-4,GCS,0.000
245.82,UAV-4,UAV-5,1.000
245.82,UAV-5,GCS,1.000
246.82,UAV-1,UAV-3,1.000
246.82,UAV-1,UAV-4,1.000
246.82,UAV-1,UAV-5,1.000
246.82,UAV-3,GCS,1.000
246.82,UAV-3,UAV-4,1.000
246.82,UAV-3,UAV-5,1.000
246.82,UAV-4,GCS,0.000
246.82,UAV-4,UAV-5,1.000
246.82,UAV-5,GCS,1.000
247.82,UAV-1,UAV-3,1.000
247.82,UAV-1,UAV-4,1.000
247.82,UAV-1,UAV-5,1.000
247.82,UAV-3,GCS,1.000
247.82,UAV-3,UAV-4,1.000
247.82,UAV-3,UAV-5,1.000
247.82,UAV-4,GCS,0.000
247.82,UAV-4,UAV-5,1.000
247.82,UAV-5,GCS,1.000
248.82,UAV-1,UAV-3,1.000
248.82,UAV-1,UAV-4,1.000
248.82,UAV-1,UAV-5,1.000
248.82,UAV-3,GCS,1.000
248.82,UAV-3,UAV-4,1.000
248.82,UAV-3,UAV-5,1.000
248.82,UAV-4,GCS,0.000
248.82,UAV-4,UAV-5,1.000
248.82,UAV-5,GCS,1.000
249.82,UAV-1,UAV-3,1.000
249.82,UAV-1,UAV-4,1.000
249.82,UAV-1,UAV-5,1.000
249.82,UAV-3,GCS,1.000
249.82,UAV-3,UAV-4,1.000
249.82,UAV-3,UAV-5,1.000
249.82,UAV-4,GCS,0.000
249.82,UAV-4,UAV-5,1.000
249.82,UAV-5,GCS,1.000
250.82,UAV-1,UAV-3,1.000
250.82,UAV-1,UAV-4,1.000
250.82,UAV-1,UAV-5,1.000
250.82,UAV-3,GCS,1.000
250.82,UAV-3,UAV-4,1.000
250.82,UAV-3,UAV-5,1.000
250.82,UAV-4,GCS,0.000
250.82,UAV-4,UAV-5,1.000
250.82,UAV-5,GCS,1.000
251.82,UAV-1,UAV-3,1.000
251.82,UAV-1,UAV-4,1.000
251.82,UAV-1,UAV-5,1.000
251.82,UAV-3,GCS,1.000
251.82,UAV-3,UAV-4,1.000
251.82,UAV-3,UAV-5,1.000
251.82,UAV-4,GCS,0.000
251.82,UAV-4,UAV-5,1.000
251.82,UAV-5,GCS,1.000
252.82,UAV-1,UAV-3,1.000
252.82,UAV-1,UAV-4,1.000
252.82,UAV-1,UAV-5,1.000
252.82,UAV-3,GCS,1.000
252.82,UAV-3,UAV-4,1.000
252.82,UAV-3,UAV-5,1.000
252.82,UAV-4,GCS,0.000
252.82,UAV-4,UAV-5,1.000
252.82,UAV-5,GCS,1.000
253.82,UAV-1,UAV-3,1.000
253.82,UAV-1,UAV-4,1.000
253.82,UAV-1,UAV-5,1.000
253.82,UAV-3,GCS,1.000
253.82,UAV-3,UAV-4,1.000
253.82,UAV-3,UAV-5,1.000
253.82,UAV-4,GCS,0.000
253.82,UAV-4,UAV-5,1.000
253.82,UAV-5,GCS,1.000
254.82,UAV-1,UAV-3,1.000
254.82,UAV-1,UAV-4,1.000
254.82,UAV-1,UAV-5,1.000
254.82,UAV-3,GCS,1.000
254.82,UAV-3,UAV-4,1.000
254.82,UAV-3,UAV-5,1.000
254.82,UAV-4,GCS,0.000
254.82,UAV-4,UAV-5,1.000
254.82,UAV-5,GCS,1.000
255.82,UAV-1,UAV-3,1.000
255.82,UAV-1,UAV-4,1.000
255.82,UAV-1,UAV-5,1.000
255.82,UAV-3,GCS,1.000
255.82,UAV-3,UAV-4,1.000
255.82,UAV-3,UAV-5,1.000
255.82,UAV-4,GCS,0.000
255.82,UAV-4,UAV-5,1.000
255.82,UAV-5,GCS,1.000
256.84,UAV-1,UAV-3,1.000
256.84,UAV-1,UAV-4,1.000
256.84,UAV-1,UAV-5,1.000
256.84,UAV-3,GCS,1.000
256.84,UAV-3,UAV-4,1.000
256.84,UAV-3,UAV-5,1.000
256.84,UAV-4,GCS,0.000
256.84,UAV-4,UAV-5,1.000
256.84,UAV-5,GCS,1.000
257.86,UAV-1,UAV-3,1.000
257.86,UAV-1,UAV-4,1.000
257.86,UAV-1,UAV-5,1.000
257.86,UAV-3,GCS,1.000
257.86,UAV-3,UAV-4,1.000
257.86,UAV-3,UAV-5,1.000
257.86,UAV-4,GCS,0.000
257.86,UAV-4,UAV-5,1.000
257.86,UAV-5,GCS,1.000
258.88,UAV-1,UAV-3,1.000
258.88,UAV-1,UAV-4,1.000
258.88,UAV-1,UAV-5,1.000
258.88,UAV-3,GCS,1.000
258.88,UAV-3,UAV-4,1.000
258.88,UAV-3,UAV-5,1.000
258.88,UAV-4,GCS,0.000
258.88,UAV-4,UAV-5,1.000
258.88,UAV-5,GCS,1.000
259.90,UAV-1,UAV-3,1.000
259.90,UAV-1,UAV-4,1.000
259.90,UAV-1,UAV-5,1.000
259.90,UAV-3,GCS,1.000
259.90,UAV-3,UAV-4,1.000
259.90,UAV-3,UAV-5,1.000
259.90,UAV-4,GCS,0.000
259.90,UAV-4,UAV-5,1.000
259.90,UAV-5,GCS,1.000
260.92,UAV-1,UAV-3,1.000
260.92,UAV-1,UAV-4,1.000
260.92,UAV-1,UAV-5,1.000
260.92,UAV-3,GCS,1.000
260.92,UAV-3,UAV-4,1.000
260.92,UAV-3,UAV-5,1.000
260.92,UAV-4,GCS,0.000
260.92,UAV-4,UAV-5,1.000
260.92,UAV-5,GCS,1.000
261.94,UAV-1,UAV-3,1.000
261.94,UAV-1,UAV-4,1.000
261.94,UAV-1,UAV-5,1.000
261.94,UAV-3,GCS,1.000
261.94,UAV-3,UAV-4,1.000
261.94,UAV-3,UAV-5,1.000
261.94,UAV-4,GCS,0.000
261.94,UAV-4,UAV-5,1.000
261.94,UAV-5,GCS,1.000
262.96,UAV-1,UAV-3,1.000
262.96,UAV-1,UAV-4,1.000
262.96,UAV-1,UAV-5,1.000
262.96,UAV-3,GCS,1.000
262.96,UAV-3,UAV-4,1.000
262.96,UAV-3,UAV-5,1.000
262.96,UAV-4,GCS,0.000
262.96,UAV-4,UAV-5,1.000
262.96,UAV-5,GCS,1.000
263.98,UAV-1,UAV-3,1.000
263.98,UAV-1,UAV-4,1.000
263.98,UAV-1,UAV-5,1.000
263.98,UAV-3,GCS,1.000
263.98,UAV-3,UAV-4,1.000
263.98,UAV-3,UAV-5,1.000
263.98,UAV-4,GCS,0.000
263.98,UAV-4,UAV-5,1.000
263.98,UAV-5,GCS,1.000
265.00,UAV-1,UAV-3,1.000
265.00,UAV-1,UAV-4,1.000
265.00,UAV-1,UAV-5,1.000
265.00,UAV-3,GCS,1.000
265.00,UAV-3,UAV-4,1.000
265.00,UAV-3,UAV-5,1.000
265.00,UAV-4,GCS,0.000
265.00,UAV-4,UAV-5,1.000
265.00,UAV-5,GCS,1.000
266.02,UAV-1,UAV-3,1.000
266.02,UAV-1,UAV-4,1.000
266.02,UAV-1,UAV-5,1.000
266.02,UAV-3,GCS,1.000
266.02,UAV-3,UAV-4,1.000
266.02,UAV-3,UAV-5,1.000
266.02,UAV-4,GCS,0.000
266.02,UAV-4,UAV-5,1.000
266.02,UAV-5,GCS,1.000
267.04,UAV-1,UAV-3,1.000
267.04,UAV-1,UAV-4,1.000
267.04,UAV-1,UAV-5,1.000
267.04,UAV-3,GCS,1.000
267.04,UAV-3,UAV-4,1.000
267.04,UAV-3,UAV-5,1.000
267.04,UAV-4,GCS,0.000
267.04,UAV-4,UAV-5,1.000
267.04,UAV-5,GCS,1.000
268.06,UAV-1,UAV-3,1.000
268.06,UAV-1,UAV-4,1.000
268.06,UAV-1,UAV-5,1.000
268.06,UAV-3,GCS,1.000
268.06,UAV-3,UAV-4,1.000
268.06,UAV-3,UAV-5,1.000
268.06,UAV-4,GCS,0.000
268.06,UAV-4,UAV-5,1.000
268.06,UAV-5,GCS,1.000
269.08,UAV-1,UAV-3,1.000
269.08,UAV-1,UAV-4,1.000
269.08,UAV-1,UAV-5,1.000
269.08,UAV-3,GCS,1.000
269.08,UAV-3,UAV-4,1.000
269.08,UAV-3,UAV-5,1.000
269.08,UAV-4,GCS,0.000
269.08,UAV-4,UAV-5,1.000
269.08,UAV-5,GCS,1.000
270.10,UAV-1,UAV-3,1.000
270.10,UAV-1,UAV-4,1.000
270.10,UAV-1,UAV-5,1.000
270.10,UAV-3,GCS,1.000
270.10,UAV-3,UAV-4,1.000
270.10,UAV-3,UAV-5,1.000
270.10,UAV-4,GCS,0.000
270.10,UAV-4,UAV-5,1.000
270.10,UAV-5,GCS,1.000
271.12,UAV-1,UAV-3,1.000
271.12,UAV-1,UAV-4,1.000
271.12,UAV-1,UAV-5,1.000
271.12,UAV-3,GCS,1.000
271.12,UAV-3,UAV-4,1.000
271.12,UAV-3,UAV-5,1.000
271.12,UAV-4,GCS,0.000
271.12,UAV-4,UAV-5,1.000
271.12,UAV-5,GCS,1.000
272.14,UAV-1,UAV-3,1.000
272.14,UAV-1,UAV-4,1.000
272.14,UAV-1,UAV-5,1.000
272.14,UAV-3,GCS,1.000
272.14,UAV-3,UAV-4,1.000
272.14,UAV-3,UAV-5,1.000
272.14,UAV-4,GCS,0.000
272.14,UAV-4,UAV-5,1.000
272.14,UAV-5,GCS,1.000
273.16,UAV-1,UAV-3,1.000
273.16,UAV-1,UAV-4,1.000
273.16,UAV-1,UAV-5,1.000
273.16,UAV-3,GCS,1.000
273.16,UAV-3,UAV-4,1.000
273.16,UAV-3,UAV-5,1.000
273.16,UAV-4,GCS,0.000
273.16,UAV-4,UAV-5,1.000
273.16,UAV-5,GCS,1.000
274.18,UAV-1,UAV-3,1.000
274.18,UAV-1,UAV-4,1.000
274.18,UAV-1,UAV-5,1.000
274.18,UAV-3,GCS,1.000
274.18,UAV-3,UAV-4,1.000
274.18,UAV-3,UAV-5,1.000
274.18,UAV-4,GCS,0.000
274.18,UAV-4,UAV-5,1.000
274.18,UAV-5,GCS,1.000
275.20,UAV-1,UAV-3,1.000
275.20,UAV-1,UAV-4,1.000
275.20,UAV-1,UAV-5,1.000
275.20,UAV-3,GCS,1.000
275.20,UAV-3,UAV-4,1.000
275.20,UAV-3,UAV-5,1.000
275.20,UAV-4,GCS,0.000
275.20,UAV-4,UAV-5,1.000
275.20,UAV-5,GCS,1.000
276.22,UAV-1,UAV-3,1.000
276.22,UAV-1,UAV-4,1.000
276.22,UAV-1,UAV-5,1.000
276.22,UAV-3,GCS,1.000
276.22,UAV-3,UAV-4,1.000
276.22,UAV-3,UAV-5,1.000
276.22,UAV-4,GCS,0.000
276.22,UAV-4,UAV-5,1.000
276.22,UAV-5,GCS,1.000
277.24,UAV-1,UAV-3,1.000
277.24,UAV-1,UAV-4,1.000
277.24,UAV-1,UAV-5,1.000
277.24,UAV-3,GCS,1.000
277.24,UAV-3,UAV-4,1.000
277.24,UAV-3,UAV-5,1.000
277.24,UAV-4,GCS,0.000
277.24,UAV-4,UAV-5,1.000
277.24,UAV-5,GCS,1.000
278.26,UAV-1,UAV-3,1.000
278.26,UAV-1,UAV-4,1.000
278.26,UAV-1,UAV-5,1.000
278.26,UAV-3,GCS,1.000
278.26,UAV-3,UAV-4,1.000
278.26,UAV-3,UAV-5,1.000
278.26,UAV-4,GCS,0.000
278.26,UAV-4,UAV-5,1.000
278.26,UAV-5,GCS,1.000
279.28,UAV-1,UAV-3,1.000
279.28,UAV-1,UAV-4,1.000
279.28,UAV-1,UAV-5,1.000
279.28,UAV-3,GCS,1.000
279.28,UAV-3,UAV-4,1.000
279.28,UAV-3,UAV-5,1.000
279.28,UAV-4,GCS,0.000
279.28,UAV-4,UAV-5,1.000
279.28,UAV-5,GCS,1.000
280.30,UAV-1,GCS,0.491
280.30,UAV-1,UAV-3,1.000
280.30,UAV-1,UAV-4,1.000
280.30,UAV-1,UAV-5,1.000
280.30,UAV-3,GCS,1.000
280.30,UAV-3,UAV-4,1.000
280.30,UAV-3,UAV-5,1.000
280.30,UAV-4,GCS,0.000
280.30,UAV-4,UAV-5,1.000
280.30,UAV-5,GCS,1.000
281.32,UAV-1,GCS,0.687
281.32,UAV-1,UAV-3,1.000
281.32,UAV-1,UAV-4,1.000
281.32,UAV-1,UAV-5,1.000
281.32,UAV-3,GCS,1.000
281.32,UAV-3,UAV-4,1.000
281.32,UAV-3,UAV-5,1.000
281.32,UAV-4,GCS,0.000
281.32,UAV-4,UAV-5,1.000
281.32,UAV-5,GCS,1.000
282.34,UAV-1,GCS,0.516
282.34,UAV-1,UAV-3,1.000
282.34,UAV-1,UAV-4,1.000
282.34,UAV-1,UAV-5,1.000
282.34,UAV-3,GCS,1.000
282.34,UAV-3,UAV-4,1.000
282.34,UAV-3,UAV-5,1.000
282.34,UAV-4,GCS,0.000
282.34,UAV-4,UAV-5,1.000
282.34,UAV-5,GCS,1.000
283.36,UAV-1,GCS,0.573
283.36,UAV-1,UAV-3,1.000
283.36,UAV-1,UAV-4,1.000
283.36,UAV-1,UAV-5,1.000
283.36,UAV-3,GCS,1.000
283.36,UAV-3,UAV-4,1.000
283.36,UAV-3,UAV-5,1.000
283.36,UAV-4,GCS,0.000
283.36,UAV-4,UAV-5,1.000
283.36,UAV-5,GCS,1.000
284.38,UAV-1,GCS,0.532
284.38,UAV-1,UAV-3,1.000
284.38,UAV-1,UAV-4,1.000
284.38,UAV-1,UAV-5,1.000
284.38,UAV-3,GCS,1.000
284.38,UAV-3,UAV-4,1.000
284.38,UAV-3,UAV-5,1.000
284.38,UAV-4,GCS,0.000
284.38,UAV-4,UAV-5,1.000
284.38,UAV-5,GCS,1.000
285.40,UAV-1,GCS,0.546
285.40,UAV-1,UAV-3,1.000
285.40,UAV-1,UAV-4,1.000
285.40,UAV-1,UAV-5,1.000
285.40,UAV-3,GCS,1.000
285.40,UAV-3,UAV-4,1.000
285.40,UAV-3,UAV-5,1.000
285.40,UAV-4,GCS,0.000
285.40,UAV-4,UAV-5,1.000
285.40,UAV-5,GCS,1.000
286.42,UAV-1,GCS,0.509
286.42,UAV-1,UAV-3,1.000
286.42,UAV-1,UAV-4,1.000
286.42,UAV-1,UAV-5,1.000
286.42,UAV-3,GCS,1.000
286.42,UAV-3,UAV-4,1.000
286.42,UAV-3,UAV-5,1.000
286.42,UAV-4,GCS,0.000
286.42,UAV-4,UAV-5,1.000
286.42,UAV-5,GCS,1.000
287.44,UAV-1,GCS,0.442
287.44,UAV-1,UAV-3,1.000
287.44,UAV-1,UAV-4,1.000
287.44,UAV-1,UAV-5,1.000
287.44,UAV-3,GCS,1.000
287.44,UAV-3,UAV-4,1.000
287.44,UAV-3,UAV-5,1.000
287.44,UAV-4,GCS,0.000
287.44,UAV-4,UAV-5,1.000
287.44,UAV-5,GCS,1.000
288.46,UAV-1,GCS,0.453
288.46,UAV-1,UAV-3,1.000
288.46,UAV-1,UAV-4,1.000
288.46,UAV-1,UAV-5,1.000
288.46,UAV-3,GCS,1.000
288.46,UAV-3,UAV-4,1.000
288.46,UAV-3,UAV-5,1.000
288.46,UAV-4,GCS,0.000
288.46,UAV-4,UAV-5,1.000
288.46,UAV-5,GCS,1.000
289.48,UAV-1,GCS,0.493
289.48,UAV-1,UAV-3,1.000
289.48,UAV-1,UAV-4,1.000
289.48,UAV-1,UAV-5,1.000
289.48,UAV-3,GCS,1.000
289.48,UAV-3,UAV-4,1.000
289.48,UAV-3,UAV-5,1.000
289.48,UAV-4,GCS,0.024
289.48,UAV-4,UAV-5,1.000
289.48,UAV-5,GCS,1.000
290.50,UAV-1,GCS,0.514
290.50,UAV-1,UAV-3,1.000
290.50,UAV-1,UAV-4,1.000
290.50,UAV-1,UAV-5,1.000
290.50,UAV-3,GCS,1.000
290.50,UAV-3,UAV-4,1.000
290.50,UAV-3,UAV-5,1.000
290.50,UAV-4,GCS,0.036
290.50,UAV-4,UAV-5,1.000
290.50,UAV-5,GCS,1.000
291.52,UAV-1,GCS,0.468
291.52,UAV-1,UAV-3,1.000
291.52,UAV-1,UAV-4,1.000
291.52,UAV-1,UAV-5,1.000
291.52,UAV-3,GCS,1.000
291.52,UAV-3,UAV-4,1.000
291.52,UAV-3,UAV-5,1.000
291.52,UAV-4,GCS,0.026
291.52,UAV-4,UAV-5,1.000
291.52,UAV-5,GCS,1.000
292.54,UAV-1,GCS,0.501
292.54,UAV-1,UAV-3,1.000
292.54,UAV-1,UAV-4,1.000
292.54,UAV-1,UAV-5,1.000
292.54,UAV-3,GCS,1.000
292.54,UAV-3,UAV-4,1.000
292.54,UAV-3,UAV-5,1.000
292.54,UAV-4,GCS,0.107
292.54,UAV-4,UAV-5,1.000
292.54,UAV-5,GCS,1.000
293.56,UAV-1,GCS,0.425
293.56,UAV-1,UAV-3,1.000
293.56,UAV-1,UAV-4,1.000
293.56,UAV-1,UAV-5,1.000
293.56,UAV-3,GCS,1.000
293.56,UAV-3,UAV-4,1.000
293.56,UAV-3,UAV-5,1.000
293.56,UAV-4,GCS,0.002
293.56,UAV-4,UAV-5,1.000
293.56,UAV-5,GCS,1.000
294.58,UAV-1,GCS,0.391
294.58,UAV-1,UAV-3,1.000
294.58,UAV-1,UAV-4,1.000
294.58,UAV-1,UAV-5,1.000
294.58,UAV-3,GCS,1.000
294.58,UAV-3,UAV-4,1.000
294.58,UAV-3,UAV-5,1.000
294.58,UAV-4,GCS,0.185
294.58,UAV-4,UAV-5,1.000
294.58,UAV-5,GCS,1.000
295.60,UAV-1,GCS,0.411
295.60,UAV-1,UAV-3,1.000
295.60,UAV-1,UAV-4,1.000
295.60,UAV-1,UAV-5,1.000
295.60,UAV-3,GCS,1.000
295.60,UAV-3,UAV-4,1.000
295.60,UAV-3,UAV-5,1.000
295.60,UAV-4,GCS,0.369
295.60,UAV-4,UAV-5,1.000
295.60,UAV-5,GCS,1.000
296.62,UAV-1,GCS,0.488
296.62,UAV-1,UAV-3,1.000
296.62,UAV-1,UAV-4,1.000
296.62,UAV-1,UAV-5,1.000
296.62,UAV-3,GCS,1.000
296.62,UAV-3,UAV-4,1.000
296.62,UAV-3,UAV-5,1.000
296.62,UAV-4,GCS,0.510
296.62,UAV-4,UAV-5,1.000
296.62,UAV-5,GCS,1.000
297.64,UAV-1,GCS,0.551
297.64,UAV-1,UAV-3,1.000
297.64,UAV-1,UAV-4,1.000
297.64,UAV-1,UAV-5,1.000
297.64,UAV-3,GCS,1.000
297.64,UAV-3,UAV-4,1.000
297.64,UAV-3,UAV-5,1.000
297.64,UAV-4,GCS,0.821
297.64,UAV-4,UAV-5,1.000
297.64,UAV-5,GCS,1.000
298.66,UAV-1,GCS,0.636
298.66,UAV-1,UAV-3,1.000
298.66,UAV-1,UAV-4,1.000
298.66,UAV-1,UAV-5,1.000
298.66,UAV-3,GCS,1.000
298.66,UAV-3,UAV-4,1.000
298.66,UAV-3,UAV-5,1.000
298.66,UAV-4,GCS,0.804
298.66,UAV-4,UAV-5,1.000
298.66,UAV-5,GCS,1.000
299.68,UAV-1,GCS,0.537
299.68,UAV-1,UAV-3,1.000
299.68,UAV-1,UAV-4,1.000
299.68,UAV-1,UAV-5,1.000
299.68,UAV-3,GCS,1.000
299.68,UAV-3,UAV-4,1.000
299.68,UAV-3,UAV-5,1.000
299.68,UAV-4,GCS,0.740
299.68,UAV-4,UAV-5,1.000
299.68,UAV-5,GCS,1.000
300.70,UAV-1,GCS,0.099
300.70,UAV-1,UAV-3,1.000
300.70,UAV-1,UAV-4,1.000
300.70,UAV-1,UAV-5,1.000
300.70,UAV-3,GCS,1.000
300.70,UAV-3,UAV-4,1.000
300.70,UAV-3,UAV-5,1.000
300.70,UAV-4,GCS,0.828
300.70,UAV-4,UAV-5,1.000
300.70,UAV-5,GCS,1.000
301.72,UAV-1,GCS,0.293
301.72,UAV-1,UAV-3,1.000
301.72,UAV-1,UAV-4,1.000
301.72,UAV-1,UAV-5,1.000
301.72,UAV-3,GCS,1.000
301.72,UAV-3,UAV-4,1.000
301.72,UAV-3,UAV-5,1.000
301.72,UAV-4,GCS,0.806
301.72,UAV-4,UAV-5,1.000
301.72,UAV-5,GCS,1.000
302.74,UAV-1,GCS,0.445
302.74,UAV-1,UAV-3,1.000
302.74,UAV-1,UAV-4,1.000
302.74,UAV-1,UAV-5,1.000
302.74,UAV-3,GCS,1.000
302.74,UAV-3,UAV-4,1.000
302.74,UAV-3,UAV-5,1.000
302.74,UAV-4,GCS,1.000
302.74,UAV-4,UAV-5,1.000
302.74,UAV-5,GCS,1.000
303.76,UAV-1,GCS,0.279
303.76,UAV-1,UAV-3,1.000
303.76,UAV-1,UAV-4,1.000
303.76,UAV-1,UAV-5,1.000
303.76,UAV-3,GCS,1.000
303.76,UAV-3,UAV-4,1.000
303.76,UAV-3,UAV-5,1.000
303.76,UAV-4,GCS,1.000
303.76,UAV-4,UAV-5,1.000
303.76,UAV-5,GCS,1.000
304.78,UAV-1,GCS,0.352
304.78,UAV-1,UAV-3,1.000
304.78,UAV-1,UAV-4,1.000
304.78,UAV-1,UAV-5,1.000
304.78,UAV-3,GCS,1.000
304.78,UAV-3,UAV-4,1.000
304.78,UAV-3,UAV-5,1.000
304.78,UAV-4,GCS,1.000
304.78,UAV-4,UAV-5,1.000
304.78,UAV-5,GCS,1.000
305.80,UAV-1,GCS,0.273
305.80,UAV-1,UAV-3,1.000
305.80,UAV-1,UAV-4,1.000
305.80,UAV-1,UAV-5,1.000
305.80,UAV-3,GCS,1.000
305.80,UAV-3,UAV-4,1.000
305.80,UAV-3,UAV-5,1.000
305.80,UAV-4,GCS,1.000
305.80,UAV-4,UAV-5,1.000
305.80,UAV-5,GCS,1.000
306.82,UAV-1,GCS,0.415
306.82,UAV-1,UAV-3,1.000
306.82,UAV-1,UAV-4,1.000
306.82,UAV-1,UAV-5,1.000
306.82,UAV-3,GCS,1.000
306.82,UAV-3,UAV-4,1.000
306.82,UAV-3,UAV-5,1.000
306.82,UAV-4,GCS,1.000
306.82,UAV-4,UAV-5,1.000
306.82,UAV-5,GCS,1.000
307.84,UAV-1,GCS,0.122
307.84,UAV-1,UAV-3,1.000
307.84,UAV-1,UAV-4,1.000
307.84,UAV-1,UAV-5,1.000
307.84,UAV-3,GCS,1.000
307.84,UAV-3,UAV-4,1.000
307.84,UAV-3,UAV-5,1.000
307.84,UAV-4,GCS,1.000
307.84,UAV-4,UAV-5,1.000
307.84,UAV-5,GCS,1.000
308.86,UAV-1,GCS,0.183
308.86,UAV-1,UAV-3,1.000
308.86,UAV-1,UAV-4,1.000
308.86,UAV-1,UAV-5,1.000
308.86,UAV-3,GCS,1.000
308.86,UAV-3,UAV-4,1.000
308.86,UAV-3,UAV-5,1.000
308.86,UAV-4,GCS,1.000
308.86,UAV-4,UAV-5,1.000
308.86,UAV-5,GCS,1.000
309.88,UAV-1,GCS,0.275
309.88,UAV-1,UAV-3,1.000
309.88,UAV-1,UAV-4,1.000
309.88,UAV-1,UAV-5,1.000
309.88,UAV-3,GCS,1.000
309.88,UAV-3,UAV-4,1.000
309.88,UAV-3,UAV-5,1.000
309.88,UAV-4,GCS,1.000
309.88,UAV-4,UAV-5,1.000
309.88,UAV-5,GCS,1.000
310.90,UAV-1,GCS,0.383
310.90,UAV-1,UAV-3,1.000
310.90,UAV-1,UAV-4,1.000
310.90,UAV-1,UAV-5,1.000
310.90,UAV-3,GCS,1.000
310.90,UAV-3,UAV-4,1.000
310.90,UAV-3,UAV-5,1.000
310.90,UAV-4,GCS,1.000
310.90,UAV-4,UAV-5,1.000
310.90,UAV-5,GCS,1.000
311.92,UAV-1,GCS,0.264
311.92,UAV-1,UAV-3,1.000
311.92,UAV-1,UAV-4,1.000
311.92,UAV-1,UAV-5,1.000
311.92,UAV-3,GCS,1.000
311.92,UAV-3,UAV-4,1.000
311.92,UAV-3,UAV-5,1.000
311.92,UAV-4,GCS,1.000
311.92,UAV-4,UAV-5,1.000
311.92,UAV-5,GCS,1.000
312.94,UAV-1,GCS,0.183
312.94,UAV-1,UAV-3,1.000
312.94,UAV-1,UAV-4,1.000
312.94,UAV-1,UAV-5,1.000
312.94,UAV-3,GCS,1.000
312.94,UAV-3,UAV-4,1.000
312.94,UAV-3,UAV-5,1.000
312.94,UAV-4,GCS,1.000
312.94,UAV-4,UAV-5,1.000
312.94,UAV-5,GCS,1.000
313.96,UAV-1,GCS,0.361
313.96,UAV-1,UAV-3,1.000
313.96,UAV-1,UAV-4,1.000
313.96,UAV-1,UAV-5,1.000
313.96,UAV-3,GCS,1.000
313.96,UAV-3,UAV-4,1.000
313.96,UAV-3,UAV-5,1.000
313.96,UAV-4,GCS,1.000
313.96,UAV-4,UAV-5,1.000
313.96,UAV-5,GCS,1.000
314.98,UAV-1,GCS,0.297
314.98,UAV-1,UAV-3,1.000
314.98,UAV-1,UAV-4,1.000
314.98,UAV-1,UAV-5,1.000
314.98,UAV-3,GCS,1.000
314.98,UAV-3,UAV-4,1.000
314.98,UAV-3,UAV-5,1.000
314.98,UAV-4,GCS,1.000
314.98,UAV-4,UAV-5,1.000
314.98,UAV-5,GCS,1.000
316.00,UAV-1,GCS,0.228
316.00,UAV-1,UAV-3,1.000
316.00,UAV-1,UAV-4,1.000
316.00,UAV-1,UAV-5,1.000
316.00,UAV-3,GCS,1.000
316.00,UAV-3,UAV-4,1.000
316.00,UAV-3,UAV-5,1.000
316.00,UAV-4,GCS,1.000
316.00,UAV-4,UAV-5,1.000
316.00,UAV-5,GCS,1.000
317.02,UAV-1,GCS,0.287
317.02,UAV-1,UAV-3,1.000
317.02,UAV-1,UAV-4,1.000
317.02,UAV-1,UAV-5,1.000
317.02,UAV-3,GCS,1.000
317.02,UAV-3,UAV-4,1.000
317.02,UAV-3,UAV-5,1.000
317.02,UAV-4,GCS,1.000
317.02,UAV-4,UAV-5,1.000
317.02,UAV-5,GCS,1.000
318.04,UAV-1,GCS,0.264
318.04,UAV-1,UAV-3,1.000
318.04,UAV-1,UAV-4,1.000
318.04,UAV-1,UAV-5,1.000
318.04,UAV-3,GCS,0.958
318.04,UAV-3,UAV-4,1.000
318.04,UAV-3,UAV-5,1.000
318.04,UAV-4,GCS,1.000
318.04,UAV-4,UAV-5,1.000
318.04,UAV-5,GCS,1.000
319.06,UAV-1,GCS,0.342
319.06,UAV-1,UAV-3,1.000
319.06,UAV-1,UAV-4,1.000
319.06,UAV-1,UAV-5,1.000
319.06,UAV-3,GCS,1.000
319.06,UAV-3,UAV-4,1.000
319.06,UAV-3,UAV-5,1.000
319.06,UAV-4,GCS,1.000
319.06,UAV-4,UAV-5,1.000
319.06,UAV-5,GCS,1.000
320.08,UAV-1,GCS,0.152
320.08,UAV-1,UAV-3,1.000
320.08,UAV-1,UAV-4,1.000
320.08,UAV-1,UAV-5,1.000
320.08,UAV-3,GCS,1.000
320.08,UAV-3,UAV-4,1.000
320.08,UAV-3,UAV-5,1.000
320.08,UAV-4,GCS,1.000
320.08,UAV-4,UAV-5,1.000
320.08,UAV-5,GCS,1.000
321.10,UAV-1,GCS,0.267
321.10,UAV-1,UAV-3,1.000
321.10,UAV-1,UAV-4,1.000
321.10,UAV-1,UAV-5,1.000
321.10,UAV-3,GCS,1.000
321.10,UAV-3,UAV-4,1.000
321.10,UAV-3,UAV-5,1.000
321.10,UAV-4,GCS,1.000
321.10,UAV-4,UAV-5,1.000
321.10,UAV-5,GCS,1.000
322.12,UAV-1,GCS,0.206
322.12,UAV-1,UAV-3,1.000
322.12,UAV-1,UAV-4,1.000
322.12,UAV-1,UAV-5,1.000
322.12,UAV-3,GCS,1.000
322.12,UAV-3,UAV-4,1.000
322.12,UAV-3,UAV-5,1.000
322.12,UAV-4,GCS,1.000
322.12,UAV-4,UAV-5,1.000
322.12,UAV-5,GCS,1.000
323.14,UAV-1,GCS,0.330
323.14,UAV-1,UAV-3,1.000
323.14,UAV-1,UAV-4,1.000
323.14,UAV-1,UAV-5,1.000
323.14,UAV-3,GCS,1.000
323.14,UAV-3,UAV-4,1.000
323.14,UAV-3,UAV-5,1.000
323.14,UAV-4,GCS,1.000
323.14,UAV-4,UAV-5,1.000
323.14,UAV-5,GCS,1.000
324.16,UAV-1,GCS,0.318
324.16,UAV-1,UAV-3,1.000
324.16,UAV-1,UAV-4,1.000
324.16,UAV-1,UAV-5,1.000
324.16,UAV-3,GCS,1.000
324.16,UAV-3,UAV-4,1.000
324.16,UAV-3,UAV-5,1.000
324.16,UAV-4,GCS,1.000
324.16,UAV-4,UAV-5,1.000
324.16,UAV-5,GCS,1.000
325.18,UAV-1,GCS,0.147
325.18,UAV-1,UAV-3,1.000
325.18,UAV-1,UAV-4,1.000
325.18,UAV-1,UAV-5,1.000
325.18,UAV-3,GCS,1.000
325.18,UAV-3,UAV-4,1.000
325.18,UAV-3,UAV-5,1.000
325.18,UAV-4,GCS,1.000
325.18,UAV-4,UAV-5,0.958
325.18,UAV-5,GCS,1.000
326.20,UAV-1,GCS,0.312
326.20,UAV-1,UAV-3,1.000
326.20,UAV-1,UAV-4,1.000
326.20,UAV-1,UAV-5,1.000
326.20,UAV-3,GCS,1.000
326.20,UAV-3,UAV-4,1.000
326.20,UAV-3,UAV-5,1.000
326.20,UAV-4,GCS,1.000
326.20,UAV-4,UAV-5,1.000
326.20,UAV-5,GCS,1.000
327.22,UAV-1,GCS,0.263
327.22,UAV-1,UAV-3,1.000
327.22,UAV-1,UAV-4,1.000
327.22,UAV-1,UAV-5,1.000
327.22,UAV-3,GCS,1.000
327.22,UAV-3,UAV-4,1.000
327.22,UAV-3,UAV-5,1.000
327.22,UAV-4,GCS,1.000
327.22,UAV-4,UAV-5,1.000
327.22,UAV-5,GCS,1.000
328.24,UAV-1,GCS,0.219
328.24,UAV-1,UAV-3,1.000
328.24,UAV-1,UAV-4,1.000
328.24,UAV-1,UAV-5,1.000
328.24,UAV-3,GCS,1.000
328.24,UAV-3,UAV-4,1.000
328.24,UAV-3,UAV-5,1.000
328.24,UAV-4,GCS,1.000
328.24,UAV-4,UAV-5,1.000
328.24,UAV-5,GCS,1.000
329.26,UAV-1,GCS,0.182
329.26,UAV-1,UAV-3,1.000
329.26,UAV-1,UAV-4,1.000
329.26,UAV-1,UAV-5,1.000
329.26,UAV-3,GCS,1.000
329.26,UAV-3,UAV-4,1.000
329.26,UAV-3,UAV-5,1.000
329.26,UAV-4,GCS,1.000
329.26,UAV-4,UAV-5,1.000
329.26,UAV-5,GCS,1.000
330.28,UAV-1,GCS,0.319
330.28,UAV-1,UAV-3,1.000
330.28,UAV-1,UAV-4,1.000
330.28,UAV-1,UAV-5,1.000
330.28,UAV-3,GCS,1.000
330.28,UAV-3,UAV-4,1.000
330.28,UAV-3,UAV-5,1.000
330.28,UAV-4,GCS,1.000
330.28,UAV-4,UAV-5,1.000
330.28,UAV-5,GCS,1.000
331.30,UAV-1,GCS,0.344
331.30,UAV-1,UAV-3,1.000
331.30,UAV-1,UAV-4,1.000
331.30,UAV-1,UAV-5,1.000
331.30,UAV-3,GCS,1.000
331.30,UAV-3,UAV-4,1.000
331.30,UAV-3,UAV-5,1.000
331.30,UAV-4,GCS,1.000
331.30,UAV-4,UAV-5,1.000
331.30,UAV-5,GCS,1.000
332.32,UAV-1,GCS,0.095
332.32,UAV-1,UAV-3,1.000
332.32,UAV-1,UAV-4,1.000
332.32,UAV-1,UAV-5,1.000
332.32,UAV-3,GCS,1.000
332.32,UAV-3,UAV-4,1.000
332.32,UAV-3,UAV-5,1.000
332.32,UAV-4,GCS,1.000
332.32,UAV-4,UAV-5,1.000
332.32,UAV-5,GCS,1.000
333.34,UAV-1,GCS,0.107
333.34,UAV-1,UAV-3,1.000
333.34,UAV-1,UAV-4,1.000
333.34,UAV-1,UAV-5,1.000
333.34,UAV-3,GCS,1.000
333.34,UAV-3,UAV-4,1.000
333.34,UAV-3,UAV-5,1.000
333.34,UAV-4,GCS,1.000
333.34,UAV-4,UAV-5,1.000
333.34,UAV-5,GCS,1.000
334.36,UAV-1,GCS,0.028
334.36,UAV-1,UAV-3,1.000
334.36,UAV-1,UAV-4,1.000
334.36,UAV-1,UAV-5,1.000
334.36,UAV-3,GCS,1.000
334.36,UAV-3,UAV-4,1.000
334.36,UAV-3,UAV-5,1.000
334.36,UAV-4,GCS,1.000
334.36,UAV-4,UAV-5,1.000
334.36,UAV-5,GCS,1.000
335.38,UAV-1,GCS,0.016
335.38,UAV-1,UAV-3,1.000
335.38,UAV-1,UAV-4,1.000
335.38,UAV-1,UAV-5,1.000
335.38,UAV-3,GCS,1.000
335.38,UAV-3,UAV-4,1.000
335.38,UAV-3,UAV-5,1.000
335.38,UAV-4,GCS,1.000
335.38,UAV-4,UAV-5,1.000
335.38,UAV-5,GCS,1.000
336.40,UAV-1,GCS,0.002
336.40,UAV-1,UAV-3,1.000
336.40,UAV-1,UAV-4,1.000
336.40,UAV-1,UAV-5,1.000
336.40,UAV-3,GCS,1.000
336.40,UAV-3,UAV-4,1.000
336.40,UAV-3,UAV-5,1.000
336.40,UAV-4,GCS,1.000
336.40,UAV-4,UAV-5,1.000
336.40,UAV-5,GCS,1.000
337.42,UAV-1,GCS,0.041
337.42,UAV-1,UAV-3,1.000
337.42,UAV-1,UAV-4,0.997
337.42,UAV-1,UAV-5,1.000
337.42,UAV-3,GCS,1.000
337.42,UAV-3,UAV-4,1.000
337.42,UAV-3,UAV-5,1.000
337.42,UAV-4,GCS,1.000
337.42,UAV-4,UAV-5,1.000
337.42,UAV-5,GCS,1.000
338.44,UAV-1,GCS,0.047
338.44,UAV-1,UAV-3,1.000
338.44,UAV-1,UAV-4,1.000
338.44,UAV-1,UAV-5,1.000
338.44,UAV-3,GCS,1.000
338.44,UAV-3,UAV-4,1.000
338.44,UAV-3,UAV-5,1.000
338.44,UAV-4,GCS,1.000
338.44,UAV-4,UAV-5,1.000
338.44,UAV-5,GCS,1.000
339.46,UAV-1,GCS,0.269
339.46,UAV-1,UAV-3,1.000
339.46,UAV-1,UAV-4,1.000
339.46,UAV-1,UAV-5,1.000
339.46,UAV-3,GCS,1.000
339.46,UAV-3,UAV-4,1.000
339.46,UAV-3,UAV-5,1.000
339.46,UAV-4,GCS,1.000
339.46,UAV-4,UAV-5,1.000
339.46,UAV-5,GCS,1.000
340.48,UAV-1,GCS,0.460
340.48,UAV-1,UAV-3,1.000
340.48,UAV-1,UAV-4,1.000
340.48,UAV-1,UAV-5,1.000
340.48,UAV-3,GCS,1.000
340.48,UAV-3,UAV-4,1.000
340.48,UAV-3,UAV-5,1.000
340.48,UAV-4,GCS,1.000
340.48,UAV-4,UAV-5,1.000
340.48,UAV-5,GCS,1.000
341.50,UAV-1,GCS,0.901
341.50,UAV-1,UAV-3,1.000
341.50,UAV-1,UAV-4,1.000
341.50,UAV-1,UAV-5,1.000
341.50,UAV-3,GCS,1.000
341.50,UAV-3,UAV-4,1.000
341.50,UAV-3,UAV-5,1.000
341.50,UAV-4,GCS,1.000
341.50,UAV-4,UAV-5,1.000
341.50,UAV-5,GCS,1.000
342.52,UAV-1,GCS,1.000
342.52,UAV-1,UAV-3,1.000
342.52,UAV-1,UAV-4,1.000
342.52,UAV-1,UAV-5,1.000
342.52,UAV-3,GCS,1.000
342.52,UAV-3,UAV-4,1.000
342.52,UAV-3,UAV-5,1.000
342.52,UAV-4,GCS,1.000
342.52,UAV-4,UAV-5,1.000
342.52,UAV-5,GCS,1.000
343.54,UAV-1,GCS,1.000
343.54,UAV-1,UAV-3,1.000
343.54,UAV-1,UAV-4,1.000
343.54,UAV-1,UAV-5,1.000
343.54,UAV-3,GCS,1.000
343.54,UAV-3,UAV-4,1.000
343.54,UAV-3,UAV-5,1.000
343.54,UAV-4,GCS,1.000
343.54,UAV-4,UAV-5,1.000
343.54,UAV-5,GCS,1.000
344.56,UAV-1,GCS,1.000
344.56,UAV-1,UAV-3,1.000
344.56,UAV-1,UAV-4,1.000
344.56,UAV-1,UAV-5,1.000
344.56,UAV-3,GCS,1.000
344.56,UAV-3,UAV-4,1.000
344.56,UAV-3,UAV-5,1.000
344.56,UAV-4,GCS,1.000
344.56,UAV-4,UAV-5,1.000
344.56,UAV-5,GCS,1.000
345.58,UAV-1,GCS,1.000
345.58,UAV-1,UAV-3,1.000
345.58,UAV-1,UAV-4,1.000
345.58,UAV-1,UAV-5,1.000
345.58,UAV-3,GCS,1.000
345.58,UAV-3,UAV-4,1.000
345.58,UAV-3,UAV-5,1.000
345.58,UAV-4,GCS,1.000
345.58,UAV-4,UAV-5,1.000
345.58,UAV-5,GCS,1.000
346.60,UAV-1,GCS,0.959
346.60,UAV-1,UAV-3,1.000
346.60,UAV-1,UAV-4,1.000
346.60,UAV-1,UAV-5,1.000
346.60,UAV-3,GCS,1.000
346.60,UAV-3,UAV-4,1.000
346.60,UAV-3,UAV-5,1.000
346.60,UAV-4,GCS,1.000
346.60,UAV-4,UAV-5,1.000
346.60,UAV-5,GCS,1.000
347.62,UAV-1,GCS,1.000
347.62,UAV-1,UAV-3,1.000
347.62,UAV-1,UAV-4,1.000
347.62,UAV-1,UAV-5,1.000
347.62,UAV-3,GCS,1.000
347.62,UAV-3,UAV-4,1.000
347.62,UAV-3,UAV-5,1.000
347.62,UAV-4,GCS,1.000
347.62,UAV-4,UAV-5,1.000
347.62,UAV-5,GCS,1.000
348.64,UAV-1,GCS,1.000
348.64,UAV-1,UAV-3,1.000
348.64,UAV-1,UAV-4,1.000
348.64,UAV-1,UAV-5,1.000
348.64,UAV-3,GCS,1.000
348.64,UAV-3,UAV-4,1.000
348.64,UAV-3,UAV-5,1.000
348.64,UAV-4,GCS,1.000
348.64,UAV-4,UAV-5,1.000
348.64,UAV-5,GCS,1.000
349.66,UAV-1,GCS,1.000
349.66,UAV-1,UAV-3,1.000
349.66,UAV-1,UAV-4,1.000
349.66,UAV-1,UAV-5,1.000
349.66,UAV-3,GCS,1.000
349.66,UAV-3,UAV-4,1.000
349.66,UAV-3,UAV-5,1.000
349.66,UAV-4,GCS,1.000
349.66,UAV-4,UAV-5,1.000
349.66,UAV-5,GCS,1.000
350.68,UAV-1,GCS,1.000
350.68,UAV-1,UAV-3,1.000
350.68,UAV-1,UAV-4,1.000
350.68,UAV-1,UAV-5,1.000
350.68,UAV-3,GCS,1.000
350.68,UAV-3,UAV-4,1.000
350.68,UAV-3,UAV-5,1.000
350.68,UAV-4,GCS,1.000
350.68,UAV-4,UAV-5,1.000
350.68,UAV-5,GCS,1.000
351.70,UAV-1,GCS,1.000
351.70,UAV-1,UAV-3,1.000
351.70,UAV-1,UAV-4,1.000
351.70,UAV-1,UAV-5,1.000
351.70,UAV-3,GCS,1.000
351.70,UAV-3,UAV-4,1.000
351.70,UAV-3,UAV-5,1.000
351.70,UAV-4,GCS,1.000
351.70,UAV-4,UAV-5,1.000
351.70,UAV-5,GCS,1.000
352.72,UAV-1,GCS,1.000
352.72,UAV-1,UAV-3,1.000
352.72,UAV-1,UAV-4,1.000
352.72,UAV-1,UAV-5,1.000
352.72,UAV-3,GCS,1.000
352.72,UAV-3,UAV-4,1.000
352.72,UAV-3,UAV-5,1.000
352.72,UAV-4,GCS,1.000
352.72,UAV-4,UAV-5,1.000
352.72,UAV-5,GCS,1.000
353.74,UAV-1,GCS,0.958
353.74,UAV-1,UAV-3,1.000
353.74,UAV-1,UAV-4,1.000
353.74,UAV-1,UAV-5,1.000
353.74,UAV-3,GCS,1.000
353.74,UAV-3,UAV-4,1.000
353.74,UAV-3,UAV-5,1.000
353.74,UAV-4,GCS,1.000
353.74,UAV-4,UAV-5,1.000
353.74,UAV-5,GCS,1.000
354.76,UAV-1,GCS,1.000
354.76,UAV-1,UAV-3,1.000
354.76,UAV-1,UAV-4,1.000
354.76,UAV-1,UAV-5,1.000
354.76,UAV-3,GCS,1.000
354.76,UAV-3,UAV-4,1.000
354.76,UAV-3,UAV-5,1.000
354.76,UAV-4,GCS,1.000
354.76,UAV-4,UAV-5,1.000
354.76,UAV-5,GCS,1.000
355.78,UAV-1,GCS,1.000
355.78,UAV-1,UAV-3,1.000
355.78,UAV-1,UAV-4,1.000
355.78,UAV-1,UAV-5,1.000
355.78,UAV-3,GCS,1.000
355.78,UAV-3,UAV-4,1.000
355.78,UAV-3,UAV-5,1.000
355.78,UAV-4,GCS,1.000
355.78,UAV-4,UAV-5,1.000
355.78,UAV-5,GCS,1.000
356.80,UAV-1,GCS,1.000
356.80,UAV-1,UAV-3,1.000
356.80,UAV-1,UAV-4,1.000
356.80,UAV-1,UAV-5,1.000
356.80,UAV-3,GCS,1.000
356.80,UAV-3,UAV-4,1.000
356.80,UAV-3,UAV-5,1.000
356.80,UAV-4,GCS,1.000
356.80,UAV-4,UAV-5,1.000
356.80,UAV-5,GCS,1.000
357.82,UAV-1,GCS,1.000
357.82,UAV-1,UAV-3,1.000
357.82,UAV-1,UAV-4,1.000
357.82,UAV-1,UAV-5,1.000
357.82,UAV-3,GCS,1.000
357.82,UAV-3,UAV-4,1.000
357.82,UAV-3,UAV-5,1.000
357.82,UAV-4,GCS,1.000
357.82,UAV-4,UAV-5,1.000
357.82,UAV-5,GCS,1.000
358.84,UAV-1,GCS,0.958
358.84,UAV-1,UAV-3,1.000
358.84,UAV-1,UAV-4,1.000
358.84,UAV-1,UAV-5,1.000
358.84,UAV-3,GCS,1.000
358.84,UAV-3,UAV-4,1.000
358.84,UAV-3,UAV-5,1.000
358.84,UAV-4,GCS,1.000
358.84,UAV-4,UAV-5,1.000
358.84,UAV-5,GCS,1.000
359.86,UAV-1,GCS,1.000
359.86,UAV-1,UAV-3,1.000
359.86,UAV-1,UAV-4,1.000
359.86,UAV-1,UAV-5,1.000
359.86,UAV-3,GCS,1.000
359.86,UAV-3,UAV-4,1.000
359.86,UAV-3,UAV-5,1.000
359.86,UAV-4,GCS,1.000
359.86,UAV-4,UAV-5,1.000
359.86,UAV-5,GCS,1.000
360.88,UAV-1,GCS,0.800
360.88,UAV-1,UAV-3,0.800
360.88,UAV-1,UAV-4,0.800
360.88,UAV-1,UAV-5,0.800
360.88,UAV-3,GCS,0.800
360.88,UAV-3,UAV-4,0.800
360.88,UAV-3,UAV-5,0.800
360.88,UAV-4,GCS,0.800
360.88,UAV-4,UAV-5,0.800
360.88,UAV-5,GCS,0.800
361.90,UAV-1,GCS,0.800
361.90,UAV-1,UAV-3,0.800
361.90,UAV-1,UAV-4,0.800
361.90,UAV-1,UAV-5,0.800
361.90,UAV-3,GCS,0.800
361.90,UAV-3,UAV-4,0.800
361.90,UAV-3,UAV-5,0.800
361.90,UAV-4,GCS,0.800
361.90,UAV-4,UAV-5,0.800
361.90,UAV-5,GCS,0.800
362.92,UAV-1,GCS,0.800
362.92,UAV-1,UAV-3,0.800
362.92,UAV-1,UAV-4,0.800
362.92,UAV-1,UAV-5,0.800
362.92,UAV-3,GCS,0.800
362.92,UAV-3,UAV-4,0.800
362.92,UAV-3,UAV-5,0.800
362.92,UAV-4,GCS,0.800
362.92,UAV-4,UAV-5,0.800
362.92,UAV-5,GCS,0.800
363.94,UAV-1,GCS,0.800
363.94,UAV-1,UAV-3,0.800
363.94,UAV-1,UAV-4,0.800
363.94,UAV-1,UAV-5,0.800
363.94,UAV-3,GCS,0.800
363.94,UAV-3,UAV-4,0.800
363.94,UAV-3,UAV-5,0.800
363.94,UAV-4,GCS,0.800
363.94,UAV-4,UAV-5,0.800
363.94,UAV-5,GCS,0.800
364.96,UAV-1,GCS,0.800
364.96,UAV-1,UAV-3,0.800
364.96,UAV-1,UAV-4,0.800
364.96,UAV-1,UAV-5,0.800
364.96,UAV-3,GCS,0.800
364.96,UAV-3,UAV-4,0.800
364.96,UAV-3,UAV-5,0.800
364.96,UAV-4,GCS,0.800
364.96,UAV-4,UAV-5,0.800
364.96,UAV-5,GCS,0.800
365.98,UAV-1,GCS,0.800
365.98,UAV-1,UAV-3,0.800
365.98,UAV-1,UAV-4,0.800
365.98,UAV-1,UAV-5,0.800
365.98,UAV-3,GCS,0.800
365.98,UAV-3,UAV-4,0.800
365.98,UAV-3,UAV-5,0.800
365.98,UAV-4,GCS,0.800
365.98,UAV-4,UAV-5,0.800
365.98,UAV-5,GCS,0.800
367.00,UAV-1,GCS,0.800
367.00,UAV-1,UAV-3,0.800
367.00,UAV-1,UAV-4,0.800
367.00,UAV-1,UAV-5,0.800
367.00,UAV-3,GCS,0.800
367.00,UAV-3,UAV-4,0.800
367.00,UAV-3,UAV-5,0.800
367.00,UAV-4,GCS,0.800
367.00,UAV-4,UAV-5,0.800
367.00,UAV-5,GCS,0.800
368.02,UAV-1,GCS,0.800
368.02,UAV-1,UAV-3,0.800
368.02,UAV-1,UAV-4,0.800
368.02,UAV-1,UAV-5,0.800
368.02,UAV-3,GCS,0.800
368.02,UAV-3,UAV-4,0.800
368.02,UAV-3,UAV-5,0.800
368.02,UAV-4,GCS,0.800
368.02,UAV-4,UAV-5,0.800
368.02,UAV-5,GCS,0.800
369.04,UAV-1,GCS,0.800
369.04,UAV-1,UAV-3,0.800
369.04,UAV-1,UAV-4,0.800
369.04,UAV-1,UAV-5,0.800
369.04,UAV-3,GCS,0.794
369.04,UAV-3,UAV-4,0.800
369.04,UAV-3,UAV-5,0.800
369.04,UAV-4,GCS,0.800
369.04,UAV-4,UAV-5,0.800
369.04,UAV-5,GCS,0.799
370.06,UAV-1,GCS,0.800
370.06,UAV-1,UAV-3,0.800
370.06,UAV-1,UAV-4,0.800
370.06,UAV-1,UAV-5,0.800
370.06,UAV-3,GCS,0.800
370.06,UAV-3,UAV-4,0.800
370.06,UAV-3,UAV-5,0.800
370.06,UAV-4,GCS,0.800
370.06,UAV-4,UAV-5,0.800
370.06,UAV-5,GCS,0.800
371.08,UAV-1,GCS,0.800
371.08,UAV-1,UAV-3,0.800
371.08,UAV-1,UAV-4,0.800
371.08,UAV-1,UAV-5,0.800
371.08,UAV-3,GCS,0.800
371.08,UAV-3,UAV-4,0.800
371.08,UAV-3,UAV-5,0.800
371.08,UAV-4,GCS,0.800
371.08,UAV-4,UAV-5,0.800
371.08,UAV-5,GCS,0.800
372.10,UAV-1,GCS,0.800
372.10,UAV-1,UAV-3,0.800
372.10,UAV-1,UAV-4,0.800
372.10,UAV-1,UAV-5,0.800
372.10,UAV-3,GCS,0.800
372.10,UAV-3,UAV-4,0.800
372.10,UAV-3,UAV-5,0.800
372.10,UAV-4,GCS,0.800
372.10,UAV-4,UAV-5,0.800
372.10,UAV-5,GCS,0.800
373.12,UAV-1,GCS,0.800
373.12,UAV-1,UAV-3,0.800
373.12,UAV-1,UAV-4,0.800
373.12,UAV-1,UAV-5,0.800
373.12,UAV-3,GCS,0.800
373.12,UAV-3,UAV-4,0.800
373.12,UAV-3,UAV-5,0.800
373.12,UAV-4,GCS,0.800
373.12,UAV-4,UAV-5,0.800
373.12,UAV-5,GCS,0.800
374.14,UAV-1,GCS,0.800
374.14,UAV-1,UAV-3,0.800
374.14,UAV-1,UAV-4,0.800
374.14,UAV-1,UAV-5,0.800
374.14,UAV-3,GCS,0.800
374.14,UAV-3,UAV-4,0.800
374.14,UAV-3,UAV-5,0.800
374.14,UAV-4,GCS,0.767
374.14,UAV-4,UAV-5,0.800
374.14,UAV-5,GCS,0.800
375.16,UAV-1,GCS,0.800
375.16,UAV-1,UAV-3,0.800
375.16,UAV-1,UAV-4,0.800
375.16,UAV-1,UAV-5,0.800
375.16,UAV-3,GCS,0.800
375.16,UAV-3,UAV-4,0.800
375.16,UAV-3,UAV-5,0.800
375.16,UAV-4,GCS,0.800
375.16,UAV-4,UAV-5,0.800
375.16,UAV-5,GCS,0.800
376.18,UAV-1,GCS,0.800
376.18,UAV-1,UAV-3,0.800
376.18,UAV-1,UAV-4,0.800
376.18,UAV-1,UAV-5,0.800
376.18,UAV-3,GCS,0.800
376.18,UAV-3,UAV-4,0.800
376.18,UAV-3,UAV-5,0.800
376.18,UAV-4,GCS,0.800
376.18,UAV-4,UAV-5,0.800
376.18,UAV-5,GCS,0.800
377.20,UAV-1,GCS,0.800
377.20,UAV-1,UAV-3,0.800
377.20,UAV-1,UAV-4,0.800
377.20,UAV-1,UAV-5,0.800
377.20,UAV-3,GCS,0.800
377.20,UAV-3,UAV-4,0.800
377.20,UAV-3,UAV-5,0.800
377.20,UAV-4,GCS,0.800
377.20,UAV-4,UAV-5,0.800
377.20,UAV-5,GCS,0.800
378.22,UAV-1,GCS,0.800
378.22,UAV-1,UAV-3,0.800
378.22,UAV-1,UAV-4,0.800
378.22,UAV-1,UAV-5,0.800
378.22,UAV-3,GCS,0.800
378.22,UAV-3,UAV-4,0.800
378.22,UAV-3,UAV-5,0.800
378.22,UAV-4,GCS,0.800
378.22,UAV-4,UAV-5,0.800
378.22,UAV-5,GCS,0.800
379.24,UAV-1,GCS,0.800
379.24,UAV-1,UAV-3,0.800
379.24,UAV-1,UAV-4,0.800
379.24,UAV-1,UAV-5,0.800
379.24,UAV-3,GCS,0.800
379.24,UAV-3,UAV-4,0.800
379.24,UAV-3,UAV-5,0.800
379.24,UAV-4,GCS,0.800
379.24,UAV-4,UAV-5,0.800
379.24,UAV-5,GCS,0.800
380.26,UAV-1,GCS,0.800
380.26,UAV-1,UAV-3,0.800
380.26,UAV-1,UAV-4,0.800
380.26,UAV-1,UAV-5,0.800
380.26,UAV-3,GCS,0.800
380.26,UAV-3,UAV-4,0.800
380.26,UAV-3,UAV-5,0.800
380.26,UAV-4,GCS,0.800
380.26,UAV-4,UAV-5,0.800
380.26,UAV-5,GCS,0.800
381.28,UAV-1,GCS,0.800
381.28,UAV-1,UAV-3,0.800
381.28,UAV-1,UAV-4,0.800
381.28,UAV-1,UAV-5,0.800
381.28,UAV-3,GCS,0.800
381.28,UAV-3,UAV-4,0.800
381.28,UAV-3,UAV-5,0.800
381.28,UAV-4,GCS,0.800
381.28,UAV-4,UAV-5,0.800
381.28,UAV-5,GCS,0.767
382.30,UAV-1,GCS,0.800
382.30,UAV-1,UAV-3,0.800
382.30,UAV-1,UAV-4,0.800
382.30,UAV-1,UAV-5,0.800
382.30,UAV-3,GCS,0.800
382.30,UAV-3,UAV-4,0.800
382.30,UAV-3,UAV-5,0.800
382.30,UAV-4,GCS,0.800
382.30,UAV-4,UAV-5,0.800
382.30,UAV-5,GCS,0.800
383.32,UAV-1,GCS,0.800
383.32,UAV-1,UAV-3,0.800
383.32,UAV-1,UAV-4,0.800
383.32,UAV-1,UAV-5,0.800
383.32,UAV-3,GCS,0.800
383.32,UAV-3,UAV-4,0.800
383.32,UAV-3,UAV-5,0.800
383.32,UAV-4,GCS,0.800
383.32,UAV-4,UAV-5,0.800
383.32,UAV-5,GCS,0.800
384.34,UAV-1,GCS,0.800
384.34,UAV-1,UAV-3,0.800
384.34,UAV-1,UAV-4,0.800
384.34,UAV-1,UAV-5,0.800
384.34,UAV-3,GCS,0.800
384.34,UAV-3,UAV-4,0.800
384.34,UAV-3,UAV-5,0.800
384.34,UAV-4,GCS,0.800
384.34,UAV-4,UAV-5,0.800
384.34,UAV-5,GCS,0.800
385.36,UAV-1,GCS,0.800
385.36,UAV-1,UAV-3,0.800
385.36,UAV-1,UAV-4,0.800
385.36,UAV-1,UAV-5,0.800
385.36,UAV-3,GCS,0.800
385.36,UAV-3,UAV-4,0.800
385.36,UAV-3,UAV-5,0.800
385.36,UAV-4,GCS,0.800
385.36,UAV-4,UAV-5,0.800
385.36,UAV-5,GCS,0.800
386.38,UAV-1,GCS,0.800
386.38,UAV-1,UAV-3,0.800
386.38,UAV-1,UAV-4,0.800
386.38,UAV-1,UAV-5,0.800
386.38,UAV-3,GCS,0.800
386.38,UAV-3,UAV-4,0.800
386.38,UAV-3,UAV-5,0.800
386.38,UAV-4,GCS,0.800
386.38,UAV-4,UAV-5,0.800
386.38,UAV-5,GCS,0.800
387.40,UAV-1,GCS,0.800
387.40,UAV-1,UAV-3,0.800
387.40,UAV-1,UAV-4,0.800
387.40,UAV-1,UAV-5,0.800
387.40,UAV-3,GCS,0.800
387.40,UAV-3,UAV-4,0.800
387.40,UAV-3,UAV-5,0.800
387.40,UAV-4,GCS,0.800
387.40,UAV-4,UAV-5,0.800
387.40,UAV-5,GCS,0.800
388.42,UAV-1,GCS,0.800
388.42,UAV-1,UAV-3,0.800
388.42,UAV-1,UAV-4,0.800
388.42,UAV-1,UAV-5,0.800
388.42,UAV-3,GCS,0.800
388.42,UAV-3,UAV-4,0.800
388.42,UAV-3,UAV-5,0.800
388.42,UAV-4,GCS,0.800
388.42,UAV-4,UAV-5,0.800
388.42,UAV-5,GCS,0.800
389.44,UAV-1,GCS,0.800
389.44,UAV-1,UAV-3,0.800
389.44,UAV-1,UAV-4,0.800
389.44,UAV-1,UAV-5,0.800
389.44,UAV-3,GCS,0.800
389.44,UAV-3,UAV-4,0.800
389.44,UAV-3,UAV-5,0.800
389.44,UAV-4,GCS,0.800
389.44,UAV-4,UAV-5,0.800
389.44,UAV-5,GCS,0.800
390.46,UAV-1,GCS,0.800
390.46,UAV-1,UAV-3,0.800
390.46,UAV-1,UAV-4,0.800
390.46,UAV-1,UAV-5,0.800
390.46,UAV-3,GCS,0.800
390.46,UAV-3,UAV-4,0.800
390.46,UAV-3,UAV-5,0.800
390.46,UAV-4,GCS,0.800
390.46,UAV-4,UAV-5,0.800
390.46,UAV-5,GCS,0.800
391.48,UAV-1,GCS,0.800
391.48,UAV-1,UAV-3,0.800
391.48,UAV-1,UAV-4,0.800
391.48,UAV-1,UAV-5,0.800
391.48,UAV-3,GCS,0.800
391.48,UAV-3,UAV-4,0.800
391.48,UAV-3,UAV-5,0.800
391.48,UAV-4,GCS,0.800
391.48,UAV-4,UAV-5,0.800
391.48,UAV-5,GCS,0.800
392.50,UAV-1,GCS,0.800
392.50,UAV-1,UAV-3,0.800
392.50,UAV-1,UAV-4,0.800
392.50,UAV-1,UAV-5,0.800
392.50,UAV-3,GCS,0.800
392.50,UAV-3,UAV-4,0.800
392.50,UAV-3,UAV-5,0.800
392.50,UAV-4,GCS,0.800
392.50,UAV-4,UAV-5,0.800
392.50,UAV-5,GCS,0.800
393.52,UAV-1,GCS,0.800
393.52,UAV-1,UAV-3,0.800
393.52,UAV-1,UAV-4,0.800
393.52,UAV-1,UAV-5,0.800
393.52,UAV-3,GCS,0.800
393.52,UAV-3,UAV-4,0.800
393.52,UAV-3,UAV-5,0.800
393.52,UAV-4,GCS,0.800
393.52,UAV-4,UAV-5,0.800
393.52,UAV-5,GCS,0.800
394.54,UAV-1,GCS,0.800
394.54,UAV-1,UAV-3,0.800
394.54,UAV-1,UAV-4,0.800
394.54,UAV-1,UAV-5,0.800
394.54,UAV-3,GCS,0.800
394.54,UAV-3,UAV-4,0.800
394.54,UAV-3,UAV-5,0.800
394.54,UAV-4,GCS,0.800
394.54,UAV-4,UAV-5,0.800
394.54,UAV-5,GCS,0.800
395.56,UAV-1,GCS,0.800
395.56,UAV-1,UAV-3,0.800
395.56,UAV-1,UAV-4,0.800
395.56,UAV-1,UAV-5,0.800
395.56,UAV-3,GCS,0.800
395.56,UAV-3,UAV-4,0.800
395.56,UAV-3,UAV-5,0.800
395.56,UAV-4,GCS,0.800
395.56,UAV-4,UAV-5,0.800
395.56,UAV-5,GCS,0.800
396.58,UAV-1,GCS,0.800
396.58,UAV-1,UAV-3,0.800
396.58,UAV-1,UAV-4,0.800
396.58,UAV-1,UAV-5,0.800
396.58,UAV-3,GCS,0.800
396.58,UAV-3,UAV-4,0.800
396.58,UAV-3,UAV-5,0.800
396.58,UAV-4,GCS,0.800
396.58,UAV-4,UAV-5,0.800
396.58,UAV-5,GCS,0.800
397.60,UAV-1,GCS,0.800
397.60,UAV-1,UAV-3,0.800
397.60,UAV-1,UAV-4,0.800
397.60,UAV-1,UAV-5,0.800
397.60,UAV-3,GCS,0.800
397.60,UAV-3,UAV-4,0.800
397.60,UAV-3,UAV-5,0.800
397.60,UAV-4,GCS,0.800
397.60,UAV-4,UAV-5,0.800
397.60,UAV-5,GCS,0.800
398.62,UAV-1,GCS,0.800
398.62,UAV-1,UAV-3,0.800
398.62,UAV-1,UAV-4,0.800
398.62,UAV-1,UAV-5,0.800
398.62,UAV-3,GCS,0.800
398.62,UAV-3,UAV-4,0.800
398.62,UAV-3,UAV-5,0.800
398.62,UAV-4,GCS,0.800
398.62,UAV-4,UAV-5,0.800
398.62,UAV-5,GCS,0.800
399.64,UAV-1,GCS,0.800
399.64,UAV-1,UAV-3,0.800
399.64,UAV-1,UAV-4,0.800
399.64,UAV-1,UAV-5,0.800
399.64,UAV-3,GCS,0.800
399.64,UAV-3,UAV-4,0.800
399.64,UAV-3,UAV-5,0.800
399.64,UAV-4,GCS,0.800
399.64,UAV-4,UAV-5,0.800
399.64,UAV-5,GCS,0.800
400.66,UAV-1,GCS,0.800
400.66,UAV-1,UAV-3,0.800
400.66,UAV-1,UAV-5,0.800
400.66,UAV-3,GCS,0.800
400.66,UAV-3,UAV-5,0.800
400.66,UAV-5,GCS,0.800
401.68,UAV-1,GCS,0.800
401.68,UAV-1,UAV-3,0.800
401.68,UAV-1,UAV-5,0.800
401.68,UAV-3,GCS,0.800
401.68,UAV-3,UAV-5,0.800
401.68,UAV-5,GCS,0.800
402.70,UAV-1,GCS,0.800
402.70,UAV-1,UAV-3,0.800
402.70,UAV-1,UAV-5,0.800
402.70,UAV-3,GCS,0.800
402.70,UAV-3,UAV-5,0.800
402.70,UAV-5,GCS,0.800
403.72,UAV-1,GCS,0.800
403.72,UAV-1,UAV-3,0.800
403.72,UAV-1,UAV-5,0.800
403.72,UAV-3,GCS,0.800
403.72,UAV-3,UAV-5,0.800
403.72,UAV-5,GCS,0.800
404.74,UAV-1,GCS,0.800
404.74,UAV-1,UAV-3,0.800
404.74,UAV-1,UAV-5,0.800
404.74,UAV-3,GCS,0.800
404.74,UAV-3,UAV-5,0.800
404.74,UAV-5,GCS,0.800
405.76,UAV-1,GCS,0.800
405.76,UAV-1,UAV-3,0.800
405.76,UAV-1,UAV-5,0.800
405.76,UAV-3,GCS,0.800
405.76,UAV-3,UAV-5,0.800
405.76,UAV-5,GCS,0.800
406.78,UAV-1,GCS,0.800
406.78,UAV-1,UAV-3,0.800
406.78,UAV-1,UAV-5,0.800
406.78,UAV-3,GCS,0.800
406.78,UAV-3,UAV-5,0.800
406.78,UAV-5,GCS,0.800
407.80,UAV-1,GCS,0.800
407.80,UAV-1,UAV-3,0.800
407.80,UAV-1,UAV-5,0.800
407.80,UAV-3,GCS,0.800
407.80,UAV-3,UAV-5,0.800
407.80,UAV-5,GCS,0.800
408.82,UAV-1,GCS,0.800
408.82,UAV-1,UAV-3,0.800
408.82,UAV-1,UAV-5,0.800
408.82,UAV-3,GCS,0.800
408.82,UAV-3,UAV-5,0.800
408.82,UAV-5,GCS,0.800
409.84,UAV-1,GCS,0.800
409.84,UAV-1,UAV-3,0.800
409.84,UAV-1,UAV-5,0.800
409.84,UAV-3,GCS,0.800
409.84,UAV-3,UAV-5,0.800
409.84,UAV-5,GCS,0.800
410.86,UAV-1,GCS,0.800
410.86,UAV-1,UAV-3,0.800
410.86,UAV-1,UAV-5,0.800
410.86,UAV-3,GCS,0.800
410.86,UAV-3,UAV-5,0.800
410.86,UAV-5,GCS,0.800
411.88,UAV-1,GCS,0.800
411.88,UAV-1,UAV-3,0.800
411.88,UAV-1,UAV-5,0.800
411.88,UAV-3,GCS,0.800
411.88,UAV-3,UAV-5,0.800
411.88,UAV-5,GCS,0.800
412.90,UAV-1,GCS,0.800
412.90,UAV-1,UAV-3,0.800
412.90,UAV-1,UAV-5,0.800
412.90,UAV-3,GCS,0.800
412.90,UAV-3,UAV-5,0.800
412.90,UAV-5,GCS,0.800
413.92,UAV-1,GCS,0.800
413.92,UAV-1,UAV-3,0.800
413.92,UAV-1,UAV-5,0.800
413.92,UAV-3,GCS,0.800
413.92,UAV-3,UAV-5,0.800
413.92,UAV-5,GCS,0.800
414.94,UAV-1,GCS,0.800
414.94,UAV-1,UAV-3,0.800
414.94,UAV-1,UAV-5,0.800
414.94,UAV-3,GCS,0.800
414.94,UAV-3,UAV-5,0.800
414.94,UAV-5,GCS,0.800
415.96,UAV-1,GCS,0.800
415.96,UAV-1,UAV-3,0.800
415.96,UAV-1,UAV-5,0.800
415.96,UAV-3,GCS,0.800
415.96,UAV-3,UAV-5,0.800
415.96,UAV-5,GCS,0.800
416.98,UAV-1,GCS,0.800
416.98,UAV-1,UAV-3,0.800
416.98,UAV-1,UAV-5,0.800
416.98,UAV-3,GCS,0.800
416.98,UAV-3,UAV-5,0.800
416.98,UAV-5,GCS,0.800
418.00,UAV-1,GCS,0.800
418.00,UAV-1,UAV-3,0.800
418.00,UAV-1,UAV-5,0.800
418.00,UAV-3,GCS,0.800
418.00,UAV-3,UAV-5,0.800
418.00,UAV-5,GCS,0.800
419.02,UAV-1,GCS,0.800
419.02,UAV-1,UAV-3,0.800
419.02,UAV-1,UAV-5,0.800
419.02,UAV-3,GCS,0.800
419.02,UAV-3,UAV-5,0.800
419.02,UAV-5,GCS,0.800
420.04,UAV-1,GCS,0.800
420.04,UAV-1,UAV-3,0.800
420.04,UAV-1,UAV-5,0.800
420.04,UAV-3,GCS,0.800
420.04,UAV-3,UAV-5,0.800
420.04,UAV-5,GCS,0.800
421.06,UAV-1,GCS,0.800
421.06,UAV-1,UAV-3,0.800
421.06,UAV-1,UAV-5,0.800
421.06,UAV-3,GCS,0.800
421.06,UAV-3,UAV-5,0.800
421.06,UAV-5,GCS,0.800
422.08,UAV-1,GCS,0.800
422.08,UAV-1,UAV-3,0.800
422.08,UAV-1,UAV-5,0.800
422.08,UAV-3,GCS,0.800
422.08,UAV-3,UAV-5,0.800
422.08,UAV-5,GCS,0.800
423.10,UAV-1,GCS,0.800
423.10,UAV-1,UAV-3,0.800
423.10,UAV-1,UAV-5,0.800
423.10,UAV-3,GCS,0.800
423.10,UAV-3,UAV-5,0.800
423.10,UAV-5,GCS,0.800
424.12,UAV-1,GCS,0.800
424.12,UAV-1,UAV-3,0.800
424.12,UAV-1,UAV-5,0.800
424.12,UAV-3,GCS,0.800
424.12,UAV-3,UAV-5,0.800
424.12,UAV-5,GCS,0.800
425.14,UAV-1,GCS,0.800
425.14,UAV-1,UAV-3,0.800
425.14,UAV-1,UAV-5,0.800
425.14,UAV-3,GCS,0.800
425.14,UAV-3,UAV-5,0.800
425.14,UAV-5,GCS,0.800
426.16,UAV-1,GCS,0.800
426.16,UAV-1,UAV-3,0.800
426.16,UAV-1,UAV-5,0.800
426.16,UAV-3,GCS,0.800
426.16,UAV-3,UAV-5,0.800
426.16,UAV-5,GCS,0.800
427.18,UAV-1,GCS,0.800
427.18,UAV-1,UAV-3,0.800
427.18,UAV-1,UAV-5,0.800
427.18,UAV-3,GCS,0.800
427.18,UAV-3,UAV-5,0.800
427.18,UAV-5,GCS,0.800
428.20,UAV-1,GCS,0.800
428.20,UAV-1,UAV-3,0.800
428.20,UAV-1,UAV-5,0.800
428.20,UAV-3,GCS,0.800
428.20,UAV-3,UAV-5,0.800
428.20,UAV-5,GCS,0.800
429.22,UAV-1,GCS,0.800
429.22,UAV-1,UAV-3,0.800
429.22,UAV-1,UAV-5,0.800
429.22,UAV-3,GCS,0.800
429.22,UAV-3,UAV-5,0.800
429.22,UAV-5,GCS,0.800
430.24,UAV-1,GCS,0.800
430.24,UAV-1,UAV-3,0.800
430.24,UAV-1,UAV-5,0.800
430.24,UAV-3,GCS,0.800
430.24,UAV-3,UAV-5,0.800
430.24,UAV-5,GCS,0.800
431.26,UAV-1,GCS,0.800
431.26,UAV-1,UAV-3,0.800
431.26,UAV-1,UAV-5,0.800
431.26,UAV-3,GCS,0.800
431.26,UAV-3,UAV-5,0.800
431.26,UAV-5,GCS,0.800
432.28,UAV-1,GCS,0.800
432.28,UAV-1,UAV-3,0.800
432.28,UAV-1,UAV-5,0.800
432.28,UAV-3,GCS,0.800
432.28,UAV-3,UAV-5,0.800
432.28,UAV-5,GCS,0.800
433.30,UAV-1,GCS,0.800
433.30,UAV-1,UAV-3,0.800
433.30,UAV-1,UAV-5,0.800
433.30,UAV-3,GCS,0.800
433.30,UAV-3,UAV-5,0.800
433.30,UAV-5,GCS,0.800
434.32,UAV-1,GCS,0.800
434.32,UAV-1,UAV-3,0.800
434.32,UAV-1,UAV-5,0.800
434.32,UAV-3,GCS,0.800
434.32,UAV-3,UAV-5,0.800
434.32,UAV-5,GCS,0.800
435.34,UAV-1,GCS,0.800
435.34,UAV-1,UAV-3,0.800
435.34,UAV-1,UAV-5,0.800
435.34,UAV-3,GCS,0.800
435.34,UAV-3,UAV-5,0.800
435.34,UAV-5,GCS,0.800
436.36,UAV-1,GCS,0.800
436.36,UAV-1,UAV-3,0.800
436.36,UAV-1,UAV-5,0.800
436.36,UAV-3,GCS,0.800
436.36,UAV-3,UAV-5,0.800
436.36,UAV-5,GCS,0.800
437.38,UAV-1,GCS,0.800
437.38,UAV-1,UAV-3,0.800
437.38,UAV-1,UAV-5,0.800
437.38,UAV-3,GCS,0.800
437.38,UAV-3,UAV-5,0.800
437.38,UAV-5,GCS,0.800
438.40,UAV-1,GCS,0.800
438.40,UAV-1,UAV-3,0.800
438.40,UAV-1,UAV-5,0.800
438.40,UAV-3,GCS,0.800
438.40,UAV-3,UAV-5,0.800
438.40,UAV-5,GCS,0.800
439.42,UAV-1,GCS,0.800
439.42,UAV-1,UAV-3,0.800
439.42,UAV-1,UAV-5,0.800
439.42,UAV-3,GCS,0.800
439.42,UAV-3,UAV-5,0.800
439.42,UAV-5,GCS,0.800
440.44,UAV-1,GCS,0.800
440.44,UAV-1,UAV-3,0.800
440.44,UAV-1,UAV-5,0.800
440.44,UAV-3,GCS,0.800
440.44,UAV-3,UAV-5,0.800
440.44,UAV-5,GCS,0.800
441.46,UAV-1,GCS,0.800
441.46,UAV-1,UAV-3,0.800
441.46,UAV-1,UAV-5,0.800
441.46,UAV-3,GCS,0.800
441.46,UAV-3,UAV-5,0.800
441.46,UAV-5,GCS,0.800
442.48,UAV-1,GCS,0.800
442.48,UAV-1,UAV-3,0.800
442.48,UAV-1,UAV-5,0.800
442.48,UAV-3,GCS,0.800
442.48,UAV-3,UAV-5,0.800
442.48,UAV-5,GCS,0.800
443.50,UAV-1,GCS,0.800
443.50,UAV-1,UAV-3,0.800
443.50,UAV-1,UAV-5,0.800
443.50,UAV-3,GCS,0.800
443.50,UAV-3,UAV-5,0.800
443.50,UAV-5,GCS,0.800
444.52,UAV-1,GCS,0.800
444.52,UAV-1,UAV-3,0.800
444.52,UAV-1,UAV-5,0.800
444.52,UAV-3,GCS,0.800
444.52,UAV-3,UAV-5,0.800
444.52,UAV-5,GCS,0.800
445.54,UAV-1,GCS,0.800
445.54,UAV-1,UAV-3,0.800
445.54,UAV-1,UAV-5,0.800
445.54,UAV-3,GCS,0.800
445.54,UAV-3,UAV-5,0.800
445.54,UAV-5,GCS,0.800
446.56,UAV-1,GCS,0.800
446.56,UAV-1,UAV-3,0.800
446.56,UAV-1,UAV-5,0.800
446.56,UAV-3,GCS,0.800
446.56,UAV-3,UAV-5,0.800
446.56,UAV-5,GCS,0.800
447.58,UAV-1,GCS,0.800
447.58,UAV-1,UAV-3,0.800
447.58,UAV-1,UAV-5,0.800
447.58,UAV-3,GCS,0.800
447.58,UAV-3,UAV-5,0.800
447.58,UAV-5,GCS,0.800
448.60,UAV-1,GCS,0.800
448.60,UAV-1,UAV-3,0.800
448.60,UAV-1,UAV-5,0.800
448.60,UAV-3,GCS,0.800
448.60,UAV-3,UAV-5,0.800
448.60,UAV-5,GCS,0.800
449.62,UAV-1,GCS,0.800
449.62,UAV-1,UAV-3,0.800
449.62,UAV-1,UAV-5,0.800
449.62,UAV-3,GCS,0.800
449.62,UAV-3,UAV-5,0.800
449.62,UAV-5,GCS,0.800
450.64,UAV-1,GCS,1.000
450.64,UAV-1,UAV-3,1.000
450.64,UAV-1,UAV-5,1.000
450.64,UAV-3,GCS,1.000
450.64,UAV-3,UAV-5,1.000
450.64,UAV-5,GCS,1.000
451.66,UAV-1,GCS,1.000
451.66,UAV-1,UAV-3,1.000
451.66,UAV-1,UAV-5,1.000
451.66,UAV-3,GCS,1.000
451.66,UAV-3,UAV-5,1.000
451.66,UAV-5,GCS,1.000
452.68,UAV-1,GCS,1.000
452.68,UAV-1,UAV-3,1.000
452.68,UAV-1,UAV-5,1.000
452.68,UAV-3,GCS,1.000
452.68,UAV-3,UAV-5,1.000
452.68,UAV-5,GCS,1.000
453.70,UAV-1,GCS,1.000
453.70,UAV-1,UAV-3,1.000
453.70,UAV-1,UAV-5,1.000
453.70,UAV-3,GCS,1.000
453.70,UAV-3,UAV-5,1.000
453.70,UAV-5,GCS,1.000
454.72,UAV-1,GCS,1.000
454.72,UAV-1,UAV-3,1.000
454.72,UAV-1,UAV-5,1.000
454.72,UAV-3,GCS,1.000
454.72,UAV-3,UAV-5,1.000
454.72,UAV-5,GCS,1.000
455.74,UAV-1,GCS,1.000
455.74,UAV-1,UAV-3,1.000
455.74,UAV-1,UAV-5,1.000
455.74,UAV-3,GCS,1.000
455.74,UAV-3,UAV-5,1.000
455.74,UAV-5,GCS,1.000
456.76,UAV-1,GCS,1.000
456.76,UAV-1,UAV-3,1.000
456.76,UAV-1,UAV-5,1.000
456.76,UAV-3,GCS,1.000
456.76,UAV-3,UAV-5,1.000
456.76,UAV-5,GCS,1.000
457.78,UAV-1,GCS,1.000
457.78,UAV-1,UAV-3,1.000
457.78,UAV-1,UAV-5,1.000
457.78,UAV-3,GCS,1.000
457.78,UAV-3,UAV-5,1.000
457.78,UAV-5,GCS,1.000
458.80,UAV-1,GCS,1.000
458.80,UAV-1,UAV-3,1.000
458.80,UAV-1,UAV-5,1.000
458.80,UAV-3,GCS,1.000
458.80,UAV-3,UAV-5,1.000
458.80,UAV-5,GCS,1.000
459.82,UAV-1,GCS,1.000
459.82,UAV-1,UAV-3,1.000
459.82,UAV-1,UAV-5,1.000
459.82,UAV-3,GCS,1.000
459.82,UAV-3,UAV-5,1.000
459.82,UAV-5,GCS,1.000
460.84,UAV-1,GCS,1.000
460.84,UAV-1,UAV-3,1.000
460.84,UAV-1,UAV-5,1.000
460.84,UAV-3,GCS,1.000
460.84,UAV-3,UAV-5,1.000
460.84,UAV-5,GCS,1.000
461.86,UAV-1,GCS,1.000
461.86,UAV-1,UAV-3,1.000
461.86,UAV-1,UAV-5,1.000
461.86,UAV-3,GCS,1.000
461.86,UAV-3,UAV-5,1.000
461.86,UAV-5,GCS,1.000
462.88,UAV-1,GCS,1.000
462.88,UAV-1,UAV-3,1.000
462.88,UAV-1,UAV-5,1.000
462.88,UAV-3,GCS,1.000
462.88,UAV-3,UAV-5,1.000
462.88,UAV-5,GCS,1.000
463.90,UAV-1,GCS,1.000
463.90,UAV-1,UAV-3,1.000
463.90,UAV-1,UAV-5,1.000
463.90,UAV-3,GCS,1.000
463.90,UAV-3,UAV-5,1.000
463.90,UAV-5,GCS,1.000
464.92,UAV-1,GCS,1.000
464.92,UAV-1,UAV-3,1.000
464.92,UAV-1,UAV-5,1.000
464.92,UAV-3,GCS,1.000
464.92,UAV-3,UAV-5,1.000
464.92,UAV-5,GCS,1.000
465.94,UAV-1,GCS,1.000
465.94,UAV-1,UAV-3,1.000
465.94,UAV-1,UAV-5,1.000
465.94,UAV-3,GCS,1.000
465.94,UAV-3,UAV-5,1.000
465.94,UAV-5,GCS,1.000
466.96,UAV-1,GCS,1.000
466.96,UAV-1,UAV-3,1.000
466.96,UAV-1,UAV-5,1.000
466.96,UAV-3,GCS,1.000
466.96,UAV-3,UAV-5,1.000
466.96,UAV-5,GCS,1.000
467.98,UAV-1,GCS,1.000
467.98,UAV-1,UAV-3,1.000
467.98,UAV-1,UAV-5,1.000
467.98,UAV-3,GCS,1.000
467.98,UAV-3,UAV-5,1.000
467.98,UAV-5,GCS,1.000
469.00,UAV-1,GCS,1.000
469.00,UAV-1,UAV-3,1.000
469.00,UAV-1,UAV-5,1.000
469.00,UAV-3,GCS,1.000
469.00,UAV-3,UAV-5,1.000
469.00,UAV-5,GCS,1.000
470.02,UAV-1,GCS,1.000
470.02,UAV-1,UAV-3,1.000
470.02,UAV-1,UAV-5,1.000
470.02,UAV-3,GCS,1.000
470.02,UAV-3,UAV-5,1.000
470.02,UAV-5,GCS,1.000
471.04,UAV-1,GCS,1.000
471.04,UAV-1,UAV-3,1.000
471.04,UAV-1,UAV-5,1.000
471.04,UAV-3,GCS,1.000
471.04,UAV-3,UAV-5,1.000
471.04,UAV-5,GCS,1.000
472.06,UAV-1,GCS,1.000
472.06,UAV-1,UAV-3,1.000
472.06,UAV-1,UAV-5,1.000
472.06,UAV-3,GCS,1.000
472.06,UAV-3,UAV-5,1.000
472.06,UAV-5,GCS,1.000
473.08,UAV-1,GCS,1.000
473.08,UAV-1,UAV-3,1.000
473.08,UAV-1,UAV-5,1.000
473.08,UAV-3,GCS,1.000
473.08,UAV-3,UAV-5,1.000
473.08,UAV-5,GCS,1.000
474.10,UAV-1,GCS,1.000
474.10,UAV-1,UAV-3,1.000
474.10,UAV-1,UAV-5,1.000
474.10,UAV-3,GCS,1.000
474.10,UAV-3,UAV-5,1.000
474.10,UAV-5,GCS,1.000
475.12,UAV-1,GCS,1.000
475.12,UAV-1,UAV-3,1.000
475.12,UAV-1,UAV-5,1.000
475.12,UAV-3,GCS,1.000
475.12,UAV-3,UAV-5,1.000
475.12,UAV-5,GCS,1.000
476.14,UAV-1,GCS,1.000
476.14,UAV-1,UAV-3,1.000
476.14,UAV-1,UAV-5,1.000
476.14,UAV-3,GCS,1.000
476.14,UAV-3,UAV-5,1.000
476.14,UAV-5,GCS,1.000
477.16,UAV-1,GCS,1.000
477.16,UAV-1,UAV-3,1.000
477.16,UAV-1,UAV-5,1.000
477.16,UAV-3,GCS,1.000
477.16,UAV-3,UAV-5,1.000
477.16,UAV-5,GCS,1.000
478.18,UAV-1,GCS,1.000
478.18,UAV-1,UAV-3,1.000
478.18,UAV-1,UAV-5,1.000
478.18,UAV-3,GCS,1.000
478.18,UAV-3,UAV-5,1.000
478.18,UAV-5,GCS,1.000
479.20,UAV-1,GCS,1.000
479.20,UAV-1,UAV-3,1.000
479.20,UAV-1,UAV-5,1.000
479.20,UAV-3,GCS,1.000
479.20,UAV-3,UAV-5,1.000
479.20,UAV-5,GCS,1.000
480.22,UAV-1,GCS,1.000
480.22,UAV-1,UAV-3,1.000
480.22,UAV-1,UAV-5,1.000
480.22,UAV-3,GCS,1.000
480.22,UAV-3,UAV-5,1.000
480.22,UAV-5,GCS,1.000
481.24,UAV-1,GCS,1.000
481.24,UAV-1,UAV-3,1.000
481.24,UAV-1,UAV-5,1.000
481.24,UAV-3,GCS,1.000
481.24,UAV-3,UAV-5,1.000
481.24,UAV-5,GCS,1.000
482.26,UAV-1,GCS,1.000
482.26,UAV-1,UAV-3,1.000
482.26,UAV-1,UAV-5,1.000
482.26,UAV-3,GCS,1.000
482.26,UAV-3,UAV-5,1.000
482.26,UAV-5,GCS,1.000
483.28,UAV-1,GCS,1.000
483.28,UAV-1,UAV-3,1.000
483.28,UAV-1,UAV-5,1.000
483.28,UAV-3,GCS,1.000
483.28,UAV-3,UAV-5,1.000
483.28,UAV-5,GCS,1.000
484.30,UAV-1,GCS,1.000
484.30,UAV-1,UAV-3,1.000
484.30,UAV-1,UAV-5,1.000
484.30,UAV-3,GCS,1.000
484.30,UAV-3,UAV-5,1.000
484.30,UAV-5,GCS,1.000
485.32,UAV-1,GCS,1.000
485.32,UAV-1,UAV-3,1.000
485.32,UAV-1,UAV-5,1.000
485.32,UAV-3,GCS,1.000
485.32,UAV-3,UAV-5,1.000
485.32,UAV-5,GCS,1.000
486.34,UAV-1,GCS,1.000
486.34,UAV-1,UAV-3,1.000
486.34,UAV-1,UAV-5,1.000
486.34,UAV-3,GCS,1.000
486.34,UAV-3,UAV-5,1.000
486.34,UAV-5,GCS,1.000
487.36,UAV-1,GCS,1.000
487.36,UAV-1,UAV-3,1.000
487.36,UAV-1,UAV-5,1.000
487.36,UAV-3,GCS,1.000
487.36,UAV-3,UAV-5,1.000
487.36,UAV-5,GCS,1.000
488.38,UAV-1,GCS,1.000
488.38,UAV-1,UAV-3,1.000
488.38,UAV-1,UAV-5,1.000
488.38,UAV-3,GCS,1.000
488.38,UAV-3,UAV-5,1.000
488.38,UAV-5,GCS,1.000
489.40,UAV-1,GCS,1.000
489.40,UAV-1,UAV-3,1.000
489.40,UAV-1,UAV-5,1.000
489.40,UAV-3,GCS,1.000
489.40,UAV-3,UAV-5,1.000
489.40,UAV-5,GCS,1.000
490.42,UAV-1,GCS,1.000
490.42,UAV-1,UAV-3,1.000
490.42,UAV-1,UAV-5,1.000
490.42,UAV-3,GCS,1.000
490.42,UAV-3,UAV-5,1.000
490.42,UAV-5,GCS,1.000
491.44,UAV-1,GCS,1.000
491.44,UAV-1,UAV-3,1.000
491.44,UAV-1,UAV-5,1.000
491.44,UAV-3,GCS,1.000
491.44,UAV-3,UAV-5,1.000
491.44,UAV-5,GCS,1.000
492.46,UAV-1,GCS,1.000
492.46,UAV-1,UAV-3,1.000
492.46,UAV-1,UAV-5,1.000
492.46,UAV-3,GCS,1.000
492.46,UAV-3,UAV-5,1.000
492.46,UAV-5,GCS,1.000
493.48,UAV-1,GCS,1.000
493.48,UAV-1,UAV-3,1.000
493.48,UAV-1,UAV-5,1.000
493.48,UAV-3,GCS,1.000
493.48,UAV-3,UAV-5,1.000
493.48,UAV-5,GCS,1.000
494.50,UAV-1,GCS,1.000
494.50,UAV-1,UAV-3,1.000
494.50,UAV-1,UAV-5,1.000
494.50,UAV-3,GCS,1.000
494.50,UAV-3,UAV-5,1.000
494.50,UAV-5,GCS,1.000
495.52,UAV-1,GCS,1.000
495.52,UAV-1,UAV-3,1.000
495.52,UAV-1,UAV-5,1.000
495.52,UAV-3,GCS,1.000
495.52,UAV-3,UAV-5,1.000
495.52,UAV-5,GCS,1.000
496.54,UAV-1,GCS,1.000
496.54,UAV-1,UAV-3,1.000
496.54,UAV-1,UAV-5,1.000
496.54,UAV-3,GCS,1.000
496.54,UAV-3,UAV-5,1.000
496.54,UAV-5,GCS,1.000
497.56,UAV-1,GCS,1.000
497.56,UAV-1,UAV-3,1.000
497.56,UAV-1,UAV-5,1.000
497.56,UAV-3,GCS,1.000
497.56,UAV-3,UAV-5,1.000
497.56,UAV-5,GCS,1.000
498.58,UAV-1,GCS,1.000
498.58,UAV-1,UAV-3,1.000
498.58,UAV-1,UAV-5,1.000
498.58,UAV-3,GCS,1.000
498.58,UAV-3,UAV-5,1.000
498.58,UAV-5,GCS,1.000
499.60,UAV-1,GCS,1.000
499.60,UAV-1,UAV-3,1.000
499.60,UAV-1,UAV-5,1.000
499.60,UAV-3,GCS,1.000
499.60,UAV-3,UAV-5,1.000
499.60,UAV-5,GCS,1.000
500.62,UAV-1,GCS,1.000
500.62,UAV-1,UAV-3,1.000
500.62,UAV-1,UAV-5,1.000
500.62,UAV-3,GCS,1.000
500.62,UAV-3,UAV-5,1.000
500.62,UAV-5,GCS,1.000
501.64,UAV-1,GCS,1.000
501.64,UAV-1,UAV-3,1.000
501.64,UAV-1,UAV-5,1.000
501.64,UAV-3,GCS,1.000
501.64,UAV-3,UAV-5,1.000
501.64,UAV-5,GCS,1.000
502.66,UAV-1,GCS,1.000
502.66,UAV-1,UAV-3,1.000
502.66,UAV-1,UAV-5,1.000
502.66,UAV-3,GCS,1.000
502.66,UAV-3,UAV-5,1.000
502.66,UAV-5,GCS,1.000
503.68,UAV-1,GCS,1.000
503.68,UAV-1,UAV-3,1.000
503.68,UAV-1,UAV-5,1.000
503.68,UAV-3,GCS,1.000
503.68,UAV-3,UAV-5,1.000
503.68,UAV-5,GCS,1.000
504.70,UAV-1,GCS,1.000
504.70,UAV-1,UAV-3,1.000
504.70,UAV-1,UAV-5,1.000
504.70,UAV-3,GCS,1.000
504.70,UAV-3,UAV-5,1.000
504.70,UAV-5,GCS,1.000
505.72,UAV-1,GCS,1.000
505.72,UAV-1,UAV-3,1.000
505.72,UAV-1,UAV-5,1.000
505.72,UAV-3,GCS,1.000
505.72,UAV-3,UAV-5,1.000
505.72,UAV-5,GCS,1.000
506.74,UAV-1,GCS,1.000
506.74,UAV-1,UAV-3,1.000
506.74,UAV-1,UAV-5,1.000
506.74,UAV-3,GCS,1.000
506.74,UAV-3,UAV-5,1.000
506.74,UAV-5,GCS,1.000
507.76,UAV-1,GCS,1.000
507.76,UAV-1,UAV-3,1.000
507.76,UAV-1,UAV-5,1.000
507.76,UAV-3,GCS,1.000
507.76,UAV-3,UAV-5,1.000
507.76,UAV-5,GCS,1.000
508.78,UAV-1,GCS,1.000
508.78,UAV-1,UAV-3,1.000
508.78,UAV-1,UAV-5,1.000
508.78,UAV-3,GCS,1.000
508.78,UAV-3,UAV-5,1.000
508.78,UAV-5,GCS,1.000
509.80,UAV-1,GCS,1.000
509.80,UAV-1,UAV-3,1.000
509.80,UAV-1,UAV-5,1.000
509.80,UAV-3,GCS,1.000
509.80,UAV-3,UAV-5,1.000
509.80,UAV-5,GCS,1.000
510.82,UAV-1,GCS,1.000
510.82,UAV-1,UAV-3,1.000
510.82,UAV-1,UAV-5,1.000
510.82,UAV-3,GCS,1.000
510.82,UAV-3,UAV-5,1.000
510.82,UAV-5,GCS,1.000
511.84,UAV-1,GCS,1.000
511.84,UAV-1,UAV-3,1.000
511.84,UAV-1,UAV-5,1.000
511.84,UAV-3,GCS,1.000
511.84,UAV-3,UAV-5,1.000
511.84,UAV-5,GCS,1.000
512.86,UAV-1,GCS,1.000
512.86,UAV-1,UAV-3,1.000
512.86,UAV-1,UAV-5,1.000
512.86,UAV-3,GCS,1.000
512.86,UAV-3,UAV-5,1.000
512.86,UAV-5,GCS,1.000
513.88,UAV-1,GCS,1.000
513.88,UAV-1,UAV-3,1.000
513.88,UAV-1,UAV-5,1.000
513.88,UAV-3,GCS,1.000
513.88,UAV-3,UAV-5,1.000
513.88,UAV-5,GCS,1.000
514.90,UAV-1,GCS,1.000
514.90,UAV-1,UAV-3,1.000
514.90,UAV-1,UAV-5,1.000
514.90,UAV-3,GCS,1.000
514.90,UAV-3,UAV-5,1.000
514.90,UAV-5,GCS,1.000
515.92,UAV-1,GCS,1.000
515.92,UAV-1,UAV-3,1.000
515.92,UAV-1,UAV-5,1.000
515.92,UAV-3,GCS,1.000
515.92,UAV-3,UAV-5,1.000
515.92,UAV-5,GCS,1.000
516.94,UAV-1,GCS,1.000
516.94,UAV-1,UAV-3,1.000
516.94,UAV-1,UAV-5,1.000
516.94,UAV-3,GCS,1.000
516.94,UAV-3,UAV-5,1.000
516.94,UAV-5,GCS,1.000
517.96,UAV-1,GCS,1.000
517.96,UAV-1,UAV-3,1.000
517.96,UAV-1,UAV-5,1.000
517.96,UAV-3,GCS,1.000
517.96,UAV-3,UAV-5,1.000
517.96,UAV-5,GCS,1.000
518.98,UAV-1,GCS,1.000
518.98,UAV-1,UAV-3,1.000
518.98,UAV-1,UAV-5,1.000
518.98,UAV-3,GCS,1.000
518.98,UAV-3,UAV-5,1.000
518.98,UAV-5,GCS,1.000
520.00,UAV-1,GCS,1.000
520.00,UAV-1,UAV-3,1.000
520.00,UAV-1,UAV-5,1.000
520.00,UAV-3,GCS,1.000
520.00,UAV-3,UAV-5,1.000
520.00,UAV-5,GCS,1.000
521.02,UAV-1,GCS,1.000
521.02,UAV-1,UAV-3,1.000
521.02,UAV-1,UAV-5,1.000
521.02,UAV-3,GCS,1.000
521.02,UAV-3,UAV-5,1.000
521.02,UAV-5,GCS,1.000
522.04,UAV-1,GCS,1.000
522.04,UAV-1,UAV-3,1.000
522.04,UAV-1,UAV-5,1.000
522.04,UAV-3,GCS,1.000
522.04,UAV-3,UAV-5,1.000
522.04,UAV-5,GCS,1.000
523.06,UAV-1,GCS,1.000
523.06,UAV-1,UAV-3,1.000
523.06,UAV-1,UAV-5,1.000
523.06,UAV-3,GCS,1.000
523.06,UAV-3,UAV-5,1.000
523.06,UAV-5,GCS,1.000
524.08,UAV-1,GCS,1.000
524.08,UAV-1,UAV-3,1.000
524.08,UAV-1,UAV-5,1.000
524.08,UAV-3,GCS,1.000
524.08,UAV-3,UAV-5,1.000
524.08,UAV-5,GCS,1.000
525.10,UAV-1,GCS,1.000
525.10,UAV-1,UAV-3,1.000
525.10,UAV-1,UAV-5,1.000
525.10,UAV-3,GCS,1.000
525.10,UAV-3,UAV-5,1.000
525.10,UAV-5,GCS,1.000
526.12,UAV-1,GCS,1.000
526.12,UAV-1,UAV-3,1.000
526.12,UAV-1,UAV-5,1.000
526.12,UAV-3,GCS,1.000
526.12,UAV-3,UAV-5,1.000
526.12,UAV-5,GCS,1.000
527.14,UAV-1,GCS,1.000
527.14,UAV-1,UAV-3,1.000
527.14,UAV-1,UAV-5,1.000
527.14,UAV-3,GCS,1.000
527.14,UAV-3,UAV-5,1.000
527.14,UAV-5,GCS,1.000
528.16,UAV-1,GCS,1.000
528.16,UAV-1,UAV-3,1.000
528.16,UAV-1,UAV-5,1.000
528.16,UAV-3,GCS,1.000
528.16,UAV-3,UAV-5,1.000
528.16,UAV-5,GCS,1.000
529.18,UAV-1,GCS,1.000
529.18,UAV-1,UAV-3,1.000
529.18,UAV-1,UAV-5,1.000
529.18,UAV-3,GCS,1.000
529.18,UAV-3,UAV-5,1.000
529.18,UAV-5,GCS,1.000
530.20,UAV-1,GCS,1.000
530.20,UAV-1,UAV-3,1.000
530.20,UAV-1,UAV-5,1.000
530.20,UAV-3,GCS,1.000
530.20,UAV-3,UAV-5,1.000
530.20,UAV-5,GCS,1.000
531.22,UAV-1,GCS,1.000
531.22,UAV-1,UAV-3,1.000
531.22,UAV-1,UAV-5,1.000
531.22,UAV-3,GCS,1.000
531.22,UAV-3,UAV-5,1.000
531.22,UAV-5,GCS,1.000
532.24,UAV-1,GCS,1.000
532.24,UAV-1,UAV-3,1.000
532.24,UAV-1,UAV-5,1.000
532.24,UAV-3,GCS,1.000
532.24,UAV-3,UAV-5,1.000
532.24,UAV-5,GCS,1.000
533.26,UAV-1,GCS,1.000
533.26,UAV-1,UAV-3,1.000
533.26,UAV-1,UAV-5,1.000
533.26,UAV-3,GCS,1.000
533.26,UAV-3,UAV-5,1.000
533.26,UAV-5,GCS,1.000
534.28,UAV-1,GCS,1.000
534.28,UAV-1,UAV-3,1.000
534.28,UAV-1,UAV-5,1.000
534.28,UAV-3,GCS,1.000
534.28,UAV-3,UAV-5,1.000
534.28,UAV-5,GCS,1.000
535.30,UAV-1,GCS,1.000
535.30,UAV-1,UAV-3,1.000
535.30,UAV-1,UAV-5,1.000
535.30,UAV-3,GCS,1.000
535.30,UAV-3,UAV-5,1.000
535.30,UAV-5,GCS,1.000
536.32,UAV-1,GCS,1.000
536.32,UAV-1,UAV-3,1.000
536.32,UAV-1,UAV-5,1.000
536.32,UAV-3,GCS,1.000
536.32,UAV-3,UAV-5,1.000
536.32,UAV-5,GCS,1.000
537.34,UAV-1,GCS,1.000
537.34,UAV-1,UAV-3,1.000
537.34,UAV-1,UAV-5,1.000
537.34,UAV-3,GCS,1.000
537.34,UAV-3,UAV-5,1.000
537.34,UAV-5,GCS,1.000
538.36,UAV-1,GCS,1.000
538.36,UAV-1,UAV-3,1.000
538.36,UAV-1,UAV-5,1.000
538.36,UAV-3,GCS,1.000
538.36,UAV-3,UAV-5,1.000
538.36,UAV-5,GCS,1.000
539.38,UAV-1,GCS,1.000
539.38,UAV-1,UAV-3,1.000
539.38,UAV-1,UAV-5,1.000
539.38,UAV-3,GCS,1.000
539.38,UAV-3,UAV-5,1.000
539.38,UAV-5,GCS,1.000
540.40,UAV-1,GCS,1.000
540.40,UAV-1,UAV-3,1.000
540.40,UAV-1,UAV-5,1.000
540.40,UAV-3,GCS,1.000
540.40,UAV-3,UAV-5,1.000
540.40,UAV-5,GCS,1.000
541.42,UAV-1,GCS,1.000
541.42,UAV-1,UAV-3,1.000
541.42,UAV-1,UAV-5,1.000
541.42,UAV-3,GCS,1.000
541.42,UAV-3,UAV-5,1.000
541.42,UAV-5,GCS,1.000
542.44,UAV-1,GCS,1.000
542.44,UAV-1,UAV-3,1.000
542.44,UAV-1,UAV-5,1.000
542.44,UAV-3,GCS,1.000
542.44,UAV-3,UAV-5,1.000
542.44,UAV-5,GCS,1.000
543.46,UAV-1,GCS,1.000
543.46,UAV-1,UAV-3,1.000
543.46,UAV-1,UAV-5,1.000
543.46,UAV-3,GCS,1.000
543.46,UAV-3,UAV-5,1.000
543.46,UAV-5,GCS,1.000
544.48,UAV-1,GCS,1.000
544.48,UAV-1,UAV-3,1.000
544.48,UAV-1,UAV-5,1.000
544.48,UAV-3,GCS,1.000
544.48,UAV-3,UAV-5,1.000
544.48,UAV-5,GCS,1.000
545.50,UAV-1,GCS,1.000
545.50,UAV-1,UAV-3,1.000
545.50,UAV-1,UAV-5,1.000
545.50,UAV-3,GCS,1.000
545.50,UAV-3,UAV-5,1.000
545.50,UAV-5,GCS,1.000
546.52,UAV-1,GCS,1.000
546.52,UAV-1,UAV-3,1.000
546.52,UAV-1,UAV-5,1.000
546.52,UAV-3,GCS,1.000
546.52,UAV-3,UAV-5,1.000
546.52,UAV-5,GCS,1.000
547.54,UAV-1,GCS,1.000
547.54,UAV-1,UAV-3,1.000
547.54,UAV-1,UAV-5,1.000
547.54,UAV-3,GCS,1.000
547.54,UAV-3,UAV-5,1.000
547.54,UAV-5,GCS,1.000
548.56,UAV-1,GCS,1.000
548.56,UAV-1,UAV-3,1.000
548.56,UAV-1,UAV-5,1.000
548.56,UAV-3,GCS,1.000
548.56,UAV-3,UAV-5,1.000
548.56,UAV-5,GCS,1.000
549.58,UAV-1,GCS,1.000
549.58,UAV-1,UAV-3,1.000
549.58,UAV-1,UAV-5,1.000
549.58,UAV-3,GCS,1.000
549.58,UAV-3,UAV-5,1.000
549.58,UAV-5,GCS,1.000
550.60,UAV-1,GCS,1.000
550.60,UAV-1,UAV-3,1.000
550.60,UAV-3,GCS,1.000
551.62,UAV-1,GCS,1.000
551.62,UAV-1,UAV-3,1.000
551.62,UAV-3,GCS,1.000
552.64,UAV-1,GCS,1.000
552.64,UAV-1,UAV-3,1.000
552.64,UAV-3,GCS,1.000
553.66,UAV-1,GCS,1.000
553.66,UAV-1,UAV-3,1.000
553.66,UAV-3,GCS,1.000
554.68,UAV-1,GCS,1.000
554.68,UAV-1,UAV-3,1.000
554.68,UAV-3,GCS,1.000
555.70,UAV-1,GCS,1.000
555.70,UAV-1,UAV-3,1.000
555.70,UAV-3,GCS,1.000
556.72,UAV-1,GCS,1.000
557.74,UAV-1,GCS,1.000
558.76,UAV-1,GCS,1.000
559.78,UAV-1,GCS,1.000
560.80,UAV-1,GCS,1.000
561.82,UAV-1,GCS,1.000
562.84,UAV-1,GCS,1.000
563.86,UAV-1,GCS,1.000
564.88,UAV-1,GCS,1.000
565.90,UAV-1,GCS,1.000
566.92,UAV-1,GCS,1.000
567.94,UAV-1,GCS,1.000
568.96,UAV-1,GCS,1.000
569.98,UAV-1,GCS,1.000
571.00,UAV-1,GCS,1.000
572.02,UAV-1,GCS,1.000
573.04,UAV-1,GCS,1.000
574.06,UAV-1,GCS,1.000
575.08,UAV-1,GCS,1.000
576.10,UAV-1,GCS,1.000
577.12,UAV-1,GCS,1.000
578.14,UAV-1,GCS,1.000
579.16,UAV-1,GCS,1.000
580.18,UAV-1,GCS,1.000
581.20,UAV-1,GCS,1.000
