t,mission_t,uav,role,status,phase,x,y,z,agl,speed,battery,connected,path_pdr,hops,gcs_link,radio_ok,assigned_task,survey_backlog
0.02,0.02,UAV-1,RELAY,ACTIVE,RELAY_TRANSIT,204.2,2410.0,1105.2,4.0,0.00,100.00,1,0.000,0,0.000,1,,0
0.02,0.02,UAV-2,STANDBY,READY,READY,204.2,2430.0,1100.4,0.3,0.00,100.00,1,0.000,0,0.000,1,,0
0.02,0.02,UAV-3,STANDBY,READY,READY,220.2,2410.0,1101.5,0.3,0.00,100.00,1,0.000,0,0.000,1,,0
0.02,0.02,UAV-4,STANDBY,READY,READY,220.2,2430.0,1100.7,0.3,0.00,100.00,1,0.000,0,0.000,1,,0
0.02,0.02,UAV-5,STANDBY,READY,READY,236.2,2410.0,1101.2,0.3,0.00,100.00,1,0.000,0,0.000,1,,0
1.02,1.02,UAV-1,RELAY,ACTIVE,RELAY_TRANSIT,208.2,2411.3,1110.3,9.2,12.85,99.85,1,1.000,1,1.000,1,,0
1.02,1.02,UAV-2,STANDBY,READY,READY,204.2,2430.0,1100.4,0.3,0.00,100.00,1,0.000,0,0.000,1,,0
1.02,1.02,UAV-3,STANDBY,READY,READY,220.2,2410.0,1101.5,0.3,0.00,100.00,1,0.000,0,0.000,1,,0
1.02,1.02,UAV-4,STANDBY,READY,READY,220.2,2430.0,1100.7,0.3,0.00,100.00,1,0.000,0,0.000,1,,0
1.02,1.02,UAV-5,STANDBY,READY,READY,236.2,2410.0,1101.2,0.3,0.00,100.00,1,0.000,0,0.000,1,,0
2.02,2.02,UAV-1,RELAY,ACTIVE,RELAY_TRANSIT,220.7,2413.3,1120.6,19.5,18.81,99.72,1,1.000,1,1.000,1,,0
2.02,2.02,UAV-2,STANDBY,READY,READY,204.2,2430.0,1100.4,0.3,0.00,100.00,1,0.000,0,0.000,1,,0
2.02,2.02,UAV-3,STANDBY,READY,READY,220.2,2410.0,1101.5,0.3,0.00,100.00,1,0.000,0,0.000,1,,0
2.02,2.02,UAV-4,STANDBY,READY,READY,220.2,2430.0,1100.7,0.3,0.00,100.00,1,0.000,0,0.000,1,,0
2.02,2.02,UAV-5,STANDBY,READY,READY,236.2,2410.0,1101.2,0.3,0.00,100.00,1,0.000,0,0.000,1,,0
3.02,3.02,UAV-1,RELAY,ACTIVE,RELAY_TRANSIT,238.0,2415.3,1130.9,29.8,20.90,99.60,1,1.000,1,1.000,1,,0
3.02,3.02,UAV-2,STANDBY,READY,READY,204.2,2430.0,1100.4,0.3,0.00,100.00,1,0.000,0,0.000,1,,0
3.02,3.02,UAV-3,STANDBY,READY,READY,220.2,2410.0,1101.5,0.3,0.00,100.00,1,0.000,0,0.000,1,,0
3.02,3.02,UAV-4,STANDBY,READY,READY,220.2,2430.0,1100.7,0.3,0.00,100.00,1,0.000,0,0.000,1,,0
3.02,3.02,UAV-5,STANDBY,READY,READY,236.2,2410.0,1101.2,0.3,0.00,100.00,1,0.000,0,0.000,1,,0
4.02,4.02,UAV-1,RELAY,ACTIVE,RELAY_TRANSIT,256.4,2417.2,1140.9,40.1,21.25,99.48,1,1.000,1,1.000,1,,0
4.02,4.02,UAV-2,SCOUT,ACTIVE,IDLE,204.2,2430.0,1104.1,4.0,0.00,100.00,1,0.000,0,0.000,1,,0
4.02,4.02,UAV-3,STANDBY,READY,READY,220.2,2410.0,1101.5,0.3,0.00,100.00,1,0.000,0,0.000,1,,0
4.02,4.02,UAV-4,STANDBY,READY,READY,220.2,2430.0,1100.7,0.3,0.00,100.00,1,0.000,0,0.000,1,,0
4.02,4.02,UAV-5,STANDBY,READY,READY,236.2,2410.0,1101.2,0.3,0.00,100.00,1,0.000,0,0.000,1,,0
5.04,5.04,UAV-1,RELAY,ACTIVE,RELAY_TRANSIT,275.3,2419.2,1149.9,50.2,19.45,99.36,1,1.000,1,1.000,1,,0
5.04,5.04,UAV-2,SCOUT,ACTIVE,TRANSIT,204.3,2430.0,1110.4,10.2,11.49,99.85,1,1.000,1,1.000,1,POI-001,0
5.04,5.04,UAV-3,STANDBY,READY,READY,220.2,2410.0,1101.5,0.3,0.00,100.00,1,0.000,0,0.000,1,,0
5.04,5.04,UAV-4,STANDBY,READY,READY,220.2,2430.0,1100.7,0.3,0.00,100.00,1,0.000,0,0.000,1,,0
5.04,5.04,UAV-5,STANDBY,READY,READY,236.2,2410.0,1101.2,0.3,0.00,100.00,1,0.000,0,0.000,1,,0
6.06,6.06,UAV-1,RELAY,ACTIVE,RELAY_TRANSIT,295.0,2422.2,1155.7,56.1,21.34,99.24,1,1.000,1,1.000,1,,0
6.06,6.06,UAV-2,SCOUT,ACTIVE,TRANSIT,204.5,2430.0,1126.3,26.1,18.73,99.69,1,1.000,1,1.000,1,POI-001,0
6.06,6.06,UAV-3,STANDBY,READY,READY,220.2,2410.0,1101.5,0.3,0.00,100.00,1,0.000,0,0.000,1,,0
6.06,6.06,UAV-4,STANDBY,READY,READY,220.2,2430.0,1100.7,0.3,0.00,100.00,1,0.000,0,0.000,1,,0
6.06,6.06,UAV-5,STANDBY,READY,READY,236.2,2410.0,1101.2,0.3,0.00,100.00,1,0.000,0,0.000,1,,0
7.08,7.08,UAV-1,RELAY,ACTIVE,RELAY_TRANSIT,316.1,2425.5,1161.2,60.7,21.77,99.13,1,1.000,1,1.000,1,,0
7.08,7.08,UAV-2,SCOUT,ACTIVE,TRANSIT,204.7,2430.0,1146.7,46.6,20.67,99.55,1,1.000,1,1.000,1,POI-001,0
7.08,7.08,UAV-3,STANDBY,READY,READY,220.2,2410.0,1101.5,0.3,0.00,100.00,1,0.000,0,0.000,1,,0
7.08,7.08,UAV-4,STANDBY,READY,READY,220.2,2430.0,1100.7,0.3,0.00,100.00,1,0.000,0,0.000,1,,0
7.08,7.08,UAV-5,STANDBY,READY,READY,236.2,2410.0,1101.2,0.3,0.00,100.00,1,0.000,0,0.000,1,,0
8.10,8.10,UAV-1,RELAY,ACTIVE,RELAY_TRANSIT,337.5,2428.7,1166.5,65.1,21.79,99.02,1,1.000,1,1.000,1,,0
8.10,8.10,UAV-2,SCOUT,ACTIVE,TRANSIT,204.8,2430.0,1168.1,67.9,21.09,99.41,1,1.000,1,1.000,1,POI-001,0
8.10,8.10,UAV-3,SCOUT,ACTIVE,IDLE,220.2,2410.0,1105.2,4.0,0.00,100.00,0,0.000,0,0.000,1,,0
8.10,8.10,UAV-4,STANDBY,READY,READY,220.2,2430.0,1100.7,0.3,0.00,100.00,1,0.000,0,0.000,1,,0
8.10,8.10,UAV-5,STANDBY,READY,READY,236.2,2410.0,1101.2,0.3,0.00,100.00,1,0.000,0,0.000,1,,0
9.12,9.12,UAV-1,RELAY,ACTIVE,RELAY_TRANSIT,358.8,2431.9,1171.7,69.3,21.78,98.90,1,1.000,1,1.000,1,,0
9.12,9.12,UAV-2,SCOUT,ACTIVE,TRANSIT,204.9,2430.0,1188.8,88.6,16.29,99.27,1,1.000,1,1.000,1,POI-001,0
9.12,9.12,UAV-3,SCOUT,ACTIVE,TRANSIT,220.3,2410.0,1111.4,10.2,11.49,99.85,1,1.000,1,1.000,1,POI-003,0
9.12,9.12,UAV-4,STANDBY,READY,READY,220.2,2430.0,1100.7,0.3,0.00,100.00,1,0.000,0,0.000,1,,0
9.12,9.12,UAV-5,STANDBY,READY,READY,236.2,2410.0,1101.2,0.3,0.00,100.00,1,0.000,0,0.000,1,,0
10.14,10.14,UAV-1,RELAY,ACTIVE,RELAY_TRANSIT,380.3,2435.1,1176.6,74.1,21.75,98.79,1,1.000,1,1.000,1,,0
10.14,10.14,UAV-2,SCOUT,ACTIVE,TRANSIT,207.0,2429.7,1199.6,99.5,6.79,99.16,1,1.000,1,1.000,1,POI-001,0
10.14,10.14,UAV-3,SCOUT,ACTIVE,TRANSIT,220.5,2410.0,1127.3,26.1,18.72,99.69,1,1.000,1,1.000,1,POI-003,0
10.14,10.14,UAV-4,STANDBY,READY,READY,220.2,2430.0,1100.7,0.3,0.00,100.00,1,0.000,0,0.000,1,,0
10.14,10.14,UAV-5,STANDBY,READY,READY,236.2,2410.0,1101.2,0.3,0.00,100.00,1,0.000,0,0.000,1,,0
11.16,11.16,UAV-1,RELAY,ACTIVE,RELAY_TRANSIT,401.0,2438.1,1179.3,79.7,19.91,98.68,1,1.000,1,1.000,1,,0
11.16,11.16,UAV-2,SCOUT,ACTIVE,TRANSIT,211.6,2428.9,1202.4,102.2,6.97,99.05,1,1.000,1,1.000,1,POI-001,0
11.16,11.16,UAV-3,SCOUT,ACTIVE,TRANSIT,220.7,2410.0,1147.7,46.6,20.67,99.55,1,1.000,1,1.000,1,POI-003,0
11.16,11.16,UAV-4,STANDBY,READY,READY,220.2,2430.0,1100.7,0.3,0.00,100.00,1,0.000,0,0.000,1,,0
11.16,11.16,UAV-5,STANDBY,READY,READY,236.2,2410.0,1101.2,0.3,0.00,100.00,1,0.000,0,0.000,1,,0
12.18,12.18,UAV-1,RELAY,ACTIVE,RELAY_TRANSIT,421.6,2441.0,1179.5,81.4,20.98,98.57,1,1.000,1,1.000,1,,0
12.18,12.18,UAV-2,SCOUT,ACTIVE,TRANSIT,221.7,2427.8,1203.1,102.5,12.87,98.93,1,1.000,1,1.000,1,POI-001,0
12.18,12.18,UAV-3,SCOUT,ACTIVE,TRANSIT,220.8,2410.0,1169.1,67.9,21.10,99.41,1,1.000,1,1.000,1,POI-003,0
12.18,12.18,UAV-4,SCOUT,ACTIVE,IDLE,220.2,2430.0,1104.4,4.0,0.00,100.00,1,0.000,0,0.000,1,,0
12.18,12.18,UAV-5,STANDBY,READY,READY,236.2,2410.0,1101.2,0.3,0.00,100.00,1,0.000,0,0.000,1,,0
13.20,13.20,UAV-1,RELAY,ACTIVE,RELAY_TRANSIT,443.2,2444.1,1179.6,82.8,21.66,98.46,1,1.000,1,1.000,1,,0
13.20,13.20,UAV-2,SCOUT,ACTIVE,TRANSIT,237.3,2426.7,1203.4,101.8,17.29,98.81,1,1.000,1,1.000,1,POI-001,0
13.20,13.20,UAV-3,SCOUT,ACTIVE,TRANSIT,220.9,2410.0,1189.8,88.6,16.31,99.28,1,1.000,1,1.000,1,POI-003,0
13.20,13.20,UAV-4,SCOUT,ACTIVE,TRANSIT,220.3,2430.0,1110.6,10.2,11.51,99.85,1,1.000,1,1.000,1,POI-006,0
13.20,13.20,UAV-5,STANDBY,READY,READY,236.2,2410.0,1101.2,0.3,0.00,100.00,1,0.000,0,0.000,1,,0
14.22,14.22,UAV-1,RELAY,ACTIVE,RELAY_TRANSIT,465.2,2447.1,1179.6,83.1,21.71,98.35,1,1.000,1,1.000,1,,0
14.22,14.22,UAV-2,SCOUT,ACTIVE,TRANSIT,256.4,2425.7,1203.6,102.1,19.85,98.69,1,1.000,1,1.000,1,POI-001,0
14.22,14.22,UAV-3,SCOUT,ACTIVE,TRANSIT,222.9,2410.3,1200.7,99.5,6.77,99.16,1,1.000,1,1.000,1,POI-003,0
14.22,14.22,UAV-4,SCOUT,ACTIVE,TRANSIT,220.5,2430.0,1126.5,26.1,18.74,99.69,1,1.000,1,1.000,1,POI-006,0
14.22,14.22,UAV-5,STANDBY,READY,READY,236.2,2410.0,1101.2,0.3,0.00,100.00,1,0.000,0,0.000,1,,0
15.24,15.24,UAV-1,RELAY,ACTIVE,RELAY_TRANSIT,487.1,2450.2,1179.7,83.8,21.72,98.25,1,1.000,1,1.000,1,,0
15.24,15.24,UAV-2,SCOUT,ACTIVE,TRANSIT,277.3,2424.9,1203.6,103.5,21.03,98.58,1,1.000,1,1.000,1,POI-001,0
15.24,15.24,UAV-3,SCOUT,ACTIVE,TRANSIT,227.4,2411.1,1203.4,102.3,6.72,99.05,1,1.000,1,1.000,1,POI-003,0
15.24,15.24,UAV-4,SCOUT,ACTIVE,TRANSIT,220.7,2430.0,1147.0,46.6,20.67,99.55,1,1.000,1,1.000,1,POI-006,0
15.24,15.24,UAV-5,STANDBY,READY,READY,236.2,2410.0,1101.2,0.3,0.00,100.00,1,0.000,0,0.000,1,,0
16.26,16.26,UAV-1,RELAY,ACTIVE,RELAY_TRANSIT,509.1,2453.1,1179.8,83.1,21.72,98.14,1,1.000,1,1.000,1,,0
16.26,16.26,UAV-2,SCOUT,ACTIVE,TRANSIT,299.0,2424.1,1203.6,103.5,21.32,98.48,1,1.000,1,1.000,1,POI-001,0
16.26,16.26,UAV-3,SCOUT,ACTIVE,TRANSIT,237.3,2412.2,1203.8,102.9,12.66,98.93,1,1.000,1,1.000,1,POI-003,0
16.26,16.26,UAV-4,SCOUT,ACTIVE,TRANSIT,220.8,2430.0,1168.3,67.9,21.09,99.41,1,1.000,1,1.000,1,POI-006,0
16.26,16.26,UAV-5,SCOUT,ACTIVE,IDLE,236.2,2410.0,1104.9,4.0,0.00,100.00,1,0.000,0,0.000,1,,0
17.28,17.28,UAV-1,RELAY,ACTIVE,RELAY_TRANSIT,531.0,2456.0,1181.2,83.6,21.70,98.03,1,1.000,1,1.000,1,,0
17.28,17.28,UAV-2,SCOUT,ACTIVE,TRANSIT,320.8,2423.3,1203.6,103.4,21.49,98.37,1,1.000,1,1.000,1,POI-001,0
17.28,17.28,UAV-3,SCOUT,ACTIVE,TRANSIT,252.7,2413.3,1203.9,103.2,17.13,98.81,1,1.000,1,1.000,1,POI-003,0
17.28,17.28,UAV-4,SCOUT,ACTIVE,TRANSIT,220.9,2430.0,1189.0,88.6,16.30,99.27,1,1.000,1,1.000,1,POI-006,0
17.28,17.28,UAV-5,SCOUT,ACTIVE,TRANSIT,236.3,2410.0,1111.2,10.2,11.49,99.85,1,1.000,1,1.000,1,POI-002,0
18.30,18.30,UAV-1,RELAY,ACTIVE,RELAY_TRANSIT,552.9,2458.8,1183.0,85.9,21.73,97.92,1,1.000,1,1.000,1,,0
18.30,18.30,UAV-2,SCOUT,ACTIVE,TRANSIT,342.8,2422.5,1203.5,102.5,21.63,98.27,1,1.000,1,1.000,1,POI-001,0
18.30,18.30,UAV-3,SCOUT,ACTIVE,TRANSIT,271.6,2414.2,1203.9,104.4,19.78,98.69,1,1.000,1,1.000,1,POI-003,0
18.30,18.30,UAV-4,SCOUT,ACTIVE,TRANSIT,222.9,2429.6,1199.9,99.2,6.77,99.16,1,1.000,1,1.000,1,POI-006,0
18.30,18.30,UAV-5,SCOUT,ACTIVE,TRANSIT,236.5,2410.0,1127.1,26.1,18.72,99.69,1,1.000,1,1.000,1,POI-002,0
19.32,19.32,UAV-1,RELAY,ACTIVE,RELAY_TRANSIT,574.8,2461.6,1184.7,86.5,21.74,97.81,1,1.000,1,1.000,1,,0
19.32,19.32,UAV-2,SCOUT,ACTIVE,TRANSIT,364.9,2421.8,1203.5,101.9,21.73,98.16,1,1.000,1,1.000,1,POI-001,0
19.32,19.32,UAV-3,SCOUT,ACTIVE,TRANSIT,292.6,2415.1,1203.7,104.9,21.03,98.58,1,1.000,1,1.000,1,POI-003,0
19.32,19.32,UAV-4,SCOUT,ACTIVE,TRANSIT,227.5,2428.9,1202.6,101.5,6.83,99.05,1,1.000,1,1.000,1,POI-006,0
19.32,19.32,UAV-5,SCOUT,ACTIVE,TRANSIT,236.7,2410.0,1147.5,46.6,20.67,99.55,1,1.000,1,1.000,1,POI-002,0
20.34,20.34,UAV-1,RELAY,ACTIVE,RELAY_TRANSIT,596.8,2464.4,1186.4,87.4,21.74,97.70,1,1.000,1,1.000,1,,0
20.34,20.34,UAV-2,SCOUT,ACTIVE,TRANSIT,387.0,2421.1,1203.4,103.5,21.74,98.06,1,1.000,1,1.000,1,POI-001,0
20.34,20.34,UAV-3,SCOUT,ACTIVE,TRANSIT,314.2,2415.9,1203.6,104.7,21.32,98.48,1,1.000,1,1.000,1,POI-003,0
20.34,20.34,UAV-4,SCOUT,ACTIVE,TRANSIT,237.5,2427.7,1203.1,101.4,12.76,98.93,1,1.000,1,1.000,1,POI-006,0
20.34,20.34,UAV-5,SCOUT,ACTIVE,TRANSIT,236.8,2410.0,1168.9,67.9,21.10,99.41,1,1.000,1,1.000,1,POI-002,0
21.36,21.36,UAV-1,RELAY,ACTIVE,RELAY_TRANSIT,618.7,2467.1,1188.0,87.9,21.74,97.60,1,1.000,1,1.000,1,,0
21.36,21.36,UAV-2,SCOUT,ACTIVE,TRANSIT,409.2,2420.6,1203.7,108.1,21.74,97.95,1,1.000,1,1.000,1,POI-001,0
21.36,21.36,UAV-3,SCOUT,ACTIVE,TRANSIT,336.0,2416.7,1203.3,103.2,21.49,98.38,1,1.000,1,1.000,1,POI-003,0
21.36,21.36,UAV-4,SCOUT,ACTIVE,TRANSIT,252.9,2426.7,1203.3,101.7,17.23,98.81,1,1.000,1,1.000,1,POI-006,0
21.36,21.36,UAV-5,SCOUT,ACTIVE,TRANSIT,236.9,2410.0,1189.6,88.6,16.30,99.28,1,1.000,1,1.000,1,POI-002,0
22.38,22.38,UAV-1,RELAY,ACTIVE,RELAY_TRANSIT,640.7,2469.9,1189.4,89.2,21.65,97.49,1,1.000,1,1.000,1,,0
22.38,22.38,UAV-2,SCOUT,ACTIVE,TRANSIT,431.4,2420.5,1204.6,112.0,21.76,97.84,1,1.000,1,1.000,1,POI-001,0
22.38,22.38,UAV-3,SCOUT,ACTIVE,TRANSIT,358.0,2417.4,1203.1,101.9,21.63,98.27,1,1.000,1,1.000,1,POI-003,0
22.38,22.38,UAV-4,SCOUT,ACTIVE,TRANSIT,272.0,2425.8,1203.3,102.7,19.88,98.69,1,1.000,1,1.000,1,POI-006,0
22.38,22.38,UAV-5,SCOUT,ACTIVE,TRANSIT,238.9,2410.4,1200.4,99.5,6.77,99.16,1,1.000,1,1.000,1,POI-002,0
23.40,23.40,UAV-1,RELAY,ACTIVE,RELAY_TRANSIT,662.6,2472.7,1190.3,88.7,21.73,97.39,1,1.000,1,1.000,1,,0
23.40,23.40,UAV-2,SCOUT,ACTIVE,TRANSIT,453.6,2420.5,1205.4,113.2,21.75,97.74,1,1.000,1,1.000,1,POI-001,0
23.40,23.40,UAV-3,SCOUT,ACTIVE,TRANSIT,380.1,2418.2,1202.8,102.3,21.71,98.17,1,1.000,1,1.000,1,POI-003,0
23.40,23.40,UAV-4,SCOUT,ACTIVE,TRANSIT,293.0,2424.9,1203.3,103.3,21.04,98.58,1,1.000,1,1.000,1,POI-006,0
23.40,23.40,UAV-5,SCOUT,ACTIVE,TRANSIT,243.5,2411.1,1203.2,102.3,6.81,99.05,1,1.000,1,1.000,1,POI-002,0
24.42,24.42,UAV-1,RELAY,ACTIVE,RELAY_TRANSIT,684.6,2475.7,1191.2,87.0,21.74,97.28,1,1.000,1,1.000,1,,0
24.42,24.42,UAV-2,SCOUT,ACTIVE,TRANSIT,475.7,2420.4,1206.3,114.1,21.76,97.63,1,1.000,1,1.000,1,POI-001,0
24.42,24.42,UAV-3,SCOUT,ACTIVE,TRANSIT,402.2,2418.9,1202.5,105.9,21.75,98.06,1,1.000,1,1.000,1,POI-003,0
24.42,24.42,UAV-4,SCOUT,ACTIVE,TRANSIT,314.6,2424.1,1203.2,103.0,21.33,98.48,1,1.000,1,1.000,1,POI-006,0
24.42,24.42,UAV-5,SCOUT,ACTIVE,TRANSIT,253.5,2412.3,1203.6,103.0,12.76,98.93,1,1.000,1,1.000,1,POI-002,0
25.44,25.44,UAV-1,RELAY,ACTIVE,RELAY_TRANSIT,706.5,2478.6,1192.1,84.2,21.74,97.17,1,1.000,1,1.000,1,,0
25.44,25.44,UAV-2,SCOUT,ACTIVE,TRANSIT,497.9,2420.4,1207.2,113.0,21.76,97.53,1,1.000,1,1.000,1,POI-001,0
25.44,25.44,UAV-3,SCOUT,ACTIVE,TRANSIT,424.4,2419.4,1202.7,109.6,21.74,97.95,1,1.000,1,1.000,1,POI-003,0
25.44,25.44,UAV-4,SCOUT,ACTIVE,TRANSIT,336.5,2423.3,1203.0,102.1,21.50,98.38,1,1.000,1,1.000,1,POI-006,0
25.44,25.44,UAV-5,SCOUT,ACTIVE,TRANSIT,269.0,2413.3,1203.7,104.1,17.25,98.81,1,1.000,1,1.000,1,POI-002,0
26.46,26.46,UAV-1,RELAY,ACTIVE,RELAY_TRANSIT,728.5,2481.6,1193.0,82.9,21.75,97.07,1,1.000,1,1.000,1,,0
26.46,26.46,UAV-2,SCOUT,ACTIVE,TRANSIT,520.1,2420.3,1208.0,110.1,21.77,97.42,1,1.000,1,1.000,1,POI-001,0
26.46,26.46,UAV-3,SCOUT,ACTIVE,TRANSIT,446.6,2419.5,1203.6,111.4,21.77,97.85,1,1.000,1,1.000,1,POI-003,0
26.46,26.46,UAV-4,SCOUT,ACTIVE,TRANSIT,358.5,2422.6,1202.8,101.4,21.64,98.27,1,1.000,1,1.000,1,POI-006,0
26.46,26.46,UAV-5,SCOUT,ACTIVE,TRANSIT,288.1,2414.3,1203.7,104.9,19.94,98.69,1,1.000,1,1.000,1,POI-002,0
27.48,27.48,UAV-1,RELAY,ACTIVE,RELAY_TRANSIT,750.5,2484.5,1193.8,82.5,21.76,96.96,1,1.000,1,1.000,1,,0
27.48,27.48,UAV-2,SCOUT,ACTIVE,TRANSIT,542.3,2420.3,1208.8,109.0,21.78,97.31,1,1.000,1,1.000,1,POI-001,0
27.48,27.48,UAV-3,SCOUT,ACTIVE,TRANSIT,468.8,2419.6,1204.5,112.4,21.78,97.74,1,1.000,1,1.000,1,POI-003,0
27.48,27.48,UAV-4,SCOUT,ACTIVE,TRANSIT,380.6,2421.9,1202.6,101.7,21.75,98.17,1,1.000,1,1.000,1,POI-006,0
27.48,27.48,UAV-5,SCOUT,ACTIVE,TRANSIT,309.1,2415.1,1203.6,104.9,21.06,98.59,1,1.000,1,1.000,1,POI-002,0
28.50,28.50,UAV-1,RELAY,ACTIVE,RELAY_TRANSIT,772.5,2487.4,1194.5,82.7,21.75,96.85,1,1.000,1,1.000,1,,0
28.50,28.50,UAV-2,SCOUT,ACTIVE,TRANSIT,564.5,2420.2,1209.6,108.7,21.77,97.21,1,1.000,1,1.000,1,POI-001,0
28.50,28.50,UAV-3,SCOUT,ACTIVE,TRANSIT,491.0,2419.6,1205.4,112.2,21.78,97.63,1,1.000,1,1.000,1,POI-003,0
28.50,28.50,UAV-4,SCOUT,ACTIVE,TRANSIT,402.8,2421.1,1202.4,105.7,21.77,98.06,1,1.000,1,1.000,1,POI-006,0
28.50,28.50,UAV-5,SCOUT,ACTIVE,TRANSIT,330.7,2416.0,1203.4,103.8,21.32,98.48,1,1.000,1,1.000,1,POI-002,0
29.52,29.52,UAV-1,RELAY,ACTIVE,RELAY_TRANSIT,794.4,2490.3,1195.3,82.8,21.74,96.75,1,1.000,1,1.000,1,,0
29.52,29.52,UAV-2,SCOUT,ACTIVE,TRANSIT,586.7,2420.1,1210.3,110.8,21.76,97.10,1,1.000,1,1.000,1,POI-001,0
29.52,29.52,UAV-3,SCOUT,ACTIVE,TRANSIT,513.2,2419.7,1206.2,109.5,21.76,97.53,1,1.000,1,1.000,1,POI-003,0
29.52,29.52,UAV-4,SCOUT,ACTIVE,TRANSIT,425.0,2420.6,1202.7,109.5,21.75,97.95,1,1.000,1,1.000,1,POI-006,0
29.52,29.52,UAV-5,SCOUT,ACTIVE,TRANSIT,352.6,2416.7,1203.3,102.2,21.49,98.38,1,1.000,1,1.000,1,POI-002,0
30.54,30.54,UAV-1,RELAY,ACTIVE,RELAY_TRANSIT,816.4,2493.3,1196.1,83.0,21.73,96.64,1,1.000,1,1.000,1,,0
30.54,30.54,UAV-2,SCOUT,ACTIVE,TRANSIT,608.9,2420.1,1211.0,112.2,21.75,97.00,1,1.000,1,1.000,1,POI-001,0
30.54,30.54,UAV-3,SCOUT,ACTIVE,TRANSIT,535.3,2419.7,1207.0,107.7,21.75,97.42,1,1.000,1,1.000,1,POI-003,0
30.54,30.54,UAV-4,SCOUT,ACTIVE,TRANSIT,447.1,2420.5,1203.6,111.3,21.75,97.85,1,1.000,1,1.000,1,POI-006,0
30.54,30.54,UAV-5,SCOUT,ACTIVE,TRANSIT,374.5,2417.5,1203.0,102.2,21.61,98.27,1,1.000,1,1.000,1,POI-002,0
31.56,31.56,UAV-1,RELAY,ACTIVE,RELAY_TRANSIT,838.4,2496.2,1196.8,83.0,21.75,96.53,1,1.000,1,1.000,1,,0
31.56,31.56,UAV-2,SCOUT,ACTIVE,TRANSIT,629.6,2420.8,1211.9,111.2,17.03,96.87,1,1.000,1,1.000,1,POI-001,0
31.56,31.56,UAV-3,SCOUT,ACTIVE,TRANSIT,557.5,2419.8,1207.8,107.1,21.76,97.32,1,1.000,1,1.000,1,POI-003,0
31.56,31.56,UAV-4,SCOUT,ACTIVE,TRANSIT,469.3,2420.5,1204.5,112.3,21.77,97.74,1,1.000,1,1.000,1,POI-006,0
31.56,31.56,UAV-5,SCOUT,ACTIVE,TRANSIT,396.6,2418.2,1202.8,105.1,21.72,98.17,1,1.000,1,1.000,1,POI-002,0
32.56,32.56,UAV-1,RELAY,ACTIVE,RELAY_TRANSIT,859.9,2499.1,1197.5,82.6,21.75,96.43,1,1.000,1,1.000,1,,0
32.56,32.56,UAV-2,SCOUT,ACTIVE,TRANSIT,642.7,2425.5,1212.9,111.4,12.16,96.73,1,1.000,1,1.000,1,POI-001,0
32.56,32.56,UAV-3,SCOUT,ACTIVE,TRANSIT,579.3,2419.8,1208.6,108.6,21.77,97.21,1,1.000,1,1.000,1,POI-003,0
32.56,32.56,UAV-4,SCOUT,ACTIVE,TRANSIT,491.1,2420.4,1205.3,112.1,21.77,97.64,1,1.000,1,1.000,1,POI-006,0
32.56,32.56,UAV-5,SCOUT,ACTIVE,TRANSIT,418.4,2418.9,1202.6,108.7,21.77,98.07,1,1.000,1,1.000,1,POI-002,0
33.56,33.56,UAV-1,RELAY,ACTIVE,RELAY_TRANSIT,881.5,2502.0,1198.2,83.0,21.73,96.33,1,1.000,1,1.000,1,,0
33.56,33.56,UAV-2,SCOUT,ACTIVE,TRANSIT,650.7,2434.4,1213.7,112.9,12.81,96.61,1,1.000,1,1.000,1,POI-001,0
33.56,33.56,UAV-3,SCOUT,ACTIVE,TRANSIT,601.0,2419.9,1209.3,110.5,21.75,97.11,1,1.000,1,1.000,1,POI-003,0
33.56,33.56,UAV-4,SCOUT,ACTIVE,TRANSIT,512.8,2420.4,1206.2,109.5,21.75,97.53,1,1.000,1,1.000,1,POI-006,0
33.56,33.56,UAV-5,SCOUT,ACTIVE,TRANSIT,440.1,2419.4,1202.8,110.7,21.74,97.96,1,1.000,1,1.000,1,POI-002,0
34.56,34.56,UAV-1,RELAY,ACTIVE,RELAY_TRANSIT,903.0,2504.9,1198.8,82.5,21.74,96.22,1,1.000,1,1.000,1,,0
34.56,34.56,UAV-2,SCOUT,ACTIVE,TRANSIT,656.1,2447.4,1214.3,114.2,15.22,96.49,1,1.000,1,1.000,1,POI-001,0
34.56,34.56,UAV-3,SCOUT,ACTIVE,TRANSIT,622.8,2419.9,1210.0,110.1,21.75,97.01,1,1.000,1,1.000,1,POI-003,0
34.56,34.56,UAV-4,SCOUT,ACTIVE,TRANSIT,534.6,2420.3,1207.0,107.7,21.75,97.43,1,1.000,1,1.000,1,POI-006,0
34.56,34.56,UAV-5,SCOUT,ACTIVE,TRANSIT,461.9,2419.5,1203.6,111.4,21.75,97.85,1,1.000,1,1.000,1,POI-002,0
35.56,35.56,UAV-1,RELAY,ACTIVE,RELAY_TRANSIT,924.5,2507.8,1199.3,80.8,21.72,96.12,1,1.000,1,1.000,1,,0
35.56,35.56,UAV-2,SCOUT,ACTIVE,TRANSIT,660.3,2462.9,1214.8,114.2,16.83,96.37,1,1.000,1,1.000,1,POI-001,0
35.56,35.56,UAV-3,SCOUT,ACTIVE,TRANSIT,644.5,2419.9,1211.1,109.2,21.73,96.90,1,1.000,1,1.000,1,POI-003,0
35.56,35.56,UAV-4,SCOUT,ACTIVE,TRANSIT,556.3,2420.2,1207.8,107.2,21.74,97.32,1,1.000,1,1.000,1,POI-006,0
35.56,35.56,UAV-5,SCOUT,ACTIVE,TRANSIT,483.6,2419.5,1204.4,112.0,21.74,97.75,1,1.000,1,1.000,1,POI-002,0
36.56,36.56,UAV-1,RELAY,ACTIVE,RELAY_TRANSIT,946.0,2510.7,1199.8,81.4,21.72,96.02,1,1.000,1,1.000,1,,0
36.56,36.56,UAV-2,SCOUT,ACTIVE,TRANSIT,663.9,2479.2,1214.5,111.9,15.17,96.24,1,1.000,1,1.000,1,POI-001,0
36.56,36.56,UAV-3,SCOUT,ACTIVE,TRANSIT,666.2,2419.9,1212.8,112.1,21.75,96.79,1,1.000,1,1.000,1,POI-003,0
36.56,36.56,UAV-4,SCOUT,ACTIVE,TRANSIT,578.0,2420.2,1208.6,108.5,21.74,97.22,1,1.000,1,1.000,1,POI-006,0
36.56,36.56,UAV-5,SCOUT,ACTIVE,TRANSIT,505.3,2419.6,1205.2,109.9,21.75,97.65,1,1.000,1,1.000,1,POI-002,0
37.56,37.56,UAV-1,RELAY,ACTIVE,RELAY_TRANSIT,967.5,2513.6,1200.3,81.0,21.73,95.91,1,1.000,1,1.000,1,,0
37.56,37.56,UAV-2,SCOUT,ACTIVE,TRANSIT,666.8,2491.3,1209.0,104.3,13.11,96.11,1,1.000,1,1.000,1,POI-001,0
37.56,37.56,UAV-3,SCOUT,ACTIVE,TRANSIT,687.9,2419.9,1214.5,113.1,21.76,96.69,1,1.000,1,1.000,1,POI-003,0
37.56,37.56,UAV-4,SCOUT,ACTIVE,TRANSIT,599.7,2420.1,1209.3,110.4,21.76,97.12,1,1.000,1,1.000,1,POI-006,0
37.56,37.56,UAV-5,SCOUT,ACTIVE,TRANSIT,527.1,2419.6,1206.0,107.4,21.75,97.54,1,1.000,1,1.000,1,POI-002,0
38.56,38.56,UAV-1,RELAY,ACTIVE,RELAY_TRANSIT,989.1,2516.5,1200.8,81.8,21.72,95.81,1,1.000,1,1.000,1,,0
38.56,38.56,UAV-2,SCOUT,ACTIVE,TRANSIT,668.9,2499.3,1198.4,92.7,14.23,95.99,1,1.000,1,1.000,1,POI-001,0
38.56,38.56,UAV-3,SCOUT,ACTIVE,TRANSIT,709.6,2419.9,1216.2,112.7,21.75,96.58,1,1.000,1,1.000,1,POI-003,0
38.56,38.56,UAV-4,SCOUT,ACTIVE,TRANSIT,621.5,2420.1,1210.0,110.3,21.74,97.01,1,1.000,1,1.000,1,POI-006,0
38.56,38.56,UAV-5,SCOUT,ACTIVE,TRANSIT,548.8,2419.7,1206.8,106.6,21.74,97.44,1,1.000,1,1.000,1,POI-002,0
39.56,39.56,UAV-1,RELAY,ACTIVE,RELAY_TRANSIT,1010.6,2519.4,1201.2,82.4,21.72,95.70,1,1.000,1,1.000,1,,0
39.56,39.56,UAV-2,SCOUT,ACTIVE,TRANSIT,670.6,2504.1,1184.2,78.4,15.89,95.86,1,1.000,1,1.000,1,POI-001,0
39.56,39.56,UAV-3,SCOUT,ACTIVE,TRANSIT,731.2,2419.9,1217.8,108.3,21.74,96.48,1,1.000,1,1.000,1,POI-003,0
39.56,39.56,UAV-4,SCOUT,ACTIVE,TRANSIT,643.2,2420.0,1211.0,109.1,21.74,96.91,1,1.000,1,1.000,1,POI-006,0
39.56,39.56,UAV-5,SCOUT,ACTIVE,TRANSIT,570.5,2419.7,1207.6,106.9,21.74,97.34,1,1.000,1,1.000,1,POI-002,0
40.56,40.56,UAV-1,RELAY,ACTIVE,RELAY_TRANSIT,1032.1,2522.2,1201.5,85.2,21.69,95.60,1,1.000,1,1.000,1,,0
40.56,40.56,UAV-2,SCOUT,ACTIVE,SURVEY,671.8,2506.5,1167.9,62.1,17.15,95.73,1,1.000,1,1.000,1,POI-001,0
40.56,40.56,UAV-3,SCOUT,ACTIVE,TRANSIT,752.9,2420.0,1219.4,105.6,21.74,96.37,1,1.000,1,1.000,1,POI-003,0
40.56,40.56,UAV-4,SCOUT,ACTIVE,TRANSIT,664.9,2420.0,1212.7,112.0,21.74,96.80,1,1.000,1,1.000,1,POI-006,0
40.56,40.56,UAV-5,SCOUT,ACTIVE,TRANSIT,592.2,2419.8,1208.3,109.1,21.74,97.23,1,1.000,1,1.000,1,POI-002,0
41.56,41.56,UAV-1,RELAY,ACTIVE,RELAY_TRANSIT,1053.6,2525.1,1201.6,87.0,21.74,95.50,1,1.000,1,1.000,1,,0
41.56,41.56,UAV-2,SCOUT,ACTIVE,SURVEY,672.9,2507.1,1150.4,44.5,17.55,95.60,1,1.000,1,1.000,1,POI-001,0
41.56,41.56,UAV-3,SCOUT,ACTIVE,TRANSIT,774.6,2420.0,1221.0,106.2,21.75,96.27,1,1.000,1,1.000,1,POI-003,0
41.56,41.56,UAV-4,SCOUT,ACTIVE,TRANSIT,686.6,2420.0,1214.4,113.1,21.76,96.69,1,1.000,1,1.000,1,POI-006,0
41.56,41.56,UAV-5,SCOUT,ACTIVE,TRANSIT,614.0,2419.8,1209.0,110.0,21.76,97.13,1,1.000,1,1.000,1,POI-002,0
42.56,42.56,UAV-1,RELAY,ACTIVE,RELAY_TRANSIT,1075.2,2528.0,1201.6,86.2,21.74,95.39,1,1.000,1,1.000,1,,0
42.56,42.56,UAV-2,SCOUT,ACTIVE,TRANSIT,671.5,2504.4,1138.1,32.2,6.47,95.45,1,1.000,1,1.000,1,POI-005,2
42.56,42.56,UAV-3,SCOUT,ACTIVE,TRANSIT,796.3,2420.0,1222.5,107.8,21.75,96.16,1,1.000,1,1.000,1,POI-003,0
42.56,42.56,UAV-4,SCOUT,ACTIVE,TRANSIT,708.3,2420.0,1216.1,112.8,21.76,96.59,1,1.000,1,1.000,1,POI-006,0
42.56,42.56,UAV-5,SCOUT,ACTIVE,TRANSIT,635.7,2419.9,1209.7,108.2,21.75,97.02,1,1.000,1,1.000,1,POI-002,0
43.56,43.56,UAV-1,RELAY,ACTIVE,RELAY_TRANSIT,1096.7,2530.9,1201.7,82.6,21.74,95.29,1,1.000,1,1.000,1,,0
43.56,43.56,UAV-2,SCOUT,ACTIVE,TRANSIT,671.0,2504.4,1138.3,32.5,6.08,95.30,1,1.000,1,1.000,1,POI-005,0
43.56,43.56,UAV-3,SCOUT,ACTIVE,TRANSIT,818.0,2420.0,1223.9,110.1,21.76,96.06,1,1.000,1,1.000,1,POI-003,0
43.56,43.56,UAV-4,SCOUT,ACTIVE,TRANSIT,730.0,2420.0,1217.7,108.5,21.76,96.48,1,1.000,1,1.000,1,POI-006,0
43.56,43.56,UAV-5,SCOUT,ACTIVE,TRANSIT,657.5,2420.0,1210.6,109.4,21.77,96.92,1,1.000,1,1.000,1,POI-002,0
44.56,44.56,UAV-1,RELAY,ACTIVE,RELAY_TRANSIT,1118.3,2533.7,1201.7,80.0,21.74,95.19,1,1.000,1,1.000,1,,0
44.56,44.56,UAV-2,SCOUT,ACTIVE,TRANSIT,671.2,2505.1,1149.5,43.7,15.47,95.15,1,1.000,1,1.000,1,POI-005,0
44.56,44.56,UAV-3,SCOUT,ACTIVE,TRANSIT,839.7,2420.0,1225.3,110.4,21.76,95.95,1,1.000,1,1.000,1,POI-003,0
44.56,44.56,UAV-4,SCOUT,ACTIVE,TRANSIT,751.7,2420.0,1219.3,105.7,21.76,96.38,1,1.000,1,1.000,1,POI-006,0
44.56,44.56,UAV-5,SCOUT,ACTIVE,TRANSIT,679.2,2420.0,1212.4,111.6,21.77,96.81,1,1.000,1,1.000,1,POI-002,0
45.56,45.56,UAV-1,RELAY,ACTIVE,RELAY_TRANSIT,1139.8,2536.6,1201.8,80.0,21.74,95.08,1,1.000,1,1.000,1,,0
45.56,45.56,UAV-2,SCOUT,ACTIVE,TRANSIT,671.6,2505.5,1167.8,61.9,19.94,95.00,1,1.000,1,1.000,1,POI-005,0
45.56,45.56,UAV-3,SCOUT,ACTIVE,TRANSIT,861.3,2420.0,1226.3,110.0,21.43,95.85,1,1.000,1,1.000,1,POI-003,0
45.56,45.56,UAV-4,SCOUT,ACTIVE,TRANSIT,773.4,2420.0,1220.9,106.1,21.77,96.27,1,1.000,1,1.000,1,POI-006,0
45.56,45.56,UAV-5,SCOUT,ACTIVE,TRANSIT,700.9,2420.0,1214.2,111.8,21.78,96.70,1,1.000,1,1.000,1,POI-002,0
46.56,46.56,UAV-1,RELAY,ACTIVE,RELAY_TRANSIT,1161.4,2539.3,1202.0,81.2,21.71,94.98,1,1.000,1,1.000,1,,0
46.56,46.56,UAV-2,SCOUT,ACTIVE,TRANSIT,672.0,2505.9,1188.2,82.3,20.71,94.87,1,1.000,1,1.000,1,POI-005,0
46.56,46.56,UAV-3,SCOUT,ACTIVE,TRANSIT,883.0,2420.0,1226.3,108.8,21.74,95.75,1,1.000,1,1.000,1,POI-003,0
46.56,46.56,UAV-4,SCOUT,ACTIVE,TRANSIT,795.1,2420.0,1222.4,107.6,21.75,96.17,1,1.000,1,1.000,1,POI-006,0
46.56,46.56,UAV-5,SCOUT,ACTIVE,TRANSIT,722.6,2420.0,1216.0,109.0,21.75,96.60,1,1.000,1,1.000,1,POI-002,0
47.56,47.56,UAV-1,RELAY,ACTIVE,RELAY_TRANSIT,1182.9,2542.0,1202.5,83.7,21.72,94.88,1,1.000,1,1.000,1,,0
47.56,47.56,UAV-2,SCOUT,ACTIVE,TRANSIT,673.5,2505.6,1202.2,96.2,9.17,94.74,1,1.000,1,1.000,1,POI-005,0
47.56,47.56,UAV-3,SCOUT,ACTIVE,TRANSIT,904.7,2420.0,1226.3,108.2,21.74,95.64,1,1.000,1,1.000,1,POI-003,0
47.56,47.56,UAV-4,SCOUT,ACTIVE,TRANSIT,816.8,2420.0,1223.9,110.1,21.75,96.07,1,1.000,1,1.000,1,POI-006,0
47.56,47.56,UAV-5,SCOUT,ACTIVE,TRANSIT,744.2,2420.0,1217.7,105.3,21.74,96.49,1,1.000,1,1.000,1,POI-002,0
48.56,48.56,UAV-1,RELAY,ACTIVE,RELAY_TRANSIT,1204.5,2544.7,1203.0,86.7,21.73,94.77,1,1.000,1,1.000,1,,0
48.56,48.56,UAV-2,SCOUT,ACTIVE,TRANSIT,676.9,2504.0,1207.3,100.7,6.34,94.61,1,1.000,1,1.000,1,POI-005,0
48.56,48.56,UAV-3,SCOUT,ACTIVE,TRANSIT,926.5,2420.0,1226.3,107.3,21.74,95.54,1,1.000,1,1.000,1,POI-003,0
48.56,48.56,UAV-4,SCOUT,ACTIVE,TRANSIT,838.5,2420.0,1225.2,110.5,21.75,95.96,1,1.000,1,1.000,1,POI-006,0
48.56,48.56,UAV-5,SCOUT,ACTIVE,TRANSIT,765.9,2420.0,1219.4,104.6,21.74,96.39,1,1.000,1,1.000,1,POI-002,0
49.56,49.56,UAV-1,RELAY,ACTIVE,RELAY_TRANSIT,1226.0,2547.4,1203.5,88.5,21.74,94.67,1,1.000,1,1.000,1,,0
49.56,49.56,UAV-2,SCOUT,ACTIVE,TRANSIT,684.0,2499.1,1209.7,102.2,11.77,94.48,1,1.000,1,1.000,1,POI-005,0
49.56,49.56,UAV-3,SCOUT,ACTIVE,TRANSIT,948.2,2420.0,1226.3,105.9,21.74,95.44,1,1.000,1,1.000,1,POI-003,0
49.56,49.56,UAV-4,SCOUT,ACTIVE,TRANSIT,860.1,2420.0,1226.2,110.1,21.37,95.86,1,1.000,1,1.000,1,POI-006,0
49.56,49.56,UAV-5,SCOUT,ACTIVE,TRANSIT,787.6,2420.0,1221.1,106.3,21.75,96.28,1,1.000,1,1.000,1,POI-002,0
50.56,50.56,UAV-1,RELAY,ACTIVE,RELAY_TRANSIT,1247.6,2550.1,1203.9,89.0,21.73,94.56,1,1.000,1,1.000,1,,0
50.56,50.56,UAV-2,SCOUT,ACTIVE,TRANSIT,696.2,2492.0,1211.7,103.4,16.37,94.35,1,1.000,1,1.000,1,POI-005,0
50.56,50.56,UAV-3,SCOUT,ACTIVE,TRANSIT,969.9,2420.0,1226.3,103.6,21.73,95.34,1,1.000,1,1.000,1,POI-003,0
50.56,50.56,UAV-4,SCOUT,ACTIVE,TRANSIT,881.7,2420.0,1226.3,108.8,21.73,95.76,1,1.000,1,1.000,1,POI-006,0
50.56,50.56,UAV-5,SCOUT,ACTIVE,TRANSIT,809.3,2420.0,1222.7,108.7,21.74,96.18,1,1.000,1,1.000,1,POI-002,0
51.56,51.56,UAV-1,RELAY,ACTIVE,RELAY_TRANSIT,1269.2,2552.7,1204.3,88.6,21.72,94.46,1,1.000,1,1.000,1,,0
51.56,51.56,UAV-2,SCOUT,ACTIVE,TRANSIT,712.7,2484.8,1213.6,104.5,19.43,94.23,1,1.000,1,1.000,1,POI-005,0
51.56,51.56,UAV-3,SCOUT,ACTIVE,TRANSIT,991.7,2420.0,1226.4,104.4,21.73,95.23,1,1.000,1,1.000,1,POI-003,0
51.56,51.56,UAV-4,SCOUT,ACTIVE,TRANSIT,903.4,2420.0,1226.3,108.2,21.73,95.65,1,1.000,1,1.000,1,POI-006,0
51.56,51.56,UAV-5,SCOUT,ACTIVE,TRANSIT,831.0,2420.0,1224.3,110.0,21.74,96.07,1,1.000,1,1.000,1,POI-002,0
52.56,52.56,UAV-1,RELAY,ACTIVE,RELAY_TRANSIT,1290.6,2555.4,1204.3,85.9,21.70,94.36,1,1.000,1,1.000,1,,0
52.56,52.56,UAV-2,SCOUT,ACTIVE,TRANSIT,731.6,2477.5,1215.5,104.9,20.98,94.12,1,1.000,1,1.000,1,POI-005,0
52.56,52.56,UAV-3,SCOUT,ACTIVE,TRANSIT,1013.4,2420.0,1226.4,106.8,21.74,95.13,1,1.000,1,1.000,1,POI-003,0
52.56,52.56,UAV-4,SCOUT,ACTIVE,TRANSIT,925.1,2420.0,1226.3,107.4,21.74,95.55,1,1.000,1,1.000,1,POI-006,0
52.56,52.56,UAV-5,SCOUT,ACTIVE,TRANSIT,852.7,2420.0,1225.7,110.0,21.75,95.97,1,1.000,1,1.000,1,POI-002,0
53.56,53.56,UAV-1,RELAY,ACTIVE,RELAY_TRANSIT,1312.1,2558.4,1204.4,83.8,21.73,94.25,1,1.000,1,1.000,1,,0
53.56,53.56,UAV-2,SCOUT,ACTIVE,TRANSIT,751.3,2470.1,1217.3,104.4,21.30,94.02,1,1.000,1,1.000,1,POI-005,0
53.56,53.56,UAV-3,SCOUT,ACTIVE,TRANSIT,1035.2,2420.0,1226.4,108.1,21.74,95.03,1,1.000,1,1.000,1,POI-003,0
53.56,53.56,UAV-4,SCOUT,ACTIVE,TRANSIT,946.9,2420.0,1226.3,106.0,21.74,95.45,1,1.000,1,1.000,1,POI-006,0
53.56,53.56,UAV-5,SCOUT,ACTIVE,TRANSIT,874.2,2419.9,1227.1,110.1,20.66,95.86,1,1.000,1,1.000,1,POI-002,0
54.56,54.56,UAV-1,RELAY,ACTIVE,RELAY_TRANSIT,1333.6,2561.4,1204.5,80.8,21.72,94.15,1,1.000,1,1.000,1,,0
54.56,54.56,UAV-2,SCOUT,ACTIVE,TRANSIT,771.4,2462.8,1219.0,106.1,21.49,93.91,1,1.000,1,1.000,1,POI-005,0
54.56,54.56,UAV-3,SCOUT,ACTIVE,TRANSIT,1056.9,2420.0,1226.4,109.1,21.74,94.92,1,1.000,1,1.000,1,POI-003,0
54.56,54.56,UAV-4,SCOUT,ACTIVE,TRANSIT,968.6,2420.0,1226.3,103.7,21.74,95.34,1,1.000,1,1.000,1,POI-006,0
54.56,54.56,UAV-5,SCOUT,ACTIVE,TRANSIT,893.2,2416.0,1228.5,110.6,19.29,95.74,1,1.000,1,1.000,1,POI-002,0
55.56,55.56,UAV-1,RELAY,ACTIVE,RELAY_TRANSIT,1355.1,2564.4,1204.6,79.8,21.71,94.05,1,1.000,1,1.000,1,,0
55.56,55.56,UAV-2,SCOUT,ACTIVE,TRANSIT,791.6,2455.5,1220.8,107.9,21.62,93.81,1,1.000,1,1.000,1,POI-005,0
55.56,55.56,UAV-3,SCOUT,ACTIVE,TRANSIT,1078.6,2420.0,1226.4,110.9,21.74,94.82,1,1.000,1,1.000,1,POI-003,0
55.56,55.56,UAV-4,SCOUT,ACTIVE,TRANSIT,990.4,2420.0,1226.4,104.3,21.73,95.24,1,1.000,1,1.000,1,POI-006,0
55.56,55.56,UAV-5,SCOUT,ACTIVE,TRANSIT,911.1,2407.7,1229.8,111.8,20.23,95.61,1,1.000,1,1.000,1,POI-002,0
56.56,56.56,UAV-1,RELAY,ACTIVE,RELAY_TRANSIT,1376.6,2567.4,1204.7,83.9,21.72,93.94,1,1.000,1,1.000,1,,0
56.56,56.56,UAV-2,SCOUT,ACTIVE,TRANSIT,811.9,2448.2,1222.4,108.4,21.70,93.70,1,1.000,1,1.000,1,POI-005,0
56.56,56.56,UAV-3,SCOUT,ACTIVE,TRANSIT,1100.4,2420.0,1226.3,109.9,21.73,94.72,1,1.000,1,1.000,1,POI-003,0
56.56,56.56,UAV-4,SCOUT,ACTIVE,TRANSIT,1012.1,2420.0,1226.4,106.7,21.73,95.14,1,1.000,1,1.000,1,POI-006,0
56.56,56.56,UAV-5,SCOUT,ACTIVE,TRANSIT,928.8,2397.2,1231.0,112.7,21.12,95.49,1,1.000,1,1.000,1,POI-002,0
57.56,57.56,UAV-1,RELAY,ACTIVE,RELAY_TRANSIT,1398.1,2570.4,1204.8,90.7,21.53,93.84,1,1.000,1,1.000,1,,0
57.56,57.56,UAV-2,SCOUT,ACTIVE,TRANSIT,832.4,2441.0,1224.1,108.8,21.77,93.59,1,1.000,1,1.000,1,POI-005,0
57.56,57.56,UAV-3,SCOUT,ACTIVE,TRANSIT,1122.1,2420.0,1226.3,110.1,21.73,94.62,1,1.000,1,1.000,1,POI-003,0
57.56,57.56,UAV-4,SCOUT,ACTIVE,TRANSIT,1033.8,2420.0,1226.4,108.0,21.73,95.03,1,1.000,1,1.000,1,POI-006,0
57.56,57.56,UAV-5,SCOUT,ACTIVE,TRANSIT,946.8,2385.7,1232.1,111.8,21.58,95.38,1,1.000,1,1.000,1,POI-002,0
58.56,58.56,UAV-1,RELAY,ACTIVE,RELAY_TRANSIT,1418.7,2573.0,1202.9,91.2,20.79,93.73,1,1.000,1,1.000,1,,0
58.56,58.56,UAV-2,SCOUT,ACTIVE,TRANSIT,852.9,2433.8,1225.6,109.2,21.83,93.49,1,1.000,1,1.000,1,POI-005,0
58.56,58.56,UAV-3,SCOUT,ACTIVE,TRANSIT,1143.8,2420.0,1226.2,110.0,21.74,94.51,1,1.000,1,1.000,1,POI-003,0
58.56,58.56,UAV-4,SCOUT,ACTIVE,TRANSIT,1055.6,2420.0,1226.4,109.0,21.74,94.93,1,1.000,1,1.000,1,POI-006,0
58.56,58.56,UAV-5,SCOUT,ACTIVE,TRANSIT,965.0,2373.7,1233.2,109.9,21.82,95.27,1,1.000,1,1.000,1,POI-002,0
59.56,59.56,UAV-1,RELAY,ACTIVE,RELAY_TRANSIT,1439.4,2575.5,1200.5,88.6,21.17,93.63,1,1.000,1,1.000,1,,0
59.56,59.56,UAV-2,SCOUT,ACTIVE,TRANSIT,873.3,2426.8,1226.8,109.3,20.65,93.37,1,1.000,1,1.000,1,POI-005,0
59.56,59.56,UAV-3,SCOUT,ACTIVE,TRANSIT,1165.6,2420.0,1226.2,110.1,21.72,94.41,1,1.000,1,1.000,1,POI-003,0
59.56,59.56,UAV-4,SCOUT,ACTIVE,TRANSIT,1077.3,2420.0,1226.4,110.9,21.72,94.83,1,1.000,1,1.000,1,POI-006,0
59.56,59.56,UAV-5,SCOUT,ACTIVE,TRANSIT,982.9,2361.9,1233.9,108.3,19.77,95.16,1,1.000,1,1.000,1,POI-002,0
60.56,60.56,UAV-1,RELAY,ACTIVE,RELAY_TRANSIT,1460.4,2578.1,1198.1,87.6,21.44,93.52,1,1.000,1,1.000,1,,0
60.56,60.56,UAV-2,SCOUT,ACTIVE,TRANSIT,893.1,2423.8,1226.8,108.7,20.33,93.25,1,1.000,1,1.000,1,POI-005,0
60.56,60.56,UAV-3,SCOUT,ACTIVE,TRANSIT,1187.3,2420.0,1226.1,110.4,21.75,94.31,1,1.000,1,1.000,1,POI-003,0
60.56,60.56,UAV-4,SCOUT,ACTIVE,TRANSIT,1099.0,2420.0,1226.3,109.9,21.75,94.73,1,1.000,1,1.000,1,POI-006,0
60.56,60.56,UAV-5,SCOUT,ACTIVE,TRANSIT,997.1,2353.2,1229.4,104.2,15.91,95.03,1,1.000,1,1.000,1,POI-002,0
61.56,61.56,UAV-1,RELAY,ACTIVE,RELAY_TRANSIT,1481.6,2580.7,1195.9,85.7,21.61,93.42,1,1.000,1,1.000,1,,0
61.56,61.56,UAV-2,SCOUT,ACTIVE,TRANSIT,914.1,2423.2,1226.7,108.2,21.45,93.14,1,1.000,1,1.000,1,POI-005,0
61.56,61.56,UAV-3,SCOUT,ACTIVE,TRANSIT,1209.1,2420.0,1226.0,108.9,21.76,94.20,1,1.000,1,1.000,1,POI-003,0
61.56,61.56,UAV-4,SCOUT,ACTIVE,TRANSIT,1120.8,2420.0,1226.3,110.1,21.76,94.62,1,1.000,1,1.000,1,POI-006,0
61.56,61.56,UAV-5,SCOUT,ACTIVE,TRANSIT,1007.9,2347.8,1219.6,95.0,15.73,94.90,1,1.000,1,1.000,1,POI-002,0
62.56,62.56,UAV-1,RELAY,ACTIVE,RELAY_TRANSIT,1503.1,2583.2,1193.8,84.9,21.74,93.32,1,1.000,1,1.000,1,,0
62.56,62.56,UAV-2,SCOUT,ACTIVE,TRANSIT,935.7,2422.9,1226.6,107.2,21.75,93.04,1,1.000,1,1.000,1,POI-005,0
62.56,62.56,UAV-3,SCOUT,ACTIVE,TRANSIT,1230.8,2420.0,1226.0,107.8,21.76,94.10,1,1.000,1,1.000,1,POI-003,0
62.56,62.56,UAV-4,SCOUT,ACTIVE,TRANSIT,1142.5,2420.0,1226.2,110.0,21.76,94.52,1,1.000,1,1.000,1,POI-006,0
62.56,62.56,UAV-5,SCOUT,ACTIVE,TRANSIT,1015.9,2344.8,1206.0,82.2,16.72,94.77,1,1.000,1,1.000,1,POI-002,0
63.56,63.56,UAV-1,RELAY,ACTIVE,RELAY_TRANSIT,1524.7,2585.8,1192.2,83.5,21.82,93.21,1,1.000,1,1.000,1,,0
63.56,63.56,UAV-2,SCOUT,ACTIVE,TRANSIT,957.5,2422.6,1226.6,105.1,21.75,92.93,1,1.000,1,1.000,1,POI-005,0
63.56,63.56,UAV-3,SCOUT,ACTIVE,TRANSIT,1252.6,2420.0,1225.9,109.3,21.76,94.00,1,1.000,1,1.000,1,POI-003,0
63.56,63.56,UAV-4,SCOUT,ACTIVE,TRANSIT,1164.3,2420.0,1226.2,110.1,21.76,94.42,1,1.000,1,1.000,1,POI-006,0
63.56,63.56,UAV-5,SCOUT,ACTIVE,SURVEY,1021.9,2343.6,1189.9,66.8,17.65,94.64,1,1.000,1,1.000,1,POI-002,0
64.58,64.58,UAV-1,RELAY,ACTIVE,RELAY_TRANSIT,1546.6,2588.7,1193.1,84.6,21.74,93.10,1,1.000,1,0.958,1,,0
64.58,64.58,UAV-2,SCOUT,ACTIVE,TRANSIT,979.7,2422.3,1226.5,103.7,21.76,92.83,1,1.000,1,1.000,1,POI-005,0
64.58,64.58,UAV-3,SCOUT,ACTIVE,TRANSIT,1274.8,2420.0,1225.9,110.7,21.77,93.89,1,1.000,1,1.000,1,POI-003,0
64.58,64.58,UAV-4,SCOUT,ACTIVE,TRANSIT,1186.5,2420.0,1226.1,110.4,21.77,94.31,1,1.000,1,1.000,1,POI-006,0
64.58,64.58,UAV-5,SCOUT,ACTIVE,SURVEY,1025.1,2344.9,1174.1,51.3,13.21,94.51,1,1.000,1,1.000,1,POI-002,0
65.60,65.60,UAV-1,RELAY,ACTIVE,RELAY_TRANSIT,1568.6,2591.7,1194.2,87.8,21.75,92.99,1,1.000,1,1.000,1,,0
65.60,65.60,UAV-2,SCOUT,ACTIVE,TRANSIT,1001.9,2421.9,1226.4,105.8,21.75,92.72,1,1.000,1,1.000,1,POI-005,0
65.60,65.60,UAV-3,SCOUT,ACTIVE,TRANSIT,1296.9,2420.1,1226.0,111.2,21.05,93.78,1,1.000,1,1.000,1,POI-003,0
65.60,65.60,UAV-4,SCOUT,ACTIVE,TRANSIT,1208.7,2420.0,1226.0,108.9,21.76,94.21,1,1.000,1,1.000,1,POI-006,0
65.60,65.60,UAV-5,SCOUT,ACTIVE,TRANSIT,1021.6,2348.2,1164.6,41.2,7.93,94.37,1,1.000,1,1.000,1,POI-008,6
66.62,66.62,UAV-1,RELAY,ACTIVE,RELAY_TRANSIT,1590.5,2594.7,1195.2,90.8,21.75,92.89,1,1.000,1,1.000,1,,0
66.62,66.62,UAV-2,SCOUT,ACTIVE,TRANSIT,1024.1,2421.6,1226.4,107.4,21.75,92.62,1,1.000,1,1.000,1,POI-005,0
66.62,66.62,UAV-3,SCOUT,ACTIVE,TRANSIT,1313.9,2422.9,1226.8,111.5,13.72,93.64,1,1.000,1,1.000,1,POI-003,0
66.62,66.62,UAV-4,SCOUT,ACTIVE,TRANSIT,1230.9,2420.0,1226.0,107.8,21.75,94.10,1,1.000,1,1.000,1,POI-006,0
66.62,66.62,UAV-5,SCOUT,ACTIVE,TRANSIT,1020.4,2348.7,1165.2,41.7,6.47,94.22,1,1.000,1,1.000,1,POI-008,0
67.64,67.64,UAV-1,RELAY,ACTIVE,RELAY_TRANSIT,1612.5,2597.7,1196.3,91.8,21.75,92.78,1,1.000,1,1.000,1,,0
67.64,67.64,UAV-2,SCOUT,ACTIVE,TRANSIT,1046.2,2421.2,1226.3,108.5,21.75,92.51,1,1.000,1,1.000,1,POI-005,0
67.64,67.64,UAV-3,SCOUT,ACTIVE,TRANSIT,1323.7,2429.8,1227.6,111.5,11.00,93.50,1,1.000,1,1.000,1,POI-003,0
67.64,67.64,UAV-4,SCOUT,ACTIVE,TRANSIT,1253.1,2420.0,1225.9,109.3,21.75,94.00,1,1.000,1,1.000,1,POI-006,0
67.64,67.64,UAV-5,SCOUT,ACTIVE,TRANSIT,1022.4,2348.6,1176.9,53.6,15.87,94.07,1,1.000,1,1.000,1,POI-008,0
68.66,68.66,UAV-1,RELAY,ACTIVE,RELAY_TRANSIT,1634.4,2600.6,1197.2,90.5,21.75,92.67,1,1.000,1,1.000,1,,0
68.66,68.66,UAV-2,SCOUT,ACTIVE,TRANSIT,1068.4,2420.8,1226.2,110.2,21.75,92.41,1,1.000,1,1.000,1,POI-005,0
68.66,68.66,UAV-3,SCOUT,ACTIVE,TRANSIT,1328.3,2440.6,1228.2,111.5,12.70,93.37,1,1.000,1,1.000,1,POI-003,0
68.66,68.66,UAV-4,SCOUT,ACTIVE,TRANSIT,1275.3,2420.0,1225.9,110.7,21.75,93.89,1,1.000,1,1.000,1,POI-006,0
68.66,68.66,UAV-5,SCOUT,ACTIVE,TRANSIT,1023.7,2348.3,1195.8,72.7,20.22,93.92,1,1.000,1,1.000,1,POI-008,0
69.68,69.68,UAV-1,RELAY,ACTIVE,RELAY_TRANSIT,1656.3,2603.5,1199.6,88.1,21.70,92.55,1,1.000,1,1.000,1,,0
69.68,69.68,UAV-2,SCOUT,ACTIVE,TRANSIT,1090.6,2420.4,1226.2,109.9,21.76,92.30,1,1.000,1,1.000,1,POI-005,0
69.68,69.68,UAV-3,SCOUT,ACTIVE,TRANSIT,1330.6,2454.7,1228.7,110.8,15.23,93.24,1,1.000,1,1.000,1,POI-003,0
69.68,69.68,UAV-4,SCOUT,ACTIVE,TRANSIT,1297.5,2420.0,1225.9,111.1,21.78,93.79,1,1.000,1,1.000,1,POI-006,0
69.68,69.68,UAV-5,SCOUT,ACTIVE,TRANSIT,1024.6,2348.1,1214.5,91.5,13.25,93.78,1,1.000,1,1.000,1,POI-008,0
70.70,70.70,UAV-1,RELAY,ACTIVE,RELAY_TRANSIT,1677.8,2606.1,1204.3,89.1,21.77,92.44,1,1.000,1,1.000,1,,0
70.70,70.70,UAV-2,SCOUT,ACTIVE,TRANSIT,1112.8,2420.4,1226.2,110.1,21.75,92.20,1,1.000,1,1.000,1,POI-005,0
70.70,70.70,UAV-3,SCOUT,ACTIVE,TRANSIT,1332.0,2471.0,1229.2,109.9,16.67,93.12,1,1.000,1,1.000,1,POI-003,0
70.70,70.70,UAV-4,SCOUT,ACTIVE,TRANSIT,1319.6,2420.0,1226.3,110.6,21.75,93.68,1,1.000,1,1.000,1,POI-006,0
70.70,70.70,UAV-5,SCOUT,ACTIVE,TRANSIT,1027.1,2349.0,1222.8,100.0,5.28,93.65,1,1.000,1,1.000,1,POI-008,0
71.72,71.72,UAV-1,RELAY,ACTIVE,RELAY_TRANSIT,1699.4,2608.7,1209.0,92.1,21.76,92.33,1,1.000,1,1.000,1,,0
71.72,71.72,UAV-2,SCOUT,ACTIVE,TRANSIT,1135.0,2420.3,1226.3,110.1,21.73,92.09,1,1.000,1,1.000,1,POI-005,0
71.72,71.72,UAV-3,SCOUT,ACTIVE,TRANSIT,1333.1,2488.4,1229.7,109.6,17.35,93.00,1,1.000,1,1.000,1,POI-003,0
71.72,71.72,UAV-4,SCOUT,ACTIVE,TRANSIT,1341.8,2420.0,1226.8,109.7,21.73,93.58,1,1.000,1,1.000,1,POI-006,0
71.72,71.72,UAV-5,SCOUT,ACTIVE,TRANSIT,1031.9,2351.8,1224.4,101.8,8.10,93.51,1,1.000,1,1.000,1,POI-008,0
72.74,72.74,UAV-1,RELAY,ACTIVE,RELAY_TRANSIT,1720.9,2611.3,1213.5,97.2,21.77,92.22,1,1.000,1,1.000,1,,0
72.74,72.74,UAV-2,SCOUT,ACTIVE,TRANSIT,1157.2,2420.3,1226.3,110.1,21.74,91.99,1,1.000,1,1.000,1,POI-005,0
72.74,72.74,UAV-3,SCOUT,ACTIVE,TRANSIT,1333.9,2506.3,1230.0,110.6,17.66,92.87,1,1.000,1,1.000,1,POI-003,0
72.74,72.74,UAV-4,SCOUT,ACTIVE,TRANSIT,1364.0,2420.0,1227.2,108.8,21.74,93.47,1,1.000,1,1.000,1,POI-006,0
72.74,72.74,UAV-5,SCOUT,ACTIVE,TRANSIT,1041.5,2357.6,1224.9,103.1,13.75,93.39,1,1.000,1,1.000,1,POI-008,0
73.76,73.76,UAV-1,RELAY,ACTIVE,RELAY_TRANSIT,1742.6,2614.0,1217.8,100.1,21.77,92.11,1,1.000,1,1.000,1,,0
73.76,73.76,UAV-2,SCOUT,ACTIVE,TRANSIT,1179.3,2420.2,1226.3,110.6,21.75,91.88,1,1.000,1,1.000,1,POI-005,0
73.76,73.76,UAV-3,SCOUT,ACTIVE,TRANSIT,1334.6,2522.8,1228.7,109.3,14.09,92.76,1,1.000,1,1.000,1,POI-003,0
73.76,73.76,UAV-4,SCOUT,ACTIVE,TRANSIT,1386.2,2420.0,1227.7,108.9,21.75,93.37,1,1.000,1,1.000,1,POI-006,0
73.76,73.76,UAV-5,SCOUT,ACTIVE,TRANSIT,1056.4,2364.1,1225.3,107.3,17.71,93.26,1,1.000,1,1.000,1,POI-008,0
74.78,74.78,UAV-1,RELAY,ACTIVE,RELAY_TRANSIT,1764.3,2616.6,1221.8,100.0,21.85,92.00,1,1.000,1,1.000,1,,0
74.78,74.78,UAV-2,SCOUT,ACTIVE,TRANSIT,1201.5,2420.2,1226.4,109.8,21.74,91.78,1,1.000,1,1.000,1,POI-005,0
74.78,74.78,UAV-3,SCOUT,ACTIVE,TRANSIT,1335.6,2533.9,1221.5,101.5,13.04,92.64,1,1.000,1,1.000,1,POI-003,0
74.78,74.78,UAV-4,SCOUT,ACTIVE,TRANSIT,1408.3,2420.0,1228.1,111.5,21.74,93.26,1,1.000,1,1.000,1,POI-006,0
74.78,74.78,UAV-5,SCOUT,ACTIVE,TRANSIT,1074.8,2370.4,1225.6,112.7,20.11,93.14,1,1.000,1,1.000,1,POI-008,0
75.80,75.80,UAV-1,RELAY,ACTIVE,RELAY_TRANSIT,1784.7,2619.2,1229.5,103.4,21.66,91.86,1,1.000,1,1.000,1,,0
75.80,75.80,UAV-2,SCOUT,ACTIVE,TRANSIT,1223.7,2420.2,1226.4,108.4,21.75,91.67,1,1.000,1,1.000,1,POI-005,0
75.80,75.80,UAV-3,SCOUT,ACTIVE,TRANSIT,1336.6,2540.9,1209.5,88.8,14.63,92.51,1,1.000,1,1.000,1,POI-003,0
75.80,75.80,UAV-4,SCOUT,ACTIVE,TRANSIT,1430.5,2420.0,1228.5,111.7,21.75,93.15,1,1.000,1,1.000,1,POI-006,0
75.80,75.80,UAV-5,SCOUT,ACTIVE,TRANSIT,1095.1,2376.7,1225.9,114.4,21.40,93.03,1,1.000,1,1.000,1,POI-008,0
76.82,76.82,UAV-1,RELAY,ACTIVE,RELAY_TRANSIT,1804.6,2621.7,1239.1,107.5,21.81,91.74,1,1.000,1,1.000,1,,0
76.82,76.82,UAV-2,SCOUT,ACTIVE,TRANSIT,1245.9,2420.2,1226.4,109.0,21.77,91.57,1,1.000,1,1.000,1,POI-005,0
76.82,76.82,UAV-3,SCOUT,ACTIVE,TRANSIT,1337.4,2544.9,1194.2,72.9,16.32,92.38,1,1.000,1,1.000,1,POI-003,0
76.82,76.82,UAV-4,SCOUT,ACTIVE,TRANSIT,1452.7,2420.0,1228.9,110.2,21.77,93.05,1,1.000,1,1.000,1,POI-006,0
76.82,76.82,UAV-5,SCOUT,ACTIVE,TRANSIT,1116.2,2383.1,1226.2,112.1,21.71,92.93,1,1.000,1,1.000,1,POI-008,0
77.84,77.84,UAV-1,RELAY,ACTIVE,RELAY_TRANSIT,1824.6,2624.3,1248.5,111.8,21.86,91.62,1,1.000,1,1.000,1,,0
77.84,77.84,UAV-2,SCOUT,ACTIVE,TRANSIT,1268.1,2420.1,1226.5,111.0,21.76,91.46,1,1.000,1,1.000,1,POI-005,0
77.84,77.84,UAV-3,SCOUT,ACTIVE,SURVEY,1338.2,2546.6,1177.1,55.4,17.44,92.25,1,1.000,1,1.000,1,POI-003,0
77.84,77.84,UAV-4,SCOUT,ACTIVE,TRANSIT,1474.9,2420.0,1229.3,107.9,21.76,92.94,1,1.000,1,1.000,1,POI-006,0
77.84,77.84,UAV-5,SCOUT,ACTIVE,TRANSIT,1137.4,2389.4,1226.5,111.2,21.78,92.82,1,1.000,1,1.000,1,POI-008,0
78.86,78.86,UAV-1,RELAY,ACTIVE,RELAY_TRANSIT,1844.8,2626.9,1257.7,116.7,21.89,91.51,1,1.000,1,1.000,1,,0
78.86,78.86,UAV-2,SCOUT,ACTIVE,TRANSIT,1290.3,2420.1,1226.5,111.7,21.75,91.36,1,1.000,1,1.000,1,POI-005,0
78.86,78.86,UAV-3,SCOUT,ACTIVE,SURVEY,1338.7,2546.5,1159.5,37.8,14.68,92.11,1,1.000,1,1.000,1,POI-003,0
78.86,78.86,UAV-4,SCOUT,ACTIVE,TRANSIT,1497.1,2420.0,1229.7,106.7,21.74,92.84,1,1.000,1,1.000,1,POI-006,0
78.86,78.86,UAV-5,SCOUT,ACTIVE,TRANSIT,1158.8,2395.7,1226.8,110.6,21.82,92.72,1,1.000,1,1.000,1,POI-008,0
79.88,79.88,UAV-1,RELAY,ACTIVE,RELAY_TRANSIT,1865.1,2629.5,1266.6,120.6,21.88,91.39,1,1.000,1,1.000,1,,0
79.88,79.88,UAV-2,SCOUT,ACTIVE,TRANSIT,1312.5,2420.0,1226.6,111.3,21.75,91.25,1,1.000,1,1.000,1,POI-005,0
79.88,79.88,UAV-3,SCOUT,ACTIVE,TRANSIT,1336.9,2544.4,1151.8,30.6,1.51,91.96,1,1.000,1,1.000,1,POI-004,0
79.88,79.88,UAV-4,SCOUT,ACTIVE,TRANSIT,1519.1,2420.0,1229.8,108.0,21.18,92.73,1,1.000,1,1.000,1,POI-006,0
79.88,79.88,UAV-5,SCOUT,ACTIVE,TRANSIT,1180.1,2401.9,1227.0,110.8,21.82,92.61,1,1.000,1,1.000,1,POI-008,0
80.90,80.90,UAV-1,RELAY,ACTIVE,RELAY_TRANSIT,1885.6,2632.1,1275.0,122.6,21.87,91.28,1,1.000,1,1.000,1,,0
80.90,80.90,UAV-2,SCOUT,ACTIVE,TRANSIT,1334.7,2420.0,1226.8,110.1,21.77,91.15,1,1.000,1,1.000,1,POI-005,0
80.90,80.90,UAV-3,SCOUT,ACTIVE,TRANSIT,1336.3,2544.9,1156.9,35.7,10.51,91.81,1,1.000,1,1.000,1,POI-004,0
80.90,80.90,UAV-4,SCOUT,ACTIVE,TRANSIT,1540.9,2420.0,1228.6,108.4,21.60,92.63,1,1.000,1,1.000,1,POI-006,0
80.90,80.90,UAV-5,SCOUT,ACTIVE,TRANSIT,1201.5,2408.2,1227.3,110.1,21.83,92.50,1,1.000,1,1.000,1,POI-008,0
81.92,81.92,UAV-1,RELAY,ACTIVE,RELAY_TRANSIT,1906.3,2634.5,1283.1,125.3,21.88,91.16,1,1.000,1,1.000,1,,0
81.92,81.92,UAV-2,SCOUT,ACTIVE,TRANSIT,1356.9,2420.0,1227.0,109.0,21.75,91.04,1,1.000,1,1.000,1,POI-005,0
81.92,81.92,UAV-3,SCOUT,ACTIVE,TRANSIT,1336.5,2545.4,1172.0,50.7,18.18,91.65,1,1.000,1,1.000,1,POI-004,0
81.92,81.92,UAV-4,SCOUT,ACTIVE,TRANSIT,1563.0,2420.0,1227.4,109.9,21.75,92.53,1,1.000,1,1.000,1,POI-006,0
81.92,81.92,UAV-5,SCOUT,ACTIVE,TRANSIT,1222.9,2414.1,1227.5,109.6,21.22,92.39,1,1.000,1,1.000,1,POI-008,0
82.94,82.94,UAV-1,RELAY,ACTIVE,RELAY_TRANSIT,1927.0,2636.8,1291.0,127.7,21.88,91.05,1,1.000,1,1.000,1,,0
82.94,82.94,UAV-2,SCOUT,ACTIVE,TRANSIT,1379.0,2420.0,1227.3,108.3,21.76,90.94,1,1.000,1,1.000,1,POI-005,0
82.94,82.94,UAV-3,SCOUT,ACTIVE,TRANSIT,1336.9,2545.8,1192.1,70.7,20.41,91.51,1,1.000,1,1.000,1,POI-004,0
82.94,82.94,UAV-4,SCOUT,ACTIVE,TRANSIT,1585.2,2420.0,1226.1,111.1,21.76,92.42,1,1.000,1,1.000,1,POI-006,0
82.94,82.94,UAV-5,SCOUT,ACTIVE,TRANSIT,1244.0,2416.3,1227.8,110.2,21.20,92.27,1,1.000,1,1.000,1,POI-008,0
83.96,83.96,UAV-1,RELAY,ACTIVE,RELAY_TRANSIT,1947.8,2639.1,1298.7,130.0,21.86,90.93,1,1.000,1,1.000,1,,0
83.96,83.96,UAV-2,SCOUT,ACTIVE,TRANSIT,1401.2,2420.0,1227.5,110.4,21.73,90.83,1,1.000,1,1.000,1,POI-005,0
83.96,83.96,UAV-3,SCOUT,ACTIVE,TRANSIT,1337.8,2545.9,1211.5,90.1,14.50,91.37,1,1.000,1,1.000,1,POI-004,0
83.96,83.96,UAV-4,SCOUT,ACTIVE,TRANSIT,1607.3,2420.0,1224.9,112.1,21.74,92.32,1,1.000,1,1.000,1,POI-006,0
83.96,83.96,UAV-5,SCOUT,ACTIVE,TRANSIT,1266.0,2416.7,1228.1,112.8,21.72,92.16,1,1.000,1,1.000,1,POI-008,0
84.98,84.98,UAV-1,RELAY,ACTIVE,RELAY_TRANSIT,1968.6,2641.4,1306.2,124.0,21.84,90.82,1,1.000,1,1.000,1,,0
84.98,84.98,UAV-2,SCOUT,ACTIVE,TRANSIT,1423.4,2420.0,1227.7,110.8,21.73,90.73,1,1.000,1,1.000,1,POI-005,0
84.98,84.98,UAV-3,SCOUT,ACTIVE,TRANSIT,1340.3,2545.1,1220.9,99.4,5.97,91.24,1,1.000,1,1.000,1,POI-004,0
84.98,84.98,UAV-4,SCOUT,ACTIVE,TRANSIT,1629.5,2420.0,1223.8,111.2,21.74,92.22,1,1.000,1,1.000,1,POI-006,0
84.98,84.98,UAV-5,SCOUT,ACTIVE,TRANSIT,1288.2,2417.0,1228.3,113.3,21.74,92.06,1,1.000,1,1.000,1,POI-008,0
86.00,86.00,UAV-1,RELAY,ACTIVE,RELAY_TRANSIT,1989.6,2643.7,1313.4,111.3,21.83,90.70,1,1.000,1,1.000,1,,0
86.00,86.00,UAV-2,SCOUT,ACTIVE,TRANSIT,1445.6,2420.0,1227.9,110.1,21.75,90.62,1,1.000,1,1.000,1,POI-005,0
86.00,86.00,UAV-3,SCOUT,ACTIVE,TRANSIT,1344.9,2542.5,1223.1,101.7,7.74,91.11,1,1.000,1,1.000,1,POI-004,0
86.00,86.00,UAV-4,SCOUT,ACTIVE,TRANSIT,1651.6,2420.0,1222.6,111.1,21.75,92.11,1,1.000,1,1.000,1,POI-006,0
86.00,86.00,UAV-5,SCOUT,ACTIVE,TRANSIT,1310.4,2417.3,1228.6,113.4,21.75,91.95,1,1.000,1,1.000,1,POI-008,0
87.02,87.02,UAV-1,RELAY,ACTIVE,RELAY_TRANSIT,2010.7,2646.0,1320.1,102.7,21.66,90.59,1,1.000,1,1.000,1,,0
87.02,87.02,UAV-2,SCOUT,ACTIVE,TRANSIT,1467.8,2420.0,1228.1,107.5,21.75,90.52,1,1.000,1,1.000,1,POI-005,0
87.02,87.02,UAV-3,SCOUT,ACTIVE,TRANSIT,1353.7,2536.0,1223.7,104.0,13.42,90.97,1,1.000,1,1.000,1,POI-004,0
87.02,87.02,UAV-4,SCOUT,ACTIVE,TRANSIT,1673.8,2420.0,1221.5,112.0,21.76,92.01,1,1.000,1,1.000,1,POI-006,0
87.02,87.02,UAV-5,SCOUT,ACTIVE,TRANSIT,1332.6,2417.7,1228.8,112.2,21.76,91.85,1,1.000,1,1.000,1,POI-008,0
88.04,88.04,UAV-1,RELAY,ACTIVE,RELAY_TRANSIT,2030.7,2648.4,1322.9,97.4,20.03,90.47,1,1.000,1,1.000,1,,0
88.04,88.04,UAV-2,SCOUT,ACTIVE,TRANSIT,1489.9,2420.0,1228.3,105.4,21.75,90.41,1,1.000,1,1.000,1,POI-005,0
88.04,88.04,UAV-3,SCOUT,ACTIVE,TRANSIT,1366.6,2526.7,1224.3,106.2,17.42,90.84,1,1.000,1,1.000,1,POI-004,0
88.04,88.04,UAV-4,SCOUT,ACTIVE,TRANSIT,1695.9,2420.0,1220.5,111.5,21.75,91.91,1,1.000,1,1.000,1,POI-006,0
88.04,88.04,UAV-5,SCOUT,ACTIVE,TRANSIT,1354.7,2418.1,1229.0,111.1,21.75,91.74,1,1.000,1,1.000,1,POI-008,0
89.06,89.06,UAV-1,RELAY,ACTIVE,RELAY_TRANSIT,2051.7,2651.2,1324.2,93.7,21.41,90.36,1,1.000,1,1.000,1,,0
89.06,89.06,UAV-2,SCOUT,ACTIVE,TRANSIT,1512.1,2420.0,1228.5,106.1,21.74,90.31,1,1.000,1,1.000,1,POI-005,0
89.06,89.06,UAV-3,SCOUT,ACTIVE,TRANSIT,1382.8,2516.7,1224.7,107.4,19.73,90.71,1,1.000,1,1.000,1,POI-004,0
89.06,89.06,UAV-4,SCOUT,ACTIVE,TRANSIT,1718.1,2420.0,1219.5,110.4,21.75,91.80,1,1.000,1,1.000,1,POI-006,0
89.06,89.06,UAV-5,SCOUT,ACTIVE,TRANSIT,1376.9,2418.4,1229.3,110.2,21.75,91.64,1,1.000,1,1.000,1,POI-008,0
90.08,90.08,UAV-1,RELAY,ACTIVE,RELAY_TRANSIT,2073.6,2654.3,1325.3,85.2,21.77,90.25,1,1.000,1,1.000,1,,0
90.08,90.08,UAV-2,SCOUT,ACTIVE,TRANSIT,1534.1,2420.0,1228.3,107.5,21.35,90.20,1,1.000,1,1.000,1,POI-005,0
90.08,90.08,UAV-3,SCOUT,ACTIVE,TRANSIT,1400.9,2506.3,1225.2,107.8,20.96,90.60,1,1.000,1,1.000,1,POI-004,0
90.08,90.08,UAV-4,SCOUT,ACTIVE,TRANSIT,1740.3,2420.0,1218.9,110.7,21.81,91.69,1,1.000,1,1.000,1,POI-006,0
90.08,90.08,UAV-5,SCOUT,ACTIVE,TRANSIT,1399.1,2418.9,1229.5,112.1,21.77,91.53,1,1.000,1,1.000,1,POI-008,0
91.10,91.10,UAV-1,RELAY,ACTIVE,RELAY_TRANSIT,2095.5,2657.3,1326.5,78.0,21.76,90.15,1,1.000,1,1.000,1,,0
91.10,91.10,UAV-2,SCOUT,ACTIVE,TRANSIT,1556.1,2420.0,1227.3,109.0,21.75,90.10,1,1.000,1,1.000,1,POI-005,0
91.10,91.10,UAV-3,SCOUT,ACTIVE,TRANSIT,1419.8,2495.5,1225.6,106.8,21.59,90.49,1,1.000,1,1.000,1,POI-004,0
91.10,91.10,UAV-4,SCOUT,ACTIVE,TRANSIT,1762.5,2420.0,1219.8,111.9,21.78,91.58,1,1.000,1,1.000,1,POI-006,0
91.10,91.10,UAV-5,SCOUT,ACTIVE,TRANSIT,1421.3,2419.2,1229.7,112.9,21.78,91.43,1,1.000,1,1.000,1,POI-008,0
92.12,92.12,UAV-1,RELAY,ACTIVE,RELAY_TRANSIT,2117.5,2660.2,1327.6,79.0,21.76,90.04,1,1.000,1,1.000,1,,0
92.12,92.12,UAV-2,SCOUT,ACTIVE,TRANSIT,1578.3,2420.0,1226.2,110.4,21.78,90.00,1,1.000,1,1.000,1,POI-005,0
92.12,92.12,UAV-3,SCOUT,ACTIVE,TRANSIT,1439.1,2484.8,1225.9,106.5,21.59,90.39,1,1.000,1,1.000,1,POI-004,0
92.12,92.12,UAV-4,SCOUT,ACTIVE,TRANSIT,1784.7,2420.0,1220.7,111.4,21.78,91.48,1,1.000,1,1.000,1,POI-006,0
92.12,92.12,UAV-5,SCOUT,ACTIVE,TRANSIT,1443.4,2419.6,1229.7,112.1,21.51,91.32,1,1.000,1,1.000,1,POI-008,0
93.14,93.14,UAV-1,RELAY,ACTIVE,RELAY_TRANSIT,2139.2,2663.0,1328.0,79.6,20.22,89.94,1,1.000,1,1.000,1,,0
93.14,93.14,UAV-2,SCOUT,ACTIVE,TRANSIT,1600.5,2420.0,1225.1,111.9,21.77,89.89,1,1.000,1,1.000,1,POI-005,0
93.14,93.14,UAV-3,SCOUT,ACTIVE,TRANSIT,1458.4,2474.3,1225.7,106.7,21.51,90.28,1,1.000,1,1.000,1,POI-004,0
93.14,93.14,UAV-4,SCOUT,ACTIVE,TRANSIT,1806.9,2420.0,1221.6,108.4,21.77,91.37,1,1.000,1,1.000,1,POI-006,0
93.14,93.14,UAV-5,SCOUT,ACTIVE,TRANSIT,1465.6,2419.4,1229.3,108.9,21.77,91.22,1,1.000,1,1.000,1,POI-008,0
94.16,94.16,UAV-1,RELAY,ACTIVE,RELAY_TRANSIT,2158.6,2665.5,1323.9,86.6,19.73,89.82,1,1.000,1,1.000,1,,0
94.16,94.16,UAV-2,SCOUT,ACTIVE,TRANSIT,1622.7,2420.0,1224.0,111.4,21.76,89.79,1,1.000,1,1.000,1,POI-005,0
94.16,94.16,UAV-3,SCOUT,ACTIVE,TRANSIT,1477.7,2463.8,1225.0,106.0,21.54,90.17,1,1.000,1,1.000,1,POI-004,0
94.16,94.16,UAV-4,SCOUT,ACTIVE,TRANSIT,1829.1,2420.0,1222.5,106.2,21.76,91.27,1,1.000,1,1.000,1,POI-006,0
94.16,94.16,UAV-5,SCOUT,ACTIVE,TRANSIT,1487.8,2419.1,1229.3,106.5,21.75,91.11,1,1.000,1,1.000,1,POI-008,0
95.18,95.18,UAV-1,RELAY,ACTIVE,RELAY_TRANSIT,2178.3,2668.2,1318.9,90.8,20.46,89.71,1,1.000,1,1.000,1,,0
95.18,95.18,UAV-2,SCOUT,ACTIVE,TRANSIT,1644.8,2420.0,1223.0,111.0,21.77,89.69,1,1.000,1,1.000,1,POI-005,0
95.18,95.18,UAV-3,SCOUT,ACTIVE,TRANSIT,1497.0,2453.1,1224.4,104.6,21.75,90.06,1,1.000,1,1.000,1,POI-004,0
95.18,95.18,UAV-4,SCOUT,ACTIVE,TRANSIT,1851.3,2420.0,1223.4,105.5,21.76,91.16,1,1.000,1,1.000,1,POI-006,0
95.18,95.18,UAV-5,SCOUT,ACTIVE,TRANSIT,1510.0,2419.0,1229.4,106.9,21.76,91.01,1,1.000,1,1.000,1,POI-008,0
96.20,96.20,UAV-1,RELAY,ACTIVE,RELAY_TRANSIT,2198.6,2670.9,1314.1,90.9,20.85,89.60,1,1.000,1,1.000,1,,0
96.20,96.20,UAV-2,SCOUT,ACTIVE,TRANSIT,1667.0,2420.0,1222.0,112.0,21.76,89.58,1,1.000,1,1.000,1,POI-005,0
96.20,96.20,UAV-3,SCOUT,ACTIVE,TRANSIT,1516.5,2442.3,1224.1,103.1,21.96,89.95,1,1.000,1,1.000,1,POI-004,0
96.20,96.20,UAV-4,SCOUT,ACTIVE,TRANSIT,1873.4,2420.0,1224.3,104.9,21.76,91.05,1,1.000,1,1.000,1,POI-006,0
96.20,96.20,UAV-5,SCOUT,ACTIVE,TRANSIT,1532.1,2418.9,1229.6,108.5,21.76,90.90,1,1.000,1,1.000,1,POI-008,0
97.22,97.22,UAV-1,RELAY,ACTIVE,RELAY_TRANSIT,2219.3,2673.7,1309.4,90.0,21.08,89.49,1,1.000,1,1.000,1,,0
97.22,97.22,UAV-2,SCOUT,ACTIVE,TRANSIT,1689.2,2420.0,1221.1,112.0,21.77,89.48,1,1.000,1,1.000,1,POI-005,0
97.22,97.22,UAV-3,SCOUT,ACTIVE,TRANSIT,1536.1,2431.5,1224.1,104.0,21.34,89.84,1,1.000,1,1.000,1,POI-004,0
97.22,97.22,UAV-4,SCOUT,ACTIVE,TRANSIT,1895.6,2420.0,1225.1,104.2,21.76,90.95,1,1.000,1,1.000,1,POI-006,0
97.22,97.22,UAV-5,SCOUT,ACTIVE,TRANSIT,1554.3,2418.8,1229.7,111.0,21.74,90.80,1,1.000,1,1.000,1,POI-008,0
98.24,98.24,UAV-1,RELAY,ACTIVE,RELAY_TRANSIT,2240.3,2676.5,1305.0,95.7,21.21,89.38,1,1.000,1,1.000,1,,0
98.24,98.24,UAV-2,SCOUT,ACTIVE,TRANSIT,1711.4,2420.0,1220.2,110.9,21.76,89.37,1,1.000,1,1.000,1,POI-005,0
98.24,98.24,UAV-3,SCOUT,ACTIVE,TRANSIT,1553.5,2420.6,1222.1,103.5,20.14,89.72,1,1.000,1,1.000,1,POI-004,0
98.24,98.24,UAV-4,SCOUT,ACTIVE,TRANSIT,1917.8,2420.0,1225.9,104.8,21.75,90.84,1,1.000,1,1.000,1,POI-006,0
98.24,98.24,UAV-5,SCOUT,ACTIVE,TRANSIT,1576.5,2418.7,1229.2,113.1,21.67,90.70,1,1.000,1,1.000,1,POI-008,0
99.26,99.26,UAV-1,RELAY,ACTIVE,RELAY_TRANSIT,2261.4,2679.2,1300.9,104.2,21.39,89.27,1,1.000,1,1.000,1,,0
99.26,99.26,UAV-2,SCOUT,ACTIVE,TRANSIT,1733.6,2420.0,1219.3,110.9,21.76,89.27,1,1.000,1,1.000,1,POI-005,0
99.26,99.26,UAV-3,SCOUT,ACTIVE,TRANSIT,1570.3,2407.8,1220.9,103.1,21.19,89.59,1,1.000,1,1.000,1,POI-004,0
99.26,99.26,UAV-4,SCOUT,ACTIVE,TRANSIT,1940.0,2420.0,1226.6,106.0,21.75,90.74,1,1.000,1,1.000,1,POI-006,0
99.26,99.26,UAV-5,SCOUT,ACTIVE,TRANSIT,1598.3,2418.9,1227.4,114.0,21.31,90.60,1,1.000,1,1.000,1,POI-008,0
100.28,100.28,UAV-1,RELAY,ACTIVE,RELAY_TRANSIT,2282.8,2681.9,1297.1,112.3,21.12,89.17,1,1.000,1,1.000,1,,0
100.28,100.28,UAV-2,SCOUT,ACTIVE,TRANSIT,1755.8,2420.0,1219.1,111.0,21.76,89.16,1,1.000,1,1.000,1,POI-010,0
100.28,100.28,UAV-3,SCOUT,ACTIVE,TRANSIT,1587.4,2394.4,1220.4,103.4,21.36,89.48,1,1.000,1,1.000,1,POI-004,0
100.28,100.28,UAV-4,SCOUT,ACTIVE,TRANSIT,1962.1,2420.0,1227.5,107.5,21.76,90.63,1,1.000,1,1.000,1,POI-006,0
100.28,100.28,UAV-5,SCOUT,ACTIVE,TRANSIT,1620.1,2419.2,1225.0,112.2,21.65,90.49,1,1.000,1,1.000,1,POI-008,0
101.30,101.30,UAV-1,RELAY,ACTIVE,RELAY_TRANSIT,2302.3,2684.4,1290.4,115.4,20.16,89.07,1,1.000,1,1.000,1,,0
101.30,101.30,UAV-2,SCOUT,ACTIVE,TRANSIT,1777.9,2420.0,1220.2,111.8,21.75,89.05,1,1.000,1,1.000,1,POI-010,0
101.30,101.30,UAV-3,SCOUT,ACTIVE,TRANSIT,1604.5,2381.0,1220.0,100.5,21.36,89.36,1,1.000,1,1.000,1,POI-004,0
101.30,101.30,UAV-4,SCOUT,ACTIVE,TRANSIT,1984.3,2420.0,1228.7,111.3,21.76,90.52,1,1.000,1,1.000,1,POI-006,0
101.30,101.30,UAV-5,SCOUT,ACTIVE,TRANSIT,1642.1,2419.5,1222.7,110.4,21.76,90.39,1,1.000,1,1.000,1,POI-008,0
102.32,102.32,UAV-1,RELAY,ACTIVE,RELAY_TRANSIT,2321.3,2686.9,1282.8,117.3,20.37,88.95,1,1.000,1,1.000,1,,0
102.32,102.32,UAV-2,SCOUT,ACTIVE,TRANSIT,1800.1,2420.0,1221.4,109.4,21.75,88.95,1,1.000,1,1.000,1,POI-010,0
102.32,102.32,UAV-3,SCOUT,ACTIVE,TRANSIT,1621.6,2367.5,1219.7,100.5,21.35,89.25,1,1.000,1,1.000,1,POI-004,0
102.32,102.32,UAV-4,SCOUT,ACTIVE,TRANSIT,2006.4,2420.0,1230.0,111.9,21.75,90.42,1,1.000,1,1.000,1,POI-006,0
102.32,102.32,UAV-5,SCOUT,ACTIVE,TRANSIT,1664.3,2419.7,1221.2,110.9,21.76,90.28,1,1.000,1,1.000,1,POI-008,0
103.34,103.34,UAV-1,RELAY,ACTIVE,RELAY_TRANSIT,2340.7,2689.5,1275.5,116.3,20.52,88.84,1,1.000,1,1.000,1,,0
103.34,103.34,UAV-2,SCOUT,ACTIVE,TRANSIT,1822.2,2420.0,1222.6,107.0,21.74,88.84,1,1.000,1,1.000,1,POI-010,0
103.34,103.34,UAV-3,SCOUT,ACTIVE,TRANSIT,1638.7,2353.9,1219.3,105.6,21.33,89.13,1,1.000,1,1.000,1,POI-004,0
103.34,103.34,UAV-4,SCOUT,ACTIVE,TRANSIT,2028.6,2420.0,1231.2,110.7,21.74,90.31,1,1.000,1,1.000,1,POI-006,0
103.34,103.34,UAV-5,SCOUT,ACTIVE,TRANSIT,1686.4,2419.8,1222.1,113.0,21.73,90.17,1,1.000,1,1.000,1,POI-008,0
104.36,104.36,UAV-1,RELAY,ACTIVE,RELAY_TRANSIT,2360.3,2692.2,1268.5,109.7,20.64,88.72,1,1.000,1,1.000,1,,0
104.36,104.36,UAV-2,SCOUT,ACTIVE,TRANSIT,1844.4,2420.0,1223.8,106.3,21.74,88.73,1,1.000,1,1.000,1,POI-010,0
104.36,104.36,UAV-3,SCOUT,ACTIVE,TRANSIT,1655.0,2341.0,1218.0,108.7,18.25,89.01,1,1.000,1,0.986,1,POI-004,0
104.36,104.36,UAV-4,SCOUT,ACTIVE,TRANSIT,2050.7,2420.0,1232.4,107.1,21.74,90.20,1,1.000,1,1.000,1,POI-006,0
104.36,104.36,UAV-5,SCOUT,ACTIVE,TRANSIT,1708.6,2419.8,1223.2,114.0,21.75,90.06,1,1.000,1,1.000,1,POI-008,0
105.38,105.38,UAV-1,RELAY,ACTIVE,RELAY_TRANSIT,2380.1,2694.8,1261.8,99.5,20.73,88.61,1,1.000,2,0.997,1,,0
105.38,105.38,UAV-2,SCOUT,ACTIVE,TRANSIT,1866.5,2420.0,1224.9,105.9,21.74,88.63,1,1.000,1,1.000,1,POI-010,0
105.38,105.38,UAV-3,SCOUT,ACTIVE,TRANSIT,1667.5,2332.2,1211.2,102.3,15.71,88.88,1,1.000,1,1.000,1,POI-004,0
105.38,105.38,UAV-4,SCOUT,ACTIVE,TRANSIT,2072.9,2420.0,1233.6,105.8,21.74,90.10,1,1.000,1,1.000,1,POI-006,0
105.38,105.38,UAV-5,SCOUT,ACTIVE,TRANSIT,1730.7,2419.8,1224.2,115.8,21.75,89.95,1,1.000,1,1.000,1,POI-008,0
106.40,106.40,UAV-1,RELAY,ACTIVE,RELAY_TRANSIT,2400.2,2697.5,1255.4,93.8,20.85,88.50,1,1.000,2,0.928,1,,0
106.40,106.40,UAV-2,SCOUT,ACTIVE,TRANSIT,1888.7,2420.0,1226.0,105.5,21.76,88.52,1,1.000,1,1.000,1,POI-010,0
106.40,106.40,UAV-3,SCOUT,ACTIVE,TRANSIT,1676.9,2326.7,1199.4,90.0,16.09,88.74,1,1.000,1,1.000,1,POI-004,0
106.40,106.40,UAV-4,SCOUT,ACTIVE,TRANSIT,2095.0,2420.0,1234.7,109.1,21.76,89.99,1,1.000,1,1.000,1,POI-006,0
106.40,106.40,UAV-5,SCOUT,ACTIVE,TRANSIT,1752.9,2419.9,1225.3,117.1,21.77,89.85,1,1.000,1,1.000,1,POI-008,0
107.42,107.42,UAV-1,RELAY,ACTIVE,RELAY_TRANSIT,2420.6,2700.1,1249.6,90.1,21.03,88.39,1,1.000,2,0.731,1,,0
107.42,107.42,UAV-2,SCOUT,ACTIVE,TRANSIT,1910.9,2420.0,1227.0,105.9,21.76,88.41,1,1.000,1,1.000,1,POI-010,0
107.42,107.42,UAV-3,SCOUT,ACTIVE,TRANSIT,1683.8,2323.8,1184.3,74.3,17.16,88.61,1,1.000,1,1.000,1,POI-004,0
107.42,107.42,UAV-4,SCOUT,ACTIVE,TRANSIT,2117.2,2420.0,1235.9,111.4,21.76,89.88,1,1.000,1,1.000,1,POI-006,0
107.42,107.42,UAV-5,SCOUT,ACTIVE,TRANSIT,1775.1,2419.9,1226.3,118.1,21.77,89.74,1,1.000,1,1.000,1,POI-008,0
108.44,108.44,UAV-1,RELAY,ACTIVE,RELAY_TRANSIT,2441.6,2702.8,1245.0,85.8,21.51,88.28,1,1.000,2,0.698,1,,0
108.44,108.44,UAV-2,SCOUT,ACTIVE,TRANSIT,1933.0,2420.0,1227.9,106.9,21.74,88.31,1,1.000,1,1.000,1,POI-010,0
108.44,108.44,UAV-3,SCOUT,ACTIVE,SURVEY,1688.8,2322.9,1167.1,56.9,17.20,88.48,1,1.000,1,1.000,1,POI-004,0
108.44,108.44,UAV-4,SCOUT,ACTIVE,TRANSIT,2139.4,2420.0,1236.9,111.4,21.75,89.78,1,1.000,1,1.000,1,POI-006,0
108.44,108.44,UAV-5,SCOUT,ACTIVE,TRANSIT,1797.3,2419.9,1227.2,115.8,21.75,89.64,1,1.000,1,1.000,1,POI-008,0
109.46,109.46,UAV-1,RELAY,ACTIVE,RELAY_TRANSIT,2463.0,2705.6,1241.4,85.4,21.45,88.18,1,1.000,2,0.592,1,,0
109.46,109.46,UAV-2,SCOUT,ACTIVE,TRANSIT,1954.3,2421.1,1230.0,109.8,19.33,88.18,1,1.000,1,1.000,1,POI-010,0
109.46,109.46,UAV-3,SCOUT,ACTIVE,SURVEY,1690.0,2325.2,1152.8,42.4,11.73,88.35,1,1.000,1,1.000,1,POI-004,0
109.46,109.46,UAV-4,SCOUT,ACTIVE,TRANSIT,2161.5,2420.0,1237.9,110.7,21.76,89.67,1,1.000,1,1.000,1,POI-006,0
109.46,109.46,UAV-5,SCOUT,ACTIVE,TRANSIT,1819.4,2419.9,1228.2,112.9,21.76,89.53,1,1.000,1,1.000,1,POI-008,0
110.48,110.48,UAV-1,RELAY,ACTIVE,RELAY_TRANSIT,2484.4,2708.5,1237.9,89.0,21.44,88.07,1,1.000,2,0.606,1,,0
110.48,110.48,UAV-2,SCOUT,ACTIVE,TRANSIT,1972.2,2428.1,1233.7,115.6,19.66,88.05,1,1.000,1,1.000,1,POI-010,0
110.48,110.48,UAV-3,SCOUT,ACTIVE,TRANSIT,1687.4,2327.4,1147.0,36.8,0.65,88.20,1,1.000,1,1.000,1,POI-005,0
110.48,110.48,UAV-4,SCOUT,ACTIVE,TRANSIT,2183.3,2419.5,1238.5,110.3,20.56,89.56,1,1.000,1,1.000,1,POI-006,0
110.48,110.48,UAV-5,SCOUT,ACTIVE,TRANSIT,1841.6,2419.9,1229.1,111.8,21.77,89.42,1,1.000,1,1.000,1,POI-008,0
111.50,111.50,UAV-1,RELAY,ACTIVE,RELAY_TRANSIT,2505.9,2711.3,1234.5,91.5,21.46,87.97,1,1.000,2,0.300,1,,0
111.50,111.50,UAV-2,SCOUT,ACTIVE,TRANSIT,1989.5,2439.0,1237.4,120.4,21.12,87.93,1,1.000,1,1.000,1,POI-010,0
111.50,111.50,UAV-3,SCOUT,ACTIVE,TRANSIT,1689.0,2327.0,1153.0,42.7,11.44,88.04,1,1.000,1,1.000,1,POI-005,0
111.50,111.50,UAV-4,SCOUT,ACTIVE,TRANSIT,2203.9,2415.5,1238.6,109.1,20.95,89.43,1,1.000,3,0.998,1,POI-006,0
111.50,111.50,UAV-5,SCOUT,ACTIVE,TRANSIT,1863.8,2420.0,1229.9,111.1,21.75,89.32,1,1.000,1,1.000,1,POI-008,0
112.52,112.52,UAV-1,RELAY,ACTIVE,RELAY_TRANSIT,2527.3,2714.0,1231.2,89.3,21.50,87.87,1,1.000,2,0.295,1,,0
112.52,112.52,UAV-2,SCOUT,ACTIVE,TRANSIT,2007.3,2451.4,1241.0,121.8,21.72,87.82,1,1.000,1,1.000,1,POI-010,0
112.52,112.52,UAV-3,SCOUT,ACTIVE,TRANSIT,1690.4,2326.6,1168.7,58.3,18.63,87.89,1,1.000,1,1.000,1,POI-005,0
112.52,112.52,UAV-4,SCOUT,ACTIVE,TRANSIT,2225.0,2409.9,1238.6,108.4,21.72,89.33,1,1.000,1,1.000,1,POI-006,0
112.52,112.52,UAV-5,SCOUT,ACTIVE,TRANSIT,1885.9,2420.0,1230.6,110.3,21.75,89.21,1,1.000,1,1.000,1,POI-008,0
113.54,113.54,UAV-1,RELAY,ACTIVE,RELAY_TRANSIT,2548.9,2716.7,1228.1,86.9,21.53,87.76,1,1.000,2,0.216,1,,0
113.54,113.54,UAV-2,SCOUT,ACTIVE,TRANSIT,2025.1,2464.1,1244.5,121.1,21.80,87.71,1,1.000,1,1.000,1,POI-010,0
113.54,113.54,UAV-3,SCOUT,ACTIVE,TRANSIT,1690.9,2326.3,1189.1,78.6,20.56,87.75,1,1.000,1,1.000,1,POI-005,0
113.54,113.54,UAV-4,SCOUT,ACTIVE,TRANSIT,2246.4,2403.9,1238.6,109.2,21.83,89.22,1,1.000,1,1.000,1,POI-006,0
113.54,113.54,UAV-5,SCOUT,ACTIVE,TRANSIT,1908.1,2420.0,1231.0,109.9,21.75,89.11,1,1.000,1,1.000,1,POI-008,0
114.56,114.56,UAV-1,RELAY,ACTIVE,RELAY_TRANSIT,2570.5,2719.4,1225.2,84.6,21.60,87.66,1,1.000,2,0.192,1,,0
114.56,114.56,UAV-2,SCOUT,ACTIVE,TRANSIT,2043.0,2477.0,1248.0,119.7,21.86,87.59,1,1.000,1,1.000,1,POI-010,0
114.56,114.56,UAV-3,SCOUT,ACTIVE,TRANSIT,1691.6,2326.4,1205.3,94.8,10.44,87.61,1,1.000,1,1.000,1,POI-005,0
114.56,114.56,UAV-4,SCOUT,ACTIVE,TRANSIT,2267.9,2398.0,1238.6,109.8,21.82,89.11,1,1.000,1,1.000,1,POI-006,0
114.56,114.56,UAV-5,SCOUT,ACTIVE,TRANSIT,1930.3,2420.0,1231.4,110.3,21.75,89.00,1,1.000,1,1.000,1,POI-008,0
115.58,115.58,UAV-1,RELAY,ACTIVE,RELAY_TRANSIT,2592.4,2722.2,1223.2,84.2,21.70,87.55,1,1.000,2,0.142,1,,0
115.58,115.58,UAV-2,SCOUT,ACTIVE,TRANSIT,2060.8,2490.0,1251.4,119.9,21.88,87.48,1,1.000,1,1.000,1,POI-010,0
115.58,115.58,UAV-3,SCOUT,ACTIVE,TRANSIT,1694.3,2327.7,1211.4,100.7,5.47,87.48,1,1.000,1,1.000,1,POI-005,0
115.58,115.58,UAV-4,SCOUT,ACTIVE,TRANSIT,2289.4,2392.2,1238.6,110.4,21.80,89.01,1,1.000,1,1.000,1,POI-006,0
115.58,115.58,UAV-5,SCOUT,ACTIVE,TRANSIT,1952.5,2420.0,1231.8,111.6,21.73,88.90,1,1.000,1,1.000,1,POI-008,0
116.60,116.60,UAV-1,RELAY,ACTIVE,RELAY_TRANSIT,2614.3,2725.1,1221.7,81.3,21.74,87.45,1,1.000,2,0.077,1,,0
116.60,116.60,UAV-2,SCOUT,ACTIVE,TRANSIT,2078.6,2503.0,1254.7,121.2,21.93,87.37,1,1.000,1,1.000,1,POI-010,0
116.60,116.60,UAV-3,SCOUT,ACTIVE,TRANSIT,1700.6,2332.2,1213.8,102.8,10.77,87.34,1,1.000,1,1.000,1,POI-005,0
116.60,116.60,UAV-4,SCOUT,ACTIVE,TRANSIT,2310.8,2386.5,1238.6,109.6,21.29,88.90,1,1.000,1,1.000,1,POI-006,0
116.60,116.60,UAV-5,SCOUT,ACTIVE,TRANSIT,1974.7,2420.0,1232.2,113.8,21.76,88.79,1,1.000,1,1.000,1,POI-008,0
117.62,117.62,UAV-1,RELAY,ACTIVE,RELAY_TRANSIT,2636.2,2728.0,1220.3,80.5,21.75,87.34,1,1.000,2,0.018,1,,0
117.62,117.62,UAV-2,SCOUT,ACTIVE,TRANSIT,2096.4,2516.2,1257.9,121.8,21.95,87.26,1,1.000,1,1.000,1,POI-010,0
117.62,117.62,UAV-3,SCOUT,ACTIVE,TRANSIT,1711.9,2339.7,1215.8,105.2,15.77,87.22,1,1.000,1,1.000,1,POI-005,0
117.62,117.62,UAV-4,SCOUT,ACTIVE,TRANSIT,2328.9,2382.3,1234.5,105.7,16.96,88.78,1,1.000,1,1.000,1,POI-006,0
117.62,117.62,UAV-5,SCOUT,ACTIVE,TRANSIT,1996.9,2420.0,1232.6,115.0,21.77,88.69,1,1.000,1,1.000,1,POI-008,0
118.64,118.64,UAV-1,RELAY,ACTIVE,RELAY_TRANSIT,2658.2,2730.8,1219.0,82.6,21.74,87.24,1,1.000,2,0.045,1,,0
118.64,118.64,UAV-2,SCOUT,ACTIVE,TRANSIT,2114.3,2529.4,1261.0,121.2,21.95,87.15,1,1.000,1,1.000,1,POI-010,0
118.64,118.64,UAV-3,SCOUT,ACTIVE,TRANSIT,1727.9,2347.7,1217.6,107.4,19.08,87.09,1,1.000,1,1.000,1,POI-005,0
118.64,118.64,UAV-4,SCOUT,ACTIVE,TRANSIT,2342.2,2380.1,1224.9,96.0,16.31,88.65,1,1.000,1,1.000,1,POI-006,0
118.64,118.64,UAV-5,SCOUT,ACTIVE,TRANSIT,2019.1,2420.0,1232.9,113.8,21.77,88.58,1,1.000,1,1.000,1,POI-008,0
119.66,119.66,UAV-1,RELAY,ACTIVE,RELAY_TRANSIT,2680.2,2733.6,1217.7,83.9,21.75,87.14,1,1.000,2,0.049,1,,0
119.66,119.66,UAV-2,SCOUT,ACTIVE,TRANSIT,2132.1,2542.6,1264.0,118.6,21.96,87.04,1,1.000,1,1.000,1,POI-010,0
119.66,119.66,UAV-3,SCOUT,ACTIVE,TRANSIT,1746.8,2355.7,1219.3,109.1,21.03,86.97,1,1.000,1,1.000,1,POI-005,0
119.66,119.66,UAV-4,SCOUT,ACTIVE,TRANSIT,2352.0,2379.3,1211.1,81.6,17.03,88.54,1,1.000,1,1.000,1,POI-006,0
119.66,119.66,UAV-5,SCOUT,ACTIVE,TRANSIT,2041.3,2420.0,1233.3,110.4,21.77,88.48,1,1.000,1,1.000,1,POI-008,0
120.68,120.68,UAV-1,RELAY,ACTIVE,RELAY_TRANSIT,2702.1,2736.4,1216.4,84.5,21.75,87.03,1,1.000,2,0.043,1,,0
120.68,120.68,UAV-2,SCOUT,ACTIVE,TRANSIT,2149.9,2555.8,1266.6,114.0,20.71,86.92,1,1.000,1,1.000,1,POI-010,0
120.68,120.68,UAV-3,SCOUT,ACTIVE,TRANSIT,1766.9,2363.9,1221.0,109.8,21.57,86.87,1,1.000,1,1.000,1,POI-005,0
120.68,120.68,UAV-4,SCOUT,ACTIVE,SURVEY,2358.9,2379.4,1194.7,64.8,17.78,88.42,1,1.000,1,1.000,1,POI-006,0
120.68,120.68,UAV-5,SCOUT,ACTIVE,TRANSIT,2063.5,2420.0,1233.6,105.8,21.76,88.37,1,1.000,1,1.000,1,POI-008,0
121.70,121.70,UAV-1,RELAY,ACTIVE,RELAY_TRANSIT,2724.1,2739.2,1215.3,83.6,21.75,86.93,1,1.000,2,0.047,1,,0
121.70,121.70,UAV-2,SCOUT,ACTIVE,TRANSIT,2164.5,2565.8,1264.1,107.2,15.74,86.79,1,1.000,1,1.000,1,POI-010,0
121.70,121.70,UAV-3,SCOUT,ACTIVE,TRANSIT,1787.3,2372.1,1222.6,110.6,21.70,86.76,1,1.000,1,1.000,1,POI-005,0
121.70,121.70,UAV-4,SCOUT,ACTIVE,SURVEY,2362.0,2380.2,1178.8,48.8,13.16,88.30,1,1.000,1,1.000,1,POI-006,0
121.70,121.70,UAV-5,SCOUT,ACTIVE,TRANSIT,2085.7,2420.0,1234.0,107.6,21.77,88.27,1,1.000,1,1.000,1,POI-008,0
122.72,122.72,UAV-1,RELAY,ACTIVE,RELAY_TRANSIT,2746.0,2742.1,1217.8,87.3,21.70,86.80,1,1.000,2,0.040,1,,0
122.72,122.72,UAV-2,SCOUT,ACTIVE,TRANSIT,2175.5,2572.3,1255.6,97.0,15.20,86.66,1,1.000,1,1.000,1,POI-010,0
122.72,122.72,UAV-3,SCOUT,ACTIVE,TRANSIT,1807.9,2380.3,1224.3,109.7,21.77,86.65,1,1.000,1,1.000,1,POI-005,0
122.72,122.72,UAV-4,SCOUT,ACTIVE,TRANSIT,2358.3,2381.0,1169.2,39.3,6.14,88.16,1,1.000,1,1.000,1,POI-007,4
122.72,122.72,UAV-5,SCOUT,ACTIVE,TRANSIT,2107.9,2420.0,1234.4,109.6,21.76,88.16,1,1.000,1,1.000,1,POI-008,0
123.74,123.74,UAV-1,RELAY,ACTIVE,RELAY_TRANSIT,2767.5,2744.8,1222.7,95.6,21.78,86.68,1,1.000,2,0.016,1,,0
123.74,123.74,UAV-2,SCOUT,ACTIVE,TRANSIT,2183.8,2576.1,1242.5,84.4,16.32,86.53,1,1.000,1,1.000,1,POI-010,0
123.74,123.74,UAV-3,SCOUT,ACTIVE,TRANSIT,1828.5,2388.5,1225.9,108.2,21.82,86.54,1,1.000,1,1.000,1,POI-005,0
123.74,123.74,UAV-4,SCOUT,ACTIVE,TRANSIT,2358.2,2381.6,1170.6,40.7,7.35,88.01,1,1.000,1,1.000,1,POI-007,0
123.74,123.74,UAV-5,SCOUT,ACTIVE,TRANSIT,2130.0,2420.0,1235.0,110.4,21.76,88.05,1,1.000,1,1.000,1,POI-008,0
124.76,124.76,UAV-1,RELAY,ACTIVE,RELAY_TRANSIT,2788.8,2747.3,1228.5,104.8,21.82,86.57,1,1.000,2,0.080,1,,0
124.76,124.76,UAV-2,SCOUT,ACTIVE,TRANSIT,2189.9,2577.7,1226.4,70.0,17.44,86.40,1,1.000,1,1.000,1,POI-010,0
124.76,124.76,UAV-3,SCOUT,ACTIVE,TRANSIT,1849.2,2396.6,1227.4,108.3,21.87,86.44,1,1.000,1,1.000,1,POI-005,0
124.76,124.76,UAV-4,SCOUT,ACTIVE,TRANSIT,2360.1,2381.8,1183.0,53.0,16.37,87.86,1,1.000,1,1.000,1,POI-007,0
124.76,124.76,UAV-5,SCOUT,ACTIVE,TRANSIT,2152.2,2420.0,1235.6,109.0,21.76,87.95,1,1.000,1,1.000,1,POI-008,0
125.78,125.78,UAV-1,RELAY,ACTIVE,RELAY_HOLD,2809.8,2749.2,1232.9,110.7,20.97,86.45,1,1.000,2,0.164,1,,0
125.78,125.78,UAV-2,SCOUT,ACTIVE,SURVEY,2193.5,2577.0,1210.3,55.8,13.96,86.26,1,1.000,3,1.000,1,POI-010,0
125.78,125.78,UAV-3,SCOUT,ACTIVE,TRANSIT,1869.9,2404.7,1228.8,109.0,21.86,86.33,1,1.000,1,1.000,1,POI-005,0
125.78,125.78,UAV-4,SCOUT,ACTIVE,TRANSIT,2361.2,2381.8,1202.3,72.2,20.26,87.71,1,1.000,1,1.000,1,POI-007,0
125.78,125.78,UAV-5,SCOUT,ACTIVE,TRANSIT,2174.4,2420.0,1236.2,108.4,21.75,87.84,1,1.000,1,1.000,1,POI-008,0
126.80,126.80,UAV-1,RELAY,ACTIVE,RELAY_HOLD,2831.5,2749.8,1236.0,113.6,21.73,86.34,1,1.000,2,0.178,1,,0
126.80,126.80,UAV-2,SCOUT,ACTIVE,TRANSIT,2191.0,2573.4,1199.7,46.0,10.14,86.13,1,1.000,1,1.000,1,POI-009,10
126.80,126.80,UAV-3,SCOUT,ACTIVE,TRANSIT,1890.4,2412.9,1229.9,109.5,20.75,86.22,1,1.000,1,1.000,1,POI-005,0
126.80,126.80,UAV-4,SCOUT,ACTIVE,TRANSIT,2361.9,2381.6,1221.1,91.0,13.47,87.57,1,1.000,1,1.000,1,POI-007,0
126.80,126.80,UAV-5,SCOUT,ACTIVE,TRANSIT,2196.6,2420.0,1236.8,107.7,21.74,87.74,1,1.000,1,1.000,1,POI-008,0
127.82,127.82,UAV-1,RELAY,ACTIVE,RELAY_HOLD,2853.1,2751.2,1240.7,118.7,21.73,86.22,1,1.000,2,0.249,1,,0
127.82,127.82,UAV-2,SCOUT,ACTIVE,TRANSIT,2188.2,2572.3,1198.4,44.3,4.29,85.98,1,1.000,1,1.000,1,POI-009,0
127.82,127.82,UAV-3,SCOUT,ACTIVE,TRANSIT,1908.9,2422.7,1230.1,108.9,20.76,86.09,1,1.000,1,1.000,1,POI-005,0
127.82,127.82,UAV-4,SCOUT,ACTIVE,TRANSIT,2364.2,2382.4,1229.6,99.5,5.29,87.44,1,1.000,1,1.000,1,POI-007,0
127.82,127.82,UAV-5,SCOUT,ACTIVE,TRANSIT,2218.8,2420.0,1237.4,106.8,21.75,87.63,1,1.000,1,1.000,1,POI-008,0
128.82,128.82,UAV-1,RELAY,ACTIVE,RELAY_HOLD,2873.9,2753.6,1246.7,126.8,21.83,86.11,1,1.000,2,0.340,1,,0
128.82,128.82,UAV-2,SCOUT,ACTIVE,TRANSIT,2190.2,2572.8,1208.0,54.3,14.39,85.83,1,1.000,1,1.000,1,POI-009,0
128.82,128.82,UAV-3,SCOUT,ACTIVE,TRANSIT,1926.9,2433.6,1230.1,109.1,21.26,85.98,1,1.000,1,1.000,1,POI-005,0
128.82,128.82,UAV-4,SCOUT,ACTIVE,TRANSIT,2368.6,2384.8,1231.2,101.1,7.59,87.32,1,1.000,1,1.000,1,POI-007,0
128.82,128.82,UAV-5,SCOUT,ACTIVE,TRANSIT,2240.5,2420.0,1237.9,106.7,21.74,87.53,1,1.000,1,1.000,1,POI-008,0
129.82,129.82,UAV-1,RELAY,ACTIVE,RELAY_HOLD,2894.7,2756.0,1253.0,133.4,21.85,86.00,1,1.000,2,0.453,1,,0
129.82,129.82,UAV-2,SCOUT,ACTIVE,TRANSIT,2191.8,2573.1,1225.5,72.2,19.86,85.68,1,1.000,1,1.000,1,POI-009,0
129.82,129.82,UAV-3,SCOUT,ACTIVE,TRANSIT,1945.1,2445.0,1230.1,109.7,21.60,85.87,1,1.000,1,1.000,1,POI-005,0
129.82,129.82,UAV-4,SCOUT,ACTIVE,TRANSIT,2378.3,2389.0,1231.4,101.5,13.25,87.20,1,1.000,1,1.000,1,POI-007,0
129.82,129.82,UAV-5,SCOUT,ACTIVE,TRANSIT,2262.2,2420.0,1238.5,107.0,21.76,87.42,1,1.000,1,1.000,1,POI-008,0
130.82,130.82,UAV-1,RELAY,ACTIVE,RELAY_HOLD,2914.3,2757.9,1256.3,135.8,18.07,85.87,1,1.000,2,0.502,1,,0
130.82,130.82,UAV-2,SCOUT,ACTIVE,TRANSIT,2192.7,2573.3,1244.2,91.2,14.11,85.54,1,1.000,1,1.000,1,POI-009,0
130.82,130.82,UAV-3,SCOUT,ACTIVE,TRANSIT,1963.4,2456.5,1230.2,110.7,21.74,85.76,1,1.000,1,1.000,1,POI-005,0
130.82,130.82,UAV-4,SCOUT,ACTIVE,TRANSIT,2393.2,2393.1,1231.5,101.4,17.39,87.08,1,1.000,1,1.000,1,POI-007,0
130.82,130.82,UAV-5,SCOUT,ACTIVE,TRANSIT,2284.0,2420.0,1239.0,107.5,21.75,87.32,1,1.000,1,1.000,1,POI-008,0
131.82,131.82,UAV-1,RELAY,ACTIVE,RELAY_HOLD,2932.0,2757.5,1254.1,133.1,18.20,85.74,1,1.000,2,0.460,1,,0
131.82,131.82,UAV-2,SCOUT,ACTIVE,TRANSIT,2195.1,2572.5,1253.1,101.5,5.84,85.41,1,1.000,1,1.000,1,POI-009,0
131.82,131.82,UAV-3,SCOUT,ACTIVE,TRANSIT,1981.8,2467.9,1230.0,111.0,20.60,85.64,1,1.000,1,0.974,1,POI-005,0
131.82,131.82,UAV-4,SCOUT,ACTIVE,TRANSIT,2411.7,2396.7,1231.6,101.3,19.90,86.96,1,1.000,1,1.000,1,POI-007,0
131.82,131.82,UAV-5,SCOUT,ACTIVE,TRANSIT,2305.7,2420.0,1239.5,108.9,21.74,87.22,1,1.000,1,1.000,1,POI-008,0
132.82,132.82,UAV-1,RELAY,ACTIVE,RELAY_HOLD,2950.1,2753.5,1251.8,129.8,17.63,85.61,1,1.000,2,0.485,1,,0
132.82,132.82,UAV-2,SCOUT,ACTIVE,TRANSIT,2199.2,2570.4,1254.4,105.4,6.45,85.28,1,1.000,1,1.000,1,POI-009,0
132.82,132.82,UAV-3,SCOUT,ACTIVE,TRANSIT,1996.9,2476.5,1225.6,105.9,16.42,85.51,1,1.000,1,1.000,1,POI-005,0
132.82,132.82,UAV-4,SCOUT,ACTIVE,TRANSIT,2432.1,2400.0,1231.6,102.0,21.25,86.85,1,1.000,1,1.000,1,POI-007,0
132.82,132.82,UAV-5,SCOUT,ACTIVE,TRANSIT,2327.3,2420.0,1239.4,109.4,21.39,87.12,1,1.000,1,1.000,1,POI-008,0
133.82,133.82,UAV-1,RELAY,ACTIVE,RELAY_HOLD,2962.7,2750.3,1251.2,128.5,9.54,85.47,1,1.000,2,0.461,1,,0
133.82,133.82,UAV-2,SCOUT,ACTIVE,TRANSIT,2206.8,2565.0,1253.3,109.6,12.14,85.15,1,1.000,1,1.000,1,POI-009,0
133.82,133.82,UAV-3,SCOUT,ACTIVE,TRANSIT,2008.3,2481.9,1215.8,94.8,15.97,85.38,1,1.000,1,1.000,1,POI-005,0
133.82,133.82,UAV-4,SCOUT,ACTIVE,TRANSIT,2453.3,2403.2,1231.7,104.2,21.61,86.75,1,1.000,1,1.000,1,POI-007,0
133.82,133.82,UAV-5,SCOUT,ACTIVE,TRANSIT,2348.8,2420.0,1238.7,108.2,21.74,87.01,1,1.000,1,1.000,1,POI-008,0
134.82,134.82,UAV-1,RELAY,ACTIVE,RELAY_HOLD,2972.3,2753.3,1253.8,130.5,15.48,85.32,1,1.000,2,0.735,1,,0
134.82,134.82,UAV-2,SCOUT,ACTIVE,TRANSIT,2218.1,2556.2,1252.0,114.3,16.31,85.01,1,1.000,1,1.000,1,POI-009,0
134.82,134.82,UAV-3,SCOUT,ACTIVE,TRANSIT,2016.7,2484.8,1202.2,79.7,16.82,85.26,1,1.000,1,1.000,1,POI-005,0
134.82,134.82,UAV-4,SCOUT,ACTIVE,TRANSIT,2474.8,2406.3,1231.7,105.4,21.70,86.64,1,1.000,1,1.000,1,POI-007,0
134.82,134.82,UAV-5,SCOUT,ACTIVE,TRANSIT,2370.6,2420.0,1237.9,106.8,21.73,86.91,1,1.000,1,1.000,1,POI-008,0
135.82,135.82,UAV-1,RELAY,ACTIVE,RELAY_HOLD,2987.5,2759.9,1263.9,141.0,21.45,85.18,1,1.000,2,0.832,1,,0
135.82,135.82,UAV-2,SCOUT,ACTIVE,TRANSIT,2232.2,2545.6,1250.8,117.7,18.73,84.88,1,1.000,1,1.000,1,POI-009,0
135.82,135.82,UAV-3,SCOUT,ACTIVE,SURVEY,2022.9,2485.8,1186.1,62.6,17.70,85.13,1,1.000,1,1.000,1,POI-005,0
135.82,135.82,UAV-4,SCOUT,ACTIVE,TRANSIT,2496.3,2409.3,1231.8,105.6,21.75,86.54,1,1.000,1,1.000,1,POI-007,0
135.82,135.82,UAV-5,SCOUT,ACTIVE,TRANSIT,2392.3,2420.0,1237.1,107.0,21.73,86.81,1,1.000,1,1.000,1,POI-008,0
136.82,136.82,UAV-1,RELAY,ACTIVE,RELAY_HOLD,3002.3,2766.2,1272.9,151.1,14.65,85.05,1,1.000,2,0.820,1,,0
136.82,136.82,UAV-2,SCOUT,ACTIVE,TRANSIT,2248.1,2534.4,1249.6,117.1,20.07,84.75,1,1.000,1,1.000,1,POI-009,0
136.82,136.82,UAV-3,SCOUT,ACTIVE,SURVEY,2026.4,2484.7,1170.3,46.1,13.79,85.00,1,1.000,1,1.000,1,POI-005,0
136.82,136.82,UAV-4,SCOUT,ACTIVE,TRANSIT,2517.8,2412.2,1231.8,107.5,21.78,86.44,1,1.000,1,1.000,1,POI-007,0
136.82,136.82,UAV-5,SCOUT,ACTIVE,TRANSIT,2414.0,2420.0,1236.4,106.4,21.75,86.71,1,1.000,1,1.000,1,POI-008,0
137.82,137.82,UAV-1,RELAY,ACTIVE,RELAY_HOLD,3013.9,2770.2,1273.6,152.4,11.29,84.92,1,1.000,2,0.795,1,,0
137.82,137.82,UAV-2,SCOUT,ACTIVE,TRANSIT,2264.8,2522.7,1248.5,116.2,20.76,84.63,1,1.000,3,1.000,1,POI-009,0
137.82,137.82,UAV-3,SCOUT,ACTIVE,IDLE,2024.2,2481.8,1160.8,37.0,5.12,84.86,1,1.000,1,1.000,1,,2
137.82,137.82,UAV-4,SCOUT,ACTIVE,TRANSIT,2539.4,2415.0,1231.9,109.8,21.76,86.33,1,1.000,1,1.000,1,POI-007,0
137.82,137.82,UAV-5,SCOUT,ACTIVE,TRANSIT,2435.8,2420.0,1235.7,106.5,21.75,86.61,1,1.000,1,1.000,1,POI-008,0
138.82,138.82,UAV-1,RELAY,ACTIVE,RELAY_HOLD,3022.7,2771.8,1268.5,147.3,8.43,84.79,1,1.000,2,0.735,1,,0
138.82,138.82,UAV-2,SCOUT,ACTIVE,TRANSIT,2282.0,2510.7,1247.3,116.9,21.10,84.52,1,1.000,1,1.000,1,POI-009,0
138.82,138.82,UAV-3,SCOUT,ACTIVE,IDLE,2024.7,2481.1,1159.6,35.8,1.48,84.74,1,1.000,1,1.000,1,,0
138.82,138.82,UAV-4,SCOUT,ACTIVE,TRANSIT,2560.7,2418.0,1232.3,110.2,19.53,86.22,1,1.000,1,1.000,1,POI-007,0
138.82,138.82,UAV-5,SCOUT,ACTIVE,TRANSIT,2457.5,2420.0,1235.0,107.0,21.75,86.50,1,1.000,1,1.000,1,POI-008,0
139.82,139.82,UAV-1,RELAY,ACTIVE,RELAY_HOLD,3026.0,2769.1,1263.9,142.7,5.46,84.66,1,1.000,2,0.658,1,,0
139.82,139.82,UAV-2,SCOUT,ACTIVE,TRANSIT,2299.3,2498.6,1246.2,117.6,21.22,84.40,1,1.000,1,1.000,1,POI-009,0
139.82,139.82,UAV-3,SCOUT,ACTIVE,IDLE,2026.0,2480.8,1159.8,35.7,1.18,84.65,1,1.000,1,1.000,1,,0
139.82,139.82,UAV-4,SCOUT,ACTIVE,TRANSIT,2576.5,2424.5,1233.6,111.2,16.62,86.09,1,1.000,1,1.000,1,POI-007,0
139.82,139.82,UAV-5,SCOUT,ACTIVE,TRANSIT,2479.2,2420.0,1234.3,107.2,21.75,86.40,1,1.000,1,1.000,1,POI-008,0
140.82,140.82,UAV-1,RELAY,ACTIVE,RELAY_HOLD,3022.9,2765.3,1260.6,139.6,7.37,84.54,1,1.000,2,0.490,1,,0
140.82,140.82,UAV-2,SCOUT,ACTIVE,TRANSIT,2316.7,2486.4,1245.1,116.9,21.29,84.29,1,1.000,1,1.000,1,POI-009,0
140.82,140.82,UAV-3,SCOUT,ACTIVE,IDLE,2027.0,2480.6,1159.9,35.6,0.83,84.55,1,1.000,1,1.000,1,,0
140.82,140.82,UAV-4,SCOUT,ACTIVE,TRANSIT,2589.7,2435.5,1234.9,111.9,18.06,85.97,1,1.000,1,1.000,1,POI-007,0
140.82,140.82,UAV-5,SCOUT,ACTIVE,TRANSIT,2501.0,2420.0,1233.7,107.1,21.75,86.30,1,1.000,1,1.000,1,POI-008,0
141.82,141.82,UAV-1,RELAY,ACTIVE,RELAY_HOLD,3015.1,2761.9,1258.1,137.2,10.16,84.42,1,1.000,2,0.651,1,,0
141.82,141.82,UAV-2,SCOUT,ACTIVE,TRANSIT,2334.1,2474.2,1244.0,115.5,21.28,84.18,1,1.000,1,1.000,1,POI-009,0
141.82,141.82,UAV-3,SCOUT,ACTIVE,IDLE,2027.6,2480.4,1160.1,35.6,0.57,84.46,1,1.000,1,1.000,1,,0
141.82,141.82,UAV-4,SCOUT,ACTIVE,TRANSIT,2602.2,2449.5,1236.1,113.9,19.32,85.85,1,1.000,1,1.000,1,POI-007,0
141.82,141.82,UAV-5,SCOUT,ACTIVE,TRANSIT,2522.7,2420.0,1233.0,109.0,21.73,86.20,1,1.000,1,1.000,1,POI-008,0
142.82,142.82,UAV-1,RELAY,ACTIVE,RELAY_HOLD,3004.5,2759.0,1256.2,134.7,11.82,84.30,1,1.000,2,0.692,1,,0
142.82,142.82,UAV-2,SCOUT,ACTIVE,TRANSIT,2351.5,2462.0,1242.9,112.6,21.31,84.06,1,1.000,1,1.000,1,POI-009,0
142.82,142.82,UAV-3,SCOUT,ACTIVE,IDLE,2028.1,2480.3,1160.1,35.6,0.40,84.36,1,1.000,1,1.000,1,,0
142.82,142.82,UAV-4,SCOUT,ACTIVE,TRANSIT,2614.4,2464.9,1237.3,114.0,20.05,85.72,1,1.000,1,1.000,1,POI-007,0
142.82,142.82,UAV-5,SCOUT,ACTIVE,TRANSIT,2544.0,2420.3,1232.6,111.0,19.69,86.09,1,1.000,1,1.000,1,POI-008,0
143.82,143.82,UAV-1,RELAY,ACTIVE,RELAY_HOLD,2992.5,2756.5,1254.8,132.1,12.84,84.18,1,1.000,2,0.621,1,,0
143.82,143.82,UAV-2,SCOUT,ACTIVE,TRANSIT,2369.0,2449.7,1241.9,110.1,21.36,83.95,1,1.000,1,1.000,1,POI-009,0
143.82,143.82,UAV-3,SCOUT,ACTIVE,IDLE,2028.4,2480.3,1160.2,35.5,0.29,84.27,1,1.000,1,1.000,1,,0
143.82,143.82,UAV-4,SCOUT,ACTIVE,TRANSIT,2626.5,2481.1,1238.4,114.5,20.42,85.60,1,1.000,1,1.000,1,POI-007,0
143.82,143.82,UAV-5,SCOUT,ACTIVE,TRANSIT,2562.1,2424.8,1232.5,110.3,18.56,85.96,1,1.000,1,1.000,1,POI-008,0
144.82,144.82,UAV-1,RELAY,ACTIVE,RELAY_HOLD,2979.8,2754.2,1253.6,130.0,12.97,84.06,1,1.000,2,0.710,1,,0
144.82,144.82,UAV-2,SCOUT,ACTIVE,TRANSIT,2386.4,2437.4,1241.0,109.9,21.41,83.84,1,1.000,1,1.000,1,POI-009,0
144.82,144.82,UAV-3,SCOUT,ACTIVE,IDLE,2028.7,2480.2,1160.2,35.5,0.20,84.18,1,1.000,1,1.000,1,,0
144.82,144.82,UAV-4,SCOUT,ACTIVE,TRANSIT,2638.6,2497.7,1239.4,114.5,20.59,85.48,1,1.000,1,1.000,1,POI-007,0
144.82,144.82,UAV-5,SCOUT,ACTIVE,TRANSIT,2579.0,2433.4,1232.3,109.1,19.54,85.84,1,1.000,1,1.000,1,POI-008,0
145.82,145.82,UAV-1,RELAY,ACTIVE,RELAY_HOLD,2966.7,2752.5,1252.6,129.6,13.80,83.94,1,1.000,2,0.779,1,,0
145.82,145.82,UAV-2,SCOUT,ACTIVE,TRANSIT,2403.9,2427.6,1239.8,109.8,18.75,83.70,1,1.000,1,1.000,1,POI-009,0
145.82,145.82,UAV-3,SCOUT,ACTIVE,IDLE,2028.8,2480.2,1160.2,35.5,0.14,84.08,1,1.000,1,1.000,1,,0
145.82,145.82,UAV-4,SCOUT,ACTIVE,TRANSIT,2650.6,2514.4,1240.3,113.6,20.61,85.36,1,1.000,1,1.000,1,POI-007,0
145.82,145.82,UAV-5,SCOUT,ACTIVE,TRANSIT,2595.8,2444.4,1232.2,109.4,20.49,85.71,1,1.000,1,1.000,1,POI-008,0
146.82,146.82,UAV-1,RELAY,ACTIVE,RELAY_HOLD,2953.1,2750.7,1252.6,130.3,13.70,83.82,1,1.000,2,0.716,1,,0
146.82,146.82,UAV-2,SCOUT,ACTIVE,TRANSIT,2422.0,2423.9,1238.5,109.0,19.10,83.58,1,1.000,1,1.000,1,POI-009,0
146.82,146.82,UAV-3,SCOUT,ACTIVE,IDLE,2028.9,2480.2,1160.2,35.5,0.10,83.99,1,1.000,1,1.000,1,,0
146.82,146.82,UAV-4,SCOUT,ACTIVE,TRANSIT,2661.7,2530.1,1239.7,110.2,16.78,85.23,1,1.000,1,1.000,1,POI-007,0
146.82,146.82,UAV-5,SCOUT,ACTIVE,TRANSIT,2612.7,2456.5,1232.0,109.7,21.03,85.60,1,1.000,1,1.000,1,POI-008,0
147.82,147.82,UAV-1,RELAY,ACTIVE,RELAY_HOLD,2941.4,2749.9,1252.6,131.2,7.44,83.70,1,1.000,2,0.575,1,,0
147.82,147.82,UAV-2,SCOUT,ACTIVE,TRANSIT,2441.8,2423.0,1237.2,108.4,20.59,83.46,1,1.000,1,1.000,1,POI-009,0
147.82,147.82,UAV-3,SCOUT,ACTIVE,IDLE,2029.0,2480.1,1160.2,35.5,0.07,83.89,1,1.000,1,1.000,1,,0
147.82,147.82,UAV-4,SCOUT,ACTIVE,TRANSIT,2670.2,2540.9,1233.3,102.1,14.64,85.10,1,1.000,1,1.000,1,POI-007,0
147.82,147.82,UAV-5,SCOUT,ACTIVE,TRANSIT,2629.7,2469.2,1231.9,109.1,21.27,85.48,1,1.000,1,1.000,1,POI-008,0
148.82,148.82,UAV-1,RELAY,ACTIVE,RELAY_HOLD,2938.5,2749.8,1252.7,131.5,1.01,83.58,1,1.000,2,0.660,1,,0
148.82,148.82,UAV-2,SCOUT,ACTIVE,TRANSIT,2462.9,2422.7,1236.0,108.3,21.43,83.35,1,1.000,1,1.000,1,POI-009,0
148.82,148.82,UAV-3,SCOUT,ACTIVE,IDLE,2029.1,2480.1,1160.3,35.5,0.05,83.80,1,1.000,1,1.000,1,,0
148.82,148.82,UAV-4,SCOUT,ACTIVE,TRANSIT,2676.6,2548.0,1222.0,90.5,15.37,84.97,1,1.000,1,1.000,1,POI-007,0
148.82,148.82,UAV-5,SCOUT,ACTIVE,TRANSIT,2646.7,2482.0,1231.8,108.4,21.40,85.37,1,1.000,1,1.000,1,POI-008,0
149.82,149.82,UAV-1,RELAY,ACTIVE,RELAY_HOLD,2941.5,2749.0,1253.3,132.0,2.74,83.48,1,1.000,2,0.742,1,,0
149.82,149.82,UAV-2,SCOUT,ACTIVE,TRANSIT,2484.5,2422.6,1234.8,107.4,21.76,83.25,1,1.000,1,1.000,1,POI-009,0
149.82,149.82,UAV-3,SCOUT,ACTIVE,IDLE,2029.1,2480.1,1160.3,35.5,0.04,83.70,1,1.000,1,1.000,1,,0
149.82,149.82,UAV-4,SCOUT,ACTIVE,TRANSIT,2681.3,2552.3,1207.3,76.2,16.67,84.85,1,1.000,3,1.000,1,POI-007,0
149.82,149.82,UAV-5,SCOUT,ACTIVE,TRANSIT,2663.8,2495.0,1231.6,107.2,21.49,85.26,1,1.000,1,1.000,1,POI-008,0
150.82,150.82,UAV-1,RELAY,ACTIVE,RELAY_HOLD,2942.4,2748.8,1253.4,132.0,0.23,83.38,1,1.000,2,0.841,1,,0
150.82,150.82,UAV-2,SCOUT,ACTIVE,TRANSIT,2506.2,2422.6,1233.6,107.3,21.79,83.15,1,1.000,1,1.000,1,POI-009,0
150.82,150.82,UAV-3,SCOUT,ACTIVE,TRANSIT,2029.1,2480.1,1160.3,35.4,0.03,83.61,1,1.000,1,1.000,1,,0
150.82,150.82,UAV-4,SCOUT,ACTIVE,SURVEY,2684.9,2554.2,1190.6,60.1,17.55,84.72,1,1.000,1,1.000,1,POI-007,0
150.82,150.82,UAV-5,SCOUT,ACTIVE,TRANSIT,2681.0,2508.0,1231.5,105.8,21.59,85.14,1,1.000,1,0.958,1,POI-008,0
151.82,151.82,UAV-1,RELAY,ACTIVE,RELAY_HOLD,2942.5,2748.8,1253.5,132.1,0.59,83.29,1,1.000,2,0.668,1,,0
151.82,151.82,UAV-2,SCOUT,ACTIVE,TRANSIT,2528.0,2422.6,1232.4,109.2,21.78,83.05,1,1.000,1,1.000,1,POI-009,0
151.82,151.82,UAV-3,SCOUT,ACTIVE,TRANSIT,2032.9,2476.6,1164.8,39.1,13.25,83.46,1,1.000,1,1.000,1,,0
151.82,151.82,UAV-4,SCOUT,ACTIVE,SURVEY,2686.2,2553.2,1175.3,45.1,12.94,84.58,1,1.000,1,1.000,1,POI-007,0
151.82,151.82,UAV-5,SCOUT,ACTIVE,TRANSIT,2698.2,2521.1,1231.4,106.3,21.66,85.03,1,1.000,1,1.000,1,POI-008,0
152.82,152.82,UAV-1,RELAY,ACTIVE,RELAY_HOLD,2943.2,2748.2,1253.9,132.5,0.51,83.19,1,1.000,2,0.588,1,,0
152.82,152.82,UAV-2,SCOUT,ACTIVE,TRANSIT,2549.7,2422.7,1231.3,109.6,21.78,82.95,1,1.000,1,1.000,1,POI-009,0
152.82,152.82,UAV-3,SCOUT,ACTIVE,TRANSIT,2044.1,2468.0,1173.6,45.1,18.91,83.32,1,1.000,1,1.000,1,,0
152.82,152.82,UAV-4,SCOUT,ACTIVE,IDLE,2683.9,2548.8,1167.6,37.1,3.17,84.43,1,1.000,1,1.000,1,,0
152.82,152.82,UAV-5,SCOUT,ACTIVE,TRANSIT,2715.4,2534.2,1231.3,109.4,21.66,84.92,1,1.000,1,1.000,1,POI-008,0
153.82,153.82,UAV-1,RELAY,ACTIVE,RELAY_HOLD,2942.8,2748.3,1253.9,132.5,0.46,83.10,1,1.000,2,0.713,1,,0
153.82,153.82,UAV-2,SCOUT,ACTIVE,TRANSIT,2571.5,2422.8,1230.3,108.0,21.76,82.84,1,1.000,1,1.000,1,POI-009,0
153.82,153.82,UAV-3,SCOUT,ACTIVE,TRANSIT,2059.8,2458.7,1182.3,50.9,21.03,83.20,1,1.000,1,1.000,1,,0
153.82,153.82,UAV-4,SCOUT,ACTIVE,IDLE,2684.7,2549.1,1167.1,36.7,1.68,84.32,1,1.000,1,1.000,1,,0
153.82,153.82,UAV-5,SCOUT,ACTIVE,TRANSIT,2732.6,2547.4,1231.2,111.9,21.62,84.81,1,1.000,1,1.000,1,POI-008,0
154.82,154.82,UAV-1,RELAY,ACTIVE,RELAY_HOLD,2942.3,2747.0,1255.1,133.7,2.44,83.00,1,1.000,2,0.778,1,,0
154.82,154.82,UAV-2,SCOUT,ACTIVE,TRANSIT,2593.2,2422.9,1229.3,108.1,21.76,82.74,1,1.000,1,1.000,1,POI-009,0
154.82,154.82,UAV-3,SCOUT,ACTIVE,TRANSIT,2076.7,2449.2,1191.0,58.0,21.35,83.09,1,1.000,1,1.000,1,,0
154.82,154.82,UAV-4,SCOUT,ACTIVE,IDLE,2685.8,2550.1,1167.3,37.1,1.32,84.23,1,1.000,1,1.000,1,,0
154.82,154.82,UAV-5,SCOUT,ACTIVE,TRANSIT,2749.8,2560.5,1231.1,112.2,21.59,84.70,1,1.000,1,1.000,1,POI-008,0
155.82,155.82,UAV-1,RELAY,ACTIVE,RELAY_HOLD,2944.1,2748.1,1258.8,137.2,10.37,82.86,1,1.000,2,0.691,1,,0
155.82,155.82,UAV-2,SCOUT,ACTIVE,TRANSIT,2614.2,2423.5,1228.7,109.8,18.54,82.63,1,1.000,1,1.000,1,POI-009,0
155.82,155.82,UAV-3,SCOUT,ACTIVE,TRANSIT,2093.9,2439.6,1199.5,69.4,21.52,82.97,1,1.000,1,1.000,1,,0
155.82,155.82,UAV-4,SCOUT,ACTIVE,IDLE,2686.6,2550.9,1167.5,37.5,0.92,84.13,1,1.000,1,1.000,1,,0
155.82,155.82,UAV-5,SCOUT,ACTIVE,TRANSIT,2766.8,2573.7,1231.0,110.7,21.55,84.59,1,1.000,1,1.000,1,POI-008,0
156.82,156.82,UAV-1,RELAY,ACTIVE,RELAY_HOLD,2953.5,2754.3,1266.5,144.2,16.00,82.73,1,1.000,2,0.803,1,,0
156.82,156.82,UAV-2,SCOUT,ACTIVE,TRANSIT,2630.4,2428.5,1228.5,110.1,16.86,82.50,1,1.000,1,1.000,1,POI-009,0
156.82,156.82,UAV-3,SCOUT,ACTIVE,TRANSIT,2111.2,2429.9,1207.8,81.5,21.66,82.86,1,1.000,1,1.000,1,,0
156.82,156.82,UAV-4,SCOUT,ACTIVE,IDLE,2687.2,2551.4,1167.6,37.7,0.64,84.04,1,1.000,1,1.000,1,,0
156.82,156.82,UAV-5,SCOUT,ACTIVE,TRANSIT,2783.6,2587.2,1231.1,110.2,21.48,84.48,1,1.000,1,1.000,1,POI-008,0
157.82,157.82,UAV-1,RELAY,ACTIVE,RELAY_HOLD,2966.1,2760.1,1271.1,148.1,12.48,82.60,1,1.000,2,0.849,1,,0
157.82,157.82,UAV-2,SCOUT,ACTIVE,TRANSIT,2645.1,2438.1,1228.3,108.5,18.26,82.38,1,1.000,1,1.000,1,POI-009,0
157.82,157.82,UAV-3,SCOUT,ACTIVE,TRANSIT,2128.8,2420.1,1216.0,91.4,21.76,82.74,1,1.000,1,1.000,1,,0
157.82,157.82,UAV-4,SCOUT,ACTIVE,IDLE,2687.6,2551.7,1167.7,37.9,0.45,83.94,1,1.000,1,1.000,1,,0
157.82,157.82,UAV-5,SCOUT,ACTIVE,TRANSIT,2800.2,2600.8,1231.1,111.2,21.46,84.37,1,1.000,1,1.000,1,POI-008,0
158.82,158.82,UAV-1,RELAY,ACTIVE,RELAY_HOLD,2976.3,2763.5,1268.8,145.7,8.94,82.47,1,1.000,2,0.868,1,,0
158.82,158.82,UAV-2,SCOUT,ACTIVE,TRANSIT,2659.3,2450.5,1228.1,107.0,19.48,82.26,1,1.000,1,1.000,1,POI-009,0
158.82,158.82,UAV-3,SCOUT,ACTIVE,TRANSIT,2146.6,2410.3,1224.0,98.3,21.84,82.63,1,1.000,1,1.000,1,,0
158.82,158.82,UAV-4,SCOUT,ACTIVE,IDLE,2687.8,2552.0,1167.7,38.0,0.31,83.85,1,1.000,1,1.000,1,,0
158.82,158.82,UAV-5,SCOUT,ACTIVE,TRANSIT,2816.9,2614.3,1231.2,113.1,21.47,84.26,1,1.000,1,1.000,1,POI-008,0
159.82,159.82,UAV-1,RELAY,ACTIVE,RELAY_HOLD,2984.3,2765.1,1268.9,146.0,12.73,82.32,1,1.000,2,0.878,1,,0
159.82,159.82,UAV-2,SCOUT,ACTIVE,TRANSIT,2673.5,2464.5,1227.9,105.8,20.23,82.14,1,1.000,1,1.000,1,POI-009,0
159.82,159.82,UAV-3,SCOUT,ACTIVE,TRANSIT,2164.4,2400.4,1231.8,105.6,21.88,82.51,1,1.000,1,1.000,1,,0
159.82,159.82,UAV-4,SCOUT,ACTIVE,IDLE,2688.0,2552.2,1167.8,38.1,0.22,83.76,1,1.000,1,1.000,1,,0
159.82,159.82,UAV-5,SCOUT,ACTIVE,TRANSIT,2833.6,2627.9,1231.3,114.1,21.50,84.14,1,1.000,1,1.000,1,POI-008,0
160.82,160.82,UAV-1,RELAY,ACTIVE,RELAY_HOLD,2997.5,2769.6,1277.6,155.4,16.37,82.18,1,1.000,2,0.807,1,,0
160.82,160.82,UAV-2,SCOUT,ACTIVE,TRANSIT,2687.7,2479.2,1227.8,103.9,20.59,82.01,1,1.000,1,1.000,1,POI-009,0
160.82,160.82,UAV-3,SCOUT,ACTIVE,TRANSIT,2182.5,2390.4,1239.1,110.6,21.91,82.40,1,1.000,1,1.000,1,,0
160.82,160.82,UAV-4,SCOUT,ACTIVE,IDLE,2688.2,2552.3,1167.8,38.1,0.15,83.66,1,1.000,1,1.000,1,,0
160.82,160.82,UAV-5,SCOUT,ACTIVE,TRANSIT,2850.2,2641.5,1231.3,114.3,21.51,84.03,1,1.000,1,1.000,1,POI-008,0
161.82,161.82,UAV-1,RELAY,ACTIVE,RELAY_HOLD,3008.6,2772.3,1282.9,161.5,10.29,82.05,1,1.000,2,0.861,1,,0
161.82,161.82,UAV-2,SCOUT,ACTIVE,TRANSIT,2702.0,2494.1,1227.6,103.4,20.74,81.89,1,1.000,1,1.000,1,POI-009,0
161.82,161.82,UAV-3,SCOUT,ACTIVE,IDLE,2199.4,2381.5,1243.5,114.8,16.15,82.28,1,1.000,1,1.000,1,,0
161.82,161.82,UAV-4,SCOUT,ACTIVE,IDLE,2688.3,2552.4,1167.8,38.2,0.10,83.57,1,1.000,1,1.000,1,,0
161.82,161.82,UAV-5,SCOUT,ACTIVE,TRANSIT,2866.9,2655.1,1231.4,114.0,21.46,83.92,1,1.000,1,1.000,1,POI-008,0
162.82,162.82,UAV-1,RELAY,ACTIVE,RELAY_HOLD,3017.5,2773.5,1280.9,159.7,7.96,81.92,1,1.000,2,0.978,1,,0
162.82,162.82,UAV-2,SCOUT,ACTIVE,TRANSIT,2716.3,2509.2,1227.4,105.5,20.86,81.77,1,1.000,1,1.000,1,POI-009,0
162.82,162.82,UAV-3,SCOUT,ACTIVE,IDLE,2210.8,2377.1,1243.9,115.8,8.63,82.15,1,1.000,1,1.000,1,,0
162.82,162.82,UAV-4,SCOUT,ACTIVE,IDLE,2688.3,2552.4,1167.8,38.2,0.07,83.47,1,1.000,1,1.000,1,,0
162.82,162.82,UAV-5,SCOUT,ACTIVE,TRANSIT,2883.5,2668.7,1231.5,112.6,21.49,83.81,1,1.000,1,1.000,1,POI-008,0
163.82,163.82,UAV-1,RELAY,ACTIVE,RELAY_HOLD,3021.5,2770.2,1278.5,157.4,6.03,81.78,1,1.000,2,0.886,1,,0
163.82,163.82,UAV-2,SCOUT,ACTIVE,TRANSIT,2730.6,2524.4,1227.3,107.9,20.89,81.65,1,1.000,1,1.000,1,POI-009,0
163.82,163.82,UAV-3,SCOUT,ACTIVE,IDLE,2215.7,2376.0,1243.9,116.0,2.03,82.03,1,1.000,1,1.000,1,,0
163.82,163.82,UAV-4,SCOUT,ACTIVE,IDLE,2688.4,2552.5,1167.8,38.2,0.05,83.38,1,1.000,1,1.000,1,,0
163.82,163.82,UAV-5,SCOUT,ACTIVE,TRANSIT,2900.1,2682.3,1231.5,110.7,21.46,83.69,1,1.000,1,1.000,1,POI-008,0
164.82,164.82,UAV-1,RELAY,ACTIVE,RELAY_HOLD,3020.7,2762.8,1276.7,155.9,10.03,81.64,1,1.000,2,0.835,1,,0
164.82,164.82,UAV-2,SCOUT,ACTIVE,TRANSIT,2744.9,2539.7,1227.1,108.5,20.92,81.53,1,1.000,1,1.000,1,POI-009,0
164.82,164.82,UAV-3,SCOUT,ACTIVE,IDLE,2216.8,2375.9,1243.8,116.0,0.67,81.94,1,1.000,1,1.000,1,,0
164.82,164.82,UAV-4,SCOUT,ACTIVE,TRANSIT,2688.4,2552.5,1167.8,38.2,0.04,83.28,1,1.000,3,1.000,1,,0
164.82,164.82,UAV-5,SCOUT,ACTIVE,TRANSIT,2916.6,2696.0,1231.6,110.5,21.48,83.58,1,1.000,1,1.000,1,POI-008,0
165.82,165.82,UAV-1,RELAY,ACTIVE,RELAY_HOLD,3017.0,2753.1,1274.7,154.4,11.10,81.51,1,1.000,2,0.918,1,,0
165.82,165.82,UAV-2,SCOUT,ACTIVE,TRANSIT,2759.2,2555.0,1227.0,107.6,20.95,81.42,1,1.000,1,1.000,1,POI-009,0
165.82,165.82,UAV-3,SCOUT,ACTIVE,IDLE,2217.3,2375.9,1243.8,116.0,0.45,81.84,1,1.000,1,1.000,1,,0
165.82,165.82,UAV-4,SCOUT,ACTIVE,TRANSIT,2685.0,2550.3,1171.8,41.3,9.47,83.14,1,1.000,1,1.000,1,,0
165.82,165.82,UAV-5,SCOUT,ACTIVE,TRANSIT,2933.2,2709.7,1231.6,110.5,21.50,83.47,1,1.000,3,0.922,1,POI-008,0
166.82,166.82,UAV-1,RELAY,ACTIVE,RELAY_HOLD,3010.7,2742.8,1272.8,152.4,13.22,81.38,1,1.000,2,1.000,1,,0
166.82,166.82,UAV-2,SCOUT,ACTIVE,TRANSIT,2773.4,2570.4,1226.8,106.1,20.91,81.30,1,1.000,1,1.000,1,POI-009,0
166.82,166.82,UAV-3,SCOUT,ACTIVE,IDLE,2217.7,2375.9,1243.8,116.0,0.31,81.75,1,1.000,1,1.000,1,,0
166.82,166.82,UAV-4,SCOUT,ACTIVE,TRANSIT,2675.9,2546.9,1177.2,45.8,12.54,83.02,1,1.000,1,1.000,1,,0
166.82,166.82,UAV-5,SCOUT,ACTIVE,TRANSIT,2949.7,2723.4,1231.7,110.9,21.46,83.36,1,1.000,3,0.631,1,POI-008,0
167.82,167.82,UAV-1,RELAY,ACTIVE,RELAY_HOLD,3001.3,2733.0,1272.6,150.1,12.86,81.26,1,1.000,1,1.000,1,,0
167.82,167.82,UAV-2,SCOUT,ACTIVE,TRANSIT,2787.5,2585.8,1226.7,105.8,20.89,81.18,1,1.000,1,1.000,1,POI-009,0
167.82,167.82,UAV-3,SCOUT,ACTIVE,IDLE,2218.0,2375.8,1243.8,116.1,0.22,81.65,1,1.000,1,1.000,1,,0
167.82,167.82,UAV-4,SCOUT,ACTIVE,TRANSIT,2663.7,2543.6,1182.3,50.8,14.27,82.89,1,1.000,2,1.000,1,,0
167.82,167.82,UAV-5,SCOUT,ACTIVE,TRANSIT,2966.2,2737.1,1231.7,108.7,21.45,83.25,1,1.000,2,0.338,1,POI-008,0
168.82,168.82,UAV-1,RELAY,ACTIVE,RELAY_HOLD,2992.2,2724.9,1270.2,146.3,12.39,81.14,1,1.000,2,1.000,1,,0
168.82,168.82,UAV-2,SCOUT,ACTIVE,TRANSIT,2801.5,2601.3,1226.6,106.8,20.84,81.06,1,1.000,1,0.958,1,POI-009,0
168.82,168.82,UAV-3,SCOUT,ACTIVE,IDLE,2218.1,2375.8,1243.8,116.1,0.16,81.56,1,1.000,1,1.000,1,,0
168.82,168.82,UAV-4,SCOUT,ACTIVE,TRANSIT,2650.0,2540.6,1186.9,57.5,15.15,82.77,1,1.000,1,1.000,1,,0
168.82,168.82,UAV-5,SCOUT,ACTIVE,TRANSIT,2982.6,2750.9,1231.8,108.1,21.52,83.13,1,1.000,3,0.388,1,POI-008,0
169.82,169.82,UAV-1,RELAY,ACTIVE,RELAY_HOLD,2980.8,2720.7,1269.6,145.8,11.74,81.00,1,1.000,1,1.000,1,,0
169.82,169.82,UAV-2,SCOUT,ACTIVE,TRANSIT,2815.3,2616.8,1226.4,108.3,20.77,80.94,1,1.000,1,1.000,1,POI-009,0
169.82,169.82,UAV-3,SCOUT,ACTIVE,IDLE,2218.3,2375.8,1243.8,116.1,0.11,81.46,1,1.000,1,1.000,1,,0
169.82,169.82,UAV-4,SCOUT,ACTIVE,TRANSIT,2635.6,2537.6,1191.1,65.2,15.47,82.65,1,1.000,1,1.000,1,,0
169.82,169.82,UAV-5,SCOUT,ACTIVE,TRANSIT,2995.8,2761.4,1233.2,110.9,12.23,82.99,1,1.000,2,0.064,1,POI-008,0
170.82,170.82,UAV-1,RELAY,ACTIVE,RELAY_HOLD,2968.5,2721.4,1270.6,147.6,13.65,80.87,1,1.000,1,1.000,1,,0
170.82,170.82,UAV-2,SCOUT,ACTIVE,TRANSIT,2828.9,2632.5,1226.3,109.1,20.71,80.82,1,1.000,1,1.000,1,POI-009,0
170.82,170.82,UAV-3,SCOUT,ACTIVE,IDLE,2218.4,2375.8,1243.8,116.1,0.07,81.37,1,1.000,1,1.000,1,,0
170.82,170.82,UAV-4,SCOUT,ACTIVE,TRANSIT,2620.8,2534.9,1195.0,71.0,15.52,82.52,1,1.000,1,1.000,1,,0
170.82,170.82,UAV-5,SCOUT,ACTIVE,TRANSIT,3003.0,2765.7,1234.1,112.3,5.15,82.85,1,1.000,2,0.121,1,POI-008,0
171.82,171.82,UAV-1,RELAY,ACTIVE,RELAY_HOLD,2956.2,2722.6,1272.2,150.8,9.13,80.76,1,1.000,1,1.000,1,,0
171.82,171.82,UAV-2,SCOUT,ACTIVE,TRANSIT,2842.8,2647.6,1226.6,109.6,20.28,80.69,1,1.000,1,1.000,1,POI-009,0
171.82,171.82,UAV-3,SCOUT,ACTIVE,IDLE,2218.4,2375.8,1243.8,116.1,0.05,81.28,1,1.000,1,1.000,1,,0
171.82,171.82,UAV-4,SCOUT,ACTIVE,TRANSIT,2606.0,2532.2,1198.5,72.9,15.41,82.40,1,1.000,1,1.000,1,,0
171.82,171.82,UAV-5,SCOUT,ACTIVE,TRANSIT,3005.6,2764.7,1234.7,113.1,3.81,82.73,1,1.000,2,0.110,1,POI-008,0
172.82,172.82,UAV-1,RELAY,ACTIVE,RELAY_HOLD,2951.1,2722.3,1271.2,150.4,2.78,80.64,1,1.000,1,1.000,1,,0
172.82,172.82,UAV-2,SCOUT,ACTIVE,TRANSIT,2858.7,2660.7,1227.1,110.7,20.97,80.57,1,1.000,1,1.000,1,POI-009,0
172.82,172.82,UAV-3,SCOUT,ACTIVE,IDLE,2218.5,2375.8,1243.8,116.1,0.04,81.18,1,1.000,1,1.000,1,,0
172.82,172.82,UAV-4,SCOUT,ACTIVE,TRANSIT,2591.2,2529.8,1201.7,72.3,15.19,82.27,1,1.000,1,1.000,1,,0
172.82,172.82,UAV-5,SCOUT,ACTIVE,TRANSIT,3005.7,2758.2,1235.0,113.6,9.17,82.60,1,1.000,2,0.238,1,POI-008,0
173.82,173.82,UAV-1,RELAY,ACTIVE,RELAY_HOLD,2952.6,2720.9,1268.9,147.9,5.71,80.52,1,1.000,1,1.000,1,,0
173.82,173.82,UAV-2,SCOUT,ACTIVE,TRANSIT,2875.4,2673.8,1227.6,110.0,21.34,80.46,1,1.000,1,1.000,1,POI-009,0
173.82,173.82,UAV-3,SCOUT,ACTIVE,IDLE,2218.5,2375.8,1243.8,116.1,0.03,81.09,1,1.000,1,1.000,1,,0
173.82,173.82,UAV-4,SCOUT,ACTIVE,TRANSIT,2576.5,2527.6,1204.3,70.4,14.93,82.15,1,1.000,1,1.000,1,,0
173.82,173.82,UAV-5,SCOUT,ACTIVE,TRANSIT,3005.1,2746.9,1235.2,114.0,13.11,82.48,1,1.000,2,0.551,1,POI-008,0
174.82,174.82,UAV-1,RELAY,ACTIVE,RELAY_HOLD,2958.9,2718.8,1265.4,143.6,7.69,80.39,1,1.000,1,1.000,1,,0
174.82,174.82,UAV-2,SCOUT,ACTIVE,TRANSIT,2892.2,2687.0,1228.2,108.5,21.50,80.34,1,1.000,2,1.000,1,POI-009,0
174.82,174.82,UAV-3,SCOUT,ACTIVE,IDLE,2218.5,2375.8,1243.8,116.1,0.02,80.99,1,1.000,1,1.000,1,,0
174.82,174.82,UAV-4,SCOUT,ACTIVE,TRANSIT,2562.0,2525.7,1206.4,68.7,14.64,82.03,1,1.000,1,1.000,1,,0
174.82,174.82,UAV-5,SCOUT,ACTIVE,TRANSIT,3004.6,2732.8,1235.0,113.0,13.57,82.37,1,1.000,2,0.774,1,POI-008,0
175.82,175.82,UAV-1,RELAY,ACTIVE,RELAY_HOLD,2961.9,2710.7,1269.3,146.6,14.02,80.24,1,1.000,1,1.000,1,,0
175.82,175.82,UAV-2,SCOUT,ACTIVE,TRANSIT,2909.2,2700.3,1228.7,108.2,21.62,80.23,1,1.000,1,1.000,1,POI-009,0
175.82,175.82,UAV-3,SCOUT,ACTIVE,IDLE,2218.6,2375.8,1243.8,116.1,0.02,80.90,1,1.000,1,1.000,1,,0
175.82,175.82,UAV-4,SCOUT,ACTIVE,TRANSIT,2548.3,2523.8,1207.1,68.3,13.16,81.91,1,1.000,1,1.000,1,,0
175.82,175.82,UAV-5,SCOUT,ACTIVE,TRANSIT,3004.8,2721.9,1230.0,106.5,11.79,82.26,1,1.000,2,0.936,1,POI-008,0
176.82,176.82,UAV-1,RELAY,ACTIVE,RELAY_HOLD,2961.5,2698.1,1280.8,156.6,19.39,80.09,1,1.000,1,1.000,1,,0
176.82,176.82,UAV-2,SCOUT,ACTIVE,TRANSIT,2926.2,2713.7,1229.2,108.2,21.71,80.12,1,1.000,2,0.998,1,POI-009,0
176.82,176.82,UAV-3,SCOUT,ACTIVE,IDLE,2218.6,2375.8,1243.8,116.1,0.02,80.80,1,1.000,1,1.000,1,,0
176.82,176.82,UAV-4,SCOUT,ACTIVE,TRANSIT,2535.4,2520.7,1206.6,67.9,13.49,81.79,1,1.000,1,1.000,1,,0
176.82,176.82,UAV-5,SCOUT,ACTIVE,TRANSIT,3005.4,2714.9,1219.7,95.1,13.51,82.14,1,1.000,2,0.958,1,POI-008,0
177.82,177.82,UAV-1,RELAY,ACTIVE,RELAY_HOLD,2960.3,2687.3,1290.5,164.7,10.07,79.97,1,1.000,1,1.000,1,,0
177.82,177.82,UAV-2,SCOUT,ACTIVE,TRANSIT,2943.2,2727.2,1229.8,109.1,21.73,80.01,1,1.000,2,0.460,1,POI-009,0
177.82,177.82,UAV-3,SCOUT,ACTIVE,IDLE,2218.6,2375.8,1243.8,116.1,0.00,80.71,1,1.000,1,1.000,1,,0
177.82,177.82,UAV-4,SCOUT,ACTIVE,TRANSIT,2522.2,2517.2,1206.1,67.2,13.82,81.67,1,1.000,1,1.000,1,,0
177.82,177.82,UAV-5,SCOUT,ACTIVE,TRANSIT,3006.2,2711.1,1205.6,80.6,15.60,82.02,1,1.000,2,0.800,1,POI-008,0
178.82,178.82,UAV-1,RELAY,ACTIVE,RELAY_HOLD,2960.9,2680.0,1291.5,164.5,6.55,79.85,1,1.000,1,1.000,1,,0
178.82,178.82,UAV-2,SCOUT,ACTIVE,TRANSIT,2960.2,2740.7,1230.3,107.8,21.68,79.90,1,1.000,2,0.338,1,POI-009,0
178.82,178.82,UAV-3,SCOUT,ACTIVE,IDLE,2218.6,2375.8,1243.8,116.1,0.00,80.62,1,1.000,1,1.000,1,,0
178.82,178.82,UAV-4,SCOUT,ACTIVE,TRANSIT,2508.7,2513.9,1205.6,67.3,14.02,81.55,1,1.000,1,1.000,1,,0
178.82,178.82,UAV-5,SCOUT,ACTIVE,SURVEY,3006.9,2709.4,1189.4,64.1,17.04,81.90,1,1.000,2,0.521,1,POI-008,0
179.82,179.82,UAV-1,RELAY,ACTIVE,RELAY_HOLD,2961.4,2675.2,1285.6,157.9,9.58,79.73,1,1.000,1,1.000,1,,0
179.82,179.82,UAV-2,SCOUT,ACTIVE,TRANSIT,2977.2,2754.1,1230.8,107.3,21.63,79.79,1,1.000,2,0.316,1,POI-009,0
179.82,179.82,UAV-3,SCOUT,ACTIVE,IDLE,2218.6,2375.8,1243.8,116.1,0.00,80.52,1,1.000,2,1.000,1,,0
179.82,179.82,UAV-4,SCOUT,ACTIVE,TRANSIT,2495.0,2510.8,1205.2,68.4,14.11,81.43,1,1.000,1,1.000,1,,0
179.82,179.82,UAV-5,SCOUT,ACTIVE,SURVEY,3007.4,2709.0,1171.9,46.6,17.81,81.78,1,1.000,2,0.206,1,POI-008,0
180.82,180.82,UAV-1,RELAY,ACTIVE,RELAY_HOLD,2959.8,2675.2,1278.8,151.4,6.40,79.60,1,1.000,1,1.000,1,,0
180.82,180.82,UAV-2,SCOUT,KILLED,LANDED,2992.8,2766.5,1227.7,105.2,19.05,79.77,0,1.000,2,0.000,1,POI-009,0
180.82,180.82,UAV-3,SCOUT,ACTIVE,IDLE,2218.6,2375.8,1243.8,116.1,0.00,80.43,1,1.000,1,1.000,1,,0
180.82,180.82,UAV-4,SCOUT,ACTIVE,TRANSIT,2481.2,2507.8,1204.8,69.5,14.09,81.31,1,1.000,1,1.000,1,,0
180.82,180.82,UAV-5,SCOUT,ACTIVE,IDLE,3005.1,2709.9,1159.1,33.7,6.80,81.64,1,1.000,2,0.108,1,,4
181.82,181.82,UAV-1,RELAY,ACTIVE,RELAY_HOLD,2957.1,2682.5,1276.2,150.2,10.79,79.47,1,1.000,1,1.000,1,,0
181.82,181.82,UAV-2,SCOUT,KILLED,LANDED,3004.9,2776.1,1216.6,95.0,19.86,79.77,0,1.000,2,0.000,1,POI-009,0
181.82,181.82,UAV-3,SCOUT,ACTIVE,IDLE,2218.6,2375.8,1243.8,116.1,0.00,80.33,1,1.000,1,1.000,1,,0
181.82,181.82,UAV-4,SCOUT,ACTIVE,TRANSIT,2467.3,2505.1,1204.4,70.3,14.09,81.19,1,1.000,1,1.000,1,,0
181.82,181.82,UAV-5,SCOUT,ACTIVE,IDLE,3003.7,2711.1,1157.3,32.1,1.38,81.52,1,1.000,2,0.053,1,,0
182.82,182.82,UAV-1,RELAY,ACTIVE,RELAY_HOLD,2956.5,2692.6,1273.7,149.3,8.30,79.34,1,1.000,1,1.000,1,,0
182.82,182.82,UAV-2,SCOUT,KILLED,LANDED,3014.4,2783.6,1199.3,78.4,22.56,79.77,0,1.000,2,0.000,1,POI-009,0
182.82,182.82,UAV-3,SCOUT,ACTIVE,IDLE,2218.6,2375.8,1243.8,116.1,0.00,80.24,1,1.000,1,1.000,1,,0
182.82,182.82,UAV-4,SCOUT,ACTIVE,TRANSIT,2453.5,2502.6,1204.1,71.0,14.07,81.07,1,1.000,1,1.000,1,,0
182.82,182.82,UAV-5,SCOUT,ACTIVE,IDLE,3002.9,2711.9,1157.6,32.5,0.99,81.42,1,1.000,2,0.004,1,,0
183.82,183.82,UAV-1,RELAY,ACTIVE,RELAY_HOLD,2960.4,2697.4,1270.2,146.0,7.46,79.20,1,1.000,1,1.000,1,,0
183.82,183.82,UAV-2,SCOUT,KILLED,LANDED,3021.8,2789.5,1177.2,56.3,25.56,79.77,0,1.000,2,0.000,1,POI-009,0
183.82,183.82,UAV-3,SCOUT,ACTIVE,IDLE,2218.6,2375.8,1243.8,116.1,0.00,80.14,1,1.000,1,1.000,1,,0
183.82,183.82,UAV-4,SCOUT,ACTIVE,TRANSIT,2439.6,2500.4,1203.8,71.7,14.07,80.95,1,1.000,1,1.000,1,,0
183.82,183.82,UAV-5,SCOUT,ACTIVE,IDLE,3002.4,2712.5,1157.9,32.8,0.69,81.33,1,1.000,2,0.027,1,,0
184.82,184.82,UAV-1,RELAY,ACTIVE,RELAY_HOLD,2970.1,2696.7,1268.5,143.1,13.12,79.06,1,1.000,1,1.000,1,,0
184.82,184.82,UAV-2,SCOUT,KILLED,LANDED,3027.5,2794.0,1151.2,30.4,28.26,79.77,0,1.000,2,0.000,1,POI-009,0
184.82,184.82,UAV-3,SCOUT,ACTIVE,IDLE,2218.6,2375.8,1243.8,116.1,0.00,80.05,1,1.000,1,1.000,1,,0
184.82,184.82,UAV-4,SCOUT,ACTIVE,TRANSIT,2425.7,2498.4,1203.5,71.5,14.08,80.83,1,1.000,1,1.000,1,,0
184.82,184.82,UAV-5,SCOUT,ACTIVE,IDLE,3002.1,2712.9,1158.0,33.0,0.48,81.23,1,1.000,2,0.011,1,,0
185.82,185.82,UAV-1,RELAY,ACTIVE,RELAY_HOLD,2985.8,2694.3,1268.3,141.6,17.83,78.94,1,1.000,1,1.000,1,,0
185.82,185.82,UAV-2,SCOUT,KILLED,LANDED,3032.0,2797.6,1122.3,1.3,30.53,79.77,0,1.000,2,0.000,1,,0
185.82,185.82,UAV-3,SCOUT,ACTIVE,IDLE,2218.6,2375.8,1243.8,116.1,0.00,79.95,1,1.000,1,1.000,1,,0
185.82,185.82,UAV-4,SCOUT,ACTIVE,TRANSIT,2411.7,2496.7,1203.3,71.2,14.11,80.71,1,1.000,1,1.000,1,,0
185.82,185.82,UAV-5,SCOUT,ACTIVE,TRANSIT,3001.9,2713.2,1162.2,37.3,9.58,81.09,1,1.000,2,0.089,1,POI-009,0
186.82,186.82,UAV-1,RELAY,ACTIVE,RELAY_HOLD,3002.0,2694.7,1271.0,143.9,13.08,78.81,1,1.000,1,1.000,1,,0
186.82,186.82,UAV-2,SCOUT,KILLED,LANDED,3032.1,2797.7,1121.4,0.3,0.00,79.77,0,1.000,2,0.000,1,,0
186.82,186.82,UAV-3,SCOUT,ACTIVE,IDLE,2218.6,2375.8,1243.8,116.1,0.00,79.86,1,1.000,1,1.000,1,,0
186.82,186.82,UAV-4,SCOUT,ACTIVE,TRANSIT,2397.6,2495.4,1203.2,71.1,14.15,80.59,1,1.000,1,1.000,1,,0
186.82,186.82,UAV-5,SCOUT,ACTIVE,TRANSIT,3001.9,2713.4,1176.3,51.3,17.55,80.94,1,1.000,2,0.103,1,POI-009,0
187.82,187.82,UAV-1,RELAY,ACTIVE,RELAY_HOLD,3010.7,2696.8,1274.3,147.9,6.52,78.69,1,1.000,1,1.000,1,,0
187.82,187.82,UAV-2,SCOUT,KILLED,LANDED,3032.1,2797.7,1121.4,0.3,0.00,79.77,0,1.000,2,0.000,1,,0
187.82,187.82,UAV-3,SCOUT,ACTIVE,IDLE,2218.6,2375.8,1243.8,116.1,0.00,79.77,1,1.000,1,1.000,1,,0
187.82,187.82,UAV-4,SCOUT,ACTIVE,TRANSIT,2382.1,2492.8,1206.8,74.6,17.45,80.44,1,1.000,1,1.000,1,,0
187.82,187.82,UAV-5,SCOUT,ACTIVE,TRANSIT,3002.1,2713.4,1195.8,70.9,20.55,80.80,1,1.000,2,0.513,1,POI-009,0
188.82,188.82,UAV-1,RELAY,ACTIVE,RELAY_HOLD,3012.7,2697.8,1277.1,151.0,2.86,78.57,1,1.000,1,1.000,1,,0
188.82,188.82,UAV-2,SCOUT,KILLED,LANDED,3032.1,2797.7,1121.4,0.3,0.00,79.77,0,1.000,2,0.000,1,,0
188.82,188.82,UAV-3,SCOUT,ACTIVE,IDLE,2218.6,2375.8,1243.8,116.1,0.00,79.67,1,1.000,1,1.000,1,,0
188.82,188.82,UAV-4,SCOUT,ACTIVE,TRANSIT,2366.0,2489.5,1212.5,81.0,17.23,80.32,1,1.000,1,1.000,1,,0
188.82,188.82,UAV-5,SCOUT,ACTIVE,TRANSIT,3002.1,2713.6,1215.0,90.1,14.48,80.66,1,1.000,2,0.888,1,POI-009,0
189.82,189.82,UAV-1,RELAY,ACTIVE,RELAY_HOLD,3009.4,2698.5,1278.4,152.1,5.59,78.45,1,1.000,1,1.000,1,,0
189.82,189.82,UAV-2,SCOUT,KILLED,LANDED,3032.1,2797.7,1121.4,0.3,0.00,79.77,0,1.000,2,0.000,1,,0
189.82,189.82,UAV-3,SCOUT,ACTIVE,IDLE,2218.6,2375.8,1243.8,116.1,0.00,79.58,1,1.000,1,1.000,1,,0
189.82,189.82,UAV-4,SCOUT,ACTIVE,TRANSIT,2350.3,2486.3,1218.2,88.1,16.83,80.19,1,1.000,1,1.000,1,,0
189.82,189.82,UAV-5,SCOUT,ACTIVE,TRANSIT,3003.7,2714.7,1224.3,99.6,5.76,80.53,1,1.000,2,0.981,1,POI-009,0
190.82,190.82,UAV-1,RELAY,ACTIVE,RELAY_HOLD,3001.8,2699.8,1279.1,152.4,9.75,78.33,1,1.000,1,1.000,1,,0
190.82,190.82,UAV-2,SCOUT,KILLED,LANDED,3032.1,2797.7,1121.4,0.3,0.00,79.77,0,1.000,2,0.000,1,,0
190.82,190.82,UAV-3,SCOUT,ACTIVE,IDLE,2218.6,2375.8,1243.8,116.1,0.00,79.48,1,1.000,1,1.000,1,,0
190.82,190.82,UAV-4,SCOUT,ACTIVE,TRANSIT,2334.8,2483.2,1223.6,95.1,16.50,80.06,1,1.000,1,1.000,1,,0
190.82,190.82,UAV-5,SCOUT,ACTIVE,TRANSIT,3007.3,2717.5,1226.5,102.5,7.16,80.40,1,1.000,2,0.935,1,POI-009,0
191.82,191.82,UAV-1,RELAY,ACTIVE,RELAY_HOLD,2990.6,2701.1,1280.6,154.6,12.67,78.20,1,1.000,1,1.000,1,,0
191.82,191.82,UAV-2,SCOUT,KILLED,LANDED,3032.1,2797.7,1121.4,0.3,0.00,79.77,0,1.000,2,0.000,1,,0
191.82,191.82,UAV-3,SCOUT,ACTIVE,IDLE,2218.6,2375.8,1243.8,116.1,0.00,79.39,1,1.000,1,1.000,1,,0
191.82,191.82,UAV-4,SCOUT,ACTIVE,TRANSIT,2319.6,2480.1,1228.6,100.3,16.18,79.94,1,1.000,1,1.000,1,,0
191.82,191.82,UAV-5,SCOUT,ACTIVE,TRANSIT,3015.1,2724.0,1227.2,105.1,12.82,80.26,1,1.000,2,0.743,1,POI-009,0
192.82,192.82,UAV-1,RELAY,ACTIVE,RELAY_HOLD,2978.7,2702.7,1282.2,157.5,9.55,78.09,1,1.000,1,1.000,1,,0
192.82,192.82,UAV-2,SCOUT,KILLED,LANDED,3032.1,2797.7,1121.4,0.3,0.00,79.77,0,1.000,2,0.000,1,,0
192.82,192.82,UAV-3,SCOUT,ACTIVE,IDLE,2218.6,2375.8,1243.8,116.1,0.00,79.29,1,1.000,1,1.000,1,,0
192.82,192.82,UAV-4,SCOUT,ACTIVE,TRANSIT,2304.5,2477.2,1233.3,102.8,15.88,79.81,1,1.000,1,1.000,1,,0
192.82,192.82,UAV-5,SCOUT,ACTIVE,TRANSIT,3026.5,2733.7,1227.8,106.8,16.82,80.13,1,1.000,2,0.477,1,POI-009,0
193.82,193.82,UAV-1,RELAY,ACTIVE,RELAY_HOLD,2974.1,2705.6,1282.5,158.3,3.74,77.96,1,1.000,1,1.000,1,,0
193.82,193.82,UAV-2,SCOUT,KILLED,LANDED,3032.1,2797.7,1121.4,0.3,0.00,79.77,0,1.000,2,0.000,1,,0
193.82,193.82,UAV-3,SCOUT,ACTIVE,IDLE,2218.6,2375.8,1243.8,116.1,0.00,79.20,1,1.000,1,1.000,1,,0
193.82,193.82,UAV-4,SCOUT,ACTIVE,TRANSIT,2289.7,2474.5,1237.5,104.8,15.56,79.69,1,1.000,1,1.000,1,,0
193.82,193.82,UAV-5,SCOUT,ACTIVE,TRANSIT,3039.8,2745.9,1228.2,106.0,18.94,80.00,1,1.000,2,0.349,1,POI-009,0
194.82,194.82,UAV-1,RELAY,ACTIVE,RELAY_HOLD,2977.2,2708.8,1283.6,159.6,5.50,77.84,1,1.000,1,1.000,1,,0
194.82,194.82,UAV-2,SCOUT,KILLED,LANDED,3032.1,2797.7,1121.4,0.3,0.00,79.77,0,1.000,2,0.000,1,,0
194.82,194.82,UAV-3,SCOUT,ACTIVE,IDLE,2218.6,2375.8,1243.8,116.1,0.00,79.10,1,1.000,1,1.000,1,,0
194.82,194.82,UAV-4,SCOUT,ACTIVE,TRANSIT,2274.9,2471.9,1241.3,107.4,15.24,79.56,1,1.000,1,1.000,1,,0
194.82,194.82,UAV-5,SCOUT,ACTIVE,TRANSIT,3053.8,2759.6,1228.6,104.7,20.03,79.88,1,1.000,2,0.191,1,POI-009,0
195.82,195.82,UAV-1,RELAY,ACTIVE,RELAY_HOLD,2978.6,2710.4,1285.2,161.3,2.52,77.72,1,1.000,1,1.000,1,,0
195.82,195.82,UAV-2,SCOUT,KILLED,LANDED,3032.1,2797.7,1121.4,0.3,0.00,79.77,0,1.000,2,0.000,1,,0
195.82,195.82,UAV-3,SCOUT,ACTIVE,IDLE,2218.6,2375.8,1243.8,116.1,0.00,79.01,1,1.000,1,1.000,1,,0
195.82,195.82,UAV-4,SCOUT,ACTIVE,TRANSIT,2260.4,2469.6,1244.5,110.8,14.82,79.44,1,1.000,1,1.000,1,,0
195.82,195.82,UAV-5,SCOUT,ACTIVE,TRANSIT,3068.0,2774.1,1229.0,103.4,20.62,79.75,1,1.000,2,0.117,1,POI-009,0
196.82,196.82,UAV-1,RELAY,ACTIVE,RELAY_HOLD,2974.0,2708.4,1289.2,165.3,11.48,77.58,1,1.000,1,1.000,1,,0
196.82,196.82,UAV-2,SCOUT,KILLED,LANDED,3032.1,2797.7,1121.4,0.3,0.00,79.77,0,1.000,2,0.000,1,,0
196.82,196.82,UAV-3,SCOUT,ACTIVE,IDLE,2218.6,2375.8,1243.8,116.1,0.00,78.92,1,1.000,1,1.000,1,,0
196.82,196.82,UAV-4,SCOUT,ACTIVE,TRANSIT,2246.2,2467.6,1247.1,114.9,14.39,79.32,1,1.000,1,1.000,1,,0
196.82,196.82,UAV-5,SCOUT,ACTIVE,TRANSIT,3082.4,2789.1,1229.4,104.7,20.91,79.64,1,1.000,2,0.012,1,POI-009,0
197.82,197.82,UAV-1,RELAY,ACTIVE,RELAY_HOLD,2967.8,2699.8,1298.5,173.9,12.60,77.45,1,1.000,1,1.000,1,,0
197.82,197.82,UAV-2,SCOUT,KILLED,LANDED,3032.1,2797.7,1121.4,0.3,0.00,79.77,0,1.000,2,0.000,1,,0
197.82,197.82,UAV-3,SCOUT,ACTIVE,IDLE,2218.6,2375.8,1243.8,116.1,0.00,78.82,1,1.000,1,1.000,1,,0
197.82,197.82,UAV-4,SCOUT,ACTIVE,IDLE,2232.8,2466.1,1248.6,117.3,10.67,79.20,1,1.000,1,1.000,1,,0
197.82,197.82,UAV-5,SCOUT,ACTIVE,TRANSIT,3097.0,2804.2,1229.8,106.8,21.02,79.52,1,1.000,2,0.009,1,POI-009,0
198.82,198.82,UAV-1,RELAY,ACTIVE,RELAY_HOLD,2963.0,2692.9,1301.2,175.9,6.34,77.34,1,1.000,1,1.000,1,,0
198.82,198.82,UAV-2,SCOUT,KILLED,LANDED,3032.1,2797.7,1121.4,0.3,0.00,79.77,0,1.000,2,0.000,1,,0
198.82,198.82,UAV-3,SCOUT,ACTIVE,IDLE,2218.6,2375.8,1243.8,116.1,0.00,78.73,1,1.000,1,1.000,1,,0
198.82,198.82,UAV-4,SCOUT,ACTIVE,IDLE,2227.0,2465.7,1248.7,117.8,1.69,79.09,1,1.000,1,1.000,1,,0
198.82,198.82,UAV-5,SCOUT,ACTIVE,TRANSIT,3111.6,2819.3,1230.1,108.7,21.10,79.40,1,1.000,2,0.000,1,POI-009,0
199.82,199.82,UAV-1,RELAY,ACTIVE,RELAY_HOLD,2959.6,2691.8,1300.9,175.9,3.70,77.21,1,1.000,1,1.000,1,,0
199.82,199.82,UAV-2,SCOUT,KILLED,LANDED,3032.1,2797.7,1121.4,0.3,0.00,79.77,0,1.000,2,0.000,1,,0
199.82,199.82,UAV-3,SCOUT,ACTIVE,IDLE,2218.6,2375.8,1243.8,116.1,0.00,78.63,1,1.000,1,1.000,1,,0
199.82,199.82,UAV-4,SCOUT,ACTIVE,IDLE,2226.9,2465.7,1248.7,117.7,0.40,78.99,1,1.000,1,1.000,1,,0
199.82,199.82,UAV-5,SCOUT,ACTIVE,TRANSIT,3126.2,2834.6,1230.5,108.9,21.14,79.28,1,1.000,2,0.000,1,POI-009,0
200.82,200.82,UAV-1,RELAY,ACTIVE,RELAY_HOLD,2957.3,2696.3,1301.2,177.2,4.68,77.10,1,1.000,1,1.000,1,,0
200.82,200.82,UAV-2,SCOUT,KILLED,LANDED,3032.1,2797.7,1121.4,0.3,0.00,79.77,0,1.000,2,0.000,1,,0
200.82,200.82,UAV-3,SCOUT,ACTIVE,IDLE,2218.6,2375.8,1243.8,116.1,0.00,78.54,1,1.000,1,1.000,1,,0
200.82,200.82,UAV-4,SCOUT,ACTIVE,IDLE,2227.3,2465.7,1248.7,117.7,0.32,78.90,1,1.000,1,1.000,1,,0
200.82,200.82,UAV-5,SCOUT,ACTIVE,TRANSIT,3140.7,2849.9,1230.8,107.4,21.06,79.17,1,1.000,2,0.000,1,POI-009,0
201.82,201.82,UAV-1,RELAY,ACTIVE,RELAY_HOLD,2955.1,2697.7,1301.3,177.9,2.26,77.00,1,1.000,2,1.000,1,,0
201.82,201.82,UAV-2,SCOUT,KILLED,LANDED,3032.1,2797.7,1121.4,0.3,0.00,79.77,0,1.000,2,0.000,1,,0
201.82,201.82,UAV-3,SCOUT,ACTIVE,IDLE,2218.6,2375.8,1243.8,116.1,0.00,78.44,1,1.000,1,1.000,1,,0
201.82,201.82,UAV-4,SCOUT,ACTIVE,IDLE,2227.6,2465.7,1248.7,117.7,0.23,78.80,1,1.000,1,1.000,1,,0
201.82,201.82,UAV-5,SCOUT,ACTIVE,TRANSIT,3155.2,2865.2,1231.1,106.9,21.01,79.05,1,1.000,3,0.000,1,POI-009,0
202.82,202.82,UAV-1,RELAY,ACTIVE,RELAY_HOLD,2953.1,2697.7,1301.4,178.1,2.07,76.91,1,1.000,1,1.000,1,,0
202.82,202.82,UAV-2,SCOUT,KILLED,LANDED,3032.1,2797.7,1121.4,0.3,0.00,79.77,0,1.000,2,0.000,1,,0
202.82,202.82,UAV-3,SCOUT,ACTIVE,IDLE,2218.6,2375.8,1243.8,116.1,0.00,78.35,1,1.000,1,1.000,1,,0
202.82,202.82,UAV-4,SCOUT,ACTIVE,IDLE,2227.8,2465.7,1248.7,117.6,0.16,78.71,1,1.000,1,1.000,1,,0
202.82,202.82,UAV-5,SCOUT,ACTIVE,TRANSIT,3169.5,2880.5,1231.4,109.1,20.96,78.93,1,1.000,2,0.000,1,POI-009,0
203.82,203.82,UAV-1,RELAY,ACTIVE,RELAY_HOLD,2951.2,2698.1,1301.3,178.4,1.84,76.81,1,1.000,2,1.000,1,,0
203.82,203.82,UAV-2,SCOUT,KILLED,LANDED,3032.1,2797.7,1121.4,0.3,0.00,79.77,0,1.000,2,0.000,1,,0
203.82,203.82,UAV-3,SCOUT,ACTIVE,IDLE,2218.6,2375.8,1243.8,116.1,0.00,78.25,1,1.000,1,1.000,1,,0
203.82,203.82,UAV-4,SCOUT,ACTIVE,IDLE,2227.9,2465.7,1248.7,117.6,0.11,78.61,1,1.000,1,1.000,1,,0
203.82,203.82,UAV-5,SCOUT,ACTIVE,TRANSIT,3183.7,2895.9,1231.7,111.2,20.91,78.81,1,1.000,3,0.000,1,POI-009,0
204.82,204.82,UAV-1,RELAY,ACTIVE,RELAY_HOLD,2949.7,2698.4,1301.3,178.5,1.61,76.71,1,1.000,1,1.000,1,,0
204.82,204.82,UAV-2,SCOUT,KILLED,LANDED,3032.1,2797.7,1121.4,0.3,0.00,79.77,0,1.000,2,0.000,1,,0
204.82,204.82,UAV-3,SCOUT,ACTIVE,IDLE,2218.6,2375.8,1243.8,116.1,0.00,78.16,1,1.000,1,1.000,1,,0
204.82,204.82,UAV-4,SCOUT,ACTIVE,IDLE,2228.0,2465.7,1248.7,117.6,0.08,78.52,1,1.000,1,1.000,1,,0
204.82,204.82,UAV-5,SCOUT,ACTIVE,TRANSIT,3197.7,2911.4,1232.0,112.4,20.84,78.69,1,1.000,2,0.000,1,POI-009,0
205.82,205.82,UAV-1,RELAY,ACTIVE,RELAY_HOLD,2948.5,2698.7,1301.1,178.4,2.04,76.61,1,1.000,1,1.000,1,,0
205.82,205.82,UAV-2,SCOUT,KILLED,LANDED,3032.1,2797.7,1121.4,0.3,0.00,79.77,0,1.000,2,0.000,1,,0
205.82,205.82,UAV-3,SCOUT,ACTIVE,IDLE,2218.6,2375.8,1243.8,116.1,0.00,78.07,1,1.000,1,1.000,1,,0
205.82,205.82,UAV-4,SCOUT,ACTIVE,IDLE,2228.1,2465.7,1248.7,117.6,0.06,78.42,1,1.000,1,1.000,1,,0
205.82,205.82,UAV-5,SCOUT,ACTIVE,TRANSIT,3211.3,2927.1,1232.3,111.8,20.75,78.57,1,1.000,2,0.000,1,POI-009,0
206.82,206.82,UAV-1,RELAY,ACTIVE,RELAY_HOLD,2951.5,2700.8,1301.0,178.3,9.41,76.46,1,1.000,1,1.000,1,,0
206.82,206.82,UAV-2,SCOUT,KILLED,LANDED,3032.1,2797.7,1121.4,0.3,0.00,79.77,0,1.000,2,0.000,1,,0
206.82,206.82,UAV-3,SCOUT,ACTIVE,IDLE,2218.6,2375.8,1243.8,116.1,0.00,77.97,1,1.000,1,1.000,1,,0
206.82,206.82,UAV-4,SCOUT,ACTIVE,IDLE,2228.1,2465.7,1248.7,117.6,0.04,78.33,1,1.000,1,1.000,1,,0
206.82,206.82,UAV-5,SCOUT,ACTIVE,TRANSIT,3224.0,2943.4,1232.9,110.1,20.69,78.45,1,1.000,2,0.000,1,POI-009,0
207.82,207.82,UAV-1,RELAY,ACTIVE,RELAY_HOLD,2959.5,2702.9,1305.0,181.7,7.16,76.34,1,1.000,1,1.000,1,,0
207.82,207.82,UAV-2,SCOUT,KILLED,LANDED,3032.1,2797.7,1121.4,0.3,0.00,79.77,0,1.000,2,0.000,1,,0
207.82,207.82,UAV-3,SCOUT,ACTIVE,IDLE,2218.6,2375.8,1243.8,116.1,0.00,77.88,1,1.000,1,1.000,1,,0
207.82,207.82,UAV-4,SCOUT,ACTIVE,IDLE,2228.1,2465.7,1248.7,117.6,0.02,78.23,1,1.000,1,1.000,1,,0
207.82,207.82,UAV-5,SCOUT,ACTIVE,TRANSIT,3236.6,2959.8,1233.5,107.3,20.65,78.33,1,1.000,2,0.000,1,POI-009,0
208.82,208.82,UAV-1,RELAY,ACTIVE,RELAY_HOLD,2965.4,2703.7,1303.2,179.5,7.42,76.21,1,1.000,1,1.000,1,,0
208.82,208.82,UAV-2,SCOUT,KILLED,LANDED,3032.1,2797.7,1121.4,0.3,0.00,79.77,0,1.000,2,0.000,1,,0
208.82,208.82,UAV-3,SCOUT,ACTIVE,IDLE,2218.6,2375.8,1243.8,116.1,0.00,77.78,1,1.000,1,1.000,1,,0
208.82,208.82,UAV-4,SCOUT,ACTIVE,IDLE,2228.2,2465.7,1248.7,117.6,0.02,78.14,1,1.000,1,1.000,1,,0
208.82,208.82,UAV-5,SCOUT,ACTIVE,TRANSIT,3249.1,2976.2,1234.1,105.7,20.62,78.20,1,1.000,2,0.000,1,POI-009,0
209.82,209.82,UAV-1,RELAY,ACTIVE,RELAY_HOLD,2969.3,2706.1,1296.3,172.5,7.86,76.08,1,1.000,1,1.000,1,,0
209.82,209.82,UAV-2,SCOUT,KILLED,LANDED,3032.1,2797.7,1121.4,0.3,0.00,79.77,0,1.000,2,0.000,1,,0
209.82,209.82,UAV-3,SCOUT,ACTIVE,IDLE,2218.6,2375.8,1243.8,116.1,0.00,77.69,1,1.000,1,1.000,1,,0
209.82,209.82,UAV-4,SCOUT,ACTIVE,IDLE,2228.2,2465.7,1248.7,117.6,0.02,78.05,1,1.000,1,1.000,1,,0
209.82,209.82,UAV-5,SCOUT,ACTIVE,TRANSIT,3261.5,2992.7,1234.7,105.8,20.63,78.08,1,1.000,2,0.000,1,POI-009,0
210.82,210.82,UAV-1,RELAY,ACTIVE,RELAY_HOLD,2966.6,2711.3,1292.7,169.6,7.51,75.94,1,1.000,1,1.000,1,,0
210.82,210.82,UAV-2,SCOUT,KILLED,LANDED,3032.1,2797.7,1121.4,0.3,0.00,79.77,0,1.000,2,0.000,1,,0
210.82,210.82,UAV-3,SCOUT,ACTIVE,IDLE,2218.6,2375.8,1243.8,116.1,0.00,77.59,1,1.000,1,1.000,1,,0
210.82,210.82,UAV-4,SCOUT,ACTIVE,IDLE,2228.2,2465.7,1248.7,117.6,0.01,77.95,1,1.000,1,1.000,1,,0
210.82,210.82,UAV-5,SCOUT,ACTIVE,TRANSIT,3273.8,3009.2,1235.2,107.6,20.62,77.96,1,1.000,2,0.000,1,POI-009,0
211.82,211.82,UAV-1,RELAY,ACTIVE,RELAY_HOLD,2958.0,2713.1,1292.8,170.8,10.54,75.81,1,1.000,1,1.000,1,,0
211.82,211.82,UAV-2,SCOUT,KILLED,LANDED,3032.1,2797.7,1121.4,0.3,0.00,79.77,0,1.000,2,0.000,1,,0
211.82,211.82,UAV-3,SCOUT,ACTIVE,IDLE,2218.6,2375.8,1243.8,116.1,0.00,77.50,1,1.000,1,1.000,1,,0
211.82,211.82,UAV-4,SCOUT,ACTIVE,IDLE,2228.2,2465.7,1248.7,117.6,0.01,77.86,1,1.000,1,1.000,1,,0
211.82,211.82,UAV-5,SCOUT,ACTIVE,TRANSIT,3286.0,3025.9,1235.8,109.3,20.58,77.84,1,1.000,2,0.000,1,POI-009,0
212.82,212.82,UAV-1,RELAY,ACTIVE,RELAY_HOLD,2948.2,2711.8,1294.1,173.0,6.79,75.70,1,1.000,1,1.000,1,,0
212.82,212.82,UAV-2,SCOUT,KILLED,LANDED,3032.1,2797.7,1121.4,0.3,0.00,79.77,0,1.000,2,0.000,1,,0
212.82,212.82,UAV-3,SCOUT,ACTIVE,IDLE,2218.6,2375.8,1243.8,116.1,0.00,77.41,1,1.000,1,1.000,1,,0
212.82,212.82,UAV-4,SCOUT,ACTIVE,IDLE,2228.2,2465.7,1248.7,117.6,0.00,77.76,1,1.000,1,1.000,1,,0
212.82,212.82,UAV-5,SCOUT,ACTIVE,TRANSIT,3298.0,3042.5,1236.3,107.7,20.51,77.72,1,1.000,2,0.000,1,POI-009,0
213.82,213.82,UAV-1,RELAY,ACTIVE,RELAY_HOLD,2945.7,2710.8,1294.7,173.6,1.06,75.58,1,1.000,1,1.000,1,,0
213.82,213.82,UAV-2,SCOUT,KILLED,LANDED,3032.1,2797.7,1121.4,0.3,0.00,79.77,0,1.000,2,0.000,1,,0
213.82,213.82,UAV-3,SCOUT,ACTIVE,IDLE,2218.6,2375.8,1243.8,116.1,0.00,77.31,1,1.000,1,1.000,1,,0
213.82,213.82,UAV-4,SCOUT,ACTIVE,IDLE,2228.2,2465.7,1248.7,117.6,0.00,77.67,1,1.000,1,1.000,1,,0
213.82,213.82,UAV-5,SCOUT,ACTIVE,TRANSIT,3309.8,3059.3,1236.7,105.9,20.49,77.59,1,1.000,2,0.000,1,POI-009,0
214.82,214.82,UAV-1,RELAY,ACTIVE,RELAY_HOLD,2947.8,2711.2,1292.5,171.4,6.08,75.46,1,1.000,1,1.000,1,,0
214.82,214.82,UAV-2,SCOUT,KILLED,LANDED,3032.1,2797.7,1121.4,0.3,0.00,79.77,0,1.000,2,0.000,1,,0
214.82,214.82,UAV-3,SCOUT,ACTIVE,IDLE,2218.6,2375.8,1243.8,116.1,0.00,77.22,1,1.000,1,1.000,1,,0
214.82,214.82,UAV-4,SCOUT,ACTIVE,IDLE,2228.2,2465.7,1248.7,117.6,0.01,77.57,1,1.000,1,1.000,1,,0
214.82,214.82,UAV-5,SCOUT,ACTIVE,TRANSIT,3321.2,3076.3,1237.2,109.7,20.46,77.47,1,1.000,2,0.000,1,POI-009,0
215.82,215.82,UAV-1,RELAY,ACTIVE,RELAY_HOLD,2952.9,2714.2,1287.0,165.7,10.47,75.32,1,1.000,1,1.000,1,,0
215.82,215.82,UAV-2,SCOUT,KILLED,LANDED,3032.1,2797.7,1121.4,0.3,0.00,79.77,0,1.000,2,0.000,1,,0
215.82,215.82,UAV-3,SCOUT,ACTIVE,IDLE,2218.6,2375.8,1243.8,116.1,0.00,77.12,1,1.000,1,1.000,1,,0
215.82,215.82,UAV-4,SCOUT,ACTIVE,IDLE,2228.2,2465.7,1248.7,117.6,0.00,77.48,1,1.000,1,1.000,1,,0
215.82,215.82,UAV-5,SCOUT,ACTIVE,TRANSIT,3331.5,3091.6,1235.5,108.5,16.17,77.34,1,1.000,2,0.000,1,POI-009,0
216.82,216.82,UAV-1,RELAY,ACTIVE,RELAY_HOLD,2960.0,2718.8,1285.4,163.4,4.77,75.18,1,1.000,1,1.000,1,,0
216.82,216.82,UAV-2,SCOUT,KILLED,LANDED,3032.1,2797.7,1121.4,0.3,0.00,79.77,0,1.000,2,0.000,1,,0
216.82,216.82,UAV-3,SCOUT,ACTIVE,IDLE,2218.6,2375.8,1243.8,116.1,0.00,77.03,1,1.000,1,1.000,1,,0
216.82,216.82,UAV-4,SCOUT,ACTIVE,IDLE,2228.2,2465.7,1248.7,117.6,0.00,77.38,1,1.000,1,1.000,1,,0
216.82,216.82,UAV-5,SCOUT,ACTIVE,TRANSIT,3339.2,3102.0,1228.0,100.5,14.68,77.21,1,1.000,2,0.000,1,POI-009,0
217.82,217.82,UAV-1,RELAY,ACTIVE,RELAY_HOLD,2959.7,2715.7,1291.4,169.4,9.02,75.03,1,1.000,1,1.000,1,,0
217.82,217.82,UAV-2,SCOUT,KILLED,LANDED,3032.1,2797.7,1121.4,0.3,0.00,79.77,0,1.000,2,0.000,1,,0
217.82,217.82,UAV-3,SCOUT,ACTIVE,IDLE,2218.6,2375.8,1243.8,116.1,0.01,76.93,1,1.000,1,1.000,1,,0
217.82,217.82,UAV-4,SCOUT,ACTIVE,IDLE,2228.2,2465.7,1248.7,117.6,0.00,77.29,1,1.000,1,1.000,1,,0
217.82,217.82,UAV-5,SCOUT,ACTIVE,TRANSIT,3345.0,3108.8,1216.0,87.9,15.59,77.08,1,1.000,2,0.000,1,POI-009,0
218.82,218.82,UAV-1,RELAY,ACTIVE,RELAY_HOLD,2956.7,2710.4,1294.3,172.3,5.43,74.91,1,1.000,1,1.000,1,,0
218.82,218.82,UAV-2,SCOUT,KILLED,LANDED,3032.1,2797.7,1121.4,0.3,0.00,79.77,0,1.000,2,0.000,1,,0
218.82,218.82,UAV-3,SCOUT,ACTIVE,IDLE,2218.6,2375.8,1243.8,116.1,0.00,76.84,1,1.000,1,1.000,1,,0
218.82,218.82,UAV-4,SCOUT,ACTIVE,IDLE,2228.2,2465.7,1248.7,117.6,0.00,77.20,1,1.000,1,1.000,1,,0
218.82,218.82,UAV-5,SCOUT,ACTIVE,TRANSIT,3349.3,3112.7,1200.8,72.4,16.83,76.95,1,1.000,2,0.000,1,POI-009,0
219.82,219.82,UAV-1,RELAY,ACTIVE,RELAY_HOLD,2952.6,2708.1,1292.5,170.7,5.27,74.78,1,1.000,1,1.000,1,,0
219.82,219.82,UAV-2,SCOUT,KILLED,LANDED,3032.1,2797.7,1121.4,0.3,0.00,79.77,0,1.000,2,0.000,1,,0
219.82,219.82,UAV-3,SCOUT,ACTIVE,IDLE,2218.6,2375.8,1243.8,116.1,0.00,76.74,1,1.000,1,1.000,1,,0
219.82,219.82,UAV-4,SCOUT,ACTIVE,IDLE,2228.2,2465.7,1248.7,117.6,0.00,77.10,1,1.000,1,1.000,1,,0
219.82,219.82,UAV-5,SCOUT,ACTIVE,SURVEY,3352.5,3114.4,1184.0,55.3,17.24,76.83,1,1.000,2,0.000,1,POI-009,0
220.82,220.82,UAV-1,RELAY,ACTIVE,RELAY_HOLD,2949.0,2711.0,1290.5,169.3,5.04,74.65,1,1.000,1,1.000,1,,0
220.82,220.82,UAV-2,SCOUT,KILLED,LANDED,3032.1,2797.7,1121.4,0.3,0.00,79.77,0,1.000,2,0.000,1,,0
220.82,220.82,UAV-3,SCOUT,ACTIVE,IDLE,2218.6,2375.8,1243.8,116.1,0.00,76.65,1,1.000,1,1.000,1,,0
220.82,220.82,UAV-4,SCOUT,ACTIVE,IDLE,2228.2,2465.7,1248.7,117.6,0.00,77.01,1,1.000,1,1.000,1,,0
220.82,220.82,UAV-5,SCOUT,ACTIVE,SURVEY,3353.1,3112.8,1169.3,40.7,12.32,76.68,1,1.000,2,0.000,1,POI-009,0
221.82,221.82,UAV-1,RELAY,ACTIVE,RELAY_HOLD,2947.0,2710.3,1296.4,175.2,11.35,74.50,1,1.000,1,0.958,1,,0
221.82,221.82,UAV-2,SCOUT,KILLED,LANDED,3032.1,2797.7,1121.4,0.3,0.00,79.77,0,1.000,2,0.000,1,,0
221.82,221.82,UAV-3,SCOUT,ACTIVE,IDLE,2218.6,2375.8,1243.8,116.1,0.00,76.56,1,1.000,1,1.000,1,,0
221.82,221.82,UAV-4,SCOUT,ACTIVE,IDLE,2228.2,2465.7,1248.7,117.6,0.00,76.91,1,1.000,1,1.000,1,,0
221.82,221.82,UAV-5,SCOUT,ACTIVE,IDLE,3351.7,3109.3,1163.4,34.9,1.55,76.54,1,1.000,2,0.000,1,,0
222.82,222.82,UAV-1,RELAY,ACTIVE,RELAY_HOLD,2946.5,2703.8,1303.8,182.0,7.12,74.39,1,1.000,1,1.000,1,,0
222.82,222.82,UAV-2,SCOUT,KILLED,LANDED,3032.1,2797.7,1121.4,0.3,0.00,79.77,0,1.000,2,0.000,1,,0
222.82,222.82,UAV-3,SCOUT,ACTIVE,IDLE,2218.6,2375.8,1243.8,116.1,0.00,76.46,1,1.000,1,1.000,1,,0
222.82,222.82,UAV-4,SCOUT,ACTIVE,IDLE,2228.2,2465.7,1248.7,117.6,0.00,76.82,1,1.000,1,1.000,1,,0
222.82,222.82,UAV-5,SCOUT,ACTIVE,IDLE,3352.9,3110.2,1163.2,34.6,1.74,76.44,1,1.000,2,0.000,1,,0
223.82,223.82,UAV-1,RELAY,ACTIVE,RELAY_HOLD,2947.2,2698.8,1303.5,180.9,5.59,74.28,1,1.000,1,1.000,1,,0
223.82,223.82,UAV-2,SCOUT,KILLED,LANDED,3032.1,2797.7,1121.4,0.3,0.00,79.77,0,1.000,2,0.000,1,,0
223.82,223.82,UAV-3,SCOUT,ACTIVE,IDLE,2218.6,2375.8,1243.8,116.1,0.01,76.37,1,1.000,1,1.000,1,,0
223.82,223.82,UAV-4,SCOUT,ACTIVE,IDLE,2228.2,2465.7,1248.7,117.6,0.01,76.72,1,1.000,1,1.000,1,,0
223.82,223.82,UAV-5,SCOUT,ACTIVE,IDLE,3353.9,3111.3,1163.4,34.7,1.27,76.34,1,1.000,2,0.000,1,,0
224.82,224.82,UAV-1,RELAY,ACTIVE,RELAY_HOLD,2948.3,2696.5,1297.1,174.2,5.44,74.16,1,1.000,1,1.000,1,,0
224.82,224.82,UAV-2,SCOUT,KILLED,LANDED,3032.1,2797.7,1121.4,0.3,0.00,79.77,0,1.000,2,0.000,1,,0
224.82,224.82,UAV-3,SCOUT,ACTIVE,IDLE,2218.6,2375.8,1243.8,116.1,0.00,76.27,1,1.000,1,1.000,1,,0
224.82,224.82,UAV-4,SCOUT,ACTIVE,IDLE,2228.2,2465.7,1248.7,117.6,0.00,76.63,1,1.000,1,1.000,1,,0
224.82,224.82,UAV-5,SCOUT,ACTIVE,IDLE,3354.7,3112.1,1163.5,34.8,0.89,76.25,1,1.000,2,0.000,1,,0
225.82,225.82,UAV-1,RELAY,ACTIVE,RELAY_HOLD,2946.6,2700.5,1297.1,174.8,6.75,74.01,1,1.000,1,1.000,1,,0
225.82,225.82,UAV-2,SCOUT,KILLED,LANDED,3032.1,2797.7,1121.4,0.3,0.00,79.77,0,1.000,2,0.000,1,,0
225.82,225.82,UAV-3,SCOUT,ACTIVE,IDLE,2218.6,2375.8,1243.8,116.1,0.00,76.18,1,1.000,1,1.000,1,,0
225.82,225.82,UAV-4,SCOUT,ACTIVE,IDLE,2228.2,2465.7,1248.7,117.6,0.00,76.54,1,1.000,1,1.000,1,,0
225.82,225.82,UAV-5,SCOUT,ACTIVE,IDLE,3355.2,3112.6,1163.6,34.8,0.62,76.15,1,1.000,2,0.000,1,,0
226.82,226.82,UAV-1,RELAY,ACTIVE,RELAY_HOLD,2946.4,2702.1,1303.2,181.1,3.29,73.90,1,1.000,1,1.000,1,,0
226.82,226.82,UAV-2,SCOUT,KILLED,LANDED,3032.1,2797.7,1121.4,0.3,0.00,79.77,0,1.000,2,0.000,1,,0
226.82,226.82,UAV-3,SCOUT,ACTIVE,IDLE,2218.6,2375.8,1243.8,116.1,0.00,76.08,1,1.000,1,1.000,1,,0
226.82,226.82,UAV-4,SCOUT,ACTIVE,IDLE,2228.2,2465.7,1248.7,117.6,0.00,76.44,1,1.000,1,1.000,1,,0
226.82,226.82,UAV-5,SCOUT,ACTIVE,IDLE,3355.5,3112.9,1163.6,34.8,0.43,76.06,1,1.000,2,0.000,1,,0
227.82,227.82,UAV-1,RELAY,ACTIVE,RELAY_HOLD,2947.1,2703.6,1302.6,180.7,4.83,73.79,1,1.000,1,1.000,1,,0
227.82,227.82,UAV-2,SCOUT,KILLED,LANDED,3032.1,2797.7,1121.4,0.3,0.00,79.77,0,1.000,2,0.000,1,,0
227.82,227.82,UAV-3,SCOUT,ACTIVE,IDLE,2218.6,2375.8,1243.8,116.1,0.00,75.99,1,1.000,1,1.000,1,,0
227.82,227.82,UAV-4,SCOUT,ACTIVE,IDLE,2228.2,2465.7,1248.7,117.6,0.00,76.35,1,1.000,1,1.000,1,,0
227.82,227.82,UAV-5,SCOUT,ACTIVE,IDLE,3355.8,3113.2,1163.7,34.8,0.30,75.97,1,1.000,2,0.000,1,,0
228.82,228.82,UAV-1,RELAY,ACTIVE,RELAY_HOLD,2948.4,2706.6,1296.1,174.4,5.89,73.66,1,1.000,1,1.000,1,,0
228.82,228.82,UAV-2,SCOUT,KILLED,LANDED,3032.1,2797.7,1121.4,0.3,0.00,79.77,0,1.000,2,0.000,1,,0
228.82,228.82,UAV-3,SCOUT,ACTIVE,IDLE,2218.6,2375.8,1243.8,116.1,0.00,75.89,1,1.000,1,1.000,1,,0
228.82,228.82,UAV-4,SCOUT,ACTIVE,IDLE,2228.2,2465.7,1248.7,117.6,0.00,76.25,1,1.000,1,1.000,1,,0
228.82,228.82,UAV-5,SCOUT,ACTIVE,IDLE,3356.0,3113.4,1163.7,34.9,0.21,75.87,1,1.000,2,0.000,1,,0
229.82,229.82,UAV-1,RELAY,ACTIVE,RELAY_HOLD,2947.6,2708.5,1291.4,170.0,6.34,73.53,1,1.000,1,1.000,1,,0
229.82,229.82,UAV-2,SCOUT,KILLED,LANDED,3032.1,2797.7,1121.4,0.3,0.00,79.77,0,1.000,2,0.000,1,,0
229.82,229.82,UAV-3,SCOUT,ACTIVE,IDLE,2218.6,2375.8,1243.8,116.1,0.00,75.80,1,1.000,1,1.000,1,,0
229.82,229.82,UAV-4,SCOUT,ACTIVE,IDLE,2228.2,2465.7,1248.7,117.6,0.00,76.16,1,1.000,1,1.000,1,,0
229.82,229.82,UAV-5,SCOUT,ACTIVE,IDLE,3356.1,3113.5,1163.7,34.9,0.15,75.78,1,1.000,2,0.000,1,,0
230.82,230.82,UAV-1,RELAY,ACTIVE,RELAY_HOLD,2951.3,2713.7,1286.4,165.2,10.53,73.39,1,1.000,1,1.000,1,,0
230.82,230.82,UAV-2,SCOUT,KILLED,LANDED,3032.1,2797.7,1121.4,0.3,0.00,79.77,0,1.000,2,0.000,1,,0
230.82,230.82,UAV-3,SCOUT,ACTIVE,IDLE,2218.6,2375.8,1243.8,116.1,0.00,75.71,1,1.000,1,1.000,1,,0
230.82,230.82,UAV-4,SCOUT,ACTIVE,IDLE,2228.2,2465.7,1248.7,117.6,0.00,76.06,1,1.000,1,1.000,1,,0
230.82,230.82,UAV-5,SCOUT,ACTIVE,IDLE,3356.2,3113.6,1163.7,34.9,0.10,75.68,1,1.000,2,0.000,1,,0
231.82,231.82,UAV-1,RELAY,ACTIVE,RELAY_HOLD,2957.2,2720.1,1285.6,164.0,5.14,73.24,1,1.000,1,1.000,1,,0
231.82,231.82,UAV-2,SCOUT,KILLED,LANDED,3032.1,2797.7,1121.4,0.3,0.00,79.77,0,1.000,2,0.000,1,,0
231.82,231.82,UAV-3,SCOUT,ACTIVE,IDLE,2218.6,2375.8,1243.8,116.1,0.00,75.61,1,1.000,1,1.000,1,,0
231.82,231.82,UAV-4,SCOUT,ACTIVE,IDLE,2228.2,2465.7,1248.7,117.6,0.00,75.97,1,1.000,1,1.000,1,,0
231.82,231.82,UAV-5,SCOUT,ACTIVE,IDLE,3356.3,3113.6,1163.7,34.9,0.07,75.59,1,1.000,2,0.000,1,,0
232.82,232.82,UAV-1,RELAY,ACTIVE,RELAY_HOLD,2955.5,2718.3,1292.7,171.4,12.60,73.09,1,1.000,1,1.000,1,,0
232.82,232.82,UAV-2,SCOUT,KILLED,LANDED,3032.1,2797.7,1121.4,0.3,0.00,79.77,0,1.000,2,0.000,1,,0
232.82,232.82,UAV-3,SCOUT,ACTIVE,IDLE,2218.6,2375.8,1243.8,116.1,0.00,75.52,1,1.000,1,1.000,1,,0
232.82,232.82,UAV-4,SCOUT,ACTIVE,IDLE,2228.2,2465.7,1248.7,117.6,0.00,75.87,1,1.000,1,1.000,1,,0
232.82,232.82,UAV-5,SCOUT,ACTIVE,IDLE,3356.3,3113.7,1163.7,34.9,0.05,75.49,1,1.000,2,0.000,1,,0
233.82,233.82,UAV-1,RELAY,ACTIVE,RELAY_HOLD,2951.0,2712.2,1299.9,178.7,6.66,72.96,1,1.000,1,1.000,1,,0
233.82,233.82,UAV-2,SCOUT,KILLED,LANDED,3032.1,2797.7,1121.4,0.3,0.00,79.77,0,1.000,2,0.000,1,,0
233.82,233.82,UAV-3,SCOUT,ACTIVE,IDLE,2218.6,2375.8,1243.8,116.1,0.00,75.42,1,1.000,1,1.000,1,,0
233.82,233.82,UAV-4,SCOUT,ACTIVE,IDLE,2228.2,2465.7,1248.7,117.6,0.00,75.78,1,1.000,1,1.000,1,,0
233.82,233.82,UAV-5,STANDBY,RETURNING,RTH,3356.3,3113.7,1163.7,34.9,0.04,75.40,1,1.000,2,0.000,1,,0
234.82,234.82,UAV-1,RELAY,ACTIVE,RELAY_HOLD,2949.1,2708.2,1299.2,177.7,5.31,72.83,1,1.000,1,1.000,1,,0
234.82,234.82,UAV-2,SCOUT,KILLED,LANDED,3032.1,2797.7,1121.4,0.3,0.00,79.77,0,1.000,2,0.000,1,,0
234.82,234.82,UAV-3,SCOUT,ACTIVE,IDLE,2218.6,2375.8,1243.8,116.1,0.00,75.33,1,1.000,1,1.000,1,,0
234.82,234.82,UAV-4,SCOUT,ACTIVE,IDLE,2228.2,2465.7,1248.7,117.6,0.00,75.69,1,1.000,1,1.000,1,,0
234.82,234.82,UAV-5,STANDBY,RETURNING,RTH,3356.4,3113.7,1169.7,40.8,11.26,75.25,1,1.000,2,0.000,1,,0
235.82,235.82,UAV-1,RELAY,ACTIVE,RELAY_HOLD,2949.0,2706.0,1291.9,170.2,10.06,72.71,1,1.000,1,1.000,1,,0
235.82,235.82,UAV-2,SCOUT,KILLED,LANDED,3032.1,2797.7,1121.4,0.3,0.00,79.77,0,1.000,2,0.000,1,,0
235.82,235.82,UAV-3,SCOUT,ACTIVE,IDLE,2218.6,2375.8,1243.8,116.1,0.00,75.23,1,1.000,1,1.000,1,,0
235.82,235.82,UAV-4,SCOUT,ACTIVE,IDLE,2228.2,2465.7,1248.7,117.6,0.00,75.59,1,1.000,1,1.000,1,,0
235.82,235.82,UAV-5,STANDBY,RETURNING,RTH,3356.6,3113.7,1185.0,56.1,18.44,75.10,1,1.000,2,0.000,1,,0
236.82,236.82,UAV-1,RELAY,ACTIVE,RELAY_HOLD,2948.8,2705.6,1280.0,158.2,12.80,72.58,1,1.000,1,1.000,1,,0
236.82,236.82,UAV-2,SCOUT,KILLED,LANDED,3032.1,2797.7,1121.4,0.3,0.00,79.77,0,1.000,2,0.000,1,,0
236.82,236.82,UAV-3,SCOUT,ACTIVE,IDLE,2218.6,2375.8,1243.8,116.1,0.00,75.14,1,1.000,1,1.000,1,,0
236.82,236.82,UAV-4,SCOUT,ACTIVE,IDLE,2228.2,2465.7,1248.7,117.6,0.00,75.50,1,1.000,1,1.000,1,,0
236.82,236.82,UAV-5,STANDBY,RETURNING,RTH,3356.8,3113.7,1205.0,76.1,20.61,74.96,1,1.000,2,0.000,1,,0
237.82,237.82,UAV-1,RELAY,ACTIVE,RELAY_HOLD,2947.0,2708.7,1268.8,147.4,11.35,72.45,1,1.000,1,1.000,1,,0
237.82,237.82,UAV-2,SCOUT,KILLED,LANDED,3032.1,2797.7,1121.4,0.3,0.00,79.77,0,1.000,2,0.000,1,,0
237.82,237.82,UAV-3,SCOUT,ACTIVE,IDLE,2218.6,2375.8,1243.8,116.1,0.00,75.04,1,1.000,1,1.000,1,,0
237.82,237.82,UAV-4,SCOUT,ACTIVE,IDLE,2228.2,2465.7,1248.7,117.6,0.00,75.40,1,1.000,1,1.000,1,,0
237.82,237.82,UAV-5,STANDBY,RETURNING,RTH,3356.9,3113.5,1222.2,93.3,11.73,74.82,1,1.000,2,0.000,1,,0
238.82,238.82,UAV-1,RELAY,ACTIVE,RELAY_HOLD,2944.2,2717.1,1261.1,140.5,12.69,72.32,1,1.000,1,0.957,1,,0
238.82,238.82,UAV-2,SCOUT,KILLED,LANDED,3032.1,2797.7,1121.4,0.3,0.00,79.77,0,1.000,2,0.000,1,,0
238.82,238.82,UAV-3,SCOUT,ACTIVE,IDLE,2218.6,2375.8,1243.8,116.1,0.00,74.95,1,1.000,1,1.000,1,,0
238.82,238.82,UAV-4,SCOUT,ACTIVE,IDLE,2228.2,2465.7,1248.7,117.6,0.00,75.31,1,1.000,1,1.000,1,,0
238.82,238.82,UAV-5,STANDBY,RETURNING,RTH,3357.0,3112.3,1229.3,100.4,3.42,74.70,1,1.000,2,0.000,1,,0
239.82,239.82,UAV-1,RELAY,ACTIVE,RELAY_HOLD,2942.4,2730.0,1256.4,135.7,14.94,72.20,1,1.000,2,0.856,1,,0
239.82,239.82,UAV-2,SCOUT,KILLED,LANDED,3032.1,2797.7,1121.4,0.3,0.00,79.77,0,1.000,2,0.000,1,,0
239.82,239.82,UAV-3,SCOUT,ACTIVE,IDLE,2218.6,2375.8,1243.8,116.1,0.00,74.86,1,1.000,1,1.000,1,,0
239.82,239.82,UAV-4,SCOUT,ACTIVE,IDLE,2228.2,2465.7,1248.7,117.6,0.00,75.21,1,1.000,1,1.000,1,,0
239.82,239.82,UAV-5,STANDBY,RETURNING,RTH,3355.4,3109.1,1230.5,101.7,5.97,74.56,1,1.000,3,0.000,1,,0
240.82,240.82,UAV-1,RELAY,ACTIVE,RELAY_HOLD,2943.6,2744.4,1254.5,133.1,11.92,72.07,1,1.000,2,0.000,1,,0
240.82,240.82,UAV-2,SCOUT,KILLED,LANDED,3032.1,2797.7,1121.4,0.3,0.00,79.77,0,1.000,2,0.000,1,,0
240.82,240.82,UAV-3,SCOUT,ACTIVE,IDLE,2218.6,2375.8,1243.8,116.1,0.00,74.76,1,1.000,1,1.000,1,,0
240.82,240.82,UAV-4,SCOUT,ACTIVE,IDLE,2228.2,2465.7,1248.7,117.6,0.00,75.12,1,1.000,1,1.000,1,,0
240.82,240.82,UAV-5,STANDBY,RETURNING,RTH,3350.8,3102.3,1230.8,102.9,10.21,74.42,1,1.000,3,0.000,1,,0
241.82,241.82,UAV-1,RELAY,ACTIVE,RELAY_HOLD,2946.3,2751.4,1254.4,132.6,3.87,71.94,1,1.000,2,0.000,1,,0
241.82,241.82,UAV-2,SCOUT,KILLED,LANDED,3032.1,2797.7,1121.4,0.3,0.00,79.77,0,1.000,2,0.000,1,,0
241.82,241.82,UAV-3,SCOUT,ACTIVE,IDLE,2218.6,2375.8,1243.8,116.1,0.00,74.67,1,1.000,1,1.000,1,,0
241.82,241.82,UAV-4,SCOUT,ACTIVE,IDLE,2228.2,2465.7,1248.7,117.6,0.00,75.02,1,1.000,1,1.000,1,,0
241.82,241.82,UAV-5,STANDBY,RETURNING,RTH,3344.0,3092.8,1231.1,104.6,12.76,74.28,1,1.000,3,0.000,1,,0
242.82,242.82,UAV-1,RELAY,ACTIVE,RELAY_HOLD,2945.8,2752.0,1254.4,132.7,2.84,71.81,1,1.000,2,0.000,1,,0
242.82,242.82,UAV-2,SCOUT,KILLED,LANDED,3032.1,2797.7,1121.4,0.3,0.00,79.77,0,1.000,2,0.000,1,,0
242.82,242.82,UAV-3,SCOUT,ACTIVE,IDLE,2218.6,2375.8,1243.8,116.1,0.00,74.57,1,1.000,1,1.000,1,,0
242.82,242.82,UAV-4,SCOUT,ACTIVE,IDLE,2228.2,2465.7,1248.7,117.6,0.00,74.93,1,1.000,1,1.000,1,,0
242.82,242.82,UAV-5,STANDBY,RETURNING,RTH,3336.2,3081.8,1231.3,105.9,14.14,74.15,1,1.000,3,0.000,1,,0
243.82,243.82,UAV-1,RELAY,ACTIVE,RELAY_HOLD,2947.2,2749.1,1257.5,135.7,8.34,71.67,1,1.000,2,0.000,1,,0
243.82,243.82,UAV-2,SCOUT,KILLED,LANDED,3032.1,2797.7,1121.4,0.3,0.00,79.77,0,1.000,2,0.000,1,,0
243.82,243.82,UAV-3,SCOUT,ACTIVE,IDLE,2218.6,2375.8,1243.8,116.1,0.00,74.48,1,1.000,1,1.000,1,,0
243.82,243.82,UAV-4,SCOUT,ACTIVE,IDLE,2228.2,2465.7,1248.7,117.6,0.00,74.84,1,1.000,1,1.000,1,,0
243.82,243.82,UAV-5,STANDBY,RETURNING,RTH,3327.8,3069.8,1231.5,105.0,14.82,74.01,1,1.000,3,0.000,1,,0
244.82,244.82,UAV-1,RELAY,ACTIVE,RELAY_HOLD,2953.4,2750.2,1261.9,139.6,5.90,71.54,1,1.000,2,0.000,1,,0
244.82,244.82,UAV-2,SCOUT,KILLED,LANDED,3032.1,2797.7,1121.4,0.3,0.00,79.77,0,1.000,2,0.000,1,,0
244.82,244.82,UAV-3,SCOUT,ACTIVE,IDLE,2218.6,2375.8,1243.8,116.1,0.00,74.38,1,1.000,1,1.000,1,,0
244.82,244.82,UAV-4,SCOUT,ACTIVE,IDLE,2228.2,2465.7,1248.7,117.6,0.00,74.74,1,1.000,1,1.000,1,,0
244.82,244.82,UAV-5,STANDBY,RETURNING,RTH,3319.3,3057.5,1231.6,101.6,15.11,73.87,1,1.000,3,0.000,1,,0
245.82,245.82,UAV-1,RELAY,ACTIVE,RELAY_HOLD,2958.5,2750.3,1259.1,136.5,7.18,71.41,1,1.000,2,0.000,1,,0
245.82,245.82,UAV-2,SCOUT,KILLED,LANDED,3032.1,2797.7,1121.4,0.3,0.00,79.77,0,1.000,2,0.000,1,,0
245.82,245.82,UAV-3,SCOUT,ACTIVE,IDLE,2218.6,2375.8,1243.8,116.1,0.00,74.29,1,1.000,1,1.000,1,,0
245.82,245.82,UAV-4,SCOUT,ACTIVE,IDLE,2228.2,2465.7,1248.7,117.6,0.00,74.65,1,1.000,1,1.000,1,,0
245.82,245.82,UAV-5,STANDBY,RETURNING,RTH,3310.8,3045.0,1231.8,101.8,15.28,73.73,1,1.000,3,0.000,1,,0
246.82,246.82,UAV-1,RELAY,ACTIVE,RELAY_HOLD,2959.0,2747.0,1255.6,133.1,5.34,71.27,1,1.000,2,0.000,1,,0
246.82,246.82,UAV-2,SCOUT,KILLED,LANDED,3032.1,2797.7,1121.4,0.3,0.00,79.77,0,1.000,2,0.000,1,,0
246.82,246.82,UAV-3,SCOUT,ACTIVE,IDLE,2218.6,2375.8,1243.8,116.1,0.00,74.19,1,1.000,1,1.000,1,,0
246.82,246.82,UAV-4,SCOUT,ACTIVE,IDLE,2228.2,2465.7,1248.7,117.6,0.00,74.55,1,1.000,1,1.000,1,,0
246.82,246.82,UAV-5,STANDBY,RETURNING,RTH,3302.2,3032.3,1231.9,105.5,15.37,73.59,1,1.000,3,0.000,1,,0
247.82,247.82,UAV-1,RELAY,ACTIVE,RELAY_HOLD,2952.9,2745.0,1255.2,133.1,8.14,71.14,1,1.000,2,0.000,1,,0
247.82,247.82,UAV-2,SCOUT,KILLED,LANDED,3032.1,2797.7,1121.4,0.3,0.00,79.77,0,1.000,2,0.000,1,,0
247.82,247.82,UAV-3,SCOUT,ACTIVE,IDLE,2218.6,2375.8,1243.8,116.1,0.00,74.10,1,1.000,1,1.000,1,,0
247.82,247.82,UAV-4,SCOUT,ACTIVE,IDLE,2228.2,2465.7,1248.7,117.6,0.00,74.46,1,1.000,1,1.000,1,,0
247.82,247.82,UAV-5,STANDBY,RETURNING,RTH,3293.5,3019.5,1232.1,107.3,15.38,73.45,1,1.000,3,0.000,1,,0
248.82,248.82,UAV-1,RELAY,ACTIVE,RELAY_HOLD,2945.0,2745.4,1255.4,133.9,4.91,71.03,1,1.000,2,0.000,1,,0
248.82,248.82,UAV-2,SCOUT,KILLED,LANDED,3032.1,2797.7,1121.4,0.3,0.00,79.77,0,1.000,2,0.000,1,,0
248.82,248.82,UAV-3,SCOUT,ACTIVE,IDLE,2218.6,2375.8,1243.8,116.1,0.00,74.01,1,1.000,1,1.000,1,,0
248.82,248.82,UAV-4,SCOUT,ACTIVE,IDLE,2228.2,2465.7,1248.7,117.6,0.00,74.36,1,1.000,1,1.000,1,,0
248.82,248.82,UAV-5,STANDBY,RETURNING,RTH,3284.7,3007.0,1232.2,106.2,15.32,73.32,1,1.000,3,0.000,1,,0
249.82,249.82,UAV-1,RELAY,ACTIVE,RELAY_HOLD,2943.8,2745.3,1255.6,134.1,1.13,70.92,1,1.000,2,0.000,1,,0
249.82,249.82,UAV-2,SCOUT,KILLED,LANDED,3032.1,2797.7,1121.4,0.3,0.00,79.77,0,1.000,2,0.000,1,,0
249.82,249.82,UAV-3,SCOUT,ACTIVE,IDLE,2218.6,2375.8,1243.8,116.1,0.00,73.91,1,1.000,1,1.000,1,,0
249.82,249.82,UAV-4,SCOUT,ACTIVE,IDLE,2228.2,2465.7,1248.7,117.6,0.00,74.27,1,1.000,1,1.000,1,,0
249.82,249.82,UAV-5,STANDBY,RETURNING,RTH,3275.7,2994.6,1232.3,104.5,15.28,73.19,1,1.000,3,0.000,1,,0
250.82,250.82,UAV-1,RELAY,ACTIVE,RELAY_HOLD,2944.3,2745.3,1255.9,134.4,0.38,70.83,1,1.000,2,0.000,1,,0
250.82,250.82,UAV-2,SCOUT,KILLED,LANDED,3032.1,2797.7,1121.4,0.3,0.00,79.77,0,1.000,2,0.000,1,,0
250.82,250.82,UAV-3,SCOUT,ACTIVE,IDLE,2218.6,2375.8,1243.8,116.1,0.00,73.82,1,1.000,1,1.000,1,,0
250.82,250.82,UAV-4,SCOUT,ACTIVE,IDLE,2228.2,2465.7,1248.7,117.6,0.00,74.17,1,1.000,3,1.000,1,,0
250.82,250.82,UAV-5,STANDBY,RETURNING,RTH,3266.5,2982.5,1232.4,103.6,15.18,73.05,1,1.000,3,0.000,1,,0
251.82,251.82,UAV-1,RELAY,ACTIVE,RELAY_HOLD,2943.9,2745.2,1256.1,134.7,0.53,70.73,1,1.000,2,0.000,1,,0
251.82,251.82,UAV-2,SCOUT,KILLED,LANDED,3032.1,2797.7,1121.4,0.3,0.00,79.77,0,1.000,2,0.000,1,,0
251.82,251.82,UAV-3,SCOUT,ACTIVE,IDLE,2218.6,2375.8,1243.8,116.1,0.00,73.72,1,1.000,1,1.000,1,,0
251.82,251.82,UAV-4,SCOUT,ACTIVE,IDLE,2228.2,2465.7,1248.7,117.6,0.00,74.08,1,1.000,1,1.000,1,,0
251.82,251.82,UAV-5,STANDBY,RETURNING,RTH,3257.0,2970.7,1232.5,103.5,15.10,72.92,1,1.000,3,0.000,1,,0
252.82,252.82,UAV-1,RELAY,ACTIVE,RELAY_HOLD,2943.5,2745.0,1256.2,134.8,0.36,70.64,1,1.000,2,0.000,1,,0
252.82,252.82,UAV-2,SCOUT,KILLED,LANDED,3032.1,2797.7,1121.4,0.3,0.00,79.77,0,1.000,2,0.000,1,,0
252.82,252.82,UAV-3,SCOUT,ACTIVE,IDLE,2218.6,2375.8,1243.8,116.1,0.00,73.63,1,1.000,1,1.000,1,,0
252.82,252.82,UAV-4,SCOUT,ACTIVE,IDLE,2228.2,2465.7,1248.7,117.6,0.00,73.99,1,1.000,3,1.000,1,,0
252.82,252.82,UAV-5,STANDBY,RETURNING,RTH,3247.3,2959.2,1232.6,104.5,15.02,72.79,1,1.000,3,0.000,1,,0
253.82,253.82,UAV-1,RELAY,ACTIVE,RELAY_HOLD,2943.1,2744.9,1256.3,135.0,1.21,70.54,1,1.000,2,0.000,1,,0
253.82,253.82,UAV-2,SCOUT,KILLED,LANDED,3032.1,2797.7,1121.4,0.3,0.00,79.77,0,1.000,2,0.000,1,,0
253.82,253.82,UAV-3,SCOUT,ACTIVE,IDLE,2218.6,2375.8,1243.8,116.1,0.00,73.53,1,1.000,1,1.000,1,,0
253.82,253.82,UAV-4,SCOUT,ACTIVE,IDLE,2228.2,2465.7,1248.7,117.6,0.00,73.89,1,1.000,1,1.000,1,,0
253.82,253.82,UAV-5,STANDBY,RETURNING,RTH,3237.2,2948.1,1232.6,106.6,14.91,72.66,1,1.000,3,0.000,1,,0
254.82,254.82,UAV-1,RELAY,ACTIVE,RELAY_HOLD,2941.9,2744.8,1256.4,135.1,0.58,70.45,1,1.000,2,0.000,1,,0
254.82,254.82,UAV-2,SCOUT,KILLED,LANDED,3032.1,2797.7,1121.4,0.3,0.00,79.77,0,1.000,2,0.000,1,,0
254.82,254.82,UAV-3,SCOUT,ACTIVE,IDLE,2218.6,2375.8,1243.8,116.1,0.00,73.44,1,1.000,1,1.000,1,,0
254.82,254.82,UAV-4,SCOUT,ACTIVE,IDLE,2228.2,2465.7,1248.7,117.6,0.00,73.80,1,1.000,1,1.000,1,,0
254.82,254.82,UAV-5,STANDBY,RETURNING,RTH,3226.8,2937.5,1232.7,109.5,14.80,72.54,1,1.000,3,0.000,1,,0
255.82,255.82,UAV-1,RELAY,ACTIVE,RELAY_HOLD,2941.7,2744.8,1256.4,135.2,0.15,70.36,1,1.000,2,0.000,1,,0
255.82,255.82,UAV-2,SCOUT,KILLED,LANDED,3032.1,2797.7,1121.4,0.3,0.00,79.77,0,1.000,2,0.000,1,,0
255.82,255.82,UAV-3,SCOUT,ACTIVE,IDLE,2218.6,2375.8,1243.8,116.1,0.00,73.35,1,1.000,1,1.000,1,,0
255.82,255.82,UAV-4,SCOUT,ACTIVE,IDLE,2228.2,2465.7,1248.7,117.6,0.00,73.70,1,1.000,1,0.959,1,,0
255.82,255.82,UAV-5,STANDBY,RETURNING,RTH,3216.1,2927.4,1232.8,111.4,14.70,72.41,1,1.000,3,0.000,1,,0
256.84,256.84,UAV-1,RELAY,ACTIVE,RELAY_HOLD,2942.0,2745.0,1254.1,132.8,5.75,70.23,1,1.000,2,0.000,1,,0
256.84,256.84,UAV-2,SCOUT,KILLED,LANDED,3032.1,2797.7,1121.4,0.3,0.00,79.77,0,1.000,2,0.000,1,,0
256.84,256.84,UAV-3,SCOUT,ACTIVE,IDLE,2218.6,2375.8,1243.8,116.1,0.00,73.25,1,1.000,1,1.000,1,,0
256.84,256.84,UAV-4,SCOUT,ACTIVE,IDLE,2228.2,2465.7,1248.7,117.6,0.00,73.61,1,1.000,1,1.000,1,,0
256.84,256.84,UAV-5,STANDBY,RETURNING,RTH,3204.8,2917.6,1232.8,113.1,14.57,72.28,1,1.000,3,0.000,1,,0
257.86,257.86,UAV-1,RELAY,ACTIVE,RELAY_HOLD,2943.5,2749.8,1250.7,129.1,6.67,70.10,1,1.000,2,0.000,1,,0
257.86,257.86,UAV-2,SCOUT,KILLED,LANDED,3032.1,2797.7,1121.4,0.3,0.00,79.77,0,1.000,2,0.000,1,,0
257.86,257.86,UAV-3,SCOUT,ACTIVE,IDLE,2218.6,2375.8,1243.8,116.1,0.01,73.15,1,1.000,1,1.000,1,,0
257.86,257.86,UAV-4,SCOUT,ACTIVE,IDLE,2228.2,2465.7,1248.7,117.6,0.01,73.51,1,1.000,1,1.000,1,,0
257.86,257.86,UAV-5,STANDBY,RETURNING,RTH,3193.0,2908.7,1232.9,113.5,14.41,72.16,1,1.000,3,0.000,1,,0
258.88,258.88,UAV-1,RELAY,ACTIVE,RELAY_HOLD,2943.5,2752.7,1250.8,129.2,0.55,69.98,1,1.000,2,0.000,1,,0
258.88,258.88,UAV-2,SCOUT,KILLED,LANDED,3032.1,2797.7,1121.4,0.3,0.00,79.77,0,1.000,2,0.000,1,,0
258.88,258.88,UAV-3,SCOUT,ACTIVE,IDLE,2218.6,2375.8,1243.8,116.1,0.00,73.06,1,1.000,1,1.000,1,,0
258.88,258.88,UAV-4,SCOUT,ACTIVE,IDLE,2228.2,2465.7,1248.7,117.6,0.00,73.41,1,1.000,1,1.000,1,,0
258.88,258.88,UAV-5,STANDBY,RETURNING,RTH,3180.8,2900.7,1232.9,113.6,14.21,72.03,1,1.000,3,0.000,1,,0
259.90,259.90,UAV-1,RELAY,ACTIVE,RELAY_HOLD,2943.4,2751.7,1250.9,129.3,0.37,69.89,1,1.000,2,0.000,1,,0
259.90,259.90,UAV-2,SCOUT,KILLED,LANDED,3032.1,2797.7,1121.4,0.3,0.00,79.77,0,1.000,2,0.000,1,,0
259.90,259.90,UAV-3,SCOUT,ACTIVE,IDLE,2218.6,2375.8,1243.8,116.1,0.00,72.96,1,1.000,1,1.000,1,,0
259.90,259.90,UAV-4,SCOUT,ACTIVE,IDLE,2228.2,2465.7,1248.7,117.6,0.00,73.32,1,1.000,1,1.000,1,,0
259.90,259.90,UAV-5,STANDBY,RETURNING,RTH,3168.1,2894.0,1233.0,112.5,13.97,71.91,1,1.000,3,0.000,1,,0
260.92,260.92,UAV-1,RELAY,ACTIVE,RELAY_HOLD,2943.4,2751.7,1250.9,129.4,0.11,69.79,1,1.000,2,0.000,1,,0
260.92,260.92,UAV-2,SCOUT,KILLED,LANDED,3032.1,2797.7,1121.4,0.3,0.00,79.77,0,1.000,2,0.000,1,,0
260.92,260.92,UAV-3,SCOUT,ACTIVE,IDLE,2218.6,2375.8,1243.8,116.1,0.00,72.86,1,1.000,1,1.000,1,,0
260.92,260.92,UAV-4,SCOUT,ACTIVE,IDLE,2228.2,2465.7,1248.7,117.6,0.00,73.22,1,1.000,1,1.000,1,,0
260.92,260.92,UAV-5,STANDBY,RETURNING,RTH,3155.4,2888.1,1232.9,110.6,13.63,71.78,1,1.000,3,0.000,1,,0
261.94,261.94,UAV-1,RELAY,ACTIVE,RELAY_HOLD,2943.5,2751.6,1251.0,129.4,0.13,69.69,1,1.000,2,0.000,1,,0
261.94,261.94,UAV-2,SCOUT,KILLED,LANDED,3032.1,2797.7,1121.4,0.3,0.00,79.77,0,1.000,2,0.000,1,,0
261.94,261.94,UAV-3,SCOUT,ACTIVE,IDLE,2218.6,2375.8,1243.8,116.1,0.00,72.77,1,1.000,1,1.000,1,,0
261.94,261.94,UAV-4,SCOUT,ACTIVE,IDLE,2228.2,2465.7,1248.7,117.6,0.00,73.12,1,1.000,1,1.000,1,,0
261.94,261.94,UAV-5,STANDBY,RETURNING,RTH,3143.7,2880.3,1232.7,109.8,13.99,71.64,1,1.000,3,0.000,1,,0
262.96,262.96,UAV-1,RELAY,ACTIVE,RELAY_HOLD,2943.8,2751.6,1250.4,128.8,2.56,69.58,1,1.000,2,0.000,1,,0
262.96,262.96,UAV-2,SCOUT,KILLED,LANDED,3032.1,2797.7,1121.4,0.3,0.00,79.77,0,1.000,2,0.000,1,,0
262.96,262.96,UAV-3,SCOUT,ACTIVE,IDLE,2218.6,2375.8,1243.8,116.1,0.00,72.67,1,1.000,1,1.000,1,,0
262.96,262.96,UAV-4,SCOUT,ACTIVE,IDLE,2228.2,2465.7,1248.7,117.6,0.00,73.03,1,1.000,1,1.000,1,,0
262.96,262.96,UAV-5,STANDBY,RETURNING,RTH,3132.9,2870.7,1232.5,110.8,14.35,71.50,1,1.000,3,0.000,1,,0
263.98,263.98,UAV-1,RELAY,ACTIVE,RELAY_HOLD,2946.8,2754.0,1249.2,127.4,3.21,69.46,1,1.000,2,0.000,1,,0
263.98,263.98,UAV-2,SCOUT,KILLED,LANDED,3032.1,2797.7,1121.4,0.3,0.00,79.77,0,1.000,2,0.000,1,,0
263.98,263.98,UAV-3,SCOUT,ACTIVE,IDLE,2218.6,2375.8,1243.8,116.1,0.00,72.57,1,1.000,1,1.000,1,,0
263.98,263.98,UAV-4,SCOUT,ACTIVE,IDLE,2228.2,2465.7,1248.7,117.6,0.00,72.93,1,1.000,1,1.000,1,,0
263.98,263.98,UAV-5,STANDBY,RETURNING,RTH,3122.7,2860.0,1232.4,112.0,14.63,71.35,1,1.000,3,0.000,1,,0
265.00,265.00,UAV-1,RELAY,ACTIVE,RELAY_HOLD,2947.4,2754.5,1249.3,127.4,0.44,69.36,1,1.000,2,0.000,1,,0
265.00,265.00,UAV-2,SCOUT,KILLED,LANDED,3032.1,2797.7,1121.4,0.3,0.00,79.77,0,1.000,2,0.000,1,,0
265.00,265.00,UAV-3,SCOUT,ACTIVE,IDLE,2218.6,2375.8,1243.8,116.1,0.00,72.48,1,1.000,1,1.000,1,,0
265.00,265.00,UAV-4,SCOUT,ACTIVE,IDLE,2228.2,2465.7,1248.7,117.6,0.00,72.84,1,1.000,1,1.000,1,,0
265.00,265.00,UAV-5,STANDBY,RETURNING,RTH,3113.0,2848.5,1232.2,112.4,14.82,71.21,1,1.000,3,0.000,1,,0
266.02,266.02,UAV-1,RELAY,ACTIVE,RELAY_HOLD,2947.2,2754.4,1249.3,127.4,0.10,69.26,1,1.000,2,0.000,1,,0
266.02,266.02,UAV-2,SCOUT,KILLED,LANDED,3032.1,2797.7,1121.4,0.3,0.00,79.77,0,1.000,2,0.000,1,,0
266.02,266.02,UAV-3,SCOUT,ACTIVE,IDLE,2218.6,2375.8,1243.8,116.1,0.00,72.38,1,1.000,1,1.000,1,,0
266.02,266.02,UAV-4,SCOUT,ACTIVE,IDLE,2228.2,2465.7,1248.7,117.6,0.00,72.74,1,1.000,1,1.000,1,,0
266.02,266.02,UAV-5,STANDBY,RETURNING,RTH,3103.5,2836.7,1232.1,112.0,14.89,71.08,1,1.000,3,0.000,1,,0
267.04,267.04,UAV-1,RELAY,ACTIVE,RELAY_HOLD,2947.2,2754.5,1249.3,127.4,0.12,69.17,1,1.000,2,0.000,1,,0
267.04,267.04,UAV-2,SCOUT,KILLED,LANDED,3032.1,2797.7,1121.4,0.3,0.00,79.77,0,1.000,2,0.000,1,,0
267.04,267.04,UAV-3,SCOUT,ACTIVE,IDLE,2218.6,2375.8,1243.8,116.1,0.00,72.29,1,1.000,1,1.000,1,,0
267.04,267.04,UAV-4,SCOUT,ACTIVE,IDLE,2228.2,2465.7,1248.7,117.6,0.00,72.64,1,1.000,1,1.000,1,,0
267.04,267.04,UAV-5,STANDBY,RETURNING,RTH,3093.8,2825.0,1231.9,110.4,14.92,70.94,1,1.000,3,0.000,1,,0
268.06,268.06,UAV-1,RELAY,ACTIVE,RELAY_HOLD,2948.2,2755.4,1250.9,128.9,7.28,69.04,1,1.000,2,0.000,1,,0
268.06,268.06,UAV-2,SCOUT,KILLED,LANDED,3032.1,2797.7,1121.4,0.3,0.00,79.77,0,1.000,2,0.000,1,,0
268.06,268.06,UAV-3,SCOUT,ACTIVE,IDLE,2218.6,2375.8,1243.8,116.1,0.00,72.19,1,1.000,1,1.000,1,,0
268.06,268.06,UAV-4,SCOUT,ACTIVE,IDLE,2228.2,2465.7,1248.7,117.6,0.00,72.55,1,1.000,1,1.000,1,,0
268.06,268.06,UAV-5,STANDBY,RETURNING,RTH,3083.9,2813.5,1231.8,108.9,14.89,70.81,1,1.000,3,0.001,1,,0
269.08,269.08,UAV-1,RELAY,ACTIVE,RELAY_HOLD,2955.7,2758.6,1258.1,135.7,9.45,68.90,1,1.000,2,0.000,1,,0
269.08,269.08,UAV-2,SCOUT,KILLED,LANDED,3032.1,2797.7,1121.4,0.3,0.00,79.77,0,1.000,2,0.000,1,,0
269.08,269.08,UAV-3,SCOUT,ACTIVE,IDLE,2218.6,2375.8,1243.8,116.1,0.00,72.09,1,1.000,1,1.000,1,,0
269.08,269.08,UAV-4,SCOUT,ACTIVE,IDLE,2228.2,2465.7,1248.7,117.6,0.00,72.45,1,1.000,1,1.000,1,,0
269.08,269.08,UAV-5,STANDBY,RETURNING,RTH,3073.7,2802.2,1231.7,107.9,14.88,70.68,1,1.000,3,0.041,1,,0
270.10,270.10,UAV-1,RELAY,ACTIVE,RELAY_HOLD,2963.0,2760.5,1258.7,135.9,7.18,68.77,1,1.000,2,0.000,1,,0
270.10,270.10,UAV-2,SCOUT,KILLED,LANDED,3032.1,2797.7,1121.4,0.3,0.00,79.77,0,1.000,2,0.000,1,,0
270.10,270.10,UAV-3,SCOUT,ACTIVE,IDLE,2218.6,2375.8,1243.8,116.1,0.01,72.00,1,1.000,1,1.000,1,,0
270.10,270.10,UAV-4,SCOUT,ACTIVE,IDLE,2228.2,2465.7,1248.7,117.6,0.01,72.35,1,1.000,1,1.000,1,,0
270.10,270.10,UAV-5,STANDBY,RETURNING,RTH,3063.3,2791.1,1231.5,107.4,14.88,70.55,1,1.000,3,0.046,1,,0
271.12,271.12,UAV-1,RELAY,ACTIVE,RELAY_HOLD,2968.2,2760.5,1253.1,130.0,6.26,68.63,1,1.000,2,0.000,1,,0
271.12,271.12,UAV-2,SCOUT,KILLED,LANDED,3032.1,2797.7,1121.4,0.3,0.00,79.77,0,1.000,2,0.000,1,,0
271.12,271.12,UAV-3,SCOUT,ACTIVE,IDLE,2218.6,2375.8,1243.8,116.1,0.00,71.90,1,1.000,1,1.000,1,,0
271.12,271.12,UAV-4,SCOUT,ACTIVE,IDLE,2228.2,2465.7,1248.7,117.6,0.00,72.26,1,1.000,1,1.000,1,,0
271.12,271.12,UAV-5,STANDBY,RETURNING,RTH,3052.6,2780.4,1231.4,108.0,14.84,70.42,1,1.000,3,0.051,1,,0
272.14,272.14,UAV-1,RELAY,ACTIVE,RELAY_HOLD,2966.5,2757.0,1250.1,127.1,6.26,68.50,1,1.000,2,0.000,1,,0
272.14,272.14,UAV-2,SCOUT,KILLED,LANDED,3032.1,2797.7,1121.4,0.3,0.00,79.77,0,1.000,2,0.000,1,,0
272.14,272.14,UAV-3,SCOUT,ACTIVE,IDLE,2218.6,2375.8,1243.8,116.1,0.00,71.80,1,1.000,1,1.000,1,,0
272.14,272.14,UAV-4,SCOUT,ACTIVE,IDLE,2228.2,2465.7,1248.7,117.6,0.00,72.16,1,1.000,1,1.000,1,,0
272.14,272.14,UAV-5,STANDBY,RETURNING,RTH,3041.6,2770.0,1231.3,109.1,14.79,70.29,1,1.000,3,0.168,1,,0
273.16,273.16,UAV-1,RELAY,ACTIVE,RELAY_HOLD,2958.5,2755.3,1249.4,126.9,9.71,68.37,1,1.000,2,0.000,1,,0
273.16,273.16,UAV-2,SCOUT,KILLED,LANDED,3032.1,2797.7,1121.4,0.3,0.00,79.77,0,1.000,2,0.000,1,,0
273.16,273.16,UAV-3,SCOUT,ACTIVE,IDLE,2218.6,2375.8,1243.8,116.1,0.00,71.71,1,1.000,1,1.000,1,,0
273.16,273.16,UAV-4,SCOUT,ACTIVE,IDLE,2228.2,2465.7,1248.7,117.6,0.00,72.06,1,1.000,1,1.000,1,,0
273.16,273.16,UAV-5,STANDBY,RETURNING,RTH,3030.4,2760.1,1231.2,110.4,14.71,70.16,1,1.000,3,0.180,1,,0
274.18,274.18,UAV-1,RELAY,ACTIVE,RELAY_HOLD,2948.3,2755.4,1249.4,127.4,7.59,68.26,1,1.000,2,0.000,1,,0
274.18,274.18,UAV-2,SCOUT,KILLED,LANDED,3032.1,2797.7,1121.4,0.3,0.00,79.77,0,1.000,2,0.000,1,,0
274.18,274.18,UAV-3,SCOUT,ACTIVE,IDLE,2218.6,2375.8,1243.8,116.1,0.00,71.61,1,1.000,1,1.000,1,,0
274.18,274.18,UAV-4,SCOUT,ACTIVE,IDLE,2228.2,2465.7,1248.7,117.6,0.00,71.97,1,1.000,1,1.000,1,,0
274.18,274.18,UAV-5,STANDBY,RETURNING,RTH,3018.9,2750.5,1231.1,111.0,14.63,70.03,1,1.000,3,0.299,1,,0
275.20,275.20,UAV-1,RELAY,ACTIVE,RELAY_HOLD,2945.1,2755.6,1249.4,127.7,0.50,68.14,1,1.000,2,0.000,1,,0
275.20,275.20,UAV-2,SCOUT,KILLED,LANDED,3032.1,2797.7,1121.4,0.3,0.00,79.77,0,1.000,2,0.000,1,,0
275.20,275.20,UAV-3,SCOUT,ACTIVE,IDLE,2218.6,2375.8,1243.8,116.1,0.00,71.52,1,1.000,1,1.000,1,,0
275.20,275.20,UAV-4,SCOUT,ACTIVE,IDLE,2228.2,2465.7,1248.7,117.6,0.00,71.87,1,1.000,1,1.000,1,,0
275.20,275.20,UAV-5,STANDBY,RETURNING,RTH,3007.1,2741.4,1231.0,110.1,14.53,69.90,1,1.000,3,0.606,1,,0
276.22,276.22,UAV-1,RELAY,ACTIVE,RELAY_HOLD,2947.5,2756.5,1250.6,128.7,6.13,68.02,1,1.000,2,0.000,1,,0
276.22,276.22,UAV-2,SCOUT,KILLED,LANDED,3032.1,2797.7,1121.4,0.3,0.00,79.77,0,1.000,2,0.000,1,,0
276.22,276.22,UAV-3,SCOUT,ACTIVE,IDLE,2218.6,2375.8,1243.8,116.1,0.01,71.42,1,1.000,1,1.000,1,,0
276.22,276.22,UAV-4,SCOUT,ACTIVE,IDLE,2228.2,2465.7,1248.7,117.6,0.01,71.78,1,1.000,1,1.000,1,,0
276.22,276.22,UAV-5,STANDBY,RETURNING,RTH,2995.1,2732.9,1231.0,107.7,14.39,69.78,1,1.000,3,0.867,1,,0
277.24,277.24,UAV-1,RELAY,ACTIVE,RELAY_HOLD,2956.9,2758.0,1254.4,131.9,12.54,67.88,1,1.000,2,0.000,1,,0
277.24,277.24,UAV-2,SCOUT,KILLED,LANDED,3032.1,2797.7,1121.4,0.3,0.00,79.77,0,1.000,2,0.000,1,,0
277.24,277.24,UAV-3,SCOUT,ACTIVE,IDLE,2218.6,2375.8,1243.8,116.1,0.00,71.32,1,1.000,1,1.000,1,,0
277.24,277.24,UAV-4,SCOUT,ACTIVE,IDLE,2228.2,2465.7,1248.7,117.6,0.00,71.68,1,1.000,1,1.000,1,,0
277.24,277.24,UAV-5,STANDBY,RETURNING,RTH,2982.7,2725.1,1230.9,107.0,14.29,69.65,1,1.000,3,0.916,1,,0
278.26,278.26,UAV-1,RELAY,ACTIVE,RELAY_HOLD,2969.7,2758.8,1256.0,132.8,13.99,67.74,1,1.000,2,0.000,1,,0
278.26,278.26,UAV-2,SCOUT,KILLED,LANDED,3032.1,2797.7,1121.4,0.3,0.00,79.77,0,1.000,2,0.000,1,,0
278.26,278.26,UAV-3,SCOUT,ACTIVE,IDLE,2218.6,2375.8,1243.8,116.1,0.00,71.23,1,1.000,1,1.000,1,,0
278.26,278.26,UAV-4,SCOUT,ACTIVE,IDLE,2228.2,2465.7,1248.7,117.6,0.00,71.58,1,1.000,1,1.000,1,,0
278.26,278.26,UAV-5,STANDBY,RETURNING,RTH,2970.0,2718.0,1230.9,107.7,14.19,69.53,1,1.000,3,0.842,1,,0
279.28,279.28,UAV-1,RELAY,ACTIVE,RELAY_HOLD,2985.7,2762.1,1256.1,133.1,17.93,67.62,1,1.000,2,0.000,1,,0
279.28,279.28,UAV-2,SCOUT,KILLED,LANDED,3032.1,2797.7,1121.4,0.3,0.00,79.77,0,1.000,2,0.000,1,,0
279.28,279.28,UAV-3,SCOUT,ACTIVE,IDLE,2218.6,2375.8,1243.8,116.1,0.01,71.13,1,1.000,1,1.000,1,,0
279.28,279.28,UAV-4,SCOUT,ACTIVE,IDLE,2228.2,2465.7,1248.7,117.6,0.01,71.49,1,1.000,1,1.000,1,,0
279.28,279.28,UAV-5,STANDBY,RETURNING,RTH,2956.9,2712.0,1230.8,108.9,14.11,69.41,1,1.000,3,0.935,1,,0
280.30,280.30,UAV-1,RELAY,ACTIVE,RELAY_HOLD,3003.9,2766.4,1255.3,133.5,18.38,67.50,1,1.000,2,0.381,1,,0
280.30,280.30,UAV-2,SCOUT,KILLED,LANDED,3032.1,2797.7,1121.4,0.3,0.00,79.77,0,1.000,2,0.000,1,,0
280.30,280.30,UAV-3,SCOUT,ACTIVE,IDLE,2218.6,2375.8,1243.8,116.1,0.00,71.03,1,1.000,1,1.000,1,,0
280.30,280.30,UAV-4,SCOUT,ACTIVE,IDLE,2228.2,2465.7,1248.7,117.6,0.00,71.39,1,1.000,1,1.000,1,,0
280.30,280.30,UAV-5,STANDBY,RETURNING,RTH,2943.4,2707.1,1230.8,109.4,13.93,69.28,1,1.000,3,0.962,1,,0
281.32,281.32,UAV-1,RELAY,ACTIVE,RELAY_HOLD,3016.7,2771.3,1257.1,136.0,9.40,67.35,1,1.000,2,0.623,1,,0
281.32,281.32,UAV-2,SCOUT,KILLED,LANDED,3032.1,2797.7,1121.4,0.3,0.00,79.77,0,1.000,2,0.000,1,,0
281.32,281.32,UAV-3,SCOUT,ACTIVE,IDLE,2218.6,2375.8,1243.8,116.1,0.00,70.94,1,1.000,1,1.000,1,,0
281.32,281.32,UAV-4,SCOUT,ACTIVE,IDLE,2228.2,2465.7,1248.7,117.6,0.00,71.29,1,1.000,1,1.000,1,,0
281.32,281.32,UAV-5,STANDBY,RETURNING,RTH,2930.8,2701.6,1231.0,109.5,13.58,69.14,1,1.000,3,1.000,1,,0
282.34,282.34,UAV-1,RELAY,ACTIVE,RELAY_HOLD,3021.1,2769.3,1263.5,142.4,7.61,67.20,1,1.000,2,0.630,1,,0
282.34,282.34,UAV-2,SCOUT,KILLED,LANDED,3032.1,2797.7,1121.4,0.3,0.00,79.77,0,1.000,2,0.000,1,,0
282.34,282.34,UAV-3,SCOUT,ACTIVE,IDLE,2218.6,2375.8,1243.8,116.1,0.00,70.84,1,1.000,1,1.000,1,,0
282.34,282.34,UAV-4,SCOUT,ACTIVE,IDLE,2228.2,2465.7,1248.7,117.6,0.01,71.20,1,1.000,1,1.000,1,,0
282.34,282.34,UAV-5,STANDBY,RETURNING,RTH,2919.3,2693.5,1231.1,109.6,14.06,69.00,1,1.000,1,1.000,1,,0
283.36,283.36,UAV-1,RELAY,ACTIVE,RELAY_HOLD,3021.0,2763.0,1268.6,147.8,8.94,67.06,1,1.000,2,0.714,1,,0
283.36,283.36,UAV-2,SCOUT,KILLED,LANDED,3032.1,2797.7,1121.4,0.3,0.00,79.77,0,1.000,2,0.000,1,,0
283.36,283.36,UAV-3,SCOUT,ACTIVE,IDLE,2218.6,2375.8,1243.8,116.1,0.01,70.74,1,1.000,1,1.000,1,,0
283.36,283.36,UAV-4,SCOUT,ACTIVE,IDLE,2228.2,2465.7,1248.7,117.6,0.01,71.10,1,1.000,1,1.000,1,,0
283.36,283.36,UAV-5,STANDBY,RETURNING,RTH,2908.6,2683.6,1231.2,109.6,14.48,68.86,1,1.000,1,1.000,1,,0
284.38,284.38,UAV-1,RELAY,ACTIVE,RELAY_HOLD,3017.4,2753.9,1272.1,151.8,11.33,66.93,1,1.000,2,0.920,1,,0
284.38,284.38,UAV-2,SCOUT,KILLED,LANDED,3032.1,2797.7,1121.4,0.3,0.00,79.77,0,1.000,2,0.000,1,,0
284.38,284.38,UAV-3,SCOUT,ACTIVE,IDLE,2218.6,2375.8,1243.8,116.1,0.00,70.65,1,1.000,1,1.000,1,,0
284.38,284.38,UAV-4,SCOUT,ACTIVE,IDLE,2228.2,2465.7,1248.7,117.6,0.00,71.01,1,1.000,1,1.000,1,,0
284.38,284.38,UAV-5,STANDBY,RETURNING,RTH,2898.5,2672.6,1231.4,110.2,14.79,68.72,1,1.000,1,1.000,1,,0
285.40,285.40,UAV-1,RELAY,ACTIVE,RELAY_HOLD,3010.4,2744.1,1275.1,154.6,12.89,66.80,1,1.000,1,1.000,1,,0
285.40,285.40,UAV-2,SCOUT,KILLED,LANDED,3032.1,2797.7,1121.4,0.3,0.00,79.77,0,1.000,2,0.000,1,,0
285.40,285.40,UAV-3,SCOUT,ACTIVE,IDLE,2218.6,2375.8,1243.8,116.1,0.00,70.55,1,1.000,1,1.000,1,,0
285.40,285.40,UAV-4,SCOUT,ACTIVE,IDLE,2228.2,2465.7,1248.7,117.6,0.00,70.91,1,1.000,1,1.000,1,,0
285.40,285.40,UAV-5,STANDBY,RETURNING,RTH,2888.8,2660.9,1231.5,111.7,15.05,68.58,1,1.000,1,1.000,1,,0
286.42,286.42,UAV-1,RELAY,ACTIVE,RELAY_HOLD,3000.7,2734.9,1277.7,155.3,13.70,66.67,1,1.000,2,1.000,1,,0
286.42,286.42,UAV-2,SCOUT,KILLED,LANDED,3032.1,2797.7,1121.4,0.3,0.00,79.77,0,1.000,2,0.000,1,,0
286.42,286.42,UAV-3,SCOUT,ACTIVE,IDLE,2218.6,2375.8,1243.8,116.1,0.00,70.46,1,1.000,1,1.000,1,,0
286.42,286.42,UAV-4,SCOUT,ACTIVE,IDLE,2228.2,2465.7,1248.7,117.6,0.00,70.81,1,1.000,1,1.000,1,,0
286.42,286.42,UAV-5,STANDBY,RETURNING,RTH,2879.3,2648.7,1231.7,112.4,15.19,68.44,1,1.000,1,1.000,1,,0
287.44,287.44,UAV-1,RELAY,ACTIVE,RELAY_HOLD,2990.6,2726.0,1278.9,155.0,13.46,66.54,1,1.000,1,1.000,1,,0
287.44,287.44,UAV-2,SCOUT,KILLED,LANDED,3032.1,2797.7,1121.4,0.3,0.00,79.77,0,1.000,2,0.000,1,,0
287.44,287.44,UAV-3,SCOUT,ACTIVE,IDLE,2218.6,2375.8,1243.8,116.1,0.00,70.36,1,1.000,1,1.000,1,,0
287.44,287.44,UAV-4,SCOUT,ACTIVE,IDLE,2228.2,2465.7,1248.7,117.6,0.00,70.72,1,1.000,1,1.000,1,,0
287.44,287.44,UAV-5,STANDBY,RETURNING,RTH,2870.1,2636.2,1231.8,112.7,15.25,68.30,1,1.000,1,1.000,1,,0
288.46,288.46,UAV-1,RELAY,ACTIVE,RELAY_HOLD,2980.9,2715.7,1279.5,155.7,14.21,66.40,1,1.000,1,1.000,1,,0
288.46,288.46,UAV-2,SCOUT,KILLED,LANDED,3032.1,2797.7,1121.4,0.3,0.00,79.77,0,1.000,2,0.000,1,,0
288.46,288.46,UAV-3,SCOUT,ACTIVE,IDLE,2218.6,2375.8,1243.8,116.1,0.00,70.26,1,1.000,1,1.000,1,,0
288.46,288.46,UAV-4,SCOUT,ACTIVE,IDLE,2228.2,2465.7,1248.7,117.6,0.00,70.62,1,1.000,1,1.000,1,,0
288.46,288.46,UAV-5,STANDBY,RETURNING,RTH,2861.2,2623.4,1231.9,113.6,15.30,68.15,1,1.000,1,1.000,1,,0
289.48,289.48,UAV-1,RELAY,ACTIVE,RELAY_HOLD,2971.1,2704.9,1279.9,155.8,14.43,66.26,1,1.000,1,1.000,1,,0
289.48,289.48,UAV-2,SCOUT,KILLED,LANDED,3032.1,2797.7,1121.4,0.3,0.00,79.77,0,1.000,2,0.000,1,,0
289.48,289.48,UAV-3,SCOUT,ACTIVE,IDLE,2218.6,2375.8,1243.8,116.1,0.00,70.17,1,1.000,1,1.000,1,,0
289.48,289.48,UAV-4,SCOUT,ACTIVE,IDLE,2228.2,2465.7,1248.7,117.6,0.00,70.52,1,1.000,1,1.000,1,,0
289.48,289.48,UAV-5,STANDBY,RETURNING,RTH,2852.3,2610.6,1232.0,113.4,15.31,68.01,1,1.000,1,1.000,1,,0
290.50,290.50,UAV-1,RELAY,ACTIVE,RELAY_TRANSIT,2962.8,2696.0,1276.9,152.2,11.30,66.13,1,1.000,1,1.000,1,,0
290.50,290.50,UAV-2,SCOUT,KILLED,LANDED,3032.1,2797.7,1121.4,0.3,0.00,79.77,0,1.000,2,0.000,1,,0
290.50,290.50,UAV-3,SCOUT,ACTIVE,IDLE,2218.6,2375.8,1243.8,116.1,0.00,70.07,1,1.000,1,1.000,1,,0
290.50,290.50,UAV-4,SCOUT,ACTIVE,IDLE,2228.2,2465.7,1248.7,117.6,0.00,70.43,1,1.000,1,1.000,1,,0
290.50,290.50,UAV-5,STANDBY,RETURNING,RTH,2843.5,2597.7,1232.1,112.8,15.37,67.87,1,1.000,1,1.000,1,,0
291.52,291.52,UAV-1,RELAY,ACTIVE,RELAY_TRANSIT,2956.8,2690.7,1268.3,143.6,11.86,66.01,1,1.000,1,1.000,1,,0
291.52,291.52,UAV-2,SCOUT,KILLED,LANDED,3032.1,2797.7,1121.4,0.3,0.00,79.77,0,1.000,2,0.000,1,,0
291.52,291.52,UAV-3,SCOUT,ACTIVE,IDLE,2218.6,2375.8,1243.8,116.1,0.00,69.97,1,1.000,1,1.000,1,,0
291.52,291.52,UAV-4,SCOUT,ACTIVE,IDLE,2228.2,2465.7,1248.7,117.6,0.00,70.33,1,1.000,1,1.000,1,,0
291.52,291.52,UAV-5,STANDBY,RETURNING,RTH,2834.7,2584.7,1232.3,112.5,15.40,67.73,1,1.000,1,1.000,1,,0
292.54,292.54,UAV-1,RELAY,ACTIVE,RELAY_TRANSIT,2950.4,2688.4,1258.4,134.4,11.83,65.89,1,1.000,1,1.000,1,,0
292.54,292.54,UAV-2,SCOUT,KILLED,LANDED,3032.1,2797.7,1121.4,0.3,0.00,79.77,0,1.000,2,0.000,1,,0
292.54,292.54,UAV-3,SCOUT,ACTIVE,IDLE,2218.6,2375.8,1243.8,116.1,0.00,69.88,1,1.000,1,1.000,1,,0
292.54,292.54,UAV-4,SCOUT,ACTIVE,IDLE,2228.2,2465.7,1248.7,117.6,0.00,70.23,1,1.000,1,1.000,1,,0
292.54,292.54,UAV-5,STANDBY,RETURNING,RTH,2825.7,2571.8,1232.4,111.0,15.37,67.59,1,1.000,1,1.000,1,,0
293.56,293.56,UAV-1,RELAY,ACTIVE,RELAY_TRANSIT,2942.3,2687.4,1249.4,126.0,12.11,65.77,1,1.000,1,1.000,1,,0
293.56,293.56,UAV-2,SCOUT,KILLED,LANDED,3032.1,2797.7,1121.4,0.3,0.00,79.77,0,1.000,2,0.000,1,,0
293.56,293.56,UAV-3,SCOUT,ACTIVE,IDLE,2218.6,2375.8,1243.8,116.1,0.00,69.78,1,1.000,1,1.000,1,,0
293.56,293.56,UAV-4,SCOUT,ACTIVE,IDLE,2228.2,2465.7,1248.7,117.6,0.00,70.14,1,1.000,1,1.000,1,,0
293.56,293.56,UAV-5,STANDBY,RETURNING,RTH,2816.6,2559.1,1232.5,110.2,15.25,67.46,1,1.000,1,1.000,1,,0
294.58,294.58,UAV-1,RELAY,ACTIVE,RELAY_TRANSIT,2932.9,2686.6,1241.3,118.2,12.39,65.66,1,1.000,1,1.000,1,,0
294.58,294.58,UAV-2,SCOUT,KILLED,LANDED,3032.1,2797.7,1121.4,0.3,0.00,79.77,0,1.000,2,0.000,1,,0
294.58,294.58,UAV-3,SCOUT,ACTIVE,IDLE,2218.6,2375.8,1243.8,116.1,0.00,69.69,1,1.000,1,1.000,1,,0
294.58,294.58,UAV-4,SCOUT,ACTIVE,IDLE,2228.2,2465.7,1248.7,117.6,0.00,70.04,1,1.000,1,1.000,1,,0
294.58,294.58,UAV-5,STANDBY,RETURNING,RTH,2807.2,2546.8,1232.6,110.1,15.19,67.32,1,1.000,1,1.000,1,,0
295.60,295.60,UAV-1,RELAY,ACTIVE,RELAY_TRANSIT,2922.4,2685.7,1234.0,111.3,12.62,65.54,1,1.000,2,1.000,1,,0
295.60,295.60,UAV-2,SCOUT,KILLED,LANDED,3032.1,2797.7,1121.4,0.3,0.00,79.77,0,1.000,2,0.000,1,,0
295.60,295.60,UAV-3,SCOUT,ACTIVE,IDLE,2218.6,2375.8,1243.8,116.1,0.00,69.59,1,1.000,1,1.000,1,,0
295.60,295.60,UAV-4,SCOUT,ACTIVE,IDLE,2228.2,2465.7,1248.7,117.6,0.00,69.95,1,1.000,1,1.000,1,,0
295.60,295.60,UAV-5,STANDBY,RETURNING,RTH,2797.4,2534.7,1232.6,111.2,15.16,67.19,1,1.000,3,1.000,1,,0
296.62,296.62,UAV-1,RELAY,ACTIVE,RELAY_TRANSIT,2911.2,2684.8,1227.6,105.8,12.72,65.42,1,1.000,1,1.000,1,,0
296.62,296.62,UAV-2,SCOUT,KILLED,LANDED,3032.1,2797.7,1121.4,0.3,0.00,79.77,0,1.000,2,0.000,1,,0
296.62,296.62,UAV-3,SCOUT,ACTIVE,IDLE,2218.6,2375.8,1243.8,116.1,0.01,69.49,1,1.000,1,1.000,1,,0
296.62,296.62,UAV-4,SCOUT,ACTIVE,IDLE,2228.2,2465.7,1248.7,117.6,0.01,69.85,1,1.000,1,1.000,1,,0
296.62,296.62,UAV-5,STANDBY,RETURNING,RTH,2787.3,2523.1,1232.7,112.5,14.99,67.06,1,1.000,1,1.000,1,,0
297.64,297.64,UAV-1,RELAY,ACTIVE,RELAY_TRANSIT,2899.5,2683.9,1222.0,101.4,12.83,65.30,1,1.000,1,1.000,1,,0
297.64,297.64,UAV-2,SCOUT,KILLED,LANDED,3032.1,2797.7,1121.4,0.3,0.00,79.77,0,1.000,2,0.000,1,,0
297.64,297.64,UAV-3,SCOUT,ACTIVE,IDLE,2218.6,2375.8,1243.8,116.1,0.00,69.40,1,1.000,1,1.000,1,,0
297.64,297.64,UAV-4,SCOUT,ACTIVE,IDLE,2228.2,2465.7,1248.7,117.6,0.00,69.75,1,1.000,1,1.000,1,,0
297.64,297.64,UAV-5,STANDBY,RETURNING,RTH,2776.9,2512.0,1232.8,113.8,14.83,66.93,1,1.000,1,1.000,1,,0
298.66,298.66,UAV-1,RELAY,ACTIVE,RELAY_TRANSIT,2887.3,2683.0,1217.3,98.0,12.97,65.18,1,1.000,2,1.000,1,,0
298.66,298.66,UAV-2,SCOUT,KILLED,LANDED,3032.1,2797.7,1121.4,0.3,0.00,79.77,0,1.000,2,0.000,1,,0
298.66,298.66,UAV-3,SCOUT,ACTIVE,IDLE,2218.6,2375.8,1243.8,116.1,0.00,69.30,1,1.000,1,1.000,1,,0
298.66,298.66,UAV-4,SCOUT,ACTIVE,IDLE,2228.2,2465.7,1248.7,117.6,0.00,69.66,1,1.000,1,1.000,1,,0
298.66,298.66,UAV-5,STANDBY,RETURNING,RTH,2766.2,2501.5,1232.8,114.1,14.68,66.80,1,1.000,1,1.000,1,,0
299.68,299.68,UAV-1,RELAY,ACTIVE,RELAY_TRANSIT,2874.5,2682.2,1213.4,95.6,13.13,65.06,1,1.000,2,0.884,1,,0
299.68,299.68,UAV-2,SCOUT,KILLED,LANDED,3032.1,2797.7,1121.4,0.3,0.00,79.77,0,1.000,2,0.000,1,,0
299.68,299.68,UAV-3,SCOUT,ACTIVE,IDLE,2218.6,2375.8,1243.8,116.1,0.00,69.20,1,1.000,1,1.000,1,,0
299.68,299.68,UAV-4,SCOUT,ACTIVE,IDLE,2228.2,2465.7,1248.7,117.6,0.00,69.56,1,1.000,1,1.000,1,,0
299.68,299.68,UAV-5,STANDBY,RETURNING,RTH,2755.0,2491.7,1232.9,113.1,14.50,66.67,1,1.000,1,1.000,1,,0
300.70,300.70,UAV-1,RELAY,ACTIVE,RELAY_TRANSIT,2861.4,2681.5,1210.3,93.3,13.39,64.92,1,1.000,2,0.837,1,,0
300.70,300.70,UAV-2,SCOUT,KILLED,LANDED,3032.1,2797.7,1121.4,0.3,0.00,79.77,0,1.000,2,0.000,1,,0
300.70,300.70,UAV-3,SCOUT,ACTIVE,IDLE,2218.6,2375.8,1243.8,116.1,0.00,69.09,1,1.000,1,1.000,1,,0
300.70,300.70,UAV-4,SCOUT,ACTIVE,IDLE,2228.2,2465.7,1248.7,117.6,0.00,69.45,1,1.000,1,1.000,1,,0
300.70,300.70,UAV-5,STANDBY,RETURNING,RTH,2743.2,2482.9,1232.9,111.9,14.32,66.53,1,1.000,1,1.000,1,,0
301.72,301.72,UAV-1,RELAY,ACTIVE,RELAY_TRANSIT,2847.7,2680.9,1208.3,91.2,14.33,64.77,1,1.000,2,0.924,1,,0
301.72,301.72,UAV-2,SCOUT,KILLED,LANDED,3032.1,2797.7,1121.4,0.3,0.00,79.77,0,1.000,2,0.000,1,,0
301.72,301.72,UAV-3,SCOUT,ACTIVE,IDLE,2218.6,2375.8,1243.8,116.1,0.01,68.98,1,1.000,1,1.000,1,,0
301.72,301.72,UAV-4,SCOUT,ACTIVE,IDLE,2228.2,2465.7,1248.7,117.6,0.01,69.34,1,1.000,3,1.000,1,,0
301.72,301.72,UAV-5,STANDBY,RETURNING,RTH,2731.0,2475.2,1233.0,111.4,14.09,66.38,1,1.000,1,1.000,1,,0
302.74,302.74,UAV-1,RELAY,ACTIVE,RELAY_TRANSIT,2832.8,2678.2,1209.3,92.4,15.01,64.61,1,1.000,2,0.958,1,,0
302.74,302.74,UAV-2,SCOUT,KILLED,LANDED,3032.1,2797.7,1121.4,0.3,0.00,79.77,0,1.000,2,0.000,1,,0
302.74,302.74,UAV-3,SCOUT,ACTIVE,IDLE,2218.6,2375.8,1243.8,116.1,0.01,68.86,1,1.000,1,1.000,1,,0
302.74,302.74,UAV-4,SCOUT,ACTIVE,IDLE,2228.2,2465.7,1248.7,117.6,0.01,69.22,1,1.000,1,1.000,1,,0
302.74,302.74,UAV-5,STANDBY,RETURNING,RTH,2717.9,2469.2,1233.1,110.3,14.12,66.23,1,1.000,1,1.000,1,,0
303.76,303.76,UAV-1,RELAY,ACTIVE,RELAY_TRANSIT,2818.0,2675.0,1210.6,93.7,14.74,64.46,1,1.000,2,0.874,1,,0
303.76,303.76,UAV-2,SCOUT,KILLED,LANDED,3032.1,2797.7,1121.4,0.3,0.00,79.77,0,1.000,2,0.000,1,,0
303.76,303.76,UAV-3,SCOUT,ACTIVE,IDLE,2218.6,2375.8,1243.8,116.1,0.00,68.75,1,1.000,1,1.000,1,,0
303.76,303.76,UAV-4,SCOUT,ACTIVE,IDLE,2228.2,2465.7,1248.7,117.6,0.00,69.10,1,1.000,1,1.000,1,,0
303.76,303.76,UAV-5,STANDBY,RETURNING,RTH,2704.3,2464.5,1233.5,110.5,14.14,66.08,1,1.000,1,1.000,1,,0
304.78,304.78,UAV-1,RELAY,ACTIVE,RELAY_TRANSIT,2803.5,2671.8,1211.7,93.6,14.53,64.31,1,1.000,2,0.959,1,,0
304.78,304.78,UAV-2,SCOUT,KILLED,LANDED,3032.1,2797.7,1121.4,0.3,0.00,79.77,0,1.000,2,0.000,1,,0
304.78,304.78,UAV-3,SCOUT,ACTIVE,IDLE,2218.6,2375.8,1243.8,116.1,0.01,68.63,1,1.000,1,1.000,1,,0
304.78,304.78,UAV-4,SCOUT,ACTIVE,IDLE,2228.2,2465.7,1248.7,117.6,0.01,68.99,1,1.000,1,1.000,1,,0
304.78,304.78,UAV-5,STANDBY,RETURNING,RTH,2690.6,2460.2,1233.9,111.2,14.11,65.94,1,1.000,1,1.000,1,,0
305.80,305.80,UAV-1,RELAY,ACTIVE,RELAY_TRANSIT,2789.1,2668.7,1212.8,92.3,14.49,64.16,1,1.000,2,0.999,1,,0
305.80,305.80,UAV-2,SCOUT,KILLED,LANDED,3032.1,2797.7,1121.4,0.3,0.00,79.77,0,1.000,2,0.000,1,,0
305.80,305.80,UAV-3,SCOUT,ACTIVE,IDLE,2218.6,2375.8,1243.8,116.1,0.01,68.52,1,1.000,1,1.000,1,,0
305.80,305.80,UAV-4,SCOUT,ACTIVE,IDLE,2228.2,2465.7,1248.7,117.6,0.01,68.87,1,1.000,1,1.000,1,,0
305.80,305.80,UAV-5,STANDBY,RETURNING,RTH,2676.8,2456.1,1234.3,112.6,14.19,65.79,1,1.000,1,1.000,1,,0
306.82,306.82,UAV-1,RELAY,ACTIVE,RELAY_TRANSIT,2774.6,2665.9,1213.7,91.4,14.51,64.01,1,1.000,2,1.000,1,,0
306.82,306.82,UAV-2,SCOUT,KILLED,LANDED,3032.1,2797.7,1121.4,0.3,0.00,79.77,0,1.000,2,0.000,1,,0
306.82,306.82,UAV-3,STANDBY,RETURNING,RTH,2218.6,2375.8,1243.8,116.1,0.01,68.40,1,1.000,3,1.000,1,,0
306.82,306.82,UAV-4,SCOUT,ACTIVE,IDLE,2228.2,2465.7,1248.7,117.6,0.01,68.76,1,1.000,1,1.000,1,,0
306.82,306.82,UAV-5,STANDBY,RETURNING,RTH,2662.8,2452.1,1234.6,113.6,14.27,65.64,1,1.000,1,1.000,1,,0
307.84,307.84,UAV-1,RELAY,ACTIVE,RELAY_TRANSIT,2760.1,2663.4,1214.5,89.9,14.47,63.87,1,1.000,1,1.000,1,,0
307.84,307.84,UAV-2,SCOUT,KILLED,LANDED,3032.1,2797.7,1121.4,0.3,0.00,79.77,0,1.000,2,0.000,1,,0
307.84,307.84,UAV-3,STANDBY,RETURNING,RTH,2217.1,2377.3,1242.5,114.6,4.92,68.24,1,1.000,1,1.000,1,,0
307.84,307.84,UAV-4,STANDBY,RETURNING,RTH,2228.2,2465.7,1248.7,117.6,0.01,68.64,1,1.000,1,1.000,1,,0
307.84,307.84,UAV-5,STANDBY,RETURNING,RTH,2648.8,2448.2,1235.0,114.3,14.29,65.49,1,1.000,1,1.000,1,,0
308.86,308.86,UAV-1,RELAY,ACTIVE,RELAY_TRANSIT,2745.5,2661.1,1215.1,88.2,14.35,63.72,1,1.000,2,1.000,1,,0
308.86,308.86,UAV-2,SCOUT,KILLED,LANDED,3032.1,2797.7,1121.4,0.3,0.00,79.77,0,1.000,2,0.000,1,,0
308.86,308.86,UAV-3,STANDBY,RETURNING,RTH,2211.3,2381.1,1240.7,112.7,8.92,68.10,1,1.000,1,1.000,1,,0
308.86,308.86,UAV-4,STANDBY,RETURNING,RTH,2226.9,2464.3,1247.0,115.9,4.87,68.48,1,1.000,1,1.000,1,,0
308.86,308.86,UAV-5,STANDBY,RETURNING,RTH,2634.7,2444.6,1235.3,115.6,14.22,65.34,1,1.000,1,1.000,1,,0
309.88,309.88,UAV-1,RELAY,ACTIVE,RELAY_TRANSIT,2731.1,2659.3,1215.6,87.0,14.21,63.57,1,1.000,2,1.000,1,,0
309.88,309.88,UAV-2,SCOUT,KILLED,LANDED,3032.1,2797.7,1121.4,0.3,0.00,79.77,0,1.000,2,0.000,1,,0
309.88,309.88,UAV-3,STANDBY,RETURNING,RTH,2201.8,2385.2,1239.2,110.5,11.27,67.95,1,1.000,1,1.000,1,,0
309.88,309.88,UAV-4,STANDBY,RETURNING,RTH,2221.4,2460.5,1244.8,114.0,8.78,68.34,1,1.000,1,1.000,1,,0
309.88,309.88,UAV-5,STANDBY,RETURNING,RTH,2620.7,2441.1,1235.6,115.7,14.13,65.19,1,1.000,1,1.000,1,,0
310.90,310.90,UAV-1,RELAY,ACTIVE,RELAY_TRANSIT,2716.8,2657.0,1216.1,86.2,14.21,63.42,1,1.000,1,1.000,1,,0
310.90,310.90,UAV-2,SCOUT,KILLED,LANDED,3032.1,2797.7,1121.4,0.3,0.00,79.77,0,1.000,2,0.000,1,,0
310.90,310.90,UAV-3,STANDBY,RETURNING,RTH,2190.2,2388.9,1237.8,108.7,12.56,67.80,1,1.000,1,1.000,1,,0
310.90,310.90,UAV-4,STANDBY,RETURNING,RTH,2212.2,2456.3,1242.8,112.8,11.13,68.19,1,1.000,1,1.000,1,,0
310.90,310.90,UAV-5,STANDBY,RETURNING,RTH,2606.7,2437.9,1235.8,114.9,14.08,65.05,1,1.000,1,1.000,1,,0
311.92,311.92,UAV-1,RELAY,ACTIVE,RELAY_TRANSIT,2702.6,2654.0,1216.6,85.8,14.26,63.27,1,1.000,1,1.000,1,,0
311.92,311.92,UAV-2,SCOUT,KILLED,LANDED,3032.1,2797.7,1121.4,0.3,0.00,79.77,0,1.000,2,0.000,1,,0
311.92,311.92,UAV-3,STANDBY,RETURNING,RTH,2177.6,2392.5,1236.5,108.6,13.16,67.66,1,1.000,1,1.000,1,,0
311.92,311.92,UAV-4,STANDBY,RETURNING,RTH,2200.9,2452.4,1241.1,111.7,12.39,68.04,1,1.000,1,1.000,1,,0
311.92,311.92,UAV-5,STANDBY,RETURNING,RTH,2592.6,2434.8,1236.1,113.4,14.04,64.90,1,1.000,1,1.000,1,,0
312.94,312.94,UAV-1,RELAY,ACTIVE,RELAY_TRANSIT,2688.4,2651.0,1217.1,85.8,14.28,63.12,1,1.000,1,1.000,1,,0
312.94,312.94,UAV-2,SCOUT,KILLED,LANDED,3032.1,2797.7,1121.4,0.3,0.00,79.77,0,1.000,2,0.000,1,,0
312.94,312.94,UAV-3,STANDBY,RETURNING,RTH,2164.5,2395.8,1235.3,109.3,13.46,67.51,1,1.000,2,1.000,1,,0
312.94,312.94,UAV-4,STANDBY,RETURNING,RTH,2188.5,2448.8,1239.4,110.9,13.03,67.90,1,1.000,1,1.000,1,,0
312.94,312.94,UAV-5,STANDBY,RETURNING,RTH,2578.6,2432.0,1236.3,113.2,14.03,64.75,1,1.000,1,1.000,1,,0
313.96,313.96,UAV-1,RELAY,ACTIVE,RELAY_TRANSIT,2674.1,2648.2,1217.5,84.3,14.31,62.97,1,1.000,1,1.000,1,,0
313.96,313.96,UAV-2,SCOUT,KILLED,LANDED,3032.1,2797.7,1121.4,0.3,0.00,79.77,0,1.000,2,0.000,1,,0
313.96,313.96,UAV-3,STANDBY,RETURNING,RTH,2151.1,2399.0,1234.1,108.8,13.66,67.36,1,1.000,1,1.000,1,,0
313.96,313.96,UAV-4,STANDBY,RETURNING,RTH,2175.6,2445.3,1237.9,109.8,13.37,67.75,1,1.000,1,1.000,1,,0
313.96,313.96,UAV-5,STANDBY,RETURNING,RTH,2564.5,2429.4,1236.5,114.1,14.04,64.60,1,1.000,1,1.000,1,,0
314.98,314.98,UAV-1,STANDBY,RETURNING,RTH,2659.7,2645.6,1217.9,82.6,14.31,62.83,1,1.000,1,1.000,1,,0
314.98,314.98,UAV-2,SCOUT,KILLED,LANDED,3032.1,2797.7,1121.4,0.3,0.00,79.77,0,1.000,2,0.000,1,,0
314.98,314.98,UAV-3,STANDBY,RETURNING,RTH,2137.5,2402.0,1233.1,109.4,13.72,67.22,1,1.000,1,1.000,1,,0
314.98,314.98,UAV-4,STANDBY,RETURNING,RTH,2162.3,2442.0,1236.5,108.3,13.55,67.60,1,1.000,1,1.000,1,,0
314.98,314.98,UAV-5,STANDBY,RETURNING,RTH,2550.4,2427.0,1236.7,115.0,14.03,64.46,1,1.000,1,1.000,1,,0
316.00,316.00,UAV-1,STANDBY,RETURNING,RTH,2646.8,2640.8,1219.4,83.4,13.61,62.66,1,1.000,1,1.000,1,,0
316.00,316.00,UAV-2,SCOUT,KILLED,LANDED,3032.1,2797.7,1121.4,0.3,0.00,79.77,0,1.000,2,0.000,1,,0
316.00,316.00,UAV-3,STANDBY,RETURNING,RTH,2123.9,2404.8,1232.0,110.1,13.45,67.07,1,1.000,1,1.000,1,,0
316.00,316.00,UAV-4,STANDBY,RETURNING,RTH,2148.8,2438.9,1235.3,107.7,13.80,67.46,1,1.000,1,1.000,1,,0
316.00,316.00,UAV-5,STANDBY,RETURNING,RTH,2536.3,2424.8,1236.8,114.9,13.94,64.31,1,1.000,1,1.000,1,,0
317.02,317.02,UAV-1,STANDBY,RETURNING,RTH,2635.2,2632.6,1221.1,85.1,14.44,62.49,1,1.000,1,1.000,1,,0
317.02,317.02,UAV-2,SCOUT,KILLED,LANDED,3032.1,2797.7,1121.4,0.3,0.00,79.77,0,1.000,2,0.000,1,,0
317.02,317.02,UAV-3,STANDBY,RETURNING,RTH,2110.6,2407.3,1230.5,108.2,13.42,66.93,1,1.000,1,1.000,1,,0
317.02,317.02,UAV-4,STANDBY,RETURNING,RTH,2134.9,2436.0,1234.7,107.5,13.92,67.31,1,1.000,1,1.000,1,,0
317.02,317.02,UAV-5,STANDBY,RETURNING,RTH,2522.2,2423.0,1237.0,112.7,13.91,64.16,1,1.000,1,1.000,1,,0
318.04,318.04,UAV-1,STANDBY,RETURNING,RTH,2624.1,2622.6,1222.6,88.3,15.02,62.32,1,1.000,1,1.000,1,,0
318.04,318.04,UAV-2,SCOUT,KILLED,LANDED,3032.1,2797.7,1121.4,0.3,0.00,79.77,0,1.000,2,0.000,1,,0
318.04,318.04,UAV-3,STANDBY,RETURNING,RTH,2097.1,2409.7,1229.1,105.5,13.55,66.78,1,1.000,1,0.958,1,,0
318.04,318.04,UAV-4,STANDBY,RETURNING,RTH,2121.0,2433.3,1234.2,107.2,13.88,67.16,1,1.000,1,1.000,1,,0
318.04,318.04,UAV-5,STANDBY,RETURNING,RTH,2508.2,2421.5,1237.1,111.0,13.90,64.01,1,1.000,1,1.000,1,,0
319.06,319.06,UAV-1,STANDBY,RETURNING,RTH,2613.5,2611.3,1224.1,91.8,15.42,62.15,1,1.000,1,1.000,1,,0
319.06,319.06,UAV-2,SCOUT,KILLED,LANDED,3032.1,2797.7,1121.4,0.3,0.00,79.77,0,1.000,2,0.000,1,,0
319.06,319.06,UAV-3,STANDBY,RETURNING,RTH,2083.4,2411.9,1227.9,103.5,13.70,66.63,1,1.000,1,1.000,1,,0
319.06,319.06,UAV-4,STANDBY,RETURNING,RTH,2107.1,2430.7,1233.7,107.1,13.83,67.02,1,1.000,1,1.000,1,,0
319.06,319.06,UAV-5,STANDBY,RETURNING,RTH,2493.9,2420.7,1237.3,110.3,14.05,63.87,1,1.000,1,1.000,1,,0
320.08,320.08,UAV-1,STANDBY,RETURNING,RTH,2603.3,2599.3,1225.6,95.2,15.55,61.98,1,1.000,1,1.000,1,,0
320.08,320.08,UAV-2,SCOUT,KILLED,LANDED,3032.1,2797.7,1121.4,0.3,0.00,79.77,0,1.000,2,0.000,1,,0
320.08,320.08,UAV-3,STANDBY,RETURNING,RTH,2069.6,2414.0,1227.0,101.1,13.75,66.49,1,1.000,1,1.000,1,,0
320.08,320.08,UAV-4,STANDBY,RETURNING,RTH,2093.3,2428.3,1233.2,105.8,13.68,66.87,1,1.000,1,1.000,1,,0
320.08,320.08,UAV-5,STANDBY,RETURNING,RTH,2479.6,2420.5,1237.7,110.6,13.97,63.72,1,1.000,2,1.000,1,,0
321.10,321.10,UAV-1,STANDBY,RETURNING,RTH,2593.6,2586.8,1227.0,97.5,15.72,61.81,1,1.000,1,1.000,1,,0
321.10,321.10,UAV-2,SCOUT,KILLED,LANDED,3032.1,2797.7,1121.4,0.3,0.00,79.77,0,1.000,2,0.000,1,,0
321.10,321.10,UAV-3,STANDBY,RETURNING,RTH,2055.6,2415.8,1226.4,100.7,13.89,66.34,1,1.000,1,1.000,1,,0
321.10,321.10,UAV-4,STANDBY,RETURNING,RTH,2079.6,2426.1,1232.6,103.6,13.67,66.72,1,1.000,1,1.000,1,,0
321.10,321.10,UAV-5,STANDBY,RETURNING,RTH,2465.4,2420.4,1238.2,110.7,13.98,63.57,1,1.000,1,1.000,1,,0
322.12,322.12,UAV-1,STANDBY,RETURNING,RTH,2584.0,2573.9,1228.3,98.0,15.83,61.64,1,1.000,1,1.000,1,,0
322.12,322.12,UAV-2,SCOUT,KILLED,LANDED,3032.1,2797.7,1121.4,0.3,0.00,79.77,0,1.000,2,0.000,1,,0
322.12,322.12,UAV-3,STANDBY,RETURNING,RTH,2041.5,2417.4,1226.1,103.1,13.94,66.19,1,1.000,1,1.000,1,,0
322.12,322.12,UAV-4,STANDBY,RETURNING,RTH,2065.8,2424.1,1231.9,102.7,13.66,66.58,1,1.000,1,1.000,1,,0
322.12,322.12,UAV-5,STANDBY,RETURNING,RTH,2451.1,2420.3,1238.6,110.2,13.99,63.42,1,1.000,1,1.000,1,,0
323.14,323.14,UAV-1,STANDBY,RETURNING,RTH,2574.5,2560.9,1229.6,97.1,15.91,61.47,1,1.000,1,1.000,1,,0
323.14,323.14,UAV-2,SCOUT,KILLED,LANDED,3032.1,2797.7,1121.4,0.3,0.00,79.77,0,1.000,2,0.000,1,,0
323.14,323.14,UAV-3,STANDBY,RETURNING,RTH,2027.3,2418.7,1225.9,105.5,14.05,66.04,1,1.000,1,1.000,1,,0
323.14,323.14,UAV-4,STANDBY,RETURNING,RTH,2051.9,2422.5,1231.2,105.2,13.78,66.43,1,1.000,1,1.000,1,,0
323.14,323.14,UAV-5,STANDBY,RETURNING,RTH,2436.8,2420.3,1238.9,109.8,14.06,63.28,1,1.000,1,1.000,1,,0
324.16,324.16,UAV-1,STANDBY,RETURNING,RTH,2565.1,2547.7,1230.8,95.7,15.89,61.30,1,1.000,1,1.000,1,,0
324.16,324.16,UAV-2,SCOUT,KILLED,LANDED,3032.1,2797.7,1121.4,0.3,0.00,79.77,0,1.000,2,0.000,1,,0
324.16,324.16,UAV-3,STANDBY,RETURNING,RTH,2013.8,2419.4,1224.6,105.9,13.12,65.90,1,1.000,1,1.000,1,,0
324.16,324.16,UAV-4,STANDBY,RETURNING,RTH,2037.9,2421.2,1230.7,108.5,13.82,66.28,1,1.000,1,1.000,1,,0
324.16,324.16,UAV-5,STANDBY,RETURNING,RTH,2422.5,2420.2,1239.3,109.5,14.03,63.13,1,1.000,1,1.000,1,,0
325.18,325.18,UAV-1,STANDBY,RETURNING,RTH,2555.9,2534.4,1232.0,94.4,15.85,61.12,1,1.000,1,1.000,1,,0
325.18,325.18,UAV-2,SCOUT,KILLED,LANDED,3032.1,2797.7,1121.4,0.3,0.00,79.77,0,1.000,2,0.000,1,,0
325.18,325.18,UAV-3,STANDBY,RETURNING,RTH,2000.5,2419.5,1223.0,105.2,13.24,65.76,1,1.000,1,1.000,1,,0
325.18,325.18,UAV-4,STANDBY,RETURNING,RTH,2023.7,2420.5,1230.5,110.8,13.81,66.14,1,1.000,1,1.000,1,,0
325.18,325.18,UAV-5,STANDBY,RETURNING,RTH,2408.2,2420.2,1239.6,109.6,13.92,62.98,1,1.000,2,1.000,1,,0
326.20,326.20,UAV-1,STANDBY,RETURNING,RTH,2546.8,2521.1,1233.1,94.1,15.81,60.95,1,1.000,1,1.000,1,,0
326.20,326.20,UAV-2,SCOUT,KILLED,LANDED,3032.1,2797.7,1121.4,0.3,0.00,79.77,0,1.000,2,0.000,1,,0
326.20,326.20,UAV-3,STANDBY,RETURNING,RTH,1987.0,2419.5,1221.5,104.1,13.33,65.61,1,1.000,1,1.000,1,,0
326.20,326.20,UAV-4,STANDBY,RETURNING,RTH,2009.8,2420.4,1230.4,112.1,13.60,65.99,1,1.000,1,1.000,1,,0
326.20,326.20,UAV-5,STANDBY,RETURNING,RTH,2394.1,2420.1,1239.9,109.8,13.81,62.83,1,1.000,1,1.000,1,,0
327.22,327.22,UAV-1,STANDBY,RETURNING,RTH,2537.8,2507.8,1234.1,95.2,15.77,60.78,1,1.000,1,1.000,1,,0
327.22,327.22,UAV-2,SCOUT,KILLED,LANDED,3032.1,2797.7,1121.4,0.3,0.00,79.77,0,1.000,2,0.000,1,,0
327.22,327.22,UAV-3,STANDBY,RETURNING,RTH,1973.4,2419.5,1220.3,101.7,13.40,65.47,1,1.000,1,1.000,1,,0
327.22,327.22,UAV-4,STANDBY,RETURNING,RTH,1996.0,2420.3,1230.0,112.5,13.43,65.84,1,1.000,1,1.000,1,,0
327.22,327.22,UAV-5,STANDBY,RETURNING,RTH,2380.1,2420.1,1240.2,109.5,13.73,62.69,1,1.000,1,1.000,1,,0
328.24,328.24,UAV-1,STANDBY,RETURNING,RTH,2528.8,2494.6,1235.0,97.8,15.72,60.62,1,1.000,2,1.000,1,,0
328.24,328.24,UAV-2,SCOUT,KILLED,LANDED,3032.1,2797.7,1121.4,0.3,0.00,79.77,0,1.000,2,0.000,1,,0
328.24,328.24,UAV-3,STANDBY,RETURNING,RTH,1959.8,2419.6,1219.4,99.3,13.53,65.32,1,1.000,1,1.000,1,,0
328.24,328.24,UAV-4,STANDBY,RETURNING,RTH,1982.3,2420.3,1229.4,111.9,13.40,65.70,1,1.000,1,1.000,1,,0
328.24,328.24,UAV-5,STANDBY,RETURNING,RTH,2366.1,2420.0,1240.4,109.1,13.74,62.54,1,1.000,1,1.000,1,,0
329.26,329.26,UAV-1,STANDBY,RETURNING,RTH,2519.4,2481.7,1235.8,102.1,15.56,60.46,1,1.000,1,1.000,1,,0
329.26,329.26,UAV-2,SCOUT,KILLED,LANDED,3032.1,2797.7,1121.4,0.3,0.00,79.77,0,1.000,2,0.000,1,,0
329.26,329.26,UAV-3,STANDBY,RETURNING,RTH,1945.9,2419.6,1218.7,98.4,13.65,65.17,1,1.000,1,1.000,1,,0
329.26,329.26,UAV-4,STANDBY,RETURNING,RTH,1968.7,2420.2,1228.8,109.5,13.44,65.55,1,1.000,1,1.000,1,,0
329.26,329.26,UAV-5,STANDBY,RETURNING,RTH,2352.1,2420.0,1240.6,109.9,13.79,62.39,1,1.000,1,1.000,1,,0
330.28,330.28,UAV-1,SCOUT,ACTIVE,TRANSIT,2509.8,2469.3,1236.5,105.2,14.80,60.30,1,1.000,2,1.000,1,POI-012,0
330.28,330.28,UAV-2,SCOUT,KILLED,LANDED,3032.1,2797.7,1121.4,0.3,0.00,79.77,0,1.000,2,0.000,1,,0
330.28,330.28,UAV-3,SCOUT,ACTIVE,TRANSIT,1932.1,2419.7,1218.4,97.4,12.10,65.02,1,1.000,1,1.000,1,POI-011,0
330.28,330.28,UAV-4,SCOUT,ACTIVE,TRANSIT,1955.1,2420.2,1228.5,108.3,11.89,65.40,1,1.000,1,1.000,1,POI-014,0
330.28,330.28,UAV-5,SCOUT,ACTIVE,TRANSIT,2338.2,2419.9,1240.7,110.8,12.04,62.24,1,1.000,1,1.000,1,POI-013,0
331.30,331.30,UAV-1,SCOUT,ACTIVE,TRANSIT,2501.6,2456.5,1236.5,106.9,15.12,60.14,1,1.000,1,1.000,1,POI-012,0
331.30,331.30,UAV-2,SCOUT,KILLED,LANDED,3032.1,2797.7,1121.4,0.3,0.00,79.77,0,1.000,2,0.000,1,,0
331.30,331.30,UAV-3,SCOUT,ACTIVE,TRANSIT,1925.4,2419.7,1219.8,98.7,2.43,64.87,1,1.000,1,1.000,1,POI-011,0
331.30,331.30,UAV-4,SCOUT,ACTIVE,TRANSIT,1948.6,2420.2,1229.9,109.7,2.31,65.25,1,1.000,1,1.000,1,POI-014,0
331.30,331.30,UAV-5,SCOUT,ACTIVE,TRANSIT,2330.4,2417.1,1240.5,110.5,6.23,62.07,1,1.000,1,1.000,1,POI-013,0
332.32,332.32,UAV-1,SCOUT,ACTIVE,TRANSIT,2493.6,2443.2,1236.4,107.6,15.36,59.97,1,1.000,1,1.000,1,POI-012,0
332.32,332.32,UAV-2,SCOUT,KILLED,LANDED,3032.1,2797.7,1121.4,0.3,0.00,79.77,0,1.000,2,0.000,1,,0
332.32,332.32,UAV-3,SCOUT,ACTIVE,TRANSIT,1927.4,2419.7,1221.2,100.1,5.59,64.73,1,1.000,1,1.000,1,POI-011,0
332.32,332.32,UAV-4,SCOUT,ACTIVE,TRANSIT,1950.7,2420.2,1231.3,111.1,5.68,65.10,1,1.000,1,1.000,1,POI-014,0
332.32,332.32,UAV-5,SCOUT,ACTIVE,TRANSIT,2329.7,2410.1,1240.2,110.5,8.85,61.90,1,1.000,1,1.000,1,POI-013,0
333.34,333.34,UAV-1,SCOUT,ACTIVE,TRANSIT,2485.5,2429.7,1236.3,108.5,15.50,59.81,1,1.000,1,1.000,1,POI-012,0
333.34,333.34,UAV-2,SCOUT,KILLED,LANDED,3032.1,2797.7,1121.4,0.3,0.00,79.77,0,1.000,2,0.000,1,,0
333.34,333.34,UAV-3,SCOUT,ACTIVE,TRANSIT,1936.4,2419.8,1222.5,101.7,12.12,64.58,1,1.000,1,1.000,1,POI-011,0
333.34,333.34,UAV-4,SCOUT,ACTIVE,TRANSIT,1959.8,2420.2,1232.5,112.4,12.19,64.96,1,1.000,1,1.000,1,POI-014,0
333.34,333.34,UAV-5,SCOUT,ACTIVE,TRANSIT,2335.5,2401.0,1240.1,110.4,12.31,61.75,1,1.000,1,1.000,1,POI-013,0
334.36,334.36,UAV-1,SCOUT,ACTIVE,TRANSIT,2477.7,2415.9,1236.2,109.3,15.64,59.65,1,1.000,1,1.000,1,POI-012,0
334.36,334.36,UAV-2,SCOUT,KILLED,LANDED,3032.1,2797.7,1121.4,0.3,0.00,79.77,0,1.000,2,0.000,1,,0
334.36,334.36,UAV-3,SCOUT,ACTIVE,TRANSIT,1951.5,2419.8,1223.7,103.5,17.02,64.43,1,1.000,1,1.000,1,POI-011,0
334.36,334.36,UAV-4,SCOUT,ACTIVE,TRANSIT,1975.0,2420.1,1233.6,115.2,17.08,64.81,1,1.000,1,1.000,1,POI-014,0
334.36,334.36,UAV-5,SCOUT,ACTIVE,TRANSIT,2347.5,2393.4,1239.9,110.1,14.95,61.61,1,1.000,1,1.000,1,POI-013,0
335.38,335.38,UAV-1,SCOUT,ACTIVE,TRANSIT,2471.5,2403.3,1234.2,108.0,11.96,59.50,1,1.000,1,1.000,1,POI-012,0
335.38,335.38,UAV-2,SCOUT,KILLED,LANDED,3032.1,2797.7,1121.4,0.3,0.00,79.77,0,1.000,2,0.000,1,,0
335.38,335.38,UAV-3,SCOUT,ACTIVE,TRANSIT,1970.5,2419.8,1224.8,105.7,20.01,64.29,1,1.000,1,1.000,1,POI-011,0
335.38,335.38,UAV-4,SCOUT,ACTIVE,TRANSIT,1994.0,2420.1,1234.6,117.2,20.04,64.67,1,1.000,1,1.000,1,POI-014,0
335.38,335.38,UAV-5,SCOUT,ACTIVE,TRANSIT,2359.8,2388.3,1235.4,105.4,13.63,61.45,1,1.000,1,1.000,1,POI-013,0
336.40,336.40,UAV-1,SCOUT,ACTIVE,TRANSIT,2468.8,2395.2,1226.2,100.2,12.02,59.37,1,1.000,1,1.000,1,POI-012,0
336.40,336.40,UAV-2,SCOUT,KILLED,LANDED,3032.1,2797.7,1121.4,0.3,0.00,79.77,0,1.000,2,0.000,1,,0
336.40,336.40,UAV-3,SCOUT,ACTIVE,TRANSIT,1991.6,2419.9,1225.9,108.5,21.11,64.16,1,1.000,1,1.000,1,POI-011,0
336.40,336.40,UAV-4,SCOUT,ACTIVE,TRANSIT,2015.2,2420.1,1235.6,116.8,21.13,64.54,1,1.000,1,1.000,1,POI-014,0
336.40,336.40,UAV-5,SCOUT,ACTIVE,TRANSIT,2369.4,2385.3,1225.1,95.0,14.97,61.29,1,1.000,1,1.000,1,POI-013,0
337.42,337.42,UAV-1,SCOUT,ACTIVE,TRANSIT,2468.0,2390.7,1213.6,87.6,14.36,59.25,1,1.000,1,1.000,1,POI-012,0
337.42,337.42,UAV-2,SCOUT,KILLED,LANDED,3032.1,2797.7,1121.4,0.3,0.00,79.77,0,1.000,2,0.000,1,,0
337.42,337.42,UAV-3,SCOUT,ACTIVE,TRANSIT,2013.3,2419.9,1227.0,108.4,21.38,64.03,1,1.000,1,1.000,1,POI-011,0
337.42,337.42,UAV-4,SCOUT,ACTIVE,TRANSIT,2036.9,2420.1,1236.5,114.5,21.39,64.41,1,1.000,1,1.000,1,POI-014,0
337.42,337.42,UAV-5,SCOUT,ACTIVE,TRANSIT,2376.5,2384.1,1210.7,80.7,16.65,61.14,1,1.000,1,1.000,1,POI-013,0
338.44,338.44,UAV-1,SCOUT,ACTIVE,TRANSIT,2468.1,2388.7,1198.0,72.0,16.35,59.15,1,1.000,1,1.000,1,POI-012,0
338.44,338.44,UAV-2,SCOUT,KILLED,LANDED,3032.1,2797.7,1121.4,0.3,0.00,79.77,0,1.000,2,0.000,1,,0
338.44,338.44,UAV-3,SCOUT,ACTIVE,TRANSIT,2035.2,2419.9,1228.1,106.4,21.55,63.91,1,1.000,1,1.000,1,POI-011,0
338.44,338.44,UAV-4,SCOUT,ACTIVE,TRANSIT,2058.8,2420.1,1237.4,110.2,21.56,64.29,1,1.000,1,1.000,1,POI-014,0
338.44,338.44,UAV-5,SCOUT,ACTIVE,SURVEY,2381.7,2384.2,1193.8,64.0,17.75,60.99,1,1.000,1,1.000,1,POI-013,0
339.46,339.46,UAV-1,SCOUT,ACTIVE,SURVEY,2468.1,2387.9,1180.7,54.7,17.45,59.04,1,1.000,1,1.000,1,POI-012,0
339.46,339.46,UAV-2,SCOUT,KILLED,LANDED,3032.1,2797.7,1121.4,0.3,0.00,79.77,0,1.000,2,0.000,1,,0
339.46,339.46,UAV-3,SCOUT,ACTIVE,TRANSIT,2057.2,2419.9,1229.2,102.3,21.68,63.78,1,1.000,1,1.000,1,POI-011,0
339.46,339.46,UAV-4,SCOUT,ACTIVE,TRANSIT,2080.8,2420.1,1238.3,111.3,21.69,64.16,1,1.000,1,1.000,1,POI-014,0
339.46,339.46,UAV-5,SCOUT,ACTIVE,SURVEY,2385.3,2385.3,1176.0,46.1,17.03,60.84,1,1.000,1,1.000,1,POI-013,0
340.48,340.48,UAV-1,SCOUT,ACTIVE,SURVEY,2467.3,2387.3,1163.8,37.7,12.40,58.89,1,1.000,2,1.000,1,POI-012,0
340.48,340.48,UAV-2,SCOUT,KILLED,LANDED,3032.1,2797.7,1121.4,0.3,0.00,79.77,0,1.000,2,0.000,1,,0
340.48,340.48,UAV-3,SCOUT,ACTIVE,TRANSIT,2079.3,2419.9,1230.4,103.3,21.73,63.65,1,1.000,1,1.000,1,POI-011,0
340.48,340.48,UAV-4,SCOUT,ACTIVE,TRANSIT,2102.9,2420.1,1239.0,113.9,21.74,64.03,1,1.000,1,1.000,1,POI-014,0
340.48,340.48,UAV-5,SCOUT,ACTIVE,TRANSIT,2384.0,2387.4,1164.0,34.2,6.09,60.67,1,1.000,1,1.000,1,POI-015,4
341.50,341.50,UAV-1,SCOUT,ACTIVE,IDLE,2465.6,2387.2,1158.5,32.3,1.16,58.71,1,1.000,1,1.000,1,,0
341.50,341.50,UAV-2,SCOUT,KILLED,LANDED,3032.1,2797.7,1121.4,0.3,0.00,79.77,0,1.000,2,0.000,1,,0
341.50,341.50,UAV-3,SCOUT,ACTIVE,TRANSIT,2101.5,2420.0,1231.6,106.4,21.77,63.52,1,1.000,1,1.000,1,POI-011,0
341.50,341.50,UAV-4,SCOUT,ACTIVE,TRANSIT,2125.1,2420.1,1239.6,115.2,21.78,63.91,1,1.000,1,1.000,1,POI-014,0
341.50,341.50,UAV-5,SCOUT,ACTIVE,TRANSIT,2383.6,2388.3,1164.9,35.0,6.80,60.49,1,1.000,1,1.000,1,POI-015,0
342.52,342.52,UAV-1,SCOUT,ACTIVE,IDLE,2464.9,2387.5,1158.6,32.4,0.71,58.59,1,1.000,1,1.000,1,,0
342.52,342.52,UAV-2,SCOUT,KILLED,LANDED,3032.1,2797.7,1121.4,0.3,0.00,79.77,0,1.000,2,0.000,1,,0
342.52,342.52,UAV-3,SCOUT,ACTIVE,TRANSIT,2123.6,2420.0,1232.9,108.5,21.75,63.39,1,1.000,1,1.000,1,POI-011,0
342.52,342.52,UAV-4,SCOUT,ACTIVE,TRANSIT,2147.3,2420.1,1240.1,113.8,21.75,63.78,1,1.000,1,1.000,1,POI-014,0
342.52,342.52,UAV-5,SCOUT,ACTIVE,TRANSIT,2384.0,2388.6,1177.0,47.2,16.07,60.30,1,1.000,1,1.000,1,POI-015,0
343.54,343.54,UAV-1,SCOUT,ACTIVE,IDLE,2464.4,2387.7,1158.9,32.7,0.50,58.48,1,1.000,1,1.000,1,,0
343.54,343.54,UAV-2,SCOUT,KILLED,LANDED,3032.1,2797.7,1121.4,0.3,0.00,79.77,0,1.000,2,0.000,1,,0
343.54,343.54,UAV-3,SCOUT,ACTIVE,TRANSIT,2145.3,2420.1,1233.2,107.1,21.25,63.27,1,1.000,1,1.000,1,POI-011,0
343.54,343.54,UAV-4,SCOUT,ACTIVE,TRANSIT,2168.1,2418.4,1240.6,113.2,19.20,63.64,1,1.000,1,1.000,1,POI-014,0
343.54,343.54,UAV-5,SCOUT,ACTIVE,TRANSIT,2384.5,2388.5,1196.0,66.2,20.17,60.12,1,1.000,1,1.000,1,POI-015,0
344.56,344.56,UAV-1,SCOUT,ACTIVE,IDLE,2464.0,2387.8,1159.1,32.8,0.34,58.36,1,1.000,1,1.000,1,,0
344.56,344.56,UAV-2,SCOUT,KILLED,LANDED,3032.1,2797.7,1121.4,0.3,0.00,79.77,0,1.000,2,0.000,1,,0
344.56,344.56,UAV-3,SCOUT,ACTIVE,TRANSIT,2167.3,2420.2,1232.7,105.2,21.76,63.14,1,1.000,1,1.000,1,POI-011,0
344.56,344.56,UAV-4,SCOUT,ACTIVE,TRANSIT,2186.6,2411.6,1241.3,112.8,19.67,63.48,1,1.000,2,1.000,1,POI-014,0
344.56,344.56,UAV-5,SCOUT,ACTIVE,TRANSIT,2385.1,2388.0,1216.5,86.7,17.20,59.96,1,1.000,1,1.000,1,POI-015,0
345.58,345.58,UAV-1,SCOUT,ACTIVE,IDLE,2463.8,2387.9,1159.2,32.9,0.24,58.25,1,1.000,1,1.000,1,,0
345.58,345.58,UAV-2,SCOUT,KILLED,LANDED,3032.1,2797.7,1121.4,0.3,0.00,79.77,0,1.000,2,0.000,1,,0
345.58,345.58,UAV-3,SCOUT,ACTIVE,TRANSIT,2189.5,2420.5,1232.5,103.9,21.76,63.01,1,1.000,1,1.000,1,POI-011,0
345.58,345.58,UAV-4,SCOUT,ACTIVE,TRANSIT,2204.5,2401.9,1241.6,112.5,20.24,63.33,1,1.000,1,1.000,1,POI-014,0
345.58,345.58,UAV-5,SCOUT,ACTIVE,TRANSIT,2387.1,2386.8,1228.0,98.2,7.29,59.80,1,1.000,1,1.000,1,POI-015,0
346.60,346.60,UAV-1,SCOUT,ACTIVE,IDLE,2463.6,2388.0,1159.3,33.0,0.16,58.13,1,1.000,2,0.967,1,,0
346.60,346.60,UAV-2,SCOUT,KILLED,LANDED,3032.1,2797.7,1121.4,0.3,0.00,79.77,0,1.000,2,0.000,1,,0
346.60,346.60,UAV-3,SCOUT,ACTIVE,TRANSIT,2211.7,2420.5,1233.4,103.3,21.73,62.88,1,1.000,1,1.000,1,POI-011,0
346.60,346.60,UAV-4,SCOUT,ACTIVE,TRANSIT,2222.2,2391.1,1241.0,112.7,20.53,63.18,1,1.000,1,1.000,1,POI-014,0
346.60,346.60,UAV-5,SCOUT,ACTIVE,TRANSIT,2390.7,2384.5,1230.7,100.6,5.69,59.64,1,1.000,1,1.000,1,POI-015,0
347.62,347.62,UAV-1,SCOUT,ACTIVE,IDLE,2463.5,2388.1,1159.4,33.1,0.11,58.02,1,1.000,1,1.000,1,,0
347.62,347.62,UAV-2,SCOUT,KILLED,LANDED,3032.1,2797.7,1121.4,0.3,0.00,79.77,0,1.000,2,0.000,1,,0
347.62,347.62,UAV-3,SCOUT,ACTIVE,TRANSIT,2233.8,2420.5,1234.6,103.3,21.75,62.75,1,1.000,1,1.000,1,POI-011,0
347.62,347.62,UAV-4,SCOUT,ACTIVE,TRANSIT,2240.0,2379.7,1240.0,112.2,20.96,63.04,1,1.000,1,1.000,1,POI-014,0
347.62,347.62,UAV-5,SCOUT,ACTIVE,TRANSIT,2397.7,2379.1,1229.9,99.1,11.47,59.47,1,1.000,1,1.000,1,POI-015,0
348.64,348.64,UAV-1,SCOUT,ACTIVE,IDLE,2463.4,2388.1,1159.4,33.1,0.08,57.90,1,1.000,1,1.000,1,,0
348.64,348.64,UAV-2,SCOUT,KILLED,LANDED,3032.1,2797.7,1121.4,0.3,0.00,79.77,0,1.000,2,0.000,1,,0
348.64,348.64,UAV-3,SCOUT,ACTIVE,TRANSIT,2256.0,2420.4,1235.7,104.3,21.74,62.63,1,1.000,1,1.000,1,POI-011,0
348.64,348.64,UAV-4,SCOUT,ACTIVE,TRANSIT,2258.0,2368.0,1239.1,112.1,21.17,62.90,1,1.000,2,1.000,1,POI-014,0
348.64,348.64,UAV-5,SCOUT,ACTIVE,TRANSIT,2408.5,2370.1,1228.8,98.0,15.75,59.31,1,1.000,1,1.000,1,POI-015,0
349.66,349.66,UAV-1,SCOUT,ACTIVE,IDLE,2463.3,2388.1,1159.4,33.1,0.05,57.79,1,1.000,1,1.000,1,,0
349.66,349.66,UAV-2,SCOUT,KILLED,LANDED,3032.1,2797.7,1121.4,0.3,0.00,79.77,0,1.000,2,0.000,1,,0
349.66,349.66,UAV-3,SCOUT,ACTIVE,TRANSIT,2278.1,2420.3,1236.8,105.4,21.76,62.50,1,1.000,1,1.000,1,POI-011,0
349.66,349.66,UAV-4,SCOUT,ACTIVE,TRANSIT,2276.1,2356.1,1238.3,111.0,21.30,62.76,1,1.000,1,1.000,1,POI-014,0
349.66,349.66,UAV-5,SCOUT,ACTIVE,TRANSIT,2420.8,2357.9,1227.8,98.4,17.87,59.16,1,1.000,1,1.000,1,POI-015,0
350.68,350.68,UAV-1,SCOUT,ACTIVE,IDLE,2463.3,2388.1,1159.4,33.1,0.03,57.67,1,1.000,1,1.000,1,,0
350.68,350.68,UAV-2,SCOUT,KILLED,LANDED,3032.1,2797.7,1121.4,0.3,0.00,79.77,0,1.000,2,0.000,1,,0
350.68,350.68,UAV-3,SCOUT,ACTIVE,TRANSIT,2300.3,2420.2,1237.9,107.0,21.76,62.37,1,1.000,1,1.000,1,POI-011,0
350.68,350.68,UAV-4,SCOUT,ACTIVE,TRANSIT,2294.4,2344.2,1237.4,110.9,21.42,62.62,1,1.000,1,1.000,1,POI-014,0
350.68,350.68,UAV-5,SCOUT,ACTIVE,TRANSIT,2432.9,2343.5,1226.9,100.3,18.96,59.01,1,1.000,1,1.000,1,POI-015,0
351.70,351.70,UAV-1,SCOUT,ACTIVE,IDLE,2463.3,2388.1,1159.4,33.1,0.03,57.56,1,1.000,1,1.000,1,,0
351.70,351.70,UAV-2,SCOUT,KILLED,LANDED,3032.1,2797.7,1121.4,0.3,0.00,79.77,0,1.000,2,0.000,1,,0
351.70,351.70,UAV-3,SCOUT,ACTIVE,TRANSIT,2322.5,2420.2,1238.9,108.8,21.76,62.24,1,1.000,1,1.000,1,POI-011,0
351.70,351.70,UAV-4,SCOUT,ACTIVE,TRANSIT,2312.7,2332.2,1236.6,111.8,21.50,62.49,1,1.000,1,1.000,1,POI-014,0
351.70,351.70,UAV-5,SCOUT,ACTIVE,TRANSIT,2444.6,2327.8,1226.0,104.6,19.52,58.86,1,1.000,1,1.000,1,POI-015,0
352.72,352.72,UAV-1,SCOUT,ACTIVE,IDLE,2463.3,2388.1,1159.4,33.1,0.02,57.44,1,1.000,1,1.000,1,,0
352.72,352.72,UAV-2,SCOUT,KILLED,LANDED,3032.1,2797.7,1121.4,0.3,0.00,79.77,0,1.000,2,0.000,1,,0
352.72,352.72,UAV-3,SCOUT,ACTIVE,TRANSIT,2344.6,2420.1,1239.9,109.7,21.73,62.12,1,1.000,1,1.000,1,POI-011,0
352.72,352.72,UAV-4,SCOUT,ACTIVE,TRANSIT,2331.0,2320.2,1235.9,111.8,21.45,62.35,1,1.000,1,1.000,1,POI-014,0
352.72,352.72,UAV-5,SCOUT,ACTIVE,TRANSIT,2455.8,2311.7,1224.8,107.9,17.68,58.71,1,1.000,1,1.000,1,POI-015,0
353.74,353.74,UAV-1,STANDBY,RETURNING,RTH,2463.2,2388.1,1159.4,33.1,0.01,57.32,1,1.000,1,0.958,1,,0
353.74,353.74,UAV-2,SCOUT,KILLED,LANDED,3032.1,2797.7,1121.4,0.3,0.00,79.77,0,1.000,2,0.000,1,,0
353.74,353.74,UAV-3,SCOUT,ACTIVE,TRANSIT,2364.2,2418.9,1240.0,108.8,15.91,61.96,1,1.000,1,1.000,1,POI-011,0
353.74,353.74,UAV-4,SCOUT,ACTIVE,TRANSIT,2349.3,2308.2,1235.2,111.6,21.49,62.21,1,1.000,1,1.000,1,POI-014,0
353.74,353.74,UAV-5,SCOUT,ACTIVE,TRANSIT,2464.5,2299.8,1218.6,103.5,14.85,58.55,1,1.000,2,1.000,1,POI-015,0
354.76,354.76,UAV-1,STANDBY,RETURNING,RTH,2463.3,2388.1,1165.7,39.4,11.46,57.14,1,1.000,1,1.000,1,,0
354.76,354.76,UAV-2,SCOUT,KILLED,LANDED,3032.1,2797.7,1121.4,0.3,0.00,79.77,0,1.000,2,0.000,1,,0
354.76,354.76,UAV-3,SCOUT,ACTIVE,TRANSIT,2377.7,2413.0,1239.6,109.0,14.36,61.81,1,1.000,1,1.000,1,POI-011,0
354.76,354.76,UAV-4,SCOUT,ACTIVE,TRANSIT,2365.2,2298.5,1231.2,106.7,16.75,62.06,1,1.000,1,1.000,1,POI-014,0
354.76,354.76,UAV-5,SCOUT,ACTIVE,TRANSIT,2471.1,2292.1,1207.3,92.1,15.30,58.40,1,1.000,1,1.000,1,POI-015,0
355.78,355.78,UAV-1,STANDBY,RETURNING,RTH,2463.5,2388.1,1181.5,55.2,18.66,56.96,1,1.000,1,1.000,1,,0
355.78,355.78,UAV-2,SCOUT,KILLED,LANDED,3032.1,2797.7,1121.4,0.3,0.00,79.77,0,1.000,2,0.000,1,,0
355.78,355.78,UAV-3,SCOUT,ACTIVE,TRANSIT,2388.5,2402.0,1239.2,109.2,16.09,61.67,1,1.000,1,1.000,1,POI-011,0
355.78,355.78,UAV-4,SCOUT,ACTIVE,TRANSIT,2376.9,2292.4,1221.7,97.1,16.00,61.90,1,1.000,1,1.000,1,POI-014,0
355.78,355.78,UAV-5,SCOUT,ACTIVE,TRANSIT,2475.9,2287.5,1192.5,76.8,16.58,58.24,1,1.000,1,1.000,1,POI-015,0
356.80,356.80,UAV-1,STANDBY,RETURNING,RTH,2463.7,2388.2,1201.9,75.7,20.65,56.78,1,1.000,1,1.000,1,,0
356.80,356.80,UAV-2,SCOUT,KILLED,LANDED,3032.1,2797.7,1121.4,0.3,0.00,79.77,0,1.000,2,0.000,1,,0
356.80,356.80,UAV-3,SCOUT,ACTIVE,TRANSIT,2398.0,2387.6,1238.9,108.5,17.66,61.52,1,1.000,1,1.000,1,POI-011,0
356.80,356.80,UAV-4,SCOUT,ACTIVE,TRANSIT,2385.8,2289.0,1208.0,83.8,16.84,61.74,1,1.000,1,1.000,1,POI-014,0
356.80,356.80,UAV-5,SCOUT,ACTIVE,SURVEY,2479.5,2285.4,1175.6,59.3,17.59,58.08,1,1.000,1,1.000,1,POI-015,0
357.82,357.82,UAV-1,STANDBY,RETURNING,RTH,2463.8,2388.4,1219.6,93.4,11.73,56.62,1,1.000,2,1.000,1,,0
357.82,357.82,UAV-2,SCOUT,KILLED,LANDED,3032.1,2797.7,1121.4,0.3,0.00,79.77,0,1.000,2,0.000,1,,0
357.82,357.82,UAV-3,SCOUT,ACTIVE,TRANSIT,2406.7,2371.3,1238.7,107.7,18.47,61.37,1,1.000,1,1.000,1,POI-011,0
357.82,357.82,UAV-4,SCOUT,ACTIVE,SURVEY,2392.2,2287.7,1191.6,67.8,17.74,61.58,1,1.000,1,1.000,1,POI-014,0
357.82,357.82,UAV-5,SCOUT,ACTIVE,SURVEY,2481.5,2285.8,1158.9,42.2,14.12,57.92,1,1.000,1,1.000,1,POI-015,0
358.84,358.84,UAV-1,STANDBY,RETURNING,RTH,2463.7,2389.6,1226.7,100.5,3.74,56.48,1,1.000,1,0.958,1,,0
358.84,358.84,UAV-2,SCOUT,KILLED,LANDED,3032.1,2797.7,1121.4,0.3,0.00,79.77,0,1.000,2,0.000,1,,0
358.84,358.84,UAV-3,SCOUT,ACTIVE,TRANSIT,2414.3,2355.5,1236.8,106.4,15.27,61.22,1,1.000,1,1.000,1,POI-011,0
358.84,358.84,UAV-4,SCOUT,ACTIVE,SURVEY,2396.2,2288.5,1175.1,51.1,14.35,61.42,1,1.000,1,1.000,1,POI-014,0
358.84,358.84,UAV-5,SCOUT,ACTIVE,IDLE,2480.0,2289.6,1150.1,33.6,3.25,57.73,1,1.000,1,1.000,1,,0
359.86,359.86,UAV-1,STANDBY,RETURNING,RTH,2460.9,2392.4,1228.9,102.5,6.46,56.33,1,1.000,1,1.000,1,,0
359.86,359.86,UAV-2,SCOUT,KILLED,LANDED,3032.1,2797.7,1121.4,0.3,0.00,79.77,0,1.000,2,0.000,1,,0
359.86,359.86,UAV-3,SCOUT,ACTIVE,TRANSIT,2420.1,2344.7,1229.1,100.2,14.12,61.06,1,1.000,1,1.000,1,POI-011,0
359.86,359.86,UAV-4,SCOUT,ACTIVE,IDLE,2393.8,2291.8,1164.4,39.2,8.73,61.26,1,1.000,1,1.000,1,,8
359.86,359.86,UAV-5,SCOUT,ACTIVE,IDLE,2480.8,2289.5,1149.4,32.8,1.18,57.60,1,1.000,1,1.000,1,,0
360.88,360.88,UAV-1,STANDBY,RETURNING,RTH,2453.3,2395.9,1230.5,103.2,9.87,56.18,1,0.800,1,0.800,1,,0
360.88,360.88,UAV-2,SCOUT,KILLED,LANDED,3032.1,2797.7,1121.4,0.3,0.00,79.77,0,1.000,2,0.000,1,,0
360.88,360.88,UAV-3,SCOUT,ACTIVE,TRANSIT,2424.5,2337.7,1216.8,89.6,15.33,60.90,1,0.800,1,0.800,1,POI-011,0
360.88,360.88,UAV-4,SCOUT,ACTIVE,IDLE,2392.3,2292.8,1162.4,36.9,1.27,61.10,1,0.800,1,0.800,1,,0
360.88,360.88,UAV-5,SCOUT,ACTIVE,IDLE,2481.7,2288.9,1149.5,32.8,0.90,57.48,1,0.800,1,0.800,1,,0
361.90,361.90,UAV-1,STANDBY,RETURNING,RTH,2442.5,2398.9,1231.8,103.1,11.98,56.03,1,0.800,1,0.800,1,,0
361.90,361.90,UAV-2,SCOUT,KILLED,LANDED,3032.1,2797.7,1121.4,0.3,0.00,79.77,0,1.000,2,0.000,1,,0
361.90,361.90,UAV-3,SCOUT,ACTIVE,TRANSIT,2427.8,2333.6,1201.2,75.2,16.78,60.74,1,0.800,1,0.800,1,POI-011,0
361.90,361.90,UAV-4,SCOUT,ACTIVE,IDLE,2393.7,2293.1,1162.6,37.0,1.32,60.99,1,0.800,1,0.800,1,,0
361.90,361.90,UAV-5,SCOUT,ACTIVE,IDLE,2482.3,2288.4,1149.7,32.8,0.63,57.37,1,0.800,1,0.800,1,,0
362.92,362.92,UAV-1,STANDBY,RETURNING,RTH,2430.0,2401.5,1233.0,103.2,13.08,55.89,1,0.800,1,0.800,1,,0
362.92,362.92,UAV-2,SCOUT,KILLED,LANDED,3032.1,2797.7,1121.4,0.3,0.00,79.77,0,1.000,2,0.000,1,,0
362.92,362.92,UAV-3,SCOUT,ACTIVE,SURVEY,2430.3,2331.9,1183.8,58.6,17.77,60.59,1,0.800,1,0.800,1,POI-011,0
362.92,362.92,UAV-4,SCOUT,ACTIVE,IDLE,2394.8,2293.3,1162.8,37.1,0.92,60.87,1,0.800,1,0.800,1,,0
362.92,362.92,UAV-5,SCOUT,ACTIVE,IDLE,2482.8,2288.1,1149.8,32.8,0.43,57.25,1,0.800,1,0.800,1,,0
363.94,363.94,UAV-1,STANDBY,RETURNING,RTH,2416.6,2403.9,1234.1,104.0,13.69,55.74,1,0.800,1,0.800,1,,0
363.94,363.94,UAV-2,SCOUT,KILLED,LANDED,3032.1,2797.7,1121.4,0.3,0.00,79.77,0,1.000,2,0.000,1,,0
363.94,363.94,UAV-3,SCOUT,ACTIVE,SURVEY,2431.1,2332.9,1167.8,42.5,12.88,60.42,1,0.800,1,0.800,1,POI-011,0
363.94,363.94,UAV-4,SCOUT,ACTIVE,IDLE,2395.6,2293.5,1162.9,37.2,0.64,60.76,1,0.800,1,0.800,1,,0
363.94,363.94,UAV-5,SCOUT,ACTIVE,IDLE,2483.1,2287.9,1149.8,32.8,0.30,57.14,1,0.800,1,0.800,1,,0
364.96,364.96,UAV-1,STANDBY,RETURNING,RTH,2402.6,2406.1,1235.1,105.2,13.94,55.59,1,0.800,1,0.800,1,,0
364.96,364.96,UAV-2,SCOUT,KILLED,LANDED,3032.1,2797.7,1121.4,0.3,0.00,79.77,0,1.000,2,0.000,1,,0
364.96,364.96,UAV-3,SCOUT,ACTIVE,IDLE,2428.5,2337.4,1161.2,34.7,2.23,60.24,1,0.800,1,0.800,1,,0
364.96,364.96,UAV-4,SCOUT,ACTIVE,IDLE,2396.1,2293.6,1163.0,37.3,0.44,60.64,1,0.800,1,0.800,1,,0
364.96,364.96,UAV-5,SCOUT,ACTIVE,IDLE,2483.3,2287.8,1149.8,32.8,0.21,57.02,1,0.800,1,0.800,1,,0
365.98,365.98,UAV-1,STANDBY,RETURNING,RTH,2388.6,2408.1,1236.1,106.1,14.04,55.44,1,0.800,1,0.800,1,,0
365.98,365.98,UAV-2,SCOUT,KILLED,LANDED,3032.1,2797.7,1121.4,0.3,0.00,79.77,0,1.000,2,0.000,1,,0
365.98,365.98,UAV-3,SCOUT,ACTIVE,IDLE,2428.9,2337.7,1161.0,34.5,0.67,60.11,1,0.800,1,0.800,1,,0
365.98,365.98,UAV-4,SCOUT,ACTIVE,IDLE,2396.5,2293.6,1163.1,37.4,0.31,60.53,1,0.800,1,0.800,1,,0
365.98,365.98,UAV-5,SCOUT,ACTIVE,IDLE,2483.4,2287.7,1149.9,32.8,0.14,56.91,1,0.800,1,0.800,1,,0
367.00,367.00,UAV-1,STANDBY,RETURNING,RTH,2374.3,2410.0,1237.0,106.4,14.12,55.29,1,0.800,1,0.800,1,,0
367.00,367.00,UAV-2,SCOUT,KILLED,LANDED,3032.1,2797.7,1121.4,0.3,0.00,79.77,0,1.000,2,0.000,1,,0
367.00,367.00,UAV-3,SCOUT,ACTIVE,IDLE,2429.4,2337.4,1161.2,34.9,0.53,59.99,1,0.800,1,0.800,1,,0
367.00,367.00,UAV-4,SCOUT,ACTIVE,IDLE,2396.7,2293.7,1163.1,37.4,0.21,60.41,1,0.800,1,0.800,1,,0
367.00,367.00,UAV-5,SCOUT,ACTIVE,IDLE,2483.5,2287.6,1149.9,32.8,0.10,56.79,1,0.800,1,0.800,1,,0
368.02,368.02,UAV-1,STANDBY,RETURNING,RTH,2360.0,2411.8,1237.8,107.0,14.27,55.14,1,0.800,1,0.800,1,,0
368.02,368.02,UAV-2,SCOUT,KILLED,LANDED,3032.1,2797.7,1121.4,0.3,0.00,79.77,0,1.000,2,0.000,1,,0
368.02,368.02,UAV-3,SCOUT,ACTIVE,IDLE,2429.7,2337.2,1161.4,35.2,0.36,59.88,1,0.800,1,0.800,1,,0
368.02,368.02,UAV-4,SCOUT,ACTIVE,IDLE,2396.9,2293.7,1163.1,37.4,0.14,60.29,1,0.800,1,0.800,1,,0
368.02,368.02,UAV-5,SCOUT,ACTIVE,IDLE,2483.6,2287.6,1149.9,32.8,0.06,56.68,1,0.800,1,0.800,1,,0
369.04,369.04,UAV-1,STANDBY,RETURNING,RTH,2345.6,2413.4,1238.5,108.3,14.21,55.00,1,0.800,1,0.800,1,,0
369.04,369.04,UAV-2,SCOUT,KILLED,LANDED,3032.1,2797.7,1121.4,0.3,0.00,79.77,0,1.000,2,0.000,1,,0
369.04,369.04,UAV-3,SCOUT,ACTIVE,IDLE,2430.0,2337.1,1161.5,35.4,0.25,59.76,1,0.800,1,0.799,1,,0
369.04,369.04,UAV-4,SCOUT,ACTIVE,IDLE,2397.0,2293.7,1163.2,37.4,0.10,60.18,1,0.800,1,0.800,1,,0
369.04,369.04,UAV-5,SCOUT,ACTIVE,IDLE,2483.6,2287.6,1149.9,32.8,0.05,56.56,1,0.767,1,0.767,1,,0
370.06,370.06,UAV-1,STANDBY,RETURNING,RTH,2331.2,2414.9,1239.2,109.3,14.09,54.85,1,0.800,1,0.800,1,,0
370.06,370.06,UAV-2,SCOUT,KILLED,LANDED,3032.1,2797.7,1121.4,0.3,0.00,79.77,0,1.000,2,0.000,1,,0
370.06,370.06,UAV-3,SCOUT,ACTIVE,IDLE,2430.2,2337.0,1161.6,35.5,0.18,59.65,1,0.800,1,0.800,1,,0
370.06,370.06,UAV-4,SCOUT,ACTIVE,IDLE,2397.1,2293.7,1163.2,37.4,0.08,60.06,1,0.800,1,0.800,1,,0
370.06,370.06,UAV-5,SCOUT,ACTIVE,IDLE,2483.6,2287.5,1149.9,32.8,0.04,56.44,1,0.798,1,0.793,1,,0
371.08,371.08,UAV-1,STANDBY,RETURNING,RTH,2317.0,2416.2,1239.8,109.9,13.92,54.70,1,0.800,1,0.800,1,,0
371.08,371.08,UAV-2,SCOUT,KILLED,LANDED,3032.1,2797.7,1121.4,0.3,0.00,79.77,0,1.000,2,0.000,1,,0
371.08,371.08,UAV-3,SCOUT,ACTIVE,IDLE,2430.3,2336.9,1161.6,35.6,0.13,59.53,1,0.800,1,0.800,1,,0
371.08,371.08,UAV-4,SCOUT,ACTIVE,IDLE,2397.2,2293.8,1163.2,37.4,0.06,59.95,1,0.800,1,0.800,1,,0
371.08,371.08,UAV-5,STANDBY,RETURNING,RTH,2483.7,2287.5,1149.9,32.8,0.03,56.33,1,0.800,1,0.800,1,,0
372.10,372.10,UAV-1,STANDBY,RETURNING,RTH,2302.9,2417.4,1240.3,109.8,13.91,54.55,1,0.800,1,0.800,1,,0
372.10,372.10,UAV-2,SCOUT,KILLED,LANDED,3032.1,2797.7,1121.4,0.3,0.00,79.77,0,1.000,2,0.000,1,,0
372.10,372.10,UAV-3,SCOUT,ACTIVE,IDLE,2430.4,2336.8,1161.7,35.6,0.08,59.42,1,0.800,1,0.800,1,,0
372.10,372.10,UAV-4,SCOUT,ACTIVE,IDLE,2397.2,2293.8,1163.2,37.4,0.03,59.83,1,0.800,1,0.800,1,,0
372.10,372.10,UAV-5,STANDBY,RETURNING,RTH,2483.7,2287.5,1156.1,39.0,11.46,56.15,1,0.800,1,0.800,1,,0
373.12,373.12,UAV-1,STANDBY,RETURNING,RTH,2288.7,2418.4,1240.7,109.5,13.95,54.41,1,0.800,1,0.800,1,,0
373.12,373.12,UAV-2,SCOUT,KILLED,LANDED,3032.1,2797.7,1121.4,0.3,0.00,79.77,0,1.000,2,0.000,1,,0
373.12,373.12,UAV-3,SCOUT,ACTIVE,IDLE,2430.4,2336.8,1161.7,35.6,0.06,59.30,1,0.800,1,0.800,1,,0
373.12,373.12,UAV-4,STANDBY,RETURNING,RTH,2397.3,2293.8,1163.2,37.4,0.02,59.72,1,0.800,1,0.800,1,,0
373.12,373.12,UAV-5,STANDBY,RETURNING,RTH,2483.9,2287.5,1172.0,54.8,18.69,55.96,1,0.767,1,0.800,1,,0
374.14,374.14,UAV-1,STANDBY,RETURNING,RTH,2274.6,2419.2,1241.0,109.7,13.90,54.26,1,0.800,1,0.800,1,,0
374.14,374.14,UAV-2,SCOUT,KILLED,LANDED,3032.1,2797.7,1121.4,0.3,0.00,79.77,0,1.000,2,0.000,1,,0
374.14,374.14,UAV-3,SCOUT,ACTIVE,IDLE,2430.5,2336.8,1161.7,35.7,0.04,59.19,1,0.800,1,0.800,1,,0
374.14,374.14,UAV-4,STANDBY,RETURNING,RTH,2397.3,2293.8,1169.4,43.6,11.45,59.53,1,0.800,1,0.800,1,,0
374.14,374.14,UAV-5,STANDBY,RETURNING,RTH,2484.1,2287.5,1192.4,75.2,20.67,55.79,1,0.800,1,0.800,1,,0
375.16,375.16,UAV-1,STANDBY,RETURNING,RTH,2260.9,2419.6,1240.4,109.1,13.14,54.12,1,0.800,1,0.800,1,,0
375.16,375.16,UAV-2,SCOUT,KILLED,LANDED,3032.1,2797.7,1121.4,0.3,0.00,79.77,0,1.000,2,0.000,1,,0
375.16,375.16,UAV-3,SCOUT,ACTIVE,IDLE,2430.5,2336.8,1161.7,35.7,0.03,59.07,1,0.800,1,0.800,1,,0
375.16,375.16,UAV-4,STANDBY,RETURNING,RTH,2397.5,2293.8,1185.2,59.5,18.68,59.35,1,0.800,1,0.800,1,,0
375.16,375.16,UAV-5,STANDBY,RETURNING,RTH,2484.3,2287.7,1210.3,93.1,12.01,55.63,1,0.800,1,0.800,1,,0
376.18,376.18,UAV-1,STANDBY,RETURNING,RTH,2247.4,2419.8,1239.3,108.0,13.36,53.97,1,0.800,1,0.800,1,,0
376.18,376.18,UAV-2,SCOUT,KILLED,LANDED,3032.1,2797.7,1121.4,0.3,0.00,79.77,0,1.000,2,0.000,1,,0
376.18,376.18,UAV-3,SCOUT,ACTIVE,IDLE,2430.5,2336.8,1161.7,35.7,0.02,58.95,1,0.800,1,0.800,1,,0
376.18,376.18,UAV-4,STANDBY,RETURNING,RTH,2397.7,2293.8,1205.7,80.0,20.66,59.18,1,0.800,1,0.800,1,,0
376.18,376.18,UAV-5,STANDBY,RETURNING,RTH,2484.3,2288.9,1217.7,100.5,4.25,55.47,1,0.800,1,0.800,1,,0
377.20,377.20,UAV-1,STANDBY,RETURNING,RTH,2233.8,2419.8,1238.2,107.0,13.53,53.83,1,0.800,1,0.800,1,,0
377.20,377.20,UAV-2,SCOUT,KILLED,LANDED,3032.1,2797.7,1121.4,0.3,0.00,79.77,0,1.000,2,0.000,1,,0
377.20,377.20,UAV-3,STANDBY,RETURNING,RTH,2430.5,2336.8,1161.7,35.7,0.01,58.84,1,0.800,1,0.800,1,,0
377.20,377.20,UAV-4,STANDBY,RETURNING,RTH,2397.9,2294.1,1221.1,95.2,9.51,59.02,1,0.800,1,0.800,1,,0
377.20,377.20,UAV-5,STANDBY,RETURNING,RTH,2481.9,2293.0,1220.5,103.6,7.49,55.30,1,0.800,1,0.800,1,,0
378.22,378.22,UAV-1,STANDBY,RETURNING,RTH,2219.9,2419.8,1237.2,106.5,13.63,53.68,1,0.800,1,0.800,1,,0
378.22,378.22,UAV-2,SCOUT,KILLED,LANDED,3032.1,2797.7,1121.4,0.3,0.00,79.77,0,1.000,2,0.000,1,,0
378.22,378.22,UAV-3,STANDBY,RETURNING,RTH,2430.6,2336.7,1167.9,41.9,11.44,58.66,1,0.800,1,0.800,1,,0
378.22,378.22,UAV-4,STANDBY,RETURNING,RTH,2397.7,2295.7,1226.4,100.0,3.43,58.86,1,0.800,1,0.800,1,,0
378.22,378.22,UAV-5,STANDBY,RETURNING,RTH,2476.3,2300.6,1222.7,106.3,11.28,55.13,1,0.767,1,0.800,1,,0
379.24,379.24,UAV-1,STANDBY,RETURNING,RTH,2206.0,2419.9,1236.2,106.5,13.70,53.53,1,0.800,1,0.800,1,,0
379.24,379.24,UAV-2,SCOUT,KILLED,LANDED,3032.1,2797.7,1121.4,0.3,0.00,79.77,0,1.000,2,0.000,1,,0
379.24,379.24,UAV-3,STANDBY,RETURNING,RTH,2430.5,2336.1,1183.6,57.7,18.54,58.47,1,0.800,1,0.800,1,,0
379.24,379.24,UAV-4,STANDBY,RETURNING,RTH,2394.9,2300.2,1227.9,100.1,7.77,58.69,1,0.800,1,0.800,1,,0
379.24,379.24,UAV-5,STANDBY,RETURNING,RTH,2466.8,2310.8,1227.0,110.2,15.98,54.96,1,0.800,1,0.800,1,,0
380.26,380.26,UAV-1,STANDBY,RETURNING,RTH,2192.1,2419.9,1235.3,106.5,13.67,53.39,1,0.800,1,0.800,1,,0
380.26,380.26,UAV-2,SCOUT,KILLED,LANDED,3032.1,2797.7,1121.4,0.3,0.00,79.77,0,1.000,2,0.000,1,,0
380.26,380.26,UAV-3,STANDBY,RETURNING,RTH,2429.6,2334.3,1203.9,78.1,20.60,58.30,1,0.800,1,0.800,1,,0
380.26,380.26,UAV-4,STANDBY,RETURNING,RTH,2389.0,2308.1,1228.9,100.0,11.33,58.53,1,0.800,1,0.800,1,,0
380.26,380.26,UAV-5,STANDBY,RETURNING,RTH,2455.5,2321.7,1232.3,113.6,16.19,54.80,1,0.800,1,0.800,1,,0
381.28,381.28,UAV-1,STANDBY,RETURNING,RTH,2178.2,2419.9,1234.5,106.5,13.64,53.24,1,0.800,1,0.800,1,,0
381.28,381.28,UAV-2,SCOUT,KILLED,LANDED,3032.1,2797.7,1121.4,0.3,0.00,79.77,0,1.000,2,0.000,1,,0
381.28,381.28,UAV-3,STANDBY,RETURNING,RTH,2428.2,2333.5,1220.4,94.5,10.52,58.14,1,0.800,1,0.800,1,,0
381.28,381.28,UAV-4,STANDBY,RETURNING,RTH,2380.5,2317.4,1229.9,101.0,13.11,58.37,1,0.800,1,0.800,1,,0
381.28,381.28,UAV-5,STANDBY,RETURNING,RTH,2444.1,2332.7,1236.9,114.3,16.02,54.64,1,0.800,1,0.767,1,,0
382.30,382.30,UAV-1,STANDBY,RETURNING,RTH,2164.3,2419.9,1233.7,106.4,13.62,53.09,1,0.800,1,0.800,1,,0
382.30,382.30,UAV-2,SCOUT,KILLED,LANDED,3032.1,2797.7,1121.4,0.3,0.00,79.77,0,1.000,2,0.000,1,,0
382.30,382.30,UAV-3,STANDBY,RETURNING,RTH,2426.9,2334.1,1226.4,100.1,2.56,57.98,1,0.800,1,0.800,1,,0
382.30,382.30,UAV-4,STANDBY,RETURNING,RTH,2370.3,2326.7,1230.8,102.8,13.97,58.22,1,0.800,1,0.800,1,,0
382.30,382.30,UAV-5,STANDBY,RETURNING,RTH,2432.6,2342.7,1240.2,113.7,14.72,54.48,1,0.800,1,0.800,1,,0
383.32,383.32,UAV-1,STANDBY,RETURNING,RTH,2150.4,2419.9,1233.0,106.4,13.64,52.95,1,0.800,1,0.800,1,,0
383.32,383.32,UAV-2,SCOUT,KILLED,LANDED,3032.1,2797.7,1121.4,0.3,0.00,79.77,0,1.000,2,0.000,1,,0
383.32,383.32,UAV-3,STANDBY,RETURNING,RTH,2423.9,2337.1,1227.1,99.9,7.06,57.81,1,0.800,1,0.800,1,,0
383.32,383.32,UAV-4,STANDBY,RETURNING,RTH,2359.1,2335.8,1231.7,104.3,14.38,58.06,1,0.800,1,0.800,1,,0
383.32,383.32,UAV-5,STANDBY,RETURNING,RTH,2421.3,2351.9,1241.9,112.6,14.08,54.33,1,0.800,1,0.800,1,,0
384.34,384.34,UAV-1,STANDBY,RETURNING,RTH,2136.5,2420.0,1232.3,107.1,13.69,52.80,1,0.800,1,0.800,1,,0
384.34,384.34,UAV-2,SCOUT,KILLED,LANDED,3032.1,2797.7,1121.4,0.3,0.00,79.77,0,1.000,2,0.000,1,,0
384.34,384.34,UAV-3,STANDBY,RETURNING,RTH,2417.0,2343.6,1228.2,99.0,11.01,57.66,1,0.800,1,0.800,1,,0
384.34,384.34,UAV-4,STANDBY,RETURNING,RTH,2347.3,2344.8,1232.4,105.7,14.57,57.91,1,0.800,1,0.800,1,,0
384.34,384.34,UAV-5,STANDBY,RETURNING,RTH,2410.0,2360.6,1242.4,111.6,14.01,54.18,1,0.800,1,0.800,1,,0
385.36,385.36,UAV-1,STANDBY,RETURNING,RTH,2122.6,2420.0,1231.8,107.4,13.71,52.66,1,0.800,1,0.800,1,,0
385.36,385.36,UAV-2,SCOUT,KILLED,LANDED,3032.1,2797.7,1121.4,0.3,0.00,79.77,0,1.000,2,0.000,1,,0
385.36,385.36,UAV-3,STANDBY,RETURNING,RTH,2407.1,2350.7,1229.4,98.5,12.78,57.51,1,0.800,1,0.800,1,,0
385.36,385.36,UAV-4,STANDBY,RETURNING,RTH,2335.3,2353.5,1233.2,106.0,14.59,57.76,1,0.800,1,0.800,1,,0
385.36,385.36,UAV-5,STANDBY,RETURNING,RTH,2398.3,2368.9,1242.5,111.3,14.15,54.03,1,0.800,1,0.800,1,,0
386.38,386.38,UAV-1,STANDBY,RETURNING,RTH,2108.6,2420.0,1231.3,106.5,13.72,52.51,1,0.800,1,0.800,1,,0
386.38,386.38,UAV-2,SCOUT,KILLED,LANDED,3032.1,2797.7,1121.4,0.3,0.00,79.77,0,1.000,2,0.000,1,,0
386.38,386.38,UAV-3,STANDBY,RETURNING,RTH,2395.5,2357.6,1230.4,99.2,13.61,57.35,1,0.800,1,0.800,1,,0
386.38,386.38,UAV-4,STANDBY,RETURNING,RTH,2323.1,2361.9,1233.9,106.2,14.55,57.60,1,0.800,1,0.800,1,,0
386.38,386.38,UAV-5,STANDBY,RETURNING,RTH,2386.2,2376.9,1242.6,112.3,14.20,53.88,1,0.800,1,0.800,1,,0
387.40,387.40,UAV-1,STANDBY,RETURNING,RTH,2094.6,2420.0,1230.8,105.2,13.73,52.36,1,0.800,1,0.800,1,,0
387.40,387.40,UAV-2,SCOUT,KILLED,LANDED,3032.1,2797.7,1121.4,0.3,0.00,79.77,0,1.000,2,0.000,1,,0
387.40,387.40,UAV-3,STANDBY,RETURNING,RTH,2383.1,2364.2,1231.3,100.6,13.99,57.20,1,0.800,1,0.800,1,,0
387.40,387.40,UAV-4,STANDBY,RETURNING,RTH,2310.7,2370.1,1234.5,106.4,14.48,57.45,1,0.800,1,0.800,1,,0
387.40,387.40,UAV-5,STANDBY,RETURNING,RTH,2373.8,2384.4,1242.8,112.8,14.18,53.73,1,0.800,1,0.800,1,,0
388.42,388.42,UAV-1,STANDBY,RETURNING,RTH,2080.6,2420.0,1230.4,103.5,13.75,52.22,1,0.800,1,0.800,1,,0
388.42,388.42,UAV-2,SCOUT,KILLED,LANDED,3032.1,2797.7,1121.4,0.3,0.00,79.77,0,1.000,2,0.000,1,,0
388.42,388.42,UAV-3,STANDBY,RETURNING,RTH,2370.3,2370.7,1232.1,102.2,14.12,57.05,1,0.800,1,0.800,1,,0
388.42,388.42,UAV-4,STANDBY,RETURNING,RTH,2298.2,2377.8,1235.1,107.0,14.40,57.30,1,0.800,1,0.800,1,,0
388.42,388.42,UAV-5,STANDBY,RETURNING,RTH,2361.2,2391.4,1242.9,112.9,14.15,53.58,1,0.800,1,0.800,1,,0
389.44,389.44,UAV-1,STANDBY,RETURNING,RTH,2066.5,2420.0,1230.1,102.1,13.79,52.07,1,0.800,1,0.800,1,,0
389.44,389.44,UAV-2,SCOUT,KILLED,LANDED,3032.1,2797.7,1121.4,0.3,0.00,79.77,0,1.000,2,0.000,1,,0
389.44,389.44,UAV-3,STANDBY,RETURNING,RTH,2357.2,2376.9,1232.7,103.1,14.15,56.90,1,0.800,1,0.800,1,,0
389.44,389.44,UAV-4,STANDBY,RETURNING,RTH,2285.6,2385.2,1235.7,107.8,14.33,57.15,1,0.800,1,0.800,1,,0
389.44,389.44,UAV-5,STANDBY,RETURNING,RTH,2348.4,2397.9,1243.1,113.1,14.11,53.43,1,0.800,1,0.800,1,,0
390.46,390.46,UAV-1,STANDBY,RETURNING,RTH,2052.5,2420.0,1229.9,104.1,13.71,51.92,1,0.800,1,0.800,1,,0
390.46,390.46,UAV-2,SCOUT,KILLED,LANDED,3032.1,2797.7,1121.4,0.3,0.00,79.77,0,1.000,2,0.000,1,,0
390.46,390.46,UAV-3,STANDBY,RETURNING,RTH,2344.2,2382.8,1233.2,104.1,14.02,56.75,1,0.800,1,0.800,1,,0
390.46,390.46,UAV-4,STANDBY,RETURNING,RTH,2272.8,2392.0,1236.2,107.8,14.17,57.00,1,0.800,1,0.800,1,,0
390.46,390.46,UAV-5,STANDBY,RETURNING,RTH,2335.3,2403.9,1243.4,113.6,13.96,53.28,1,0.800,1,0.800,1,,0
391.48,391.48,UAV-1,STANDBY,RETURNING,RTH,2038.8,2420.0,1229.3,106.9,13.40,51.78,1,0.800,1,0.800,1,,0
391.48,391.48,UAV-2,SCOUT,KILLED,LANDED,3032.1,2797.7,1121.4,0.3,0.00,79.77,0,1.000,2,0.000,1,,0
391.48,391.48,UAV-3,STANDBY,RETURNING,RTH,2331.1,2388.4,1233.5,104.5,13.95,56.61,1,0.800,1,0.800,1,,0
391.48,391.48,UAV-4,STANDBY,RETURNING,RTH,2259.8,2398.4,1236.6,107.8,14.09,56.85,1,0.800,1,0.800,1,,0
391.48,391.48,UAV-5,STANDBY,RETURNING,RTH,2322.2,2409.2,1243.6,114.1,13.89,53.13,1,0.800,1,0.800,1,,0
392.50,392.50,UAV-1,STANDBY,RETURNING,RTH,2025.1,2420.0,1228.6,108.7,13.53,51.63,1,0.800,1,0.800,1,,0
392.50,392.50,UAV-2,SCOUT,KILLED,LANDED,3032.1,2797.7,1121.4,0.3,0.00,79.77,0,1.000,2,0.000,1,,0
392.50,392.50,UAV-3,STANDBY,RETURNING,RTH,2317.9,2393.7,1233.7,104.7,13.98,56.46,1,0.800,1,0.800,1,,0
392.50,392.50,UAV-4,STANDBY,RETURNING,RTH,2246.7,2404.1,1237.0,107.6,14.09,56.70,1,0.800,1,0.800,1,,0
392.50,392.50,UAV-5,STANDBY,RETURNING,RTH,2308.7,2413.7,1243.8,114.0,13.94,52.99,1,0.800,1,0.800,1,,0
393.52,393.52,UAV-1,STANDBY,RETURNING,RTH,2011.2,2420.0,1227.9,109.5,13.63,51.48,1,0.800,1,0.800,1,,0
393.52,393.52,UAV-2,SCOUT,KILLED,LANDED,3032.1,2797.7,1121.4,0.3,0.00,79.77,0,1.000,2,0.000,1,,0
393.52,393.52,UAV-3,STANDBY,RETURNING,RTH,2304.5,2398.7,1233.7,104.8,14.03,56.31,1,0.800,1,0.800,1,,0
393.52,393.52,UAV-4,STANDBY,RETURNING,RTH,2233.2,2409.2,1237.3,107.1,14.09,56.55,1,0.800,1,0.800,1,,0
393.52,393.52,UAV-5,STANDBY,RETURNING,RTH,2294.9,2417.3,1244.1,113.2,13.99,52.84,1,0.800,1,0.800,1,,0
394.54,394.54,UAV-1,STANDBY,RETURNING,RTH,1997.3,2420.1,1227.3,109.7,13.67,51.34,1,0.800,1,0.800,1,,0
394.54,394.54,UAV-2,SCOUT,KILLED,LANDED,3032.1,2797.7,1121.4,0.3,0.00,79.77,0,1.000,2,0.000,1,,0
394.54,394.54,UAV-3,STANDBY,RETURNING,RTH,2291.0,2403.5,1233.7,104.3,14.05,56.16,1,0.800,1,0.800,1,,0
394.54,394.54,UAV-4,STANDBY,RETURNING,RTH,2219.6,2413.5,1237.6,107.2,14.02,56.41,1,0.800,1,0.800,1,,0
394.54,394.54,UAV-5,STANDBY,RETURNING,RTH,2280.9,2419.3,1244.6,113.3,13.88,52.69,1,0.800,1,0.800,1,,0
395.56,395.56,UAV-1,STANDBY,RETURNING,RTH,1983.4,2420.1,1226.7,109.2,13.65,51.19,1,0.800,1,0.800,1,,0
395.56,395.56,UAV-2,SCOUT,KILLED,LANDED,3032.1,2797.7,1121.4,0.3,0.00,79.77,0,1.000,2,0.000,1,,0
395.56,395.56,UAV-3,STANDBY,RETURNING,RTH,2277.3,2407.8,1233.8,104.0,14.09,56.01,1,0.800,1,0.800,1,,0
395.56,395.56,UAV-4,STANDBY,RETURNING,RTH,2205.8,2417.0,1237.8,108.1,13.88,56.26,1,0.800,1,0.800,1,,0
395.56,395.56,UAV-5,STANDBY,RETURNING,RTH,2266.7,2420.0,1245.4,113.9,13.97,52.54,1,0.800,1,0.800,1,,0
396.58,396.58,UAV-1,STANDBY,RETURNING,RTH,1969.5,2420.1,1226.1,106.8,13.64,51.05,1,0.800,1,0.800,1,,0
396.58,396.58,UAV-2,SCOUT,KILLED,LANDED,3032.1,2797.7,1121.4,0.3,0.00,79.77,0,1.000,2,0.000,1,,0
396.58,396.58,UAV-3,STANDBY,RETURNING,RTH,2263.4,2411.7,1234.1,103.8,14.16,55.86,1,0.800,1,0.800,1,,0
396.58,396.58,UAV-4,STANDBY,RETURNING,RTH,2192.4,2418.7,1237.2,108.4,13.03,56.11,1,0.800,1,0.800,1,,0
396.58,396.58,UAV-5,STANDBY,RETURNING,RTH,2252.5,2420.3,1246.1,114.8,14.00,52.39,1,0.800,1,0.800,1,,0
397.60,397.60,UAV-1,STANDBY,RETURNING,RTH,1955.6,2420.0,1225.6,105.4,13.62,50.90,1,0.800,1,0.800,1,,0
397.60,397.60,UAV-2,SCOUT,KILLED,LANDED,3032.1,2797.7,1121.4,0.3,0.00,79.77,0,1.000,2,0.000,1,,0
397.60,397.60,UAV-3,STANDBY,RETURNING,RTH,2249.5,2415.1,1234.5,103.8,14.05,55.72,1,0.800,1,0.800,1,,0
397.60,397.60,UAV-4,STANDBY,RETURNING,RTH,2179.1,2419.1,1236.5,108.4,13.26,55.97,1,0.800,1,0.800,1,,0
397.60,397.60,UAV-5,STANDBY,RETURNING,RTH,2238.3,2420.5,1246.8,115.6,13.91,52.24,1,0.800,1,0.800,1,,0
398.62,398.62,UAV-1,STANDBY,RETURNING,RTH,1941.7,2420.0,1225.1,104.6,13.62,50.75,1,0.800,1,0.800,1,,0
398.62,398.62,UAV-2,SCOUT,KILLED,LANDED,3032.1,2797.7,1121.4,0.3,0.00,79.77,0,1.000,2,0.000,1,,0
398.62,398.62,UAV-3,STANDBY,RETURNING,RTH,2235.5,2417.8,1234.9,103.8,13.07,55.57,1,0.800,1,0.800,1,,0
398.62,398.62,UAV-4,STANDBY,RETURNING,RTH,2165.5,2419.2,1235.7,108.4,13.41,55.82,1,0.800,1,0.800,1,,0
398.62,398.62,UAV-5,STANDBY,RETURNING,RTH,2224.2,2420.6,1247.4,116.5,13.80,52.10,1,0.800,1,0.800,1,,0
399.64,399.64,UAV-1,STANDBY,RETURNING,RTH,1927.8,2420.0,1224.6,103.5,13.66,50.61,1,0.800,1,0.800,1,,0
399.64,399.64,UAV-2,SCOUT,KILLED,LANDED,3032.1,2797.7,1121.4,0.3,0.00,79.77,0,1.000,2,0.000,1,,0
399.64,399.64,UAV-3,STANDBY,RETURNING,RTH,2223.1,2419.0,1232.8,102.0,12.58,55.42,1,0.800,1,0.800,1,,0
399.64,399.64,UAV-4,STANDBY,RETURNING,RTH,2151.8,2419.4,1235.1,108.5,13.50,55.67,1,0.800,1,0.800,1,,0
399.64,399.64,UAV-5,STANDBY,RETURNING,RTH,2210.4,2420.7,1247.3,117.3,13.17,51.95,1,0.800,1,0.800,1,,0
400.66,400.66,UAV-1,STANDBY,RETURNING,RTH,1913.9,2420.1,1224.2,103.2,13.68,50.46,1,0.800,1,0.800,1,,0
400.66,400.66,UAV-2,SCOUT,KILLED,LANDED,3032.1,2797.7,1121.4,0.3,0.00,79.77,0,1.000,2,0.000,1,,0
400.66,400.66,UAV-3,STANDBY,RETURNING,RTH,2210.0,2419.2,1231.1,101.2,13.20,55.28,1,0.800,1,0.800,1,,0
400.66,400.66,UAV-4,STANDBY,KILLED,LANDED,2138.7,2419.5,1232.7,107.4,12.91,55.62,0,0.800,1,0.000,1,,0
400.66,400.66,UAV-5,STANDBY,RETURNING,RTH,2197.1,2420.7,1246.3,117.2,13.06,51.81,1,0.800,1,0.800,1,,0
401.68,401.68,UAV-1,STANDBY,RETURNING,RTH,1899.9,2420.1,1223.9,102.8,13.73,50.31,1,0.800,1,0.800,1,,0
401.68,401.68,UAV-2,SCOUT,KILLED,LANDED,3032.1,2797.7,1121.4,0.3,0.00,79.77,0,1.000,2,0.000,1,,0
401.68,401.68,UAV-3,STANDBY,RETURNING,RTH,2196.5,2419.3,1229.8,100.7,13.40,55.13,1,0.800,1,0.800,1,,0
401.68,401.68,UAV-4,STANDBY,KILLED,LANDED,2128.4,2419.6,1222.6,98.1,16.14,55.62,0,0.800,1,0.000,1,,0
401.68,401.68,UAV-5,STANDBY,RETURNING,RTH,2183.8,2420.7,1245.0,116.8,13.24,51.66,1,0.800,1,0.800,1,,0
402.70,402.70,UAV-1,STANDBY,RETURNING,RTH,1885.9,2420.1,1223.6,103.3,13.80,50.17,1,0.800,1,0.800,1,,0
402.70,402.70,UAV-2,SCOUT,KILLED,LANDED,3032.1,2797.7,1121.4,0.3,0.00,79.77,0,1.000,2,0.000,1,,0
402.70,402.70,UAV-3,STANDBY,RETURNING,RTH,2182.8,2419.4,1228.6,100.4,13.53,54.99,1,0.800,1,0.800,1,,0
402.70,402.70,UAV-4,STANDBY,KILLED,LANDED,2120.5,2419.7,1205.7,81.4,20.48,55.62,0,0.800,1,0.000,1,,0
402.70,402.70,UAV-5,STANDBY,RETURNING,RTH,2170.2,2420.6,1243.9,116.3,13.39,51.52,1,0.800,1,0.800,1,,0
403.72,403.72,UAV-1,STANDBY,RETURNING,RTH,1871.8,2420.0,1223.3,104.0,13.88,50.02,1,0.800,1,0.800,1,,0
403.72,403.72,UAV-2,SCOUT,KILLED,LANDED,3032.1,2797.7,1121.4,0.3,0.00,79.77,0,1.000,2,0.000,1,,0
403.72,403.72,UAV-3,STANDBY,RETURNING,RTH,2169.0,2419.4,1227.5,100.0,13.65,54.84,1,0.800,1,0.800,1,,0
403.72,403.72,UAV-4,STANDBY,KILLED,LANDED,2114.3,2419.8,1183.6,59.1,24.38,55.62,0,0.800,1,0.000,1,,0
403.72,403.72,UAV-5,STANDBY,RETURNING,RTH,2156.6,2420.5,1242.7,115.8,13.52,51.37,1,0.800,1,0.800,1,,0
404.74,404.74,UAV-1,STANDBY,RETURNING,RTH,1857.6,2420.0,1223.0,104.7,13.94,49.87,1,0.800,1,0.800,1,,0
404.74,404.74,UAV-2,SCOUT,KILLED,LANDED,3032.1,2797.7,1121.4,0.3,0.00,79.77,0,1.000,2,0.000,1,,0
404.74,404.74,UAV-3,STANDBY,RETURNING,RTH,2155.1,2419.5,1226.4,99.6,13.72,54.69,1,0.800,1,0.800,1,,0
404.74,404.74,UAV-4,STANDBY,KILLED,LANDED,2109.5,2419.8,1157.4,32.7,27.59,55.62,0,0.800,1,0.000,1,,0
404.74,404.74,UAV-5,STANDBY,RETURNING,RTH,2142.8,2420.4,1241.7,115.8,13.59,51.23,1,0.800,1,0.800,1,,0
405.76,405.76,UAV-1,STANDBY,RETURNING,RTH,1843.4,2420.0,1222.9,105.4,13.94,49.73,1,0.800,1,0.800,1,,0
405.76,405.76,UAV-2,SCOUT,KILLED,LANDED,3032.1,2797.7,1121.4,0.3,0.00,79.77,0,1.000,2,0.000,1,,0
405.76,405.76,UAV-3,STANDBY,RETURNING,RTH,2141.1,2419.5,1225.5,99.8,13.74,54.55,1,0.800,1,0.800,1,,0
405.76,405.76,UAV-4,STANDBY,KILLED,LANDED,2105.8,2419.8,1128.1,3.2,30.15,55.62,0,0.800,1,0.000,1,,0
405.76,405.76,UAV-5,STANDBY,RETURNING,RTH,2128.9,2420.3,1240.7,116.0,13.60,51.08,1,0.800,1,0.800,1,,0
406.78,406.78,UAV-1,STANDBY,RETURNING,RTH,1829.2,2420.0,1222.7,106.4,14.03,49.58,1,0.800,1,0.800,1,,0
406.78,406.78,UAV-2,SCOUT,KILLED,LANDED,3032.1,2797.7,1121.4,0.3,0.00,79.77,0,1.000,2,0.000,1,,0
406.78,406.78,UAV-3,STANDBY,RETURNING,RTH,2127.1,2419.5,1224.6,100.2,13.70,54.40,1,0.800,1,0.800,1,,0
406.78,406.78,UAV-4,STANDBY,KILLED,LANDED,2105.5,2419.8,1125.2,0.3,0.00,55.62,0,0.800,1,0.000,1,,0
406.78,406.78,UAV-5,STANDBY,RETURNING,RTH,2115.1,2420.2,1239.7,115.2,13.55,50.93,1,0.800,1,0.800,1,,0
407.80,407.80,UAV-1,STANDBY,RETURNING,RTH,1814.8,2419.9,1223.0,108.4,14.06,49.43,1,0.800,1,0.800,1,,0
407.80,407.80,UAV-2,SCOUT,KILLED,LANDED,3032.1,2797.7,1121.4,0.3,0.00,79.77,0,1.000,2,0.000,1,,0
407.80,407.80,UAV-3,STANDBY,RETURNING,RTH,2113.2,2419.6,1223.8,99.3,13.72,54.26,1,0.800,1,0.800,1,,0
407.80,407.80,UAV-4,STANDBY,KILLED,LANDED,2105.5,2419.8,1125.2,0.3,0.00,55.62,0,0.800,1,0.000,1,,0
407.80,407.80,UAV-5,STANDBY,RETURNING,RTH,2101.3,2420.1,1238.8,113.6,13.57,50.79,1,0.800,1,0.800,1,,0
408.82,408.82,UAV-1,STANDBY,RETURNING,RTH,1800.5,2419.9,1223.2,111.1,14.02,49.28,1,0.800,1,0.800,1,,0
408.82,408.82,UAV-2,SCOUT,KILLED,LANDED,3032.1,2797.7,1121.4,0.3,0.00,79.77,0,1.000,2,0.000,1,,0
408.82,408.82,UAV-3,STANDBY,RETURNING,RTH,2099.2,2419.6,1223.1,97.8,13.80,54.11,1,0.800,1,0.800,1,,0
408.82,408.82,UAV-4,STANDBY,KILLED,LANDED,2105.5,2419.8,1125.2,0.3,0.00,55.62,0,0.800,1,0.000,1,,0
408.82,408.82,UAV-5,STANDBY,RETURNING,RTH,2087.5,2420.1,1238.0,111.7,13.66,50.64,1,0.800,1,0.800,1,,0
409.84,409.84,UAV-1,STANDBY,RETURNING,RTH,1786.2,2420.0,1223.4,113.9,13.98,49.14,1,0.800,1,0.800,1,,0
409.84,409.84,UAV-2,SCOUT,KILLED,LANDED,3032.1,2797.7,1121.4,0.3,0.00,79.77,0,1.000,2,0.000,1,,0
409.84,409.84,UAV-3,STANDBY,RETURNING,RTH,2085.1,2419.7,1222.6,96.2,13.89,53.96,1,0.800,1,0.800,1,,0
409.84,409.84,UAV-4,STANDBY,KILLED,LANDED,2105.5,2419.8,1125.2,0.3,0.00,55.62,0,0.800,1,0.000,1,,0
409.84,409.84,UAV-5,STANDBY,RETURNING,RTH,2073.5,2420.0,1237.3,109.6,13.75,50.49,1,0.800,1,0.800,1,,0
410.86,410.86,UAV-1,STANDBY,RETURNING,RTH,1771.9,2420.0,1223.7,115.6,13.99,48.99,1,0.800,1,0.800,1,,0
410.86,410.86,UAV-2,SCOUT,KILLED,LANDED,3032.1,2797.7,1121.4,0.3,0.00,79.77,0,1.000,2,0.000,1,,0
410.86,410.86,UAV-3,STANDBY,RETURNING,RTH,2070.7,2419.8,1222.5,94.6,14.21,53.81,1,0.800,1,0.800,1,,0
410.86,410.86,UAV-4,STANDBY,KILLED,LANDED,2105.5,2419.8,1125.2,0.3,0.00,55.62,0,0.800,1,0.000,1,,0
410.86,410.86,UAV-5,STANDBY,RETURNING,RTH,2059.2,2420.0,1237.2,109.9,14.12,50.35,1,0.800,1,0.800,1,,0
411.88,411.88,UAV-1,STANDBY,RETURNING,RTH,1757.7,2420.0,1223.9,115.8,14.03,48.84,1,0.800,1,0.800,1,,0
411.88,411.88,UAV-2,SCOUT,KILLED,LANDED,3032.1,2797.7,1121.4,0.3,0.00,79.77,0,1.000,2,0.000,1,,0
411.88,411.88,UAV-3,STANDBY,RETURNING,RTH,2056.1,2419.9,1222.7,96.0,14.27,53.67,1,0.800,1,0.800,1,,0
411.88,411.88,UAV-4,STANDBY,KILLED,LANDED,2105.5,2419.8,1125.2,0.3,0.00,55.62,0,0.800,1,0.000,1,,0
411.88,411.88,UAV-5,STANDBY,RETURNING,RTH,2044.8,2420.1,1237.4,113.6,14.14,50.20,1,0.800,1,0.800,1,,0
412.90,412.90,UAV-1,STANDBY,RETURNING,RTH,1743.4,2420.0,1224.1,115.8,13.98,48.69,1,0.800,1,0.800,1,,0
412.90,412.90,UAV-2,SCOUT,KILLED,LANDED,3032.1,2797.7,1121.4,0.3,0.00,79.77,0,1.000,2,0.000,1,,0
412.90,412.90,UAV-3,STANDBY,RETURNING,RTH,2041.6,2419.9,1223.0,100.0,14.23,53.52,1,0.800,1,0.800,1,,0
412.90,412.90,UAV-4,STANDBY,KILLED,LANDED,2105.5,2419.8,1125.2,0.3,0.00,55.62,0,0.800,1,0.000,1,,0
412.90,412.90,UAV-5,STANDBY,RETURNING,RTH,2030.4,2420.1,1237.6,116.8,14.07,50.05,1,0.800,1,0.800,1,,0
413.92,413.92,UAV-1,STANDBY,RETURNING,RTH,1729.1,2420.0,1224.3,115.7,13.97,48.55,1,0.800,1,0.800,1,,0
413.92,413.92,UAV-2,SCOUT,KILLED,LANDED,3032.1,2797.7,1121.4,0.3,0.00,79.77,0,1.000,2,0.000,1,,0
413.92,413.92,UAV-3,STANDBY,RETURNING,RTH,2027.1,2420.0,1223.3,103.0,14.15,53.37,1,0.800,1,0.800,1,,0
413.92,413.92,UAV-4,STANDBY,KILLED,LANDED,2105.5,2419.8,1125.2,0.3,0.00,55.62,0,0.800,1,0.000,1,,0
413.92,413.92,UAV-5,STANDBY,RETURNING,RTH,2016.1,2420.1,1237.8,119.0,14.00,49.90,1,0.800,1,0.800,1,,0
414.94,414.94,UAV-1,STANDBY,RETURNING,RTH,1714.9,2420.0,1224.4,115.2,13.97,48.40,1,0.800,1,0.800,1,,0
414.94,414.94,UAV-2,SCOUT,KILLED,LANDED,3032.1,2797.7,1121.4,0.3,0.00,79.77,0,1.000,2,0.000,1,,0
414.94,414.94,UAV-3,STANDBY,RETURNING,RTH,2013.0,2420.0,1223.2,104.6,13.08,53.23,1,0.800,1,0.800,1,,0
414.94,414.94,UAV-4,STANDBY,KILLED,LANDED,2105.5,2419.8,1125.2,0.3,0.00,55.62,0,0.800,1,0.000,1,,0
414.94,414.94,UAV-5,STANDBY,RETURNING,RTH,2001.9,2420.1,1237.9,120.1,13.73,49.76,1,0.800,1,0.800,1,,0
415.96,415.96,UAV-1,STANDBY,RETURNING,RTH,1700.6,2420.1,1224.6,115.5,13.91,48.25,1,0.800,1,0.800,1,,0
415.96,415.96,UAV-2,SCOUT,KILLED,LANDED,3032.1,2797.7,1121.4,0.3,0.00,79.77,0,1.000,2,0.000,1,,0
415.96,415.96,UAV-3,STANDBY,RETURNING,RTH,1999.7,2420.0,1221.7,104.0,13.33,53.08,1,0.800,1,0.800,1,,0
415.96,415.96,UAV-4,STANDBY,KILLED,LANDED,2105.5,2419.8,1125.2,0.3,0.00,55.62,0,0.800,1,0.000,1,,0
415.96,415.96,UAV-5,STANDBY,RETURNING,RTH,1988.1,2420.1,1237.4,120.1,13.35,49.61,1,0.800,1,0.800,1,,0
416.98,416.98,UAV-1,STANDBY,RETURNING,RTH,1686.5,2420.1,1224.7,115.6,13.84,48.10,1,0.800,1,0.800,1,,0
416.98,416.98,UAV-2,SCOUT,KILLED,LANDED,3032.1,2797.7,1121.4,0.3,0.00,79.77,0,1.000,2,0.000,1,,0
416.98,416.98,UAV-3,STANDBY,RETURNING,RTH,1986.0,2420.0,1220.5,103.1,13.50,52.94,1,0.800,1,0.800,1,,0
416.98,416.98,UAV-4,STANDBY,KILLED,LANDED,2105.5,2419.8,1125.2,0.3,0.00,55.62,0,0.800,1,0.000,1,,0
416.98,416.98,UAV-5,STANDBY,RETURNING,RTH,1974.6,2420.1,1236.4,117.9,13.31,49.47,1,0.800,1,0.800,1,,0
418.00,418.00,UAV-1,STANDBY,RETURNING,RTH,1672.4,2420.1,1224.8,115.2,13.84,47.96,1,0.800,1,0.800,1,,0
418.00,418.00,UAV-2,SCOUT,KILLED,LANDED,3032.1,2797.7,1121.4,0.3,0.00,79.77,0,1.000,2,0.000,1,,0
418.00,418.00,UAV-3,STANDBY,RETURNING,RTH,1972.3,2420.0,1219.4,100.6,13.57,52.79,1,0.800,1,0.800,1,,0
418.00,418.00,UAV-4,STANDBY,KILLED,LANDED,2105.5,2419.8,1125.2,0.3,0.00,55.62,0,0.800,1,0.000,1,,0
418.00,418.00,UAV-5,STANDBY,RETURNING,RTH,1961.0,2420.1,1235.3,115.3,13.42,49.32,1,0.800,1,0.800,1,,0
419.02,419.02,UAV-1,STANDBY,RETURNING,RTH,1658.3,2420.0,1225.0,114.1,13.86,47.81,1,0.800,1,0.800,1,,0
419.02,419.02,UAV-2,SCOUT,KILLED,LANDED,3032.1,2797.7,1121.4,0.3,0.00,79.77,0,1.000,2,0.000,1,,0
419.02,419.02,UAV-3,STANDBY,RETURNING,RTH,1958.4,2420.0,1218.4,98.3,13.64,52.64,1,0.800,1,0.800,1,,0
419.02,419.02,UAV-4,STANDBY,KILLED,LANDED,2105.5,2419.8,1125.2,0.3,0.00,55.62,0,0.800,1,0.000,1,,0
419.02,419.02,UAV-5,STANDBY,RETURNING,RTH,1947.3,2420.1,1234.4,114.1,13.51,49.18,1,0.800,1,0.800,1,,0
420.04,420.04,UAV-1,STANDBY,RETURNING,RTH,1644.1,2420.0,1225.0,113.0,13.91,47.66,1,0.800,1,0.800,1,,0
420.04,420.04,UAV-2,SCOUT,KILLED,LANDED,3032.1,2797.7,1121.4,0.3,0.00,79.77,0,1.000,2,0.000,1,,0
420.04,420.04,UAV-3,STANDBY,RETURNING,RTH,1944.5,2420.0,1217.5,97.2,13.72,52.50,1,0.800,1,0.800,1,,0
420.04,420.04,UAV-4,STANDBY,KILLED,LANDED,2105.5,2419.8,1125.2,0.3,0.00,55.62,0,0.800,1,0.000,1,,0
420.04,420.04,UAV-5,STANDBY,RETURNING,RTH,1933.5,2420.0,1233.4,112.5,13.60,49.03,1,0.800,1,0.800,1,,0
421.06,421.06,UAV-1,STANDBY,RETURNING,RTH,1629.9,2420.0,1225.1,112.5,13.97,47.52,1,0.800,1,0.800,1,,0
421.06,421.06,UAV-2,SCOUT,KILLED,LANDED,3032.1,2797.7,1121.4,0.3,0.00,79.77,0,1.000,2,0.000,1,,0
421.06,421.06,UAV-3,STANDBY,RETURNING,RTH,1930.5,2420.0,1216.7,95.6,13.82,52.35,1,0.800,1,0.800,1,,0
421.06,421.06,UAV-4,STANDBY,KILLED,LANDED,2105.5,2419.8,1125.2,0.3,0.00,55.62,0,0.800,1,0.000,1,,0
421.06,421.06,UAV-5,STANDBY,RETURNING,RTH,1919.6,2420.0,1232.6,111.5,13.70,48.88,1,0.800,1,0.800,1,,0
422.08,422.08,UAV-1,STANDBY,RETURNING,RTH,1615.6,2419.9,1225.2,112.5,13.93,47.37,1,0.800,1,0.800,1,,0
422.08,422.08,UAV-2,SCOUT,KILLED,LANDED,3032.1,2797.7,1121.4,0.3,0.00,79.77,0,1.000,2,0.000,1,,0
422.08,422.08,UAV-3,STANDBY,RETURNING,RTH,1916.4,2419.9,1215.9,94.8,13.81,52.21,1,0.800,1,0.800,1,,0
422.08,422.08,UAV-4,STANDBY,KILLED,LANDED,2105.5,2419.8,1125.2,0.3,0.00,55.62,0,0.800,1,0.000,1,,0
422.08,422.08,UAV-5,STANDBY,RETURNING,RTH,1905.7,2420.0,1231.7,110.6,13.68,48.74,1,0.800,1,0.800,1,,0
423.10,423.10,UAV-1,STANDBY,RETURNING,RTH,1601.4,2419.9,1225.4,112.2,14.05,47.22,1,0.800,1,0.800,1,,0
423.10,423.10,UAV-2,SCOUT,KILLED,LANDED,3032.1,2797.7,1121.4,0.3,0.00,79.77,0,1.000,2,0.000,1,,0
423.10,423.10,UAV-3,STANDBY,RETURNING,RTH,1902.3,2419.9,1215.2,94.1,13.80,52.06,1,0.800,1,0.800,1,,0
423.10,423.10,UAV-4,STANDBY,KILLED,LANDED,2105.5,2419.8,1125.2,0.3,0.00,55.62,0,0.800,1,0.000,1,,0
423.10,423.10,UAV-5,STANDBY,RETURNING,RTH,1891.7,2419.9,1231.0,110.3,13.65,48.59,1,0.800,1,0.800,1,,0
424.12,424.12,UAV-1,STANDBY,RETURNING,RTH,1587.1,2419.9,1225.7,110.9,14.03,47.07,1,0.800,1,0.800,1,,0
424.12,424.12,UAV-2,SCOUT,KILLED,LANDED,3032.1,2797.7,1121.4,0.3,0.00,79.77,0,1.000,2,0.000,1,,0
424.12,424.12,UAV-3,STANDBY,RETURNING,RTH,1888.3,2419.9,1214.5,94.1,13.82,51.91,1,0.800,1,0.800,1,,0
424.12,424.12,UAV-4,STANDBY,KILLED,LANDED,2105.5,2419.8,1125.2,0.3,0.00,55.62,0,0.800,1,0.000,1,,0
424.12,424.12,UAV-5,STANDBY,RETURNING,RTH,1877.8,2419.9,1230.2,110.5,13.66,48.44,1,0.800,1,0.800,1,,0
425.14,425.14,UAV-1,STANDBY,RETURNING,RTH,1572.8,2420.0,1226.0,109.6,13.99,46.93,1,0.800,1,0.800,1,,0
425.14,425.14,UAV-2,SCOUT,KILLED,LANDED,3032.1,2797.7,1121.4,0.3,0.00,79.77,0,1.000,2,0.000,1,,0
425.14,425.14,UAV-3,STANDBY,RETURNING,RTH,1874.2,2419.9,1214.0,94.5,13.87,51.77,1,0.800,1,0.800,1,,0
425.14,425.14,UAV-4,STANDBY,KILLED,LANDED,2105.5,2419.8,1125.2,0.3,0.00,55.62,0,0.800,1,0.000,1,,0
425.14,425.14,UAV-5,STANDBY,RETURNING,RTH,1863.9,2420.0,1229.5,110.7,13.72,48.30,1,0.800,1,0.800,1,,0
426.16,426.16,UAV-1,STANDBY,RETURNING,RTH,1558.5,2420.0,1226.3,108.3,13.91,46.78,1,0.800,1,0.800,1,,0
426.16,426.16,UAV-2,SCOUT,KILLED,LANDED,3032.1,2797.7,1121.4,0.3,0.00,79.77,0,1.000,2,0.000,1,,0
426.16,426.16,UAV-3,STANDBY,RETURNING,RTH,1860.0,2420.0,1213.6,95.0,13.98,51.62,1,0.800,1,0.800,1,,0
426.16,426.16,UAV-4,STANDBY,KILLED,LANDED,2105.5,2419.8,1125.2,0.3,0.00,55.62,0,0.800,1,0.000,1,,0
426.16,426.16,UAV-5,STANDBY,RETURNING,RTH,1849.9,2420.0,1229.0,111.2,13.99,48.15,1,0.800,1,0.800,1,,0
427.18,427.18,UAV-1,STANDBY,RETURNING,RTH,1544.4,2420.0,1226.6,106.8,13.88,46.63,1,0.800,1,0.800,1,,0
427.18,427.18,UAV-2,SCOUT,KILLED,LANDED,3032.1,2797.7,1121.4,0.3,0.00,79.77,0,1.000,2,0.000,1,,0
427.18,427.18,UAV-3,STANDBY,RETURNING,RTH,1845.6,2420.0,1213.7,96.2,14.16,51.47,1,0.800,1,0.800,1,,0
427.18,427.18,UAV-4,STANDBY,KILLED,LANDED,2105.5,2419.8,1125.2,0.3,0.00,55.62,0,0.800,1,0.000,1,,0
427.18,427.18,UAV-5,STANDBY,RETURNING,RTH,1835.5,2420.0,1229.4,112.5,14.05,48.00,1,0.800,1,0.800,1,,0
428.20,428.20,UAV-1,STANDBY,RETURNING,RTH,1530.2,2420.0,1226.8,105.7,13.95,46.48,1,0.800,1,0.800,1,,0
428.20,428.20,UAV-2,SCOUT,KILLED,LANDED,3032.1,2797.7,1121.4,0.3,0.00,79.77,0,1.000,2,0.000,1,,0
428.20,428.20,UAV-3,STANDBY,RETURNING,RTH,1831.2,2420.0,1214.1,97.6,14.19,51.32,1,0.800,1,0.800,1,,0
428.20,428.20,UAV-4,STANDBY,KILLED,LANDED,2105.5,2419.8,1125.2,0.3,0.00,55.62,0,0.800,1,0.000,1,,0
428.20,428.20,UAV-5,STANDBY,RETURNING,RTH,1821.2,2420.0,1229.8,114.3,14.04,47.85,1,0.800,1,0.800,1,,0
429.22,429.22,UAV-1,STANDBY,RETURNING,RTH,1516.0,2420.0,1227.1,105.0,13.94,46.34,1,0.800,1,0.800,1,,0
429.22,429.22,UAV-2,SCOUT,KILLED,LANDED,3032.1,2797.7,1121.4,0.3,0.00,79.77,0,1.000,2,0.000,1,,0
429.22,429.22,UAV-3,STANDBY,RETURNING,RTH,1816.7,2420.0,1214.6,99.7,14.12,51.17,1,0.800,1,0.800,1,,0
429.22,429.22,UAV-4,STANDBY,KILLED,LANDED,2105.5,2419.8,1125.2,0.3,0.00,55.62,0,0.800,1,0.000,1,,0
429.22,429.22,UAV-5,STANDBY,RETURNING,RTH,1806.9,2420.0,1230.2,116.9,13.98,47.71,1,0.800,1,0.800,1,,0
430.24,430.24,UAV-1,STANDBY,RETURNING,RTH,1501.8,2420.0,1227.3,104.3,13.92,46.19,1,0.800,1,0.800,1,,0
430.24,430.24,UAV-2,SCOUT,KILLED,LANDED,3032.1,2797.7,1121.4,0.3,0.00,79.77,0,1.000,2,0.000,1,,0
430.24,430.24,UAV-3,STANDBY,RETURNING,RTH,1802.4,2420.0,1215.0,102.5,14.03,51.03,1,0.800,1,0.800,1,,0
430.24,430.24,UAV-4,STANDBY,KILLED,LANDED,2105.5,2419.8,1125.2,0.3,0.00,55.62,0,0.800,1,0.000,1,,0
430.24,430.24,UAV-5,STANDBY,RETURNING,RTH,1792.7,2420.1,1230.5,119.9,13.90,47.56,1,0.800,1,0.800,1,,0
431.26,431.26,UAV-1,STANDBY,RETURNING,RTH,1487.6,2420.0,1227.5,104.8,13.86,46.04,1,0.800,1,0.800,1,,0
431.26,431.26,UAV-2,SCOUT,KILLED,LANDED,3032.1,2797.7,1121.4,0.3,0.00,79.77,0,1.000,2,0.000,1,,0
431.26,431.26,UAV-3,STANDBY,RETURNING,RTH,1788.2,2420.0,1215.2,105.4,13.85,50.88,1,0.800,1,0.800,1,,0
431.26,431.26,UAV-4,STANDBY,KILLED,LANDED,2105.5,2419.8,1125.2,0.3,0.00,55.62,0,0.800,1,0.000,1,,0
431.26,431.26,UAV-5,STANDBY,RETURNING,RTH,1778.6,2420.1,1230.8,122.2,13.73,47.41,1,0.800,1,0.800,1,,0
432.28,432.28,UAV-1,STANDBY,RETURNING,RTH,1473.5,2420.0,1227.7,106.4,13.86,45.89,1,0.800,1,0.800,1,,0
432.28,432.28,UAV-2,SCOUT,KILLED,LANDED,3032.1,2797.7,1121.4,0.3,0.00,79.77,0,1.000,2,0.000,1,,0
432.28,432.28,UAV-3,STANDBY,RETURNING,RTH,1774.1,2420.0,1215.4,107.3,13.85,50.73,1,0.800,1,0.800,1,,0
432.28,432.28,UAV-4,STANDBY,KILLED,LANDED,2105.5,2419.8,1125.2,0.3,0.00,55.62,0,0.800,1,0.000,1,,0
432.28,432.28,UAV-5,STANDBY,RETURNING,RTH,1764.6,2420.1,1230.9,123.0,13.73,47.26,1,0.800,1,0.800,1,,0
433.30,433.30,UAV-1,STANDBY,RETURNING,RTH,1459.3,2420.0,1227.9,108.2,13.83,45.75,1,0.800,1,0.800,1,,0
433.30,433.30,UAV-2,SCOUT,KILLED,LANDED,3032.1,2797.7,1121.4,0.3,0.00,79.77,0,1.000,2,0.000,1,,0
433.30,433.30,UAV-3,STANDBY,RETURNING,RTH,1759.9,2420.0,1215.6,107.6,13.83,50.58,1,0.800,1,0.800,1,,0
433.30,433.30,UAV-4,STANDBY,KILLED,LANDED,2105.5,2419.8,1125.2,0.3,0.00,55.62,0,0.800,1,0.000,1,,0
433.30,433.30,UAV-5,STANDBY,RETURNING,RTH,1750.6,2420.1,1231.0,122.8,13.70,47.12,1,0.800,1,0.800,1,,0
434.32,434.32,UAV-1,STANDBY,RETURNING,RTH,1445.3,2420.0,1228.0,110.2,13.78,45.60,1,0.800,1,0.800,1,,0
434.32,434.32,UAV-2,SCOUT,KILLED,LANDED,3032.1,2797.7,1121.4,0.3,0.00,79.77,0,1.000,2,0.000,1,,0
434.32,434.32,UAV-3,STANDBY,RETURNING,RTH,1745.9,2420.0,1215.7,107.5,13.79,50.44,1,0.800,1,0.800,1,,0
434.32,434.32,UAV-4,STANDBY,KILLED,LANDED,2105.5,2419.8,1125.2,0.3,0.00,55.62,0,0.800,1,0.000,1,,0
434.32,434.32,UAV-5,STANDBY,RETURNING,RTH,1736.7,2420.0,1231.1,122.8,13.65,46.97,1,0.800,1,0.800,1,,0
435.34,435.34,UAV-1,STANDBY,RETURNING,RTH,1431.2,2420.0,1228.1,111.3,13.84,45.45,1,0.800,1,0.800,1,,0
435.34,435.34,UAV-2,SCOUT,KILLED,LANDED,3032.1,2797.7,1121.4,0.3,0.00,79.77,0,1.000,2,0.000,1,,0
435.34,435.34,UAV-3,STANDBY,RETURNING,RTH,1731.8,2420.0,1215.9,107.5,13.85,50.29,1,0.800,1,0.800,1,,0
435.34,435.34,UAV-4,STANDBY,KILLED,LANDED,2105.5,2419.8,1125.2,0.3,0.00,55.62,0,0.800,1,0.000,1,,0
435.34,435.34,UAV-5,STANDBY,RETURNING,RTH,1722.8,2420.0,1231.1,122.2,13.70,46.82,1,0.800,1,0.800,1,,0
436.36,436.36,UAV-1,STANDBY,RETURNING,RTH,1417.0,2420.0,1228.2,111.5,13.88,45.31,1,0.800,1,0.800,1,,0
436.36,436.36,UAV-2,SCOUT,KILLED,LANDED,3032.1,2797.7,1121.4,0.3,0.00,79.77,0,1.000,2,0.000,1,,0
436.36,436.36,UAV-3,STANDBY,RETURNING,RTH,1717.6,2420.0,1216.0,106.9,13.90,50.14,1,0.800,1,0.800,1,,0
436.36,436.36,UAV-4,STANDBY,KILLED,LANDED,2105.5,2419.8,1125.2,0.3,0.00,55.62,0,0.800,1,0.000,1,,0
436.36,436.36,UAV-5,STANDBY,RETURNING,RTH,1708.8,2420.0,1231.1,121.9,13.74,46.68,1,0.800,1,0.800,1,,0
437.38,437.38,UAV-1,STANDBY,RETURNING,RTH,1402.9,2420.0,1228.3,111.4,13.90,45.16,1,0.800,1,0.800,1,,0
437.38,437.38,UAV-2,SCOUT,KILLED,LANDED,3032.1,2797.7,1121.4,0.3,0.00,79.77,0,1.000,2,0.000,1,,0
437.38,437.38,UAV-3,STANDBY,RETURNING,RTH,1703.4,2420.0,1216.1,107.0,13.92,50.00,1,0.800,1,0.800,1,,0
437.38,437.38,UAV-4,STANDBY,KILLED,LANDED,2105.5,2419.8,1125.2,0.3,0.00,55.62,0,0.800,1,0.000,1,,0
437.38,437.38,UAV-5,STANDBY,RETURNING,RTH,1694.7,2420.0,1231.0,122.0,13.74,46.53,1,0.800,1,0.800,1,,0
438.40,438.40,UAV-1,STANDBY,RETURNING,RTH,1388.7,2420.0,1228.4,109.8,13.76,45.01,1,0.800,1,0.800,1,,0
438.40,438.40,UAV-2,SCOUT,KILLED,LANDED,3032.1,2797.7,1121.4,0.3,0.00,79.77,0,1.000,2,0.000,1,,0
438.40,438.40,UAV-3,STANDBY,RETURNING,RTH,1689.2,2420.0,1216.1,107.1,13.88,49.85,1,0.800,1,0.800,1,,0
438.40,438.40,UAV-4,STANDBY,KILLED,LANDED,2105.5,2419.8,1125.2,0.3,0.00,55.62,0,0.800,1,0.000,1,,0
438.40,438.40,UAV-5,STANDBY,RETURNING,RTH,1680.7,2420.0,1230.9,121.6,13.68,46.38,1,0.800,1,0.800,1,,0
439.42,439.42,UAV-1,STANDBY,RETURNING,RTH,1374.7,2420.0,1228.2,109.3,13.72,44.87,1,0.800,1,0.800,1,,0
439.42,439.42,UAV-2,SCOUT,KILLED,LANDED,3032.1,2797.7,1121.4,0.3,0.00,79.77,0,1.000,2,0.000,1,,0
439.42,439.42,UAV-3,STANDBY,RETURNING,RTH,1675.1,2420.0,1216.1,106.7,13.82,49.70,1,0.800,1,0.800,1,,0
439.42,439.42,UAV-4,STANDBY,KILLED,LANDED,2105.5,2419.8,1125.2,0.3,0.00,55.62,0,0.800,1,0.000,1,,0
439.42,439.42,UAV-5,STANDBY,RETURNING,RTH,1666.8,2420.0,1230.6,120.6,13.60,46.24,1,0.800,1,0.800,1,,0
440.44,440.44,UAV-1,STANDBY,RETURNING,RTH,1360.7,2420.0,1228.0,109.7,13.80,44.72,1,0.800,1,0.800,1,,0
440.44,440.44,UAV-2,SCOUT,KILLED,LANDED,3032.1,2797.7,1121.4,0.3,0.00,79.77,0,1.000,2,0.000,1,,0
440.44,440.44,UAV-3,STANDBY,RETURNING,RTH,1661.0,2420.0,1216.0,105.5,13.87,49.56,1,0.800,1,0.800,1,,0
440.44,440.44,UAV-4,STANDBY,KILLED,LANDED,2105.5,2419.8,1125.2,0.3,0.00,55.62,0,0.800,1,0.000,1,,0
440.44,440.44,UAV-5,STANDBY,RETURNING,RTH,1653.0,2420.0,1230.2,118.8,13.64,46.09,1,0.800,1,0.800,1,,0
441.46,441.46,UAV-1,STANDBY,RETURNING,RTH,1346.6,2420.0,1227.8,110.3,13.80,44.57,1,0.800,1,0.800,1,,0
441.46,441.46,UAV-2,SCOUT,KILLED,LANDED,3032.1,2797.7,1121.4,0.3,0.00,79.77,0,1.000,2,0.000,1,,0
441.46,441.46,UAV-3,STANDBY,RETURNING,RTH,1646.8,2420.0,1216.1,104.2,13.97,49.41,1,0.800,1,0.800,1,,0
441.46,441.46,UAV-4,STANDBY,KILLED,LANDED,2105.5,2419.8,1125.2,0.3,0.00,55.62,0,0.800,1,0.000,1,,0
441.46,441.46,UAV-5,STANDBY,RETURNING,RTH,1639.0,2420.0,1229.8,117.5,13.73,45.94,1,0.800,1,0.800,1,,0
442.48,442.48,UAV-1,STANDBY,RETURNING,RTH,1332.6,2420.0,1227.6,111.0,13.77,44.43,1,0.800,1,0.800,1,,0
442.48,442.48,UAV-2,SCOUT,KILLED,LANDED,3032.1,2797.7,1121.4,0.3,0.00,79.77,0,1.000,2,0.000,1,,0
442.48,442.48,UAV-3,STANDBY,RETURNING,RTH,1632.4,2420.0,1216.5,103.9,14.64,49.26,1,0.800,1,0.800,1,,0
442.48,442.48,UAV-4,STANDBY,KILLED,LANDED,2105.5,2419.8,1125.2,0.3,0.00,55.62,0,0.800,1,0.000,1,,0
442.48,442.48,UAV-5,STANDBY,RETURNING,RTH,1624.7,2420.0,1230.1,117.5,14.87,45.79,1,0.800,1,0.800,1,,0
443.50,443.50,UAV-1,STANDBY,RETURNING,RTH,1318.6,2420.0,1227.4,111.7,13.72,44.28,1,0.800,1,0.800,1,,0
443.50,443.50,UAV-2,SCOUT,KILLED,LANDED,3032.1,2797.7,1121.4,0.3,0.00,79.77,0,1.000,2,0.000,1,,0
443.50,443.50,UAV-3,STANDBY,RETURNING,RTH,1617.4,2420.0,1218.1,105.4,14.87,49.11,1,0.800,1,0.800,1,,0
443.50,443.50,UAV-4,STANDBY,KILLED,LANDED,2105.5,2419.8,1125.2,0.3,0.00,55.62,0,0.800,1,0.000,1,,0
443.50,443.50,UAV-5,STANDBY,RETURNING,RTH,1609.7,2420.0,1232.1,119.4,14.68,45.64,1,0.800,1,0.800,1,,0
444.52,444.52,UAV-1,STANDBY,RETURNING,RTH,1304.6,2420.0,1227.2,112.3,13.63,44.13,1,0.800,1,0.800,1,,0
444.52,444.52,UAV-2,SCOUT,KILLED,LANDED,3032.1,2797.7,1121.4,0.3,0.00,79.77,0,1.000,2,0.000,1,,0
444.52,444.52,UAV-3,STANDBY,RETURNING,RTH,1602.4,2420.0,1220.0,106.9,14.63,48.96,1,0.800,1,0.800,1,,0
444.52,444.52,UAV-4,STANDBY,KILLED,LANDED,2105.5,2419.8,1125.2,0.3,0.00,55.62,0,0.800,1,0.000,1,,0
444.52,444.52,UAV-5,STANDBY,RETURNING,RTH,1594.9,2420.0,1234.0,120.2,14.44,45.49,1,0.800,1,0.800,1,,0
445.54,445.54,UAV-1,STANDBY,RETURNING,RTH,1290.7,2420.0,1227.0,112.2,13.62,43.99,1,0.800,1,0.800,1,,0
445.54,445.54,UAV-2,SCOUT,KILLED,LANDED,3032.1,2797.7,1121.4,0.3,0.00,79.77,0,1.000,2,0.000,1,,0
445.54,445.54,UAV-3,STANDBY,RETURNING,RTH,1587.8,2420.0,1221.8,107.1,14.36,48.81,1,0.800,1,0.800,1,,0
445.54,445.54,UAV-4,STANDBY,KILLED,LANDED,2105.5,2419.8,1125.2,0.3,0.00,55.62,0,0.800,1,0.000,1,,0
445.54,445.54,UAV-5,STANDBY,RETURNING,RTH,1580.4,2420.0,1235.7,120.2,14.23,45.34,1,0.800,1,0.800,1,,0
446.56,446.56,UAV-1,STANDBY,RETURNING,RTH,1276.8,2420.0,1226.9,111.8,13.69,43.84,1,0.800,1,0.800,1,,0
446.56,446.56,UAV-2,SCOUT,KILLED,LANDED,3032.1,2797.7,1121.4,0.3,0.00,79.77,0,1.000,2,0.000,1,,0
446.56,446.56,UAV-3,STANDBY,RETURNING,RTH,1573.5,2420.0,1222.9,106.6,12.84,48.66,1,0.800,1,0.800,1,,0
446.56,446.56,UAV-4,STANDBY,KILLED,LANDED,2105.5,2419.8,1125.2,0.3,0.00,55.62,0,0.800,1,0.000,1,,0
446.56,446.56,UAV-5,STANDBY,RETURNING,RTH,1566.1,2420.0,1237.2,120.1,13.98,45.19,1,0.800,1,0.800,1,,0
447.58,447.58,UAV-1,STANDBY,RETURNING,RTH,1262.8,2420.0,1226.8,111.0,13.69,43.69,1,0.800,1,0.800,1,,0
447.58,447.58,UAV-2,SCOUT,KILLED,LANDED,3032.1,2797.7,1121.4,0.3,0.00,79.77,0,1.000,2,0.000,1,,0
447.58,447.58,UAV-3,STANDBY,RETURNING,RTH,1560.5,2420.0,1221.9,104.1,13.15,48.52,1,0.800,1,0.800,1,,0
447.58,447.58,UAV-4,STANDBY,KILLED,LANDED,2105.5,2419.8,1125.2,0.3,0.00,55.62,0,0.800,1,0.000,1,,0
447.58,447.58,UAV-5,STANDBY,RETURNING,RTH,1552.2,2420.0,1237.8,119.0,13.33,45.05,1,0.800,1,0.800,1,,0
448.60,448.60,UAV-1,STANDBY,RETURNING,RTH,1248.9,2420.0,1226.7,109.6,13.70,43.55,1,0.800,1,0.800,1,,0
448.60,448.60,UAV-2,SCOUT,KILLED,LANDED,3032.1,2797.7,1121.4,0.3,0.00,79.77,0,1.000,2,0.000,1,,0
448.60,448.60,UAV-3,STANDBY,RETURNING,RTH,1546.8,2420.0,1221.3,101.8,13.56,48.37,1,0.800,1,0.800,1,,0
448.60,448.60,UAV-4,STANDBY,KILLED,LANDED,2105.5,2419.8,1125.2,0.3,0.00,55.62,0,0.800,1,0.000,1,,0
448.60,448.60,UAV-5,STANDBY,RETURNING,RTH,1538.7,2420.0,1237.5,117.1,13.29,44.90,1,0.800,1,0.800,1,,0
449.62,449.62,UAV-1,STANDBY,RETURNING,RTH,1234.9,2420.0,1226.6,108.4,13.73,43.40,1,0.800,1,0.800,1,,0
449.62,449.62,UAV-2,SCOUT,KILLED,LANDED,3032.1,2797.7,1121.4,0.3,0.00,79.77,0,1.000,2,0.000,1,,0
449.62,449.62,UAV-3,STANDBY,RETURNING,RTH,1532.9,2420.0,1220.9,99.9,13.66,48.23,1,0.800,1,0.800,1,,0
449.62,449.62,UAV-4,STANDBY,KILLED,LANDED,2105.5,2419.8,1125.2,0.3,0.00,55.62,0,0.800,1,0.000,1,,0
449.62,449.62,UAV-5,STANDBY,RETURNING,RTH,1525.0,2420.0,1237.1,115.7,13.46,44.76,1,0.800,1,0.800,1,,0
450.64,450.64,UAV-1,STANDBY,RETURNING,RTH,1220.8,2419.9,1226.5,108.6,13.81,43.25,1,1.000,1,1.000,1,,0
450.64,450.64,UAV-2,SCOUT,KILLED,LANDED,3032.1,2797.7,1121.4,0.3,0.00,79.77,0,1.000,2,0.000,1,,0
450.64,450.64,UAV-3,STANDBY,RETURNING,RTH,1519.0,2419.9,1220.5,98.6,13.76,48.08,1,1.000,1,1.000,1,,0
450.64,450.64,UAV-4,STANDBY,KILLED,LANDED,2105.5,2419.8,1125.2,0.3,0.00,55.62,0,0.800,1,0.000,1,,0
450.64,450.64,UAV-5,STANDBY,RETURNING,RTH,1511.2,2419.9,1236.7,114.3,13.60,44.61,1,1.000,1,1.000,1,,0
451.66,451.66,UAV-1,STANDBY,RETURNING,RTH,1206.7,2419.9,1226.4,109.4,13.84,43.10,1,1.000,1,1.000,1,,0
451.66,451.66,UAV-2,SCOUT,KILLED,LANDED,3032.1,2797.7,1121.4,0.3,0.00,79.77,0,1.000,2,0.000,1,,0
451.66,451.66,UAV-3,STANDBY,RETURNING,RTH,1504.9,2419.9,1220.1,97.3,13.81,47.93,1,1.000,1,1.000,1,,0
451.66,451.66,UAV-4,STANDBY,KILLED,LANDED,2105.5,2419.8,1125.2,0.3,0.00,55.62,0,0.800,1,0.000,1,,0
451.66,451.66,UAV-5,STANDBY,RETURNING,RTH,1497.3,2419.9,1236.3,113.3,13.66,44.47,1,1.000,1,1.000,1,,0
452.68,452.68,UAV-1,STANDBY,RETURNING,RTH,1192.6,2420.0,1226.3,110.4,13.81,42.96,1,1.000,1,1.000,1,,0
452.68,452.68,UAV-2,SCOUT,KILLED,LANDED,3032.1,2797.7,1121.4,0.3,0.00,79.77,0,1.000,2,0.000,1,,0
452.68,452.68,UAV-3,STANDBY,RETURNING,RTH,1490.8,2419.9,1219.8,96.8,13.80,47.79,1,1.000,1,1.000,1,,0
452.68,452.68,UAV-4,STANDBY,KILLED,LANDED,2105.5,2419.8,1125.2,0.3,0.00,55.62,0,0.800,1,0.000,1,,0
452.68,452.68,UAV-5,STANDBY,RETURNING,RTH,1483.4,2420.0,1235.9,113.5,13.64,44.32,1,1.000,1,1.000,1,,0
453.70,453.70,UAV-1,STANDBY,RETURNING,RTH,1178.6,2420.0,1226.3,110.5,13.74,42.81,1,1.000,1,1.000,1,,0
453.70,453.70,UAV-2,SCOUT,KILLED,LANDED,3032.1,2797.7,1121.4,0.3,0.00,79.77,0,1.000,2,0.000,1,,0
453.70,453.70,UAV-3,STANDBY,RETURNING,RTH,1476.8,2420.0,1219.4,97.8,13.73,47.64,1,1.000,1,1.000,1,,0
453.70,453.70,UAV-4,STANDBY,KILLED,LANDED,2105.5,2419.8,1125.2,0.3,0.00,55.62,0,0.800,1,0.000,1,,0
453.70,453.70,UAV-5,STANDBY,RETURNING,RTH,1469.5,2420.0,1235.5,114.7,13.57,44.17,1,1.000,1,1.000,1,,0
454.72,454.72,UAV-1,STANDBY,RETURNING,RTH,1164.5,2420.0,1226.3,110.3,13.80,42.66,1,1.000,1,1.000,1,,0
454.72,454.72,UAV-2,SCOUT,KILLED,LANDED,3032.1,2797.7,1121.4,0.3,0.00,79.77,0,1.000,2,0.000,1,,0
454.72,454.72,UAV-3,STANDBY,RETURNING,RTH,1462.8,2420.0,1219.1,99.1,13.62,47.49,1,1.000,1,1.000,1,,0
454.72,454.72,UAV-4,STANDBY,KILLED,LANDED,2105.5,2419.8,1125.2,0.3,0.00,55.62,0,0.800,1,0.000,1,,0
454.72,454.72,UAV-5,STANDBY,RETURNING,RTH,1455.8,2420.0,1235.0,115.9,13.44,44.03,1,1.000,1,1.000,1,,0
455.74,455.74,UAV-1,STANDBY,RETURNING,RTH,1150.5,2420.0,1226.6,110.4,13.65,42.52,1,1.000,1,1.000,1,,0
455.74,455.74,UAV-2,SCOUT,KILLED,LANDED,3032.1,2797.7,1121.4,0.3,0.00,79.77,0,1.000,2,0.000,1,,0
455.74,455.74,UAV-3,STANDBY,RETURNING,RTH,1449.0,2420.0,1218.8,100.6,13.49,47.35,1,1.000,1,1.000,1,,0
455.74,455.74,UAV-4,STANDBY,KILLED,LANDED,2105.5,2419.8,1125.2,0.3,0.00,55.62,0,0.800,1,0.000,1,,0
455.74,455.74,UAV-5,STANDBY,RETURNING,RTH,1442.1,2420.0,1234.5,117.1,13.29,43.88,1,1.000,1,1.000,1,,0
456.76,456.76,UAV-1,STANDBY,RETURNING,RTH,1136.6,2420.0,1226.8,110.6,13.71,42.37,1,1.000,1,1.000,1,,0
456.76,456.76,UAV-2,SCOUT,KILLED,LANDED,3032.1,2797.7,1121.4,0.3,0.00,79.77,0,1.000,2,0.000,1,,0
456.76,456.76,UAV-3,STANDBY,RETURNING,RTH,1435.2,2420.0,1218.5,101.6,13.62,47.20,1,1.000,1,1.000,1,,0
456.76,456.76,UAV-4,STANDBY,KILLED,LANDED,2105.5,2419.8,1125.2,0.3,0.00,55.62,0,0.800,1,0.000,1,,0
456.76,456.76,UAV-5,STANDBY,RETURNING,RTH,1428.6,2420.0,1234.0,117.2,13.43,43.73,1,1.000,1,1.000,1,,0
457.78,457.78,UAV-1,STANDBY,RETURNING,RTH,1122.5,2420.0,1227.1,110.9,13.84,42.22,1,1.000,1,1.000,1,,0
457.78,457.78,UAV-2,SCOUT,KILLED,LANDED,3032.1,2797.7,1121.4,0.3,0.00,79.77,0,1.000,2,0.000,1,,0
457.78,457.78,UAV-3,STANDBY,RETURNING,RTH,1421.2,2420.0,1218.4,101.5,13.84,47.05,1,1.000,1,1.000,1,,0
457.78,457.78,UAV-4,STANDBY,KILLED,LANDED,2105.5,2419.8,1125.2,0.3,0.00,55.62,0,0.800,1,0.000,1,,0
457.78,457.78,UAV-5,STANDBY,RETURNING,RTH,1414.7,2420.0,1233.6,116.9,13.65,43.59,1,1.000,1,1.000,1,,0
458.80,458.80,UAV-1,STANDBY,RETURNING,RTH,1108.4,2420.0,1227.3,111.1,13.85,42.07,1,1.000,1,1.000,1,,0
458.80,458.80,UAV-2,SCOUT,KILLED,LANDED,3032.1,2797.7,1121.4,0.3,0.00,79.77,0,1.000,2,0.000,1,,0
458.80,458.80,UAV-3,STANDBY,RETURNING,RTH,1406.8,2420.0,1218.7,102.0,14.35,46.90,1,1.000,1,1.000,1,,0
458.80,458.80,UAV-4,STANDBY,KILLED,LANDED,2105.5,2419.8,1125.2,0.3,0.00,55.62,0,0.800,1,0.000,1,,0
458.80,458.80,UAV-5,STANDBY,RETURNING,RTH,1400.4,2420.0,1234.0,116.9,14.26,43.44,1,1.000,1,1.000,1,,0
459.82,459.82,UAV-1,STANDBY,RETURNING,RTH,1094.3,2420.0,1227.5,111.1,13.83,41.93,1,1.000,1,1.000,1,,0
459.82,459.82,UAV-2,SCOUT,KILLED,LANDED,3032.1,2797.7,1121.4,0.3,0.00,79.77,0,1.000,2,0.000,1,,0
459.82,459.82,UAV-3,STANDBY,RETURNING,RTH,1392.2,2420.0,1219.6,101.5,14.31,46.75,1,1.000,1,1.000,1,,0
459.82,459.82,UAV-4,STANDBY,KILLED,LANDED,2105.5,2419.8,1125.2,0.3,0.00,55.62,0,0.800,1,0.000,1,,0
459.82,459.82,UAV-5,STANDBY,RETURNING,RTH,1385.9,2420.0,1234.9,116.1,14.17,43.29,1,1.000,1,1.000,1,,0
460.84,460.84,UAV-1,STANDBY,RETURNING,RTH,1080.2,2420.0,1227.7,112.2,13.85,41.78,1,1.000,1,1.000,1,,0
460.84,460.84,UAV-2,SCOUT,KILLED,LANDED,3032.1,2797.7,1121.4,0.3,0.00,79.77,0,1.000,2,0.000,1,,0
460.84,460.84,UAV-3,STANDBY,RETURNING,RTH,1377.6,2420.0,1220.6,101.6,14.27,46.60,1,1.000,1,1.000,1,,0
460.84,460.84,UAV-4,STANDBY,KILLED,LANDED,2105.5,2419.8,1125.2,0.3,0.00,55.62,0,0.800,1,0.000,1,,0
460.84,460.84,UAV-5,STANDBY,RETURNING,RTH,1371.5,2420.0,1235.8,117.0,14.12,43.14,1,1.000,1,1.000,1,,0
461.86,461.86,UAV-1,STANDBY,RETURNING,RTH,1066.0,2420.0,1227.9,111.6,13.93,41.63,1,1.000,1,1.000,1,,0
461.86,461.86,UAV-2,SCOUT,KILLED,LANDED,3032.1,2797.7,1121.4,0.3,0.00,79.77,0,1.000,2,0.000,1,,0
461.86,461.86,UAV-3,STANDBY,RETURNING,RTH,1363.1,2420.0,1221.4,103.0,14.24,46.46,1,1.000,1,1.000,1,,0
461.86,461.86,UAV-4,STANDBY,KILLED,LANDED,2105.5,2419.8,1125.2,0.3,0.00,55.62,0,0.800,1,0.000,1,,0
461.86,461.86,UAV-5,STANDBY,RETURNING,RTH,1357.2,2420.0,1236.5,118.5,14.10,42.99,1,1.000,2,1.000,1,,0
462.88,462.88,UAV-1,STANDBY,RETURNING,RTH,1051.8,2420.0,1228.1,110.4,13.90,41.48,1,1.000,1,1.000,1,,0
462.88,462.88,UAV-2,SCOUT,KILLED,LANDED,3032.1,2797.7,1121.4,0.3,0.00,79.77,0,1.000,2,0.000,1,,0
462.88,462.88,UAV-3,STANDBY,RETURNING,RTH,1349.2,2420.0,1221.4,103.8,13.17,46.31,1,1.000,1,1.000,1,,0
462.88,462.88,UAV-4,STANDBY,KILLED,LANDED,2105.5,2419.8,1125.2,0.3,0.00,55.62,0,0.800,1,0.000,1,,0
462.88,462.88,UAV-5,STANDBY,RETURNING,RTH,1343.0,2420.0,1237.0,119.8,13.67,42.85,1,1.000,1,1.000,1,,0
463.90,463.90,UAV-1,STANDBY,RETURNING,RTH,1037.6,2420.0,1228.2,110.0,13.96,41.34,1,1.000,1,1.000,1,,0
463.90,463.90,UAV-2,SCOUT,KILLED,LANDED,3032.1,2797.7,1121.4,0.3,0.00,79.77,0,1.000,2,0.000,1,,0
463.90,463.90,UAV-3,STANDBY,RETURNING,RTH,1335.5,2420.0,1220.6,103.8,13.65,46.17,1,1.000,1,1.000,1,,0
463.90,463.90,UAV-4,STANDBY,KILLED,LANDED,2105.5,2419.8,1125.2,0.3,0.00,55.62,0,0.800,1,0.000,1,,0
463.90,463.90,UAV-5,STANDBY,RETURNING,RTH,1329.2,2420.0,1236.8,120.5,13.52,42.70,1,1.000,1,1.000,1,,0
464.92,464.92,UAV-1,STANDBY,RETURNING,RTH,1023.3,2420.0,1228.3,109.4,14.09,41.19,1,1.000,1,1.000,1,,0
464.92,464.92,UAV-2,SCOUT,KILLED,LANDED,3032.1,2797.7,1121.4,0.3,0.00,79.77,0,1.000,2,0.000,1,,0
464.92,464.92,UAV-3,STANDBY,RETURNING,RTH,1321.5,2420.0,1220.0,104.1,13.89,46.02,1,1.000,1,1.000,1,,0
464.92,464.92,UAV-4,STANDBY,KILLED,LANDED,2105.5,2419.8,1125.2,0.3,0.00,55.62,0,0.800,1,0.000,1,,0
464.92,464.92,UAV-5,STANDBY,RETURNING,RTH,1315.3,2420.0,1236.3,120.9,13.71,42.55,1,1.000,1,1.000,1,,0
465.94,465.94,UAV-1,STANDBY,RETURNING,RTH,1008.9,2420.0,1228.5,108.6,14.09,41.04,1,1.000,1,1.000,1,,0
465.94,465.94,UAV-2,SCOUT,KILLED,LANDED,3032.1,2797.7,1121.4,0.3,0.00,79.77,0,1.000,2,0.000,1,,0
465.94,465.94,UAV-3,STANDBY,RETURNING,RTH,1307.3,2420.0,1219.5,104.5,13.92,45.87,1,1.000,1,1.000,1,,0
465.94,465.94,UAV-4,STANDBY,KILLED,LANDED,2105.5,2419.8,1125.2,0.3,0.00,55.62,0,0.800,1,0.000,1,,0
465.94,465.94,UAV-5,STANDBY,RETURNING,RTH,1301.3,2420.0,1235.8,121.0,13.77,42.41,1,1.000,1,1.000,1,,0
466.96,466.96,UAV-1,STANDBY,RETURNING,RTH,994.5,2420.0,1228.6,107.0,14.11,40.90,1,1.000,1,1.000,1,,0
466.96,466.96,UAV-2,SCOUT,KILLED,LANDED,3032.1,2797.7,1121.4,0.3,0.00,79.77,0,1.000,2,0.000,1,,0
466.96,466.96,UAV-3,STANDBY,RETURNING,RTH,1293.1,2420.0,1219.1,104.3,13.97,45.73,1,1.000,1,1.000,1,,0
466.96,466.96,UAV-4,STANDBY,KILLED,LANDED,2105.5,2419.8,1125.2,0.3,0.00,55.62,0,0.800,1,0.000,1,,0
466.96,466.96,UAV-5,STANDBY,RETURNING,RTH,1287.2,2420.0,1235.3,120.4,13.82,42.26,1,1.000,1,1.000,1,,0
467.98,467.98,UAV-1,STANDBY,RETURNING,RTH,980.1,2420.0,1228.7,105.8,14.11,40.75,1,1.000,1,1.000,1,,0
467.98,467.98,UAV-2,SCOUT,KILLED,LANDED,3032.1,2797.7,1121.4,0.3,0.00,79.77,0,1.000,2,0.000,1,,0
467.98,467.98,UAV-3,STANDBY,RETURNING,RTH,1278.8,2420.0,1218.7,103.6,13.98,45.58,1,1.000,1,1.000,1,,0
467.98,467.98,UAV-4,STANDBY,KILLED,LANDED,2105.5,2419.8,1125.2,0.3,0.00,55.62,0,0.800,1,0.000,1,,0
467.98,467.98,UAV-5,STANDBY,RETURNING,RTH,1273.1,2420.0,1234.8,119.6,13.83,42.11,1,1.000,1,1.000,1,,0
469.00,469.00,UAV-1,STANDBY,RETURNING,RTH,965.8,2420.0,1228.7,106.3,14.02,40.60,1,1.000,1,1.000,1,,0
469.00,469.00,UAV-2,SCOUT,KILLED,LANDED,3032.1,2797.7,1121.4,0.3,0.00,79.77,0,1.000,2,0.000,1,,0
469.00,469.00,UAV-3,STANDBY,RETURNING,RTH,1264.6,2420.0,1218.3,102.6,13.90,45.43,1,1.000,1,1.000,1,,0
469.00,469.00,UAV-4,STANDBY,KILLED,LANDED,2105.5,2419.8,1125.2,0.3,0.00,55.62,0,0.800,1,0.000,1,,0
469.00,469.00,UAV-5,STANDBY,RETURNING,RTH,1259.1,2420.0,1234.3,118.3,13.74,41.97,1,1.000,1,1.000,1,,0
470.02,470.02,UAV-1,STANDBY,RETURNING,RTH,951.5,2420.0,1228.8,107.9,13.93,40.45,1,1.000,1,1.000,1,,0
470.02,470.02,UAV-2,SCOUT,KILLED,LANDED,3032.1,2797.7,1121.4,0.3,0.00,79.77,0,1.000,2,0.000,1,,0
470.02,470.02,UAV-3,STANDBY,RETURNING,RTH,1250.5,2420.0,1217.9,101.0,13.84,45.29,1,1.000,1,1.000,1,,0
470.02,470.02,UAV-4,STANDBY,KILLED,LANDED,2105.5,2419.8,1125.2,0.3,0.00,55.62,0,0.800,1,0.000,1,,0
470.02,470.02,UAV-5,STANDBY,RETURNING,RTH,1245.1,2420.0,1233.8,116.3,13.67,41.82,1,1.000,1,1.000,1,,0
471.04,471.04,UAV-1,STANDBY,RETURNING,RTH,938.1,2420.0,1227.6,108.0,13.14,40.31,1,1.000,1,1.000,1,,0
471.04,471.04,UAV-2,SCOUT,KILLED,LANDED,3032.1,2797.7,1121.4,0.3,0.00,79.77,0,1.000,2,0.000,1,,0
471.04,471.04,UAV-3,STANDBY,RETURNING,RTH,1236.3,2420.0,1217.5,99.4,13.88,45.14,1,1.000,1,1.000,1,,0
471.04,471.04,UAV-4,STANDBY,KILLED,LANDED,2105.5,2419.8,1125.2,0.3,0.00,55.62,0,0.800,1,0.000,1,,0
471.04,471.04,UAV-5,STANDBY,RETURNING,RTH,1231.1,2420.0,1233.2,115.0,13.69,41.68,1,1.000,1,1.000,1,,0
472.06,472.06,UAV-1,STANDBY,RETURNING,RTH,924.7,2420.0,1226.0,107.0,13.32,40.17,1,1.000,1,1.000,1,,0
472.06,472.06,UAV-2,SCOUT,KILLED,LANDED,3032.1,2797.7,1121.4,0.3,0.00,79.77,0,1.000,2,0.000,1,,0
472.06,472.06,UAV-3,STANDBY,RETURNING,RTH,1222.2,2420.0,1217.2,99.2,13.86,44.99,1,1.000,1,1.000,1,,0
472.06,472.06,UAV-4,STANDBY,KILLED,LANDED,2105.5,2419.8,1125.2,0.3,0.00,55.62,0,0.800,1,0.000,1,,0
472.06,472.06,UAV-5,STANDBY,RETURNING,RTH,1217.2,2420.0,1232.6,114.9,13.65,41.53,1,1.000,1,1.000,1,,0
473.08,473.08,UAV-1,STANDBY,RETURNING,RTH,911.2,2420.0,1224.5,106.3,13.39,40.02,1,1.000,1,1.000,1,,0
473.08,473.08,UAV-2,SCOUT,KILLED,LANDED,3032.1,2797.7,1121.4,0.3,0.00,79.77,0,1.000,2,0.000,1,,0
473.08,473.08,UAV-3,STANDBY,RETURNING,RTH,1208.0,2420.0,1216.9,99.8,13.91,44.85,1,1.000,1,1.000,1,,0
473.08,473.08,UAV-4,STANDBY,KILLED,LANDED,2105.5,2419.8,1125.2,0.3,0.00,55.62,0,0.800,1,0.000,1,,0
473.08,473.08,UAV-5,STANDBY,RETURNING,RTH,1203.3,2420.0,1232.0,115.4,13.70,41.38,1,1.000,1,1.000,1,,0
474.10,474.10,UAV-1,STANDBY,RETURNING,RTH,897.6,2420.0,1223.0,104.9,13.42,39.88,1,1.000,1,1.000,1,,0
474.10,474.10,UAV-2,SCOUT,KILLED,LANDED,3032.1,2797.7,1121.4,0.3,0.00,79.77,0,1.000,2,0.000,1,,0
474.10,474.10,UAV-3,STANDBY,RETURNING,RTH,1193.8,2420.0,1216.8,100.8,14.22,44.70,1,1.000,1,1.000,1,,0
474.10,474.10,UAV-4,STANDBY,KILLED,LANDED,2105.5,2419.8,1125.2,0.3,0.00,55.62,0,0.800,1,0.000,1,,0
474.10,474.10,UAV-5,STANDBY,RETURNING,RTH,1189.2,2420.0,1231.7,115.9,14.25,41.23,1,1.000,1,1.000,1,,0
475.12,475.12,UAV-1,STANDBY,RETURNING,RTH,884.0,2420.1,1221.7,104.0,13.39,39.73,1,1.000,1,1.000,1,,0
475.12,475.12,UAV-2,SCOUT,KILLED,LANDED,3032.1,2797.7,1121.4,0.3,0.00,79.77,0,1.000,2,0.000,1,,0
475.12,475.12,UAV-3,STANDBY,RETURNING,RTH,1179.1,2420.0,1217.7,102.0,14.60,44.55,1,1.000,1,1.000,1,,0
475.12,475.12,UAV-4,STANDBY,KILLED,LANDED,2105.5,2419.8,1125.2,0.3,0.00,55.62,0,0.800,1,0.000,1,,0
475.12,475.12,UAV-5,STANDBY,RETURNING,RTH,1174.4,2420.1,1233.1,117.3,14.53,41.08,1,1.000,1,1.000,1,,0
476.14,476.14,UAV-1,STANDBY,RETURNING,RTH,870.3,2420.1,1220.4,103.7,13.45,39.59,1,1.000,1,1.000,1,,0
476.14,476.14,UAV-2,SCOUT,KILLED,LANDED,3032.1,2797.7,1121.4,0.3,0.00,79.77,0,1.000,2,0.000,1,,0
476.14,476.14,UAV-3,STANDBY,RETURNING,RTH,1164.2,2420.0,1219.1,103.0,14.55,44.40,1,1.000,1,1.000,1,,0
476.14,476.14,UAV-4,STANDBY,KILLED,LANDED,2105.5,2419.8,1125.2,0.3,0.00,55.62,0,0.800,1,0.000,1,,0
476.14,476.14,UAV-5,STANDBY,RETURNING,RTH,1159.8,2420.1,1234.5,118.4,14.35,40.93,1,1.000,1,1.000,1,,0
477.16,477.16,UAV-1,STANDBY,RETURNING,RTH,856.6,2420.0,1219.2,103.3,13.51,39.44,1,1.000,1,1.000,1,,0
477.16,477.16,UAV-2,SCOUT,KILLED,LANDED,3032.1,2797.7,1121.4,0.3,0.00,79.77,0,1.000,2,0.000,1,,0
477.16,477.16,UAV-3,STANDBY,RETURNING,RTH,1149.6,2420.0,1220.4,104.2,14.36,44.25,1,1.000,1,1.000,1,,0
477.16,477.16,UAV-4,STANDBY,KILLED,LANDED,2105.5,2419.8,1125.2,0.3,0.00,55.62,0,0.800,1,0.000,1,,0
477.16,477.16,UAV-5,STANDBY,RETURNING,RTH,1145.3,2420.0,1235.8,119.6,14.21,40.78,1,1.000,1,1.000,1,,0
478.18,478.18,UAV-1,STANDBY,RETURNING,RTH,842.9,2420.0,1218.2,103.1,13.56,39.29,1,1.000,1,1.000,1,,0
478.18,478.18,UAV-2,SCOUT,KILLED,LANDED,3032.1,2797.7,1121.4,0.3,0.00,79.77,0,1.000,2,0.000,1,,0
478.18,478.18,UAV-3,STANDBY,RETURNING,RTH,1135.1,2420.0,1221.5,105.3,13.39,44.10,1,1.000,1,1.000,1,,0
478.18,478.18,UAV-4,STANDBY,KILLED,LANDED,2105.5,2419.8,1125.2,0.3,0.00,55.62,0,0.800,1,0.000,1,,0
478.18,478.18,UAV-5,STANDBY,RETURNING,RTH,1130.9,2420.0,1237.0,120.8,14.03,40.64,1,1.000,1,1.000,1,,0
479.20,479.20,UAV-1,STANDBY,RETURNING,RTH,829.0,2420.0,1217.2,103.0,13.60,39.15,1,1.000,1,1.000,1,,0
479.20,479.20,UAV-2,SCOUT,KILLED,LANDED,3032.1,2797.7,1121.4,0.3,0.00,79.77,0,1.000,2,0.000,1,,0
479.20,479.20,UAV-3,STANDBY,RETURNING,RTH,1121.6,2420.0,1220.9,104.8,13.47,43.96,1,1.000,1,1.000,1,,0
479.20,479.20,UAV-4,STANDBY,KILLED,LANDED,2105.5,2419.8,1125.2,0.3,0.00,55.62,0,0.800,1,0.000,1,,0
479.20,479.20,UAV-5,STANDBY,RETURNING,RTH,1116.8,2420.0,1237.5,121.4,13.58,40.49,1,1.000,1,1.000,1,,0
480.22,480.22,UAV-1,STANDBY,RETURNING,RTH,815.2,2420.0,1216.3,102.5,13.68,39.00,1,1.000,1,1.000,1,,0
480.22,480.22,UAV-2,SCOUT,KILLED,LANDED,3032.1,2797.7,1121.4,0.3,0.00,79.77,0,1.000,2,0.000,1,,0
480.22,480.22,UAV-3,STANDBY,RETURNING,RTH,1107.7,2420.0,1220.7,104.4,13.81,43.81,1,1.000,1,1.000,1,,0
480.22,480.22,UAV-4,STANDBY,KILLED,LANDED,2105.5,2419.8,1125.2,0.3,0.00,55.62,0,0.800,1,0.000,1,,0
480.22,480.22,UAV-5,STANDBY,RETURNING,RTH,1103.0,2420.0,1237.5,121.1,13.58,40.35,1,1.000,1,1.000,1,,0
481.24,481.24,UAV-1,STANDBY,RETURNING,RTH,801.2,2420.0,1215.5,101.0,13.74,38.86,1,1.000,1,1.000,1,,0
481.24,481.24,UAV-2,SCOUT,KILLED,LANDED,3032.1,2797.7,1121.4,0.3,0.00,79.77,0,1.000,2,0.000,1,,0
481.24,481.24,UAV-3,STANDBY,RETURNING,RTH,1093.5,2420.0,1220.5,104.1,13.87,43.66,1,1.000,1,1.000,1,,0
481.24,481.24,UAV-4,STANDBY,KILLED,LANDED,2105.5,2419.8,1125.2,0.3,0.00,55.62,0,0.800,1,0.000,1,,0
481.24,481.24,UAV-5,STANDBY,RETURNING,RTH,1089.1,2420.0,1237.3,121.1,13.69,40.20,1,1.000,1,1.000,1,,0
482.26,482.26,UAV-1,STANDBY,RETURNING,RTH,787.2,2420.0,1214.8,99.9,13.82,38.71,1,1.000,1,1.000,1,,0
482.26,482.26,UAV-2,SCOUT,KILLED,LANDED,3032.1,2797.7,1121.4,0.3,0.00,79.77,0,1.000,2,0.000,1,,0
482.26,482.26,UAV-3,STANDBY,RETURNING,RTH,1079.4,2420.0,1220.3,104.8,13.92,43.52,1,1.000,1,1.000,1,,0
482.26,482.26,UAV-4,STANDBY,KILLED,LANDED,2105.5,2419.8,1125.2,0.3,0.00,55.62,0,0.800,1,0.000,1,,0
482.26,482.26,UAV-5,STANDBY,RETURNING,RTH,1075.1,2420.0,1237.1,121.6,13.77,40.05,1,1.000,1,1.000,1,,0
483.28,483.28,UAV-1,STANDBY,RETURNING,RTH,773.1,2420.0,1214.1,99.3,13.81,38.56,1,1.000,1,1.000,1,,0
483.28,483.28,UAV-2,SCOUT,KILLED,LANDED,3032.1,2797.7,1121.4,0.3,0.00,79.77,0,1.000,2,0.000,1,,0
483.28,483.28,UAV-3,STANDBY,RETURNING,RTH,1065.2,2420.0,1220.2,103.8,13.88,43.37,1,1.000,1,1.000,1,,0
483.28,483.28,UAV-4,STANDBY,KILLED,LANDED,2105.5,2419.8,1125.2,0.3,0.00,55.62,0,0.800,1,0.000,1,,0
483.28,483.28,UAV-5,STANDBY,RETURNING,RTH,1061.1,2420.0,1236.9,120.0,13.73,39.91,1,1.000,1,1.000,1,,0
484.30,484.30,UAV-1,STANDBY,RETURNING,RTH,759.0,2420.0,1213.6,99.1,13.84,38.42,1,1.000,1,1.000,1,,0
484.30,484.30,UAV-2,SCOUT,KILLED,LANDED,3032.1,2797.7,1121.4,0.3,0.00,79.77,0,1.000,2,0.000,1,,0
484.30,484.30,UAV-3,STANDBY,RETURNING,RTH,1051.0,2420.0,1220.0,102.4,13.88,43.22,1,1.000,1,1.000,1,,0
484.30,484.30,UAV-4,STANDBY,KILLED,LANDED,2105.5,2419.8,1125.2,0.3,0.00,55.62,0,0.800,1,0.000,1,,0
484.30,484.30,UAV-5,STANDBY,RETURNING,RTH,1047.1,2420.0,1236.7,118.9,13.73,39.76,1,1.000,1,1.000,1,,0
485.32,485.32,UAV-1,STANDBY,RETURNING,RTH,744.9,2420.0,1213.2,100.6,13.81,38.27,1,1.000,1,1.000,1,,0
485.32,485.32,UAV-2,SCOUT,KILLED,LANDED,3032.1,2797.7,1121.4,0.3,0.00,79.77,0,1.000,2,0.000,1,,0
485.32,485.32,UAV-3,STANDBY,RETURNING,RTH,1036.9,2420.0,1219.9,101.7,13.82,43.08,1,1.000,1,1.000,1,,0
485.32,485.32,UAV-4,STANDBY,KILLED,LANDED,2105.5,2419.8,1125.2,0.3,0.00,55.62,0,0.800,1,0.000,1,,0
485.32,485.32,UAV-5,STANDBY,RETURNING,RTH,1033.1,2420.0,1236.4,118.0,13.65,39.61,1,1.000,1,1.000,1,,0
486.34,486.34,UAV-1,STANDBY,RETURNING,RTH,730.8,2420.0,1212.9,103.4,13.69,38.12,1,1.000,1,1.000,1,,0
486.34,486.34,UAV-2,SCOUT,KILLED,LANDED,3032.1,2797.7,1121.4,0.3,0.00,79.77,0,1.000,2,0.000,1,,0
486.34,486.34,UAV-3,STANDBY,RETURNING,RTH,1022.8,2420.0,1219.8,100.7,13.77,42.93,1,1.000,1,1.000,1,,0
486.34,486.34,UAV-4,STANDBY,KILLED,LANDED,2105.5,2419.8,1125.2,0.3,0.00,55.62,0,0.800,1,0.000,1,,0
486.34,486.34,UAV-5,STANDBY,RETURNING,RTH,1019.2,2420.0,1236.1,116.9,13.60,39.47,1,1.000,1,1.000,1,,0
487.36,487.36,UAV-1,STANDBY,RETURNING,RTH,717.2,2420.0,1212.0,106.6,13.40,37.98,1,1.000,1,1.000,1,,0
487.36,487.36,UAV-2,SCOUT,KILLED,LANDED,3032.1,2797.7,1121.4,0.3,0.00,79.77,0,1.000,2,0.000,1,,0
487.36,487.36,UAV-3,STANDBY,RETURNING,RTH,1008.8,2420.0,1219.6,99.7,13.81,42.78,1,1.000,1,1.000,1,,0
487.36,487.36,UAV-4,STANDBY,KILLED,LANDED,2105.5,2419.8,1125.2,0.3,0.00,55.62,0,0.800,1,0.000,1,,0
487.36,487.36,UAV-5,STANDBY,RETURNING,RTH,1005.3,2420.0,1235.8,115.5,13.61,39.32,1,1.000,1,1.000,1,,0
488.38,488.38,UAV-1,STANDBY,RETURNING,RTH,703.5,2420.0,1210.9,108.2,13.46,37.83,1,1.000,1,1.000,1,,0
488.38,488.38,UAV-2,SCOUT,KILLED,LANDED,3032.1,2797.7,1121.4,0.3,0.00,79.77,0,1.000,2,0.000,1,,0
488.38,488.38,UAV-3,STANDBY,RETURNING,RTH,994.7,2420.0,1219.4,97.9,13.82,42.64,1,1.000,1,1.000,1,,0
488.38,488.38,UAV-4,STANDBY,KILLED,LANDED,2105.5,2419.8,1125.2,0.3,0.00,55.62,0,0.800,1,0.000,1,,0
488.38,488.38,UAV-5,STANDBY,RETURNING,RTH,991.5,2420.0,1235.3,113.4,13.62,39.17,1,1.000,1,1.000,1,,0
489.40,489.40,UAV-1,STANDBY,RETURNING,RTH,689.8,2420.0,1209.9,108.4,13.50,37.69,1,1.000,1,1.000,1,,0
489.40,489.40,UAV-2,SCOUT,KILLED,LANDED,3032.1,2797.7,1121.4,0.3,0.00,79.77,0,1.000,2,0.000,1,,0
489.40,489.40,UAV-3,STANDBY,RETURNING,RTH,980.5,2420.0,1219.4,96.5,13.92,42.49,1,1.000,1,1.000,1,,0
489.40,489.40,UAV-4,STANDBY,KILLED,LANDED,2105.5,2419.8,1125.2,0.3,0.00,55.62,0,0.800,1,0.000,1,,0
489.40,489.40,UAV-5,STANDBY,RETURNING,RTH,977.5,2420.0,1235.0,112.1,13.71,39.03,1,1.000,1,1.000,1,,0
490.42,490.42,UAV-1,STANDBY,RETURNING,RTH,676.0,2420.0,1209.0,108.4,13.52,37.54,1,1.000,1,1.000,1,,0
490.42,490.42,UAV-2,SCOUT,KILLED,LANDED,3032.1,2797.7,1121.4,0.3,0.00,79.77,0,1.000,2,0.000,1,,0
490.42,490.42,UAV-3,STANDBY,RETURNING,RTH,966.2,2420.0,1219.6,97.1,14.19,42.34,1,1.000,1,1.000,1,,0
490.42,490.42,UAV-4,STANDBY,KILLED,LANDED,2105.5,2419.8,1125.2,0.3,0.00,55.62,0,0.800,1,0.000,1,,0
490.42,490.42,UAV-5,STANDBY,RETURNING,RTH,963.4,2420.0,1235.0,112.8,14.02,38.88,1,1.000,1,1.000,1,,0
491.44,491.44,UAV-1,STANDBY,RETURNING,RTH,662.3,2420.0,1208.1,107.3,13.50,37.39,1,1.000,1,1.000,1,,0
491.44,491.44,UAV-2,SCOUT,KILLED,LANDED,3032.1,2797.7,1121.4,0.3,0.00,79.77,0,1.000,2,0.000,1,,0
491.44,491.44,UAV-3,STANDBY,RETURNING,RTH,951.7,2420.0,1220.2,99.3,14.18,42.19,1,1.000,1,1.000,1,,0
491.44,491.44,UAV-4,STANDBY,KILLED,LANDED,2105.5,2419.8,1125.2,0.3,0.00,55.62,0,0.800,1,0.000,1,,0
491.44,491.44,UAV-5,STANDBY,RETURNING,RTH,949.1,2420.0,1235.4,114.8,13.98,38.73,1,1.000,1,1.000,1,,0
492.46,492.46,UAV-1,STANDBY,RETURNING,RTH,648.5,2420.0,1207.3,105.6,13.56,37.25,1,1.000,1,1.000,1,,0
492.46,492.46,UAV-2,SCOUT,KILLED,LANDED,3032.1,2797.7,1121.4,0.3,0.00,79.77,0,1.000,2,0.000,1,,0
492.46,492.46,UAV-3,STANDBY,RETURNING,RTH,937.3,2420.0,1220.9,101.3,14.19,42.04,1,1.000,1,1.000,1,,0
492.46,492.46,UAV-4,STANDBY,KILLED,LANDED,2105.5,2419.8,1125.2,0.3,0.00,55.62,0,0.800,1,0.000,1,,0
492.46,492.46,UAV-5,STANDBY,RETURNING,RTH,934.9,2420.0,1235.9,116.5,13.98,38.58,1,1.000,1,1.000,1,,0
493.48,493.48,UAV-1,STANDBY,RETURNING,RTH,634.6,2420.0,1206.6,105.2,13.64,37.10,1,1.000,1,1.000,1,,0
493.48,493.48,UAV-2,SCOUT,KILLED,LANDED,3032.1,2797.7,1121.4,0.3,0.00,79.77,0,1.000,2,0.000,1,,0
493.48,493.48,UAV-3,STANDBY,RETURNING,RTH,922.8,2420.0,1221.6,102.8,14.14,41.89,1,1.000,1,1.000,1,,0
493.48,493.48,UAV-4,STANDBY,KILLED,LANDED,2105.5,2419.8,1125.2,0.3,0.00,55.62,0,0.800,1,0.000,1,,0
493.48,493.48,UAV-5,STANDBY,RETURNING,RTH,920.6,2420.0,1236.4,117.7,13.95,38.43,1,1.000,1,1.000,1,,0
494.50,494.50,UAV-1,STANDBY,RETURNING,RTH,620.7,2419.9,1205.9,106.3,13.70,36.96,1,1.000,1,1.000,1,,0
494.50,494.50,UAV-2,SCOUT,KILLED,LANDED,3032.1,2797.7,1121.4,0.3,0.00,79.77,0,1.000,2,0.000,1,,0
494.50,494.50,UAV-3,STANDBY,RETURNING,RTH,909.3,2420.0,1220.9,102.8,12.41,41.76,1,1.000,1,1.000,1,,0
494.50,494.50,UAV-4,STANDBY,KILLED,LANDED,2105.5,2419.8,1125.2,0.3,0.00,55.62,0,0.800,1,0.000,1,,0
494.50,494.50,UAV-5,STANDBY,RETURNING,RTH,906.6,2419.9,1236.5,118.4,13.38,38.29,1,1.000,1,1.000,1,,0
495.52,495.52,UAV-1,STANDBY,RETURNING,RTH,606.7,2419.9,1205.3,106.5,13.75,36.81,1,1.000,1,1.000,1,,0
495.52,495.52,UAV-2,SCOUT,KILLED,LANDED,3032.1,2797.7,1121.4,0.3,0.00,79.77,0,1.000,2,0.000,1,,0
495.52,495.52,UAV-3,STANDBY,RETURNING,RTH,896.6,2419.9,1218.4,100.3,13.08,41.61,1,1.000,1,1.000,1,,0
495.52,495.52,UAV-4,STANDBY,KILLED,LANDED,2105.5,2419.8,1125.2,0.3,0.00,55.62,0,0.800,1,0.000,1,,0
495.52,495.52,UAV-5,STANDBY,RETURNING,RTH,893.3,2419.9,1235.3,117.3,13.04,38.15,1,1.000,1,1.000,1,,0
496.54,496.54,UAV-1,STANDBY,RETURNING,RTH,592.7,2419.9,1204.7,105.5,13.82,36.66,1,1.000,1,1.000,1,,0
496.54,496.54,UAV-2,SCOUT,KILLED,LANDED,3032.1,2797.7,1121.4,0.3,0.00,79.77,0,1.000,2,0.000,1,,0
496.54,496.54,UAV-3,STANDBY,RETURNING,RTH,883.1,2419.9,1216.6,99.0,13.44,41.46,1,1.000,1,1.000,1,,0
496.54,496.54,UAV-4,STANDBY,KILLED,LANDED,2105.5,2419.8,1125.2,0.3,0.00,55.62,0,0.800,1,0.000,1,,0
496.54,496.54,UAV-5,STANDBY,RETURNING,RTH,880.0,2419.9,1233.6,116.2,13.19,38.00,1,1.000,1,1.000,1,,0
497.56,497.56,UAV-1,STANDBY,RETURNING,RTH,578.6,2420.0,1204.2,104.2,13.83,36.52,1,1.000,1,1.000,1,,0
497.56,497.56,UAV-2,SCOUT,KILLED,LANDED,3032.1,2797.7,1121.4,0.3,0.00,79.77,0,1.000,2,0.000,1,,0
497.56,497.56,UAV-3,STANDBY,RETURNING,RTH,869.5,2420.0,1214.9,98.2,13.52,41.32,1,1.000,1,1.000,1,,0
497.56,497.56,UAV-4,STANDBY,KILLED,LANDED,2105.5,2419.8,1125.2,0.3,0.00,55.62,0,0.800,1,0.000,1,,0
497.56,497.56,UAV-5,STANDBY,RETURNING,RTH,866.6,2420.0,1231.9,115.4,13.34,37.86,1,1.000,1,1.000,1,,0
498.58,498.58,UAV-1,STANDBY,RETURNING,RTH,564.5,2420.0,1203.7,102.9,13.82,36.37,1,1.000,1,1.000,1,,0
498.58,498.58,UAV-2,SCOUT,KILLED,LANDED,3032.1,2797.7,1121.4,0.3,0.00,79.77,0,1.000,2,0.000,1,,0
498.58,498.58,UAV-3,STANDBY,RETURNING,RTH,855.8,2420.0,1213.3,97.4,13.54,41.17,1,1.000,1,1.000,1,,0
498.58,498.58,UAV-4,STANDBY,KILLED,LANDED,2105.5,2419.8,1125.2,0.3,0.00,55.62,0,0.800,1,0.000,1,,0
498.58,498.58,UAV-5,STANDBY,RETURNING,RTH,853.0,2420.0,1230.3,114.6,13.38,37.71,1,1.000,1,1.000,1,,0
499.60,499.60,UAV-1,STANDBY,RETURNING,RTH,550.4,2420.0,1203.3,103.0,13.84,36.22,1,1.000,1,1.000,1,,0
499.60,499.60,UAV-2,SCOUT,KILLED,LANDED,3032.1,2797.7,1121.4,0.3,0.00,79.77,0,1.000,2,0.000,1,,0
499.60,499.60,UAV-3,STANDBY,RETURNING,RTH,842.0,2420.0,1211.9,96.8,13.58,41.03,1,1.000,1,1.000,1,,0
499.60,499.60,UAV-4,STANDBY,KILLED,LANDED,2105.5,2419.8,1125.2,0.3,0.00,55.62,0,0.800,1,0.000,1,,0
499.60,499.60,UAV-5,STANDBY,RETURNING,RTH,839.4,2420.0,1228.9,114.0,13.43,37.57,1,1.000,1,1.000,1,,0
500.62,500.62,UAV-1,STANDBY,RETURNING,RTH,536.3,2420.0,1203.0,103.6,13.85,36.08,1,1.000,1,1.000,1,,0
500.62,500.62,UAV-2,SCOUT,KILLED,LANDED,3032.1,2797.7,1121.4,0.3,0.00,79.77,0,1.000,2,0.000,1,,0
500.62,500.62,UAV-3,STANDBY,RETURNING,RTH,828.2,2420.0,1210.6,96.5,13.61,40.88,1,1.000,1,1.000,1,,0
500.62,500.62,UAV-4,STANDBY,KILLED,LANDED,2105.5,2419.8,1125.2,0.3,0.00,55.62,0,0.800,1,0.000,1,,0
500.62,500.62,UAV-5,STANDBY,RETURNING,RTH,825.8,2420.0,1227.5,113.5,13.46,37.42,1,1.000,1,1.000,1,,0
501.64,501.64,UAV-1,STANDBY,RETURNING,RTH,522.2,2420.0,1202.8,104.7,13.83,35.93,1,1.000,1,1.000,1,,0
501.64,501.64,UAV-2,SCOUT,KILLED,LANDED,3032.1,2797.7,1121.4,0.3,0.00,79.77,0,1.000,2,0.000,1,,0
501.64,501.64,UAV-3,STANDBY,RETURNING,RTH,814.4,2420.0,1209.4,95.5,13.60,40.74,1,1.000,1,1.000,1,,0
501.64,501.64,UAV-4,STANDBY,KILLED,LANDED,2105.5,2419.8,1125.2,0.3,0.00,55.62,0,0.800,1,0.000,1,,0
501.64,501.64,UAV-5,STANDBY,RETURNING,RTH,812.1,2420.0,1226.2,112.3,13.45,37.27,1,1.000,1,1.000,1,,0
502.66,502.66,UAV-1,STANDBY,RETURNING,RTH,508.0,2420.0,1202.7,106.8,14.24,35.78,1,1.000,1,1.000,1,,0
502.66,502.66,UAV-2,SCOUT,KILLED,LANDED,3032.1,2797.7,1121.4,0.3,0.00,79.77,0,1.000,2,0.000,1,,0
502.66,502.66,UAV-3,STANDBY,RETURNING,RTH,800.5,2420.0,1208.3,93.7,13.62,40.59,1,1.000,1,1.000,1,,0
502.66,502.66,UAV-4,STANDBY,KILLED,LANDED,2105.5,2419.8,1125.2,0.3,0.00,55.62,0,0.800,1,0.000,1,,0
502.66,502.66,UAV-5,STANDBY,RETURNING,RTH,798.5,2420.0,1225.0,110.3,13.46,37.13,1,1.000,1,1.000,1,,0
503.68,503.68,UAV-1,STANDBY,RETURNING,RTH,493.4,2420.0,1203.4,110.0,14.30,35.63,1,1.000,1,1.000,1,,0
503.68,503.68,UAV-2,SCOUT,KILLED,LANDED,3032.1,2797.7,1121.4,0.3,0.00,79.77,0,1.000,2,0.000,1,,0
503.68,503.68,UAV-3,STANDBY,RETURNING,RTH,786.7,2420.0,1207.3,92.4,13.67,40.44,1,1.000,1,1.000,1,,0
503.68,503.68,UAV-4,STANDBY,KILLED,LANDED,2105.5,2419.8,1125.2,0.3,0.00,55.62,0,0.800,1,0.000,1,,0
503.68,503.68,UAV-5,STANDBY,RETURNING,RTH,784.7,2420.0,1223.8,109.0,13.50,36.98,1,1.000,1,1.000,1,,0
504.70,504.70,UAV-1,STANDBY,RETURNING,RTH,478.9,2420.0,1204.2,112.0,14.13,35.48,1,1.000,1,1.000,1,,0
504.70,504.70,UAV-2,SCOUT,KILLED,LANDED,3032.1,2797.7,1121.4,0.3,0.00,79.77,0,1.000,2,0.000,1,,0
504.70,504.70,UAV-3,STANDBY,RETURNING,RTH,772.7,2420.0,1206.4,91.6,13.69,40.30,1,1.000,1,1.000,1,,0
504.70,504.70,UAV-4,STANDBY,KILLED,LANDED,2105.5,2419.8,1125.2,0.3,0.00,55.62,0,0.800,1,0.000,1,,0
504.70,504.70,UAV-5,STANDBY,RETURNING,RTH,771.0,2420.0,1222.8,107.9,13.51,36.84,1,1.000,1,1.000,1,,0
505.72,505.72,UAV-1,STANDBY,RETURNING,RTH,464.6,2420.0,1205.0,112.8,14.05,35.33,1,1.000,1,1.000,1,,0
505.72,505.72,UAV-2,SCOUT,KILLED,LANDED,3032.1,2797.7,1121.4,0.3,0.00,79.77,0,1.000,2,0.000,1,,0
505.72,505.72,UAV-3,STANDBY,RETURNING,RTH,758.8,2420.0,1205.7,91.2,13.79,40.15,1,1.000,1,1.000,1,,0
505.72,505.72,UAV-4,STANDBY,KILLED,LANDED,2105.5,2419.8,1125.2,0.3,0.00,55.62,0,0.800,1,0.000,1,,0
505.72,505.72,UAV-5,STANDBY,RETURNING,RTH,757.2,2420.0,1221.9,107.6,13.61,36.69,1,1.000,1,1.000,1,,0
506.74,506.74,UAV-1,STANDBY,RETURNING,RTH,450.3,2420.1,1205.7,113.5,14.02,35.19,1,1.000,1,1.000,1,,0
506.74,506.74,UAV-2,SCOUT,KILLED,LANDED,3032.1,2797.7,1121.4,0.3,0.00,79.77,0,1.000,2,0.000,1,,0
506.74,506.74,UAV-3,STANDBY,RETURNING,RTH,744.5,2420.1,1205.4,92.9,14.07,40.00,1,1.000,1,1.000,1,,0
506.74,506.74,UAV-4,STANDBY,KILLED,LANDED,2105.5,2419.8,1125.2,0.3,0.00,55.62,0,0.800,1,0.000,1,,0
506.74,506.74,UAV-5,STANDBY,RETURNING,RTH,743.2,2420.0,1221.5,109.3,13.94,36.54,1,1.000,1,1.000,1,,0
507.76,507.76,UAV-1,STANDBY,RETURNING,RTH,436.0,2420.1,1206.4,114.1,13.97,35.04,1,1.000,1,1.000,1,,0
507.76,507.76,UAV-2,SCOUT,KILLED,LANDED,3032.1,2797.7,1121.4,0.3,0.00,79.77,0,1.000,2,0.000,1,,0
507.76,507.76,UAV-3,STANDBY,RETURNING,RTH,730.2,2420.1,1205.5,96.2,14.07,39.85,1,1.000,1,1.000,1,,0
507.76,507.76,UAV-4,STANDBY,KILLED,LANDED,2105.5,2419.8,1125.2,0.3,0.00,55.62,0,0.800,1,0.000,1,,0
507.76,507.76,UAV-5,STANDBY,RETURNING,RTH,729.0,2420.1,1221.5,112.6,13.89,36.39,1,1.000,1,1.000,1,,0
508.78,508.78,UAV-1,STANDBY,RETURNING,RTH,421.8,2420.1,1207.0,113.4,13.89,34.89,1,1.000,1,1.000,1,,0
508.78,508.78,UAV-2,SCOUT,KILLED,LANDED,3032.1,2797.7,1121.4,0.3,0.00,79.77,0,1.000,2,0.000,1,,0
508.78,508.78,UAV-3,STANDBY,RETURNING,RTH,715.9,2420.0,1205.8,100.8,13.96,39.71,1,1.000,1,1.000,1,,0
508.78,508.78,UAV-4,STANDBY,KILLED,LANDED,2105.5,2419.8,1125.2,0.3,0.00,55.62,0,0.800,1,0.000,1,,0
508.78,508.78,UAV-5,STANDBY,RETURNING,RTH,714.9,2420.1,1221.6,116.9,13.78,36.25,1,1.000,1,1.000,1,,0
509.80,509.80,UAV-1,STANDBY,RETURNING,RTH,407.7,2420.0,1207.6,111.8,13.89,34.74,1,1.000,1,1.000,1,,0
509.80,509.80,UAV-2,SCOUT,KILLED,LANDED,3032.1,2797.7,1121.4,0.3,0.00,79.77,0,1.000,2,0.000,1,,0
509.80,509.80,UAV-3,STANDBY,RETURNING,RTH,701.7,2420.0,1206.0,103.5,13.92,39.56,1,1.000,1,1.000,1,,0
509.80,509.80,UAV-4,STANDBY,KILLED,LANDED,2105.5,2419.8,1125.2,0.3,0.00,55.62,0,0.800,1,0.000,1,,0
509.80,509.80,UAV-5,STANDBY,RETURNING,RTH,700.8,2420.0,1221.7,119.3,13.74,36.10,1,1.000,1,1.000,1,,0
510.82,510.82,UAV-1,STANDBY,RETURNING,RTH,393.5,2420.0,1208.1,109.6,13.99,34.60,1,1.000,1,1.000,1,,0
510.82,510.82,UAV-2,SCOUT,KILLED,LANDED,3032.1,2797.7,1121.4,0.3,0.00,79.77,0,1.000,2,0.000,1,,0
510.82,510.82,UAV-3,STANDBY,RETURNING,RTH,688.2,2420.0,1205.1,103.7,12.94,39.42,1,1.000,1,1.000,1,,0
510.82,510.82,UAV-4,STANDBY,KILLED,LANDED,2105.5,2419.8,1125.2,0.3,0.00,55.62,0,0.800,1,0.000,1,,0
510.82,510.82,UAV-5,STANDBY,RETURNING,RTH,687.0,2420.0,1221.4,120.1,13.38,35.95,1,1.000,1,1.000,1,,0
511.84,511.84,UAV-1,STANDBY,RETURNING,RTH,379.2,2420.0,1208.6,107.8,14.05,34.45,1,1.000,1,1.000,1,,0
511.84,511.84,UAV-2,SCOUT,KILLED,LANDED,3032.1,2797.7,1121.4,0.3,0.00,79.77,0,1.000,2,0.000,1,,0
511.84,511.84,UAV-3,STANDBY,RETURNING,RTH,674.8,2420.0,1203.6,103.0,13.42,39.27,1,1.000,1,1.000,1,,0
511.84,511.84,UAV-4,STANDBY,KILLED,LANDED,2105.5,2419.8,1125.2,0.3,0.00,55.62,0,0.800,1,0.000,1,,0
511.84,511.84,UAV-5,STANDBY,RETURNING,RTH,673.5,2420.0,1220.4,119.9,13.28,35.81,1,1.000,1,1.000,1,,0
512.86,512.86,UAV-1,STANDBY,RETURNING,RTH,364.9,2420.0,1209.0,107.7,14.03,34.30,1,1.000,1,1.000,1,,0
512.86,512.86,UAV-2,SCOUT,KILLED,LANDED,3032.1,2797.7,1121.4,0.3,0.00,79.77,0,1.000,2,0.000,1,,0
512.86,512.86,UAV-3,STANDBY,RETURNING,RTH,661.1,2420.0,1202.3,101.4,13.55,39.13,1,1.000,1,1.000,1,,0
512.86,512.86,UAV-4,STANDBY,KILLED,LANDED,2105.5,2419.8,1125.2,0.3,0.00,55.62,0,0.800,1,0.000,1,,0
512.86,512.86,UAV-5,STANDBY,RETURNING,RTH,659.9,2420.0,1219.2,118.2,13.37,35.66,1,1.000,1,1.000,1,,0
513.88,513.88,UAV-1,STANDBY,RETURNING,RTH,350.6,2420.0,1209.4,108.3,13.98,34.15,1,1.000,1,1.000,1,,0
513.88,513.88,UAV-2,SCOUT,KILLED,LANDED,3032.1,2797.7,1121.4,0.3,0.00,79.77,0,1.000,2,0.000,1,,0
513.88,513.88,UAV-3,STANDBY,RETURNING,RTH,647.3,2419.9,1201.2,99.4,13.58,38.98,1,1.000,1,1.000,1,,0
513.88,513.88,UAV-4,STANDBY,KILLED,LANDED,2105.5,2419.8,1125.2,0.3,0.00,55.62,0,0.800,1,0.000,1,,0
513.88,513.88,UAV-5,STANDBY,RETURNING,RTH,646.3,2420.0,1218.1,116.2,13.42,35.52,1,1.000,1,1.000,1,,0
514.90,514.90,UAV-1,STANDBY,RETURNING,RTH,336.3,2420.0,1209.8,109.3,13.97,34.01,1,1.000,1,1.000,1,,0
514.90,514.90,UAV-2,SCOUT,KILLED,LANDED,3032.1,2797.7,1121.4,0.3,0.00,79.77,0,1.000,2,0.000,1,,0
514.90,514.90,UAV-3,STANDBY,RETURNING,RTH,633.5,2419.9,1200.1,98.9,13.63,38.83,1,1.000,1,1.000,1,,0
514.90,514.90,UAV-4,STANDBY,KILLED,LANDED,2105.5,2419.8,1125.2,0.3,0.00,55.62,0,0.800,1,0.000,1,,0
514.90,514.90,UAV-5,STANDBY,RETURNING,RTH,632.6,2420.0,1216.9,115.8,13.48,35.37,1,1.000,1,1.000,1,,0
515.92,515.92,UAV-1,STANDBY,RETURNING,RTH,322.1,2420.0,1210.1,110.4,13.99,33.86,1,1.000,1,1.000,1,,0
515.92,515.92,UAV-2,SCOUT,KILLED,LANDED,3032.1,2797.7,1121.4,0.3,0.00,79.77,0,1.000,2,0.000,1,,0
515.92,515.92,UAV-3,STANDBY,RETURNING,RTH,619.6,2419.9,1199.2,99.7,13.71,38.69,1,1.000,1,1.000,1,,0
515.92,515.92,UAV-4,STANDBY,KILLED,LANDED,2105.5,2419.8,1125.2,0.3,0.00,55.62,0,0.800,1,0.000,1,,0
515.92,515.92,UAV-5,STANDBY,RETURNING,RTH,618.9,2420.0,1215.9,116.5,13.56,35.23,1,1.000,1,1.000,1,,0
516.94,516.94,UAV-1,STANDBY,RETURNING,RTH,307.8,2420.0,1210.3,110.9,14.00,33.71,1,1.000,1,1.000,1,,0
516.94,516.94,UAV-2,SCOUT,KILLED,LANDED,3032.1,2797.7,1121.4,0.3,0.00,79.77,0,1.000,2,0.000,1,,0
516.94,516.94,UAV-3,STANDBY,RETURNING,RTH,605.6,2419.9,1198.3,99.5,13.76,38.54,1,1.000,1,1.000,1,,0
516.94,516.94,UAV-4,STANDBY,KILLED,LANDED,2105.5,2419.8,1125.2,0.3,0.00,55.62,0,0.800,1,0.000,1,,0
516.94,516.94,UAV-5,STANDBY,RETURNING,RTH,605.1,2420.0,1214.9,116.1,13.61,35.08,1,1.000,1,1.000,1,,0
517.96,517.96,UAV-1,STANDBY,RETURNING,RTH,293.5,2420.0,1210.5,111.2,14.06,33.56,1,1.000,1,1.000,1,,0
517.96,517.96,UAV-2,SCOUT,KILLED,LANDED,3032.1,2797.7,1121.4,0.3,0.00,79.77,0,1.000,2,0.000,1,,0
517.96,517.96,UAV-3,STANDBY,RETURNING,RTH,591.5,2420.0,1197.4,98.2,13.87,38.40,1,1.000,1,1.000,1,,0
517.96,517.96,UAV-4,STANDBY,KILLED,LANDED,2105.5,2419.8,1125.2,0.3,0.00,55.62,0,0.800,1,0.000,1,,0
517.96,517.96,UAV-5,STANDBY,RETURNING,RTH,591.2,2420.0,1213.9,114.7,13.71,34.93,1,1.000,1,1.000,1,,0
518.98,518.98,UAV-1,STANDBY,RETURNING,RTH,280.9,2419.7,1208.1,108.7,11.75,33.42,1,1.000,1,1.000,1,,0
518.98,518.98,UAV-2,SCOUT,KILLED,LANDED,3032.1,2797.7,1121.4,0.3,0.00,79.77,0,1.000,2,0.000,1,,0
518.98,518.98,UAV-3,STANDBY,RETURNING,RTH,577.4,2420.0,1196.7,96.5,13.92,38.25,1,1.000,1,1.000,1,,0
518.98,518.98,UAV-4,STANDBY,KILLED,LANDED,2105.5,2419.8,1125.2,0.3,0.00,55.62,0,0.800,1,0.000,1,,0
518.98,518.98,UAV-5,STANDBY,RETURNING,RTH,577.2,2420.0,1213.0,112.9,13.74,34.79,1,1.000,1,1.000,1,,0
520.00,520.00,UAV-1,STANDBY,RETURNING,RTH,271.8,2418.8,1199.9,100.0,12.87,33.28,1,1.000,1,1.000,1,,0
520.00,520.00,UAV-2,SCOUT,KILLED,LANDED,3032.1,2797.7,1121.4,0.3,0.00,79.77,0,1.000,2,0.000,1,,0
520.00,520.00,UAV-3,STANDBY,RETURNING,RTH,563.2,2420.0,1196.0,95.1,13.94,38.10,1,1.000,1,1.000,1,,0
520.00,520.00,UAV-4,STANDBY,KILLED,LANDED,2105.5,2419.8,1125.2,0.3,0.00,55.62,0,0.800,1,0.000,1,,0
520.00,520.00,UAV-5,STANDBY,RETURNING,RTH,563.2,2420.0,1212.1,111.2,13.74,34.64,1,1.000,1,1.000,1,,0
521.02,521.02,UAV-1,STANDBY,RETURNING,RTH,264.3,2416.9,1188.9,88.6,13.17,33.14,1,1.000,1,1.000,1,,0
521.02,521.02,UAV-2,SCOUT,KILLED,LANDED,3032.1,2797.7,1121.4,0.3,0.00,79.77,0,1.000,2,0.000,1,,0
521.02,521.02,UAV-3,STANDBY,RETURNING,RTH,548.9,2420.0,1195.3,95.1,13.96,37.96,1,1.000,1,1.000,1,,0
521.02,521.02,UAV-4,STANDBY,KILLED,LANDED,2105.5,2419.8,1125.2,0.3,0.00,55.62,0,0.800,1,0.000,1,,0
521.02,521.02,UAV-5,STANDBY,RETURNING,RTH,549.2,2420.0,1211.2,111.0,13.75,34.50,1,1.000,1,1.000,1,,0
522.04,522.04,UAV-1,STANDBY,RETURNING,RTH,255.5,2414.3,1179.3,78.7,12.95,33.00,1,1.000,1,1.000,1,,0
522.04,522.04,UAV-2,SCOUT,KILLED,LANDED,3032.1,2797.7,1121.4,0.3,0.00,79.77,0,1.000,2,0.000,1,,0
522.04,522.04,UAV-3,STANDBY,RETURNING,RTH,534.7,2420.0,1194.9,95.6,13.99,37.81,1,1.000,1,1.000,1,,0
522.04,522.04,UAV-4,STANDBY,KILLED,LANDED,2105.5,2419.8,1125.2,0.3,0.00,55.62,0,0.800,1,0.000,1,,0
522.04,522.04,UAV-5,STANDBY,RETURNING,RTH,535.2,2420.0,1210.5,111.1,13.78,34.35,1,1.000,1,1.000,1,,0
523.06,523.06,UAV-1,STANDBY,RETURNING,RTH,244.9,2412.1,1171.7,70.8,13.00,32.85,1,1.000,1,1.000,1,,0
523.06,523.06,UAV-2,SCOUT,KILLED,LANDED,3032.1,2797.7,1121.4,0.3,0.00,79.77,0,1.000,2,0.000,1,,0
523.06,523.06,UAV-3,STANDBY,RETURNING,RTH,520.1,2420.0,1195.1,97.3,14.59,37.66,1,1.000,1,1.000,1,,0
523.06,523.06,UAV-4,STANDBY,KILLED,LANDED,2105.5,2419.8,1125.2,0.3,0.00,55.62,0,0.800,1,0.000,1,,0
523.06,523.06,UAV-5,STANDBY,RETURNING,RTH,520.6,2420.0,1211.0,113.1,14.79,34.19,1,1.000,1,1.000,1,,0
524.08,524.08,UAV-1,STANDBY,RETURNING,RTH,232.9,2410.6,1166.1,65.1,13.33,32.70,1,1.000,1,1.000,1,,0
524.08,524.08,UAV-2,SCOUT,KILLED,LANDED,3032.1,2797.7,1121.4,0.3,0.00,79.77,0,1.000,2,0.000,1,,0
524.08,524.08,UAV-3,STANDBY,RETURNING,RTH,505.2,2420.0,1196.2,100.8,14.67,37.51,1,1.000,1,1.000,1,,0
524.08,524.08,UAV-4,STANDBY,KILLED,LANDED,2105.5,2419.8,1125.2,0.3,0.00,55.62,0,0.800,1,0.000,1,,0
524.08,524.08,UAV-5,STANDBY,RETURNING,RTH,505.8,2420.0,1212.4,116.9,14.42,34.05,1,1.000,1,1.000,1,,0
525.10,525.10,UAV-1,STANDBY,RETURNING,RTH,221.8,2409.8,1159.5,58.3,12.84,32.58,1,1.000,1,1.000,1,,0
525.10,525.10,UAV-2,SCOUT,KILLED,LANDED,3032.1,2797.7,1121.4,0.3,0.00,79.77,0,1.000,2,0.000,1,,0
525.10,525.10,UAV-3,STANDBY,RETURNING,RTH,490.5,2420.0,1197.4,104.3,14.35,37.36,1,1.000,1,1.000,1,,0
525.10,525.10,UAV-4,STANDBY,KILLED,LANDED,2105.5,2419.8,1125.2,0.3,0.00,55.62,0,0.800,1,0.000,1,,0
525.10,525.10,UAV-5,STANDBY,RETURNING,RTH,491.2,2419.9,1213.5,120.3,14.18,33.90,1,1.000,1,1.000,1,,0
526.12,526.12,UAV-1,STANDBY,RETURNING,LANDING,210.4,2409.8,1154.5,53.3,12.73,32.41,1,1.000,1,1.000,1,,0
526.12,526.12,UAV-2,SCOUT,KILLED,LANDED,3032.1,2797.7,1121.4,0.3,0.00,79.77,0,1.000,2,0.000,1,,0
526.12,526.12,UAV-3,STANDBY,RETURNING,RTH,476.0,2420.0,1198.3,106.2,13.72,37.21,1,1.000,1,1.000,1,,0
526.12,526.12,UAV-4,STANDBY,KILLED,LANDED,2105.5,2419.8,1125.2,0.3,0.00,55.62,0,0.800,1,0.000,1,,0
526.12,526.12,UAV-5,STANDBY,RETURNING,RTH,476.9,2419.9,1214.5,122.4,14.01,33.75,1,1.000,1,1.000,1,,0
527.14,527.14,UAV-1,STANDBY,RETURNING,LANDING,200.8,2410.0,1150.9,49.7,7.74,32.28,1,1.000,1,1.000,1,,0
527.14,527.14,UAV-2,SCOUT,KILLED,LANDED,3032.1,2797.7,1121.4,0.3,0.00,79.77,0,1.000,2,0.000,1,,0
527.14,527.14,UAV-3,STANDBY,RETURNING,RTH,462.1,2419.9,1198.5,106.3,13.66,37.07,1,1.000,1,1.000,1,,0
527.14,527.14,UAV-4,STANDBY,KILLED,LANDED,2105.5,2419.8,1125.2,0.3,0.00,55.62,0,0.800,1,0.000,1,,0
527.14,527.14,UAV-5,STANDBY,RETURNING,RTH,462.8,2419.9,1215.2,123.0,13.63,33.60,1,1.000,1,1.000,1,,0
528.16,528.16,UAV-1,STANDBY,RETURNING,LANDING,198.8,2410.0,1145.3,44.1,5.82,32.14,1,1.000,1,1.000,1,,0
528.16,528.16,UAV-2,SCOUT,KILLED,LANDED,3032.1,2797.7,1121.4,0.3,0.00,79.77,0,1.000,2,0.000,1,,0
528.16,528.16,UAV-3,STANDBY,RETURNING,RTH,448.1,2420.0,1198.7,106.5,13.84,36.92,1,1.000,1,1.000,1,,0
528.16,528.16,UAV-4,STANDBY,KILLED,LANDED,2105.5,2419.8,1125.2,0.3,0.00,55.62,0,0.800,1,0.000,1,,0
528.16,528.16,UAV-5,STANDBY,RETURNING,RTH,448.9,2419.9,1215.5,123.3,13.66,33.46,1,1.000,1,1.000,1,,0
529.18,529.18,UAV-1,STANDBY,RETURNING,LANDING,202.9,2410.0,1139.6,38.4,6.72,32.01,1,1.000,1,1.000,1,,0
529.18,529.18,UAV-2,SCOUT,KILLED,LANDED,3032.1,2797.7,1121.4,0.3,0.00,79.77,0,1.000,2,0.000,1,,0
529.18,529.18,UAV-3,STANDBY,RETURNING,RTH,434.0,2420.0,1199.0,106.6,13.90,36.77,1,1.000,1,1.000,1,,0
529.18,529.18,UAV-4,STANDBY,KILLED,LANDED,2105.5,2419.8,1125.2,0.3,0.00,55.62,0,0.800,1,0.000,1,,0
529.18,529.18,UAV-5,STANDBY,RETURNING,RTH,435.0,2420.0,1215.7,123.4,13.73,33.31,1,1.000,1,1.000,1,,0
530.20,530.20,UAV-1,STANDBY,RETURNING,LANDING,204.1,2410.0,1133.9,32.7,5.61,31.89,1,1.000,1,1.000,1,,0
530.20,530.20,UAV-2,SCOUT,KILLED,LANDED,3032.1,2797.7,1121.4,0.3,0.00,79.77,0,1.000,2,0.000,1,,0
530.20,530.20,UAV-3,STANDBY,RETURNING,RTH,419.8,2420.0,1199.2,105.4,13.87,36.62,1,1.000,1,1.000,1,,0
530.20,530.20,UAV-4,STANDBY,KILLED,LANDED,2105.5,2419.8,1125.2,0.3,0.00,55.62,0,0.800,1,0.000,1,,0
530.20,530.20,UAV-5,STANDBY,RETURNING,RTH,421.0,2420.0,1215.9,122.2,13.71,33.16,1,1.000,1,1.000,1,,0
531.22,531.22,UAV-1,STANDBY,RETURNING,LANDING,203.9,2410.0,1128.2,27.0,5.54,31.78,1,1.000,1,1.000,1,,0
531.22,531.22,UAV-2,SCOUT,KILLED,LANDED,3032.1,2797.7,1121.4,0.3,0.00,79.77,0,1.000,2,0.000,1,,0
531.22,531.22,UAV-3,STANDBY,RETURNING,RTH,405.6,2420.1,1199.4,103.3,13.97,36.48,1,1.000,1,1.000,1,,0
531.22,531.22,UAV-4,STANDBY,KILLED,LANDED,2105.5,2419.8,1125.2,0.3,0.00,55.62,0,0.800,1,0.000,1,,0
531.22,531.22,UAV-5,STANDBY,RETURNING,RTH,406.9,2420.0,1216.0,120.1,13.81,33.02,1,1.000,1,1.000,1,,0
532.24,532.24,UAV-1,STANDBY,RETURNING,LANDING,204.0,2410.0,1122.6,21.4,5.53,31.67,1,1.000,1,1.000,1,,0
532.24,532.24,UAV-2,SCOUT,KILLED,LANDED,3032.1,2797.7,1121.4,0.3,0.00,79.77,0,1.000,2,0.000,1,,0
532.24,532.24,UAV-3,STANDBY,RETURNING,RTH,391.4,2420.1,1199.6,100.6,13.95,36.33,1,1.000,1,1.000,1,,0
532.24,532.24,UAV-4,STANDBY,KILLED,LANDED,2105.5,2419.8,1125.2,0.3,0.00,55.62,0,0.800,1,0.000,1,,0
532.24,532.24,UAV-5,STANDBY,RETURNING,RTH,392.8,2420.1,1216.1,117.4,13.77,32.87,1,1.000,1,1.000,1,,0
533.26,533.26,UAV-1,STANDBY,RETURNING,LANDING,204.0,2410.0,1116.9,15.8,5.52,31.56,1,1.000,1,1.000,1,,0
533.26,533.26,UAV-2,SCOUT,KILLED,LANDED,3032.1,2797.7,1121.4,0.3,0.00,79.77,0,1.000,2,0.000,1,,0
533.26,533.26,UAV-3,STANDBY,RETURNING,RTH,377.2,2420.1,1199.8,98.8,13.90,36.18,1,1.000,1,1.000,1,,0
533.26,533.26,UAV-4,STANDBY,KILLED,LANDED,2105.5,2419.8,1125.2,0.3,0.00,55.62,0,0.800,1,0.000,1,,0
533.26,533.26,UAV-5,STANDBY,RETURNING,RTH,378.8,2420.1,1216.1,115.2,13.71,32.72,1,1.000,1,1.000,1,,0
534.28,534.28,UAV-1,STANDBY,RETURNING,LANDING,204.1,2410.0,1111.3,10.1,5.51,31.45,1,1.000,1,1.000,1,,0
534.28,534.28,UAV-2,SCOUT,KILLED,LANDED,3032.1,2797.7,1121.4,0.3,0.00,79.77,0,1.000,2,0.000,1,,0
534.28,534.28,UAV-3,STANDBY,RETURNING,RTH,363.0,2420.1,1199.9,98.6,13.81,36.04,1,1.000,1,1.000,1,,0
534.28,534.28,UAV-4,STANDBY,KILLED,LANDED,2105.5,2419.8,1125.2,0.3,0.00,55.62,0,0.800,1,0.000,1,,0
534.28,534.28,UAV-5,STANDBY,RETURNING,RTH,364.9,2420.1,1216.0,114.7,13.61,32.58,1,1.000,1,1.000,1,,0
535.30,535.30,UAV-1,STANDBY,CHARGING,CHARGING,204.2,2410.0,1101.5,0.3,0.00,31.47,1,1.000,1,0.000,1,,0
535.30,535.30,UAV-2,SCOUT,KILLED,LANDED,3032.1,2797.7,1121.4,0.3,0.00,79.77,0,1.000,2,0.000,1,,0
535.30,535.30,UAV-3,STANDBY,RETURNING,RTH,349.0,2420.1,1200.1,99.0,13.76,35.89,1,1.000,1,1.000,1,,0
535.30,535.30,UAV-4,STANDBY,KILLED,LANDED,2105.5,2419.8,1125.2,0.3,0.00,55.62,0,0.800,1,0.000,1,,0
535.30,535.30,UAV-5,STANDBY,RETURNING,RTH,351.1,2420.1,1215.9,114.7,13.53,32.43,1,1.000,1,1.000,1,,0
536.32,536.32,UAV-1,STANDBY,CHARGING,CHARGING,204.2,2410.0,1101.5,0.3,0.00,32.32,1,1.000,1,0.000,1,,0
536.32,536.32,UAV-2,SCOUT,KILLED,LANDED,3032.1,2797.7,1121.4,0.3,0.00,79.77,0,1.000,2,0.000,1,,0
536.32,536.32,UAV-3,STANDBY,RETURNING,RTH,334.9,2420.1,1200.1,99.7,13.76,35.74,1,1.000,1,1.000,1,,0
536.32,536.32,UAV-4,STANDBY,KILLED,LANDED,2105.5,2419.8,1125.2,0.3,0.00,55.62,0,0.800,1,0.000,1,,0
536.32,536.32,UAV-5,STANDBY,RETURNING,RTH,337.3,2420.0,1215.6,115.1,13.50,32.28,1,1.000,1,1.000,1,,0
537.34,537.34,UAV-1,STANDBY,CHARGING,CHARGING,204.2,2410.0,1101.5,0.3,0.00,33.17,1,1.000,1,0.000,1,,0
537.34,537.34,UAV-2,SCOUT,KILLED,LANDED,3032.1,2797.7,1121.4,0.3,0.00,79.77,0,1.000,2,0.000,1,,0
537.34,537.34,UAV-3,STANDBY,RETURNING,RTH,320.9,2420.0,1200.2,100.6,13.82,35.59,1,1.000,1,1.000,1,,0
537.34,537.34,UAV-4,STANDBY,KILLED,LANDED,2105.5,2419.8,1125.2,0.3,0.00,55.62,0,0.800,1,0.000,1,,0
537.34,537.34,UAV-5,STANDBY,RETURNING,RTH,323.5,2420.0,1215.4,115.6,13.57,32.14,1,1.000,1,1.000,1,,0
538.36,538.36,UAV-1,STANDBY,CHARGING,CHARGING,204.2,2410.0,1101.5,0.3,0.00,34.02,1,1.000,1,0.000,1,,0
538.36,538.36,UAV-2,SCOUT,KILLED,LANDED,3032.1,2797.7,1121.4,0.3,0.00,79.77,0,1.000,2,0.000,1,,0
538.36,538.36,UAV-3,STANDBY,RETURNING,RTH,306.7,2420.0,1200.4,101.0,13.69,35.45,1,1.000,1,1.000,1,,0
538.36,538.36,UAV-4,STANDBY,KILLED,LANDED,2105.5,2419.8,1125.2,0.3,0.00,55.62,0,0.800,1,0.000,1,,0
538.36,538.36,UAV-5,STANDBY,RETURNING,RTH,309.6,2420.0,1215.1,115.7,13.11,31.99,1,1.000,1,1.000,1,,0
539.38,539.38,UAV-1,STANDBY,CHARGING,CHARGING,204.2,2410.0,1101.5,0.3,0.00,34.87,1,1.000,1,0.000,1,,0
539.38,539.38,UAV-2,SCOUT,KILLED,LANDED,3032.1,2797.7,1121.4,0.3,0.00,79.77,0,1.000,2,0.000,1,,0
539.38,539.38,UAV-3,STANDBY,RETURNING,RTH,293.1,2420.1,1199.8,100.5,13.54,35.30,1,1.000,1,1.000,1,,0
539.38,539.38,UAV-4,STANDBY,KILLED,LANDED,2105.5,2419.8,1125.2,0.3,0.00,55.62,0,0.800,1,0.000,1,,0
539.38,539.38,UAV-5,STANDBY,RETURNING,RTH,298.6,2419.3,1211.0,111.7,11.42,31.83,1,1.000,1,1.000,1,,0
540.40,540.40,UAV-1,STANDBY,CHARGING,CHARGING,204.2,2410.0,1101.5,0.3,0.00,35.72,1,1.000,1,0.000,1,,0
540.40,540.40,UAV-2,SCOUT,KILLED,LANDED,3032.1,2797.7,1121.4,0.3,0.00,79.77,0,1.000,2,0.000,1,,0
540.40,540.40,UAV-3,STANDBY,RETURNING,RTH,279.1,2420.5,1200.0,100.5,14.14,35.15,1,1.000,1,1.000,1,,0
540.40,540.40,UAV-4,STANDBY,KILLED,LANDED,2105.5,2419.8,1125.2,0.3,0.00,55.62,0,0.800,1,0.000,1,,0
540.40,540.40,UAV-5,STANDBY,RETURNING,RTH,290.9,2417.8,1201.5,102.5,13.05,31.68,1,1.000,1,1.000,1,,0
541.42,541.42,UAV-1,STANDBY,CHARGING,CHARGING,204.2,2410.0,1101.5,0.3,0.00,36.57,1,1.000,1,0.000,1,,0
541.42,541.42,UAV-2,SCOUT,KILLED,LANDED,3032.1,2797.7,1121.4,0.3,0.00,79.77,0,1.000,2,0.000,1,,0
541.42,541.42,UAV-3,STANDBY,RETURNING,RTH,263.5,2420.7,1203.9,103.2,16.16,34.98,1,1.000,1,1.000,1,,0
541.42,541.42,UAV-4,STANDBY,KILLED,LANDED,2105.5,2419.8,1125.2,0.3,0.00,55.62,0,0.800,1,0.000,1,,0
541.42,541.42,UAV-5,STANDBY,RETURNING,RTH,285.4,2415.7,1188.7,89.7,13.78,31.54,1,1.000,1,1.000,1,,0
542.44,542.44,UAV-1,STANDBY,CHARGING,CHARGING,204.2,2410.0,1101.5,0.3,0.00,37.42,1,1.000,1,0.000,1,,0
542.44,542.44,UAV-2,SCOUT,KILLED,LANDED,3032.1,2797.7,1121.4,0.3,0.00,79.77,0,1.000,2,0.000,1,,0
542.44,542.44,UAV-3,STANDBY,RETURNING,RTH,249.7,2420.3,1207.1,105.9,10.89,34.84,1,1.000,1,1.000,1,,0
542.44,542.44,UAV-4,STANDBY,KILLED,LANDED,2105.5,2419.8,1125.2,0.3,0.00,55.62,0,0.800,1,0.000,1,,0
542.44,542.44,UAV-5,STANDBY,RETURNING,RTH,278.4,2412.9,1177.6,78.5,12.77,31.39,1,1.000,1,1.000,1,,0
543.46,543.46,UAV-1,STANDBY,CHARGING,CHARGING,204.2,2410.0,1101.5,0.3,0.00,38.27,1,1.000,1,0.000,1,,0
543.46,543.46,UAV-2,SCOUT,KILLED,LANDED,3032.1,2797.7,1121.4,0.3,0.00,79.77,0,1.000,2,0.000,1,,0
543.46,543.46,UAV-3,STANDBY,RETURNING,RTH,240.7,2418.7,1203.3,102.1,10.15,34.72,1,1.000,1,1.000,1,,0
543.46,543.46,UAV-4,STANDBY,KILLED,LANDED,2105.5,2419.8,1125.2,0.3,0.00,55.62,0,0.800,1,0.000,1,,0
543.46,543.46,UAV-5,STANDBY,RETURNING,RTH,268.7,2410.7,1169.4,70.0,12.63,31.24,1,1.000,1,1.000,1,,0
544.48,544.48,UAV-1,STANDBY,CHARGING,CHARGING,204.2,2410.0,1101.5,0.3,0.00,39.12,1,1.000,1,0.000,1,,0
544.48,544.48,UAV-2,SCOUT,KILLED,LANDED,3032.1,2797.7,1121.4,0.3,0.00,79.77,0,1.000,2,0.000,1,,0
544.48,544.48,UAV-3,STANDBY,RETURNING,RTH,234.4,2416.2,1193.8,92.8,12.89,34.58,1,1.000,1,1.000,1,,0
544.48,544.48,UAV-4,STANDBY,KILLED,LANDED,2105.5,2419.8,1125.2,0.3,0.00,55.62,0,0.800,1,0.000,1,,0
544.48,544.48,UAV-5,STANDBY,RETURNING,RTH,257.7,2409.6,1162.8,62.7,12.65,31.11,1,1.000,1,1.000,1,,0
545.50,545.50,UAV-1,STANDBY,CHARGING,CHARGING,204.2,2410.0,1101.5,0.3,0.00,39.97,1,1.000,1,0.000,1,,0
545.50,545.50,UAV-2,SCOUT,KILLED,LANDED,3032.1,2797.7,1121.4,0.3,0.00,79.77,0,1.000,2,0.000,1,,0
545.50,545.50,UAV-3,STANDBY,RETURNING,RTH,229.9,2413.5,1180.4,79.4,15.10,34.46,1,1.000,1,1.000,1,,0
545.50,545.50,UAV-4,STANDBY,KILLED,LANDED,2105.5,2419.8,1125.2,0.3,0.00,55.62,0,0.800,1,0.000,1,,0
545.50,545.50,UAV-5,STANDBY,RETURNING,LANDING,248.2,2409.4,1154.2,53.6,12.18,30.95,1,1.000,1,1.000,1,,0
546.52,546.52,UAV-1,STANDBY,CHARGING,CHARGING,204.2,2410.0,1101.5,0.3,0.00,40.82,1,1.000,1,0.000,1,,0
546.52,546.52,UAV-2,SCOUT,KILLED,LANDED,3032.1,2797.7,1121.4,0.3,0.00,79.77,0,1.000,2,0.000,1,,0
546.52,546.52,UAV-3,STANDBY,RETURNING,RTH,226.8,2411.0,1164.6,63.6,16.62,34.34,1,1.000,1,1.000,1,,0
546.52,546.52,UAV-4,STANDBY,KILLED,LANDED,2105.5,2419.8,1125.2,0.3,0.00,55.62,0,0.800,1,0.000,1,,0
546.52,546.52,UAV-5,STANDBY,RETURNING,LANDING,236.6,2410.8,1150.0,49.1,11.07,30.82,1,1.000,1,1.000,1,,0
547.54,547.54,UAV-1,STANDBY,CHARGING,CHARGING,204.2,2410.0,1101.5,0.3,0.00,41.67,1,1.000,1,0.000,1,,0
547.54,547.54,UAV-2,SCOUT,KILLED,LANDED,3032.1,2797.7,1121.4,0.3,0.00,79.77,0,1.000,2,0.000,1,,0
547.54,547.54,UAV-3,STANDBY,RETURNING,LANDING,221.5,2409.3,1153.6,52.5,7.97,34.17,1,1.000,1,1.000,1,,0
547.54,547.54,UAV-4,STANDBY,KILLED,LANDED,2105.5,2419.8,1125.2,0.3,0.00,55.62,0,0.800,1,0.000,1,,0
547.54,547.54,UAV-5,STANDBY,RETURNING,LANDING,231.4,2410.6,1144.0,43.0,5.85,30.67,1,1.000,1,1.000,1,,0
548.56,548.56,UAV-1,STANDBY,CHARGING,CHARGING,204.2,2410.0,1101.5,0.3,0.00,42.52,1,1.000,1,0.000,1,,0
548.56,548.56,UAV-2,SCOUT,KILLED,LANDED,3032.1,2797.7,1121.4,0.3,0.00,79.77,0,1.000,2,0.000,1,,0
548.56,548.56,UAV-3,STANDBY,RETURNING,LANDING,219.5,2409.7,1148.5,47.3,5.00,34.05,1,1.000,1,1.000,1,,0
548.56,548.56,UAV-4,STANDBY,KILLED,LANDED,2105.5,2419.8,1125.2,0.3,0.00,55.62,0,0.800,1,0.000,1,,0
548.56,548.56,UAV-5,STANDBY,RETURNING,LANDING,233.7,2409.6,1138.3,37.4,7.28,30.53,1,1.000,1,1.000,1,,0
549.58,549.58,UAV-1,STANDBY,CHARGING,CHARGING,204.2,2410.0,1101.5,0.3,0.00,43.37,1,1.000,1,0.000,1,,0
549.58,549.58,UAV-2,SCOUT,KILLED,LANDED,3032.1,2797.7,1121.4,0.3,0.00,79.77,0,1.000,2,0.000,1,,0
549.58,549.58,UAV-3,STANDBY,RETURNING,LANDING,220.0,2409.8,1143.4,42.2,5.11,33.94,1,1.000,1,1.000,1,,0
549.58,549.58,UAV-4,STANDBY,KILLED,LANDED,2105.5,2419.8,1125.2,0.3,0.00,55.62,0,0.800,1,0.000,1,,0
549.58,549.58,UAV-5,STANDBY,RETURNING,LANDING,236.1,2409.9,1132.7,31.8,5.57,30.41,1,1.000,1,1.000,1,,0
550.60,550.60,UAV-1,STANDBY,CHARGING,CHARGING,204.2,2410.0,1101.5,0.3,0.00,44.22,1,1.000,1,0.000,1,,0
550.60,550.60,UAV-2,SCOUT,KILLED,LANDED,3032.1,2797.7,1121.4,0.3,0.00,79.77,0,1.000,2,0.000,1,,0
550.60,550.60,UAV-3,STANDBY,RETURNING,LANDING,220.1,2409.8,1138.1,36.9,5.24,33.83,1,1.000,1,1.000,1,,0
550.60,550.60,UAV-4,STANDBY,KILLED,LANDED,2105.5,2419.8,1125.2,0.3,0.00,55.62,0,0.800,1,0.000,1,,0
550.60,550.60,UAV-5,STANDBY,RETURNING,LANDING,235.9,2409.9,1127.1,26.1,5.51,30.30,1,1.000,1,1.000,1,,0
551.62,551.62,UAV-1,STANDBY,CHARGING,CHARGING,204.2,2410.0,1101.5,0.3,0.00,45.07,1,1.000,1,0.000,1,,0
551.62,551.62,UAV-2,SCOUT,KILLED,LANDED,3032.1,2797.7,1121.4,0.3,0.00,79.77,0,1.000,2,0.000,1,,0
551.62,551.62,UAV-3,STANDBY,RETURNING,LANDING,220.1,2409.9,1132.7,31.5,5.33,33.72,1,1.000,1,1.000,1,,0
551.62,551.62,UAV-4,STANDBY,KILLED,LANDED,2105.5,2419.8,1125.2,0.3,0.00,55.62,0,0.800,1,0.000,1,,0
551.62,551.62,UAV-5,STANDBY,RETURNING,LANDING,236.0,2410.0,1121.5,20.5,5.51,30.19,1,1.000,1,1.000,1,,0
552.64,552.64,UAV-1,STANDBY,CHARGING,CHARGING,204.2,2410.0,1101.5,0.3,0.00,45.92,1,1.000,1,0.000,1,,0
552.64,552.64,UAV-2,SCOUT,KILLED,LANDED,3032.1,2797.7,1121.4,0.3,0.00,79.77,0,1.000,2,0.000,1,,0
552.64,552.64,UAV-3,STANDBY,RETURNING,LANDING,220.1,2409.9,1127.2,26.1,5.39,33.61,1,1.000,1,1.000,1,,0
552.64,552.64,UAV-4,STANDBY,KILLED,LANDED,2105.5,2419.8,1125.2,0.3,0.00,55.62,0,0.800,1,0.000,1,,0
552.64,552.64,UAV-5,STANDBY,RETURNING,LANDING,236.1,2410.0,1115.8,14.9,5.51,30.08,1,1.000,1,1.000,1,,0
553.66,553.66,UAV-1,STANDBY,CHARGING,CHARGING,204.2,2410.0,1101.5,0.3,0.00,46.77,1,1.000,1,0.000,1,,0
553.66,553.66,UAV-2,SCOUT,KILLED,LANDED,3032.1,2797.7,1121.4,0.3,0.00,79.77,0,1.000,2,0.000,1,,0
553.66,553.66,UAV-3,STANDBY,RETURNING,LANDING,220.1,2409.9,1121.7,20.5,5.43,33.50,1,1.000,1,1.000,1,,0
553.66,553.66,UAV-4,STANDBY,KILLED,LANDED,2105.5,2419.8,1125.2,0.3,0.00,55.62,0,0.800,1,0.000,1,,0
553.66,553.66,UAV-5,STANDBY,RETURNING,LANDING,236.1,2410.0,1110.2,9.3,5.50,29.96,1,1.000,1,1.000,1,,0
554.68,554.68,UAV-1,STANDBY,CHARGING,CHARGING,204.2,2410.0,1101.5,0.3,0.00,47.62,1,1.000,1,0.000,1,,0
554.68,554.68,UAV-2,SCOUT,KILLED,LANDED,3032.1,2797.7,1121.4,0.3,0.00,79.77,0,1.000,2,0.000,1,,0
554.68,554.68,UAV-3,STANDBY,RETURNING,LANDING,220.2,2410.0,1116.1,15.0,5.45,33.39,1,1.000,1,1.000,1,,0
554.68,554.68,UAV-4,STANDBY,KILLED,LANDED,2105.5,2419.8,1125.2,0.3,0.00,55.62,0,0.800,1,0.000,1,,0
554.68,554.68,UAV-5,STANDBY,CHARGING,CHARGING,236.2,2410.0,1101.2,0.3,0.00,30.14,1,1.000,1,0.000,1,,0
555.70,555.70,UAV-1,STANDBY,CHARGING,CHARGING,204.2,2410.0,1101.5,0.3,0.00,48.47,1,1.000,1,0.000,1,,0
555.70,555.70,UAV-2,SCOUT,KILLED,LANDED,3032.1,2797.7,1121.4,0.3,0.00,79.77,0,1.000,2,0.000,1,,0
555.70,555.70,UAV-3,STANDBY,RETURNING,LANDING,220.2,2410.0,1110.6,9.4,5.47,33.27,1,1.000,1,1.000,1,,0
555.70,555.70,UAV-4,STANDBY,KILLED,LANDED,2105.5,2419.8,1125.2,0.3,0.00,55.62,0,0.800,1,0.000,1,,0
555.70,555.70,UAV-5,STANDBY,CHARGING,CHARGING,236.2,2410.0,1101.2,0.3,0.00,30.99,1,1.000,1,0.000,1,,0
