t,a,b,pdr
1.02,UAV-1,GCS,1.000
2.02,UAV-1,GCS,1.000
3.02,UAV-1,GCS,1.000
4.02,UAV-1,GCS,1.000
5.04,UAV-1,GCS,1.000
5.04,UAV-1,UAV-2,1.000
5.04,UAV-2,GCS,1.000
6.06,UAV-1,GCS,1.000
6.06,UAV-1,UAV-2,1.000
6.06,UAV-2,GCS,1.000
7.08,UAV-1,GCS,1.000
7.08,UAV-1,UAV-2,1.000
7.08,UAV-2,GCS,1.000
8.10,UAV-1,GCS,1.000
8.10,UAV-1,UAV-2,1.000
8.10,UAV-2,GCS,1.000
9.12,UAV-1,GCS,1.000
9.12,UAV-1,UAV-2,1.000
9.12,UAV-1,UAV-3,1.000
9.12,UAV-2,GCS,1.000
9.12,UAV-2,UAV-3,1.000
9.12,UAV-3,GCS,1.000
10.14,UAV-1,GCS,1.000
10.14,UAV-1,UAV-2,1.000
10.14,UAV-1,UAV-3,1.000
10.14,UAV-2,GCS,1.000
10.14,UAV-2,UAV-3,1.000
10.14,UAV-3,GCS,1.000
11.16,UAV-1,GCS,1.000
11.16,UAV-1,UAV-2,1.000
11.16,UAV-1,UAV-3,1.000
11.16,UAV-2,GCS,1.000
11.16,UAV-2,UAV-3,1.000
11.16,UAV-3,GCS,1.000
12.18,UAV-1,GCS,1.000
12.18,UAV-1,UAV-2,1.000
12.18,UAV-1,UAV-3,1.000
12.18,UAV-2,GCS,1.000
12.18,UAV-2,UAV-3,1.000
12.18,UAV-3,GCS,1.000
13.20,UAV-1,GCS,1.000
13.20,UAV-1,UAV-2,1.000
13.20,UAV-1,UAV-3,1.000
13.20,UAV-1,UAV-4,1.000
13.20,UAV-2,GCS,1.000
13.20,UAV-2,UAV-3,1.000
13.20,UAV-2,UAV-4,1.000
13.20,UAV-3,GCS,1.000
13.20,UAV-3,UAV-4,1.000
13.20,UAV-4,GCS,1.000
14.22,UAV-1,GCS,1.000
14.22,UAV-1,UAV-2,1.000
14.22,UAV-1,UAV-3,1.000
14.22,UAV-1,UAV-4,1.000
14.22,UAV-2,GCS,1.000
14.22,UAV-2,UAV-3,1.000
14.22,UAV-2,UAV-4,1.000
14.22,UAV-3,GCS,1.000
14.22,UAV-3,UAV-4,1.000
14.22,UAV-4,GCS,1.000
15.24,UAV-1,GCS,1.000
15.24,UAV-1,UAV-2,1.000
15.24,UAV-1,UAV-3,1.000
15.24,UAV-1,UAV-4,1.000
15.24,UAV-2,GCS,1.000
15.24,UAV-2,UAV-3,1.000
15.24,UAV-2,UAV-4,1.000
15.24,UAV-3,GCS,1.000
15.24,UAV-3,UAV-4,1.000
15.24,UAV-4,GCS,1.000
16.26,UAV-1,GCS,1.000
16.26,UAV-1,UAV-2,1.000
16.26,UAV-1,UAV-3,1.000
16.26,UAV-1,UAV-4,1.000
16.26,UAV-2,GCS,1.000
16.26,UAV-2,UAV-3,1.000
16.26,UAV-2,UAV-4,1.000
16.26,UAV-3,GCS,1.000
16.26,UAV-3,UAV-4,1.000
16.26,UAV-4,GCS,1.000
17.28,UAV-1,GCS,1.000
17.28,UAV-1,UAV-2,1.000
17.28,UAV-1,UAV-3,1.000
17.28,UAV-1,UAV-4,1.000
17.28,UAV-1,UAV-5,1.000
17.28,UAV-2,GCS,1.000
17.28,UAV-2,UAV-3,1.000
17.28,UAV-2,UAV-4,1.000
17.28,UAV-2,UAV-5,1.000
17.28,UAV-3,GCS,1.000
17.28,UAV-3,UAV-4,1.000
17.28,UAV-3,UAV-5,1.000
17.28,UAV-4,GCS,1.000
17.28,UAV-4,UAV-5,1.000
17.28,UAV-5,GCS,1.000
18.30,UAV-1,GCS,1.000
18.30,UAV-1,UAV-2,1.000
18.30,UAV-1,UAV-3,1.000
18.30,UAV-1,UAV-4,1.000
18.30,UAV-1,UAV-5,1.000
18.30,UAV-2,GCS,1.000
18.30,UAV-2,UAV-3,1.000
18.30,UAV-2,UAV-4,1.000
18.30,UAV-2,UAV-5,1.000
18.30,UAV-3,GCS,1.000
18.30,UAV-3,UAV-4,1.000
18.30,UAV-3,UAV-5,1.000
18.30,UAV-4,GCS,1.000
18.30,UAV-4,UAV-5,1.000
18.30,UAV-5,GCS,1.000
19.32,UAV-1,GCS,1.000
19.32,UAV-1,UAV-2,1.000
19.32,UAV-1,UAV-3,1.000
19.32,UAV-1,UAV-4,1.000
19.32,UAV-1,UAV-5,1.000
19.32,UAV-2,GCS,1.000
19.32,UAV-2,UAV-3,1.000
19.32,UAV-2,UAV-4,1.000
19.32,UAV-2,UAV-5,1.000
19.32,UAV-3,GCS,1.000
19.32,UAV-3,UAV-4,1.000
19.32,UAV-3,UAV-5,1.000
19.32,UAV-4,GCS,1.000
19.32,UAV-4,UAV-5,1.000
19.32,UAV-5,GCS,1.000
20.34,UAV-1,GCS,1.000
20.34,UAV-1,UAV-2,1.000
20.34,UAV-1,UAV-3,1.000
20.34,UAV-1,UAV-4,1.000
20.34,UAV-1,UAV-5,1.000
20.34,UAV-2,GCS,1.000
20.34,UAV-2,UAV-3,1.000
20.34,UAV-2,UAV-4,1.000
20.34,UAV-2,UAV-5,1.000
20.34,UAV-3,GCS,1.000
20.34,UAV-3,UAV-4,1.000
20.34,UAV-3,UAV-5,1.000
20.34,UAV-4,GCS,1.000
20.34,UAV-4,UAV-5,1.000
20.34,UAV-5,GCS,1.000
21.36,UAV-1,GCS,1.000
21.36,UAV-1,UAV-2,1.000
21.36,UAV-1,UAV-3,1.000
21.36,UAV-1,UAV-4,1.000
21.36,UAV-1,UAV-5,1.000
21.36,UAV-1,UAV-6,1.000
21.36,UAV-2,GCS,1.000
21.36,UAV-2,UAV-3,1.000
21.36,UAV-2,UAV-4,1.000
21.36,UAV-2,UAV-5,1.000
21.36,UAV-2,UAV-6,1.000
21.36,UAV-3,GCS,1.000
21.36,UAV-3,UAV-4,1.000
21.36,UAV-3,UAV-5,1.000
21.36,UAV-3,UAV-6,1.000
21.36,UAV-4,GCS,1.000
21.36,UAV-4,UAV-5,1.000
21.36,UAV-4,UAV-6,1.000
21.36,UAV-5,GCS,1.000
21.36,UAV-5,UAV-6,1.000
21.36,UAV-6,GCS,1.000
22.38,UAV-1,GCS,1.000
22.38,UAV-1,UAV-2,1.000
22.38,UAV-1,UAV-3,1.000
22.38,UAV-1,UAV-4,1.000
22.38,UAV-1,UAV-5,1.000
22.38,UAV-1,UAV-6,1.000
22.38,UAV-2,GCS,1.000
22.38,UAV-2,UAV-3,1.000
22.38,UAV-2,UAV-4,1.000
22.38,UAV-2,UAV-5,1.000
22.38,UAV-2,UAV-6,1.000
22.38,UAV-3,GCS,1.000
22.38,UAV-3,UAV-4,1.000
22.38,UAV-3,UAV-5,1.000
22.38,UAV-3,UAV-6,1.000
22.38,UAV-4,GCS,1.000
22.38,UAV-4,UAV-5,1.000
22.38,UAV-4,UAV-6,1.000
22.38,UAV-5,GCS,1.000
22.38,UAV-5,UAV-6,1.000
22.38,UAV-6,GCS,1.000
23.40,UAV-1,GCS,1.000
23.40,UAV-1,UAV-2,1.000
23.40,UAV-1,UAV-3,1.000
23.40,UAV-1,UAV-4,1.000
23.40,UAV-1,UAV-5,1.000
23.40,UAV-1,UAV-6,1.000
23.40,UAV-2,GCS,1.000
23.40,UAV-2,UAV-3,1.000
23.40,UAV-2,UAV-4,1.000
23.40,UAV-2,UAV-5,1.000
23.40,UAV-2,UAV-6,1.000
23.40,UAV-3,GCS,1.000
23.40,UAV-3,UAV-4,1.000
23.40,UAV-3,UAV-5,1.000
23.40,UAV-3,UAV-6,1.000
23.40,UAV-4,GCS,1.000
23.40,UAV-4,UAV-5,1.000
23.40,UAV-4,UAV-6,1.000
23.40,UAV-5,GCS,1.000
23.40,UAV-5,UAV-6,1.000
23.40,UAV-6,GCS,1.000
24.42,UAV-1,GCS,1.000
24.42,UAV-1,UAV-2,1.000
24.42,UAV-1,UAV-3,1.000
24.42,UAV-1,UAV-4,1.000
24.42,UAV-1,UAV-5,1.000
24.42,UAV-1,UAV-6,1.000
24.42,UAV-2,GCS,1.000
24.42,UAV-2,UAV-3,1.000
24.42,UAV-2,UAV-4,1.000
24.42,UAV-2,UAV-5,1.000
24.42,UAV-2,UAV-6,1.000
24.42,UAV-3,GCS,1.000
24.42,UAV-3,UAV-4,1.000
24.42,UAV-3,UAV-5,1.000
24.42,UAV-3,UAV-6,1.000
24.42,UAV-4,GCS,1.000
24.42,UAV-4,UAV-5,1.000
24.42,UAV-4,UAV-6,1.000
24.42,UAV-5,GCS,1.000
24.42,UAV-5,UAV-6,1.000
24.42,UAV-6,GCS,1.000
25.44,UAV-1,GCS,1.000
25.44,UAV-1,UAV-2,1.000
25.44,UAV-1,UAV-3,1.000
25.44,UAV-1,UAV-4,1.000
25.44,UAV-1,UAV-5,1.000
25.44,UAV-1,UAV-6,1.000
25.44,UAV-2,GCS,1.000
25.44,UAV-2,UAV-3,1.000
25.44,UAV-2,UAV-4,1.000
25.44,UAV-2,UAV-5,1.000
25.44,UAV-2,UAV-6,1.000
25.44,UAV-3,GCS,1.000
25.44,UAV-3,UAV-4,1.000
25.44,UAV-3,UAV-5,1.000
25.44,UAV-3,UAV-6,1.000
25.44,UAV-4,GCS,1.000
25.44,UAV-4,UAV-5,1.000
25.44,UAV-4,UAV-6,1.000
25.44,UAV-5,GCS,1.000
25.44,UAV-5,UAV-6,1.000
25.44,UAV-6,GCS,1.000
26.46,UAV-1,GCS,1.000
26.46,UAV-1,UAV-2,1.000
26.46,UAV-1,UAV-3,1.000
26.46,UAV-1,UAV-4,1.000
26.46,UAV-1,UAV-5,1.000
26.46,UAV-1,UAV-6,1.000
26.46,UAV-2,GCS,1.000
26.46,UAV-2,UAV-3,1.000
26.46,UAV-2,UAV-4,1.000
26.46,UAV-2,UAV-5,1.000
26.46,UAV-2,UAV-6,1.000
26.46,UAV-3,GCS,1.000
26.46,UAV-3,UAV-4,1.000
26.46,UAV-3,UAV-5,1.000
26.46,UAV-3,UAV-6,1.000
26.46,UAV-4,GCS,1.000
26.46,UAV-4,UAV-5,1.000
26.46,UAV-4,UAV-6,1.000
26.46,UAV-5,GCS,1.000
26.46,UAV-5,UAV-6,1.000
26.46,UAV-6,GCS,1.000
27.48,UAV-1,GCS,1.000
27.48,UAV-1,UAV-2,1.000
27.48,UAV-1,UAV-3,1.000
27.48,UAV-1,UAV-4,1.000
27.48,UAV-1,UAV-5,1.000
27.48,UAV-1,UAV-6,1.000
27.48,UAV-2,GCS,1.000
27.48,UAV-2,UAV-3,1.000
27.48,UAV-2,UAV-4,1.000
27.48,UAV-2,UAV-5,1.000
27.48,UAV-2,UAV-6,1.000
27.48,UAV-3,GCS,1.000
27.48,UAV-3,UAV-4,1.000
27.48,UAV-3,UAV-5,1.000
27.48,UAV-3,UAV-6,1.000
27.48,UAV-4,GCS,1.000
27.48,UAV-4,UAV-5,1.000
27.48,UAV-4,UAV-6,1.000
27.48,UAV-5,GCS,1.000
27.48,UAV-5,UAV-6,1.000
27.48,UAV-6,GCS,1.000
28.50,UAV-1,GCS,1.000
28.50,UAV-1,UAV-2,1.000
28.50,UAV-1,UAV-3,1.000
28.50,UAV-1,UAV-4,1.000
28.50,UAV-1,UAV-5,1.000
28.50,UAV-1,UAV-6,1.000
28.50,UAV-2,GCS,1.000
28.50,UAV-2,UAV-3,1.000
28.50,UAV-2,UAV-4,1.000
28.50,UAV-2,UAV-5,1.000
28.50,UAV-2,UAV-6,1.000
28.50,UAV-3,GCS,1.000
28.50,UAV-3,UAV-4,1.000
28.50,UAV-3,UAV-5,1.000
28.50,UAV-3,UAV-6,1.000
28.50,UAV-4,GCS,1.000
28.50,UAV-4,UAV-5,1.000
28.50,UAV-4,UAV-6,1.000
28.50,UAV-5,GCS,1.000
28.50,UAV-5,UAV-6,1.000
28.50,UAV-6,GCS,1.000
29.52,UAV-1,GCS,1.000
29.52,UAV-1,UAV-2,1.000
29.52,UAV-1,UAV-3,1.000
29.52,UAV-1,UAV-4,1.000
29.52,UAV-1,UAV-5,1.000
29.52,UAV-1,UAV-6,1.000
29.52,UAV-2,GCS,1.000
29.52,UAV-2,UAV-3,1.000
29.52,UAV-2,UAV-4,1.000
29.52,UAV-2,UAV-5,1.000
29.52,UAV-2,UAV-6,1.000
29.52,UAV-3,GCS,1.000
29.52,UAV-3,UAV-4,1.000
29.52,UAV-3,UAV-5,1.000
29.52,UAV-3,UAV-6,1.000
29.52,UAV-4,GCS,1.000
29.52,UAV-4,UAV-5,1.000
29.52,UAV-4,UAV-6,1.000
29.52,UAV-5,GCS,1.000
29.52,UAV-5,UAV-6,1.000
29.52,UAV-6,GCS,1.000
30.54,UAV-1,GCS,1.000
30.54,UAV-1,UAV-2,1.000
30.54,UAV-1,UAV-3,1.000
30.54,UAV-1,UAV-4,1.000
30.54,UAV-1,UAV-5,1.000
30.54,UAV-1,UAV-6,1.000
30.54,UAV-2,GCS,1.000
30.54,UAV-2,UAV-3,1.000
30.54,UAV-2,UAV-4,1.000
30.54,UAV-2,UAV-5,1.000
30.54,UAV-2,UAV-6,1.000
30.54,UAV-3,GCS,1.000
30.54,UAV-3,UAV-4,1.000
30.54,UAV-3,UAV-5,1.000
30.54,UAV-3,UAV-6,1.000
30.54,UAV-4,GCS,1.000
30.54,UAV-4,UAV-5,1.000
30.54,UAV-4,UAV-6,1.000
30.54,UAV-5,GCS,1.000
30.54,UAV-5,UAV-6,1.000
30.54,UAV-6,GCS,1.000
31.56,UAV-1,GCS,1.000
31.56,UAV-1,UAV-2,1.000
31.56,UAV-1,UAV-3,1.000
31.56,UAV-1,UAV-4,1.000
31.56,UAV-1,UAV-5,1.000
31.56,UAV-1,UAV-6,1.000
31.56,UAV-2,GCS,1.000
31.56,UAV-2,UAV-3,1.000
31.56,UAV-2,UAV-4,1.000
31.56,UAV-2,UAV-5,1.000
31.56,UAV-2,UAV-6,1.000
31.56,UAV-3,GCS,1.000
31.56,UAV-3,UAV-4,1.000
31.56,UAV-3,UAV-5,1.000
31.56,UAV-3,UAV-6,1.000
31.56,UAV-4,GCS,1.000
31.56,UAV-4,UAV-5,1.000
31.56,UAV-4,UAV-6,1.000
31.56,UAV-5,GCS,1.000
31.56,UAV-5,UAV-6,1.000
31.56,UAV-6,GCS,1.000
32.56,UAV-1,GCS,1.000
32.56,UAV-1,UAV-2,1.000
32.56,UAV-1,UAV-3,1.000
32.56,UAV-1,UAV-4,1.000
32.56,UAV-1,UAV-5,1.000
32.56,UAV-1,UAV-6,1.000
32.56,UAV-2,GCS,1.000
32.56,UAV-2,UAV-3,1.000
32.56,UAV-2,UAV-4,1.000
32.56,UAV-2,UAV-5,1.000
32.56,UAV-2,UAV-6,1.000
32.56,UAV-3,GCS,1.000
32.56,UAV-3,UAV-4,1.000
32.56,UAV-3,UAV-5,1.000
32.56,UAV-3,UAV-6,1.000
32.56,UAV-4,GCS,1.000
32.56,UAV-4,UAV-5,1.000
32.56,UAV-4,UAV-6,1.000
32.56,UAV-5,GCS,1.000
32.56,UAV-5,UAV-6,1.000
32.56,UAV-6,GCS,1.000
33.56,UAV-1,GCS,1.000
33.56,UAV-1,UAV-2,1.000
33.56,UAV-1,UAV-3,1.000
33.56,UAV-1,UAV-4,1.000
33.56,UAV-1,UAV-5,1.000
33.56,UAV-1,UAV-6,1.000
33.56,UAV-2,GCS,1.000
33.56,UAV-2,UAV-3,1.000
33.56,UAV-2,UAV-4,1.000
33.56,UAV-2,UAV-5,1.000
33.56,UAV-2,UAV-6,1.000
33.56,UAV-3,GCS,1.000
33.56,UAV-3,UAV-4,1.000
33.56,UAV-3,UAV-5,1.000
33.56,UAV-3,UAV-6,1.000
33.56,UAV-4,GCS,1.000
33.56,UAV-4,UAV-5,1.000
33.56,UAV-4,UAV-6,1.000
33.56,UAV-5,GCS,1.000
33.56,UAV-5,UAV-6,1.000
33.56,UAV-6,GCS,1.000
34.56,UAV-1,GCS,1.000
34.56,UAV-1,UAV-2,1.000
34.56,UAV-1,UAV-3,1.000
34.56,UAV-1,UAV-4,1.000
34.56,UAV-1,UAV-5,1.000
34.56,UAV-1,UAV-6,1.000
34.56,UAV-2,GCS,1.000
34.56,UAV-2,UAV-3,1.000
34.56,UAV-2,UAV-4,1.000
34.56,UAV-2,UAV-5,1.000
34.56,UAV-2,UAV-6,1.000
34.56,UAV-3,GCS,1.000
34.56,UAV-3,UAV-4,1.000
34.56,UAV-3,UAV-5,1.000
34.56,UAV-3,UAV-6,1.000
34.56,UAV-4,GCS,1.000
34.56,UAV-4,UAV-5,1.000
34.56,UAV-4,UAV-6,1.000
34.56,UAV-5,GCS,1.000
34.56,UAV-5,UAV-6,1.000
34.56,UAV-6,GCS,1.000
35.56,UAV-1,GCS,1.000
35.56,UAV-1,UAV-2,1.000
35.56,UAV-1,UAV-3,1.000
35.56,UAV-1,UAV-4,1.000
35.56,UAV-1,UAV-5,1.000
35.56,UAV-1,UAV-6,1.000
35.56,UAV-2,GCS,1.000
35.56,UAV-2,UAV-3,1.000
35.56,UAV-2,UAV-4,1.000
35.56,UAV-2,UAV-5,1.000
35.56,UAV-2,UAV-6,1.000
35.56,UAV-3,GCS,1.000
35.56,UAV-3,UAV-4,1.000
35.56,UAV-3,UAV-5,1.000
35.56,UAV-3,UAV-6,1.000
35.56,UAV-4,GCS,1.000
35.56,UAV-4,UAV-5,1.000
35.56,UAV-4,UAV-6,1.000
35.56,UAV-5,GCS,1.000
35.56,UAV-5,UAV-6,1.000
35.56,UAV-6,GCS,1.000
36.56,UAV-1,GCS,1.000
36.56,UAV-1,UAV-2,1.000
36.56,UAV-1,UAV-3,1.000
36.56,UAV-1,UAV-4,1.000
36.56,UAV-1,UAV-5,1.000
36.56,UAV-1,UAV-6,1.000
36.56,UAV-2,GCS,1.000
36.56,UAV-2,UAV-3,1.000
36.56,UAV-2,UAV-4,1.000
36.56,UAV-2,UAV-5,1.000
36.56,UAV-2,UAV-6,1.000
36.56,UAV-3,GCS,1.000
36.56,UAV-3,UAV-4,1.000
36.56,UAV-3,UAV-5,1.000
36.56,UAV-3,UAV-6,1.000
36.56,UAV-4,GCS,1.000
36.56,UAV-4,UAV-5,1.000
36.56,UAV-4,UAV-6,1.000
36.56,UAV-5,GCS,1.000
36.56,UAV-5,UAV-6,1.000
36.56,UAV-6,GCS,1.000
37.56,UAV-1,GCS,1.000
37.56,UAV-1,UAV-2,1.000
37.56,UAV-1,UAV-3,1.000
37.56,UAV-1,UAV-4,1.000
37.56,UAV-1,UAV-5,1.000
37.56,UAV-1,UAV-6,1.000
37.56,UAV-2,GCS,1.000
37.56,UAV-2,UAV-3,1.000
37.56,UAV-2,UAV-4,1.000
37.56,UAV-2,UAV-5,1.000
37.56,UAV-2,UAV-6,1.000
37.56,UAV-3,GCS,1.000
37.56,UAV-3,UAV-4,1.000
37.56,UAV-3,UAV-5,1.000
37.56,UAV-3,UAV-6,1.000
37.56,UAV-4,GCS,1.000
37.56,UAV-4,UAV-5,1.000
37.56,UAV-4,UAV-6,1.000
37.56,UAV-5,GCS,1.000
37.56,UAV-5,UAV-6,1.000
37.56,UAV-6,GCS,1.000
38.56,UAV-1,GCS,1.000
38.56,UAV-1,UAV-2,1.000
38.56,UAV-1,UAV-3,1.000
38.56,UAV-1,UAV-4,1.000
38.56,UAV-1,UAV-5,1.000
38.56,UAV-1,UAV-6,1.000
38.56,UAV-2,GCS,1.000
38.56,UAV-2,UAV-3,1.000
38.56,UAV-2,UAV-4,1.000
38.56,UAV-2,UAV-5,1.000
38.56,UAV-2,UAV-6,1.000
38.56,UAV-3,GCS,1.000
38.56,UAV-3,UAV-4,1.000
38.56,UAV-3,UAV-5,1.000
38.56,UAV-3,UAV-6,1.000
38.56,UAV-4,GCS,1.000
38.56,UAV-4,UAV-5,1.000
38.56,UAV-4,UAV-6,1.000
38.56,UAV-5,GCS,1.000
38.56,UAV-5,UAV-6,1.000
38.56,UAV-6,GCS,1.000
39.56,UAV-1,GCS,1.000
39.56,UAV-1,UAV-2,1.000
39.56,UAV-1,UAV-3,1.000
39.56,UAV-1,UAV-4,1.000
39.56,UAV-1,UAV-5,1.000
39.56,UAV-1,UAV-6,1.000
39.56,UAV-2,GCS,1.000
39.56,UAV-2,UAV-3,1.000
39.56,UAV-2,UAV-4,1.000
39.56,UAV-2,UAV-5,1.000
39.56,UAV-2,UAV-6,1.000
39.56,UAV-3,GCS,1.000
39.56,UAV-3,UAV-4,1.000
39.56,UAV-3,UAV-5,1.000
39.56,UAV-3,UAV-6,1.000
39.56,UAV-4,GCS,1.000
39.56,UAV-4,UAV-5,1.000
39.56,UAV-4,UAV-6,1.000
39.56,UAV-5,GCS,1.000
39.56,UAV-5,UAV-6,1.000
39.56,UAV-6,GCS,1.000
40.56,UAV-1,GCS,1.000
40.56,UAV-1,UAV-2,1.000
40.56,UAV-1,UAV-3,1.000
40.56,UAV-1,UAV-4,1.000
40.56,UAV-1,UAV-5,1.000
40.56,UAV-1,UAV-6,1.000
40.56,UAV-2,GCS,1.000
40.56,UAV-2,UAV-3,1.000
40.56,UAV-2,UAV-4,1.000
40.56,UAV-2,UAV-5,1.000
40.56,UAV-2,UAV-6,1.000
40.56,UAV-3,GCS,1.000
40.56,UAV-3,UAV-4,1.000
40.56,UAV-3,UAV-5,1.000
40.56,UAV-3,UAV-6,1.000
40.56,UAV-4,GCS,1.000
40.56,UAV-4,UAV-5,1.000
40.56,UAV-4,UAV-6,1.000
40.56,UAV-5,GCS,1.000
40.56,UAV-5,UAV-6,1.000
40.56,UAV-6,GCS,1.000
41.56,UAV-1,GCS,1.000
41.56,UAV-1,UAV-2,1.000
41.56,UAV-1,UAV-3,1.000
41.56,UAV-1,UAV-4,1.000
41.56,UAV-1,UAV-5,1.000
41.56,UAV-1,UAV-6,1.000
41.56,UAV-2,GCS,1.000
41.56,UAV-2,UAV-3,1.000
41.56,UAV-2,UAV-4,1.000
41.56,UAV-2,UAV-5,1.000
41.56,UAV-2,UAV-6,1.000
41.56,UAV-3,GCS,1.000
41.56,UAV-3,UAV-4,1.000
41.56,UAV-3,UAV-5,1.000
41.56,UAV-3,UAV-6,1.000
41.56,UAV-4,GCS,1.000
41.56,UAV-4,UAV-5,1.000
41.56,UAV-4,UAV-6,1.000
41.56,UAV-5,GCS,1.000
41.56,UAV-5,UAV-6,1.000
41.56,UAV-6,GCS,1.000
42.56,UAV-1,GCS,1.000
42.56,UAV-1,UAV-2,1.000
42.56,UAV-1,UAV-3,1.000
42.56,UAV-1,UAV-4,1.000
42.56,UAV-1,UAV-5,1.000
42.56,UAV-1,UAV-6,1.000
42.56,UAV-2,GCS,1.000
42.56,UAV-2,UAV-3,1.000
42.56,UAV-2,UAV-4,1.000
42.56,UAV-2,UAV-5,1.000
42.56,UAV-2,UAV-6,1.000
42.56,UAV-3,GCS,1.000
42.56,UAV-3,UAV-4,1.000
42.56,UAV-3,UAV-5,1.000
42.56,UAV-3,UAV-6,1.000
42.56,UAV-4,GCS,1.000
42.56,UAV-4,UAV-5,1.000
42.56,UAV-4,UAV-6,1.000
42.56,UAV-5,GCS,1.000
42.56,UAV-5,UAV-6,1.000
42.56,UAV-6,GCS,1.000
43.56,UAV-1,GCS,1.000
43.56,UAV-1,UAV-2,1.000
43.56,UAV-1,UAV-3,1.000
43.56,UAV-1,UAV-4,1.000
43.56,UAV-1,UAV-5,1.000
43.56,UAV-1,UAV-6,1.000
43.56,UAV-2,GCS,1.000
43.56,UAV-2,UAV-3,1.000
43.56,UAV-2,UAV-4,1.000
43.56,UAV-2,UAV-5,1.000
43.56,UAV-2,UAV-6,1.000
43.56,UAV-3,GCS,1.000
43.56,UAV-3,UAV-4,1.000
43.56,UAV-3,UAV-5,1.000
43.56,UAV-3,UAV-6,1.000
43.56,UAV-4,GCS,1.000
43.56,UAV-4,UAV-5,1.000
43.56,UAV-4,UAV-6,1.000
43.56,UAV-5,GCS,1.000
43.56,UAV-5,UAV-6,1.000
43.56,UAV-6,GCS,1.000
44.56,UAV-1,GCS,1.000
44.56,UAV-1,UAV-2,1.000
44.56,UAV-1,UAV-3,1.000
44.56,UAV-1,UAV-4,1.000
44.56,UAV-1,UAV-5,1.000
44.56,UAV-1,UAV-6,1.000
44.56,UAV-2,GCS,1.000
44.56,UAV-2,UAV-3,1.000
44.56,UAV-2,UAV-4,1.000
44.56,UAV-2,UAV-5,1.000
44.56,UAV-2,UAV-6,1.000
44.56,UAV-3,GCS,1.000
44.56,UAV-3,UAV-4,1.000
44.56,UAV-3,UAV-5,1.000
44.56,UAV-3,UAV-6,1.000
44.56,UAV-4,GCS,1.000
44.56,UAV-4,UAV-5,1.000
44.56,UAV-4,UAV-6,1.000
44.56,UAV-5,GCS,1.000
44.56,UAV-5,UAV-6,1.000
44.56,UAV-6,GCS,1.000
45.56,UAV-1,GCS,1.000
45.56,UAV-1,UAV-2,1.000
45.56,UAV-1,UAV-3,1.000
45.56,UAV-1,UAV-4,1.000
45.56,UAV-1,UAV-5,1.000
45.56,UAV-1,UAV-6,1.000
45.56,UAV-2,GCS,1.000
45.56,UAV-2,UAV-3,1.000
45.56,UAV-2,UAV-4,1.000
45.56,UAV-2,UAV-5,1.000
45.56,UAV-2,UAV-6,1.000
45.56,UAV-3,GCS,1.000
45.56,UAV-3,UAV-4,1.000
45.56,UAV-3,UAV-5,1.000
45.56,UAV-3,UAV-6,1.000
45.56,UAV-4,GCS,1.000
45.56,UAV-4,UAV-5,1.000
45.56,UAV-4,UAV-6,1.000
45.56,UAV-5,GCS,1.000
45.56,UAV-5,UAV-6,1.000
45.56,UAV-6,GCS,1.000
46.56,UAV-1,GCS,1.000
46.56,UAV-1,UAV-2,1.000
46.56,UAV-1,UAV-3,1.000
46.56,UAV-1,UAV-4,1.000
46.56,UAV-1,UAV-5,1.000
46.56,UAV-1,UAV-6,1.000
46.56,UAV-2,GCS,1.000
46.56,UAV-2,UAV-3,1.000
46.56,UAV-2,UAV-4,1.000
46.56,UAV-2,UAV-5,1.000
46.56,UAV-2,UAV-6,1.000
46.56,UAV-3,GCS,1.000
46.56,UAV-3,UAV-4,1.000
46.56,UAV-3,UAV-5,1.000
46.56,UAV-3,UAV-6,1.000
46.56,UAV-4,GCS,1.000
46.56,UAV-4,UAV-5,1.000
46.56,UAV-4,UAV-6,1.000
46.56,UAV-5,GCS,1.000
46.56,UAV-5,UAV-6,1.000
46.56,UAV-6,GCS,1.000
47.56,UAV-1,GCS,1.000
47.56,UAV-1,UAV-2,1.000
47.56,UAV-1,UAV-3,1.000
47.56,UAV-1,UAV-4,1.000
47.56,UAV-1,UAV-5,1.000
47.56,UAV-1,UAV-6,1.000
47.56,UAV-2,GCS,1.000
47.56,UAV-2,UAV-3,1.000
47.56,UAV-2,UAV-4,1.000
47.56,UAV-2,UAV-5,1.000
47.56,UAV-2,UAV-6,1.000
47.56,UAV-3,GCS,1.000
47.56,UAV-3,UAV-4,1.000
47.56,UAV-3,UAV-5,1.000
47.56,UAV-3,UAV-6,1.000
47.56,UAV-4,GCS,1.000
47.56,UAV-4,UAV-5,1.000
47.56,UAV-4,UAV-6,1.000
47.56,UAV-5,GCS,1.000
47.56,UAV-5,UAV-6,1.000
47.56,UAV-6,GCS,1.000
48.56,UAV-1,GCS,1.000
48.56,UAV-1,UAV-2,1.000
48.56,UAV-1,UAV-3,1.000
48.56,UAV-1,UAV-4,1.000
48.56,UAV-1,UAV-5,1.000
48.56,UAV-1,UAV-6,1.000
48.56,UAV-2,GCS,1.000
48.56,UAV-2,UAV-3,1.000
48.56,UAV-2,UAV-4,1.000
48.56,UAV-2,UAV-5,1.000
48.56,UAV-2,UAV-6,1.000
48.56,UAV-3,GCS,1.000
48.56,UAV-3,UAV-4,1.000
48.56,UAV-3,UAV-5,1.000
48.56,UAV-3,UAV-6,1.000
48.56,UAV-4,GCS,1.000
48.56,UAV-4,UAV-5,1.000
48.56,UAV-4,UAV-6,1.000
48.56,UAV-5,GCS,1.000
48.56,UAV-5,UAV-6,1.000
48.56,UAV-6,GCS,1.000
49.56,UAV-1,GCS,1.000
49.56,UAV-1,UAV-2,1.000
49.56,UAV-1,UAV-3,1.000
49.56,UAV-1,UAV-4,1.000
49.56,UAV-1,UAV-5,1.000
49.56,UAV-1,UAV-6,1.000
49.56,UAV-2,GCS,1.000
49.56,UAV-2,UAV-3,1.000
49.56,UAV-2,UAV-4,1.000
49.56,UAV-2,UAV-5,1.000
49.56,UAV-2,UAV-6,1.000
49.56,UAV-3,GCS,1.000
49.56,UAV-3,UAV-4,1.000
49.56,UAV-3,UAV-5,1.000
49.56,UAV-3,UAV-6,1.000
49.56,UAV-4,GCS,1.000
49.56,UAV-4,UAV-5,1.000
49.56,UAV-4,UAV-6,1.000
49.56,UAV-5,GCS,1.000
49.56,UAV-5,UAV-6,1.000
49.56,UAV-6,GCS,1.000
50.56,UAV-1,GCS,1.000
50.56,UAV-1,UAV-2,1.000
50.56,UAV-1,UAV-3,1.000
50.56,UAV-1,UAV-4,1.000
50.56,UAV-1,UAV-5,1.000
50.56,UAV-1,UAV-6,1.000
50.56,UAV-2,GCS,1.000
50.56,UAV-2,UAV-3,1.000
50.56,UAV-2,UAV-4,1.000
50.56,UAV-2,UAV-5,1.000
50.56,UAV-2,UAV-6,1.000
50.56,UAV-3,GCS,1.000
50.56,UAV-3,UAV-4,1.000
50.56,UAV-3,UAV-5,1.000
50.56,UAV-3,UAV-6,1.000
50.56,UAV-4,GCS,1.000
50.56,UAV-4,UAV-5,1.000
50.56,UAV-4,UAV-6,1.000
50.56,UAV-5,GCS,1.000
50.56,UAV-5,UAV-6,1.000
50.56,UAV-6,GCS,1.000
51.56,UAV-1,GCS,1.000
51.56,UAV-1,UAV-2,1.000
51.56,UAV-1,UAV-3,1.000
51.56,UAV-1,UAV-4,1.000
51.56,UAV-1,UAV-5,1.000
51.56,UAV-1,UAV-6,1.000
51.56,UAV-2,GCS,1.000
51.56,UAV-2,UAV-3,1.000
51.56,UAV-2,UAV-4,1.000
51.56,UAV-2,UAV-5,1.000
51.56,UAV-2,UAV-6,1.000
51.56,UAV-3,GCS,1.000
51.56,UAV-3,UAV-4,1.000
51.56,UAV-3,UAV-5,1.000
51.56,UAV-3,UAV-6,1.000
51.56,UAV-4,GCS,1.000
51.56,UAV-4,UAV-5,1.000
51.56,UAV-4,UAV-6,1.000
51.56,UAV-5,GCS,1.000
51.56,UAV-5,UAV-6,1.000
51.56,UAV-6,GCS,1.000
52.56,UAV-1,GCS,1.000
52.56,UAV-1,UAV-2,1.000
52.56,UAV-1,UAV-3,1.000
52.56,UAV-1,UAV-4,1.000
52.56,UAV-1,UAV-5,1.000
52.56,UAV-1,UAV-6,1.000
52.56,UAV-2,GCS,1.000
52.56,UAV-2,UAV-3,1.000
52.56,UAV-2,UAV-4,1.000
52.56,UAV-2,UAV-5,1.000
52.56,UAV-2,UAV-6,1.000
52.56,UAV-3,GCS,1.000
52.56,UAV-3,UAV-4,1.000
52.56,UAV-3,UAV-5,1.000
52.56,UAV-3,UAV-6,1.000
52.56,UAV-4,GCS,1.000
52.56,UAV-4,UAV-5,1.000
52.56,UAV-4,UAV-6,1.000
52.56,UAV-5,GCS,1.000
52.56,UAV-5,UAV-6,1.000
52.56,UAV-6,GCS,1.000
53.56,UAV-1,GCS,1.000
53.56,UAV-1,UAV-2,1.000
53.56,UAV-1,UAV-3,1.000
53.56,UAV-1,UAV-4,1.000
53.56,UAV-1,UAV-5,1.000
53.56,UAV-1,UAV-6,1.000
53.56,UAV-2,GCS,1.000
53.56,UAV-2,UAV-3,1.000
53.56,UAV-2,UAV-4,1.000
53.56,UAV-2,UAV-5,1.000
53.56,UAV-2,UAV-6,1.000
53.56,UAV-3,GCS,1.000
53.56,UAV-3,UAV-4,1.000
53.56,UAV-3,UAV-5,1.000
53.56,UAV-3,UAV-6,1.000
53.56,UAV-4,GCS,1.000
53.56,UAV-4,UAV-5,1.000
53.56,UAV-4,UAV-6,1.000
53.56,UAV-5,GCS,1.000
53.56,UAV-5,UAV-6,1.000
53.56,UAV-6,GCS,1.000
54.56,UAV-1,GCS,1.000
54.56,UAV-1,UAV-2,1.000
54.56,UAV-1,UAV-3,1.000
54.56,UAV-1,UAV-4,1.000
54.56,UAV-1,UAV-5,1.000
54.56,UAV-1,UAV-6,1.000
54.56,UAV-2,GCS,1.000
54.56,UAV-2,UAV-3,1.000
54.56,UAV-2,UAV-4,1.000
54.56,UAV-2,UAV-5,1.000
54.56,UAV-2,UAV-6,1.000
54.56,UAV-3,GCS,1.000
54.56,UAV-3,UAV-4,1.000
54.56,UAV-3,UAV-5,1.000
54.56,UAV-3,UAV-6,1.000
54.56,UAV-4,GCS,1.000
54.56,UAV-4,UAV-5,1.000
54.56,UAV-4,UAV-6,1.000
54.56,UAV-5,GCS,1.000
54.56,UAV-5,UAV-6,1.000
54.56,UAV-6,GCS,1.000
55.56,UAV-1,GCS,1.000
55.56,UAV-1,UAV-2,1.000
55.56,UAV-1,UAV-3,1.000
55.56,UAV-1,UAV-4,1.000
55.56,UAV-1,UAV-5,1.000
55.56,UAV-1,UAV-6,1.000
55.56,UAV-2,GCS,1.000
55.56,UAV-2,UAV-3,1.000
55.56,UAV-2,UAV-4,1.000
55.56,UAV-2,UAV-5,1.000
55.56,UAV-2,UAV-6,1.000
55.56,UAV-3,GCS,1.000
55.56,UAV-3,UAV-4,1.000
55.56,UAV-3,UAV-5,1.000
55.56,UAV-3,UAV-6,1.000
55.56,UAV-4,GCS,1.000
55.56,UAV-4,UAV-5,1.000
55.56,UAV-4,UAV-6,1.000
55.56,UAV-5,GCS,1.000
55.56,UAV-5,UAV-6,1.000
55.56,UAV-6,GCS,1.000
56.56,UAV-1,GCS,1.000
56.56,UAV-1,UAV-2,1.000
56.56,UAV-1,UAV-3,1.000
56.56,UAV-1,UAV-4,1.000
56.56,UAV-1,UAV-5,1.000
56.56,UAV-1,UAV-6,1.000
56.56,UAV-2,GCS,1.000
56.56,UAV-2,UAV-3,1.000
56.56,UAV-2,UAV-4,1.000
56.56,UAV-2,UAV-5,1.000
56.56,UAV-2,UAV-6,1.000
56.56,UAV-3,GCS,1.000
56.56,UAV-3,UAV-4,1.000
56.56,UAV-3,UAV-5,1.000
56.56,UAV-3,UAV-6,1.000
56.56,UAV-4,GCS,1.000
56.56,UAV-4,UAV-5,1.000
56.56,UAV-4,UAV-6,1.000
56.56,UAV-5,GCS,1.000
56.56,UAV-5,UAV-6,1.000
56.56,UAV-6,GCS,1.000
57.56,UAV-1,GCS,1.000
57.56,UAV-1,UAV-2,1.000
57.56,UAV-1,UAV-3,1.000
57.56,UAV-1,UAV-4,1.000
57.56,UAV-1,UAV-5,1.000
57.56,UAV-1,UAV-6,1.000
57.56,UAV-2,GCS,1.000
57.56,UAV-2,UAV-3,1.000
57.56,UAV-2,UAV-4,1.000
57.56,UAV-2,UAV-5,1.000
57.56,UAV-2,UAV-6,1.000
57.56,UAV-3,GCS,1.000
57.56,UAV-3,UAV-4,1.000
57.56,UAV-3,UAV-5,1.000
57.56,UAV-3,UAV-6,1.000
57.56,UAV-4,GCS,1.000
57.56,UAV-4,UAV-5,1.000
57.56,UAV-4,UAV-6,1.000
57.56,UAV-5,GCS,1.000
57.56,UAV-5,UAV-6,1.000
57.56,UAV-6,GCS,1.000
58.56,UAV-1,GCS,1.000
58.56,UAV-1,UAV-2,1.000
58.56,UAV-1,UAV-3,1.000
58.56,UAV-1,UAV-4,1.000
58.56,UAV-1,UAV-5,1.000
58.56,UAV-1,UAV-6,1.000
58.56,UAV-2,GCS,1.000
58.56,UAV-2,UAV-3,1.000
58.56,UAV-2,UAV-4,1.000
58.56,UAV-2,UAV-5,1.000
58.56,UAV-2,UAV-6,1.000
58.56,UAV-3,GCS,1.000
58.56,UAV-3,UAV-4,1.000
58.56,UAV-3,UAV-5,1.000
58.56,UAV-3,UAV-6,1.000
58.56,UAV-4,GCS,1.000
58.56,UAV-4,UAV-5,1.000
58.56,UAV-4,UAV-6,1.000
58.56,UAV-5,GCS,1.000
58.56,UAV-5,UAV-6,1.000
58.56,UAV-6,GCS,1.000
59.56,UAV-1,GCS,1.000
59.56,UAV-1,UAV-2,1.000
59.56,UAV-1,UAV-3,1.000
59.56,UAV-1,UAV-4,1.000
59.56,UAV-1,UAV-5,1.000
59.56,UAV-1,UAV-6,1.000
59.56,UAV-2,GCS,1.000
59.56,UAV-2,UAV-3,1.000
59.56,UAV-2,UAV-4,1.000
59.56,UAV-2,UAV-5,1.000
59.56,UAV-2,UAV-6,1.000
59.56,UAV-3,GCS,1.000
59.56,UAV-3,UAV-4,1.000
59.56,UAV-3,UAV-5,1.000
59.56,UAV-3,UAV-6,1.000
59.56,UAV-4,GCS,1.000
59.56,UAV-4,UAV-5,1.000
59.56,UAV-4,UAV-6,1.000
59.56,UAV-5,GCS,1.000
59.56,UAV-5,UAV-6,1.000
59.56,UAV-6,GCS,1.000
60.56,UAV-1,GCS,1.000
60.56,UAV-1,UAV-2,1.000
60.56,UAV-1,UAV-3,1.000
60.56,UAV-1,UAV-4,1.000
60.56,UAV-1,UAV-5,1.000
60.56,UAV-1,UAV-6,1.000
60.56,UAV-2,GCS,1.000
60.56,UAV-2,UAV-3,1.000
60.56,UAV-2,UAV-4,1.000
60.56,UAV-2,UAV-5,1.000
60.56,UAV-2,UAV-6,1.000
60.56,UAV-3,GCS,1.000
60.56,UAV-3,UAV-4,1.000
60.56,UAV-3,UAV-5,1.000
60.56,UAV-3,UAV-6,1.000
60.56,UAV-4,GCS,1.000
60.56,UAV-4,UAV-5,1.000
60.56,UAV-4,UAV-6,1.000
60.56,UAV-5,GCS,1.000
60.56,UAV-5,UAV-6,1.000
60.56,UAV-6,GCS,1.000
61.56,UAV-1,GCS,1.000
61.56,UAV-1,UAV-2,1.000
61.56,UAV-1,UAV-3,1.000
61.56,UAV-1,UAV-4,1.000
61.56,UAV-1,UAV-5,1.000
61.56,UAV-1,UAV-6,1.000
61.56,UAV-2,GCS,1.000
61.56,UAV-2,UAV-3,1.000
61.56,UAV-2,UAV-4,1.000
61.56,UAV-2,UAV-5,1.000
61.56,UAV-2,UAV-6,1.000
61.56,UAV-3,GCS,1.000
61.56,UAV-3,UAV-4,1.000
61.56,UAV-3,UAV-5,1.000
61.56,UAV-3,UAV-6,1.000
61.56,UAV-4,GCS,1.000
61.56,UAV-4,UAV-5,1.000
61.56,UAV-4,UAV-6,1.000
61.56,UAV-5,GCS,1.000
61.56,UAV-5,UAV-6,1.000
61.56,UAV-6,GCS,1.000
62.56,UAV-1,GCS,1.000
62.56,UAV-1,UAV-2,1.000
62.56,UAV-1,UAV-3,1.000
62.56,UAV-1,UAV-4,1.000
62.56,UAV-1,UAV-5,1.000
62.56,UAV-1,UAV-6,1.000
62.56,UAV-2,GCS,1.000
62.56,UAV-2,UAV-3,1.000
62.56,UAV-2,UAV-4,1.000
62.56,UAV-2,UAV-5,1.000
62.56,UAV-2,UAV-6,1.000
62.56,UAV-3,GCS,1.000
62.56,UAV-3,UAV-4,1.000
62.56,UAV-3,UAV-5,1.000
62.56,UAV-3,UAV-6,1.000
62.56,UAV-4,GCS,1.000
62.56,UAV-4,UAV-5,1.000
62.56,UAV-4,UAV-6,1.000
62.56,UAV-5,GCS,1.000
62.56,UAV-5,UAV-6,1.000
62.56,UAV-6,GCS,1.000
63.56,UAV-1,GCS,1.000
63.56,UAV-1,UAV-2,1.000
63.56,UAV-1,UAV-3,1.000
63.56,UAV-1,UAV-4,1.000
63.56,UAV-1,UAV-5,1.000
63.56,UAV-1,UAV-6,1.000
63.56,UAV-2,GCS,1.000
63.56,UAV-2,UAV-3,1.000
63.56,UAV-2,UAV-4,1.000
63.56,UAV-2,UAV-5,1.000
63.56,UAV-2,UAV-6,1.000
63.56,UAV-3,GCS,1.000
63.56,UAV-3,UAV-4,1.000
63.56,UAV-3,UAV-5,1.000
63.56,UAV-3,UAV-6,1.000
63.56,UAV-4,GCS,1.000
63.56,UAV-4,UAV-5,1.000
63.56,UAV-4,UAV-6,1.000
63.56,UAV-5,GCS,1.000
63.56,UAV-5,UAV-6,1.000
63.56,UAV-6,GCS,1.000
64.58,UAV-1,GCS,1.000
64.58,UAV-1,UAV-2,1.000
64.58,UAV-1,UAV-3,1.000
64.58,UAV-1,UAV-4,1.000
64.58,UAV-1,UAV-5,1.000
64.58,UAV-1,UAV-6,1.000
64.58,UAV-2,GCS,1.000
64.58,UAV-2,UAV-3,1.000
64.58,UAV-2,UAV-4,1.000
64.58,UAV-2,UAV-5,1.000
64.58,UAV-2,UAV-6,1.000
64.58,UAV-3,GCS,1.000
64.58,UAV-3,UAV-4,1.000
64.58,UAV-3,UAV-5,1.000
64.58,UAV-3,UAV-6,1.000
64.58,UAV-4,GCS,1.000
64.58,UAV-4,UAV-5,1.000
64.58,UAV-4,UAV-6,1.000
64.58,UAV-5,GCS,1.000
64.58,UAV-5,UAV-6,1.000
64.58,UAV-6,GCS,1.000
65.60,UAV-1,GCS,1.000
65.60,UAV-1,UAV-2,1.000
65.60,UAV-1,UAV-3,1.000
65.60,UAV-1,UAV-4,1.000
65.60,UAV-1,UAV-5,1.000
65.60,UAV-1,UAV-6,1.000
65.60,UAV-2,GCS,1.000
65.60,UAV-2,UAV-3,1.000
65.60,UAV-2,UAV-4,1.000
65.60,UAV-2,UAV-5,1.000
65.60,UAV-2,UAV-6,1.000
65.60,UAV-3,GCS,1.000
65.60,UAV-3,UAV-4,1.000
65.60,UAV-3,UAV-5,1.000
65.60,UAV-3,UAV-6,1.000
65.60,UAV-4,GCS,1.000
65.60,UAV-4,UAV-5,1.000
65.60,UAV-4,UAV-6,1.000
65.60,UAV-5,GCS,1.000
65.60,UAV-5,UAV-6,1.000
65.60,UAV-6,GCS,1.000
66.62,UAV-1,GCS,1.000
66.62,UAV-1,UAV-2,1.000
66.62,UAV-1,UAV-3,1.000
66.62,UAV-1,UAV-4,1.000
66.62,UAV-1,UAV-5,1.000
66.62,UAV-1,UAV-6,1.000
66.62,UAV-2,GCS,1.000
66.62,UAV-2,UAV-3,1.000
66.62,UAV-2,UAV-4,1.000
66.62,UAV-2,UAV-5,1.000
66.62,UAV-2,UAV-6,1.000
66.62,UAV-3,GCS,1.000
66.62,UAV-3,UAV-4,1.000
66.62,UAV-3,UAV-5,1.000
66.62,UAV-3,UAV-6,1.000
66.62,UAV-4,GCS,1.000
66.62,UAV-4,UAV-5,1.000
66.62,UAV-4,UAV-6,1.000
66.62,UAV-5,GCS,1.000
66.62,UAV-5,UAV-6,1.000
66.62,UAV-6,GCS,1.000
67.64,UAV-1,GCS,1.000
67.64,UAV-1,UAV-2,1.000
67.64,UAV-1,UAV-3,1.000
67.64,UAV-1,UAV-4,1.000
67.64,UAV-1,UAV-5,1.000
67.64,UAV-1,UAV-6,1.000
67.64,UAV-2,GCS,1.000
67.64,UAV-2,UAV-3,1.000
67.64,UAV-2,UAV-4,1.000
67.64,UAV-2,UAV-5,1.000
67.64,UAV-2,UAV-6,1.000
67.64,UAV-3,GCS,1.000
67.64,UAV-3,UAV-4,1.000
67.64,UAV-3,UAV-5,1.000
67.64,UAV-3,UAV-6,1.000
67.64,UAV-4,GCS,1.000
67.64,UAV-4,UAV-5,1.000
67.64,UAV-4,UAV-6,1.000
67.64,UAV-5,GCS,1.000
67.64,UAV-5,UAV-6,1.000
67.64,UAV-6,GCS,1.000
68.66,UAV-1,GCS,1.000
68.66,UAV-1,UAV-2,1.000
68.66,UAV-1,UAV-3,1.000
68.66,UAV-1,UAV-4,1.000
68.66,UAV-1,UAV-5,1.000
68.66,UAV-1,UAV-6,1.000
68.66,UAV-2,GCS,1.000
68.66,UAV-2,UAV-3,1.000
68.66,UAV-2,UAV-4,1.000
68.66,UAV-2,UAV-5,1.000
68.66,UAV-2,UAV-6,1.000
68.66,UAV-3,GCS,1.000
68.66,UAV-3,UAV-4,1.000
68.66,UAV-3,UAV-5,1.000
68.66,UAV-3,UAV-6,1.000
68.66,UAV-4,GCS,1.000
68.66,UAV-4,UAV-5,1.000
68.66,UAV-4,UAV-6,1.000
68.66,UAV-5,GCS,1.000
68.66,UAV-5,UAV-6,1.000
68.66,UAV-6,GCS,1.000
69.68,UAV-1,GCS,1.000
69.68,UAV-1,UAV-2,1.000
69.68,UAV-1,UAV-3,1.000
69.68,UAV-1,UAV-4,1.000
69.68,UAV-1,UAV-5,1.000
69.68,UAV-1,UAV-6,1.000
69.68,UAV-2,GCS,1.000
69.68,UAV-2,UAV-3,1.000
69.68,UAV-2,UAV-4,1.000
69.68,UAV-2,UAV-5,1.000
69.68,UAV-2,UAV-6,1.000
69.68,UAV-3,GCS,1.000
69.68,UAV-3,UAV-4,1.000
69.68,UAV-3,UAV-5,1.000
69.68,UAV-3,UAV-6,1.000
69.68,UAV-4,GCS,1.000
69.68,UAV-4,UAV-5,1.000
69.68,UAV-4,UAV-6,1.000
69.68,UAV-5,GCS,1.000
69.68,UAV-5,UAV-6,1.000
69.68,UAV-6,GCS,1.000
70.70,UAV-1,GCS,1.000
70.70,UAV-1,UAV-2,1.000
70.70,UAV-1,UAV-3,1.000
70.70,UAV-1,UAV-4,1.000
70.70,UAV-1,UAV-5,1.000
70.70,UAV-1,UAV-6,1.000
70.70,UAV-2,GCS,1.000
70.70,UAV-2,UAV-3,1.000
70.70,UAV-2,UAV-4,1.000
70.70,UAV-2,UAV-5,1.000
70.70,UAV-2,UAV-6,1.000
70.70,UAV-3,GCS,1.000
70.70,UAV-3,UAV-4,1.000
70.70,UAV-3,UAV-5,1.000
70.70,UAV-3,UAV-6,1.000
70.70,UAV-4,GCS,1.000
70.70,UAV-4,UAV-5,1.000
70.70,UAV-4,UAV-6,1.000
70.70,UAV-5,GCS,1.000
70.70,UAV-5,UAV-6,1.000
70.70,UAV-6,GCS,1.000
71.72,UAV-1,GCS,1.000
71.72,UAV-1,UAV-2,1.000
71.72,UAV-1,UAV-3,1.000
71.72,UAV-1,UAV-4,1.000
71.72,UAV-1,UAV-5,1.000
71.72,UAV-1,UAV-6,1.000
71.72,UAV-2,GCS,1.000
71.72,UAV-2,UAV-3,1.000
71.72,UAV-2,UAV-4,1.000
71.72,UAV-2,UAV-5,1.000
71.72,UAV-2,UAV-6,1.000
71.72,UAV-3,GCS,1.000
71.72,UAV-3,UAV-4,1.000
71.72,UAV-3,UAV-5,1.000
71.72,UAV-3,UAV-6,1.000
71.72,UAV-4,GCS,1.000
71.72,UAV-4,UAV-5,1.000
71.72,UAV-4,UAV-6,1.000
71.72,UAV-5,GCS,1.000
71.72,UAV-5,UAV-6,1.000
71.72,UAV-6,GCS,1.000
72.74,UAV-1,GCS,1.000
72.74,UAV-1,UAV-2,1.000
72.74,UAV-1,UAV-3,1.000
72.74,UAV-1,UAV-4,1.000
72.74,UAV-1,UAV-5,1.000
72.74,UAV-1,UAV-6,1.000
72.74,UAV-2,GCS,1.000
72.74,UAV-2,UAV-3,1.000
72.74,UAV-2,UAV-4,1.000
72.74,UAV-2,UAV-5,1.000
72.74,UAV-2,UAV-6,1.000
72.74,UAV-3,GCS,1.000
72.74,UAV-3,UAV-4,1.000
72.74,UAV-3,UAV-5,1.000
72.74,UAV-3,UAV-6,1.000
72.74,UAV-4,GCS,1.000
72.74,UAV-4,UAV-5,1.000
72.74,UAV-4,UAV-6,1.000
72.74,UAV-5,GCS,1.000
72.74,UAV-5,UAV-6,1.000
72.74,UAV-6,GCS,1.000
73.76,UAV-1,GCS,1.000
73.76,UAV-1,UAV-2,1.000
73.76,UAV-1,UAV-3,1.000
73.76,UAV-1,UAV-4,1.000
73.76,UAV-1,UAV-5,1.000
73.76,UAV-1,UAV-6,1.000
73.76,UAV-2,GCS,1.000
73.76,UAV-2,UAV-3,1.000
73.76,UAV-2,UAV-4,1.000
73.76,UAV-2,UAV-5,1.000
73.76,UAV-2,UAV-6,1.000
73.76,UAV-3,GCS,1.000
73.76,UAV-3,UAV-4,1.000
73.76,UAV-3,UAV-5,1.000
73.76,UAV-3,UAV-6,1.000
73.76,UAV-4,GCS,1.000
73.76,UAV-4,UAV-5,1.000
73.76,UAV-4,UAV-6,1.000
73.76,UAV-5,GCS,1.000
73.76,UAV-5,UAV-6,1.000
73.76,UAV-6,GCS,1.000
74.78,UAV-1,GCS,1.000
74.78,UAV-1,UAV-2,1.000
74.78,UAV-1,UAV-3,1.000
74.78,UAV-1,UAV-4,1.000
74.78,UAV-1,UAV-5,1.000
74.78,UAV-1,UAV-6,1.000
74.78,UAV-2,GCS,1.000
74.78,UAV-2,UAV-3,1.000
74.78,UAV-2,UAV-4,1.000
74.78,UAV-2,UAV-5,1.000
74.78,UAV-2,UAV-6,1.000
74.78,UAV-3,GCS,1.000
74.78,UAV-3,UAV-4,1.000
74.78,UAV-3,UAV-5,1.000
74.78,UAV-3,UAV-6,1.000
74.78,UAV-4,GCS,1.000
74.78,UAV-4,UAV-5,1.000
74.78,UAV-4,UAV-6,1.000
74.78,UAV-5,GCS,1.000
74.78,UAV-5,UAV-6,1.000
74.78,UAV-6,GCS,1.000
75.80,UAV-1,GCS,1.000
75.80,UAV-1,UAV-2,1.000
75.80,UAV-1,UAV-3,1.000
75.80,UAV-1,UAV-4,1.000
75.80,UAV-1,UAV-5,1.000
75.80,UAV-1,UAV-6,1.000
75.80,UAV-2,GCS,1.000
75.80,UAV-2,UAV-3,1.000
75.80,UAV-2,UAV-4,1.000
75.80,UAV-2,UAV-5,1.000
75.80,UAV-2,UAV-6,1.000
75.80,UAV-3,GCS,1.000
75.80,UAV-3,UAV-4,1.000
75.80,UAV-3,UAV-5,1.000
75.80,UAV-3,UAV-6,1.000
75.80,UAV-4,GCS,1.000
75.80,UAV-4,UAV-5,1.000
75.80,UAV-4,UAV-6,1.000
75.80,UAV-5,GCS,1.000
75.80,UAV-5,UAV-6,1.000
75.80,UAV-6,GCS,1.000
76.82,UAV-1,GCS,1.000
76.82,UAV-1,UAV-2,1.000
76.82,UAV-1,UAV-3,1.000
76.82,UAV-1,UAV-4,1.000
76.82,UAV-1,UAV-5,1.000
76.82,UAV-1,UAV-6,1.000
76.82,UAV-2,GCS,1.000
76.82,UAV-2,UAV-3,1.000
76.82,UAV-2,UAV-4,1.000
76.82,UAV-2,UAV-5,1.000
76.82,UAV-2,UAV-6,1.000
76.82,UAV-3,GCS,1.000
76.82,UAV-3,UAV-4,1.000
76.82,UAV-3,UAV-5,1.000
76.82,UAV-3,UAV-6,1.000
76.82,UAV-4,GCS,1.000
76.82,UAV-4,UAV-5,1.000
76.82,UAV-4,UAV-6,1.000
76.82,UAV-5,GCS,1.000
76.82,UAV-5,UAV-6,1.000
76.82,UAV-6,GCS,1.000
77.84,UAV-1,GCS,1.000
77.84,UAV-1,UAV-2,1.000
77.84,UAV-1,UAV-3,1.000
77.84,UAV-1,UAV-4,1.000
77.84,UAV-1,UAV-5,1.000
77.84,UAV-1,UAV-6,1.000
77.84,UAV-2,GCS,1.000
77.84,UAV-2,UAV-3,1.000
77.84,UAV-2,UAV-4,1.000
77.84,UAV-2,UAV-5,1.000
77.84,UAV-2,UAV-6,1.000
77.84,UAV-3,GCS,1.000
77.84,UAV-3,UAV-4,1.000
77.84,UAV-3,UAV-5,1.000
77.84,UAV-3,UAV-6,1.000
77.84,UAV-4,GCS,1.000
77.84,UAV-4,UAV-5,1.000
77.84,UAV-4,UAV-6,1.000
77.84,UAV-5,GCS,1.000
77.84,UAV-5,UAV-6,1.000
77.84,UAV-6,GCS,1.000
78.86,UAV-1,GCS,1.000
78.86,UAV-1,UAV-2,1.000
78.86,UAV-1,UAV-3,1.000
78.86,UAV-1,UAV-4,1.000
78.86,UAV-1,UAV-5,1.000
78.86,UAV-1,UAV-6,1.000
78.86,UAV-2,GCS,1.000
78.86,UAV-2,UAV-3,1.000
78.86,UAV-2,UAV-4,1.000
78.86,UAV-2,UAV-5,1.000
78.86,UAV-2,UAV-6,1.000
78.86,UAV-3,GCS,1.000
78.86,UAV-3,UAV-4,1.000
78.86,UAV-3,UAV-5,1.000
78.86,UAV-3,UAV-6,1.000
78.86,UAV-4,GCS,1.000
78.86,UAV-4,UAV-5,1.000
78.86,UAV-4,UAV-6,1.000
78.86,UAV-5,GCS,1.000
78.86,UAV-5,UAV-6,1.000
78.86,UAV-6,GCS,1.000
79.88,UAV-1,GCS,1.000
79.88,UAV-1,UAV-2,1.000
79.88,UAV-1,UAV-3,1.000
79.88,UAV-1,UAV-4,1.000
79.88,UAV-1,UAV-5,1.000
79.88,UAV-1,UAV-6,1.000
79.88,UAV-2,GCS,1.000
79.88,UAV-2,UAV-3,1.000
79.88,UAV-2,UAV-4,1.000
79.88,UAV-2,UAV-5,1.000
79.88,UAV-2,UAV-6,1.000
79.88,UAV-3,GCS,1.000
79.88,UAV-3,UAV-4,1.000
79.88,UAV-3,UAV-5,1.000
79.88,UAV-3,UAV-6,1.000
79.88,UAV-4,GCS,1.000
79.88,UAV-4,UAV-5,1.000
79.88,UAV-4,UAV-6,1.000
79.88,UAV-5,GCS,1.000
79.88,UAV-5,UAV-6,1.000
79.88,UAV-6,GCS,1.000
80.90,UAV-1,GCS,1.000
80.90,UAV-1,UAV-2,1.000
80.90,UAV-1,UAV-3,1.000
80.90,UAV-1,UAV-4,1.000
80.90,UAV-1,UAV-5,1.000
80.90,UAV-1,UAV-6,1.000
80.90,UAV-2,GCS,1.000
80.90,UAV-2,UAV-3,1.000
80.90,UAV-2,UAV-4,1.000
80.90,UAV-2,UAV-5,1.000
80.90,UAV-2,UAV-6,1.000
80.90,UAV-3,GCS,1.000
80.90,UAV-3,UAV-4,1.000
80.90,UAV-3,UAV-5,1.000
80.90,UAV-3,UAV-6,1.000
80.90,UAV-4,GCS,1.000
80.90,UAV-4,UAV-5,1.000
80.90,UAV-4,UAV-6,1.000
80.90,UAV-5,GCS,1.000
80.90,UAV-5,UAV-6,1.000
80.90,UAV-6,GCS,1.000
81.92,UAV-1,GCS,1.000
81.92,UAV-1,UAV-2,1.000
81.92,UAV-1,UAV-3,1.000
81.92,UAV-1,UAV-4,1.000
81.92,UAV-1,UAV-5,1.000
81.92,UAV-1,UAV-6,1.000
81.92,UAV-2,GCS,1.000
81.92,UAV-2,UAV-3,1.000
81.92,UAV-2,UAV-4,1.000
81.92,UAV-2,UAV-5,1.000
81.92,UAV-2,UAV-6,1.000
81.92,UAV-3,GCS,1.000
81.92,UAV-3,UAV-4,1.000
81.92,UAV-3,UAV-5,1.000
81.92,UAV-3,UAV-6,1.000
81.92,UAV-4,GCS,1.000
81.92,UAV-4,UAV-5,1.000
81.92,UAV-4,UAV-6,1.000
81.92,UAV-5,GCS,1.000
81.92,UAV-5,UAV-6,1.000
81.92,UAV-6,GCS,1.000
82.94,UAV-1,GCS,1.000
82.94,UAV-1,UAV-2,1.000
82.94,UAV-1,UAV-3,1.000
82.94,UAV-1,UAV-4,1.000
82.94,UAV-1,UAV-5,1.000
82.94,UAV-1,UAV-6,1.000
82.94,UAV-2,GCS,1.000
82.94,UAV-2,UAV-3,1.000
82.94,UAV-2,UAV-4,1.000
82.94,UAV-2,UAV-5,1.000
82.94,UAV-2,UAV-6,1.000
82.94,UAV-3,GCS,1.000
82.94,UAV-3,UAV-4,1.000
82.94,UAV-3,UAV-5,1.000
82.94,UAV-3,UAV-6,1.000
82.94,UAV-4,GCS,1.000
82.94,UAV-4,UAV-5,1.000
82.94,UAV-4,UAV-6,1.000
82.94,UAV-5,GCS,1.000
82.94,UAV-5,UAV-6,1.000
82.94,UAV-6,GCS,1.000
83.96,UAV-1,GCS,1.000
83.96,UAV-1,UAV-2,1.000
83.96,UAV-1,UAV-3,1.000
83.96,UAV-1,UAV-4,1.000
83.96,UAV-1,UAV-5,1.000
83.96,UAV-1,UAV-6,1.000
83.96,UAV-2,GCS,1.000
83.96,UAV-2,UAV-3,1.000
83.96,UAV-2,UAV-4,1.000
83.96,UAV-2,UAV-5,1.000
83.96,UAV-2,UAV-6,1.000
83.96,UAV-3,GCS,1.000
83.96,UAV-3,UAV-4,1.000
83.96,UAV-3,UAV-5,1.000
83.96,UAV-3,UAV-6,1.000
83.96,UAV-4,GCS,1.000
83.96,UAV-4,UAV-5,1.000
83.96,UAV-4,UAV-6,1.000
83.96,UAV-5,GCS,1.000
83.96,UAV-5,UAV-6,1.000
83.96,UAV-6,GCS,1.000
84.98,UAV-1,GCS,1.000
84.98,UAV-1,UAV-2,1.000
84.98,UAV-1,UAV-3,1.000
84.98,UAV-1,UAV-4,1.000
84.98,UAV-1,UAV-5,1.000
84.98,UAV-1,UAV-6,1.000
84.98,UAV-2,GCS,1.000
84.98,UAV-2,UAV-3,1.000
84.98,UAV-2,UAV-4,1.000
84.98,UAV-2,UAV-5,1.000
84.98,UAV-2,UAV-6,1.000
84.98,UAV-3,GCS,1.000
84.98,UAV-3,UAV-4,1.000
84.98,UAV-3,UAV-5,1.000
84.98,UAV-3,UAV-6,1.000
84.98,UAV-4,GCS,1.000
84.98,UAV-4,UAV-5,1.000
84.98,UAV-4,UAV-6,1.000
84.98,UAV-5,GCS,1.000
84.98,UAV-5,UAV-6,1.000
84.98,UAV-6,GCS,1.000
86.00,UAV-1,GCS,1.000
86.00,UAV-1,UAV-2,1.000
86.00,UAV-1,UAV-3,1.000
86.00,UAV-1,UAV-4,1.000
86.00,UAV-1,UAV-5,1.000
86.00,UAV-1,UAV-6,1.000
86.00,UAV-2,GCS,1.000
86.00,UAV-2,UAV-3,1.000
86.00,UAV-2,UAV-4,1.000
86.00,UAV-2,UAV-5,1.000
86.00,UAV-2,UAV-6,1.000
86.00,UAV-3,GCS,1.000
86.00,UAV-3,UAV-4,1.000
86.00,UAV-3,UAV-5,1.000
86.00,UAV-3,UAV-6,1.000
86.00,UAV-4,GCS,1.000
86.00,UAV-4,UAV-5,1.000
86.00,UAV-4,UAV-6,1.000
86.00,UAV-5,GCS,1.000
86.00,UAV-5,UAV-6,1.000
86.00,UAV-6,GCS,1.000
87.02,UAV-1,GCS,1.000
87.02,UAV-1,UAV-2,1.000
87.02,UAV-1,UAV-3,1.000
87.02,UAV-1,UAV-4,1.000
87.02,UAV-1,UAV-5,1.000
87.02,UAV-1,UAV-6,1.000
87.02,UAV-2,GCS,1.000
87.02,UAV-2,UAV-3,1.000
87.02,UAV-2,UAV-4,1.000
87.02,UAV-2,UAV-5,1.000
87.02,UAV-2,UAV-6,1.000
87.02,UAV-3,GCS,1.000
87.02,UAV-3,UAV-4,1.000
87.02,UAV-3,UAV-5,1.000
87.02,UAV-3,UAV-6,1.000
87.02,UAV-4,GCS,1.000
87.02,UAV-4,UAV-5,1.000
87.02,UAV-4,UAV-6,1.000
87.02,UAV-5,GCS,1.000
87.02,UAV-5,UAV-6,1.000
87.02,UAV-6,GCS,1.000
88.04,UAV-1,GCS,1.000
88.04,UAV-1,UAV-2,1.000
88.04,UAV-1,UAV-3,1.000
88.04,UAV-1,UAV-4,1.000
88.04,UAV-1,UAV-5,1.000
88.04,UAV-1,UAV-6,1.000
88.04,UAV-2,GCS,1.000
88.04,UAV-2,UAV-3,1.000
88.04,UAV-2,UAV-4,1.000
88.04,UAV-2,UAV-5,1.000
88.04,UAV-2,UAV-6,1.000
88.04,UAV-3,GCS,1.000
88.04,UAV-3,UAV-4,1.000
88.04,UAV-3,UAV-5,1.000
88.04,UAV-3,UAV-6,1.000
88.04,UAV-4,GCS,1.000
88.04,UAV-4,UAV-5,1.000
88.04,UAV-4,UAV-6,1.000
88.04,UAV-5,GCS,1.000
88.04,UAV-5,UAV-6,1.000
88.04,UAV-6,GCS,1.000
89.06,UAV-1,GCS,1.000
89.06,UAV-1,UAV-2,1.000
89.06,UAV-1,UAV-3,1.000
89.06,UAV-1,UAV-4,1.000
89.06,UAV-1,UAV-5,1.000
89.06,UAV-1,UAV-6,1.000
89.06,UAV-2,GCS,1.000
89.06,UAV-2,UAV-3,1.000
89.06,UAV-2,UAV-4,1.000
89.06,UAV-2,UAV-5,1.000
89.06,UAV-2,UAV-6,1.000
89.06,UAV-3,GCS,1.000
89.06,UAV-3,UAV-4,1.000
89.06,UAV-3,UAV-5,1.000
89.06,UAV-3,UAV-6,1.000
89.06,UAV-4,GCS,1.000
89.06,UAV-4,UAV-5,1.000
89.06,UAV-4,UAV-6,1.000
89.06,UAV-5,GCS,1.000
89.06,UAV-5,UAV-6,1.000
89.06,UAV-6,GCS,1.000
90.08,UAV-1,GCS,1.000
90.08,UAV-1,UAV-2,1.000
90.08,UAV-1,UAV-3,1.000
90.08,UAV-1,UAV-4,1.000
90.08,UAV-1,UAV-5,1.000
90.08,UAV-1,UAV-6,1.000
90.08,UAV-2,GCS,0.994
90.08,UAV-2,UAV-3,1.000
90.08,UAV-2,UAV-4,1.000
90.08,UAV-2,UAV-5,1.000
90.08,UAV-2,UAV-6,1.000
90.08,UAV-3,GCS,1.000
90.08,UAV-3,UAV-4,1.000
90.08,UAV-3,UAV-5,1.000
90.08,UAV-3,UAV-6,1.000
90.08,UAV-4,GCS,1.000
90.08,UAV-4,UAV-5,1.000
90.08,UAV-4,UAV-6,1.000
90.08,UAV-5,GCS,1.000
90.08,UAV-5,UAV-6,1.000
90.08,UAV-6,GCS,1.000
91.10,UAV-1,GCS,1.000
91.10,UAV-1,UAV-2,1.000
91.10,UAV-1,UAV-3,1.000
91.10,UAV-1,UAV-4,1.000
91.10,UAV-1,UAV-5,1.000
91.10,UAV-1,UAV-6,1.000
91.10,UAV-2,GCS,1.000
91.10,UAV-2,UAV-3,1.000
91.10,UAV-2,UAV-4,1.000
91.10,UAV-2,UAV-5,1.000
91.10,UAV-2,UAV-6,1.000
91.10,UAV-3,GCS,1.000
91.10,UAV-3,UAV-4,1.000
91.10,UAV-3,UAV-5,1.000
91.10,UAV-3,UAV-6,1.000
91.10,UAV-4,GCS,1.000
91.10,UAV-4,UAV-5,1.000
91.10,UAV-4,UAV-6,1.000
91.10,UAV-5,GCS,1.000
91.10,UAV-5,UAV-6,1.000
91.10,UAV-6,GCS,1.000
92.12,UAV-1,GCS,1.000
92.12,UAV-1,UAV-2,1.000
92.12,UAV-1,UAV-3,1.000
92.12,UAV-1,UAV-4,1.000
92.12,UAV-1,UAV-5,1.000
92.12,UAV-1,UAV-6,1.000
92.12,UAV-2,GCS,1.000
92.12,UAV-2,UAV-3,1.000
92.12,UAV-2,UAV-4,1.000
92.12,UAV-2,UAV-5,1.000
92.12,UAV-2,UAV-6,1.000
92.12,UAV-3,GCS,1.000
92.12,UAV-3,UAV-4,1.000
92.12,UAV-3,UAV-5,1.000
92.12,UAV-3,UAV-6,1.000
92.12,UAV-4,GCS,1.000
92.12,UAV-4,UAV-5,1.000
92.12,UAV-4,UAV-6,1.000
92.12,UAV-5,GCS,1.000
92.12,UAV-5,UAV-6,1.000
92.12,UAV-6,GCS,1.000
93.14,UAV-1,GCS,1.000
93.14,UAV-1,UAV-2,1.000
93.14,UAV-1,UAV-3,1.000
93.14,UAV-1,UAV-4,1.000
93.14,UAV-1,UAV-5,1.000
93.14,UAV-1,UAV-6,1.000
93.14,UAV-2,GCS,0.958
93.14,UAV-2,UAV-3,1.000
93.14,UAV-2,UAV-4,1.000
93.14,UAV-2,UAV-5,1.000
93.14,UAV-2,UAV-6,1.000
93.14,UAV-3,GCS,1.000
93.14,UAV-3,UAV-4,1.000
93.14,UAV-3,UAV-5,1.000
93.14,UAV-3,UAV-6,1.000
93.14,UAV-4,GCS,1.000
93.14,UAV-4,UAV-5,1.000
93.14,UAV-4,UAV-6,1.000
93.14,UAV-5,GCS,1.000
93.14,UAV-5,UAV-6,1.000
93.14,UAV-6,GCS,1.000
94.16,UAV-1,GCS,1.000
94.16,UAV-1,UAV-2,1.000
94.16,UAV-1,UAV-3,1.000
94.16,UAV-1,UAV-4,1.000
94.16,UAV-1,UAV-5,1.000
94.16,UAV-1,UAV-6,1.000
94.16,UAV-2,GCS,1.000
94.16,UAV-2,UAV-3,1.000
94.16,UAV-2,UAV-4,1.000
94.16,UAV-2,UAV-5,1.000
94.16,UAV-2,UAV-6,1.000
94.16,UAV-3,GCS,1.000
94.16,UAV-3,UAV-4,1.000
94.16,UAV-3,UAV-5,1.000
94.16,UAV-3,UAV-6,1.000
94.16,UAV-4,GCS,1.000
94.16,UAV-4,UAV-5,1.000
94.16,UAV-4,UAV-6,1.000
94.16,UAV-5,GCS,1.000
94.16,UAV-5,UAV-6,1.000
94.16,UAV-6,GCS,1.000
95.18,UAV-1,GCS,1.000
95.18,UAV-1,UAV-2,1.000
95.18,UAV-1,UAV-3,1.000
95.18,UAV-1,UAV-4,1.000
95.18,UAV-1,UAV-5,1.000
95.18,UAV-1,UAV-6,1.000
95.18,UAV-2,GCS,1.000
95.18,UAV-2,UAV-3,1.000
95.18,UAV-2,UAV-4,1.000
95.18,UAV-2,UAV-5,1.000
95.18,UAV-2,UAV-6,1.000
95.18,UAV-3,GCS,1.000
95.18,UAV-3,UAV-4,1.000
95.18,UAV-3,UAV-5,1.000
95.18,UAV-3,UAV-6,1.000
95.18,UAV-4,GCS,1.000
95.18,UAV-4,UAV-5,1.000
95.18,UAV-4,UAV-6,1.000
95.18,UAV-5,GCS,1.000
95.18,UAV-5,UAV-6,1.000
95.18,UAV-6,GCS,1.000
96.20,UAV-1,GCS,1.000
96.20,UAV-1,UAV-2,1.000
96.20,UAV-1,UAV-3,1.000
96.20,UAV-1,UAV-4,1.000
96.20,UAV-1,UAV-5,1.000
96.20,UAV-1,UAV-6,1.000
96.20,UAV-2,GCS,1.000
96.20,UAV-2,UAV-3,1.000
96.20,UAV-2,UAV-4,1.000
96.20,UAV-2,UAV-5,1.000
96.20,UAV-2,UAV-6,1.000
96.20,UAV-3,GCS,1.000
96.20,UAV-3,UAV-4,1.000
96.20,UAV-3,UAV-5,1.000
96.20,UAV-3,UAV-6,1.000
96.20,UAV-4,GCS,1.000
96.20,UAV-4,UAV-5,1.000
96.20,UAV-4,UAV-6,1.000
96.20,UAV-5,GCS,1.000
96.20,UAV-5,UAV-6,1.000
96.20,UAV-6,GCS,1.000
97.22,UAV-1,GCS,1.000
97.22,UAV-1,UAV-2,1.000
97.22,UAV-1,UAV-3,1.000
97.22,UAV-1,UAV-4,1.000
97.22,UAV-1,UAV-5,1.000
97.22,UAV-1,UAV-6,1.000
97.22,UAV-2,GCS,1.000
97.22,UAV-2,UAV-3,1.000
97.22,UAV-2,UAV-4,1.000
97.22,UAV-2,UAV-5,1.000
97.22,UAV-2,UAV-6,1.000
97.22,UAV-3,GCS,1.000
97.22,UAV-3,UAV-4,1.000
97.22,UAV-3,UAV-5,1.000
97.22,UAV-3,UAV-6,1.000
97.22,UAV-4,GCS,1.000
97.22,UAV-4,UAV-5,1.000
97.22,UAV-4,UAV-6,1.000
97.22,UAV-5,GCS,1.000
97.22,UAV-5,UAV-6,1.000
97.22,UAV-6,GCS,1.000
98.24,UAV-1,GCS,1.000
98.24,UAV-1,UAV-2,1.000
98.24,UAV-1,UAV-3,1.000
98.24,UAV-1,UAV-4,1.000
98.24,UAV-1,UAV-5,1.000
98.24,UAV-1,UAV-6,1.000
98.24,UAV-2,GCS,1.000
98.24,UAV-2,UAV-3,1.000
98.24,UAV-2,UAV-4,1.000
98.24,UAV-2,UAV-5,1.000
98.24,UAV-2,UAV-6,1.000
98.24,UAV-3,GCS,1.000
98.24,UAV-3,UAV-4,1.000
98.24,UAV-3,UAV-5,1.000
98.24,UAV-3,UAV-6,1.000
98.24,UAV-4,GCS,1.000
98.24,UAV-4,UAV-5,1.000
98.24,UAV-4,UAV-6,1.000
98.24,UAV-5,GCS,1.000
98.24,UAV-5,UAV-6,1.000
98.24,UAV-6,GCS,1.000
99.26,UAV-1,GCS,1.000
99.26,UAV-1,UAV-2,1.000
99.26,UAV-1,UAV-3,1.000
99.26,UAV-1,UAV-4,1.000
99.26,UAV-1,UAV-5,1.000
99.26,UAV-1,UAV-6,1.000
99.26,UAV-2,GCS,1.000
99.26,UAV-2,UAV-3,1.000
99.26,UAV-2,UAV-4,1.000
99.26,UAV-2,UAV-5,1.000
99.26,UAV-2,UAV-6,1.000
99.26,UAV-3,GCS,1.000
99.26,UAV-3,UAV-4,1.000
99.26,UAV-3,UAV-5,1.000
99.26,UAV-3,UAV-6,1.000
99.26,UAV-4,GCS,1.000
99.26,UAV-4,UAV-5,1.000
99.26,UAV-4,UAV-6,1.000
99.26,UAV-5,GCS,1.000
99.26,UAV-5,UAV-6,1.000
99.26,UAV-6,GCS,1.000
100.28,UAV-1,GCS,1.000
100.28,UAV-1,UAV-2,1.000
100.28,UAV-1,UAV-3,1.000
100.28,UAV-1,UAV-4,1.000
100.28,UAV-1,UAV-5,1.000
100.28,UAV-1,UAV-6,1.000
100.28,UAV-2,GCS,1.000
100.28,UAV-2,UAV-3,1.000
100.28,UAV-2,UAV-4,1.000
100.28,UAV-2,UAV-5,1.000
100.28,UAV-2,UAV-6,1.000
100.28,UAV-3,GCS,1.000
100.28,UAV-3,UAV-4,1.000
100.28,UAV-3,UAV-5,1.000
100.28,UAV-3,UAV-6,1.000
100.28,UAV-4,GCS,1.000
100.28,UAV-4,UAV-5,1.000
100.28,UAV-4,UAV-6,1.000
100.28,UAV-5,GCS,1.000
100.28,UAV-5,UAV-6,1.000
100.28,UAV-6,GCS,1.000
101.30,UAV-1,GCS,1.000
101.30,UAV-1,UAV-2,1.000
101.30,UAV-1,UAV-3,1.000
101.30,UAV-1,UAV-4,1.000
101.30,UAV-1,UAV-5,1.000
101.30,UAV-1,UAV-6,1.000
101.30,UAV-2,GCS,1.000
101.30,UAV-2,UAV-3,1.000
101.30,UAV-2,UAV-4,1.000
101.30,UAV-2,UAV-5,1.000
101.30,UAV-2,UAV-6,1.000
101.30,UAV-3,GCS,1.000
101.30,UAV-3,UAV-4,1.000
101.30,UAV-3,UAV-5,1.000
101.30,UAV-3,UAV-6,1.000
101.30,UAV-4,GCS,1.000
101.30,UAV-4,UAV-5,1.000
101.30,UAV-4,UAV-6,1.000
101.30,UAV-5,GCS,1.000
101.30,UAV-5,UAV-6,1.000
101.30,UAV-6,GCS,1.000
102.32,UAV-1,GCS,1.000
102.32,UAV-1,UAV-2,1.000
102.32,UAV-1,UAV-3,1.000
102.32,UAV-1,UAV-4,1.000
102.32,UAV-1,UAV-5,1.000
102.32,UAV-1,UAV-6,1.000
102.32,UAV-2,GCS,1.000
102.32,UAV-2,UAV-3,1.000
102.32,UAV-2,UAV-4,1.000
102.32,UAV-2,UAV-5,1.000
102.32,UAV-2,UAV-6,1.000
102.32,UAV-3,GCS,1.000
102.32,UAV-3,UAV-4,1.000
102.32,UAV-3,UAV-5,1.000
102.32,UAV-3,UAV-6,1.000
102.32,UAV-4,GCS,1.000
102.32,UAV-4,UAV-5,1.000
102.32,UAV-4,UAV-6,1.000
102.32,UAV-5,GCS,1.000
102.32,UAV-5,UAV-6,1.000
102.32,UAV-6,GCS,1.000
103.34,UAV-1,GCS,1.000
103.34,UAV-1,UAV-2,1.000
103.34,UAV-1,UAV-3,1.000
103.34,UAV-1,UAV-4,1.000
103.34,UAV-1,UAV-5,1.000
103.34,UAV-1,UAV-6,1.000
103.34,UAV-2,GCS,1.000
103.34,UAV-2,UAV-3,1.000
103.34,UAV-2,UAV-4,1.000
103.34,UAV-2,UAV-5,1.000
103.34,UAV-2,UAV-6,1.000
103.34,UAV-3,GCS,1.000
103.34,UAV-3,UAV-4,1.000
103.34,UAV-3,UAV-5,1.000
103.34,UAV-3,UAV-6,1.000
103.34,UAV-4,GCS,1.000
103.34,UAV-4,UAV-5,1.000
103.34,UAV-4,UAV-6,1.000
103.34,UAV-5,GCS,1.000
103.34,UAV-5,UAV-6,1.000
103.34,UAV-6,GCS,1.000
104.36,UAV-1,GCS,1.000
104.36,UAV-1,UAV-2,1.000
104.36,UAV-1,UAV-3,1.000
104.36,UAV-1,UAV-4,1.000
104.36,UAV-1,UAV-5,1.000
104.36,UAV-1,UAV-6,1.000
104.36,UAV-2,GCS,1.000
104.36,UAV-2,UAV-3,1.000
104.36,UAV-2,UAV-4,1.000
104.36,UAV-2,UAV-5,1.000
104.36,UAV-2,UAV-6,1.000
104.36,UAV-3,GCS,1.000
104.36,UAV-3,UAV-4,1.000
104.36,UAV-3,UAV-5,1.000
104.36,UAV-3,UAV-6,1.000
104.36,UAV-4,GCS,1.000
104.36,UAV-4,UAV-5,1.000
104.36,UAV-4,UAV-6,1.000
104.36,UAV-5,GCS,1.000
104.36,UAV-5,UAV-6,1.000
104.36,UAV-6,GCS,1.000
105.38,UAV-1,GCS,1.000
105.38,UAV-1,UAV-2,1.000
105.38,UAV-1,UAV-3,1.000
105.38,UAV-1,UAV-4,1.000
105.38,UAV-1,UAV-5,1.000
105.38,UAV-1,UAV-6,1.000
105.38,UAV-2,GCS,1.000
105.38,UAV-2,UAV-3,1.000
105.38,UAV-2,UAV-4,1.000
105.38,UAV-2,UAV-5,1.000
105.38,UAV-2,UAV-6,1.000
105.38,UAV-3,GCS,1.000
105.38,UAV-3,UAV-4,1.000
105.38,UAV-3,UAV-5,1.000
105.38,UAV-3,UAV-6,1.000
105.38,UAV-4,GCS,1.000
105.38,UAV-4,UAV-5,1.000
105.38,UAV-4,UAV-6,1.000
105.38,UAV-5,GCS,1.000
105.38,UAV-5,UAV-6,1.000
105.38,UAV-6,GCS,1.000
106.40,UAV-1,GCS,1.000
106.40,UAV-1,UAV-2,1.000
106.40,UAV-1,UAV-3,1.000
106.40,UAV-1,UAV-4,1.000
106.40,UAV-1,UAV-5,1.000
106.40,UAV-1,UAV-6,1.000
106.40,UAV-2,GCS,1.000
106.40,UAV-2,UAV-3,1.000
106.40,UAV-2,UAV-4,1.000
106.40,UAV-2,UAV-5,1.000
106.40,UAV-2,UAV-6,1.000
106.40,UAV-3,GCS,1.000
106.40,UAV-3,UAV-4,1.000
106.40,UAV-3,UAV-5,1.000
106.40,UAV-3,UAV-6,1.000
106.40,UAV-4,GCS,1.000
106.40,UAV-4,UAV-5,1.000
106.40,UAV-4,UAV-6,1.000
106.40,UAV-5,GCS,1.000
106.40,UAV-5,UAV-6,1.000
106.40,UAV-6,GCS,1.000
107.42,UAV-1,GCS,1.000
107.42,UAV-1,UAV-2,1.000
107.42,UAV-1,UAV-3,1.000
107.42,UAV-1,UAV-4,1.000
107.42,UAV-1,UAV-5,1.000
107.42,UAV-1,UAV-6,1.000
107.42,UAV-2,GCS,1.000
107.42,UAV-2,UAV-3,1.000
107.42,UAV-2,UAV-4,1.000
107.42,UAV-2,UAV-5,1.000
107.42,UAV-2,UAV-6,1.000
107.42,UAV-3,GCS,1.000
107.42,UAV-3,UAV-4,1.000
107.42,UAV-3,UAV-5,1.000
107.42,UAV-3,UAV-6,1.000
107.42,UAV-4,GCS,0.997
107.42,UAV-4,UAV-5,1.000
107.42,UAV-4,UAV-6,1.000
107.42,UAV-5,GCS,1.000
107.42,UAV-5,UAV-6,1.000
107.42,UAV-6,GCS,1.000
108.44,UAV-1,GCS,1.000
108.44,UAV-1,UAV-2,1.000
108.44,UAV-1,UAV-3,1.000
108.44,UAV-1,UAV-4,1.000
108.44,UAV-1,UAV-5,1.000
108.44,UAV-1,UAV-6,1.000
108.44,UAV-2,GCS,1.000
108.44,UAV-2,UAV-3,1.000
108.44,UAV-2,UAV-4,1.000
108.44,UAV-2,UAV-5,1.000
108.44,UAV-2,UAV-6,1.000
108.44,UAV-3,GCS,1.000
108.44,UAV-3,UAV-4,1.000
108.44,UAV-3,UAV-5,1.000
108.44,UAV-3,UAV-6,1.000
108.44,UAV-4,GCS,1.000
108.44,UAV-4,UAV-5,1.000
108.44,UAV-4,UAV-6,1.000
108.44,UAV-5,GCS,1.000
108.44,UAV-5,UAV-6,1.000
108.44,UAV-6,GCS,1.000
109.46,UAV-1,GCS,1.000
109.46,UAV-1,UAV-2,1.000
109.46,UAV-1,UAV-3,1.000
109.46,UAV-1,UAV-4,1.000
109.46,UAV-1,UAV-5,1.000
109.46,UAV-1,UAV-6,1.000
109.46,UAV-2,GCS,1.000
109.46,UAV-2,UAV-3,1.000
109.46,UAV-2,UAV-4,1.000
109.46,UAV-2,UAV-5,1.000
109.46,UAV-2,UAV-6,1.000
109.46,UAV-3,GCS,1.000
109.46,UAV-3,UAV-4,1.000
109.46,UAV-3,UAV-5,1.000
109.46,UAV-3,UAV-6,1.000
109.46,UAV-4,GCS,1.000
109.46,UAV-4,UAV-5,1.000
109.46,UAV-4,UAV-6,1.000
109.46,UAV-5,GCS,1.000
109.46,UAV-5,UAV-6,1.000
109.46,UAV-6,GCS,1.000
110.48,UAV-1,GCS,1.000
110.48,UAV-1,UAV-2,1.000
110.48,UAV-1,UAV-3,1.000
110.48,UAV-1,UAV-4,1.000
110.48,UAV-1,UAV-5,1.000
110.48,UAV-1,UAV-6,1.000
110.48,UAV-2,GCS,1.000
110.48,UAV-2,UAV-3,1.000
110.48,UAV-2,UAV-4,1.000
110.48,UAV-2,UAV-5,1.000
110.48,UAV-2,UAV-6,1.000
110.48,UAV-3,GCS,1.000
110.48,UAV-3,UAV-4,1.000
110.48,UAV-3,UAV-5,1.000
110.48,UAV-3,UAV-6,1.000
110.48,UAV-4,GCS,0.975
110.48,UAV-4,UAV-5,1.000
110.48,UAV-4,UAV-6,1.000
110.48,UAV-5,GCS,1.000
110.48,UAV-5,UAV-6,1.000
110.48,UAV-6,GCS,1.000
111.50,UAV-1,GCS,1.000
111.50,UAV-1,UAV-2,1.000
111.50,UAV-1,UAV-3,1.000
111.50,UAV-1,UAV-4,1.000
111.50,UAV-1,UAV-5,1.000
111.50,UAV-1,UAV-6,1.000
111.50,UAV-2,GCS,1.000
111.50,UAV-2,UAV-3,1.000
111.50,UAV-2,UAV-4,1.000
111.50,UAV-2,UAV-5,1.000
111.50,UAV-2,UAV-6,1.000
111.50,UAV-3,GCS,1.000
111.50,UAV-3,UAV-4,1.000
111.50,UAV-3,UAV-5,1.000
111.50,UAV-3,UAV-6,1.000
111.50,UAV-4,GCS,1.000
111.50,UAV-4,UAV-5,1.000
111.50,UAV-4,UAV-6,1.000
111.50,UAV-5,GCS,1.000
111.50,UAV-5,UAV-6,1.000
111.50,UAV-6,GCS,1.000
112.52,UAV-1,GCS,1.000
112.52,UAV-1,UAV-2,1.000
112.52,UAV-1,UAV-3,1.000
112.52,UAV-1,UAV-4,1.000
112.52,UAV-1,UAV-5,1.000
112.52,UAV-1,UAV-6,1.000
112.52,UAV-2,GCS,1.000
112.52,UAV-2,UAV-3,1.000
112.52,UAV-2,UAV-4,1.000
112.52,UAV-2,UAV-5,1.000
112.52,UAV-2,UAV-6,1.000
112.52,UAV-3,GCS,1.000
112.52,UAV-3,UAV-4,1.000
112.52,UAV-3,UAV-5,1.000
112.52,UAV-3,UAV-6,1.000
112.52,UAV-4,GCS,1.000
112.52,UAV-4,UAV-5,1.000
112.52,UAV-4,UAV-6,1.000
112.52,UAV-5,GCS,1.000
112.52,UAV-5,UAV-6,1.000
112.52,UAV-6,GCS,1.000
113.54,UAV-1,GCS,1.000
113.54,UAV-1,UAV-2,1.000
113.54,UAV-1,UAV-3,1.000
113.54,UAV-1,UAV-4,1.000
113.54,UAV-1,UAV-5,1.000
113.54,UAV-1,UAV-6,1.000
113.54,UAV-2,GCS,1.000
113.54,UAV-2,UAV-3,1.000
113.54,UAV-2,UAV-4,1.000
113.54,UAV-2,UAV-5,1.000
113.54,UAV-2,UAV-6,1.000
113.54,UAV-3,GCS,1.000
113.54,UAV-3,UAV-4,1.000
113.54,UAV-3,UAV-5,1.000
113.54,UAV-3,UAV-6,1.000
113.54,UAV-4,GCS,1.000
113.54,UAV-4,UAV-5,1.000
113.54,UAV-4,UAV-6,1.000
113.54,UAV-5,GCS,1.000
113.54,UAV-5,UAV-6,1.000
113.54,UAV-6,GCS,0.958
114.56,UAV-1,GCS,1.000
114.56,UAV-1,UAV-2,1.000
114.56,UAV-1,UAV-3,1.000
114.56,UAV-1,UAV-4,1.000
114.56,UAV-1,UAV-5,1.000
114.56,UAV-1,UAV-6,1.000
114.56,UAV-2,GCS,1.000
114.56,UAV-2,UAV-3,1.000
114.56,UAV-2,UAV-4,1.000
114.56,UAV-2,UAV-5,1.000
114.56,UAV-2,UAV-6,1.000
114.56,UAV-3,GCS,1.000
114.56,UAV-3,UAV-4,1.000
114.56,UAV-3,UAV-5,1.000
114.56,UAV-3,UAV-6,1.000
114.56,UAV-4,GCS,1.000
114.56,UAV-4,UAV-5,1.000
114.56,UAV-4,UAV-6,1.000
114.56,UAV-5,GCS,1.000
114.56,UAV-5,UAV-6,1.000
114.56,UAV-6,GCS,0.955
115.58,UAV-1,GCS,1.000
115.58,UAV-1,UAV-2,1.000
115.58,UAV-1,UAV-3,1.000
115.58,UAV-1,UAV-4,1.000
115.58,UAV-1,UAV-5,1.000
115.58,UAV-1,UAV-6,1.000
115.58,UAV-2,GCS,1.000
115.58,UAV-2,UAV-3,1.000
115.58,UAV-2,UAV-4,1.000
115.58,UAV-2,UAV-5,1.000
115.58,UAV-2,UAV-6,1.000
115.58,UAV-3,GCS,1.000
115.58,UAV-3,UAV-4,1.000
115.58,UAV-3,UAV-5,1.000
115.58,UAV-3,UAV-6,1.000
115.58,UAV-4,GCS,1.000
115.58,UAV-4,UAV-5,1.000
115.58,UAV-4,UAV-6,1.000
115.58,UAV-5,GCS,1.000
115.58,UAV-5,UAV-6,1.000
115.58,UAV-6,GCS,0.893
116.60,UAV-1,GCS,0.963
116.60,UAV-1,UAV-2,1.000
116.60,UAV-1,UAV-3,1.000
116.60,UAV-1,UAV-4,1.000
116.60,UAV-1,UAV-5,1.000
116.60,UAV-1,UAV-6,1.000
116.60,UAV-2,GCS,0.958
116.60,UAV-2,UAV-3,1.000
116.60,UAV-2,UAV-4,1.000
116.60,UAV-2,UAV-5,1.000
116.60,UAV-2,UAV-6,1.000
116.60,UAV-3,GCS,1.000
116.60,UAV-3,UAV-4,1.000
116.60,UAV-3,UAV-5,1.000
116.60,UAV-3,UAV-6,1.000
116.60,UAV-4,GCS,1.000
116.60,UAV-4,UAV-5,1.000
116.60,UAV-4,UAV-6,1.000
116.60,UAV-5,GCS,1.000
116.60,UAV-5,UAV-6,1.000
116.60,UAV-6,GCS,0.814
117.62,UAV-1,GCS,1.000
117.62,UAV-1,UAV-2,1.000
117.62,UAV-1,UAV-3,1.000
117.62,UAV-1,UAV-4,1.000
117.62,UAV-1,UAV-5,1.000
117.62,UAV-1,UAV-6,1.000
117.62,UAV-2,GCS,1.000
117.62,UAV-2,UAV-3,1.000
117.62,UAV-2,UAV-4,1.000
117.62,UAV-2,UAV-5,1.000
117.62,UAV-2,UAV-6,1.000
117.62,UAV-3,GCS,1.000
117.62,UAV-3,UAV-4,1.000
117.62,UAV-3,UAV-5,1.000
117.62,UAV-3,UAV-6,1.000
117.62,UAV-4,GCS,1.000
117.62,UAV-4,UAV-5,1.000
117.62,UAV-4,UAV-6,1.000
117.62,UAV-5,GCS,1.000
117.62,UAV-5,UAV-6,1.000
117.62,UAV-6,GCS,0.487
118.64,UAV-1,GCS,0.959
118.64,UAV-1,UAV-2,1.000
118.64,UAV-1,UAV-3,1.000
118.64,UAV-1,UAV-4,1.000
118.64,UAV-1,UAV-5,1.000
118.64,UAV-1,UAV-6,1.000
118.64,UAV-2,GCS,1.000
118.64,UAV-2,UAV-3,1.000
118.64,UAV-2,UAV-4,1.000
118.64,UAV-2,UAV-5,1.000
118.64,UAV-2,UAV-6,1.000
118.64,UAV-3,GCS,1.000
118.64,UAV-3,UAV-4,1.000
118.64,UAV-3,UAV-5,1.000
118.64,UAV-3,UAV-6,1.000
118.64,UAV-4,GCS,1.000
118.64,UAV-4,UAV-5,1.000
118.64,UAV-4,UAV-6,1.000
118.64,UAV-5,GCS,1.000
118.64,UAV-5,UAV-6,1.000
118.64,UAV-6,GCS,0.659
119.66,UAV-1,GCS,1.000
119.66,UAV-1,UAV-2,1.000
119.66,UAV-1,UAV-3,1.000
119.66,UAV-1,UAV-4,1.000
119.66,UAV-1,UAV-5,1.000
119.66,UAV-1,UAV-6,1.000
119.66,UAV-2,GCS,1.000
119.66,UAV-2,UAV-3,1.000
119.66,UAV-2,UAV-4,1.000
119.66,UAV-2,UAV-5,1.000
119.66,UAV-2,UAV-6,1.000
119.66,UAV-3,GCS,1.000
119.66,UAV-3,UAV-4,1.000
119.66,UAV-3,UAV-5,1.000
119.66,UAV-3,UAV-6,1.000
119.66,UAV-4,GCS,1.000
119.66,UAV-4,UAV-5,1.000
119.66,UAV-4,UAV-6,1.000
119.66,UAV-5,GCS,1.000
119.66,UAV-5,UAV-6,1.000
119.66,UAV-6,GCS,0.748
120.68,UAV-1,GCS,0.999
120.68,UAV-1,UAV-2,1.000
120.68,UAV-1,UAV-3,1.000
120.68,UAV-1,UAV-4,1.000
120.68,UAV-1,UAV-5,1.000
120.68,UAV-1,UAV-6,1.000
120.68,UAV-2,GCS,1.000
120.68,UAV-2,UAV-3,1.000
120.68,UAV-2,UAV-4,1.000
120.68,UAV-2,UAV-5,1.000
120.68,UAV-2,UAV-6,1.000
120.68,UAV-3,GCS,1.000
120.68,UAV-3,UAV-4,1.000
120.68,UAV-3,UAV-5,1.000
120.68,UAV-3,UAV-6,1.000
120.68,UAV-4,GCS,1.000
120.68,UAV-4,UAV-5,1.000
120.68,UAV-4,UAV-6,1.000
120.68,UAV-5,GCS,1.000
120.68,UAV-5,UAV-6,1.000
120.68,UAV-6,GCS,0.881
121.70,UAV-1,GCS,0.998
121.70,UAV-1,UAV-2,1.000
121.70,UAV-1,UAV-3,1.000
121.70,UAV-1,UAV-4,1.000
121.70,UAV-1,UAV-5,1.000
121.70,UAV-1,UAV-6,1.000
121.70,UAV-2,GCS,1.000
121.70,UAV-2,UAV-3,1.000
121.70,UAV-2,UAV-4,1.000
121.70,UAV-2,UAV-5,1.000
121.70,UAV-2,UAV-6,1.000
121.70,UAV-3,GCS,1.000
121.70,UAV-3,UAV-4,1.000
121.70,UAV-3,UAV-5,1.000
121.70,UAV-3,UAV-6,1.000
121.70,UAV-4,GCS,1.000
121.70,UAV-4,UAV-5,1.000
121.70,UAV-4,UAV-6,1.000
121.70,UAV-5,GCS,1.000
121.70,UAV-5,UAV-6,1.000
121.70,UAV-6,GCS,0.999
122.72,UAV-1,GCS,1.000
122.72,UAV-1,UAV-2,1.000
122.72,UAV-1,UAV-3,1.000
122.72,UAV-1,UAV-4,1.000
122.72,UAV-1,UAV-5,1.000
122.72,UAV-1,UAV-6,1.000
122.72,UAV-2,GCS,1.000
122.72,UAV-2,UAV-3,1.000
122.72,UAV-2,UAV-4,1.000
122.72,UAV-2,UAV-5,1.000
122.72,UAV-2,UAV-6,1.000
122.72,UAV-3,GCS,1.000
122.72,UAV-3,UAV-4,1.000
122.72,UAV-3,UAV-5,1.000
122.72,UAV-3,UAV-6,1.000
122.72,UAV-4,GCS,1.000
122.72,UAV-4,UAV-5,1.000
122.72,UAV-4,UAV-6,1.000
122.72,UAV-5,GCS,1.000
122.72,UAV-5,UAV-6,1.000
122.72,UAV-6,GCS,1.000
123.74,UAV-1,GCS,1.000
123.74,UAV-1,UAV-2,1.000
123.74,UAV-1,UAV-3,1.000
123.74,UAV-1,UAV-4,1.000
123.74,UAV-1,UAV-5,1.000
123.74,UAV-1,UAV-6,1.000
123.74,UAV-2,GCS,1.000
123.74,UAV-2,UAV-3,1.000
123.74,UAV-2,UAV-4,1.000
123.74,UAV-2,UAV-5,1.000
123.74,UAV-2,UAV-6,1.000
123.74,UAV-3,GCS,1.000
123.74,UAV-3,UAV-4,1.000
123.74,UAV-3,UAV-5,1.000
123.74,UAV-3,UAV-6,1.000
123.74,UAV-4,GCS,1.000
123.74,UAV-4,UAV-5,1.000
123.74,UAV-4,UAV-6,1.000
123.74,UAV-5,GCS,1.000
123.74,UAV-5,UAV-6,1.000
123.74,UAV-6,GCS,1.000
124.76,UAV-1,GCS,0.923
124.76,UAV-1,UAV-2,1.000
124.76,UAV-1,UAV-3,1.000
124.76,UAV-1,UAV-4,1.000
124.76,UAV-1,UAV-5,1.000
124.76,UAV-1,UAV-6,1.000
124.76,UAV-2,GCS,1.000
124.76,UAV-2,UAV-3,1.000
124.76,UAV-2,UAV-4,1.000
124.76,UAV-2,UAV-5,1.000
124.76,UAV-2,UAV-6,1.000
124.76,UAV-3,GCS,1.000
124.76,UAV-3,UAV-4,1.000
124.76,UAV-3,UAV-5,1.000
124.76,UAV-3,UAV-6,1.000
124.76,UAV-4,GCS,1.000
124.76,UAV-4,UAV-5,1.000
124.76,UAV-4,UAV-6,1.000
124.76,UAV-5,GCS,1.000
124.76,UAV-5,UAV-6,1.000
124.76,UAV-6,GCS,1.000
125.78,UAV-1,GCS,0.946
125.78,UAV-1,UAV-2,1.000
125.78,UAV-1,UAV-3,1.000
125.78,UAV-1,UAV-4,1.000
125.78,UAV-1,UAV-5,1.000
125.78,UAV-1,UAV-6,1.000
125.78,UAV-2,GCS,1.000
125.78,UAV-2,UAV-3,1.000
125.78,UAV-2,UAV-4,1.000
125.78,UAV-2,UAV-5,1.000
125.78,UAV-2,UAV-6,1.000
125.78,UAV-3,GCS,1.000
125.78,UAV-3,UAV-4,1.000
125.78,UAV-3,UAV-5,1.000
125.78,UAV-3,UAV-6,1.000
125.78,UAV-4,GCS,1.000
125.78,UAV-4,UAV-5,1.000
125.78,UAV-4,UAV-6,1.000
125.78,UAV-5,GCS,1.000
125.78,UAV-5,UAV-6,1.000
125.78,UAV-6,GCS,1.000
126.80,UAV-1,GCS,0.953
126.80,UAV-1,UAV-2,1.000
126.80,UAV-1,UAV-3,1.000
126.80,UAV-1,UAV-4,1.000
126.80,UAV-1,UAV-5,1.000
126.80,UAV-1,UAV-6,1.000
126.80,UAV-2,GCS,1.000
126.80,UAV-2,UAV-3,1.000
126.80,UAV-2,UAV-4,1.000
126.80,UAV-2,UAV-5,1.000
126.80,UAV-2,UAV-6,1.000
126.80,UAV-3,GCS,1.000
126.80,UAV-3,UAV-4,1.000
126.80,UAV-3,UAV-5,1.000
126.80,UAV-3,UAV-6,1.000
126.80,UAV-4,GCS,1.000
126.80,UAV-4,UAV-5,1.000
126.80,UAV-4,UAV-6,1.000
126.80,UAV-5,GCS,1.000
126.80,UAV-5,UAV-6,1.000
126.80,UAV-6,GCS,1.000
127.82,UAV-1,GCS,0.871
127.82,UAV-1,UAV-2,1.000
127.82,UAV-1,UAV-3,1.000
127.82,UAV-1,UAV-4,1.000
127.82,UAV-1,UAV-5,1.000
127.82,UAV-1,UAV-6,1.000
127.82,UAV-2,GCS,1.000
127.82,UAV-2,UAV-3,1.000
127.82,UAV-2,UAV-4,1.000
127.82,UAV-2,UAV-5,1.000
127.82,UAV-2,UAV-6,1.000
127.82,UAV-3,GCS,1.000
127.82,UAV-3,UAV-4,1.000
127.82,UAV-3,UAV-5,1.000
127.82,UAV-3,UAV-6,1.000
127.82,UAV-4,GCS,1.000
127.82,UAV-4,UAV-5,1.000
127.82,UAV-4,UAV-6,1.000
127.82,UAV-5,GCS,1.000
127.82,UAV-5,UAV-6,1.000
127.82,UAV-6,GCS,1.000
128.82,UAV-1,GCS,0.758
128.82,UAV-1,UAV-2,1.000
128.82,UAV-1,UAV-3,1.000
128.82,UAV-1,UAV-4,1.000
128.82,UAV-1,UAV-5,1.000
128.82,UAV-1,UAV-6,1.000
128.82,UAV-2,GCS,1.000
128.82,UAV-2,UAV-3,1.000
128.82,UAV-2,UAV-4,1.000
128.82,UAV-2,UAV-5,1.000
128.82,UAV-2,UAV-6,1.000
128.82,UAV-3,GCS,1.000
128.82,UAV-3,UAV-4,1.000
128.82,UAV-3,UAV-5,1.000
128.82,UAV-3,UAV-6,1.000
128.82,UAV-4,GCS,0.995
128.82,UAV-4,UAV-5,1.000
128.82,UAV-4,UAV-6,1.000
128.82,UAV-5,GCS,0.958
128.82,UAV-5,UAV-6,1.000
128.82,UAV-6,GCS,1.000
129.82,UAV-1,GCS,0.870
129.82,UAV-1,UAV-2,1.000
129.82,UAV-1,UAV-3,1.000
129.82,UAV-1,UAV-4,1.000
129.82,UAV-1,UAV-5,1.000
129.82,UAV-1,UAV-6,1.000
129.82,UAV-2,GCS,1.000
129.82,UAV-2,UAV-3,1.000
129.82,UAV-2,UAV-4,1.000
129.82,UAV-2,UAV-5,1.000
129.82,UAV-2,UAV-6,1.000
129.82,UAV-3,GCS,1.000
129.82,UAV-3,UAV-4,1.000
129.82,UAV-3,UAV-5,1.000
129.82,UAV-3,UAV-6,1.000
129.82,UAV-4,GCS,1.000
129.82,UAV-4,UAV-5,1.000
129.82,UAV-4,UAV-6,1.000
129.82,UAV-5,GCS,1.000
129.82,UAV-5,UAV-6,1.000
129.82,UAV-6,GCS,1.000
130.82,UAV-1,GCS,0.781
130.82,UAV-1,UAV-2,1.000
130.82,UAV-1,UAV-3,1.000
130.82,UAV-1,UAV-4,1.000
130.82,UAV-1,UAV-5,1.000
130.82,UAV-1,UAV-6,1.000
130.82,UAV-2,GCS,1.000
130.82,UAV-2,UAV-3,1.000
130.82,UAV-2,UAV-4,1.000
130.82,UAV-2,UAV-5,1.000
130.82,UAV-2,UAV-6,1.000
130.82,UAV-3,GCS,1.000
130.82,UAV-3,UAV-4,1.000
130.82,UAV-3,UAV-5,1.000
130.82,UAV-3,UAV-6,1.000
130.82,UAV-4,GCS,1.000
130.82,UAV-4,UAV-5,1.000
130.82,UAV-4,UAV-6,1.000
130.82,UAV-5,GCS,1.000
130.82,UAV-5,UAV-6,1.000
130.82,UAV-6,GCS,1.000
131.82,UAV-1,GCS,0.942
131.82,UAV-1,UAV-2,1.000
131.82,UAV-1,UAV-3,1.000
131.82,UAV-1,UAV-4,1.000
131.82,UAV-1,UAV-5,1.000
131.82,UAV-1,UAV-6,1.000
131.82,UAV-2,GCS,1.000
131.82,UAV-2,UAV-3,1.000
131.82,UAV-2,UAV-4,1.000
131.82,UAV-2,UAV-5,1.000
131.82,UAV-2,UAV-6,1.000
131.82,UAV-3,GCS,1.000
131.82,UAV-3,UAV-4,1.000
131.82,UAV-3,UAV-5,1.000
131.82,UAV-3,UAV-6,1.000
131.82,UAV-4,GCS,1.000
131.82,UAV-4,UAV-5,1.000
131.82,UAV-4,UAV-6,1.000
131.82,UAV-5,GCS,1.000
131.82,UAV-5,UAV-6,1.000
131.82,UAV-6,GCS,1.000
132.82,UAV-1,GCS,0.923
132.82,UAV-1,UAV-2,1.000
132.82,UAV-1,UAV-3,1.000
132.82,UAV-1,UAV-4,1.000
132.82,UAV-1,UAV-5,1.000
132.82,UAV-1,UAV-6,1.000
132.82,UAV-2,GCS,1.000
132.82,UAV-2,UAV-3,1.000
132.82,UAV-2,UAV-4,1.000
132.82,UAV-2,UAV-5,1.000
132.82,UAV-2,UAV-6,1.000
132.82,UAV-3,GCS,1.000
132.82,UAV-3,UAV-4,1.000
132.82,UAV-3,UAV-5,1.000
132.82,UAV-3,UAV-6,1.000
132.82,UAV-4,GCS,1.000
132.82,UAV-4,UAV-5,1.000
132.82,UAV-4,UAV-6,1.000
132.82,UAV-5,GCS,1.000
132.82,UAV-5,UAV-6,1.000
132.82,UAV-6,GCS,1.000
133.82,UAV-1,GCS,0.872
133.82,UAV-1,UAV-2,1.000
133.82,UAV-1,UAV-3,1.000
133.82,UAV-1,UAV-4,1.000
133.82,UAV-1,UAV-5,1.000
133.82,UAV-1,UAV-6,1.000
133.82,UAV-2,GCS,1.000
133.82,UAV-2,UAV-3,1.000
133.82,UAV-2,UAV-4,1.000
133.82,UAV-2,UAV-5,1.000
133.82,UAV-2,UAV-6,1.000
133.82,UAV-3,GCS,1.000
133.82,UAV-3,UAV-4,1.000
133.82,UAV-3,UAV-5,1.000
133.82,UAV-3,UAV-6,1.000
133.82,UAV-4,GCS,0.967
133.82,UAV-4,UAV-5,1.000
133.82,UAV-4,UAV-6,1.000
133.82,UAV-5,GCS,1.000
133.82,UAV-5,UAV-6,1.000
133.82,UAV-6,GCS,1.000
134.82,UAV-1,GCS,0.947
134.82,UAV-1,UAV-2,1.000
134.82,UAV-1,UAV-3,1.000
134.82,UAV-1,UAV-4,1.000
134.82,UAV-1,UAV-5,1.000
134.82,UAV-1,UAV-6,1.000
134.82,UAV-2,GCS,1.000
134.82,UAV-2,UAV-3,1.000
134.82,UAV-2,UAV-4,1.000
134.82,UAV-2,UAV-5,1.000
134.82,UAV-2,UAV-6,1.000
134.82,UAV-3,GCS,1.000
134.82,UAV-3,UAV-4,1.000
134.82,UAV-3,UAV-5,1.000
134.82,UAV-3,UAV-6,1.000
134.82,UAV-4,GCS,0.893
134.82,UAV-4,UAV-5,1.000
134.82,UAV-4,UAV-6,1.000
134.82,UAV-5,GCS,1.000
134.82,UAV-5,UAV-6,1.000
134.82,UAV-6,GCS,1.000
135.82,UAV-1,GCS,0.980
135.82,UAV-1,UAV-2,1.000
135.82,UAV-1,UAV-3,1.000
135.82,UAV-1,UAV-4,1.000
135.82,UAV-1,UAV-5,1.000
135.82,UAV-1,UAV-6,1.000
135.82,UAV-2,GCS,1.000
135.82,UAV-2,UAV-3,1.000
135.82,UAV-2,UAV-4,1.000
135.82,UAV-2,UAV-5,1.000
135.82,UAV-2,UAV-6,1.000
135.82,UAV-3,GCS,1.000
135.82,UAV-3,UAV-4,1.000
135.82,UAV-3,UAV-5,1.000
135.82,UAV-3,UAV-6,1.000
135.82,UAV-4,GCS,0.779
135.82,UAV-4,UAV-5,1.000
135.82,UAV-4,UAV-6,1.000
135.82,UAV-5,GCS,1.000
135.82,UAV-5,UAV-6,1.000
135.82,UAV-6,GCS,1.000
136.82,UAV-1,GCS,0.945
136.82,UAV-1,UAV-2,1.000
136.82,UAV-1,UAV-3,1.000
136.82,UAV-1,UAV-4,1.000
136.82,UAV-1,UAV-5,1.000
136.82,UAV-1,UAV-6,1.000
136.82,UAV-2,GCS,1.000
136.82,UAV-2,UAV-3,1.000
136.82,UAV-2,UAV-4,1.000
136.82,UAV-2,UAV-5,1.000
136.82,UAV-2,UAV-6,1.000
136.82,UAV-3,GCS,1.000
136.82,UAV-3,UAV-4,1.000
136.82,UAV-3,UAV-5,1.000
136.82,UAV-3,UAV-6,1.000
136.82,UAV-4,GCS,0.801
136.82,UAV-4,UAV-5,1.000
136.82,UAV-4,UAV-6,1.000
136.82,UAV-5,GCS,1.000
136.82,UAV-5,UAV-6,1.000
136.82,UAV-6,GCS,1.000
137.82,UAV-1,GCS,0.862
137.82,UAV-1,UAV-2,1.000
137.82,UAV-1,UAV-3,1.000
137.82,UAV-1,UAV-4,1.000
137.82,UAV-1,UAV-5,1.000
137.82,UAV-1,UAV-6,1.000
137.82,UAV-2,GCS,1.000
137.82,UAV-2,UAV-3,1.000
137.82,UAV-2,UAV-4,1.000
137.82,UAV-2,UAV-5,1.000
137.82,UAV-2,UAV-6,1.000
137.82,UAV-3,GCS,1.000
137.82,UAV-3,UAV-4,1.000
137.82,UAV-3,UAV-5,1.000
137.82,UAV-3,UAV-6,1.000
137.82,UAV-4,GCS,0.682
137.82,UAV-4,UAV-5,1.000
137.82,UAV-4,UAV-6,1.000
137.82,UAV-5,GCS,1.000
137.82,UAV-5,UAV-6,1.000
137.82,UAV-6,GCS,1.000
138.82,UAV-1,GCS,0.947
138.82,UAV-1,UAV-2,1.000
138.82,UAV-1,UAV-3,1.000
138.82,UAV-1,UAV-4,1.000
138.82,UAV-1,UAV-5,1.000
138.82,UAV-1,UAV-6,1.000
138.82,UAV-2,GCS,1.000
138.82,UAV-2,UAV-3,1.000
138.82,UAV-2,UAV-4,1.000
138.82,UAV-2,UAV-5,1.000
138.82,UAV-2,UAV-6,1.000
138.82,UAV-3,GCS,1.000
138.82,UAV-3,UAV-4,1.000
138.82,UAV-3,UAV-5,1.000
138.82,UAV-3,UAV-6,1.000
138.82,UAV-4,GCS,0.877
138.82,UAV-4,UAV-5,1.000
138.82,UAV-4,UAV-6,1.000
138.82,UAV-5,GCS,1.000
138.82,UAV-5,UAV-6,1.000
138.82,UAV-6,GCS,1.000
139.82,UAV-1,GCS,0.960
139.82,UAV-1,UAV-2,1.000
139.82,UAV-1,UAV-3,1.000
139.82,UAV-1,UAV-4,1.000
139.82,UAV-1,UAV-5,1.000
139.82,UAV-1,UAV-6,1.000
139.82,UAV-2,GCS,1.000
139.82,UAV-2,UAV-3,1.000
139.82,UAV-2,UAV-4,1.000
139.82,UAV-2,UAV-5,1.000
139.82,UAV-2,UAV-6,1.000
139.82,UAV-3,GCS,1.000
139.82,UAV-3,UAV-4,1.000
139.82,UAV-3,UAV-5,1.000
139.82,UAV-3,UAV-6,1.000
139.82,UAV-4,GCS,0.748
139.82,UAV-4,UAV-5,1.000
139.82,UAV-4,UAV-6,1.000
139.82,UAV-5,GCS,1.000
139.82,UAV-5,UAV-6,1.000
139.82,UAV-6,GCS,1.000
140.82,UAV-1,GCS,0.748
140.82,UAV-1,UAV-2,1.000
140.82,UAV-1,UAV-3,1.000
140.82,UAV-1,UAV-4,1.000
140.82,UAV-1,UAV-5,1.000
140.82,UAV-1,UAV-6,1.000
140.82,UAV-2,GCS,1.000
140.82,UAV-2,UAV-3,1.000
140.82,UAV-2,UAV-4,1.000
140.82,UAV-2,UAV-5,1.000
140.82,UAV-2,UAV-6,1.000
140.82,UAV-3,GCS,1.000
140.82,UAV-3,UAV-4,1.000
140.82,UAV-3,UAV-5,1.000
140.82,UAV-3,UAV-6,1.000
140.82,UAV-4,GCS,0.567
140.82,UAV-4,UAV-5,1.000
140.82,UAV-4,UAV-6,1.000
140.82,UAV-5,GCS,0.958
140.82,UAV-5,UAV-6,1.000
140.82,UAV-6,GCS,1.000
141.82,UAV-1,GCS,0.795
141.82,UAV-1,UAV-2,1.000
141.82,UAV-1,UAV-3,1.000
141.82,UAV-1,UAV-4,1.000
141.82,UAV-1,UAV-5,1.000
141.82,UAV-1,UAV-6,1.000
141.82,UAV-2,GCS,1.000
141.82,UAV-2,UAV-3,1.000
141.82,UAV-2,UAV-4,1.000
141.82,UAV-2,UAV-5,1.000
141.82,UAV-2,UAV-6,1.000
141.82,UAV-3,GCS,1.000
141.82,UAV-3,UAV-4,1.000
141.82,UAV-3,UAV-5,1.000
141.82,UAV-3,UAV-6,1.000
141.82,UAV-4,GCS,0.631
141.82,UAV-4,UAV-5,1.000
141.82,UAV-4,UAV-6,1.000
141.82,UAV-5,GCS,1.000
141.82,UAV-5,UAV-6,1.000
141.82,UAV-6,GCS,1.000
142.82,UAV-1,GCS,0.880
142.82,UAV-1,UAV-2,1.000
142.82,UAV-1,UAV-3,1.000
142.82,UAV-1,UAV-4,1.000
142.82,UAV-1,UAV-5,1.000
142.82,UAV-1,UAV-6,1.000
142.82,UAV-2,GCS,1.000
142.82,UAV-2,UAV-3,1.000
142.82,UAV-2,UAV-4,1.000
142.82,UAV-2,UAV-5,1.000
142.82,UAV-2,UAV-6,1.000
142.82,UAV-3,GCS,1.000
142.82,UAV-3,UAV-4,1.000
142.82,UAV-3,UAV-5,1.000
142.82,UAV-3,UAV-6,1.000
142.82,UAV-4,GCS,0.530
142.82,UAV-4,UAV-5,1.000
142.82,UAV-4,UAV-6,1.000
142.82,UAV-5,GCS,1.000
142.82,UAV-5,UAV-6,1.000
142.82,UAV-6,GCS,1.000
143.82,UAV-1,GCS,0.668
143.82,UAV-1,UAV-2,1.000
143.82,UAV-1,UAV-3,1.000
143.82,UAV-1,UAV-4,1.000
143.82,UAV-1,UAV-5,1.000
143.82,UAV-1,UAV-6,1.000
143.82,UAV-2,GCS,1.000
143.82,UAV-2,UAV-3,1.000
143.82,UAV-2,UAV-4,1.000
143.82,UAV-2,UAV-5,1.000
143.82,UAV-2,UAV-6,1.000
143.82,UAV-3,GCS,1.000
143.82,UAV-3,UAV-4,1.000
143.82,UAV-3,UAV-5,1.000
143.82,UAV-3,UAV-6,1.000
143.82,UAV-4,GCS,0.378
143.82,UAV-4,UAV-5,1.000
143.82,UAV-4,UAV-6,1.000
143.82,UAV-5,GCS,1.000
143.82,UAV-5,UAV-6,1.000
143.82,UAV-6,GCS,1.000
144.82,UAV-1,GCS,0.758
144.82,UAV-1,UAV-2,1.000
144.82,UAV-1,UAV-3,1.000
144.82,UAV-1,UAV-4,1.000
144.82,UAV-1,UAV-5,1.000
144.82,UAV-1,UAV-6,1.000
144.82,UAV-2,GCS,1.000
144.82,UAV-2,UAV-3,1.000
144.82,UAV-2,UAV-4,1.000
144.82,UAV-2,UAV-5,1.000
144.82,UAV-2,UAV-6,1.000
144.82,UAV-3,GCS,1.000
144.82,UAV-3,UAV-4,1.000
144.82,UAV-3,UAV-5,1.000
144.82,UAV-3,UAV-6,1.000
144.82,UAV-4,GCS,0.386
144.82,UAV-4,UAV-5,1.000
144.82,UAV-4,UAV-6,1.000
144.82,UAV-5,GCS,1.000
144.82,UAV-5,UAV-6,1.000
144.82,UAV-6,GCS,1.000
145.82,UAV-1,GCS,0.810
145.82,UAV-1,UAV-2,1.000
145.82,UAV-1,UAV-3,1.000
145.82,UAV-1,UAV-4,1.000
145.82,UAV-1,UAV-5,1.000
145.82,UAV-1,UAV-6,1.000
145.82,UAV-2,GCS,0.990
145.82,UAV-2,UAV-3,1.000
145.82,UAV-2,UAV-4,1.000
145.82,UAV-2,UAV-5,1.000
145.82,UAV-2,UAV-6,1.000
145.82,UAV-3,GCS,1.000
145.82,UAV-3,UAV-4,1.000
145.82,UAV-3,UAV-5,1.000
145.82,UAV-3,UAV-6,1.000
145.82,UAV-4,GCS,0.283
145.82,UAV-4,UAV-5,1.000
145.82,UAV-4,UAV-6,1.000
145.82,UAV-5,GCS,1.000
145.82,UAV-5,UAV-6,1.000
145.82,UAV-6,GCS,1.000
146.82,UAV-1,GCS,0.957
146.82,UAV-1,UAV-2,1.000
146.82,UAV-1,UAV-3,1.000
146.82,UAV-1,UAV-4,1.000
146.82,UAV-1,UAV-5,1.000
146.82,UAV-1,UAV-6,1.000
146.82,UAV-2,GCS,0.996
146.82,UAV-2,UAV-3,1.000
146.82,UAV-2,UAV-4,1.000
146.82,UAV-2,UAV-5,1.000
146.82,UAV-2,UAV-6,1.000
146.82,UAV-3,GCS,0.991
146.82,UAV-3,UAV-4,1.000
146.82,UAV-3,UAV-5,1.000
146.82,UAV-3,UAV-6,1.000
146.82,UAV-4,GCS,0.153
146.82,UAV-4,UAV-5,1.000
146.82,UAV-4,UAV-6,1.000
146.82,UAV-5,GCS,0.995
146.82,UAV-5,UAV-6,1.000
146.82,UAV-6,GCS,0.975
147.82,UAV-1,GCS,0.958
147.82,UAV-1,UAV-2,1.000
147.82,UAV-1,UAV-3,1.000
147.82,UAV-1,UAV-4,1.000
147.82,UAV-1,UAV-5,1.000
147.82,UAV-1,UAV-6,1.000
147.82,UAV-2,GCS,1.000
147.82,UAV-2,UAV-3,1.000
147.82,UAV-2,UAV-4,1.000
147.82,UAV-2,UAV-5,1.000
147.82,UAV-2,UAV-6,1.000
147.82,UAV-3,GCS,0.923
147.82,UAV-3,UAV-4,1.000
147.82,UAV-3,UAV-5,1.000
147.82,UAV-3,UAV-6,1.000
147.82,UAV-4,GCS,0.069
147.82,UAV-4,UAV-5,1.000
147.82,UAV-4,UAV-6,1.000
147.82,UAV-5,GCS,1.000
147.82,UAV-5,UAV-6,1.000
147.82,UAV-6,GCS,1.000
148.82,UAV-1,GCS,1.000
148.82,UAV-1,UAV-2,1.000
148.82,UAV-1,UAV-3,1.000
148.82,UAV-1,UAV-4,1.000
148.82,UAV-1,UAV-5,1.000
148.82,UAV-1,UAV-6,1.000
148.82,UAV-2,GCS,0.955
148.82,UAV-2,UAV-3,1.000
148.82,UAV-2,UAV-4,1.000
148.82,UAV-2,UAV-5,1.000
148.82,UAV-2,UAV-6,1.000
148.82,UAV-3,GCS,0.988
148.82,UAV-3,UAV-4,1.000
148.82,UAV-3,UAV-5,1.000
148.82,UAV-3,UAV-6,1.000
148.82,UAV-4,GCS,0.120
148.82,UAV-4,UAV-5,1.000
148.82,UAV-4,UAV-6,1.000
148.82,UAV-5,GCS,0.998
148.82,UAV-5,UAV-6,1.000
148.82,UAV-6,GCS,1.000
149.82,UAV-1,GCS,1.000
149.82,UAV-1,UAV-2,1.000
149.82,UAV-1,UAV-3,1.000
149.82,UAV-1,UAV-4,1.000
149.82,UAV-1,UAV-5,1.000
149.82,UAV-1,UAV-6,1.000
149.82,UAV-2,GCS,0.985
149.82,UAV-2,UAV-3,1.000
149.82,UAV-2,UAV-4,1.000
149.82,UAV-2,UAV-5,1.000
149.82,UAV-2,UAV-6,1.000
149.82,UAV-3,GCS,0.879
149.82,UAV-3,UAV-4,1.000
149.82,UAV-3,UAV-5,1.000
149.82,UAV-3,UAV-6,1.000
149.82,UAV-4,GCS,0.168
149.82,UAV-4,UAV-5,1.000
149.82,UAV-4,UAV-6,1.000
149.82,UAV-5,GCS,0.958
149.82,UAV-5,UAV-6,1.000
149.82,UAV-6,GCS,1.000
150.82,UAV-2,GCS,0.944
150.82,UAV-2,UAV-3,1.000
150.82,UAV-2,UAV-4,1.000
150.82,UAV-2,UAV-5,1.000
150.82,UAV-2,UAV-6,1.000
150.82,UAV-3,GCS,0.939
150.82,UAV-3,UAV-4,1.000
150.82,UAV-3,UAV-5,1.000
150.82,UAV-3,UAV-6,1.000
150.82,UAV-4,GCS,0.163
150.82,UAV-4,UAV-5,1.000
150.82,UAV-4,UAV-6,1.000
150.82,UAV-5,GCS,0.998
150.82,UAV-5,UAV-6,1.000
150.82,UAV-6,GCS,1.000
151.82,UAV-2,GCS,0.892
151.82,UAV-2,UAV-3,1.000
151.82,UAV-2,UAV-4,1.000
151.82,UAV-2,UAV-5,1.000
151.82,UAV-2,UAV-6,1.000
151.82,UAV-3,GCS,0.918
151.82,UAV-3,UAV-4,1.000
151.82,UAV-3,UAV-5,1.000
151.82,UAV-3,UAV-6,1.000
151.82,UAV-4,GCS,0.026
151.82,UAV-4,UAV-5,1.000
151.82,UAV-4,UAV-6,1.000
151.82,UAV-5,GCS,0.985
151.82,UAV-5,UAV-6,1.000
151.82,UAV-6,GCS,1.000
152.82,UAV-2,GCS,0.923
152.82,UAV-2,UAV-3,1.000
152.82,UAV-2,UAV-4,1.000
152.82,UAV-2,UAV-5,1.000
152.82,UAV-2,UAV-6,1.000
152.82,UAV-3,GCS,0.560
152.82,UAV-3,UAV-4,1.000
152.82,UAV-3,UAV-5,1.000
152.82,UAV-3,UAV-6,1.000
152.82,UAV-4,GCS,0.002
152.82,UAV-4,UAV-5,1.000
152.82,UAV-4,UAV-6,1.000
152.82,UAV-5,GCS,0.967
152.82,UAV-5,UAV-6,1.000
152.82,UAV-6,GCS,1.000
153.82,UAV-2,GCS,0.929
153.82,UAV-2,UAV-3,1.000
153.82,UAV-2,UAV-4,1.000
153.82,UAV-2,UAV-5,1.000
153.82,UAV-2,UAV-6,1.000
153.82,UAV-3,GCS,0.430
153.82,UAV-3,UAV-4,1.000
153.82,UAV-3,UAV-5,1.000
153.82,UAV-3,UAV-6,1.000
153.82,UAV-4,GCS,0.000
153.82,UAV-4,UAV-5,1.000
153.82,UAV-4,UAV-6,1.000
153.82,UAV-5,GCS,0.998
153.82,UAV-5,UAV-6,1.000
153.82,UAV-6,GCS,1.000
154.82,UAV-2,GCS,0.868
154.82,UAV-2,UAV-3,1.000
154.82,UAV-2,UAV-4,1.000
154.82,UAV-2,UAV-5,1.000
154.82,UAV-2,UAV-6,1.000
154.82,UAV-3,GCS,0.498
154.82,UAV-3,UAV-4,1.000
154.82,UAV-3,UAV-5,1.000
154.82,UAV-3,UAV-6,1.000
154.82,UAV-4,GCS,0.003
154.82,UAV-4,UAV-5,1.000
154.82,UAV-4,UAV-6,1.000
154.82,UAV-5,GCS,0.941
154.82,UAV-5,UAV-6,1.000
154.82,UAV-6,GCS,1.000
155.82,UAV-2,GCS,0.876
155.82,UAV-2,UAV-3,1.000
155.82,UAV-2,UAV-4,1.000
155.82,UAV-2,UAV-5,1.000
155.82,UAV-2,UAV-6,1.000
155.82,UAV-3,GCS,0.640
155.82,UAV-3,UAV-4,1.000
155.82,UAV-3,UAV-5,1.000
155.82,UAV-3,UAV-6,1.000
155.82,UAV-4,GCS,0.000
155.82,UAV-4,UAV-5,1.000
155.82,UAV-4,UAV-6,1.000
155.82,UAV-5,GCS,0.916
155.82,UAV-5,UAV-6,1.000
155.82,UAV-6,GCS,1.000
156.82,UAV-2,GCS,0.847
156.82,UAV-2,UAV-3,1.000
156.82,UAV-2,UAV-4,1.000
156.82,UAV-2,UAV-5,1.000
156.82,UAV-2,UAV-6,1.000
156.82,UAV-3,GCS,0.453
156.82,UAV-3,UAV-4,1.000
156.82,UAV-3,UAV-5,1.000
156.82,UAV-3,UAV-6,1.000
156.82,UAV-4,GCS,0.000
156.82,UAV-4,UAV-5,1.000
156.82,UAV-4,UAV-6,1.000
156.82,UAV-5,GCS,0.923
156.82,UAV-5,UAV-6,1.000
156.82,UAV-6,GCS,1.000
157.82,UAV-2,GCS,0.567
157.82,UAV-2,UAV-3,1.000
157.82,UAV-2,UAV-4,1.000
157.82,UAV-2,UAV-5,1.000
157.82,UAV-2,UAV-6,1.000
157.82,UAV-3,GCS,0.138
157.82,UAV-3,UAV-4,1.000
157.82,UAV-3,UAV-5,1.000
157.82,UAV-3,UAV-6,1.000
157.82,UAV-4,GCS,0.000
157.82,UAV-4,UAV-5,1.000
157.82,UAV-4,UAV-6,1.000
157.82,UAV-5,GCS,0.953
157.82,UAV-5,UAV-6,1.000
157.82,UAV-6,GCS,1.000
158.82,UAV-2,GCS,0.650
158.82,UAV-2,UAV-3,1.000
158.82,UAV-2,UAV-4,1.000
158.82,UAV-2,UAV-5,1.000
158.82,UAV-2,UAV-6,1.000
158.82,UAV-3,GCS,0.152
158.82,UAV-3,UAV-4,1.000
158.82,UAV-3,UAV-5,1.000
158.82,UAV-3,UAV-6,1.000
158.82,UAV-4,GCS,0.000
158.82,UAV-4,UAV-5,1.000
158.82,UAV-4,UAV-6,1.000
158.82,UAV-5,GCS,0.773
158.82,UAV-5,UAV-6,1.000
158.82,UAV-6,GCS,1.000
159.82,UAV-2,GCS,0.704
159.82,UAV-2,UAV-3,1.000
159.82,UAV-2,UAV-4,1.000
159.82,UAV-2,UAV-5,1.000
159.82,UAV-2,UAV-6,1.000
159.82,UAV-3,GCS,0.116
159.82,UAV-3,UAV-4,1.000
159.82,UAV-3,UAV-5,1.000
159.82,UAV-3,UAV-6,1.000
159.82,UAV-4,GCS,0.000
159.82,UAV-4,UAV-5,1.000
159.82,UAV-4,UAV-6,1.000
159.82,UAV-5,GCS,0.892
159.82,UAV-5,UAV-6,1.000
159.82,UAV-6,GCS,1.000
160.82,UAV-2,GCS,0.317
160.82,UAV-2,UAV-3,1.000
160.82,UAV-2,UAV-4,1.000
160.82,UAV-2,UAV-5,1.000
160.82,UAV-2,UAV-6,1.000
160.82,UAV-3,GCS,0.138
160.82,UAV-3,UAV-4,1.000
160.82,UAV-3,UAV-5,1.000
160.82,UAV-3,UAV-6,1.000
160.82,UAV-4,GCS,0.000
160.82,UAV-4,UAV-5,1.000
160.82,UAV-4,UAV-6,1.000
160.82,UAV-5,GCS,0.604
160.82,UAV-5,UAV-6,1.000
160.82,UAV-6,GCS,1.000
161.82,UAV-2,GCS,0.410
161.82,UAV-2,UAV-3,1.000
161.82,UAV-2,UAV-4,1.000
161.82,UAV-2,UAV-5,1.000
161.82,UAV-2,UAV-6,1.000
161.82,UAV-3,GCS,0.143
161.82,UAV-3,UAV-4,1.000
161.82,UAV-3,UAV-5,1.000
161.82,UAV-3,UAV-6,1.000
161.82,UAV-4,GCS,0.000
161.82,UAV-4,UAV-5,1.000
161.82,UAV-4,UAV-6,1.000
161.82,UAV-5,GCS,0.581
161.82,UAV-5,UAV-6,1.000
161.82,UAV-6,GCS,1.000
162.82,UAV-2,GCS,0.200
162.82,UAV-2,UAV-3,1.000
162.82,UAV-2,UAV-4,1.000
162.82,UAV-2,UAV-5,1.000
162.82,UAV-2,UAV-6,1.000
162.82,UAV-3,GCS,0.072
162.82,UAV-3,UAV-4,1.000
162.82,UAV-3,UAV-5,1.000
162.82,UAV-3,UAV-6,1.000
162.82,UAV-4,GCS,0.000
162.82,UAV-4,UAV-5,1.000
162.82,UAV-4,UAV-6,1.000
162.82,UAV-5,GCS,0.171
162.82,UAV-5,UAV-6,1.000
162.82,UAV-6,GCS,1.000
163.82,UAV-2,GCS,0.258
163.82,UAV-2,UAV-3,1.000
163.82,UAV-2,UAV-4,1.000
163.82,UAV-2,UAV-5,1.000
163.82,UAV-2,UAV-6,1.000
163.82,UAV-3,GCS,0.000
163.82,UAV-3,UAV-4,1.000
163.82,UAV-3,UAV-5,1.000
163.82,UAV-3,UAV-6,1.000
163.82,UAV-4,GCS,0.000
163.82,UAV-4,UAV-5,1.000
163.82,UAV-4,UAV-6,1.000
163.82,UAV-5,GCS,0.000
163.82,UAV-5,UAV-6,1.000
163.82,UAV-6,GCS,1.000
164.82,UAV-2,GCS,0.119
164.82,UAV-2,UAV-3,1.000
164.82,UAV-2,UAV-4,1.000
164.82,UAV-2,UAV-5,1.000
164.82,UAV-2,UAV-6,1.000
164.82,UAV-3,GCS,0.008
164.82,UAV-3,UAV-4,1.000
164.82,UAV-3,UAV-5,1.000
164.82,UAV-3,UAV-6,1.000
164.82,UAV-4,GCS,0.000
164.82,UAV-4,UAV-5,1.000
164.82,UAV-4,UAV-6,1.000
164.82,UAV-5,GCS,0.000
164.82,UAV-5,UAV-6,1.000
164.82,UAV-6,GCS,1.000
165.82,UAV-2,GCS,0.032
165.82,UAV-2,UAV-3,1.000
165.82,UAV-2,UAV-4,1.000
165.82,UAV-2,UAV-5,1.000
165.82,UAV-2,UAV-6,1.000
165.82,UAV-3,GCS,0.004
165.82,UAV-3,UAV-4,1.000
165.82,UAV-3,UAV-5,1.000
165.82,UAV-3,UAV-6,1.000
165.82,UAV-4,GCS,0.000
165.82,UAV-4,UAV-5,1.000
165.82,UAV-4,UAV-6,1.000
165.82,UAV-5,GCS,0.000
165.82,UAV-5,UAV-6,1.000
165.82,UAV-6,GCS,1.000
166.82,UAV-2,GCS,0.004
166.82,UAV-2,UAV-3,1.000
166.82,UAV-2,UAV-4,1.000
166.82,UAV-2,UAV-5,1.000
166.82,UAV-2,UAV-6,1.000
166.82,UAV-3,GCS,0.000
166.82,UAV-3,UAV-4,1.000
166.82,UAV-3,UAV-5,1.000
166.82,UAV-3,UAV-6,1.000
166.82,UAV-4,GCS,0.000
166.82,UAV-4,UAV-5,1.000
166.82,UAV-4,UAV-6,1.000
166.82,UAV-5,GCS,0.000
166.82,UAV-5,UAV-6,1.000
166.82,UAV-6,GCS,1.000
167.82,UAV-2,GCS,0.000
167.82,UAV-2,UAV-3,1.000
167.82,UAV-2,UAV-4,1.000
167.82,UAV-2,UAV-5,1.000
167.82,UAV-2,UAV-6,1.000
167.82,UAV-3,GCS,0.000
167.82,UAV-3,UAV-4,1.000
167.82,UAV-3,UAV-5,1.000
167.82,UAV-3,UAV-6,1.000
167.82,UAV-4,GCS,0.000
167.82,UAV-4,UAV-5,1.000
167.82,UAV-4,UAV-6,1.000
167.82,UAV-5,GCS,0.000
167.82,UAV-5,UAV-6,1.000
167.82,UAV-6,GCS,1.000
168.82,UAV-2,GCS,0.000
168.82,UAV-2,UAV-3,1.000
168.82,UAV-2,UAV-4,1.000
168.82,UAV-2,UAV-5,1.000
168.82,UAV-2,UAV-6,1.000
168.82,UAV-3,GCS,0.000
168.82,UAV-3,UAV-4,1.000
168.82,UAV-3,UAV-5,1.000
168.82,UAV-3,UAV-6,1.000
168.82,UAV-4,GCS,0.000
168.82,UAV-4,UAV-5,1.000
168.82,UAV-4,UAV-6,1.000
168.82,UAV-5,GCS,0.000
168.82,UAV-5,UAV-6,1.000
168.82,UAV-6,GCS,1.000
169.82,UAV-2,GCS,0.000
169.82,UAV-2,UAV-3,1.000
169.82,UAV-2,UAV-4,1.000
169.82,UAV-2,UAV-5,1.000
169.82,UAV-2,UAV-6,1.000
169.82,UAV-3,GCS,0.000
169.82,UAV-3,UAV-4,1.000
169.82,UAV-3,UAV-5,1.000
169.82,UAV-3,UAV-6,1.000
169.82,UAV-4,GCS,0.000
169.82,UAV-4,UAV-5,1.000
169.82,UAV-4,UAV-6,1.000
169.82,UAV-5,GCS,0.000
169.82,UAV-5,UAV-6,1.000
169.82,UAV-6,GCS,1.000
170.82,UAV-2,GCS,0.000
170.82,UAV-2,UAV-3,1.000
170.82,UAV-2,UAV-4,1.000
170.82,UAV-2,UAV-5,1.000
170.82,UAV-2,UAV-6,1.000
170.82,UAV-3,GCS,0.000
170.82,UAV-3,UAV-4,1.000
170.82,UAV-3,UAV-5,1.000
170.82,UAV-3,UAV-6,1.000
170.82,UAV-4,GCS,0.000
170.82,UAV-4,UAV-5,1.000
170.82,UAV-4,UAV-6,1.000
170.82,UAV-5,GCS,0.044
170.82,UAV-5,UAV-6,1.000
170.82,UAV-6,GCS,1.000
171.82,UAV-2,GCS,0.000
171.82,UAV-2,UAV-3,1.000
171.82,UAV-2,UAV-4,1.000
171.82,UAV-2,UAV-5,1.000
171.82,UAV-2,UAV-6,1.000
171.82,UAV-3,GCS,0.000
171.82,UAV-3,UAV-4,1.000
171.82,UAV-3,UAV-5,1.000
171.82,UAV-3,UAV-6,1.000
171.82,UAV-4,GCS,0.000
171.82,UAV-4,UAV-5,1.000
171.82,UAV-4,UAV-6,1.000
171.82,UAV-5,GCS,0.092
171.82,UAV-5,UAV-6,1.000
171.82,UAV-6,GCS,1.000
172.82,UAV-2,GCS,0.000
172.82,UAV-2,UAV-3,1.000
172.82,UAV-2,UAV-4,1.000
172.82,UAV-2,UAV-5,1.000
172.82,UAV-2,UAV-6,1.000
172.82,UAV-3,GCS,0.000
172.82,UAV-3,UAV-4,1.000
172.82,UAV-3,UAV-5,1.000
172.82,UAV-3,UAV-6,1.000
172.82,UAV-4,GCS,0.000
172.82,UAV-4,UAV-5,1.000
172.82,UAV-4,UAV-6,1.000
172.82,UAV-5,GCS,0.238
172.82,UAV-5,UAV-6,1.000
172.82,UAV-6,GCS,1.000
173.82,UAV-2,GCS,0.000
173.82,UAV-2,UAV-3,1.000
173.82,UAV-2,UAV-4,1.000
173.82,UAV-2,UAV-5,1.000
173.82,UAV-2,UAV-6,1.000
173.82,UAV-3,GCS,0.000
173.82,UAV-3,UAV-4,1.000
173.82,UAV-3,UAV-5,1.000
173.82,UAV-3,UAV-6,1.000
173.82,UAV-4,GCS,0.000
173.82,UAV-4,UAV-5,1.000
173.82,UAV-4,UAV-6,1.000
173.82,UAV-5,GCS,0.161
173.82,UAV-5,UAV-6,1.000
173.82,UAV-6,GCS,1.000
174.82,UAV-2,GCS,0.000
174.82,UAV-2,UAV-3,1.000
174.82,UAV-2,UAV-4,1.000
174.82,UAV-2,UAV-5,1.000
174.82,UAV-2,UAV-6,1.000
174.82,UAV-3,GCS,0.000
174.82,UAV-3,UAV-4,1.000
174.82,UAV-3,UAV-5,1.000
174.82,UAV-3,UAV-6,1.000
174.82,UAV-4,GCS,0.000
174.82,UAV-4,UAV-5,1.000
174.82,UAV-4,UAV-6,1.000
174.82,UAV-5,GCS,0.048
174.82,UAV-5,UAV-6,1.000
174.82,UAV-6,GCS,1.000
175.82,UAV-2,GCS,0.000
175.82,UAV-2,UAV-3,1.000
175.82,UAV-2,UAV-4,1.000
175.82,UAV-2,UAV-5,1.000
175.82,UAV-2,UAV-6,1.000
175.82,UAV-3,GCS,0.000
175.82,UAV-3,UAV-4,1.000
175.82,UAV-3,UAV-5,1.000
175.82,UAV-3,UAV-6,1.000
175.82,UAV-4,GCS,0.000
175.82,UAV-4,UAV-5,1.000
175.82,UAV-4,UAV-6,1.000
175.82,UAV-5,GCS,0.115
175.82,UAV-5,UAV-6,1.000
175.82,UAV-6,GCS,1.000
176.82,UAV-2,GCS,0.000
176.82,UAV-2,UAV-3,1.000
176.82,UAV-2,UAV-4,1.000
176.82,UAV-2,UAV-5,1.000
176.82,UAV-2,UAV-6,1.000
176.82,UAV-3,GCS,0.000
176.82,UAV-3,UAV-4,1.000
176.82,UAV-3,UAV-5,1.000
176.82,UAV-3,UAV-6,1.000
176.82,UAV-4,GCS,0.000
176.82,UAV-4,UAV-5,1.000
176.82,UAV-4,UAV-6,1.000
176.82,UAV-5,GCS,0.071
176.82,UAV-5,UAV-6,1.000
176.82,UAV-6,GCS,1.000
177.82,UAV-2,GCS,0.000
177.82,UAV-2,UAV-3,1.000
177.82,UAV-2,UAV-4,1.000
177.82,UAV-2,UAV-5,1.000
177.82,UAV-2,UAV-6,1.000
177.82,UAV-3,GCS,0.000
177.82,UAV-3,UAV-4,1.000
177.82,UAV-3,UAV-5,1.000
177.82,UAV-3,UAV-6,1.000
177.82,UAV-4,GCS,0.000
177.82,UAV-4,UAV-5,1.000
177.82,UAV-4,UAV-6,1.000
177.82,UAV-5,GCS,0.136
177.82,UAV-5,UAV-6,1.000
177.82,UAV-6,GCS,1.000
178.82,UAV-2,GCS,0.000
178.82,UAV-2,UAV-3,1.000
178.82,UAV-2,UAV-4,1.000
178.82,UAV-2,UAV-5,1.000
178.82,UAV-2,UAV-6,1.000
178.82,UAV-3,GCS,0.000
178.82,UAV-3,UAV-4,1.000
178.82,UAV-3,UAV-5,1.000
178.82,UAV-3,UAV-6,1.000
178.82,UAV-4,GCS,0.000
178.82,UAV-4,UAV-5,1.000
178.82,UAV-4,UAV-6,1.000
178.82,UAV-5,GCS,0.094
178.82,UAV-5,UAV-6,1.000
178.82,UAV-6,GCS,1.000
179.82,UAV-2,GCS,0.000
179.82,UAV-2,UAV-3,1.000
179.82,UAV-2,UAV-4,1.000
179.82,UAV-2,UAV-5,1.000
179.82,UAV-2,UAV-6,1.000
179.82,UAV-3,GCS,0.000
179.82,UAV-3,UAV-4,1.000
179.82,UAV-3,UAV-5,1.000
179.82,UAV-3,UAV-6,1.000
179.82,UAV-4,GCS,0.000
179.82,UAV-4,UAV-5,1.000
179.82,UAV-4,UAV-6,1.000
179.82,UAV-5,GCS,0.071
179.82,UAV-5,UAV-6,1.000
179.82,UAV-6,GCS,1.000
180.82,UAV-2,GCS,0.000
180.82,UAV-2,UAV-3,1.000
180.82,UAV-2,UAV-4,1.000
180.82,UAV-2,UAV-5,1.000
180.82,UAV-2,UAV-6,1.000
180.82,UAV-3,GCS,0.000
180.82,UAV-3,UAV-4,1.000
180.82,UAV-3,UAV-5,1.000
180.82,UAV-3,UAV-6,1.000
180.82,UAV-4,GCS,0.000
180.82,UAV-4,UAV-5,1.000
180.82,UAV-4,UAV-6,1.000
180.82,UAV-5,GCS,0.083
180.82,UAV-5,UAV-6,1.000
180.82,UAV-6,GCS,1.000
181.82,UAV-2,GCS,0.000
181.82,UAV-2,UAV-3,1.000
181.82,UAV-2,UAV-4,1.000
181.82,UAV-2,UAV-5,1.000
181.82,UAV-2,UAV-6,1.000
181.82,UAV-3,GCS,0.000
181.82,UAV-3,UAV-4,1.000
181.82,UAV-3,UAV-5,1.000
181.82,UAV-3,UAV-6,1.000
181.82,UAV-4,GCS,0.000
181.82,UAV-4,UAV-5,1.000
181.82,UAV-4,UAV-6,1.000
181.82,UAV-5,GCS,0.136
181.82,UAV-5,UAV-6,1.000
181.82,UAV-6,GCS,1.000
182.82,UAV-2,GCS,0.000
182.82,UAV-2,UAV-3,1.000
182.82,UAV-2,UAV-4,1.000
182.82,UAV-2,UAV-5,1.000
182.82,UAV-2,UAV-6,1.000
182.82,UAV-3,GCS,0.000
182.82,UAV-3,UAV-4,1.000
182.82,UAV-3,UAV-5,1.000
182.82,UAV-3,UAV-6,1.000
182.82,UAV-4,GCS,0.000
182.82,UAV-4,UAV-5,1.000
182.82,UAV-4,UAV-6,1.000
182.82,UAV-5,GCS,0.154
182.82,UAV-5,UAV-6,1.000
182.82,UAV-6,GCS,0.990
183.82,UAV-2,GCS,0.000
183.82,UAV-2,UAV-3,1.000
183.82,UAV-2,UAV-4,1.000
183.82,UAV-2,UAV-5,1.000
183.82,UAV-2,UAV-6,1.000
183.82,UAV-3,GCS,0.000
183.82,UAV-3,UAV-4,1.000
183.82,UAV-3,UAV-5,1.000
183.82,UAV-3,UAV-6,1.000
183.82,UAV-4,GCS,0.000
183.82,UAV-4,UAV-5,1.000
183.82,UAV-4,UAV-6,1.000
183.82,UAV-5,GCS,0.152
183.82,UAV-5,UAV-6,1.000
183.82,UAV-6,GCS,1.000
184.82,UAV-2,GCS,0.000
184.82,UAV-2,UAV-3,1.000
184.82,UAV-2,UAV-4,1.000
184.82,UAV-2,UAV-5,1.000
184.82,UAV-2,UAV-6,1.000
184.82,UAV-3,GCS,0.000
184.82,UAV-3,UAV-4,1.000
184.82,UAV-3,UAV-5,1.000
184.82,UAV-3,UAV-6,1.000
184.82,UAV-4,GCS,0.000
184.82,UAV-4,UAV-5,1.000
184.82,UAV-4,UAV-6,1.000
184.82,UAV-5,GCS,0.184
184.82,UAV-5,UAV-6,1.000
184.82,UAV-6,GCS,1.000
185.82,UAV-2,GCS,0.000
185.82,UAV-2,UAV-3,1.000
185.82,UAV-2,UAV-4,1.000
185.82,UAV-2,UAV-5,1.000
185.82,UAV-2,UAV-6,1.000
185.82,UAV-3,GCS,0.000
185.82,UAV-3,UAV-4,1.000
185.82,UAV-3,UAV-5,1.000
185.82,UAV-3,UAV-6,1.000
185.82,UAV-4,GCS,0.000
185.82,UAV-4,UAV-5,1.000
185.82,UAV-4,UAV-6,1.000
185.82,UAV-5,GCS,0.345
185.82,UAV-5,UAV-6,1.000
185.82,UAV-6,GCS,1.000
186.82,UAV-2,GCS,0.000
186.82,UAV-2,UAV-3,1.000
186.82,UAV-2,UAV-4,1.000
186.82,UAV-2,UAV-5,1.000
186.82,UAV-2,UAV-6,1.000
186.82,UAV-3,GCS,0.000
186.82,UAV-3,UAV-4,1.000
186.82,UAV-3,UAV-5,1.000
186.82,UAV-3,UAV-6,1.000
186.82,UAV-4,GCS,0.000
186.82,UAV-4,UAV-5,1.000
186.82,UAV-4,UAV-6,1.000
186.82,UAV-5,GCS,0.376
186.82,UAV-5,UAV-6,1.000
186.82,UAV-6,GCS,1.000
187.82,UAV-2,GCS,0.000
187.82,UAV-2,UAV-3,1.000
187.82,UAV-2,UAV-4,1.000
187.82,UAV-2,UAV-5,1.000
187.82,UAV-2,UAV-6,1.000
187.82,UAV-3,GCS,0.000
187.82,UAV-3,UAV-4,1.000
187.82,UAV-3,UAV-5,1.000
187.82,UAV-3,UAV-6,1.000
187.82,UAV-4,GCS,0.000
187.82,UAV-4,UAV-5,1.000
187.82,UAV-4,UAV-6,1.000
187.82,UAV-5,GCS,0.335
187.82,UAV-5,UAV-6,1.000
187.82,UAV-6,GCS,1.000
188.82,UAV-2,GCS,0.000
188.82,UAV-2,UAV-3,1.000
188.82,UAV-2,UAV-4,1.000
188.82,UAV-2,UAV-5,1.000
188.82,UAV-2,UAV-6,1.000
188.82,UAV-3,GCS,0.000
188.82,UAV-3,UAV-4,1.000
188.82,UAV-3,UAV-5,1.000
188.82,UAV-3,UAV-6,1.000
188.82,UAV-4,GCS,0.000
188.82,UAV-4,UAV-5,1.000
188.82,UAV-4,UAV-6,1.000
188.82,UAV-5,GCS,0.692
188.82,UAV-5,UAV-6,1.000
188.82,UAV-6,GCS,1.000
189.82,UAV-2,GCS,0.000
189.82,UAV-2,UAV-3,1.000
189.82,UAV-2,UAV-4,1.000
189.82,UAV-2,UAV-5,1.000
189.82,UAV-2,UAV-6,1.000
189.82,UAV-3,GCS,0.000
189.82,UAV-3,UAV-4,1.000
189.82,UAV-3,UAV-5,1.000
189.82,UAV-3,UAV-6,1.000
189.82,UAV-4,GCS,0.024
189.82,UAV-4,UAV-5,1.000
189.82,UAV-4,UAV-6,1.000
189.82,UAV-5,GCS,0.328
189.82,UAV-5,UAV-6,1.000
189.82,UAV-6,GCS,1.000
190.82,UAV-2,GCS,0.000
190.82,UAV-2,UAV-3,1.000
190.82,UAV-2,UAV-4,1.000
190.82,UAV-2,UAV-5,1.000
190.82,UAV-2,UAV-6,1.000
190.82,UAV-3,GCS,0.000
190.82,UAV-3,UAV-4,1.000
190.82,UAV-3,UAV-5,1.000
190.82,UAV-3,UAV-6,1.000
190.82,UAV-4,GCS,0.000
190.82,UAV-4,UAV-5,1.000
190.82,UAV-4,UAV-6,1.000
190.82,UAV-5,GCS,0.535
190.82,UAV-5,UAV-6,1.000
190.82,UAV-6,GCS,1.000
191.82,UAV-2,GCS,0.000
191.82,UAV-2,UAV-3,1.000
191.82,UAV-2,UAV-4,1.000
191.82,UAV-2,UAV-5,1.000
191.82,UAV-2,UAV-6,1.000
191.82,UAV-3,GCS,0.000
191.82,UAV-3,UAV-4,1.000
191.82,UAV-3,UAV-5,1.000
191.82,UAV-3,UAV-6,1.000
191.82,UAV-4,GCS,0.001
191.82,UAV-4,UAV-5,1.000
191.82,UAV-4,UAV-6,1.000
191.82,UAV-5,GCS,0.504
191.82,UAV-5,UAV-6,1.000
191.82,UAV-6,GCS,1.000
192.82,UAV-2,GCS,0.000
192.82,UAV-2,UAV-3,1.000
192.82,UAV-2,UAV-4,1.000
192.82,UAV-2,UAV-5,1.000
192.82,UAV-2,UAV-6,1.000
192.82,UAV-3,GCS,0.000
192.82,UAV-3,UAV-4,1.000
192.82,UAV-3,UAV-5,1.000
192.82,UAV-3,UAV-6,1.000
192.82,UAV-4,GCS,0.004
192.82,UAV-4,UAV-5,1.000
192.82,UAV-4,UAV-6,1.000
192.82,UAV-5,GCS,0.506
192.82,UAV-5,UAV-6,1.000
192.82,UAV-6,GCS,1.000
193.82,UAV-2,GCS,0.000
193.82,UAV-2,UAV-3,1.000
193.82,UAV-2,UAV-4,1.000
193.82,UAV-2,UAV-5,1.000
193.82,UAV-2,UAV-6,1.000
193.82,UAV-3,GCS,0.000
193.82,UAV-3,UAV-4,1.000
193.82,UAV-3,UAV-5,1.000
193.82,UAV-3,UAV-6,1.000
193.82,UAV-4,GCS,0.000
193.82,UAV-4,UAV-5,1.000
193.82,UAV-4,UAV-6,1.000
193.82,UAV-5,GCS,0.817
193.82,UAV-5,UAV-6,1.000
193.82,UAV-6,GCS,1.000
194.82,UAV-2,GCS,0.000
194.82,UAV-2,UAV-3,1.000
194.82,UAV-2,UAV-4,1.000
194.82,UAV-2,UAV-5,0.978
194.82,UAV-2,UAV-6,1.000
194.82,UAV-3,GCS,0.000
194.82,UAV-3,UAV-4,1.000
194.82,UAV-3,UAV-5,1.000
194.82,UAV-3,UAV-6,1.000
194.82,UAV-4,GCS,0.000
194.82,UAV-4,UAV-5,1.000
194.82,UAV-4,UAV-6,1.000
194.82,UAV-5,GCS,0.867
194.82,UAV-5,UAV-6,1.000
194.82,UAV-6,GCS,1.000
195.82,UAV-2,GCS,0.000
195.82,UAV-2,UAV-3,1.000
195.82,UAV-2,UAV-4,1.000
195.82,UAV-2,UAV-5,1.000
195.82,UAV-2,UAV-6,1.000
195.82,UAV-3,GCS,0.000
195.82,UAV-3,UAV-4,1.000
195.82,UAV-3,UAV-5,1.000
195.82,UAV-3,UAV-6,1.000
195.82,UAV-4,GCS,0.000
195.82,UAV-4,UAV-5,1.000
195.82,UAV-4,UAV-6,1.000
195.82,UAV-5,GCS,0.835
195.82,UAV-5,UAV-6,1.000
195.82,UAV-6,GCS,1.000
196.82,UAV-2,GCS,0.000
196.82,UAV-2,UAV-3,1.000
196.82,UAV-2,UAV-4,1.000
196.82,UAV-2,UAV-5,1.000
196.82,UAV-2,UAV-6,1.000
196.82,UAV-3,GCS,0.000
196.82,UAV-3,UAV-4,1.000
196.82,UAV-3,UAV-5,1.000
196.82,UAV-3,UAV-6,1.000
196.82,UAV-4,GCS,0.000
196.82,UAV-4,UAV-5,1.000
196.82,UAV-4,UAV-6,1.000
196.82,UAV-5,GCS,0.942
196.82,UAV-5,UAV-6,1.000
196.82,UAV-6,GCS,1.000
197.82,UAV-2,GCS,0.000
197.82,UAV-2,UAV-3,1.000
197.82,UAV-2,UAV-4,0.999
197.82,UAV-2,UAV-5,1.000
197.82,UAV-2,UAV-6,1.000
197.82,UAV-3,GCS,0.000
197.82,UAV-3,UAV-4,1.000
197.82,UAV-3,UAV-5,1.000
197.82,UAV-3,UAV-6,1.000
197.82,UAV-4,GCS,0.000
197.82,UAV-4,UAV-5,1.000
197.82,UAV-4,UAV-6,1.000
197.82,UAV-5,GCS,1.000
197.82,UAV-5,UAV-6,1.000
197.82,UAV-6,GCS,1.000
198.82,UAV-2,GCS,0.000
198.82,UAV-2,UAV-3,1.000
198.82,UAV-2,UAV-4,1.000
198.82,UAV-2,UAV-5,1.000
198.82,UAV-2,UAV-6,1.000
198.82,UAV-3,GCS,0.000
198.82,UAV-3,UAV-4,1.000
198.82,UAV-3,UAV-5,1.000
198.82,UAV-3,UAV-6,1.000
198.82,UAV-4,GCS,0.030
198.82,UAV-4,UAV-5,1.000
198.82,UAV-4,UAV-6,1.000
198.82,UAV-5,GCS,1.000
198.82,UAV-5,UAV-6,1.000
198.82,UAV-6,GCS,1.000
199.82,UAV-2,GCS,0.000
199.82,UAV-2,UAV-3,1.000
199.82,UAV-2,UAV-4,1.000
199.82,UAV-2,UAV-5,1.000
199.82,UAV-2,UAV-6,1.000
199.82,UAV-3,GCS,0.000
199.82,UAV-3,UAV-4,1.000
199.82,UAV-3,UAV-5,1.000
199.82,UAV-3,UAV-6,1.000
199.82,UAV-4,GCS,0.000
199.82,UAV-4,UAV-5,1.000
199.82,UAV-4,UAV-6,1.000
199.82,UAV-5,GCS,1.000
199.82,UAV-5,UAV-6,1.000
199.82,UAV-6,GCS,1.000
200.82,UAV-2,GCS,0.000
200.82,UAV-2,UAV-3,1.000
200.82,UAV-2,UAV-4,1.000
200.82,UAV-2,UAV-5,1.000
200.82,UAV-2,UAV-6,1.000
200.82,UAV-3,GCS,0.000
200.82,UAV-3,UAV-4,1.000
200.82,UAV-3,UAV-5,1.000
200.82,UAV-3,UAV-6,1.000
200.82,UAV-4,GCS,0.000
200.82,UAV-4,UAV-5,1.000
200.82,UAV-4,UAV-6,1.000
200.82,UAV-5,GCS,0.958
200.82,UAV-5,UAV-6,1.000
200.82,UAV-6,GCS,1.000
201.82,UAV-2,GCS,0.000
201.82,UAV-2,UAV-3,1.000
201.82,UAV-2,UAV-4,1.000
201.82,UAV-2,UAV-5,1.000
201.82,UAV-2,UAV-6,1.000
201.82,UAV-3,GCS,0.000
201.82,UAV-3,UAV-4,1.000
201.82,UAV-3,UAV-5,1.000
201.82,UAV-3,UAV-6,1.000
201.82,UAV-4,GCS,0.002
201.82,UAV-4,UAV-5,1.000
201.82,UAV-4,UAV-6,1.000
201.82,UAV-5,GCS,0.804
201.82,UAV-5,UAV-6,1.000
201.82,UAV-6,GCS,1.000
202.82,UAV-2,GCS,0.000
202.82,UAV-2,UAV-3,1.000
202.82,UAV-2,UAV-4,1.000
202.82,UAV-2,UAV-5,1.000
202.82,UAV-2,UAV-6,1.000
202.82,UAV-3,GCS,0.000
202.82,UAV-3,UAV-4,1.000
202.82,UAV-3,UAV-5,1.000
202.82,UAV-3,UAV-6,1.000
202.82,UAV-4,GCS,0.000
202.82,UAV-4,UAV-5,1.000
202.82,UAV-4,UAV-6,1.000
202.82,UAV-5,GCS,0.313
202.82,UAV-5,UAV-6,1.000
202.82,UAV-6,GCS,1.000
203.82,UAV-2,GCS,0.000
203.82,UAV-2,UAV-3,1.000
203.82,UAV-2,UAV-4,1.000
203.82,UAV-2,UAV-5,1.000
203.82,UAV-2,UAV-6,1.000
203.82,UAV-3,GCS,0.000
203.82,UAV-3,UAV-4,1.000
203.82,UAV-3,UAV-5,1.000
203.82,UAV-3,UAV-6,1.000
203.82,UAV-4,GCS,0.000
203.82,UAV-4,UAV-5,1.000
203.82,UAV-4,UAV-6,1.000
203.82,UAV-5,GCS,0.011
203.82,UAV-5,UAV-6,1.000
203.82,UAV-6,GCS,1.000
204.82,UAV-2,GCS,0.000
204.82,UAV-2,UAV-3,1.000
204.82,UAV-2,UAV-4,1.000
204.82,UAV-2,UAV-5,1.000
204.82,UAV-2,UAV-6,1.000
204.82,UAV-3,GCS,0.000
204.82,UAV-3,UAV-4,1.000
204.82,UAV-3,UAV-5,1.000
204.82,UAV-3,UAV-6,1.000
204.82,UAV-4,GCS,0.000
204.82,UAV-4,UAV-5,1.000
204.82,UAV-4,UAV-6,1.000
204.82,UAV-5,GCS,0.000
204.82,UAV-5,UAV-6,1.000
204.82,UAV-6,GCS,1.000
205.82,UAV-2,GCS,0.000
205.82,UAV-2,UAV-3,1.000
205.82,UAV-2,UAV-4,1.000
205.82,UAV-2,UAV-5,1.000
205.82,UAV-2,UAV-6,1.000
205.82,UAV-3,GCS,0.000
205.82,UAV-3,UAV-4,1.000
205.82,UAV-3,UAV-5,1.000
205.82,UAV-3,UAV-6,1.000
205.82,UAV-4,GCS,0.027
205.82,UAV-4,UAV-5,1.000
205.82,UAV-4,UAV-6,1.000
205.82,UAV-5,GCS,0.000
205.82,UAV-5,UAV-6,1.000
205.82,UAV-6,GCS,1.000
206.82,UAV-2,GCS,0.000
206.82,UAV-2,UAV-3,1.000
206.82,UAV-2,UAV-4,1.000
206.82,UAV-2,UAV-5,1.000
206.82,UAV-2,UAV-6,1.000
206.82,UAV-3,GCS,0.000
206.82,UAV-3,UAV-4,1.000
206.82,UAV-3,UAV-5,1.000
206.82,UAV-3,UAV-6,1.000
206.82,UAV-4,GCS,0.013
206.82,UAV-4,UAV-5,1.000
206.82,UAV-4,UAV-6,1.000
206.82,UAV-5,GCS,0.000
206.82,UAV-5,UAV-6,1.000
206.82,UAV-6,GCS,1.000
207.82,UAV-2,GCS,0.000
207.82,UAV-2,UAV-3,1.000
207.82,UAV-2,UAV-4,1.000
207.82,UAV-2,UAV-5,1.000
207.82,UAV-2,UAV-6,1.000
207.82,UAV-3,GCS,0.000
207.82,UAV-3,UAV-4,1.000
207.82,UAV-3,UAV-5,1.000
207.82,UAV-3,UAV-6,1.000
207.82,UAV-4,GCS,0.006
207.82,UAV-4,UAV-5,1.000
207.82,UAV-4,UAV-6,1.000
207.82,UAV-5,GCS,0.000
207.82,UAV-5,UAV-6,1.000
207.82,UAV-6,GCS,1.000
208.82,UAV-2,GCS,0.000
208.82,UAV-2,UAV-3,1.000
208.82,UAV-2,UAV-4,1.000
208.82,UAV-2,UAV-5,1.000
208.82,UAV-2,UAV-6,1.000
208.82,UAV-3,GCS,0.000
208.82,UAV-3,UAV-4,1.000
208.82,UAV-3,UAV-5,1.000
208.82,UAV-3,UAV-6,1.000
208.82,UAV-4,GCS,0.014
208.82,UAV-4,UAV-5,1.000
208.82,UAV-4,UAV-6,1.000
208.82,UAV-5,GCS,0.000
208.82,UAV-5,UAV-6,1.000
208.82,UAV-6,GCS,1.000
209.82,UAV-2,GCS,0.000
209.82,UAV-2,UAV-3,1.000
209.82,UAV-2,UAV-4,1.000
209.82,UAV-2,UAV-5,1.000
209.82,UAV-2,UAV-6,1.000
209.82,UAV-3,GCS,0.000
209.82,UAV-3,UAV-4,1.000
209.82,UAV-3,UAV-5,1.000
209.82,UAV-3,UAV-6,1.000
209.82,UAV-4,GCS,0.045
209.82,UAV-4,UAV-5,1.000
209.82,UAV-4,UAV-6,1.000
209.82,UAV-5,GCS,0.000
209.82,UAV-5,UAV-6,1.000
209.82,UAV-6,GCS,1.000
210.82,UAV-2,UAV-3,1.000
210.82,UAV-2,UAV-4,1.000
210.82,UAV-2,UAV-5,1.000
210.82,UAV-2,UAV-6,1.000
210.82,UAV-3,UAV-4,1.000
210.82,UAV-3,UAV-5,1.000
210.82,UAV-3,UAV-6,1.000
210.82,UAV-4,UAV-5,1.000
210.82,UAV-4,UAV-6,1.000
210.82,UAV-5,UAV-6,1.000
211.82,UAV-2,UAV-3,1.000
211.82,UAV-2,UAV-4,1.000
211.82,UAV-2,UAV-5,1.000
211.82,UAV-2,UAV-6,1.000
211.82,UAV-3,UAV-4,1.000
211.82,UAV-3,UAV-5,1.000
211.82,UAV-3,UAV-6,1.000
211.82,UAV-4,UAV-5,1.000
211.82,UAV-4,UAV-6,1.000
211.82,UAV-5,UAV-6,1.000
212.82,UAV-2,UAV-3,1.000
212.82,UAV-2,UAV-4,1.000
212.82,UAV-2,UAV-5,1.000
212.82,UAV-2,UAV-6,1.000
212.82,UAV-3,UAV-4,1.000
212.82,UAV-3,UAV-5,1.000
212.82,UAV-3,UAV-6,1.000
212.82,UAV-4,UAV-5,1.000
212.82,UAV-4,UAV-6,1.000
212.82,UAV-5,UAV-6,1.000
213.82,UAV-2,UAV-3,1.000
213.82,UAV-2,UAV-4,1.000
213.82,UAV-2,UAV-5,1.000
213.82,UAV-2,UAV-6,1.000
213.82,UAV-3,UAV-4,1.000
213.82,UAV-3,UAV-5,1.000
213.82,UAV-3,UAV-6,1.000
213.82,UAV-4,UAV-5,1.000
213.82,UAV-4,UAV-6,1.000
213.82,UAV-5,UAV-6,1.000
214.82,UAV-2,UAV-3,1.000
214.82,UAV-2,UAV-4,1.000
214.82,UAV-2,UAV-5,1.000
214.82,UAV-2,UAV-6,1.000
214.82,UAV-3,UAV-4,1.000
214.82,UAV-3,UAV-5,1.000
214.82,UAV-3,UAV-6,1.000
214.82,UAV-4,UAV-5,1.000
214.82,UAV-4,UAV-6,1.000
214.82,UAV-5,UAV-6,1.000
215.82,UAV-2,UAV-3,1.000
215.82,UAV-2,UAV-4,1.000
215.82,UAV-2,UAV-5,1.000
215.82,UAV-2,UAV-6,1.000
215.82,UAV-3,UAV-4,1.000
215.82,UAV-3,UAV-5,1.000
215.82,UAV-3,UAV-6,1.000
215.82,UAV-4,UAV-5,1.000
215.82,UAV-4,UAV-6,1.000
215.82,UAV-5,UAV-6,1.000
216.82,UAV-2,UAV-3,1.000
216.82,UAV-2,UAV-4,1.000
216.82,UAV-2,UAV-5,1.000
216.82,UAV-2,UAV-6,1.000
216.82,UAV-3,UAV-4,1.000
216.82,UAV-3,UAV-5,1.000
216.82,UAV-3,UAV-6,1.000
216.82,UAV-4,UAV-5,1.000
216.82,UAV-4,UAV-6,1.000
216.82,UAV-5,UAV-6,1.000
217.82,UAV-2,UAV-3,1.000
217.82,UAV-2,UAV-4,1.000
217.82,UAV-2,UAV-5,1.000
217.82,UAV-2,UAV-6,1.000
217.82,UAV-3,UAV-4,1.000
217.82,UAV-3,UAV-5,1.000
217.82,UAV-3,UAV-6,1.000
217.82,UAV-4,UAV-5,1.000
217.82,UAV-4,UAV-6,1.000
217.82,UAV-5,UAV-6,1.000
218.82,UAV-2,UAV-3,1.000
218.82,UAV-2,UAV-4,1.000
218.82,UAV-2,UAV-5,1.000
218.82,UAV-2,UAV-6,1.000
218.82,UAV-3,UAV-4,1.000
218.82,UAV-3,UAV-5,1.000
218.82,UAV-3,UAV-6,1.000
218.82,UAV-4,UAV-5,1.000
218.82,UAV-4,UAV-6,1.000
218.82,UAV-5,UAV-6,1.000
219.82,UAV-2,UAV-3,1.000
219.82,UAV-2,UAV-4,1.000
219.82,UAV-2,UAV-5,1.000
219.82,UAV-2,UAV-6,1.000
219.82,UAV-3,UAV-4,1.000
219.82,UAV-3,UAV-5,1.000
219.82,UAV-3,UAV-6,1.000
219.82,UAV-4,UAV-5,1.000
219.82,UAV-4,UAV-6,1.000
219.82,UAV-5,UAV-6,1.000
220.82,UAV-2,UAV-3,1.000
220.82,UAV-2,UAV-4,1.000
220.82,UAV-2,UAV-5,1.000
220.82,UAV-2,UAV-6,1.000
220.82,UAV-3,UAV-4,1.000
220.82,UAV-3,UAV-5,1.000
220.82,UAV-3,UAV-6,1.000
220.82,UAV-4,UAV-5,1.000
220.82,UAV-4,UAV-6,1.000
220.82,UAV-5,UAV-6,1.000
221.82,UAV-2,UAV-3,1.000
221.82,UAV-2,UAV-4,1.000
221.82,UAV-2,UAV-5,1.000
221.82,UAV-2,UAV-6,1.000
221.82,UAV-3,UAV-4,1.000
221.82,UAV-3,UAV-5,1.000
221.82,UAV-3,UAV-6,1.000
221.82,UAV-4,UAV-5,1.000
221.82,UAV-4,UAV-6,1.000
221.82,UAV-5,UAV-6,1.000
222.82,UAV-2,UAV-3,1.000
222.82,UAV-2,UAV-4,1.000
222.82,UAV-2,UAV-5,1.000
222.82,UAV-2,UAV-6,1.000
222.82,UAV-3,UAV-4,1.000
222.82,UAV-3,UAV-5,1.000
222.82,UAV-3,UAV-6,1.000
222.82,UAV-4,UAV-5,1.000
222.82,UAV-4,UAV-6,1.000
222.82,UAV-5,UAV-6,1.000
223.82,UAV-2,UAV-3,1.000
223.82,UAV-2,UAV-4,1.000
223.82,UAV-2,UAV-5,1.000
223.82,UAV-2,UAV-6,1.000
223.82,UAV-3,UAV-4,1.000
223.82,UAV-3,UAV-5,1.000
223.82,UAV-3,UAV-6,1.000
223.82,UAV-4,UAV-5,1.000
223.82,UAV-4,UAV-6,1.000
223.82,UAV-5,UAV-6,1.000
224.82,UAV-2,UAV-3,1.000
224.82,UAV-2,UAV-4,1.000
224.82,UAV-2,UAV-5,1.000
224.82,UAV-2,UAV-6,1.000
224.82,UAV-3,UAV-4,1.000
224.82,UAV-3,UAV-5,1.000
224.82,UAV-3,UAV-6,1.000
224.82,UAV-4,UAV-5,1.000
224.82,UAV-4,UAV-6,1.000
224.82,UAV-5,UAV-6,1.000
225.82,UAV-2,UAV-3,1.000
225.82,UAV-2,UAV-4,1.000
225.82,UAV-2,UAV-5,1.000
225.82,UAV-2,UAV-6,1.000
225.82,UAV-3,UAV-4,1.000
225.82,UAV-3,UAV-5,1.000
225.82,UAV-3,UAV-6,1.000
225.82,UAV-4,UAV-5,1.000
225.82,UAV-4,UAV-6,1.000
225.82,UAV-5,UAV-6,1.000
226.82,UAV-2,UAV-3,1.000
226.82,UAV-2,UAV-4,1.000
226.82,UAV-2,UAV-5,1.000
226.82,UAV-2,UAV-6,1.000
226.82,UAV-3,UAV-4,1.000
226.82,UAV-3,UAV-5,1.000
226.82,UAV-3,UAV-6,1.000
226.82,UAV-4,UAV-5,1.000
226.82,UAV-4,UAV-6,1.000
226.82,UAV-5,UAV-6,1.000
227.82,UAV-2,UAV-3,1.000
227.82,UAV-2,UAV-4,1.000
227.82,UAV-2,UAV-5,1.000
227.82,UAV-2,UAV-6,1.000
227.82,UAV-3,UAV-4,1.000
227.82,UAV-3,UAV-5,1.000
227.82,UAV-3,UAV-6,1.000
227.82,UAV-4,UAV-5,1.000
227.82,UAV-4,UAV-6,1.000
227.82,UAV-5,UAV-6,1.000
228.82,UAV-2,UAV-3,1.000
228.82,UAV-2,UAV-4,1.000
228.82,UAV-2,UAV-5,1.000
228.82,UAV-2,UAV-6,1.000
228.82,UAV-3,UAV-4,1.000
228.82,UAV-3,UAV-5,1.000
228.82,UAV-3,UAV-6,1.000
228.82,UAV-4,UAV-5,1.000
228.82,UAV-4,UAV-6,1.000
228.82,UAV-5,UAV-6,1.000
229.82,UAV-2,UAV-3,1.000
229.82,UAV-2,UAV-4,1.000
229.82,UAV-2,UAV-5,1.000
229.82,UAV-2,UAV-6,1.000
229.82,UAV-3,UAV-4,1.000
229.82,UAV-3,UAV-5,1.000
229.82,UAV-3,UAV-6,1.000
229.82,UAV-4,UAV-5,1.000
229.82,UAV-4,UAV-6,1.000
229.82,UAV-5,UAV-6,1.000
230.82,UAV-2,GCS,0.000
230.82,UAV-2,UAV-3,1.000
230.82,UAV-2,UAV-4,1.000
230.82,UAV-2,UAV-5,1.000
230.82,UAV-2,UAV-6,1.000
230.82,UAV-3,GCS,0.000
230.82,UAV-3,UAV-4,1.000
230.82,UAV-3,UAV-5,1.000
230.82,UAV-3,UAV-6,1.000
230.82,UAV-4,GCS,1.000
230.82,UAV-4,UAV-5,1.000
230.82,UAV-4,UAV-6,1.000
230.82,UAV-5,GCS,0.992
230.82,UAV-5,UAV-6,1.000
230.82,UAV-6,GCS,1.000
231.82,UAV-2,GCS,0.000
231.82,UAV-2,UAV-3,1.000
231.82,UAV-2,UAV-4,1.000
231.82,UAV-2,UAV-5,1.000
231.82,UAV-2,UAV-6,1.000
231.82,UAV-3,GCS,0.000
231.82,UAV-3,UAV-4,1.000
231.82,UAV-3,UAV-5,1.000
231.82,UAV-3,UAV-6,1.000
231.82,UAV-4,GCS,1.000
231.82,UAV-4,UAV-5,1.000
231.82,UAV-4,UAV-6,1.000
231.82,UAV-5,GCS,0.000
231.82,UAV-5,UAV-6,1.000
231.82,UAV-6,GCS,1.000
232.82,UAV-2,GCS,0.000
232.82,UAV-2,UAV-3,1.000
232.82,UAV-2,UAV-4,1.000
232.82,UAV-2,UAV-5,1.000
232.82,UAV-2,UAV-6,1.000
232.82,UAV-3,GCS,0.000
232.82,UAV-3,UAV-4,1.000
232.82,UAV-3,UAV-5,1.000
232.82,UAV-3,UAV-6,1.000
232.82,UAV-4,GCS,1.000
232.82,UAV-4,UAV-5,1.000
232.82,UAV-4,UAV-6,1.000
232.82,UAV-5,GCS,0.000
232.82,UAV-5,UAV-6,1.000
232.82,UAV-6,GCS,1.000
233.82,UAV-2,GCS,0.000
233.82,UAV-2,UAV-3,1.000
233.82,UAV-2,UAV-4,1.000
233.82,UAV-2,UAV-5,1.000
233.82,UAV-2,UAV-6,1.000
233.82,UAV-3,GCS,0.000
233.82,UAV-3,UAV-4,1.000
233.82,UAV-3,UAV-5,1.000
233.82,UAV-3,UAV-6,1.000
233.82,UAV-4,GCS,0.969
233.82,UAV-4,UAV-5,1.000
233.82,UAV-4,UAV-6,1.000
233.82,UAV-5,GCS,0.000
233.82,UAV-5,UAV-6,1.000
233.82,UAV-6,GCS,1.000
234.82,UAV-2,GCS,0.000
234.82,UAV-2,UAV-3,1.000
234.82,UAV-2,UAV-4,1.000
234.82,UAV-2,UAV-5,1.000
234.82,UAV-2,UAV-6,1.000
234.82,UAV-3,GCS,0.000
234.82,UAV-3,UAV-4,1.000
234.82,UAV-3,UAV-5,1.000
234.82,UAV-3,UAV-6,1.000
234.82,UAV-4,GCS,1.000
234.82,UAV-4,UAV-5,1.000
234.82,UAV-4,UAV-6,1.000
234.82,UAV-5,GCS,0.309
234.82,UAV-5,UAV-6,1.000
234.82,UAV-6,GCS,1.000
235.82,UAV-2,GCS,0.000
235.82,UAV-2,UAV-3,1.000
235.82,UAV-2,UAV-4,1.000
235.82,UAV-2,UAV-5,1.000
235.82,UAV-2,UAV-6,1.000
235.82,UAV-3,GCS,0.000
235.82,UAV-3,UAV-4,1.000
235.82,UAV-3,UAV-5,1.000
235.82,UAV-3,UAV-6,1.000
235.82,UAV-4,GCS,1.000
235.82,UAV-4,UAV-5,1.000
235.82,UAV-4,UAV-6,1.000
235.82,UAV-5,GCS,1.000
235.82,UAV-5,UAV-6,1.000
235.82,UAV-6,GCS,1.000
236.82,UAV-2,GCS,0.000
236.82,UAV-2,UAV-3,1.000
236.82,UAV-2,UAV-4,1.000
236.82,UAV-2,UAV-5,1.000
236.82,UAV-2,UAV-6,1.000
236.82,UAV-3,GCS,0.000
236.82,UAV-3,UAV-4,1.000
236.82,UAV-3,UAV-5,1.000
236.82,UAV-3,UAV-6,1.000
236.82,UAV-4,GCS,1.000
236.82,UAV-4,UAV-5,1.000
236.82,UAV-4,UAV-6,1.000
236.82,UAV-5,GCS,1.000
236.82,UAV-5,UAV-6,1.000
236.82,UAV-6,GCS,1.000
237.82,UAV-2,GCS,0.000
237.82,UAV-2,UAV-3,1.000
237.82,UAV-2,UAV-4,1.000
237.82,UAV-2,UAV-5,1.000
237.82,UAV-2,UAV-6,1.000
237.82,UAV-3,GCS,0.000
237.82,UAV-3,UAV-4,1.000
237.82,UAV-3,UAV-5,1.000
237.82,UAV-3,UAV-6,1.000
237.82,UAV-4,GCS,1.000
237.82,UAV-4,UAV-5,1.000
237.82,UAV-4,UAV-6,1.000
237.82,UAV-5,GCS,1.000
237.82,UAV-5,UAV-6,1.000
237.82,UAV-6,GCS,1.000
238.82,UAV-2,GCS,0.000
238.82,UAV-2,UAV-3,1.000
238.82,UAV-2,UAV-4,1.000
238.82,UAV-2,UAV-5,1.000
238.82,UAV-2,UAV-6,1.000
238.82,UAV-3,GCS,0.000
238.82,UAV-3,UAV-4,1.000
238.82,UAV-3,UAV-5,1.000
238.82,UAV-3,UAV-6,1.000
238.82,UAV-4,GCS,1.000
238.82,UAV-4,UAV-5,1.000
238.82,UAV-4,UAV-6,1.000
238.82,UAV-5,GCS,1.000
238.82,UAV-5,UAV-6,1.000
238.82,UAV-6,GCS,1.000
239.82,UAV-2,GCS,0.000
239.82,UAV-2,UAV-3,1.000
239.82,UAV-2,UAV-4,1.000
239.82,UAV-2,UAV-5,1.000
239.82,UAV-2,UAV-6,1.000
239.82,UAV-3,GCS,0.000
239.82,UAV-3,UAV-4,1.000
239.82,UAV-3,UAV-5,1.000
239.82,UAV-3,UAV-6,1.000
239.82,UAV-4,GCS,1.000
239.82,UAV-4,UAV-5,1.000
239.82,UAV-4,UAV-6,1.000
239.82,UAV-5,GCS,1.000
239.82,UAV-5,UAV-6,1.000
239.82,UAV-6,GCS,0.997
240.82,UAV-2,GCS,0.000
240.82,UAV-2,UAV-3,1.000
240.82,UAV-2,UAV-4,1.000
240.82,UAV-2,UAV-5,1.000
240.82,UAV-2,UAV-6,1.000
240.82,UAV-3,GCS,0.000
240.82,UAV-3,UAV-4,1.000
240.82,UAV-3,UAV-5,1.000
240.82,UAV-3,UAV-6,1.000
240.82,UAV-4,GCS,1.000
240.82,UAV-4,UAV-5,1.000
240.82,UAV-4,UAV-6,1.000
240.82,UAV-5,GCS,1.000
240.82,UAV-5,UAV-6,1.000
240.82,UAV-6,GCS,0.873
241.82,UAV-2,GCS,0.000
241.82,UAV-2,UAV-3,1.000
241.82,UAV-2,UAV-4,1.000
241.82,UAV-2,UAV-5,1.000
241.82,UAV-2,UAV-6,1.000
241.82,UAV-3,GCS,0.000
241.82,UAV-3,UAV-4,1.000
241.82,UAV-3,UAV-5,1.000
241.82,UAV-3,UAV-6,1.000
241.82,UAV-4,GCS,1.000
241.82,UAV-4,UAV-5,1.000
241.82,UAV-4,UAV-6,1.000
241.82,UAV-5,GCS,1.000
241.82,UAV-5,UAV-6,1.000
241.82,UAV-6,GCS,0.734
242.82,UAV-2,GCS,0.000
242.82,UAV-2,UAV-3,1.000
242.82,UAV-2,UAV-4,1.000
242.82,UAV-2,UAV-5,1.000
242.82,UAV-2,UAV-6,1.000
242.82,UAV-3,GCS,0.000
242.82,UAV-3,UAV-4,1.000
242.82,UAV-3,UAV-5,1.000
242.82,UAV-3,UAV-6,1.000
242.82,UAV-4,GCS,1.000
242.82,UAV-4,UAV-5,1.000
242.82,UAV-4,UAV-6,1.000
242.82,UAV-5,GCS,1.000
242.82,UAV-5,UAV-6,1.000
242.82,UAV-6,GCS,0.477
243.82,UAV-2,GCS,0.000
243.82,UAV-2,UAV-3,1.000
243.82,UAV-2,UAV-4,1.000
243.82,UAV-2,UAV-5,1.000
243.82,UAV-2,UAV-6,1.000
243.82,UAV-3,GCS,0.000
243.82,UAV-3,UAV-4,1.000
243.82,UAV-3,UAV-5,1.000
243.82,UAV-3,UAV-6,1.000
243.82,UAV-4,GCS,1.000
243.82,UAV-4,UAV-5,1.000
243.82,UAV-4,UAV-6,1.000
243.82,UAV-5,GCS,1.000
243.82,UAV-5,UAV-6,1.000
243.82,UAV-6,GCS,0.362
244.82,UAV-2,GCS,0.000
244.82,UAV-2,UAV-3,1.000
244.82,UAV-2,UAV-4,1.000
244.82,UAV-2,UAV-5,1.000
244.82,UAV-2,UAV-6,1.000
244.82,UAV-3,GCS,0.000
244.82,UAV-3,UAV-4,1.000
244.82,UAV-3,UAV-5,1.000
244.82,UAV-3,UAV-6,1.000
244.82,UAV-4,GCS,1.000
244.82,UAV-4,UAV-5,1.000
244.82,UAV-4,UAV-6,1.000
244.82,UAV-5,GCS,1.000
244.82,UAV-5,UAV-6,1.000
244.82,UAV-6,GCS,0.552
245.82,UAV-2,GCS,0.000
245.82,UAV-2,UAV-3,1.000
245.82,UAV-2,UAV-4,1.000
245.82,UAV-2,UAV-5,1.000
245.82,UAV-2,UAV-6,1.000
245.82,UAV-3,GCS,0.000
245.82,UAV-3,UAV-4,1.000
245.82,UAV-3,UAV-5,1.000
245.82,UAV-3,UAV-6,1.000
245.82,UAV-4,GCS,1.000
245.82,UAV-4,UAV-5,1.000
245.82,UAV-4,UAV-6,1.000
245.82,UAV-5,GCS,1.000
245.82,UAV-5,UAV-6,1.000
245.82,UAV-6,GCS,0.263
246.82,UAV-2,GCS,0.000
246.82,UAV-2,UAV-3,1.000
246.82,UAV-2,UAV-4,1.000
246.82,UAV-2,UAV-5,1.000
246.82,UAV-2,UAV-6,1.000
246.82,UAV-3,GCS,0.000
246.82,UAV-3,UAV-4,1.000
246.82,UAV-3,UAV-5,1.000
246.82,UAV-3,UAV-6,1.000
246.82,UAV-4,GCS,1.000
246.82,UAV-4,UAV-5,1.000
246.82,UAV-4,UAV-6,1.000
246.82,UAV-5,GCS,1.000
246.82,UAV-5,UAV-6,1.000
246.82,UAV-6,GCS,0.233
247.82,UAV-2,GCS,0.000
247.82,UAV-2,UAV-3,1.000
247.82,UAV-2,UAV-4,1.000
247.82,UAV-2,UAV-5,1.000
247.82,UAV-2,UAV-6,1.000
247.82,UAV-3,GCS,0.000
247.82,UAV-3,UAV-4,1.000
247.82,UAV-3,UAV-5,1.000
247.82,UAV-3,UAV-6,1.000
247.82,UAV-4,GCS,1.000
247.82,UAV-4,UAV-5,1.000
247.82,UAV-4,UAV-6,1.000
247.82,UAV-5,GCS,1.000
247.82,UAV-5,UAV-6,1.000
247.82,UAV-6,GCS,0.445
248.82,UAV-2,GCS,0.000
248.82,UAV-2,UAV-3,1.000
248.82,UAV-2,UAV-4,1.000
248.82,UAV-2,UAV-5,1.000
248.82,UAV-2,UAV-6,1.000
248.82,UAV-3,GCS,0.004
248.82,UAV-3,UAV-4,1.000
248.82,UAV-3,UAV-5,1.000
248.82,UAV-3,UAV-6,1.000
248.82,UAV-4,GCS,1.000
248.82,UAV-4,UAV-5,1.000
248.82,UAV-4,UAV-6,1.000
248.82,UAV-5,GCS,0.958
248.82,UAV-5,UAV-6,1.000
248.82,UAV-6,GCS,0.344
249.82,UAV-2,GCS,0.000
249.82,UAV-2,UAV-3,1.000
249.82,UAV-2,UAV-4,1.000
249.82,UAV-2,UAV-5,1.000
249.82,UAV-2,UAV-6,1.000
249.82,UAV-3,GCS,0.033
249.82,UAV-3,UAV-4,1.000
249.82,UAV-3,UAV-5,1.000
249.82,UAV-3,UAV-6,1.000
249.82,UAV-4,GCS,1.000
249.82,UAV-4,UAV-5,1.000
249.82,UAV-4,UAV-6,1.000
249.82,UAV-5,GCS,1.000
249.82,UAV-5,UAV-6,1.000
249.82,UAV-6,GCS,0.469
250.82,UAV-2,GCS,0.000
250.82,UAV-2,UAV-3,1.000
250.82,UAV-2,UAV-4,1.000
250.82,UAV-2,UAV-5,1.000
250.82,UAV-2,UAV-6,1.000
250.82,UAV-3,GCS,0.007
250.82,UAV-3,UAV-4,1.000
250.82,UAV-3,UAV-5,1.000
250.82,UAV-3,UAV-6,1.000
250.82,UAV-4,GCS,1.000
250.82,UAV-4,UAV-5,1.000
250.82,UAV-4,UAV-6,1.000
250.82,UAV-5,GCS,1.000
250.82,UAV-5,UAV-6,1.000
250.82,UAV-6,GCS,0.253
251.82,UAV-2,GCS,0.000
251.82,UAV-2,UAV-3,1.000
251.82,UAV-2,UAV-4,1.000
251.82,UAV-2,UAV-5,1.000
251.82,UAV-2,UAV-6,1.000
251.82,UAV-3,GCS,0.000
251.82,UAV-3,UAV-4,1.000
251.82,UAV-3,UAV-5,1.000
251.82,UAV-3,UAV-6,1.000
251.82,UAV-4,GCS,1.000
251.82,UAV-4,UAV-5,1.000
251.82,UAV-4,UAV-6,1.000
251.82,UAV-5,GCS,1.000
251.82,UAV-5,UAV-6,1.000
251.82,UAV-6,GCS,0.183
252.82,UAV-2,GCS,0.000
252.82,UAV-2,UAV-3,1.000
252.82,UAV-2,UAV-4,1.000
252.82,UAV-2,UAV-5,1.000
252.82,UAV-2,UAV-6,1.000
252.82,UAV-3,GCS,0.007
252.82,UAV-3,UAV-4,1.000
252.82,UAV-3,UAV-5,1.000
252.82,UAV-3,UAV-6,1.000
252.82,UAV-4,GCS,1.000
252.82,UAV-4,UAV-5,1.000
252.82,UAV-4,UAV-6,1.000
252.82,UAV-5,GCS,1.000
252.82,UAV-5,UAV-6,1.000
252.82,UAV-6,GCS,0.478
253.82,UAV-2,GCS,0.000
253.82,UAV-2,UAV-3,1.000
253.82,UAV-2,UAV-4,1.000
253.82,UAV-2,UAV-5,1.000
253.82,UAV-2,UAV-6,1.000
253.82,UAV-3,GCS,0.000
253.82,UAV-3,UAV-4,1.000
253.82,UAV-3,UAV-5,1.000
253.82,UAV-3,UAV-6,1.000
253.82,UAV-4,GCS,1.000
253.82,UAV-4,UAV-5,1.000
253.82,UAV-4,UAV-6,1.000
253.82,UAV-5,GCS,1.000
253.82,UAV-5,UAV-6,1.000
253.82,UAV-6,GCS,0.984
254.82,UAV-2,GCS,0.000
254.82,UAV-2,UAV-3,1.000
254.82,UAV-2,UAV-4,1.000
254.82,UAV-2,UAV-5,1.000
254.82,UAV-2,UAV-6,1.000
254.82,UAV-3,GCS,0.038
254.82,UAV-3,UAV-4,1.000
254.82,UAV-3,UAV-5,1.000
254.82,UAV-3,UAV-6,1.000
254.82,UAV-4,GCS,1.000
254.82,UAV-4,UAV-5,1.000
254.82,UAV-4,UAV-6,1.000
254.82,UAV-5,GCS,1.000
254.82,UAV-5,UAV-6,1.000
254.82,UAV-6,GCS,0.853
255.82,UAV-2,GCS,0.000
255.82,UAV-2,UAV-3,1.000
255.82,UAV-2,UAV-4,1.000
255.82,UAV-2,UAV-5,1.000
255.82,UAV-2,UAV-6,1.000
255.82,UAV-3,GCS,0.010
255.82,UAV-3,UAV-4,1.000
255.82,UAV-3,UAV-5,1.000
255.82,UAV-3,UAV-6,1.000
255.82,UAV-4,GCS,1.000
255.82,UAV-4,UAV-5,1.000
255.82,UAV-4,UAV-6,1.000
255.82,UAV-5,GCS,1.000
255.82,UAV-5,UAV-6,1.000
255.82,UAV-6,GCS,0.974
256.84,UAV-2,GCS,0.000
256.84,UAV-2,UAV-3,1.000
256.84,UAV-2,UAV-4,1.000
256.84,UAV-2,UAV-5,1.000
256.84,UAV-2,UAV-6,1.000
256.84,UAV-3,GCS,0.004
256.84,UAV-3,UAV-4,1.000
256.84,UAV-3,UAV-5,1.000
256.84,UAV-3,UAV-6,1.000
256.84,UAV-4,GCS,1.000
256.84,UAV-4,UAV-5,1.000
256.84,UAV-4,UAV-6,1.000
256.84,UAV-5,GCS,0.958
256.84,UAV-5,UAV-6,1.000
256.84,UAV-6,GCS,0.999
257.86,UAV-2,GCS,0.000
257.86,UAV-2,UAV-3,1.000
257.86,UAV-2,UAV-4,1.000
257.86,UAV-2,UAV-5,1.000
257.86,UAV-2,UAV-6,1.000
257.86,UAV-3,GCS,0.058
257.86,UAV-3,UAV-4,1.000
257.86,UAV-3,UAV-5,1.000
257.86,UAV-3,UAV-6,1.000
257.86,UAV-4,GCS,1.000
257.86,UAV-4,UAV-5,1.000
257.86,UAV-4,UAV-6,1.000
257.86,UAV-5,GCS,1.000
257.86,UAV-5,UAV-6,1.000
257.86,UAV-6,GCS,0.916
258.88,UAV-2,GCS,0.000
258.88,UAV-2,UAV-3,1.000
258.88,UAV-2,UAV-4,1.000
258.88,UAV-2,UAV-5,1.000
258.88,UAV-2,UAV-6,1.000
258.88,UAV-3,GCS,0.087
258.88,UAV-3,UAV-4,1.000
258.88,UAV-3,UAV-5,1.000
258.88,UAV-3,UAV-6,1.000
258.88,UAV-4,GCS,1.000
258.88,UAV-4,UAV-5,1.000
258.88,UAV-4,UAV-6,1.000
258.88,UAV-5,GCS,1.000
258.88,UAV-5,UAV-6,1.000
258.88,UAV-6,GCS,0.901
259.90,UAV-2,GCS,0.000
259.90,UAV-2,UAV-3,1.000
259.90,UAV-2,UAV-4,1.000
259.90,UAV-2,UAV-5,1.000
259.90,UAV-2,UAV-6,1.000
259.90,UAV-3,GCS,0.123
259.90,UAV-3,UAV-4,1.000
259.90,UAV-3,UAV-5,1.000
259.90,UAV-3,UAV-6,1.000
259.90,UAV-4,GCS,1.000
259.90,UAV-4,UAV-5,1.000
259.90,UAV-4,UAV-6,1.000
259.90,UAV-5,GCS,0.960
259.90,UAV-5,UAV-6,1.000
259.90,UAV-6,GCS,0.927
260.92,UAV-2,GCS,0.000
260.92,UAV-2,UAV-3,1.000
260.92,UAV-2,UAV-4,1.000
260.92,UAV-2,UAV-5,1.000
260.92,UAV-2,UAV-6,1.000
260.92,UAV-3,GCS,0.277
260.92,UAV-3,UAV-4,1.000
260.92,UAV-3,UAV-5,1.000
260.92,UAV-3,UAV-6,1.000
260.92,UAV-4,GCS,1.000
260.92,UAV-4,UAV-5,1.000
260.92,UAV-4,UAV-6,1.000
260.92,UAV-5,GCS,1.000
260.92,UAV-5,UAV-6,1.000
260.92,UAV-6,GCS,0.996
261.94,UAV-2,GCS,0.000
261.94,UAV-2,UAV-3,1.000
261.94,UAV-2,UAV-4,1.000
261.94,UAV-2,UAV-5,1.000
261.94,UAV-2,UAV-6,1.000
261.94,UAV-3,GCS,0.384
261.94,UAV-3,UAV-4,1.000
261.94,UAV-3,UAV-5,1.000
261.94,UAV-3,UAV-6,1.000
261.94,UAV-4,GCS,1.000
261.94,UAV-4,UAV-5,1.000
261.94,UAV-4,UAV-6,1.000
261.94,UAV-5,GCS,1.000
261.94,UAV-5,UAV-6,1.000
261.94,UAV-6,GCS,1.000
262.96,UAV-2,GCS,0.000
262.96,UAV-2,UAV-3,1.000
262.96,UAV-2,UAV-4,1.000
262.96,UAV-2,UAV-5,1.000
262.96,UAV-2,UAV-6,1.000
262.96,UAV-3,GCS,0.411
262.96,UAV-3,UAV-4,1.000
262.96,UAV-3,UAV-5,1.000
262.96,UAV-3,UAV-6,1.000
262.96,UAV-4,GCS,1.000
262.96,UAV-4,UAV-5,1.000
262.96,UAV-4,UAV-6,1.000
262.96,UAV-5,GCS,1.000
262.96,UAV-5,UAV-6,1.000
262.96,UAV-6,GCS,0.791
263.98,UAV-2,GCS,0.000
263.98,UAV-2,UAV-3,1.000
263.98,UAV-2,UAV-4,1.000
263.98,UAV-2,UAV-5,0.177
263.98,UAV-2,UAV-6,1.000
263.98,UAV-3,GCS,0.514
263.98,UAV-3,UAV-4,1.000
263.98,UAV-3,UAV-5,0.999
263.98,UAV-3,UAV-6,1.000
263.98,UAV-4,GCS,1.000
263.98,UAV-4,UAV-5,1.000
263.98,UAV-4,UAV-6,1.000
263.98,UAV-5,GCS,1.000
263.98,UAV-5,UAV-6,1.000
263.98,UAV-6,GCS,0.568
265.00,UAV-2,GCS,0.000
265.00,UAV-2,UAV-3,1.000
265.00,UAV-2,UAV-4,1.000
265.00,UAV-2,UAV-5,1.000
265.00,UAV-2,UAV-6,1.000
265.00,UAV-3,GCS,0.505
265.00,UAV-3,UAV-4,1.000
265.00,UAV-3,UAV-5,1.000
265.00,UAV-3,UAV-6,1.000
265.00,UAV-4,GCS,1.000
265.00,UAV-4,UAV-5,1.000
265.00,UAV-4,UAV-6,1.000
265.00,UAV-5,GCS,0.996
265.00,UAV-5,UAV-6,1.000
265.00,UAV-6,GCS,0.648
266.02,UAV-2,GCS,0.000
266.02,UAV-2,UAV-3,1.000
266.02,UAV-2,UAV-4,1.000
266.02,UAV-2,UAV-5,1.000
266.02,UAV-2,UAV-6,1.000
266.02,UAV-3,GCS,0.763
266.02,UAV-3,UAV-4,1.000
266.02,UAV-3,UAV-5,1.000
266.02,UAV-3,UAV-6,1.000
266.02,UAV-4,GCS,1.000
266.02,UAV-4,UAV-5,1.000
266.02,UAV-4,UAV-6,1.000
266.02,UAV-5,GCS,1.000
266.02,UAV-5,UAV-6,1.000
266.02,UAV-6,GCS,0.681
267.04,UAV-2,GCS,0.000
267.04,UAV-2,UAV-3,1.000
267.04,UAV-2,UAV-4,1.000
267.04,UAV-2,UAV-5,0.960
267.04,UAV-2,UAV-6,1.000
267.04,UAV-3,GCS,0.910
267.04,UAV-3,UAV-4,1.000
267.04,UAV-3,UAV-5,1.000
267.04,UAV-3,UAV-6,1.000
267.04,UAV-4,GCS,1.000
267.04,UAV-4,UAV-5,1.000
267.04,UAV-4,UAV-6,1.000
267.04,UAV-5,GCS,1.000
267.04,UAV-5,UAV-6,1.000
267.04,UAV-6,GCS,0.664
268.06,UAV-2,GCS,0.000
268.06,UAV-2,UAV-3,1.000
268.06,UAV-2,UAV-4,1.000
268.06,UAV-2,UAV-5,1.000
268.06,UAV-2,UAV-6,1.000
268.06,UAV-3,GCS,0.995
268.06,UAV-3,UAV-4,1.000
268.06,UAV-3,UAV-5,1.000
268.06,UAV-3,UAV-6,1.000
268.06,UAV-4,GCS,1.000
268.06,UAV-4,UAV-5,1.000
268.06,UAV-4,UAV-6,1.000
268.06,UAV-5,GCS,1.000
268.06,UAV-5,UAV-6,1.000
268.06,UAV-6,GCS,0.558
269.08,UAV-2,GCS,0.000
269.08,UAV-2,UAV-3,1.000
269.08,UAV-2,UAV-4,1.000
269.08,UAV-2,UAV-5,0.987
269.08,UAV-2,UAV-6,1.000
269.08,UAV-3,GCS,0.988
269.08,UAV-3,UAV-4,1.000
269.08,UAV-3,UAV-5,1.000
269.08,UAV-3,UAV-6,1.000
269.08,UAV-4,GCS,1.000
269.08,UAV-4,UAV-5,1.000
269.08,UAV-4,UAV-6,1.000
269.08,UAV-5,GCS,1.000
269.08,UAV-5,UAV-6,1.000
269.08,UAV-6,GCS,0.597
270.10,UAV-2,GCS,0.000
270.10,UAV-2,UAV-3,0.700
270.10,UAV-2,UAV-4,0.700
270.10,UAV-2,UAV-5,0.700
270.10,UAV-2,UAV-6,0.700
270.10,UAV-3,GCS,0.671
270.10,UAV-3,UAV-4,0.700
270.10,UAV-3,UAV-5,0.700
270.10,UAV-3,UAV-6,0.700
270.10,UAV-4,GCS,0.700
270.10,UAV-4,UAV-5,0.700
270.10,UAV-4,UAV-6,0.700
270.10,UAV-5,GCS,0.700
270.10,UAV-5,UAV-6,0.700
270.10,UAV-6,GCS,0.324
271.12,UAV-2,GCS,0.000
271.12,UAV-2,UAV-3,0.700
271.12,UAV-2,UAV-4,0.700
271.12,UAV-2,UAV-5,0.699
271.12,UAV-2,UAV-6,0.700
271.12,UAV-3,GCS,0.671
271.12,UAV-3,UAV-4,0.700
271.12,UAV-3,UAV-5,0.700
271.12,UAV-3,UAV-6,0.700
271.12,UAV-4,GCS,0.700
271.12,UAV-4,UAV-5,0.700
271.12,UAV-4,UAV-6,0.700
271.12,UAV-5,GCS,0.700
271.12,UAV-5,UAV-6,0.700
271.12,UAV-6,GCS,0.543
272.14,UAV-2,GCS,0.000
272.14,UAV-2,UAV-3,0.700
272.14,UAV-2,UAV-4,0.700
272.14,UAV-2,UAV-5,0.685
272.14,UAV-2,UAV-6,0.700
272.14,UAV-3,GCS,0.700
272.14,UAV-3,UAV-4,0.700
272.14,UAV-3,UAV-5,0.700
272.14,UAV-3,UAV-6,0.700
272.14,UAV-4,GCS,0.700
272.14,UAV-4,UAV-5,0.700
272.14,UAV-4,UAV-6,0.700
272.14,UAV-5,GCS,0.700
272.14,UAV-5,UAV-6,0.700
272.14,UAV-6,GCS,0.674
273.16,UAV-2,GCS,0.001
273.16,UAV-2,UAV-3,0.700
273.16,UAV-2,UAV-4,0.700
273.16,UAV-2,UAV-5,0.700
273.16,UAV-2,UAV-6,0.700
273.16,UAV-3,GCS,0.700
273.16,UAV-3,UAV-4,0.700
273.16,UAV-3,UAV-5,0.700
273.16,UAV-3,UAV-6,0.700
273.16,UAV-4,GCS,0.700
273.16,UAV-4,UAV-5,0.700
273.16,UAV-4,UAV-6,0.700
273.16,UAV-5,GCS,0.700
273.16,UAV-5,UAV-6,0.700
273.16,UAV-6,GCS,0.619
274.18,UAV-2,GCS,0.000
274.18,UAV-2,UAV-3,0.700
274.18,UAV-2,UAV-4,0.700
274.18,UAV-2,UAV-5,0.700
274.18,UAV-2,UAV-6,0.700
274.18,UAV-3,GCS,0.698
274.18,UAV-3,UAV-4,0.700
274.18,UAV-3,UAV-5,0.700
274.18,UAV-3,UAV-6,0.700
274.18,UAV-4,GCS,0.700
274.18,UAV-4,UAV-5,0.700
274.18,UAV-4,UAV-6,0.700
274.18,UAV-5,GCS,0.700
274.18,UAV-5,UAV-6,0.695
274.18,UAV-6,GCS,0.653
275.20,UAV-2,GCS,0.000
275.20,UAV-2,UAV-3,0.700
275.20,UAV-2,UAV-4,0.700
275.20,UAV-2,UAV-5,0.700
275.20,UAV-2,UAV-6,0.700
275.20,UAV-3,GCS,0.700
275.20,UAV-3,UAV-4,0.700
275.20,UAV-3,UAV-5,0.700
275.20,UAV-3,UAV-6,0.700
275.20,UAV-4,GCS,0.700
275.20,UAV-4,UAV-5,0.700
275.20,UAV-4,UAV-6,0.700
275.20,UAV-5,GCS,0.700
275.20,UAV-5,UAV-6,0.700
275.20,UAV-6,GCS,0.644
276.22,UAV-2,GCS,0.000
276.22,UAV-2,UAV-3,0.700
276.22,UAV-2,UAV-4,0.700
276.22,UAV-2,UAV-5,0.700
276.22,UAV-2,UAV-6,0.700
276.22,UAV-3,GCS,0.700
276.22,UAV-3,UAV-4,0.700
276.22,UAV-3,UAV-5,0.700
276.22,UAV-3,UAV-6,0.700
276.22,UAV-4,GCS,0.700
276.22,UAV-4,UAV-5,0.700
276.22,UAV-4,UAV-6,0.700
276.22,UAV-5,GCS,0.700
276.22,UAV-5,UAV-6,0.700
276.22,UAV-6,GCS,0.573
277.24,UAV-2,GCS,0.013
277.24,UAV-2,UAV-3,0.700
277.24,UAV-2,UAV-4,0.700
277.24,UAV-2,UAV-5,0.699
277.24,UAV-2,UAV-6,0.700
277.24,UAV-3,GCS,0.700
277.24,UAV-3,UAV-4,0.700
277.24,UAV-3,UAV-5,0.700
277.24,UAV-3,UAV-6,0.700
277.24,UAV-4,GCS,0.700
277.24,UAV-4,UAV-5,0.700
277.24,UAV-4,UAV-6,0.700
277.24,UAV-5,GCS,0.700
277.24,UAV-5,UAV-6,0.700
277.24,UAV-6,GCS,0.606
278.26,UAV-2,GCS,0.000
278.26,UAV-2,UAV-3,0.700
278.26,UAV-2,UAV-4,0.700
278.26,UAV-2,UAV-5,0.700
278.26,UAV-2,UAV-6,0.700
278.26,UAV-3,GCS,0.697
278.26,UAV-3,UAV-4,0.700
278.26,UAV-3,UAV-5,0.700
278.26,UAV-3,UAV-6,0.700
278.26,UAV-4,GCS,0.700
278.26,UAV-4,UAV-5,0.700
278.26,UAV-4,UAV-6,0.700
278.26,UAV-5,GCS,0.700
278.26,UAV-5,UAV-6,0.700
278.26,UAV-6,GCS,0.638
279.28,UAV-2,GCS,0.016
279.28,UAV-2,UAV-3,0.700
279.28,UAV-2,UAV-4,0.700
279.28,UAV-2,UAV-5,0.684
279.28,UAV-2,UAV-6,0.700
279.28,UAV-3,GCS,0.700
279.28,UAV-3,UAV-4,0.700
279.28,UAV-3,UAV-5,0.700
279.28,UAV-3,UAV-6,0.700
279.28,UAV-4,GCS,0.700
279.28,UAV-4,UAV-5,0.700
279.28,UAV-4,UAV-6,0.700
279.28,UAV-5,GCS,0.700
279.28,UAV-5,UAV-6,0.700
279.28,UAV-6,GCS,0.656
280.30,UAV-2,GCS,0.054
280.30,UAV-2,UAV-3,0.700
280.30,UAV-2,UAV-4,0.700
280.30,UAV-2,UAV-5,0.698
280.30,UAV-2,UAV-6,0.700
280.30,UAV-3,GCS,0.680
280.30,UAV-3,UAV-4,0.700
280.30,UAV-3,UAV-5,0.700
280.30,UAV-3,UAV-6,0.700
280.30,UAV-4,GCS,0.700
280.30,UAV-4,UAV-5,0.700
280.30,UAV-4,UAV-6,0.700
280.30,UAV-5,GCS,0.700
280.30,UAV-5,UAV-6,0.700
280.30,UAV-6,GCS,0.700
281.32,UAV-2,GCS,0.024
281.32,UAV-2,UAV-3,0.700
281.32,UAV-2,UAV-4,0.700
281.32,UAV-2,UAV-5,0.700
281.32,UAV-2,UAV-6,0.700
281.32,UAV-3,GCS,0.700
281.32,UAV-3,UAV-4,0.700
281.32,UAV-3,UAV-5,0.700
281.32,UAV-3,UAV-6,0.700
281.32,UAV-4,GCS,0.700
281.32,UAV-4,UAV-5,0.700
281.32,UAV-4,UAV-6,0.700
281.32,UAV-5,GCS,0.700
281.32,UAV-5,UAV-6,0.700
281.32,UAV-6,GCS,0.696
282.34,UAV-2,GCS,0.026
282.34,UAV-2,UAV-3,0.700
282.34,UAV-2,UAV-4,0.700
282.34,UAV-2,UAV-5,0.700
282.34,UAV-2,UAV-6,0.700
282.34,UAV-3,GCS,0.700
282.34,UAV-3,UAV-4,0.700
282.34,UAV-3,UAV-5,0.700
282.34,UAV-3,UAV-6,0.700
282.34,UAV-4,GCS,0.700
282.34,UAV-4,UAV-5,0.700
282.34,UAV-4,UAV-6,0.700
282.34,UAV-5,GCS,0.700
282.34,UAV-5,UAV-6,0.700
282.34,UAV-6,GCS,0.671
283.36,UAV-2,GCS,0.034
283.36,UAV-2,UAV-3,0.700
283.36,UAV-2,UAV-4,0.700
283.36,UAV-2,UAV-5,0.700
283.36,UAV-2,UAV-6,0.700
283.36,UAV-3,GCS,0.700
283.36,UAV-3,UAV-4,0.700
283.36,UAV-3,UAV-5,0.700
283.36,UAV-3,UAV-6,0.700
283.36,UAV-4,GCS,0.700
283.36,UAV-4,UAV-5,0.700
283.36,UAV-4,UAV-6,0.700
283.36,UAV-5,GCS,0.700
283.36,UAV-5,UAV-6,0.700
283.36,UAV-6,GCS,0.700
284.38,UAV-2,GCS,0.036
284.38,UAV-2,UAV-3,0.700
284.38,UAV-2,UAV-4,0.700
284.38,UAV-2,UAV-5,0.700
284.38,UAV-2,UAV-6,0.700
284.38,UAV-3,GCS,0.700
284.38,UAV-3,UAV-4,0.700
284.38,UAV-3,UAV-5,0.700
284.38,UAV-3,UAV-6,0.700
284.38,UAV-4,GCS,0.700
284.38,UAV-4,UAV-5,0.700
284.38,UAV-4,UAV-6,0.700
284.38,UAV-5,GCS,0.700
284.38,UAV-5,UAV-6,0.700
284.38,UAV-6,GCS,0.671
285.40,UAV-2,GCS,0.035
285.40,UAV-2,UAV-3,0.700
285.40,UAV-2,UAV-4,0.700
285.40,UAV-2,UAV-5,0.700
285.40,UAV-2,UAV-6,0.700
285.40,UAV-3,GCS,0.671
285.40,UAV-3,UAV-4,0.700
285.40,UAV-3,UAV-5,0.700
285.40,UAV-3,UAV-6,0.700
285.40,UAV-4,GCS,0.700
285.40,UAV-4,UAV-5,0.700
285.40,UAV-4,UAV-6,0.700
285.40,UAV-5,GCS,0.700
285.40,UAV-5,UAV-6,0.700
285.40,UAV-6,GCS,0.680
286.42,UAV-2,GCS,0.064
286.42,UAV-2,UAV-3,0.700
286.42,UAV-2,UAV-4,0.700
286.42,UAV-2,UAV-5,0.700
286.42,UAV-2,UAV-6,0.700
286.42,UAV-3,GCS,0.700
286.42,UAV-3,UAV-4,0.700
286.42,UAV-3,UAV-5,0.700
286.42,UAV-3,UAV-6,0.700
286.42,UAV-4,GCS,0.700
286.42,UAV-4,UAV-5,0.700
286.42,UAV-4,UAV-6,0.700
286.42,UAV-5,GCS,0.700
286.42,UAV-5,UAV-6,0.700
286.42,UAV-6,GCS,0.672
287.44,UAV-2,GCS,0.037
287.44,UAV-2,UAV-3,0.700
287.44,UAV-2,UAV-4,0.700
287.44,UAV-2,UAV-5,0.696
287.44,UAV-2,UAV-6,0.700
287.44,UAV-3,GCS,0.700
287.44,UAV-3,UAV-4,0.700
287.44,UAV-3,UAV-5,0.700
287.44,UAV-3,UAV-6,0.700
287.44,UAV-4,GCS,0.700
287.44,UAV-4,UAV-5,0.700
287.44,UAV-4,UAV-6,0.700
287.44,UAV-5,GCS,0.700
287.44,UAV-5,UAV-6,0.700
287.44,UAV-6,GCS,0.679
288.46,UAV-2,GCS,0.082
288.46,UAV-2,UAV-3,0.700
288.46,UAV-2,UAV-4,0.700
288.46,UAV-2,UAV-5,0.700
288.46,UAV-2,UAV-6,0.700
288.46,UAV-3,GCS,0.700
288.46,UAV-3,UAV-4,0.700
288.46,UAV-3,UAV-5,0.700
288.46,UAV-3,UAV-6,0.700
288.46,UAV-4,GCS,0.700
288.46,UAV-4,UAV-5,0.700
288.46,UAV-4,UAV-6,0.700
288.46,UAV-5,GCS,0.700
288.46,UAV-5,UAV-6,0.700
288.46,UAV-6,GCS,0.687
289.48,UAV-2,GCS,0.067
289.48,UAV-2,UAV-3,0.700
289.48,UAV-2,UAV-4,0.700
289.48,UAV-2,UAV-5,0.700
289.48,UAV-2,UAV-6,0.700
289.48,UAV-3,GCS,0.700
289.48,UAV-3,UAV-4,0.700
289.48,UAV-3,UAV-5,0.700
289.48,UAV-3,UAV-6,0.700
289.48,UAV-4,GCS,0.700
289.48,UAV-4,UAV-5,0.700
289.48,UAV-4,UAV-6,0.700
289.48,UAV-5,GCS,0.700
289.48,UAV-5,UAV-6,0.700
289.48,UAV-6,GCS,0.668
290.50,UAV-2,GCS,0.264
290.50,UAV-2,UAV-3,0.700
290.50,UAV-2,UAV-4,0.700
290.50,UAV-2,UAV-5,0.700
290.50,UAV-2,UAV-6,0.700
290.50,UAV-3,GCS,0.700
290.50,UAV-3,UAV-4,0.700
290.50,UAV-3,UAV-5,0.700
290.50,UAV-3,UAV-6,0.700
290.50,UAV-4,GCS,0.700
290.50,UAV-4,UAV-5,0.700
290.50,UAV-4,UAV-6,0.700
290.50,UAV-5,GCS,0.700
290.50,UAV-5,UAV-6,0.700
290.50,UAV-6,GCS,0.671
291.52,UAV-2,GCS,0.175
291.52,UAV-2,UAV-3,0.700
291.52,UAV-2,UAV-4,0.700
291.52,UAV-2,UAV-5,0.700
291.52,UAV-2,UAV-6,0.700
291.52,UAV-3,GCS,0.700
291.52,UAV-3,UAV-4,0.700
291.52,UAV-3,UAV-5,0.700
291.52,UAV-3,UAV-6,0.700
291.52,UAV-4,GCS,0.700
291.52,UAV-4,UAV-5,0.700
291.52,UAV-4,UAV-6,0.700
291.52,UAV-5,GCS,0.700
291.52,UAV-5,UAV-6,0.700
291.52,UAV-6,GCS,0.700
292.54,UAV-2,GCS,0.300
292.54,UAV-2,UAV-3,0.700
292.54,UAV-2,UAV-4,0.700
292.54,UAV-2,UAV-5,0.670
292.54,UAV-2,UAV-6,0.700
292.54,UAV-3,GCS,0.700
292.54,UAV-3,UAV-4,0.700
292.54,UAV-3,UAV-5,0.700
292.54,UAV-3,UAV-6,0.700
292.54,UAV-4,GCS,0.700
292.54,UAV-4,UAV-5,0.700
292.54,UAV-4,UAV-6,0.700
292.54,UAV-5,GCS,0.700
292.54,UAV-5,UAV-6,0.700
292.54,UAV-6,GCS,0.678
293.56,UAV-2,GCS,0.252
293.56,UAV-2,UAV-3,0.700
293.56,UAV-2,UAV-4,0.700
293.56,UAV-2,UAV-5,0.671
293.56,UAV-2,UAV-6,0.700
293.56,UAV-3,GCS,0.700
293.56,UAV-3,UAV-4,0.700
293.56,UAV-3,UAV-5,0.700
293.56,UAV-3,UAV-6,0.700
293.56,UAV-4,GCS,0.700
293.56,UAV-4,UAV-5,0.700
293.56,UAV-4,UAV-6,0.700
293.56,UAV-5,GCS,0.700
293.56,UAV-5,UAV-6,0.700
293.56,UAV-6,GCS,0.675
294.58,UAV-2,GCS,0.284
294.58,UAV-2,UAV-3,0.700
294.58,UAV-2,UAV-4,0.700
294.58,UAV-2,UAV-5,0.700
294.58,UAV-2,UAV-6,0.700
294.58,UAV-3,GCS,0.700
294.58,UAV-3,UAV-4,0.700
294.58,UAV-3,UAV-5,0.700
294.58,UAV-3,UAV-6,0.700
294.58,UAV-4,GCS,0.700
294.58,UAV-4,UAV-5,0.700
294.58,UAV-4,UAV-6,0.700
294.58,UAV-5,GCS,0.700
294.58,UAV-5,UAV-6,0.700
294.58,UAV-6,GCS,0.693
295.60,UAV-2,GCS,0.281
295.60,UAV-2,UAV-3,0.700
295.60,UAV-2,UAV-4,0.700
295.60,UAV-2,UAV-5,0.700
295.60,UAV-2,UAV-6,0.700
295.60,UAV-3,GCS,0.700
295.60,UAV-3,UAV-4,0.700
295.60,UAV-3,UAV-5,0.700
295.60,UAV-3,UAV-6,0.700
295.60,UAV-4,GCS,0.700
295.60,UAV-4,UAV-5,0.700
295.60,UAV-4,UAV-6,0.700
295.60,UAV-5,GCS,0.700
295.60,UAV-5,UAV-6,0.700
295.60,UAV-6,GCS,0.579
296.62,UAV-2,GCS,0.255
296.62,UAV-2,UAV-3,0.700
296.62,UAV-2,UAV-4,0.700
296.62,UAV-2,UAV-5,0.700
296.62,UAV-2,UAV-6,0.700
296.62,UAV-3,GCS,0.700
296.62,UAV-3,UAV-4,0.700
296.62,UAV-3,UAV-5,0.700
296.62,UAV-3,UAV-6,0.700
296.62,UAV-4,GCS,0.700
296.62,UAV-4,UAV-5,0.700
296.62,UAV-4,UAV-6,0.700
296.62,UAV-5,GCS,0.700
296.62,UAV-5,UAV-6,0.700
296.62,UAV-6,GCS,0.620
297.64,UAV-2,GCS,0.215
297.64,UAV-2,UAV-3,0.700
297.64,UAV-2,UAV-4,0.700
297.64,UAV-2,UAV-5,0.700
297.64,UAV-2,UAV-6,0.700
297.64,UAV-3,GCS,0.700
297.64,UAV-3,UAV-4,0.700
297.64,UAV-3,UAV-5,0.700
297.64,UAV-3,UAV-6,0.700
297.64,UAV-4,GCS,0.700
297.64,UAV-4,UAV-5,0.700
297.64,UAV-4,UAV-6,0.700
297.64,UAV-5,GCS,0.700
297.64,UAV-5,UAV-6,0.700
297.64,UAV-6,GCS,0.661
298.66,UAV-2,GCS,0.231
298.66,UAV-2,UAV-3,0.700
298.66,UAV-2,UAV-4,0.700
298.66,UAV-2,UAV-5,0.700
298.66,UAV-2,UAV-6,0.700
298.66,UAV-3,GCS,0.700
298.66,UAV-3,UAV-4,0.700
298.66,UAV-3,UAV-5,0.700
298.66,UAV-3,UAV-6,0.700
298.66,UAV-4,GCS,0.700
298.66,UAV-4,UAV-5,0.700
298.66,UAV-4,UAV-6,0.700
298.66,UAV-5,GCS,0.700
298.66,UAV-5,UAV-6,0.700
298.66,UAV-6,GCS,0.663
299.68,UAV-2,GCS,0.242
299.68,UAV-2,UAV-3,0.700
299.68,UAV-2,UAV-4,0.700
299.68,UAV-2,UAV-5,0.700
299.68,UAV-2,UAV-6,0.700
299.68,UAV-3,GCS,0.700
299.68,UAV-3,UAV-4,0.700
299.68,UAV-3,UAV-5,0.700
299.68,UAV-3,UAV-6,0.700
299.68,UAV-4,GCS,0.700
299.68,UAV-4,UAV-5,0.700
299.68,UAV-4,UAV-6,0.700
299.68,UAV-5,GCS,0.700
299.68,UAV-5,UAV-6,0.700
299.68,UAV-6,GCS,0.624
300.70,UAV-2,GCS,0.309
300.70,UAV-2,UAV-3,0.700
300.70,UAV-2,UAV-4,0.700
300.70,UAV-2,UAV-5,0.700
300.70,UAV-2,UAV-6,0.700
300.70,UAV-3,GCS,0.700
300.70,UAV-3,UAV-4,0.700
300.70,UAV-3,UAV-5,0.700
300.70,UAV-3,UAV-6,0.700
300.70,UAV-4,GCS,0.700
300.70,UAV-4,UAV-5,0.700
300.70,UAV-4,UAV-6,0.700
300.70,UAV-5,GCS,0.700
300.70,UAV-5,UAV-6,0.700
300.70,UAV-6,GCS,0.620
301.72,UAV-2,GCS,0.216
301.72,UAV-2,UAV-3,0.700
301.72,UAV-2,UAV-4,0.700
301.72,UAV-2,UAV-5,0.700
301.72,UAV-2,UAV-6,0.700
301.72,UAV-3,GCS,0.700
301.72,UAV-3,UAV-4,0.700
301.72,UAV-3,UAV-5,0.700
301.72,UAV-3,UAV-6,0.700
301.72,UAV-4,GCS,0.700
301.72,UAV-4,UAV-5,0.700
301.72,UAV-4,UAV-6,0.700
301.72,UAV-5,GCS,0.700
301.72,UAV-5,UAV-6,0.700
301.72,UAV-6,GCS,0.642
302.74,UAV-2,GCS,0.192
302.74,UAV-2,UAV-3,0.700
302.74,UAV-2,UAV-4,0.700
302.74,UAV-2,UAV-5,0.700
302.74,UAV-2,UAV-6,0.700
302.74,UAV-3,GCS,0.700
302.74,UAV-3,UAV-4,0.700
302.74,UAV-3,UAV-5,0.700
302.74,UAV-3,UAV-6,0.700
302.74,UAV-4,GCS,0.700
302.74,UAV-4,UAV-5,0.700
302.74,UAV-4,UAV-6,0.700
302.74,UAV-5,GCS,0.700
302.74,UAV-5,UAV-6,0.700
302.74,UAV-6,GCS,0.670
303.76,UAV-2,GCS,0.339
303.76,UAV-2,UAV-3,0.700
303.76,UAV-2,UAV-4,0.700
303.76,UAV-2,UAV-5,0.700
303.76,UAV-2,UAV-6,0.700
303.76,UAV-3,GCS,0.700
303.76,UAV-3,UAV-4,0.700
303.76,UAV-3,UAV-5,0.700
303.76,UAV-3,UAV-6,0.700
303.76,UAV-4,GCS,0.700
303.76,UAV-4,UAV-5,0.700
303.76,UAV-4,UAV-6,0.700
303.76,UAV-5,GCS,0.700
303.76,UAV-5,UAV-6,0.700
303.76,UAV-6,GCS,0.603
304.78,UAV-2,GCS,0.303
304.78,UAV-2,UAV-3,0.700
304.78,UAV-2,UAV-4,0.700
304.78,UAV-2,UAV-5,0.700
304.78,UAV-2,UAV-6,0.700
304.78,UAV-3,GCS,0.700
304.78,UAV-3,UAV-4,0.700
304.78,UAV-3,UAV-5,0.700
304.78,UAV-3,UAV-6,0.700
304.78,UAV-4,GCS,0.667
304.78,UAV-4,UAV-5,0.700
304.78,UAV-4,UAV-6,0.700
304.78,UAV-5,GCS,0.700
304.78,UAV-5,UAV-6,0.700
304.78,UAV-6,GCS,0.699
305.80,UAV-2,GCS,0.386
305.80,UAV-2,UAV-3,0.700
305.80,UAV-2,UAV-4,0.700
305.80,UAV-2,UAV-5,0.700
305.80,UAV-2,UAV-6,0.700
305.80,UAV-3,GCS,0.700
305.80,UAV-3,UAV-4,0.700
305.80,UAV-3,UAV-5,0.700
305.80,UAV-3,UAV-6,0.700
305.80,UAV-4,GCS,0.672
305.80,UAV-4,UAV-5,0.700
305.80,UAV-4,UAV-6,0.700
305.80,UAV-5,GCS,0.700
305.80,UAV-5,UAV-6,0.700
305.80,UAV-6,GCS,0.555
306.82,UAV-2,GCS,0.389
306.82,UAV-2,UAV-3,0.700
306.82,UAV-2,UAV-4,0.700
306.82,UAV-2,UAV-5,0.682
306.82,UAV-2,UAV-6,0.700
306.82,UAV-3,GCS,0.700
306.82,UAV-3,UAV-4,0.700
306.82,UAV-3,UAV-5,0.700
306.82,UAV-3,UAV-6,0.700
306.82,UAV-4,GCS,0.700
306.82,UAV-4,UAV-5,0.700
306.82,UAV-4,UAV-6,0.700
306.82,UAV-5,GCS,0.700
306.82,UAV-5,UAV-6,0.700
306.82,UAV-6,GCS,0.613
307.84,UAV-2,GCS,0.303
307.84,UAV-2,UAV-3,0.700
307.84,UAV-2,UAV-4,0.700
307.84,UAV-2,UAV-5,0.700
307.84,UAV-2,UAV-6,0.700
307.84,UAV-3,GCS,0.671
307.84,UAV-3,UAV-4,0.700
307.84,UAV-3,UAV-5,0.700
307.84,UAV-3,UAV-6,0.700
307.84,UAV-4,GCS,0.700
307.84,UAV-4,UAV-5,0.700
307.84,UAV-4,UAV-6,0.700
307.84,UAV-5,GCS,0.700
307.84,UAV-5,UAV-6,0.700
307.84,UAV-6,GCS,0.577
308.86,UAV-2,GCS,0.444
308.86,UAV-2,UAV-3,0.700
308.86,UAV-2,UAV-4,0.700
308.86,UAV-2,UAV-5,0.700
308.86,UAV-2,UAV-6,0.700
308.86,UAV-3,GCS,0.700
308.86,UAV-3,UAV-4,0.700
308.86,UAV-3,UAV-5,0.700
308.86,UAV-3,UAV-6,0.700
308.86,UAV-4,GCS,0.700
308.86,UAV-4,UAV-5,0.700
308.86,UAV-4,UAV-6,0.700
308.86,UAV-5,GCS,0.700
308.86,UAV-5,UAV-6,0.700
308.86,UAV-6,GCS,0.626
309.88,UAV-2,GCS,0.446
309.88,UAV-2,UAV-3,0.700
309.88,UAV-2,UAV-4,0.700
309.88,UAV-2,UAV-5,0.700
309.88,UAV-2,UAV-6,0.700
309.88,UAV-3,GCS,0.700
309.88,UAV-3,UAV-4,0.700
309.88,UAV-3,UAV-5,0.700
309.88,UAV-3,UAV-6,0.700
309.88,UAV-4,GCS,0.700
309.88,UAV-4,UAV-5,0.700
309.88,UAV-4,UAV-6,0.700
309.88,UAV-5,GCS,0.700
309.88,UAV-5,UAV-6,0.700
309.88,UAV-6,GCS,0.626
310.90,UAV-2,GCS,0.595
310.90,UAV-2,UAV-3,0.700
310.90,UAV-2,UAV-4,0.700
310.90,UAV-2,UAV-5,0.700
310.90,UAV-2,UAV-6,0.700
310.90,UAV-3,GCS,0.700
310.90,UAV-3,UAV-4,0.700
310.90,UAV-3,UAV-5,0.700
310.90,UAV-3,UAV-6,0.700
310.90,UAV-4,GCS,0.700
310.90,UAV-4,UAV-5,0.700
310.90,UAV-4,UAV-6,0.700
310.90,UAV-5,GCS,0.700
310.90,UAV-5,UAV-6,0.671
310.90,UAV-6,GCS,0.598
311.92,UAV-2,GCS,0.383
311.92,UAV-2,UAV-3,0.700
311.92,UAV-2,UAV-4,0.700
311.92,UAV-2,UAV-5,0.700
311.92,UAV-2,UAV-6,0.700
311.92,UAV-3,GCS,0.700
311.92,UAV-3,UAV-4,0.700
311.92,UAV-3,UAV-5,0.700
311.92,UAV-3,UAV-6,0.700
311.92,UAV-4,GCS,0.698
311.92,UAV-4,UAV-5,0.700
311.92,UAV-4,UAV-6,0.700
311.92,UAV-5,GCS,0.700
311.92,UAV-5,UAV-6,0.700
311.92,UAV-6,GCS,0.628
312.94,UAV-2,GCS,0.509
312.94,UAV-2,UAV-3,0.700
312.94,UAV-2,UAV-4,0.700
312.94,UAV-2,UAV-5,0.700
312.94,UAV-2,UAV-6,0.700
312.94,UAV-3,GCS,0.700
312.94,UAV-3,UAV-4,0.700
312.94,UAV-3,UAV-5,0.700
312.94,UAV-3,UAV-6,0.700
312.94,UAV-4,GCS,0.700
312.94,UAV-4,UAV-5,0.700
312.94,UAV-4,UAV-6,0.700
312.94,UAV-5,GCS,0.700
312.94,UAV-5,UAV-6,0.700
312.94,UAV-6,GCS,0.607
313.96,UAV-2,GCS,0.619
313.96,UAV-2,UAV-3,0.700
313.96,UAV-2,UAV-4,0.700
313.96,UAV-2,UAV-5,0.700
313.96,UAV-2,UAV-6,0.700
313.96,UAV-3,GCS,0.671
313.96,UAV-3,UAV-4,0.700
313.96,UAV-3,UAV-5,0.700
313.96,UAV-3,UAV-6,0.700
313.96,UAV-4,GCS,0.700
313.96,UAV-4,UAV-5,0.700
313.96,UAV-4,UAV-6,0.700
313.96,UAV-5,GCS,0.700
313.96,UAV-5,UAV-6,0.700
313.96,UAV-6,GCS,0.648
314.98,UAV-2,GCS,0.602
314.98,UAV-2,UAV-3,0.700
314.98,UAV-2,UAV-4,0.700
314.98,UAV-2,UAV-5,0.700
314.98,UAV-2,UAV-6,0.700
314.98,UAV-3,GCS,0.700
314.98,UAV-3,UAV-4,0.700
314.98,UAV-3,UAV-5,0.700
314.98,UAV-3,UAV-6,0.700
314.98,UAV-4,GCS,0.700
314.98,UAV-4,UAV-5,0.700
314.98,UAV-4,UAV-6,0.700
314.98,UAV-5,GCS,0.700
314.98,UAV-5,UAV-6,0.700
314.98,UAV-6,GCS,0.693
316.00,UAV-2,GCS,0.550
316.00,UAV-2,UAV-3,0.700
316.00,UAV-2,UAV-4,0.700
316.00,UAV-2,UAV-5,0.700
316.00,UAV-2,UAV-6,0.700
316.00,UAV-3,GCS,0.700
316.00,UAV-3,UAV-4,0.700
316.00,UAV-3,UAV-5,0.700
316.00,UAV-3,UAV-6,0.700
316.00,UAV-4,GCS,0.700
316.00,UAV-4,UAV-5,0.700
316.00,UAV-4,UAV-6,0.700
316.00,UAV-5,GCS,0.700
316.00,UAV-5,UAV-6,0.700
316.00,UAV-6,GCS,0.620
317.02,UAV-2,GCS,0.621
317.02,UAV-2,UAV-3,0.700
317.02,UAV-2,UAV-4,0.700
317.02,UAV-2,UAV-5,0.700
317.02,UAV-2,UAV-6,0.700
317.02,UAV-3,GCS,0.642
317.02,UAV-3,UAV-4,0.700
317.02,UAV-3,UAV-5,0.700
317.02,UAV-3,UAV-6,0.700
317.02,UAV-4,GCS,0.700
317.02,UAV-4,UAV-5,0.700
317.02,UAV-4,UAV-6,0.700
317.02,UAV-5,GCS,0.700
317.02,UAV-5,UAV-6,0.700
317.02,UAV-6,GCS,0.617
318.04,UAV-2,GCS,0.699
318.04,UAV-2,UAV-3,0.700
318.04,UAV-2,UAV-4,0.700
318.04,UAV-2,UAV-5,0.700
318.04,UAV-2,UAV-6,0.700
318.04,UAV-3,GCS,0.700
318.04,UAV-3,UAV-4,0.700
318.04,UAV-3,UAV-5,0.700
318.04,UAV-3,UAV-6,0.700
318.04,UAV-4,GCS,0.700
318.04,UAV-4,UAV-5,0.700
318.04,UAV-4,UAV-6,0.700
318.04,UAV-5,GCS,0.700
318.04,UAV-5,UAV-6,0.671
318.04,UAV-6,GCS,0.663
319.06,UAV-2,GCS,0.700
319.06,UAV-2,UAV-3,0.700
319.06,UAV-2,UAV-4,0.700
319.06,UAV-2,UAV-5,0.698
319.06,UAV-2,UAV-6,0.700
319.06,UAV-3,GCS,0.700
319.06,UAV-3,UAV-4,0.700
319.06,UAV-3,UAV-5,0.700
319.06,UAV-3,UAV-6,0.700
319.06,UAV-4,GCS,0.700
319.06,UAV-4,UAV-5,0.700
319.06,UAV-4,UAV-6,0.700
319.06,UAV-5,GCS,0.700
319.06,UAV-5,UAV-6,0.700
319.06,UAV-6,GCS,0.644
320.08,UAV-2,GCS,0.700
320.08,UAV-2,UAV-3,0.700
320.08,UAV-2,UAV-4,0.700
320.08,UAV-2,UAV-5,0.700
320.08,UAV-2,UAV-6,0.700
320.08,UAV-3,GCS,0.700
320.08,UAV-3,UAV-4,0.700
320.08,UAV-3,UAV-5,0.700
320.08,UAV-3,UAV-6,0.700
320.08,UAV-4,GCS,0.700
320.08,UAV-4,UAV-5,0.700
320.08,UAV-4,UAV-6,0.700
320.08,UAV-5,GCS,0.700
320.08,UAV-5,UAV-6,0.700
320.08,UAV-6,GCS,0.627
321.10,UAV-2,GCS,0.700
321.10,UAV-2,UAV-3,0.700
321.10,UAV-2,UAV-4,0.700
321.10,UAV-2,UAV-5,0.700
321.10,UAV-2,UAV-6,0.700
321.10,UAV-3,GCS,0.700
321.10,UAV-3,UAV-4,0.700
321.10,UAV-3,UAV-5,0.700
321.10,UAV-3,UAV-6,0.700
321.10,UAV-4,GCS,0.700
321.10,UAV-4,UAV-5,0.700
321.10,UAV-4,UAV-6,0.700
321.10,UAV-5,GCS,0.700
321.10,UAV-5,UAV-6,0.700
321.10,UAV-6,GCS,0.662
322.12,UAV-2,GCS,0.700
322.12,UAV-2,UAV-3,0.700
322.12,UAV-2,UAV-4,0.700
322.12,UAV-2,UAV-5,0.700
322.12,UAV-2,UAV-6,0.700
322.12,UAV-3,GCS,0.700
322.12,UAV-3,UAV-4,0.700
322.12,UAV-3,UAV-5,0.700
322.12,UAV-3,UAV-6,0.700
322.12,UAV-4,GCS,0.700
322.12,UAV-4,UAV-5,0.700
322.12,UAV-4,UAV-6,0.700
322.12,UAV-5,GCS,0.700
322.12,UAV-5,UAV-6,0.700
322.12,UAV-6,GCS,0.614
323.14,UAV-2,GCS,0.700
323.14,UAV-2,UAV-3,0.700
323.14,UAV-2,UAV-4,0.700
323.14,UAV-2,UAV-5,0.700
323.14,UAV-2,UAV-6,0.700
323.14,UAV-3,GCS,0.700
323.14,UAV-3,UAV-4,0.700
323.14,UAV-3,UAV-5,0.700
323.14,UAV-3,UAV-6,0.700
323.14,UAV-4,GCS,0.700
323.14,UAV-4,UAV-5,0.700
323.14,UAV-4,UAV-6,0.700
323.14,UAV-5,GCS,0.700
323.14,UAV-5,UAV-6,0.700
323.14,UAV-6,GCS,0.659
324.16,UAV-2,GCS,0.700
324.16,UAV-2,UAV-3,0.700
324.16,UAV-2,UAV-4,0.700
324.16,UAV-2,UAV-5,0.700
324.16,UAV-2,UAV-6,0.700
324.16,UAV-3,GCS,0.700
324.16,UAV-3,UAV-4,0.700
324.16,UAV-3,UAV-5,0.700
324.16,UAV-3,UAV-6,0.700
324.16,UAV-4,GCS,0.700
324.16,UAV-4,UAV-5,0.700
324.16,UAV-4,UAV-6,0.700
324.16,UAV-5,GCS,0.700
324.16,UAV-5,UAV-6,0.700
324.16,UAV-6,GCS,0.601
325.18,UAV-2,GCS,0.700
325.18,UAV-2,UAV-3,0.700
325.18,UAV-2,UAV-4,0.700
325.18,UAV-2,UAV-5,0.700
325.18,UAV-2,UAV-6,0.700
325.18,UAV-3,GCS,0.700
325.18,UAV-3,UAV-4,0.700
325.18,UAV-3,UAV-5,0.700
325.18,UAV-3,UAV-6,0.700
325.18,UAV-4,GCS,0.700
325.18,UAV-4,UAV-5,0.700
325.18,UAV-4,UAV-6,0.700
325.18,UAV-5,GCS,0.700
325.18,UAV-5,UAV-6,0.700
325.18,UAV-6,GCS,0.496
326.20,UAV-2,GCS,0.700
326.20,UAV-2,UAV-3,0.700
326.20,UAV-2,UAV-4,0.700
326.20,UAV-2,UAV-5,0.700
326.20,UAV-2,UAV-6,0.700
326.20,UAV-3,GCS,0.700
326.20,UAV-3,UAV-4,0.700
326.20,UAV-3,UAV-5,0.700
326.20,UAV-3,UAV-6,0.700
326.20,UAV-4,GCS,0.700
326.20,UAV-4,UAV-5,0.700
326.20,UAV-4,UAV-6,0.700
326.20,UAV-5,GCS,0.700
326.20,UAV-5,UAV-6,0.700
326.20,UAV-6,GCS,0.571
327.22,UAV-2,GCS,0.700
327.22,UAV-2,UAV-3,0.700
327.22,UAV-2,UAV-4,0.700
327.22,UAV-2,UAV-5,0.700
327.22,UAV-2,UAV-6,0.700
327.22,UAV-3,GCS,0.700
327.22,UAV-3,UAV-4,0.700
327.22,UAV-3,UAV-5,0.700
327.22,UAV-3,UAV-6,0.700
327.22,UAV-4,GCS,0.697
327.22,UAV-4,UAV-5,0.700
327.22,UAV-4,UAV-6,0.700
327.22,UAV-5,GCS,0.700
327.22,UAV-5,UAV-6,0.700
327.22,UAV-6,GCS,0.664
328.24,UAV-2,GCS,0.700
328.24,UAV-2,UAV-3,0.700
328.24,UAV-2,UAV-4,0.700
328.24,UAV-2,UAV-5,0.700
328.24,UAV-2,UAV-6,0.700
328.24,UAV-3,GCS,0.700
328.24,UAV-3,UAV-4,0.700
328.24,UAV-3,UAV-5,0.700
328.24,UAV-3,UAV-6,0.700
328.24,UAV-4,GCS,0.700
328.24,UAV-4,UAV-5,0.700
328.24,UAV-4,UAV-6,0.700
328.24,UAV-5,GCS,0.700
328.24,UAV-5,UAV-6,0.700
328.24,UAV-6,GCS,0.667
329.26,UAV-2,GCS,0.700
329.26,UAV-2,UAV-3,0.700
329.26,UAV-2,UAV-4,0.700
329.26,UAV-2,UAV-5,0.700
329.26,UAV-2,UAV-6,0.700
329.26,UAV-3,GCS,0.700
329.26,UAV-3,UAV-4,0.700
329.26,UAV-3,UAV-5,0.700
329.26,UAV-3,UAV-6,0.700
329.26,UAV-4,GCS,0.700
329.26,UAV-4,UAV-5,0.700
329.26,UAV-4,UAV-6,0.700
329.26,UAV-5,GCS,0.700
329.26,UAV-5,UAV-6,0.700
329.26,UAV-6,GCS,0.638
330.28,UAV-2,GCS,0.966
330.28,UAV-2,UAV-3,1.000
330.28,UAV-2,UAV-4,1.000
330.28,UAV-2,UAV-5,1.000
330.28,UAV-2,UAV-6,1.000
330.28,UAV-3,GCS,1.000
330.28,UAV-3,UAV-4,1.000
330.28,UAV-3,UAV-5,1.000
330.28,UAV-3,UAV-6,1.000
330.28,UAV-4,GCS,0.958
330.28,UAV-4,UAV-5,1.000
330.28,UAV-4,UAV-6,1.000
330.28,UAV-5,GCS,1.000
330.28,UAV-5,UAV-6,1.000
330.28,UAV-6,GCS,0.860
331.30,UAV-2,GCS,1.000
331.30,UAV-2,UAV-3,1.000
331.30,UAV-2,UAV-4,1.000
331.30,UAV-2,UAV-5,1.000
331.30,UAV-2,UAV-6,1.000
331.30,UAV-3,GCS,1.000
331.30,UAV-3,UAV-4,1.000
331.30,UAV-3,UAV-5,1.000
331.30,UAV-3,UAV-6,1.000
331.30,UAV-4,GCS,1.000
331.30,UAV-4,UAV-5,1.000
331.30,UAV-4,UAV-6,1.000
331.30,UAV-5,GCS,1.000
331.30,UAV-5,UAV-6,1.000
331.30,UAV-6,GCS,0.815
332.32,UAV-2,GCS,1.000
332.32,UAV-2,UAV-3,1.000
332.32,UAV-2,UAV-4,1.000
332.32,UAV-2,UAV-5,1.000
332.32,UAV-2,UAV-6,1.000
332.32,UAV-3,GCS,1.000
332.32,UAV-3,UAV-4,1.000
332.32,UAV-3,UAV-5,1.000
332.32,UAV-3,UAV-6,1.000
332.32,UAV-4,GCS,1.000
332.32,UAV-4,UAV-5,1.000
332.32,UAV-4,UAV-6,1.000
332.32,UAV-5,GCS,1.000
332.32,UAV-5,UAV-6,1.000
332.32,UAV-6,GCS,0.847
333.34,UAV-2,GCS,1.000
333.34,UAV-2,UAV-3,1.000
333.34,UAV-2,UAV-4,1.000
333.34,UAV-2,UAV-5,1.000
333.34,UAV-2,UAV-6,1.000
333.34,UAV-3,GCS,1.000
333.34,UAV-3,UAV-4,1.000
333.34,UAV-3,UAV-5,1.000
333.34,UAV-3,UAV-6,1.000
333.34,UAV-4,GCS,1.000
333.34,UAV-4,UAV-5,1.000
333.34,UAV-4,UAV-6,1.000
333.34,UAV-5,GCS,1.000
333.34,UAV-5,UAV-6,1.000
333.34,UAV-6,GCS,0.861
334.36,UAV-2,GCS,1.000
334.36,UAV-2,UAV-3,1.000
334.36,UAV-2,UAV-4,1.000
334.36,UAV-2,UAV-5,1.000
334.36,UAV-2,UAV-6,1.000
334.36,UAV-3,GCS,1.000
334.36,UAV-3,UAV-4,1.000
334.36,UAV-3,UAV-5,1.000
334.36,UAV-3,UAV-6,1.000
334.36,UAV-4,GCS,1.000
334.36,UAV-4,UAV-5,1.000
334.36,UAV-4,UAV-6,1.000
334.36,UAV-5,GCS,1.000
334.36,UAV-5,UAV-6,1.000
334.36,UAV-6,GCS,0.998
335.38,UAV-2,GCS,1.000
335.38,UAV-2,UAV-3,1.000
335.38,UAV-2,UAV-4,1.000
335.38,UAV-2,UAV-5,1.000
335.38,UAV-2,UAV-6,1.000
335.38,UAV-3,GCS,1.000
335.38,UAV-3,UAV-4,1.000
335.38,UAV-3,UAV-5,1.000
335.38,UAV-3,UAV-6,1.000
335.38,UAV-4,GCS,1.000
335.38,UAV-4,UAV-5,1.000
335.38,UAV-4,UAV-6,1.000
335.38,UAV-5,GCS,1.000
335.38,UAV-5,UAV-6,1.000
335.38,UAV-6,GCS,0.958
336.40,UAV-2,GCS,1.000
336.40,UAV-2,UAV-3,1.000
336.40,UAV-2,UAV-4,1.000
336.40,UAV-2,UAV-5,1.000
336.40,UAV-2,UAV-6,1.000
336.40,UAV-3,GCS,1.000
336.40,UAV-3,UAV-4,1.000
336.40,UAV-3,UAV-5,1.000
336.40,UAV-3,UAV-6,1.000
336.40,UAV-4,GCS,0.958
336.40,UAV-4,UAV-5,1.000
336.40,UAV-4,UAV-6,1.000
336.40,UAV-5,GCS,1.000
336.40,UAV-5,UAV-6,1.000
336.40,UAV-6,GCS,0.999
337.42,UAV-2,GCS,1.000
337.42,UAV-2,UAV-3,1.000
337.42,UAV-2,UAV-4,1.000
337.42,UAV-2,UAV-5,1.000
337.42,UAV-2,UAV-6,1.000
337.42,UAV-3,GCS,0.971
337.42,UAV-3,UAV-4,1.000
337.42,UAV-3,UAV-5,1.000
337.42,UAV-3,UAV-6,1.000
337.42,UAV-4,GCS,1.000
337.42,UAV-4,UAV-5,1.000
337.42,UAV-4,UAV-6,1.000
337.42,UAV-5,GCS,1.000
337.42,UAV-5,UAV-6,1.000
337.42,UAV-6,GCS,0.998
338.44,UAV-2,GCS,1.000
338.44,UAV-2,UAV-3,1.000
338.44,UAV-2,UAV-4,1.000
338.44,UAV-2,UAV-5,1.000
338.44,UAV-2,UAV-6,1.000
338.44,UAV-3,GCS,1.000
338.44,UAV-3,UAV-4,1.000
338.44,UAV-3,UAV-5,1.000
338.44,UAV-3,UAV-6,1.000
338.44,UAV-4,GCS,1.000
338.44,UAV-4,UAV-5,1.000
338.44,UAV-4,UAV-6,1.000
338.44,UAV-5,GCS,1.000
338.44,UAV-5,UAV-6,1.000
338.44,UAV-6,GCS,1.000
339.46,UAV-2,GCS,1.000
339.46,UAV-2,UAV-3,1.000
339.46,UAV-2,UAV-4,1.000
339.46,UAV-2,UAV-5,1.000
339.46,UAV-2,UAV-6,1.000
339.46,UAV-3,GCS,1.000
339.46,UAV-3,UAV-4,1.000
339.46,UAV-3,UAV-5,1.000
339.46,UAV-3,UAV-6,1.000
339.46,UAV-4,GCS,1.000
339.46,UAV-4,UAV-5,1.000
339.46,UAV-4,UAV-6,1.000
339.46,UAV-5,GCS,1.000
339.46,UAV-5,UAV-6,1.000
339.46,UAV-6,GCS,1.000
340.48,UAV-2,GCS,1.000
340.48,UAV-2,UAV-3,1.000
340.48,UAV-2,UAV-4,1.000
340.48,UAV-2,UAV-5,1.000
340.48,UAV-2,UAV-6,1.000
340.48,UAV-3,GCS,1.000
340.48,UAV-3,UAV-4,1.000
340.48,UAV-3,UAV-5,1.000
340.48,UAV-3,UAV-6,1.000
340.48,UAV-4,GCS,1.000
340.48,UAV-4,UAV-5,1.000
340.48,UAV-4,UAV-6,1.000
340.48,UAV-5,GCS,1.000
340.48,UAV-5,UAV-6,1.000
340.48,UAV-6,GCS,0.993
341.50,UAV-2,GCS,1.000
341.50,UAV-2,UAV-3,1.000
341.50,UAV-2,UAV-4,1.000
341.50,UAV-2,UAV-5,1.000
341.50,UAV-2,UAV-6,1.000
341.50,UAV-3,GCS,1.000
341.50,UAV-3,UAV-4,1.000
341.50,UAV-3,UAV-5,1.000
341.50,UAV-3,UAV-6,1.000
341.50,UAV-4,GCS,1.000
341.50,UAV-4,UAV-5,1.000
341.50,UAV-4,UAV-6,1.000
341.50,UAV-5,GCS,1.000
341.50,UAV-5,UAV-6,1.000
341.50,UAV-6,GCS,1.000
342.52,UAV-2,GCS,0.937
342.52,UAV-2,UAV-3,1.000
342.52,UAV-2,UAV-4,1.000
342.52,UAV-2,UAV-5,1.000
342.52,UAV-2,UAV-6,1.000
342.52,UAV-3,GCS,1.000
342.52,UAV-3,UAV-4,1.000
342.52,UAV-3,UAV-5,1.000
342.52,UAV-3,UAV-6,1.000
342.52,UAV-4,GCS,1.000
342.52,UAV-4,UAV-5,1.000
342.52,UAV-4,UAV-6,1.000
342.52,UAV-5,GCS,1.000
342.52,UAV-5,UAV-6,1.000
342.52,UAV-6,GCS,0.946
343.54,UAV-2,GCS,0.920
343.54,UAV-2,UAV-3,1.000
343.54,UAV-2,UAV-4,1.000
343.54,UAV-2,UAV-5,1.000
343.54,UAV-2,UAV-6,1.000
343.54,UAV-3,GCS,1.000
343.54,UAV-3,UAV-4,1.000
343.54,UAV-3,UAV-5,1.000
343.54,UAV-3,UAV-6,1.000
343.54,UAV-4,GCS,1.000
343.54,UAV-4,UAV-5,1.000
343.54,UAV-4,UAV-6,1.000
343.54,UAV-5,GCS,1.000
343.54,UAV-5,UAV-6,1.000
343.54,UAV-6,GCS,0.886
344.56,UAV-2,GCS,0.855
344.56,UAV-2,UAV-3,1.000
344.56,UAV-2,UAV-4,1.000
344.56,UAV-2,UAV-5,1.000
344.56,UAV-2,UAV-6,1.000
344.56,UAV-3,GCS,1.000
344.56,UAV-3,UAV-4,1.000
344.56,UAV-3,UAV-5,1.000
344.56,UAV-3,UAV-6,1.000
344.56,UAV-4,GCS,1.000
344.56,UAV-4,UAV-5,1.000
344.56,UAV-4,UAV-6,1.000
344.56,UAV-5,GCS,1.000
344.56,UAV-5,UAV-6,1.000
344.56,UAV-6,GCS,0.959
345.58,UAV-2,GCS,0.910
345.58,UAV-2,UAV-3,1.000
345.58,UAV-2,UAV-4,1.000
345.58,UAV-2,UAV-5,1.000
345.58,UAV-2,UAV-6,1.000
345.58,UAV-3,GCS,0.963
345.58,UAV-3,UAV-4,1.000
345.58,UAV-3,UAV-5,1.000
345.58,UAV-3,UAV-6,1.000
345.58,UAV-4,GCS,1.000
345.58,UAV-4,UAV-5,1.000
345.58,UAV-4,UAV-6,1.000
345.58,UAV-5,GCS,1.000
345.58,UAV-5,UAV-6,1.000
345.58,UAV-6,GCS,0.914
346.60,UAV-2,GCS,0.913
346.60,UAV-2,UAV-3,1.000
346.60,UAV-2,UAV-4,1.000
346.60,UAV-2,UAV-5,1.000
346.60,UAV-2,UAV-6,1.000
346.60,UAV-3,GCS,1.000
346.60,UAV-3,UAV-4,1.000
346.60,UAV-3,UAV-5,1.000
346.60,UAV-3,UAV-6,1.000
346.60,UAV-4,GCS,1.000
346.60,UAV-4,UAV-5,1.000
346.60,UAV-4,UAV-6,1.000
346.60,UAV-5,GCS,1.000
346.60,UAV-5,UAV-6,1.000
346.60,UAV-6,GCS,0.953
347.62,UAV-2,GCS,0.947
347.62,UAV-2,UAV-3,1.000
347.62,UAV-2,UAV-4,1.000
347.62,UAV-2,UAV-5,1.000
347.62,UAV-2,UAV-6,1.000
347.62,UAV-3,GCS,1.000
347.62,UAV-3,UAV-4,1.000
347.62,UAV-3,UAV-5,1.000
347.62,UAV-3,UAV-6,1.000
347.62,UAV-4,GCS,1.000
347.62,UAV-4,UAV-5,1.000
347.62,UAV-4,UAV-6,1.000
347.62,UAV-5,GCS,1.000
347.62,UAV-5,UAV-6,1.000
347.62,UAV-6,GCS,0.831
348.64,UAV-2,GCS,0.958
348.64,UAV-2,UAV-3,1.000
348.64,UAV-2,UAV-4,1.000
348.64,UAV-2,UAV-5,1.000
348.64,UAV-2,UAV-6,1.000
348.64,UAV-3,GCS,1.000
348.64,UAV-3,UAV-4,1.000
348.64,UAV-3,UAV-5,1.000
348.64,UAV-3,UAV-6,1.000
348.64,UAV-4,GCS,1.000
348.64,UAV-4,UAV-5,1.000
348.64,UAV-4,UAV-6,1.000
348.64,UAV-5,GCS,1.000
348.64,UAV-5,UAV-6,0.958
348.64,UAV-6,GCS,0.989
349.66,UAV-2,GCS,0.887
349.66,UAV-2,UAV-3,1.000
349.66,UAV-2,UAV-4,1.000
349.66,UAV-2,UAV-5,1.000
349.66,UAV-2,UAV-6,1.000
349.66,UAV-3,GCS,1.000
349.66,UAV-3,UAV-4,1.000
349.66,UAV-3,UAV-5,1.000
349.66,UAV-3,UAV-6,1.000
349.66,UAV-4,GCS,1.000
349.66,UAV-4,UAV-5,1.000
349.66,UAV-4,UAV-6,1.000
349.66,UAV-5,GCS,1.000
349.66,UAV-5,UAV-6,1.000
349.66,UAV-6,GCS,0.934
350.68,UAV-2,GCS,0.771
350.68,UAV-2,UAV-3,1.000
350.68,UAV-2,UAV-4,1.000
350.68,UAV-2,UAV-5,1.000
350.68,UAV-2,UAV-6,1.000
350.68,UAV-3,GCS,1.000
350.68,UAV-3,UAV-4,1.000
350.68,UAV-3,UAV-5,1.000
350.68,UAV-3,UAV-6,1.000
350.68,UAV-4,GCS,1.000
350.68,UAV-4,UAV-5,1.000
350.68,UAV-4,UAV-6,1.000
350.68,UAV-5,GCS,1.000
350.68,UAV-5,UAV-6,1.000
350.68,UAV-6,GCS,1.000
351.70,UAV-2,GCS,0.669
351.70,UAV-2,UAV-3,1.000
351.70,UAV-2,UAV-4,1.000
351.70,UAV-2,UAV-5,1.000
351.70,UAV-2,UAV-6,1.000
351.70,UAV-3,GCS,1.000
351.70,UAV-3,UAV-4,1.000
351.70,UAV-3,UAV-5,1.000
351.70,UAV-3,UAV-6,1.000
351.70,UAV-4,GCS,1.000
351.70,UAV-4,UAV-5,1.000
351.70,UAV-4,UAV-6,1.000
351.70,UAV-5,GCS,1.000
351.70,UAV-5,UAV-6,1.000
351.70,UAV-6,GCS,0.939
352.72,UAV-2,GCS,0.632
352.72,UAV-2,UAV-3,1.000
352.72,UAV-2,UAV-4,1.000
352.72,UAV-2,UAV-5,1.000
352.72,UAV-2,UAV-6,1.000
352.72,UAV-3,GCS,1.000
352.72,UAV-3,UAV-4,1.000
352.72,UAV-3,UAV-5,1.000
352.72,UAV-3,UAV-6,1.000
352.72,UAV-4,GCS,1.000
352.72,UAV-4,UAV-5,1.000
352.72,UAV-4,UAV-6,1.000
352.72,UAV-5,GCS,1.000
352.72,UAV-5,UAV-6,1.000
352.72,UAV-6,GCS,1.000
353.74,UAV-2,GCS,0.571
353.74,UAV-2,UAV-3,1.000
353.74,UAV-2,UAV-4,1.000
353.74,UAV-2,UAV-5,1.000
353.74,UAV-2,UAV-6,1.000
353.74,UAV-3,GCS,1.000
353.74,UAV-3,UAV-4,1.000
353.74,UAV-3,UAV-5,1.000
353.74,UAV-3,UAV-6,1.000
353.74,UAV-4,GCS,1.000
353.74,UAV-4,UAV-5,1.000
353.74,UAV-4,UAV-6,1.000
353.74,UAV-5,GCS,1.000
353.74,UAV-5,UAV-6,1.000
353.74,UAV-6,GCS,0.937
354.76,UAV-2,GCS,0.563
354.76,UAV-2,UAV-3,1.000
354.76,UAV-2,UAV-4,1.000
354.76,UAV-2,UAV-5,0.970
354.76,UAV-2,UAV-6,1.000
354.76,UAV-3,GCS,1.000
354.76,UAV-3,UAV-4,1.000
354.76,UAV-3,UAV-5,1.000
354.76,UAV-3,UAV-6,1.000
354.76,UAV-4,GCS,1.000
354.76,UAV-4,UAV-5,1.000
354.76,UAV-4,UAV-6,1.000
354.76,UAV-5,GCS,1.000
354.76,UAV-5,UAV-6,1.000
354.76,UAV-6,GCS,0.918
355.78,UAV-2,GCS,0.373
355.78,UAV-2,UAV-3,1.000
355.78,UAV-2,UAV-4,1.000
355.78,UAV-2,UAV-5,0.999
355.78,UAV-2,UAV-6,1.000
355.78,UAV-3,GCS,1.000
355.78,UAV-3,UAV-4,1.000
355.78,UAV-3,UAV-5,1.000
355.78,UAV-3,UAV-6,1.000
355.78,UAV-4,GCS,1.000
355.78,UAV-4,UAV-5,1.000
355.78,UAV-4,UAV-6,1.000
355.78,UAV-5,GCS,1.000
355.78,UAV-5,UAV-6,1.000
355.78,UAV-6,GCS,1.000
356.80,UAV-2,GCS,0.311
356.80,UAV-2,UAV-3,1.000
356.80,UAV-2,UAV-4,1.000
356.80,UAV-2,UAV-5,0.957
356.80,UAV-2,UAV-6,1.000
356.80,UAV-3,GCS,1.000
356.80,UAV-3,UAV-4,1.000
356.80,UAV-3,UAV-5,1.000
356.80,UAV-3,UAV-6,1.000
356.80,UAV-4,GCS,1.000
356.80,UAV-4,UAV-5,1.000
356.80,UAV-4,UAV-6,1.000
356.80,UAV-5,GCS,1.000
356.80,UAV-5,UAV-6,1.000
356.80,UAV-6,GCS,0.969
357.82,UAV-2,GCS,0.204
357.82,UAV-2,UAV-3,1.000
357.82,UAV-2,UAV-4,1.000
357.82,UAV-2,UAV-5,0.893
357.82,UAV-2,UAV-6,1.000
357.82,UAV-3,GCS,1.000
357.82,UAV-3,UAV-4,1.000
357.82,UAV-3,UAV-5,1.000
357.82,UAV-3,UAV-6,1.000
357.82,UAV-4,GCS,0.958
357.82,UAV-4,UAV-5,1.000
357.82,UAV-4,UAV-6,1.000
357.82,UAV-5,GCS,1.000
357.82,UAV-5,UAV-6,1.000
357.82,UAV-6,GCS,0.965
358.84,UAV-2,GCS,0.125
358.84,UAV-2,UAV-3,1.000
358.84,UAV-2,UAV-4,1.000
358.84,UAV-2,UAV-5,0.886
358.84,UAV-2,UAV-6,1.000
358.84,UAV-3,GCS,1.000
358.84,UAV-3,UAV-4,1.000
358.84,UAV-3,UAV-5,1.000
358.84,UAV-3,UAV-6,1.000
358.84,UAV-4,GCS,0.958
358.84,UAV-4,UAV-5,1.000
358.84,UAV-4,UAV-6,1.000
358.84,UAV-5,GCS,1.000
358.84,UAV-5,UAV-6,1.000
358.84,UAV-6,GCS,0.899
359.86,UAV-2,GCS,0.027
359.86,UAV-2,UAV-3,1.000
359.86,UAV-2,UAV-4,1.000
359.86,UAV-2,UAV-5,0.667
359.86,UAV-2,UAV-6,1.000
359.86,UAV-3,GCS,1.000
359.86,UAV-3,UAV-4,1.000
359.86,UAV-3,UAV-5,1.000
359.86,UAV-3,UAV-6,1.000
359.86,UAV-4,GCS,0.983
359.86,UAV-4,UAV-5,1.000
359.86,UAV-4,UAV-6,1.000
359.86,UAV-5,GCS,1.000
359.86,UAV-5,UAV-6,1.000
359.86,UAV-6,GCS,0.996
360.88,UAV-2,GCS,0.001
360.88,UAV-2,UAV-3,1.000
360.88,UAV-2,UAV-4,1.000
360.88,UAV-2,UAV-5,0.364
360.88,UAV-2,UAV-6,1.000
360.88,UAV-3,GCS,1.000
360.88,UAV-3,UAV-4,1.000
360.88,UAV-3,UAV-5,1.000
360.88,UAV-3,UAV-6,1.000
360.88,UAV-4,GCS,0.905
360.88,UAV-4,UAV-5,1.000
360.88,UAV-4,UAV-6,1.000
360.88,UAV-5,GCS,1.000
360.88,UAV-5,UAV-6,1.000
360.88,UAV-6,GCS,0.952
361.90,UAV-2,GCS,0.000
361.90,UAV-2,UAV-3,1.000
361.90,UAV-2,UAV-4,1.000
361.90,UAV-2,UAV-5,0.039
361.90,UAV-2,UAV-6,1.000
361.90,UAV-3,GCS,1.000
361.90,UAV-3,UAV-4,1.000
361.90,UAV-3,UAV-5,1.000
361.90,UAV-3,UAV-6,1.000
361.90,UAV-4,GCS,0.993
361.90,UAV-4,UAV-5,1.000
361.90,UAV-4,UAV-6,1.000
361.90,UAV-5,GCS,1.000
361.90,UAV-5,UAV-6,1.000
361.90,UAV-6,GCS,1.000
362.92,UAV-2,GCS,0.000
362.92,UAV-2,UAV-3,1.000
362.92,UAV-2,UAV-4,1.000
362.92,UAV-2,UAV-5,0.001
362.92,UAV-2,UAV-6,1.000
362.92,UAV-3,GCS,1.000
362.92,UAV-3,UAV-4,1.000
362.92,UAV-3,UAV-5,1.000
362.92,UAV-3,UAV-6,1.000
362.92,UAV-4,GCS,0.889
362.92,UAV-4,UAV-5,1.000
362.92,UAV-4,UAV-6,1.000
362.92,UAV-5,GCS,1.000
362.92,UAV-5,UAV-6,1.000
362.92,UAV-6,GCS,0.969
363.94,UAV-2,GCS,0.000
363.94,UAV-2,UAV-3,1.000
363.94,UAV-2,UAV-4,1.000
363.94,UAV-2,UAV-5,0.000
363.94,UAV-2,UAV-6,1.000
363.94,UAV-3,GCS,1.000
363.94,UAV-3,UAV-4,1.000
363.94,UAV-3,UAV-5,1.000
363.94,UAV-3,UAV-6,1.000
363.94,UAV-4,GCS,0.870
363.94,UAV-4,UAV-5,1.000
363.94,UAV-4,UAV-6,1.000
363.94,UAV-5,GCS,1.000
363.94,UAV-5,UAV-6,1.000
363.94,UAV-6,GCS,0.997
364.96,UAV-2,GCS,0.000
364.96,UAV-2,UAV-3,1.000
364.96,UAV-2,UAV-4,1.000
364.96,UAV-2,UAV-5,0.009
364.96,UAV-2,UAV-6,1.000
364.96,UAV-3,GCS,0.956
364.96,UAV-3,UAV-4,1.000
364.96,UAV-3,UAV-5,1.000
364.96,UAV-3,UAV-6,1.000
364.96,UAV-4,GCS,0.964
364.96,UAV-4,UAV-5,1.000
364.96,UAV-4,UAV-6,1.000
364.96,UAV-5,GCS,1.000
364.96,UAV-5,UAV-6,1.000
364.96,UAV-6,GCS,0.955
365.98,UAV-2,GCS,0.000
365.98,UAV-2,UAV-3,1.000
365.98,UAV-2,UAV-4,1.000
365.98,UAV-2,UAV-5,0.002
365.98,UAV-2,UAV-6,1.000
365.98,UAV-3,GCS,0.955
365.98,UAV-3,UAV-4,1.000
365.98,UAV-3,UAV-5,1.000
365.98,UAV-3,UAV-6,1.000
365.98,UAV-4,GCS,0.951
365.98,UAV-4,UAV-5,1.000
365.98,UAV-4,UAV-6,1.000
365.98,UAV-5,GCS,1.000
365.98,UAV-5,UAV-6,1.000
365.98,UAV-6,GCS,1.000
367.00,UAV-2,GCS,0.000
367.00,UAV-2,UAV-3,1.000
367.00,UAV-2,UAV-4,1.000
367.00,UAV-2,UAV-5,0.279
367.00,UAV-2,UAV-6,1.000
367.00,UAV-3,GCS,0.958
367.00,UAV-3,UAV-4,1.000
367.00,UAV-3,UAV-5,1.000
367.00,UAV-3,UAV-6,1.000
367.00,UAV-4,GCS,1.000
367.00,UAV-4,UAV-5,1.000
367.00,UAV-4,UAV-6,1.000
367.00,UAV-5,GCS,1.000
367.00,UAV-5,UAV-6,1.000
367.00,UAV-6,GCS,1.000
368.02,UAV-2,GCS,0.000
368.02,UAV-2,UAV-3,1.000
368.02,UAV-2,UAV-4,1.000
368.02,UAV-2,UAV-5,0.725
368.02,UAV-2,UAV-6,1.000
368.02,UAV-3,GCS,0.900
368.02,UAV-3,UAV-4,1.000
368.02,UAV-3,UAV-5,1.000
368.02,UAV-3,UAV-6,1.000
368.02,UAV-4,GCS,0.957
368.02,UAV-4,UAV-5,1.000
368.02,UAV-4,UAV-6,1.000
368.02,UAV-5,GCS,1.000
368.02,UAV-5,UAV-6,1.000
368.02,UAV-6,GCS,1.000
369.04,UAV-2,GCS,0.000
369.04,UAV-2,UAV-3,1.000
369.04,UAV-2,UAV-4,1.000
369.04,UAV-2,UAV-5,0.702
369.04,UAV-2,UAV-6,1.000
369.04,UAV-3,GCS,0.910
369.04,UAV-3,UAV-4,1.000
369.04,UAV-3,UAV-5,1.000
369.04,UAV-3,UAV-6,1.000
369.04,UAV-4,GCS,1.000
369.04,UAV-4,UAV-5,1.000
369.04,UAV-4,UAV-6,1.000
369.04,UAV-5,GCS,1.000
369.04,UAV-5,UAV-6,1.000
369.04,UAV-6,GCS,1.000
370.06,UAV-2,GCS,0.032
370.06,UAV-2,UAV-3,1.000
370.06,UAV-2,UAV-4,1.000
370.06,UAV-2,UAV-5,0.938
370.06,UAV-2,UAV-6,1.000
370.06,UAV-3,GCS,0.955
370.06,UAV-3,UAV-4,1.000
370.06,UAV-3,UAV-5,1.000
370.06,UAV-3,UAV-6,1.000
370.06,UAV-4,GCS,0.996
370.06,UAV-4,UAV-5,1.000
370.06,UAV-4,UAV-6,1.000
370.06,UAV-5,GCS,1.000
370.06,UAV-5,UAV-6,1.000
370.06,UAV-6,GCS,1.000
371.08,UAV-2,GCS,0.000
371.08,UAV-2,UAV-3,1.000
371.08,UAV-2,UAV-4,1.000
371.08,UAV-2,UAV-5,0.940
371.08,UAV-2,UAV-6,1.000
371.08,UAV-3,GCS,0.869
371.08,UAV-3,UAV-4,1.000
371.08,UAV-3,UAV-5,1.000
371.08,UAV-3,UAV-6,1.000
371.08,UAV-4,GCS,0.983
371.08,UAV-4,UAV-5,1.000
371.08,UAV-4,UAV-6,1.000
371.08,UAV-5,GCS,1.000
371.08,UAV-5,UAV-6,1.000
371.08,UAV-6,GCS,1.000
372.10,UAV-2,GCS,0.049
372.10,UAV-2,UAV-3,1.000
372.10,UAV-2,UAV-4,1.000
372.10,UAV-2,UAV-5,0.829
372.10,UAV-2,UAV-6,1.000
372.10,UAV-3,GCS,0.927
372.10,UAV-3,UAV-4,1.000
372.10,UAV-3,UAV-5,1.000
372.10,UAV-3,UAV-6,1.000
372.10,UAV-4,GCS,0.971
372.10,UAV-4,UAV-5,1.000
372.10,UAV-4,UAV-6,1.000
372.10,UAV-5,GCS,1.000
372.10,UAV-5,UAV-6,1.000
372.10,UAV-6,GCS,1.000
373.12,UAV-2,GCS,0.004
373.12,UAV-2,UAV-3,1.000
373.12,UAV-2,UAV-4,1.000
373.12,UAV-2,UAV-5,0.659
373.12,UAV-2,UAV-6,1.000
373.12,UAV-3,GCS,0.926
373.12,UAV-3,UAV-4,1.000
373.12,UAV-3,UAV-5,1.000
373.12,UAV-3,UAV-6,1.000
373.12,UAV-4,GCS,0.988
373.12,UAV-4,UAV-5,1.000
373.12,UAV-4,UAV-6,1.000
373.12,UAV-5,GCS,1.000
373.12,UAV-5,UAV-6,1.000
373.12,UAV-6,GCS,1.000
374.14,UAV-2,GCS,0.005
374.14,UAV-2,UAV-3,1.000
374.14,UAV-2,UAV-4,1.000
374.14,UAV-2,UAV-5,0.327
374.14,UAV-2,UAV-6,1.000
374.14,UAV-3,GCS,0.861
374.14,UAV-3,UAV-4,1.000
374.14,UAV-3,UAV-5,1.000
374.14,UAV-3,UAV-6,1.000
374.14,UAV-4,GCS,0.845
374.14,UAV-4,UAV-5,1.000
374.14,UAV-4,UAV-6,1.000
374.14,UAV-5,GCS,1.000
374.14,UAV-5,UAV-6,1.000
374.14,UAV-6,GCS,1.000
375.16,UAV-2,GCS,0.000
375.16,UAV-2,UAV-3,1.000
375.16,UAV-2,UAV-4,1.000
375.16,UAV-2,UAV-5,0.076
375.16,UAV-2,UAV-6,1.000
375.16,UAV-3,GCS,0.766
375.16,UAV-3,UAV-4,1.000
375.16,UAV-3,UAV-5,1.000
375.16,UAV-3,UAV-6,1.000
375.16,UAV-4,GCS,0.450
375.16,UAV-4,UAV-5,1.000
375.16,UAV-4,UAV-6,1.000
375.16,UAV-5,GCS,1.000
375.16,UAV-5,UAV-6,0.986
375.16,UAV-6,GCS,1.000
376.18,UAV-2,GCS,0.000
376.18,UAV-2,UAV-3,1.000
376.18,UAV-2,UAV-4,1.000
376.18,UAV-2,UAV-5,0.000
376.18,UAV-2,UAV-6,1.000
376.18,UAV-3,GCS,0.621
376.18,UAV-3,UAV-4,1.000
376.18,UAV-3,UAV-5,1.000
376.18,UAV-3,UAV-6,1.000
376.18,UAV-4,GCS,0.443
376.18,UAV-4,UAV-5,1.000
376.18,UAV-4,UAV-6,1.000
376.18,UAV-5,GCS,1.000
376.18,UAV-5,UAV-6,1.000
376.18,UAV-6,GCS,1.000
377.20,UAV-2,GCS,0.000
377.20,UAV-2,UAV-3,1.000
377.20,UAV-2,UAV-4,1.000
377.20,UAV-2,UAV-5,0.000
377.20,UAV-2,UAV-6,1.000
377.20,UAV-3,GCS,0.689
377.20,UAV-3,UAV-4,1.000
377.20,UAV-3,UAV-5,1.000
377.20,UAV-3,UAV-6,1.000
377.20,UAV-4,GCS,0.263
377.20,UAV-4,UAV-5,1.000
377.20,UAV-4,UAV-6,1.000
377.20,UAV-5,GCS,1.000
377.20,UAV-5,UAV-6,1.000
377.20,UAV-6,GCS,1.000
378.22,UAV-2,GCS,0.000
378.22,UAV-2,UAV-3,1.000
378.22,UAV-2,UAV-4,1.000
378.22,UAV-2,UAV-5,0.000
378.22,UAV-2,UAV-6,1.000
378.22,UAV-3,GCS,0.688
378.22,UAV-3,UAV-4,1.000
378.22,UAV-3,UAV-5,1.000
378.22,UAV-3,UAV-6,1.000
378.22,UAV-4,GCS,0.042
378.22,UAV-4,UAV-5,1.000
378.22,UAV-4,UAV-6,1.000
378.22,UAV-5,GCS,1.000
378.22,UAV-5,UAV-6,1.000
378.22,UAV-6,GCS,1.000
379.24,UAV-2,GCS,0.000
379.24,UAV-2,UAV-3,1.000
379.24,UAV-2,UAV-4,1.000
379.24,UAV-2,UAV-5,0.000
379.24,UAV-2,UAV-6,1.000
379.24,UAV-3,GCS,0.585
379.24,UAV-3,UAV-4,1.000
379.24,UAV-3,UAV-5,1.000
379.24,UAV-3,UAV-6,1.000
379.24,UAV-4,GCS,0.007
379.24,UAV-4,UAV-5,1.000
379.24,UAV-4,UAV-6,1.000
379.24,UAV-5,GCS,1.000
379.24,UAV-5,UAV-6,1.000
379.24,UAV-6,GCS,1.000
380.26,UAV-2,GCS,0.000
380.26,UAV-2,UAV-3,1.000
380.26,UAV-2,UAV-4,1.000
380.26,UAV-2,UAV-5,0.011
380.26,UAV-2,UAV-6,1.000
380.26,UAV-3,GCS,0.842
380.26,UAV-3,UAV-4,1.000
380.26,UAV-3,UAV-5,0.917
380.26,UAV-3,UAV-6,1.000
380.26,UAV-4,GCS,0.000
380.26,UAV-4,UAV-5,0.987
380.26,UAV-4,UAV-6,1.000
380.26,UAV-5,GCS,1.000
380.26,UAV-5,UAV-6,0.958
380.26,UAV-6,GCS,1.000
381.28,UAV-2,GCS,0.000
381.28,UAV-2,UAV-3,1.000
381.28,UAV-2,UAV-4,1.000
381.28,UAV-2,UAV-5,0.003
381.28,UAV-2,UAV-6,1.000
381.28,UAV-3,GCS,0.661
381.28,UAV-3,UAV-4,1.000
381.28,UAV-3,UAV-5,0.968
381.28,UAV-3,UAV-6,1.000
381.28,UAV-4,GCS,0.000
381.28,UAV-4,UAV-5,0.694
381.28,UAV-4,UAV-6,1.000
381.28,UAV-5,GCS,1.000
381.28,UAV-5,UAV-6,1.000
381.28,UAV-6,GCS,1.000
382.30,UAV-2,GCS,0.003
382.30,UAV-2,UAV-3,1.000
382.30,UAV-2,UAV-4,1.000
382.30,UAV-2,UAV-5,0.220
382.30,UAV-2,UAV-6,1.000
382.30,UAV-3,GCS,0.494
382.30,UAV-3,UAV-4,1.000
382.30,UAV-3,UAV-5,0.958
382.30,UAV-3,UAV-6,1.000
382.30,UAV-4,GCS,0.000
382.30,UAV-4,UAV-5,0.284
382.30,UAV-4,UAV-6,1.000
382.30,UAV-5,GCS,1.000
382.30,UAV-5,UAV-6,1.000
382.30,UAV-6,GCS,1.000
383.32,UAV-2,GCS,0.000
383.32,UAV-2,UAV-3,1.000
383.32,UAV-2,UAV-4,1.000
383.32,UAV-2,UAV-5,0.788
383.32,UAV-2,UAV-6,1.000
383.32,UAV-3,GCS,0.275
383.32,UAV-3,UAV-4,1.000
383.32,UAV-3,UAV-5,0.958
383.32,UAV-3,UAV-6,1.000
383.32,UAV-4,GCS,0.000
383.32,UAV-4,UAV-5,0.165
383.32,UAV-4,UAV-6,1.000
383.32,UAV-5,GCS,1.000
383.32,UAV-5,UAV-6,1.000
383.32,UAV-6,GCS,1.000
384.34,UAV-2,GCS,0.021
384.34,UAV-2,UAV-3,1.000
384.34,UAV-2,UAV-4,1.000
384.34,UAV-2,UAV-5,0.993
384.34,UAV-2,UAV-6,1.000
384.34,UAV-3,GCS,0.117
384.34,UAV-3,UAV-4,1.000
384.34,UAV-3,UAV-5,1.000
384.34,UAV-3,UAV-6,1.000
384.34,UAV-4,GCS,0.000
384.34,UAV-4,UAV-5,0.112
384.34,UAV-4,UAV-6,1.000
384.34,UAV-5,GCS,1.000
384.34,UAV-5,UAV-6,1.000
384.34,UAV-6,GCS,1.000
385.36,UAV-2,GCS,0.025
385.36,UAV-2,UAV-3,1.000
385.36,UAV-2,UAV-4,1.000
385.36,UAV-2,UAV-5,0.962
385.36,UAV-2,UAV-6,1.000
385.36,UAV-3,GCS,0.042
385.36,UAV-3,UAV-4,1.000
385.36,UAV-3,UAV-5,1.000
385.36,UAV-3,UAV-6,1.000
385.36,UAV-4,GCS,0.000
385.36,UAV-4,UAV-5,0.102
385.36,UAV-4,UAV-6,1.000
385.36,UAV-5,GCS,1.000
385.36,UAV-5,UAV-6,1.000
385.36,UAV-6,GCS,1.000
386.38,UAV-2,GCS,0.000
386.38,UAV-2,UAV-3,1.000
386.38,UAV-2,UAV-4,1.000
386.38,UAV-2,UAV-5,0.904
386.38,UAV-2,UAV-6,1.000
386.38,UAV-3,GCS,0.029
386.38,UAV-3,UAV-4,1.000
386.38,UAV-3,UAV-5,0.804
386.38,UAV-3,UAV-6,1.000
386.38,UAV-4,GCS,0.000
386.38,UAV-4,UAV-5,0.077
386.38,UAV-4,UAV-6,1.000
386.38,UAV-5,GCS,1.000
386.38,UAV-5,UAV-6,1.000
386.38,UAV-6,GCS,1.000
387.40,UAV-2,GCS,0.000
387.40,UAV-2,UAV-3,1.000
387.40,UAV-2,UAV-4,1.000
387.40,UAV-2,UAV-5,0.803
387.40,UAV-2,UAV-6,1.000
387.40,UAV-3,GCS,0.000
387.40,UAV-3,UAV-4,1.000
387.40,UAV-3,UAV-5,0.662
387.40,UAV-3,UAV-6,1.000
387.40,UAV-4,GCS,0.000
387.40,UAV-4,UAV-5,0.001
387.40,UAV-4,UAV-6,1.000
387.40,UAV-5,GCS,1.000
387.40,UAV-5,UAV-6,1.000
387.40,UAV-6,GCS,1.000
388.42,UAV-2,GCS,0.000
388.42,UAV-2,UAV-3,1.000
388.42,UAV-2,UAV-4,1.000
388.42,UAV-2,UAV-5,0.839
388.42,UAV-2,UAV-6,1.000
388.42,UAV-3,GCS,0.000
388.42,UAV-3,UAV-4,1.000
388.42,UAV-3,UAV-5,0.276
388.42,UAV-3,UAV-6,1.000
388.42,UAV-4,GCS,0.000
388.42,UAV-4,UAV-5,0.004
388.42,UAV-4,UAV-6,1.000
388.42,UAV-5,GCS,1.000
388.42,UAV-5,UAV-6,1.000
388.42,UAV-6,GCS,1.000
389.44,UAV-2,GCS,0.000
389.44,UAV-2,UAV-3,1.000
389.44,UAV-2,UAV-4,1.000
389.44,UAV-2,UAV-5,0.173
389.44,UAV-2,UAV-6,1.000
389.44,UAV-3,GCS,0.000
389.44,UAV-3,UAV-4,1.000
389.44,UAV-3,UAV-5,0.003
389.44,UAV-3,UAV-6,1.000
389.44,UAV-4,GCS,0.000
389.44,UAV-4,UAV-5,0.000
389.44,UAV-4,UAV-6,1.000
389.44,UAV-5,GCS,1.000
389.44,UAV-5,UAV-6,1.000
389.44,UAV-6,GCS,1.000
390.46,UAV-2,GCS,0.000
390.46,UAV-2,UAV-3,1.000
390.46,UAV-2,UAV-4,1.000
390.46,UAV-2,UAV-5,0.056
390.46,UAV-2,UAV-6,1.000
390.46,UAV-3,GCS,0.000
390.46,UAV-3,UAV-4,1.000
390.46,UAV-3,UAV-5,0.000
390.46,UAV-3,UAV-6,1.000
390.46,UAV-4,GCS,0.000
390.46,UAV-4,UAV-5,0.001
390.46,UAV-4,UAV-6,1.000
390.46,UAV-5,GCS,1.000
390.46,UAV-5,UAV-6,1.000
390.46,UAV-6,GCS,1.000
391.48,UAV-2,GCS,0.000
391.48,UAV-2,UAV-3,1.000
391.48,UAV-2,UAV-4,1.000
391.48,UAV-2,UAV-5,0.019
391.48,UAV-2,UAV-6,1.000
391.48,UAV-3,GCS,0.000
391.48,UAV-3,UAV-4,1.000
391.48,UAV-3,UAV-5,0.000
391.48,UAV-3,UAV-6,1.000
391.48,UAV-4,GCS,0.000
391.48,UAV-4,UAV-5,0.000
391.48,UAV-4,UAV-6,1.000
391.48,UAV-5,GCS,1.000
391.48,UAV-5,UAV-6,1.000
391.48,UAV-6,GCS,1.000
392.50,UAV-2,GCS,0.000
392.50,UAV-2,UAV-3,1.000
392.50,UAV-2,UAV-4,1.000
392.50,UAV-2,UAV-5,0.000
392.50,UAV-2,UAV-6,1.000
392.50,UAV-3,GCS,0.000
392.50,UAV-3,UAV-4,1.000
392.50,UAV-3,UAV-5,0.000
392.50,UAV-3,UAV-6,1.000
392.50,UAV-4,GCS,0.000
392.50,UAV-4,UAV-5,0.001
392.50,UAV-4,UAV-6,1.000
392.50,UAV-5,GCS,1.000
392.50,UAV-5,UAV-6,1.000
392.50,UAV-6,GCS,1.000
393.52,UAV-2,GCS,0.000
393.52,UAV-2,UAV-3,1.000
393.52,UAV-2,UAV-4,1.000
393.52,UAV-2,UAV-5,0.000
393.52,UAV-2,UAV-6,1.000
393.52,UAV-3,GCS,0.000
393.52,UAV-3,UAV-4,1.000
393.52,UAV-3,UAV-5,0.000
393.52,UAV-3,UAV-6,1.000
393.52,UAV-4,GCS,0.000
393.52,UAV-4,UAV-5,0.000
393.52,UAV-4,UAV-6,1.000
393.52,UAV-5,GCS,1.000
393.52,UAV-5,UAV-6,1.000
393.52,UAV-6,GCS,1.000
394.54,UAV-2,GCS,0.000
394.54,UAV-2,UAV-3,1.000
394.54,UAV-2,UAV-4,1.000
394.54,UAV-2,UAV-5,0.000
394.54,UAV-2,UAV-6,1.000
394.54,UAV-3,GCS,0.000
394.54,UAV-3,UAV-4,1.000
394.54,UAV-3,UAV-5,0.000
394.54,UAV-3,UAV-6,1.000
394.54,UAV-4,GCS,0.000
394.54,UAV-4,UAV-5,0.000
394.54,UAV-4,UAV-6,1.000
394.54,UAV-5,GCS,1.000
394.54,UAV-5,UAV-6,1.000
394.54,UAV-6,GCS,1.000
395.56,UAV-2,GCS,0.000
395.56,UAV-2,UAV-3,1.000
395.56,UAV-2,UAV-4,1.000
395.56,UAV-2,UAV-5,0.000
395.56,UAV-2,UAV-6,1.000
395.56,UAV-3,GCS,0.000
395.56,UAV-3,UAV-4,1.000
395.56,UAV-3,UAV-5,0.000
395.56,UAV-3,UAV-6,1.000
395.56,UAV-4,GCS,0.000
395.56,UAV-4,UAV-5,0.000
395.56,UAV-4,UAV-6,1.000
395.56,UAV-5,GCS,1.000
395.56,UAV-5,UAV-6,1.000
395.56,UAV-6,GCS,1.000
396.58,UAV-2,GCS,0.000
396.58,UAV-2,UAV-3,1.000
396.58,UAV-2,UAV-4,1.000
396.58,UAV-2,UAV-5,0.000
396.58,UAV-2,UAV-6,1.000
396.58,UAV-3,GCS,0.000
396.58,UAV-3,UAV-4,1.000
396.58,UAV-3,UAV-5,0.000
396.58,UAV-3,UAV-6,1.000
396.58,UAV-4,GCS,0.000
396.58,UAV-4,UAV-5,0.000
396.58,UAV-4,UAV-6,1.000
396.58,UAV-5,GCS,1.000
396.58,UAV-5,UAV-6,1.000
396.58,UAV-6,GCS,1.000
397.60,UAV-2,GCS,0.000
397.60,UAV-2,UAV-3,1.000
397.60,UAV-2,UAV-4,1.000
397.60,UAV-2,UAV-5,0.000
397.60,UAV-2,UAV-6,1.000
397.60,UAV-3,GCS,0.000
397.60,UAV-3,UAV-4,1.000
397.60,UAV-3,UAV-5,0.000
397.60,UAV-3,UAV-6,1.000
397.60,UAV-4,GCS,0.000
397.60,UAV-4,UAV-5,0.000
397.60,UAV-4,UAV-6,1.000
397.60,UAV-5,GCS,1.000
397.60,UAV-5,UAV-6,1.000
397.60,UAV-6,GCS,0.958
398.62,UAV-2,GCS,0.000
398.62,UAV-2,UAV-3,1.000
398.62,UAV-2,UAV-4,1.000
398.62,UAV-2,UAV-5,0.000
398.62,UAV-2,UAV-6,1.000
398.62,UAV-3,GCS,0.000
398.62,UAV-3,UAV-4,1.000
398.62,UAV-3,UAV-5,0.000
398.62,UAV-3,UAV-6,1.000
398.62,UAV-4,GCS,0.000
398.62,UAV-4,UAV-5,0.000
398.62,UAV-4,UAV-6,1.000
398.62,UAV-5,GCS,1.000
398.62,UAV-5,UAV-6,1.000
398.62,UAV-6,GCS,0.999
399.64,UAV-2,GCS,0.000
399.64,UAV-2,UAV-3,1.000
399.64,UAV-2,UAV-4,1.000
399.64,UAV-2,UAV-5,0.000
399.64,UAV-2,UAV-6,1.000
399.64,UAV-3,GCS,0.000
399.64,UAV-3,UAV-4,1.000
399.64,UAV-3,UAV-5,0.000
399.64,UAV-3,UAV-6,1.000
399.64,UAV-4,GCS,0.000
399.64,UAV-4,UAV-5,0.013
399.64,UAV-4,UAV-6,1.000
399.64,UAV-5,GCS,1.000
399.64,UAV-5,UAV-6,1.000
399.64,UAV-6,GCS,0.997
400.66,UAV-2,GCS,0.000
400.66,UAV-2,UAV-3,1.000
400.66,UAV-2,UAV-4,1.000
400.66,UAV-2,UAV-5,0.000
400.66,UAV-2,UAV-6,1.000
400.66,UAV-3,GCS,0.000
400.66,UAV-3,UAV-4,1.000
400.66,UAV-3,UAV-5,0.000
400.66,UAV-3,UAV-6,1.000
400.66,UAV-4,GCS,0.000
400.66,UAV-4,UAV-5,0.025
400.66,UAV-4,UAV-6,1.000
400.66,UAV-5,GCS,1.000
400.66,UAV-5,UAV-6,1.000
400.66,UAV-6,GCS,1.000
401.68,UAV-2,GCS,0.000
401.68,UAV-2,UAV-3,1.000
401.68,UAV-2,UAV-4,1.000
401.68,UAV-2,UAV-5,0.000
401.68,UAV-2,UAV-6,1.000
401.68,UAV-3,GCS,0.000
401.68,UAV-3,UAV-4,1.000
401.68,UAV-3,UAV-5,0.000
401.68,UAV-3,UAV-6,1.000
401.68,UAV-4,GCS,0.000
401.68,UAV-4,UAV-5,0.163
401.68,UAV-4,UAV-6,1.000
401.68,UAV-5,GCS,1.000
401.68,UAV-5,UAV-6,1.000
401.68,UAV-6,GCS,1.000
402.70,UAV-2,GCS,0.000
402.70,UAV-2,UAV-3,1.000
402.70,UAV-2,UAV-4,1.000
402.70,UAV-2,UAV-5,0.000
402.70,UAV-2,UAV-6,1.000
402.70,UAV-3,GCS,0.000
402.70,UAV-3,UAV-4,1.000
402.70,UAV-3,UAV-5,0.000
402.70,UAV-3,UAV-6,1.000
402.70,UAV-4,GCS,0.000
402.70,UAV-4,UAV-5,0.069
402.70,UAV-4,UAV-6,1.000
402.70,UAV-5,GCS,1.000
402.70,UAV-5,UAV-6,1.000
402.70,UAV-6,GCS,0.984
403.72,UAV-2,GCS,0.000
403.72,UAV-2,UAV-3,1.000
403.72,UAV-2,UAV-4,1.000
403.72,UAV-2,UAV-5,0.000
403.72,UAV-2,UAV-6,1.000
403.72,UAV-3,GCS,0.000
403.72,UAV-3,UAV-4,1.000
403.72,UAV-3,UAV-5,0.000
403.72,UAV-3,UAV-6,1.000
403.72,UAV-4,GCS,0.000
403.72,UAV-4,UAV-5,0.264
403.72,UAV-4,UAV-6,1.000
403.72,UAV-5,GCS,1.000
403.72,UAV-5,UAV-6,1.000
403.72,UAV-6,GCS,0.999
404.74,UAV-2,GCS,0.000
404.74,UAV-2,UAV-3,1.000
404.74,UAV-2,UAV-4,1.000
404.74,UAV-2,UAV-5,0.000
404.74,UAV-2,UAV-6,1.000
404.74,UAV-3,GCS,0.000
404.74,UAV-3,UAV-4,1.000
404.74,UAV-3,UAV-5,0.000
404.74,UAV-3,UAV-6,1.000
404.74,UAV-4,GCS,0.000
404.74,UAV-4,UAV-5,0.306
404.74,UAV-4,UAV-6,1.000
404.74,UAV-5,GCS,1.000
404.74,UAV-5,UAV-6,1.000
404.74,UAV-6,GCS,0.983
405.76,UAV-2,GCS,0.000
405.76,UAV-2,UAV-3,1.000
405.76,UAV-2,UAV-4,1.000
405.76,UAV-2,UAV-5,0.000
405.76,UAV-2,UAV-6,1.000
405.76,UAV-3,GCS,0.000
405.76,UAV-3,UAV-4,1.000
405.76,UAV-3,UAV-5,0.000
405.76,UAV-3,UAV-6,1.000
405.76,UAV-4,GCS,0.012
405.76,UAV-4,UAV-5,0.498
405.76,UAV-4,UAV-6,1.000
405.76,UAV-5,GCS,1.000
405.76,UAV-5,UAV-6,1.000
405.76,UAV-6,GCS,0.994
406.78,UAV-2,GCS,0.000
406.78,UAV-2,UAV-3,1.000
406.78,UAV-2,UAV-4,1.000
406.78,UAV-2,UAV-5,0.000
406.78,UAV-2,UAV-6,1.000
406.78,UAV-3,GCS,0.000
406.78,UAV-3,UAV-4,1.000
406.78,UAV-3,UAV-5,0.000
406.78,UAV-3,UAV-6,1.000
406.78,UAV-4,GCS,0.058
406.78,UAV-4,UAV-5,0.224
406.78,UAV-4,UAV-6,1.000
406.78,UAV-5,GCS,1.000
406.78,UAV-5,UAV-6,1.000
406.78,UAV-6,GCS,1.000
407.80,UAV-2,GCS,0.000
407.80,UAV-2,UAV-3,1.000
407.80,UAV-2,UAV-4,1.000
407.80,UAV-2,UAV-5,0.000
407.80,UAV-2,UAV-6,1.000
407.80,UAV-3,GCS,0.000
407.80,UAV-3,UAV-4,1.000
407.80,UAV-3,UAV-5,0.000
407.80,UAV-3,UAV-6,1.000
407.80,UAV-4,GCS,0.086
407.80,UAV-4,UAV-5,0.348
407.80,UAV-4,UAV-6,1.000
407.80,UAV-5,GCS,1.000
407.80,UAV-5,UAV-6,1.000
407.80,UAV-6,GCS,1.000
408.82,UAV-2,GCS,0.000
408.82,UAV-2,UAV-3,1.000
408.82,UAV-2,UAV-4,1.000
408.82,UAV-2,UAV-5,0.000
408.82,UAV-2,UAV-6,1.000
408.82,UAV-3,GCS,0.001
408.82,UAV-3,UAV-4,1.000
408.82,UAV-3,UAV-5,0.000
408.82,UAV-3,UAV-6,1.000
408.82,UAV-4,GCS,0.190
408.82,UAV-4,UAV-5,0.297
408.82,UAV-4,UAV-6,1.000
408.82,UAV-5,GCS,1.000
408.82,UAV-5,UAV-6,1.000
408.82,UAV-6,GCS,1.000
409.84,UAV-2,GCS,0.000
409.84,UAV-2,UAV-3,1.000
409.84,UAV-2,UAV-4,1.000
409.84,UAV-2,UAV-5,0.000
409.84,UAV-2,UAV-6,1.000
409.84,UAV-3,GCS,0.000
409.84,UAV-3,UAV-4,1.000
409.84,UAV-3,UAV-5,0.000
409.84,UAV-3,UAV-6,1.000
409.84,UAV-4,GCS,0.099
409.84,UAV-4,UAV-5,0.356
409.84,UAV-4,UAV-6,1.000
409.84,UAV-5,GCS,1.000
409.84,UAV-5,UAV-6,1.000
409.84,UAV-6,GCS,1.000
410.86,UAV-2,GCS,0.000
410.86,UAV-2,UAV-3,1.000
410.86,UAV-2,UAV-4,1.000
410.86,UAV-2,UAV-5,0.000
410.86,UAV-2,UAV-6,1.000
410.86,UAV-3,GCS,0.000
410.86,UAV-3,UAV-4,1.000
410.86,UAV-3,UAV-5,0.000
410.86,UAV-3,UAV-6,1.000
410.86,UAV-4,GCS,0.047
410.86,UAV-4,UAV-5,0.389
410.86,UAV-4,UAV-6,1.000
410.86,UAV-5,GCS,1.000
410.86,UAV-5,UAV-6,1.000
410.86,UAV-6,GCS,1.000
411.88,UAV-2,GCS,0.000
411.88,UAV-2,UAV-3,1.000
411.88,UAV-2,UAV-4,1.000
411.88,UAV-2,UAV-5,0.000
411.88,UAV-2,UAV-6,1.000
411.88,UAV-3,GCS,0.000
411.88,UAV-3,UAV-4,1.000
411.88,UAV-3,UAV-5,0.040
411.88,UAV-3,UAV-6,1.000
411.88,UAV-4,GCS,0.114
411.88,UAV-4,UAV-5,0.507
411.88,UAV-4,UAV-6,1.000
411.88,UAV-5,GCS,1.000
411.88,UAV-5,UAV-6,1.000
411.88,UAV-6,GCS,1.000
412.90,UAV-2,GCS,0.000
412.90,UAV-2,UAV-3,1.000
412.90,UAV-2,UAV-4,1.000
412.90,UAV-2,UAV-5,0.000
412.90,UAV-2,UAV-6,1.000
412.90,UAV-3,GCS,0.000
412.90,UAV-3,UAV-4,1.000
412.90,UAV-3,UAV-5,0.010
412.90,UAV-3,UAV-6,1.000
412.90,UAV-4,GCS,0.277
412.90,UAV-4,UAV-5,0.576
412.90,UAV-4,UAV-6,1.000
412.90,UAV-5,GCS,1.000
412.90,UAV-5,UAV-6,1.000
412.90,UAV-6,GCS,1.000
413.92,UAV-2,GCS,0.000
413.92,UAV-2,UAV-3,1.000
413.92,UAV-2,UAV-4,1.000
413.92,UAV-2,UAV-5,0.000
413.92,UAV-2,UAV-6,1.000
413.92,UAV-3,GCS,0.000
413.92,UAV-3,UAV-4,1.000
413.92,UAV-3,UAV-5,0.052
413.92,UAV-3,UAV-6,1.000
413.92,UAV-4,GCS,0.473
413.92,UAV-4,UAV-5,0.671
413.92,UAV-4,UAV-6,1.000
413.92,UAV-5,GCS,1.000
413.92,UAV-5,UAV-6,1.000
413.92,UAV-6,GCS,1.000
414.94,UAV-2,GCS,0.000
414.94,UAV-2,UAV-3,1.000
414.94,UAV-2,UAV-4,1.000
414.94,UAV-2,UAV-5,0.000
414.94,UAV-2,UAV-6,1.000
414.94,UAV-3,GCS,0.000
414.94,UAV-3,UAV-4,1.000
414.94,UAV-3,UAV-5,0.009
414.94,UAV-3,UAV-6,1.000
414.94,UAV-4,GCS,0.556
414.94,UAV-4,UAV-5,0.816
414.94,UAV-4,UAV-6,1.000
414.94,UAV-5,GCS,1.000
414.94,UAV-5,UAV-6,1.000
414.94,UAV-6,GCS,1.000
415.96,UAV-2,GCS,0.000
415.96,UAV-2,UAV-3,1.000
415.96,UAV-2,UAV-4,1.000
415.96,UAV-2,UAV-5,0.000
415.96,UAV-2,UAV-6,1.000
415.96,UAV-3,GCS,0.000
415.96,UAV-3,UAV-4,1.000
415.96,UAV-3,UAV-5,0.001
415.96,UAV-3,UAV-6,1.000
415.96,UAV-4,GCS,0.540
415.96,UAV-4,UAV-5,0.718
415.96,UAV-4,UAV-6,1.000
415.96,UAV-5,GCS,1.000
415.96,UAV-5,UAV-6,1.000
415.96,UAV-6,GCS,1.000
416.98,UAV-2,GCS,0.000
416.98,UAV-2,UAV-3,1.000
416.98,UAV-2,UAV-4,1.000
416.98,UAV-2,UAV-5,0.000
416.98,UAV-2,UAV-6,1.000
416.98,UAV-3,GCS,0.051
416.98,UAV-3,UAV-4,1.000
416.98,UAV-3,UAV-5,0.107
416.98,UAV-3,UAV-6,1.000
416.98,UAV-4,GCS,0.459
416.98,UAV-4,UAV-5,0.611
416.98,UAV-4,UAV-6,1.000
416.98,UAV-5,GCS,1.000
416.98,UAV-5,UAV-6,1.000
416.98,UAV-6,GCS,1.000
418.00,UAV-2,GCS,0.000
418.00,UAV-2,UAV-3,1.000
418.00,UAV-2,UAV-4,1.000
418.00,UAV-2,UAV-5,0.000
418.00,UAV-2,UAV-6,1.000
418.00,UAV-3,GCS,0.048
418.00,UAV-3,UAV-4,1.000
418.00,UAV-3,UAV-5,0.097
418.00,UAV-3,UAV-6,1.000
418.00,UAV-4,GCS,0.359
418.00,UAV-4,UAV-5,0.511
418.00,UAV-4,UAV-6,1.000
418.00,UAV-5,GCS,1.000
418.00,UAV-5,UAV-6,1.000
418.00,UAV-6,GCS,1.000
419.02,UAV-2,GCS,0.000
419.02,UAV-2,UAV-3,1.000
419.02,UAV-2,UAV-4,1.000
419.02,UAV-2,UAV-5,0.000
419.02,UAV-2,UAV-6,1.000
419.02,UAV-3,GCS,0.065
419.02,UAV-3,UAV-4,1.000
419.02,UAV-3,UAV-5,0.128
419.02,UAV-3,UAV-6,1.000
419.02,UAV-4,GCS,0.461
419.02,UAV-4,UAV-5,0.432
419.02,UAV-4,UAV-6,1.000
419.02,UAV-5,GCS,1.000
419.02,UAV-5,UAV-6,1.000
419.02,UAV-6,GCS,1.000
420.04,UAV-2,GCS,0.000
420.04,UAV-2,UAV-3,1.000
420.04,UAV-2,UAV-4,1.000
420.04,UAV-2,UAV-5,0.000
420.04,UAV-2,UAV-6,1.000
420.04,UAV-3,GCS,0.040
420.04,UAV-3,UAV-4,1.000
420.04,UAV-3,UAV-5,0.073
420.04,UAV-3,UAV-6,1.000
420.04,UAV-4,GCS,0.349
420.04,UAV-4,UAV-5,0.405
420.04,UAV-4,UAV-6,1.000
420.04,UAV-5,GCS,1.000
420.04,UAV-5,UAV-6,0.965
420.04,UAV-6,GCS,0.997
421.06,UAV-2,GCS,0.001
421.06,UAV-2,UAV-3,1.000
421.06,UAV-2,UAV-4,1.000
421.06,UAV-2,UAV-5,0.000
421.06,UAV-2,UAV-6,1.000
421.06,UAV-3,GCS,0.028
421.06,UAV-3,UAV-4,1.000
421.06,UAV-3,UAV-5,0.040
421.06,UAV-3,UAV-6,1.000
421.06,UAV-4,GCS,0.273
421.06,UAV-4,UAV-5,0.357
421.06,UAV-4,UAV-6,1.000
421.06,UAV-5,GCS,1.000
421.06,UAV-5,UAV-6,0.940
421.06,UAV-6,GCS,0.958
422.08,UAV-2,GCS,0.001
422.08,UAV-2,UAV-3,1.000
422.08,UAV-2,UAV-4,1.000
422.08,UAV-2,UAV-5,0.005
422.08,UAV-2,UAV-6,1.000
422.08,UAV-3,GCS,0.016
422.08,UAV-3,UAV-4,1.000
422.08,UAV-3,UAV-5,0.080
422.08,UAV-3,UAV-6,1.000
422.08,UAV-4,GCS,0.377
422.08,UAV-4,UAV-5,0.351
422.08,UAV-4,UAV-6,1.000
422.08,UAV-5,GCS,1.000
422.08,UAV-5,UAV-6,0.450
422.08,UAV-6,GCS,0.873
423.10,UAV-2,GCS,0.000
423.10,UAV-2,UAV-3,1.000
423.10,UAV-2,UAV-4,1.000
423.10,UAV-2,UAV-6,1.000
423.10,UAV-3,GCS,0.009
423.10,UAV-3,UAV-4,1.000
423.10,UAV-3,UAV-6,1.000
423.10,UAV-4,GCS,0.469
423.10,UAV-4,UAV-6,1.000
423.10,UAV-6,GCS,0.995
424.12,UAV-2,GCS,0.012
424.12,UAV-2,UAV-3,1.000
424.12,UAV-2,UAV-4,1.000
424.12,UAV-2,UAV-6,1.000
424.12,UAV-3,GCS,0.038
424.12,UAV-3,UAV-4,1.000
424.12,UAV-3,UAV-6,1.000
424.12,UAV-4,GCS,0.457
424.12,UAV-4,UAV-6,1.000
424.12,UAV-6,GCS,0.999
425.14,UAV-2,GCS,0.000
425.14,UAV-2,UAV-3,1.000
425.14,UAV-2,UAV-4,1.000
425.14,UAV-2,UAV-6,1.000
425.14,UAV-3,GCS,0.216
425.14,UAV-3,UAV-4,1.000
425.14,UAV-3,UAV-6,1.000
425.14,UAV-4,GCS,0.635
425.14,UAV-4,UAV-6,1.000
425.14,UAV-6,GCS,1.000
426.16,UAV-2,GCS,0.021
426.16,UAV-2,UAV-3,1.000
426.16,UAV-2,UAV-4,1.000
426.16,UAV-2,UAV-6,1.000
426.16,UAV-3,GCS,0.357
426.16,UAV-3,UAV-4,1.000
426.16,UAV-3,UAV-6,1.000
426.16,UAV-4,GCS,0.662
426.16,UAV-4,UAV-6,1.000
426.16,UAV-6,GCS,0.957
427.18,UAV-2,GCS,0.130
427.18,UAV-2,UAV-3,1.000
427.18,UAV-2,UAV-4,1.000
427.18,UAV-2,UAV-6,1.000
427.18,UAV-3,GCS,0.325
427.18,UAV-3,UAV-4,1.000
427.18,UAV-3,UAV-6,1.000
427.18,UAV-4,GCS,0.825
427.18,UAV-4,UAV-6,1.000
427.18,UAV-6,GCS,0.953
428.20,UAV-2,GCS,0.122
428.20,UAV-2,UAV-3,1.000
428.20,UAV-2,UAV-4,1.000
428.20,UAV-2,UAV-6,1.000
428.20,UAV-3,GCS,0.500
428.20,UAV-3,UAV-4,1.000
428.20,UAV-3,UAV-6,1.000
428.20,UAV-4,GCS,0.759
428.20,UAV-4,UAV-6,1.000
428.20,UAV-6,GCS,0.958
429.22,UAV-2,GCS,0.167
429.22,UAV-2,UAV-3,1.000
429.22,UAV-2,UAV-4,1.000
429.22,UAV-2,UAV-6,1.000
429.22,UAV-3,GCS,0.487
429.22,UAV-3,UAV-4,1.000
429.22,UAV-3,UAV-6,1.000
429.22,UAV-4,GCS,0.761
429.22,UAV-4,UAV-6,1.000
429.22,UAV-6,GCS,0.949
430.24,UAV-2,GCS,0.084
430.24,UAV-2,UAV-3,1.000
430.24,UAV-2,UAV-4,1.000
430.24,UAV-2,UAV-6,1.000
430.24,UAV-3,GCS,0.645
430.24,UAV-3,UAV-4,1.000
430.24,UAV-3,UAV-6,1.000
430.24,UAV-4,GCS,0.770
430.24,UAV-4,UAV-6,1.000
430.24,UAV-6,GCS,0.930
431.26,UAV-2,GCS,0.134
431.26,UAV-2,UAV-3,1.000
431.26,UAV-2,UAV-4,1.000
431.26,UAV-2,UAV-6,1.000
431.26,UAV-3,GCS,0.423
431.26,UAV-3,UAV-4,1.000
431.26,UAV-3,UAV-6,1.000
431.26,UAV-4,GCS,0.737
431.26,UAV-4,UAV-6,1.000
431.26,UAV-6,GCS,0.956
432.28,UAV-2,GCS,0.077
432.28,UAV-2,UAV-3,1.000
432.28,UAV-2,UAV-4,1.000
432.28,UAV-2,UAV-6,1.000
432.28,UAV-3,GCS,0.529
432.28,UAV-3,UAV-4,1.000
432.28,UAV-3,UAV-6,1.000
432.28,UAV-4,GCS,0.734
432.28,UAV-4,UAV-6,1.000
432.28,UAV-6,GCS,0.989
433.30,UAV-2,GCS,0.202
433.30,UAV-2,UAV-3,1.000
433.30,UAV-2,UAV-4,1.000
433.30,UAV-2,UAV-6,1.000
433.30,UAV-3,GCS,0.320
433.30,UAV-3,UAV-4,1.000
433.30,UAV-3,UAV-6,1.000
433.30,UAV-4,GCS,0.622
433.30,UAV-4,UAV-6,1.000
433.30,UAV-6,GCS,0.982
434.32,UAV-2,GCS,0.210
434.32,UAV-2,UAV-3,1.000
434.32,UAV-2,UAV-4,1.000
434.32,UAV-2,UAV-6,1.000
434.32,UAV-3,GCS,0.641
434.32,UAV-3,UAV-4,1.000
434.32,UAV-3,UAV-6,1.000
434.32,UAV-4,GCS,0.438
434.32,UAV-4,UAV-6,1.000
434.32,UAV-6,GCS,0.997
435.34,UAV-2,GCS,0.313
435.34,UAV-2,UAV-3,1.000
435.34,UAV-2,UAV-4,1.000
435.34,UAV-2,UAV-6,1.000
435.34,UAV-3,GCS,0.396
435.34,UAV-3,UAV-4,1.000
435.34,UAV-3,UAV-6,1.000
435.34,UAV-4,GCS,0.712
435.34,UAV-4,UAV-6,1.000
435.34,UAV-6,GCS,0.967
436.36,UAV-2,GCS,0.518
436.36,UAV-2,UAV-3,1.000
436.36,UAV-2,UAV-4,1.000
436.36,UAV-2,UAV-6,1.000
436.36,UAV-3,GCS,0.417
436.36,UAV-3,UAV-4,1.000
436.36,UAV-3,UAV-6,1.000
436.36,UAV-4,GCS,0.712
436.36,UAV-4,UAV-6,1.000
436.36,UAV-6,GCS,0.974
437.38,UAV-2,GCS,0.405
437.38,UAV-2,UAV-3,1.000
437.38,UAV-2,UAV-4,1.000
437.38,UAV-2,UAV-6,1.000
437.38,UAV-3,GCS,0.356
437.38,UAV-3,UAV-4,1.000
437.38,UAV-3,UAV-6,1.000
437.38,UAV-4,GCS,0.767
437.38,UAV-4,UAV-6,1.000
437.38,UAV-6,GCS,0.925
438.40,UAV-2,GCS,0.427
438.40,UAV-2,UAV-3,1.000
438.40,UAV-2,UAV-4,1.000
438.40,UAV-2,UAV-6,1.000
438.40,UAV-3,GCS,0.244
438.40,UAV-3,UAV-4,1.000
438.40,UAV-3,UAV-6,1.000
438.40,UAV-4,GCS,0.822
438.40,UAV-4,UAV-6,1.000
438.40,UAV-6,GCS,1.000
439.42,UAV-2,GCS,0.391
439.42,UAV-2,UAV-3,1.000
439.42,UAV-2,UAV-4,1.000
439.42,UAV-2,UAV-6,1.000
439.42,UAV-3,GCS,0.444
439.42,UAV-3,UAV-4,1.000
439.42,UAV-3,UAV-6,1.000
439.42,UAV-4,GCS,0.855
439.42,UAV-4,UAV-6,1.000
439.42,UAV-6,GCS,1.000
440.44,UAV-2,GCS,0.401
440.44,UAV-2,UAV-3,1.000
440.44,UAV-2,UAV-4,1.000
440.44,UAV-2,UAV-6,1.000
440.44,UAV-3,GCS,0.342
440.44,UAV-3,UAV-4,1.000
440.44,UAV-3,UAV-6,1.000
440.44,UAV-4,GCS,0.890
440.44,UAV-4,UAV-6,1.000
440.44,UAV-6,GCS,1.000
441.46,UAV-2,GCS,0.286
441.46,UAV-2,UAV-3,1.000
441.46,UAV-2,UAV-4,1.000
441.46,UAV-2,UAV-6,1.000
441.46,UAV-3,GCS,0.718
441.46,UAV-3,UAV-4,1.000
441.46,UAV-3,UAV-6,1.000
441.46,UAV-4,GCS,0.968
441.46,UAV-4,UAV-6,1.000
441.46,UAV-6,GCS,0.934
442.48,UAV-2,GCS,0.406
442.48,UAV-2,UAV-3,1.000
442.48,UAV-2,UAV-4,1.000
442.48,UAV-2,UAV-6,1.000
442.48,UAV-3,GCS,0.565
442.48,UAV-3,UAV-4,1.000
442.48,UAV-3,UAV-6,1.000
442.48,UAV-4,GCS,0.994
442.48,UAV-4,UAV-6,1.000
442.48,UAV-6,GCS,1.000
443.50,UAV-2,GCS,0.319
443.50,UAV-2,UAV-3,1.000
443.50,UAV-2,UAV-4,1.000
443.50,UAV-2,UAV-6,1.000
443.50,UAV-3,GCS,0.469
443.50,UAV-3,UAV-4,1.000
443.50,UAV-3,UAV-6,1.000
443.50,UAV-4,GCS,1.000
443.50,UAV-4,UAV-6,1.000
443.50,UAV-6,GCS,0.957
444.52,UAV-2,GCS,0.334
444.52,UAV-2,UAV-3,1.000
444.52,UAV-2,UAV-4,1.000
444.52,UAV-2,UAV-6,1.000
444.52,UAV-3,GCS,0.689
444.52,UAV-3,UAV-4,1.000
444.52,UAV-3,UAV-6,1.000
444.52,UAV-4,GCS,1.000
444.52,UAV-4,UAV-6,1.000
444.52,UAV-6,GCS,0.993
445.54,UAV-2,GCS,0.294
445.54,UAV-2,UAV-3,1.000
445.54,UAV-2,UAV-4,1.000
445.54,UAV-2,UAV-6,1.000
445.54,UAV-3,GCS,0.595
445.54,UAV-3,UAV-4,1.000
445.54,UAV-3,UAV-6,1.000
445.54,UAV-4,GCS,1.000
445.54,UAV-4,UAV-6,1.000
445.54,UAV-6,GCS,0.987
446.56,UAV-2,GCS,0.359
446.56,UAV-2,UAV-3,1.000
446.56,UAV-2,UAV-4,1.000
446.56,UAV-2,UAV-6,1.000
446.56,UAV-3,GCS,0.661
446.56,UAV-3,UAV-4,1.000
446.56,UAV-3,UAV-6,1.000
446.56,UAV-4,GCS,1.000
446.56,UAV-4,UAV-6,1.000
446.56,UAV-6,GCS,0.988
447.58,UAV-2,GCS,0.200
447.58,UAV-2,UAV-3,1.000
447.58,UAV-2,UAV-4,1.000
447.58,UAV-2,UAV-6,1.000
447.58,UAV-3,GCS,0.880
447.58,UAV-3,UAV-4,1.000
447.58,UAV-3,UAV-6,1.000
447.58,UAV-4,GCS,0.992
447.58,UAV-4,UAV-6,1.000
447.58,UAV-6,GCS,1.000
448.60,UAV-2,GCS,0.326
448.60,UAV-2,UAV-3,1.000
448.60,UAV-2,UAV-4,1.000
448.60,UAV-2,UAV-6,1.000
448.60,UAV-3,GCS,0.880
448.60,UAV-3,UAV-4,1.000
448.60,UAV-3,UAV-6,1.000
448.60,UAV-4,GCS,0.960
448.60,UAV-4,UAV-6,1.000
448.60,UAV-6,GCS,0.959
449.62,UAV-2,GCS,0.433
449.62,UAV-2,UAV-3,1.000
449.62,UAV-2,UAV-4,1.000
449.62,UAV-2,UAV-6,1.000
449.62,UAV-3,GCS,0.824
449.62,UAV-3,UAV-4,1.000
449.62,UAV-3,UAV-6,1.000
449.62,UAV-4,GCS,1.000
449.62,UAV-4,UAV-6,1.000
449.62,UAV-6,GCS,1.000
450.64,UAV-2,GCS,0.418
450.64,UAV-2,UAV-3,1.000
450.64,UAV-2,UAV-4,1.000
450.64,UAV-2,UAV-6,1.000
450.64,UAV-3,GCS,0.704
450.64,UAV-3,UAV-4,1.000
450.64,UAV-3,UAV-6,1.000
450.64,UAV-4,GCS,0.000
450.64,UAV-4,UAV-6,1.000
450.64,UAV-6,GCS,0.957
451.66,UAV-2,GCS,0.468
451.66,UAV-2,UAV-3,1.000
451.66,UAV-2,UAV-4,1.000
451.66,UAV-2,UAV-6,1.000
451.66,UAV-3,GCS,0.856
451.66,UAV-3,UAV-4,1.000
451.66,UAV-3,UAV-6,1.000
451.66,UAV-4,GCS,0.000
451.66,UAV-4,UAV-6,1.000
451.66,UAV-6,GCS,0.981
452.68,UAV-2,GCS,0.402
452.68,UAV-2,UAV-3,1.000
452.68,UAV-2,UAV-4,1.000
452.68,UAV-2,UAV-6,1.000
452.68,UAV-3,GCS,0.920
452.68,UAV-3,UAV-4,1.000
452.68,UAV-3,UAV-6,1.000
452.68,UAV-4,UAV-6,1.000
452.68,UAV-6,GCS,0.987
453.70,UAV-2,GCS,0.566
453.70,UAV-2,UAV-3,1.000
453.70,UAV-2,UAV-4,1.000
453.70,UAV-2,UAV-6,1.000
453.70,UAV-3,GCS,0.813
453.70,UAV-3,UAV-4,1.000
453.70,UAV-3,UAV-6,1.000
453.70,UAV-4,GCS,0.003
453.70,UAV-4,UAV-6,1.000
453.70,UAV-6,GCS,0.954
454.72,UAV-2,GCS,0.661
454.72,UAV-2,UAV-3,1.000
454.72,UAV-2,UAV-4,1.000
454.72,UAV-2,UAV-6,1.000
454.72,UAV-3,GCS,0.926
454.72,UAV-3,UAV-4,1.000
454.72,UAV-3,UAV-6,1.000
454.72,UAV-4,GCS,1.000
454.72,UAV-4,UAV-6,0.975
454.72,UAV-6,GCS,0.991
455.74,UAV-2,GCS,0.775
455.74,UAV-2,UAV-3,1.000
455.74,UAV-2,UAV-4,1.000
455.74,UAV-2,UAV-6,1.000
455.74,UAV-3,GCS,0.999
455.74,UAV-3,UAV-4,1.000
455.74,UAV-3,UAV-6,1.000
455.74,UAV-4,GCS,0.999
455.74,UAV-4,UAV-6,1.000
455.74,UAV-6,GCS,0.957
456.76,UAV-2,GCS,0.713
456.76,UAV-2,UAV-3,1.000
456.76,UAV-2,UAV-4,1.000
456.76,UAV-2,UAV-6,1.000
456.76,UAV-3,GCS,0.867
456.76,UAV-3,UAV-4,1.000
456.76,UAV-3,UAV-6,1.000
456.76,UAV-4,GCS,1.000
456.76,UAV-4,UAV-6,1.000
456.76,UAV-6,GCS,0.979
457.78,UAV-2,GCS,0.859
457.78,UAV-2,UAV-3,1.000
457.78,UAV-2,UAV-4,1.000
457.78,UAV-2,UAV-6,1.000
457.78,UAV-3,UAV-4,1.000
457.78,UAV-3,UAV-6,1.000
457.78,UAV-4,GCS,1.000
457.78,UAV-4,UAV-6,1.000
457.78,UAV-6,GCS,0.928
458.80,UAV-2,GCS,0.712
458.80,UAV-2,UAV-3,1.000
458.80,UAV-2,UAV-4,1.000
458.80,UAV-2,UAV-6,1.000
458.80,UAV-3,GCS,0.000
458.80,UAV-3,UAV-4,1.000
458.80,UAV-3,UAV-6,1.000
458.80,UAV-4,GCS,1.000
458.80,UAV-4,UAV-6,1.000
458.80,UAV-6,GCS,0.976
459.82,UAV-2,GCS,0.806
459.82,UAV-2,UAV-3,1.000
459.82,UAV-2,UAV-4,1.000
459.82,UAV-2,UAV-6,1.000
459.82,UAV-3,GCS,0.003
459.82,UAV-3,UAV-4,1.000
459.82,UAV-3,UAV-6,1.000
459.82,UAV-4,GCS,1.000
459.82,UAV-4,UAV-6,1.000
459.82,UAV-6,GCS,0.996
460.84,UAV-2,GCS,0.864
460.84,UAV-2,UAV-3,1.000
460.84,UAV-2,UAV-4,1.000
460.84,UAV-2,UAV-6,1.000
460.84,UAV-3,GCS,1.000
460.84,UAV-3,UAV-4,1.000
460.84,UAV-3,UAV-6,1.000
460.84,UAV-4,GCS,1.000
460.84,UAV-4,UAV-6,1.000
460.84,UAV-6,GCS,0.997
461.86,UAV-2,GCS,0.815
461.86,UAV-2,UAV-3,1.000
461.86,UAV-2,UAV-4,1.000
461.86,UAV-2,UAV-6,1.000
461.86,UAV-3,GCS,1.000
461.86,UAV-3,UAV-4,1.000
461.86,UAV-3,UAV-6,1.000
461.86,UAV-4,GCS,1.000
461.86,UAV-4,UAV-6,1.000
461.86,UAV-6,GCS,0.917
462.88,UAV-2,GCS,0.915
462.88,UAV-2,UAV-3,1.000
462.88,UAV-2,UAV-4,1.000
462.88,UAV-2,UAV-6,1.000
462.88,UAV-3,GCS,1.000
462.88,UAV-3,UAV-4,1.000
462.88,UAV-3,UAV-6,1.000
462.88,UAV-4,GCS,0.958
462.88,UAV-4,UAV-6,0.959
462.88,UAV-6,GCS,0.918
463.90,UAV-2,GCS,0.976
463.90,UAV-2,UAV-3,1.000
463.90,UAV-2,UAV-4,1.000
463.90,UAV-2,UAV-6,1.000
463.90,UAV-3,GCS,0.999
463.90,UAV-3,UAV-4,1.000
463.90,UAV-3,UAV-6,1.000
463.90,UAV-4,GCS,1.000
463.90,UAV-4,UAV-6,1.000
463.90,UAV-6,GCS,1.000
464.92,UAV-2,GCS,1.000
464.92,UAV-2,UAV-3,1.000
464.92,UAV-2,UAV-4,1.000
464.92,UAV-2,UAV-6,1.000
464.92,UAV-3,GCS,0.958
464.92,UAV-3,UAV-4,1.000
464.92,UAV-3,UAV-6,1.000
464.92,UAV-4,GCS,1.000
464.92,UAV-4,UAV-6,1.000
464.92,UAV-6,GCS,1.000
465.94,UAV-2,GCS,1.000
465.94,UAV-2,UAV-3,1.000
465.94,UAV-2,UAV-4,1.000
465.94,UAV-2,UAV-6,1.000
465.94,UAV-3,GCS,1.000
465.94,UAV-3,UAV-4,1.000
465.94,UAV-3,UAV-6,1.000
465.94,UAV-4,GCS,1.000
465.94,UAV-4,UAV-6,1.000
465.94,UAV-6,GCS,1.000
466.96,UAV-2,GCS,0.958
466.96,UAV-2,UAV-3,1.000
466.96,UAV-2,UAV-4,1.000
466.96,UAV-2,UAV-6,1.000
466.96,UAV-3,GCS,1.000
466.96,UAV-3,UAV-4,1.000
466.96,UAV-3,UAV-6,1.000
466.96,UAV-4,GCS,1.000
466.96,UAV-4,UAV-6,1.000
466.96,UAV-6,GCS,1.000
467.98,UAV-2,GCS,1.000
467.98,UAV-2,UAV-3,1.000
467.98,UAV-2,UAV-4,1.000
467.98,UAV-2,UAV-6,1.000
467.98,UAV-3,GCS,1.000
467.98,UAV-3,UAV-4,1.000
467.98,UAV-3,UAV-6,1.000
467.98,UAV-4,GCS,1.000
467.98,UAV-4,UAV-6,1.000
467.98,UAV-6,GCS,1.000
469.00,UAV-2,GCS,1.000
469.00,UAV-2,UAV-3,1.000
469.00,UAV-2,UAV-4,1.000
469.00,UAV-2,UAV-6,1.000
469.00,UAV-3,GCS,1.000
469.00,UAV-3,UAV-4,1.000
469.00,UAV-3,UAV-6,1.000
469.00,UAV-4,GCS,1.000
469.00,UAV-4,UAV-6,1.000
469.00,UAV-6,GCS,1.000
470.02,UAV-2,GCS,1.000
470.02,UAV-2,UAV-3,1.000
470.02,UAV-2,UAV-4,1.000
470.02,UAV-2,UAV-6,1.000
470.02,UAV-3,GCS,1.000
470.02,UAV-3,UAV-4,1.000
470.02,UAV-3,UAV-6,1.000
470.02,UAV-4,GCS,1.000
470.02,UAV-4,UAV-6,1.000
470.02,UAV-6,GCS,1.000
471.04,UAV-2,GCS,1.000
471.04,UAV-2,UAV-3,1.000
471.04,UAV-2,UAV-4,1.000
471.04,UAV-2,UAV-6,1.000
471.04,UAV-3,GCS,1.000
471.04,UAV-3,UAV-4,1.000
471.04,UAV-3,UAV-6,1.000
471.04,UAV-4,GCS,1.000
471.04,UAV-4,UAV-6,1.000
471.04,UAV-6,GCS,1.000
472.06,UAV-2,GCS,1.000
472.06,UAV-2,UAV-3,1.000
472.06,UAV-2,UAV-4,1.000
472.06,UAV-2,UAV-6,1.000
472.06,UAV-3,GCS,1.000
472.06,UAV-3,UAV-4,1.000
472.06,UAV-3,UAV-6,1.000
472.06,UAV-4,GCS,1.000
472.06,UAV-4,UAV-6,1.000
472.06,UAV-6,GCS,1.000
473.08,UAV-2,GCS,1.000
473.08,UAV-2,UAV-3,1.000
473.08,UAV-2,UAV-4,1.000
473.08,UAV-2,UAV-6,1.000
473.08,UAV-3,GCS,0.958
473.08,UAV-3,UAV-4,1.000
473.08,UAV-3,UAV-6,1.000
473.08,UAV-4,GCS,1.000
473.08,UAV-4,UAV-6,1.000
473.08,UAV-6,GCS,1.000
474.10,UAV-2,GCS,1.000
474.10,UAV-2,UAV-3,1.000
474.10,UAV-2,UAV-4,1.000
474.10,UAV-2,UAV-6,1.000
474.10,UAV-3,GCS,1.000
474.10,UAV-3,UAV-4,1.000
474.10,UAV-3,UAV-6,1.000
474.10,UAV-4,GCS,1.000
474.10,UAV-4,UAV-6,1.000
474.10,UAV-6,GCS,1.000
475.12,UAV-2,GCS,1.000
475.12,UAV-2,UAV-3,1.000
475.12,UAV-2,UAV-4,1.000
475.12,UAV-2,UAV-6,1.000
475.12,UAV-3,GCS,1.000
475.12,UAV-3,UAV-4,1.000
475.12,UAV-3,UAV-6,1.000
475.12,UAV-4,GCS,1.000
475.12,UAV-4,UAV-6,1.000
475.12,UAV-6,GCS,1.000
476.14,UAV-2,GCS,1.000
476.14,UAV-2,UAV-3,1.000
476.14,UAV-2,UAV-4,1.000
476.14,UAV-2,UAV-6,1.000
476.14,UAV-3,GCS,1.000
476.14,UAV-3,UAV-4,1.000
476.14,UAV-3,UAV-6,1.000
476.14,UAV-4,GCS,1.000
476.14,UAV-4,UAV-6,1.000
476.14,UAV-6,GCS,1.000
477.16,UAV-2,GCS,1.000
477.16,UAV-2,UAV-3,1.000
477.16,UAV-2,UAV-4,1.000
477.16,UAV-2,UAV-6,1.000
477.16,UAV-3,GCS,0.958
477.16,UAV-3,UAV-4,1.000
477.16,UAV-3,UAV-6,1.000
477.16,UAV-4,GCS,1.000
477.16,UAV-4,UAV-6,1.000
477.16,UAV-6,GCS,1.000
478.18,UAV-2,GCS,1.000
478.18,UAV-2,UAV-3,1.000
478.18,UAV-2,UAV-4,1.000
478.18,UAV-2,UAV-6,1.000
478.18,UAV-3,GCS,1.000
478.18,UAV-3,UAV-4,1.000
478.18,UAV-3,UAV-6,1.000
478.18,UAV-4,GCS,1.000
478.18,UAV-4,UAV-6,1.000
478.18,UAV-6,GCS,1.000
479.20,UAV-2,GCS,1.000
479.20,UAV-2,UAV-3,1.000
479.20,UAV-2,UAV-4,1.000
479.20,UAV-2,UAV-6,1.000
479.20,UAV-3,GCS,1.000
479.20,UAV-3,UAV-4,1.000
479.20,UAV-3,UAV-6,1.000
479.20,UAV-4,GCS,1.000
479.20,UAV-4,UAV-6,1.000
479.20,UAV-6,GCS,1.000
480.22,UAV-2,GCS,1.000
480.22,UAV-2,UAV-3,1.000
480.22,UAV-2,UAV-4,1.000
480.22,UAV-2,UAV-6,1.000
480.22,UAV-3,GCS,1.000
480.22,UAV-3,UAV-4,1.000
480.22,UAV-3,UAV-6,1.000
480.22,UAV-4,GCS,1.000
480.22,UAV-4,UAV-6,1.000
480.22,UAV-6,GCS,1.000
481.24,UAV-2,GCS,1.000
481.24,UAV-2,UAV-3,1.000
481.24,UAV-2,UAV-4,1.000
481.24,UAV-2,UAV-6,1.000
481.24,UAV-3,GCS,1.000
481.24,UAV-3,UAV-4,1.000
481.24,UAV-3,UAV-6,1.000
481.24,UAV-4,GCS,1.000
481.24,UAV-4,UAV-6,1.000
481.24,UAV-6,GCS,1.000
482.26,UAV-2,GCS,0.969
482.26,UAV-2,UAV-3,1.000
482.26,UAV-2,UAV-4,1.000
482.26,UAV-2,UAV-6,1.000
482.26,UAV-3,GCS,0.998
482.26,UAV-3,UAV-4,1.000
482.26,UAV-3,UAV-6,1.000
482.26,UAV-4,GCS,0.958
482.26,UAV-4,UAV-6,1.000
482.26,UAV-6,GCS,1.000
483.28,UAV-2,GCS,1.000
483.28,UAV-2,UAV-3,1.000
483.28,UAV-2,UAV-4,1.000
483.28,UAV-2,UAV-6,1.000
483.28,UAV-3,GCS,0.948
483.28,UAV-3,UAV-4,1.000
483.28,UAV-3,UAV-6,1.000
483.28,UAV-4,GCS,0.958
483.28,UAV-4,UAV-6,1.000
483.28,UAV-6,GCS,1.000
484.30,UAV-2,GCS,1.000
484.30,UAV-2,UAV-3,1.000
484.30,UAV-2,UAV-4,1.000
484.30,UAV-2,UAV-6,1.000
484.30,UAV-3,GCS,1.000
484.30,UAV-3,UAV-4,1.000
484.30,UAV-3,UAV-6,1.000
484.30,UAV-4,GCS,1.000
484.30,UAV-4,UAV-6,1.000
484.30,UAV-6,GCS,1.000
485.32,UAV-2,GCS,1.000
485.32,UAV-2,UAV-3,1.000
485.32,UAV-2,UAV-4,1.000
485.32,UAV-2,UAV-6,1.000
485.32,UAV-3,GCS,0.958
485.32,UAV-3,UAV-4,1.000
485.32,UAV-3,UAV-6,1.000
485.32,UAV-4,GCS,1.000
485.32,UAV-4,UAV-6,1.000
485.32,UAV-6,GCS,1.000
486.34,UAV-2,GCS,1.000
486.34,UAV-2,UAV-3,1.000
486.34,UAV-2,UAV-4,1.000
486.34,UAV-2,UAV-6,1.000
486.34,UAV-3,GCS,1.000
486.34,UAV-3,UAV-4,1.000
486.34,UAV-3,UAV-6,1.000
486.34,UAV-4,GCS,1.000
486.34,UAV-4,UAV-6,1.000
486.34,UAV-6,GCS,1.000
487.36,UAV-2,GCS,0.957
487.36,UAV-2,UAV-3,1.000
487.36,UAV-2,UAV-4,1.000
487.36,UAV-2,UAV-6,1.000
487.36,UAV-3,GCS,1.000
487.36,UAV-3,UAV-4,1.000
487.36,UAV-3,UAV-6,1.000
487.36,UAV-4,GCS,1.000
487.36,UAV-4,UAV-6,1.000
487.36,UAV-6,GCS,1.000
488.38,UAV-2,GCS,0.958
488.38,UAV-2,UAV-3,1.000
488.38,UAV-2,UAV-4,1.000
488.38,UAV-2,UAV-6,1.000
488.38,UAV-3,GCS,1.000
488.38,UAV-3,UAV-4,1.000
488.38,UAV-3,UAV-6,1.000
488.38,UAV-4,GCS,1.000
488.38,UAV-4,UAV-6,1.000
488.38,UAV-6,GCS,1.000
489.40,UAV-2,GCS,1.000
489.40,UAV-2,UAV-3,1.000
489.40,UAV-2,UAV-4,1.000
489.40,UAV-2,UAV-6,1.000
489.40,UAV-3,GCS,1.000
489.40,UAV-3,UAV-4,1.000
489.40,UAV-3,UAV-6,1.000
489.40,UAV-4,GCS,1.000
489.40,UAV-4,UAV-6,1.000
489.40,UAV-6,GCS,1.000
490.42,UAV-2,GCS,1.000
490.42,UAV-2,UAV-3,1.000
490.42,UAV-2,UAV-4,1.000
490.42,UAV-2,UAV-6,1.000
490.42,UAV-3,GCS,1.000
490.42,UAV-3,UAV-4,1.000
490.42,UAV-3,UAV-6,1.000
490.42,UAV-4,GCS,1.000
490.42,UAV-4,UAV-6,1.000
490.42,UAV-6,GCS,1.000
491.44,UAV-2,GCS,1.000
491.44,UAV-2,UAV-3,1.000
491.44,UAV-2,UAV-4,1.000
491.44,UAV-2,UAV-6,1.000
491.44,UAV-3,GCS,1.000
491.44,UAV-3,UAV-4,1.000
491.44,UAV-3,UAV-6,1.000
491.44,UAV-4,GCS,1.000
491.44,UAV-4,UAV-6,1.000
491.44,UAV-6,GCS,1.000
492.46,UAV-2,GCS,1.000
492.46,UAV-2,UAV-3,1.000
492.46,UAV-2,UAV-4,1.000
492.46,UAV-2,UAV-6,1.000
492.46,UAV-3,GCS,1.000
492.46,UAV-3,UAV-4,1.000
492.46,UAV-3,UAV-6,1.000
492.46,UAV-4,GCS,1.000
492.46,UAV-4,UAV-6,1.000
492.46,UAV-6,GCS,1.000
493.48,UAV-2,GCS,1.000
493.48,UAV-2,UAV-3,1.000
493.48,UAV-2,UAV-4,1.000
493.48,UAV-2,UAV-6,1.000
493.48,UAV-3,GCS,1.000
493.48,UAV-3,UAV-4,1.000
493.48,UAV-3,UAV-6,1.000
493.48,UAV-4,GCS,1.000
493.48,UAV-4,UAV-6,1.000
493.48,UAV-6,GCS,1.000
494.50,UAV-2,GCS,1.000
494.50,UAV-2,UAV-3,1.000
494.50,UAV-2,UAV-4,1.000
494.50,UAV-2,UAV-6,1.000
494.50,UAV-3,GCS,1.000
494.50,UAV-3,UAV-4,1.000
494.50,UAV-3,UAV-6,1.000
494.50,UAV-4,GCS,1.000
494.50,UAV-4,UAV-6,1.000
494.50,UAV-6,GCS,1.000
495.52,UAV-2,GCS,1.000
495.52,UAV-2,UAV-3,1.000
495.52,UAV-2,UAV-4,1.000
495.52,UAV-2,UAV-6,1.000
495.52,UAV-3,GCS,1.000
495.52,UAV-3,UAV-4,1.000
495.52,UAV-3,UAV-6,1.000
495.52,UAV-4,GCS,1.000
495.52,UAV-4,UAV-6,1.000
495.52,UAV-6,GCS,0.913
496.54,UAV-2,GCS,0.998
496.54,UAV-2,UAV-3,1.000
496.54,UAV-2,UAV-4,1.000
496.54,UAV-2,UAV-6,1.000
496.54,UAV-3,GCS,1.000
496.54,UAV-3,UAV-4,1.000
496.54,UAV-3,UAV-6,1.000
496.54,UAV-4,GCS,1.000
496.54,UAV-4,UAV-6,1.000
496.54,UAV-6,GCS,0.976
497.56,UAV-2,GCS,1.000
497.56,UAV-2,UAV-3,1.000
497.56,UAV-2,UAV-4,1.000
497.56,UAV-2,UAV-6,1.000
497.56,UAV-3,GCS,1.000
497.56,UAV-3,UAV-4,1.000
497.56,UAV-3,UAV-6,1.000
497.56,UAV-4,GCS,1.000
497.56,UAV-4,UAV-6,1.000
497.56,UAV-6,GCS,0.719
498.58,UAV-2,GCS,1.000
498.58,UAV-2,UAV-3,1.000
498.58,UAV-2,UAV-4,1.000
498.58,UAV-2,UAV-6,1.000
498.58,UAV-3,GCS,1.000
498.58,UAV-3,UAV-4,1.000
498.58,UAV-3,UAV-6,1.000
498.58,UAV-4,GCS,1.000
498.58,UAV-4,UAV-6,1.000
498.58,UAV-6,GCS,0.762
499.60,UAV-2,GCS,1.000
499.60,UAV-2,UAV-3,1.000
499.60,UAV-2,UAV-4,1.000
499.60,UAV-2,UAV-6,1.000
499.60,UAV-3,GCS,1.000
499.60,UAV-3,UAV-4,1.000
499.60,UAV-3,UAV-6,1.000
499.60,UAV-4,GCS,1.000
499.60,UAV-4,UAV-6,1.000
499.60,UAV-6,GCS,0.882
500.62,UAV-2,GCS,1.000
500.62,UAV-2,UAV-3,1.000
500.62,UAV-2,UAV-4,1.000
500.62,UAV-2,UAV-6,1.000
500.62,UAV-3,GCS,1.000
500.62,UAV-3,UAV-4,1.000
500.62,UAV-3,UAV-6,1.000
500.62,UAV-4,GCS,1.000
500.62,UAV-4,UAV-6,1.000
500.62,UAV-6,GCS,0.594
501.64,UAV-2,GCS,1.000
501.64,UAV-2,UAV-3,1.000
501.64,UAV-2,UAV-4,1.000
501.64,UAV-2,UAV-6,1.000
501.64,UAV-3,GCS,1.000
501.64,UAV-3,UAV-4,1.000
501.64,UAV-3,UAV-6,1.000
501.64,UAV-4,GCS,1.000
501.64,UAV-4,UAV-6,1.000
501.64,UAV-6,GCS,0.599
502.66,UAV-2,GCS,1.000
502.66,UAV-2,UAV-3,1.000
502.66,UAV-2,UAV-4,1.000
502.66,UAV-2,UAV-6,1.000
502.66,UAV-3,GCS,1.000
502.66,UAV-3,UAV-4,1.000
502.66,UAV-3,UAV-6,1.000
502.66,UAV-4,GCS,1.000
502.66,UAV-4,UAV-6,1.000
502.66,UAV-6,GCS,0.554
503.68,UAV-2,GCS,1.000
503.68,UAV-2,UAV-3,1.000
503.68,UAV-2,UAV-4,1.000
503.68,UAV-2,UAV-6,1.000
503.68,UAV-3,GCS,1.000
503.68,UAV-3,UAV-4,1.000
503.68,UAV-3,UAV-6,1.000
503.68,UAV-4,GCS,1.000
503.68,UAV-4,UAV-6,1.000
503.68,UAV-6,GCS,0.813
504.70,UAV-2,GCS,1.000
504.70,UAV-2,UAV-3,1.000
504.70,UAV-2,UAV-4,1.000
504.70,UAV-2,UAV-6,1.000
504.70,UAV-3,GCS,1.000
504.70,UAV-3,UAV-4,1.000
504.70,UAV-3,UAV-6,1.000
504.70,UAV-4,GCS,1.000
504.70,UAV-4,UAV-6,1.000
504.70,UAV-6,GCS,0.862
505.72,UAV-2,GCS,1.000
505.72,UAV-2,UAV-3,1.000
505.72,UAV-2,UAV-4,1.000
505.72,UAV-2,UAV-6,1.000
505.72,UAV-3,GCS,1.000
505.72,UAV-3,UAV-4,1.000
505.72,UAV-3,UAV-6,1.000
505.72,UAV-4,GCS,1.000
505.72,UAV-4,UAV-6,1.000
505.72,UAV-6,GCS,0.917
506.74,UAV-2,GCS,1.000
506.74,UAV-2,UAV-3,1.000
506.74,UAV-2,UAV-4,1.000
506.74,UAV-2,UAV-6,1.000
506.74,UAV-3,GCS,1.000
506.74,UAV-3,UAV-4,1.000
506.74,UAV-3,UAV-6,1.000
506.74,UAV-4,GCS,1.000
506.74,UAV-4,UAV-6,1.000
506.74,UAV-6,GCS,0.789
507.76,UAV-2,GCS,1.000
507.76,UAV-2,UAV-3,1.000
507.76,UAV-2,UAV-4,1.000
507.76,UAV-2,UAV-6,1.000
507.76,UAV-3,GCS,1.000
507.76,UAV-3,UAV-4,1.000
507.76,UAV-3,UAV-6,1.000
507.76,UAV-4,GCS,1.000
507.76,UAV-4,UAV-6,1.000
507.76,UAV-6,GCS,0.905
508.78,UAV-2,GCS,1.000
508.78,UAV-2,UAV-3,1.000
508.78,UAV-2,UAV-4,1.000
508.78,UAV-2,UAV-6,1.000
508.78,UAV-3,GCS,1.000
508.78,UAV-3,UAV-4,1.000
508.78,UAV-3,UAV-6,1.000
508.78,UAV-4,GCS,1.000
508.78,UAV-4,UAV-6,1.000
508.78,UAV-6,GCS,0.935
509.80,UAV-2,GCS,1.000
509.80,UAV-2,UAV-3,1.000
509.80,UAV-2,UAV-4,1.000
509.80,UAV-2,UAV-6,1.000
509.80,UAV-3,GCS,1.000
509.80,UAV-3,UAV-4,1.000
509.80,UAV-3,UAV-6,1.000
509.80,UAV-4,GCS,1.000
509.80,UAV-4,UAV-6,1.000
509.80,UAV-6,GCS,0.902
510.82,UAV-2,GCS,1.000
510.82,UAV-2,UAV-3,1.000
510.82,UAV-2,UAV-4,1.000
510.82,UAV-2,UAV-6,1.000
510.82,UAV-3,GCS,1.000
510.82,UAV-3,UAV-4,1.000
510.82,UAV-3,UAV-6,1.000
510.82,UAV-4,GCS,1.000
510.82,UAV-4,UAV-6,1.000
510.82,UAV-6,GCS,0.872
511.84,UAV-2,GCS,1.000
511.84,UAV-2,UAV-3,1.000
511.84,UAV-2,UAV-4,1.000
511.84,UAV-2,UAV-6,1.000
511.84,UAV-3,GCS,1.000
511.84,UAV-3,UAV-4,1.000
511.84,UAV-3,UAV-6,1.000
511.84,UAV-4,GCS,1.000
511.84,UAV-4,UAV-6,1.000
511.84,UAV-6,GCS,0.994
512.86,UAV-2,GCS,1.000
512.86,UAV-2,UAV-3,1.000
512.86,UAV-2,UAV-4,1.000
512.86,UAV-2,UAV-6,1.000
512.86,UAV-3,GCS,1.000
512.86,UAV-3,UAV-4,1.000
512.86,UAV-3,UAV-6,1.000
512.86,UAV-4,GCS,1.000
512.86,UAV-4,UAV-6,1.000
512.86,UAV-6,GCS,0.923
513.88,UAV-2,GCS,1.000
513.88,UAV-2,UAV-3,1.000
513.88,UAV-2,UAV-4,1.000
513.88,UAV-2,UAV-6,1.000
513.88,UAV-3,GCS,1.000
513.88,UAV-3,UAV-4,1.000
513.88,UAV-3,UAV-6,1.000
513.88,UAV-4,GCS,1.000
513.88,UAV-4,UAV-6,1.000
513.88,UAV-6,GCS,0.912
514.90,UAV-2,GCS,1.000
514.90,UAV-2,UAV-3,1.000
514.90,UAV-2,UAV-4,1.000
514.90,UAV-2,UAV-6,1.000
514.90,UAV-3,GCS,1.000
514.90,UAV-3,UAV-4,1.000
514.90,UAV-3,UAV-6,1.000
514.90,UAV-4,GCS,1.000
514.90,UAV-4,UAV-6,1.000
514.90,UAV-6,GCS,0.000
515.92,UAV-2,GCS,1.000
515.92,UAV-2,UAV-3,1.000
515.92,UAV-2,UAV-4,1.000
515.92,UAV-2,UAV-6,1.000
515.92,UAV-3,GCS,1.000
515.92,UAV-3,UAV-4,1.000
515.92,UAV-3,UAV-6,1.000
515.92,UAV-4,GCS,1.000
515.92,UAV-4,UAV-6,1.000
515.92,UAV-6,GCS,0.335
516.94,UAV-2,GCS,1.000
516.94,UAV-2,UAV-3,1.000
516.94,UAV-2,UAV-4,1.000
516.94,UAV-2,UAV-6,1.000
516.94,UAV-3,GCS,1.000
516.94,UAV-3,UAV-4,1.000
516.94,UAV-3,UAV-6,1.000
516.94,UAV-4,GCS,1.000
516.94,UAV-4,UAV-6,1.000
516.94,UAV-6,GCS,1.000
517.96,UAV-2,GCS,1.000
517.96,UAV-2,UAV-3,1.000
517.96,UAV-2,UAV-4,1.000
517.96,UAV-2,UAV-6,1.000
517.96,UAV-3,GCS,1.000
517.96,UAV-3,UAV-4,1.000
517.96,UAV-3,UAV-6,1.000
517.96,UAV-4,GCS,1.000
517.96,UAV-4,UAV-6,1.000
517.96,UAV-6,GCS,1.000
518.98,UAV-2,GCS,1.000
518.98,UAV-2,UAV-3,1.000
518.98,UAV-2,UAV-4,1.000
518.98,UAV-2,UAV-6,1.000
518.98,UAV-3,GCS,1.000
518.98,UAV-3,UAV-4,1.000
518.98,UAV-3,UAV-6,1.000
518.98,UAV-4,GCS,1.000
518.98,UAV-4,UAV-6,1.000
518.98,UAV-6,GCS,1.000
520.00,UAV-2,GCS,1.000
520.00,UAV-2,UAV-3,1.000
520.00,UAV-2,UAV-4,1.000
520.00,UAV-2,UAV-6,1.000
520.00,UAV-3,GCS,1.000
520.00,UAV-3,UAV-4,1.000
520.00,UAV-3,UAV-6,1.000
520.00,UAV-4,GCS,1.000
520.00,UAV-4,UAV-6,1.000
520.00,UAV-6,GCS,1.000
521.02,UAV-2,GCS,1.000
521.02,UAV-2,UAV-3,0.958
521.02,UAV-2,UAV-4,1.000
521.02,UAV-2,UAV-6,1.000
521.02,UAV-3,GCS,1.000
521.02,UAV-3,UAV-4,1.000
521.02,UAV-3,UAV-6,1.000
521.02,UAV-4,GCS,1.000
521.02,UAV-4,UAV-6,1.000
521.02,UAV-6,GCS,1.000
522.04,UAV-2,GCS,1.000
522.04,UAV-2,UAV-3,1.000
522.04,UAV-2,UAV-4,1.000
522.04,UAV-2,UAV-6,1.000
522.04,UAV-3,GCS,1.000
522.04,UAV-3,UAV-4,1.000
522.04,UAV-3,UAV-6,1.000
522.04,UAV-4,GCS,1.000
522.04,UAV-4,UAV-6,1.000
522.04,UAV-6,GCS,1.000
523.06,UAV-2,GCS,1.000
523.06,UAV-2,UAV-3,1.000
523.06,UAV-2,UAV-4,1.000
523.06,UAV-2,UAV-6,1.000
523.06,UAV-3,GCS,1.000
523.06,UAV-3,UAV-4,1.000
523.06,UAV-3,UAV-6,1.000
523.06,UAV-4,GCS,1.000
523.06,UAV-4,UAV-6,1.000
523.06,UAV-6,GCS,1.000
524.08,UAV-2,GCS,1.000
524.08,UAV-2,UAV-3,1.000
524.08,UAV-2,UAV-4,1.000
524.08,UAV-2,UAV-6,1.000
524.08,UAV-3,GCS,1.000
524.08,UAV-3,UAV-4,1.000
524.08,UAV-3,UAV-6,1.000
524.08,UAV-4,GCS,1.000
524.08,UAV-4,UAV-6,1.000
524.08,UAV-6,GCS,1.000
525.10,UAV-2,GCS,1.000
525.10,UAV-2,UAV-3,1.000
525.10,UAV-2,UAV-4,1.000
525.10,UAV-2,UAV-6,1.000
525.10,UAV-3,GCS,1.000
525.10,UAV-3,UAV-4,1.000
525.10,UAV-3,UAV-6,1.000
525.10,UAV-4,GCS,1.000
525.10,UAV-4,UAV-6,1.000
525.10,UAV-6,GCS,1.000
526.12,UAV-2,GCS,1.000
526.12,UAV-2,UAV-3,1.000
526.12,UAV-2,UAV-4,1.000
526.12,UAV-2,UAV-6,1.000
526.12,UAV-3,GCS,1.000
526.12,UAV-3,UAV-4,1.000
526.12,UAV-3,UAV-6,1.000
526.12,UAV-4,GCS,1.000
526.12,UAV-4,UAV-6,1.000
526.12,UAV-6,GCS,1.000
527.14,UAV-2,GCS,1.000
527.14,UAV-2,UAV-3,1.000
527.14,UAV-2,UAV-4,1.000
527.14,UAV-2,UAV-6,1.000
527.14,UAV-3,GCS,1.000
527.14,UAV-3,UAV-4,1.000
527.14,UAV-3,UAV-6,1.000
527.14,UAV-4,GCS,1.000
527.14,UAV-4,UAV-6,1.000
527.14,UAV-6,GCS,1.000
528.16,UAV-2,GCS,1.000
528.16,UAV-2,UAV-3,1.000
528.16,UAV-2,UAV-4,1.000
528.16,UAV-2,UAV-6,1.000
528.16,UAV-3,GCS,1.000
528.16,UAV-3,UAV-4,1.000
528.16,UAV-3,UAV-6,1.000
528.16,UAV-4,GCS,1.000
528.16,UAV-4,UAV-6,1.000
528.16,UAV-6,GCS,1.000
529.18,UAV-2,GCS,1.000
529.18,UAV-2,UAV-3,1.000
529.18,UAV-2,UAV-4,1.000
529.18,UAV-2,UAV-6,1.000
529.18,UAV-3,GCS,1.000
529.18,UAV-3,UAV-4,1.000
529.18,UAV-3,UAV-6,1.000
529.18,UAV-4,GCS,1.000
529.18,UAV-4,UAV-6,1.000
529.18,UAV-6,GCS,1.000
530.20,UAV-2,GCS,1.000
530.20,UAV-2,UAV-3,1.000
530.20,UAV-2,UAV-4,1.000
530.20,UAV-2,UAV-6,1.000
530.20,UAV-3,GCS,1.000
530.20,UAV-3,UAV-4,1.000
530.20,UAV-3,UAV-6,1.000
530.20,UAV-4,GCS,1.000
530.20,UAV-4,UAV-6,1.000
530.20,UAV-6,GCS,1.000
531.22,UAV-2,GCS,1.000
531.22,UAV-2,UAV-3,1.000
531.22,UAV-2,UAV-4,1.000
531.22,UAV-2,UAV-6,1.000
531.22,UAV-3,GCS,1.000
531.22,UAV-3,UAV-4,1.000
531.22,UAV-3,UAV-6,1.000
531.22,UAV-4,GCS,1.000
531.22,UAV-4,UAV-6,1.000
531.22,UAV-6,GCS,0.934
532.24,UAV-2,GCS,1.000
532.24,UAV-2,UAV-3,1.000
532.24,UAV-2,UAV-4,1.000
532.24,UAV-2,UAV-6,1.000
532.24,UAV-3,GCS,1.000
532.24,UAV-3,UAV-4,1.000
532.24,UAV-3,UAV-6,1.000
532.24,UAV-4,GCS,1.000
532.24,UAV-4,UAV-6,1.000
532.24,UAV-6,GCS,1.000
533.26,UAV-2,GCS,1.000
533.26,UAV-2,UAV-3,1.000
533.26,UAV-2,UAV-4,1.000
533.26,UAV-2,UAV-6,1.000
533.26,UAV-3,GCS,1.000
533.26,UAV-3,UAV-4,1.000
533.26,UAV-3,UAV-6,1.000
533.26,UAV-4,GCS,1.000
533.26,UAV-4,UAV-6,1.000
533.26,UAV-6,GCS,1.000
534.28,UAV-2,GCS,1.000
534.28,UAV-2,UAV-3,1.000
534.28,UAV-2,UAV-4,1.000
534.28,UAV-2,UAV-6,1.000
534.28,UAV-3,GCS,1.000
534.28,UAV-3,UAV-4,1.000
534.28,UAV-3,UAV-6,1.000
534.28,UAV-4,GCS,1.000
534.28,UAV-4,UAV-6,1.000
534.28,UAV-6,GCS,0.958
535.30,UAV-2,GCS,1.000
535.30,UAV-2,UAV-3,1.000
535.30,UAV-2,UAV-4,1.000
535.30,UAV-2,UAV-6,1.000
535.30,UAV-3,GCS,1.000
535.30,UAV-3,UAV-4,1.000
535.30,UAV-3,UAV-6,1.000
535.30,UAV-4,GCS,1.000
535.30,UAV-4,UAV-6,1.000
535.30,UAV-6,GCS,1.000
536.32,UAV-2,GCS,1.000
536.32,UAV-2,UAV-3,1.000
536.32,UAV-2,UAV-4,1.000
536.32,UAV-2,UAV-6,1.000
536.32,UAV-3,GCS,1.000
536.32,UAV-3,UAV-4,1.000
536.32,UAV-3,UAV-6,1.000
536.32,UAV-4,GCS,1.000
536.32,UAV-4,UAV-6,1.000
536.32,UAV-6,GCS,1.000
537.34,UAV-2,GCS,1.000
537.34,UAV-2,UAV-3,1.000
537.34,UAV-2,UAV-4,1.000
537.34,UAV-2,UAV-6,1.000
537.34,UAV-3,GCS,1.000
537.34,UAV-3,UAV-4,1.000
537.34,UAV-3,UAV-6,1.000
537.34,UAV-4,GCS,1.000
537.34,UAV-4,UAV-6,1.000
537.34,UAV-6,GCS,1.000
538.36,UAV-2,GCS,1.000
538.36,UAV-2,UAV-3,1.000
538.36,UAV-2,UAV-4,1.000
538.36,UAV-2,UAV-6,1.000
538.36,UAV-3,GCS,1.000
538.36,UAV-3,UAV-4,1.000
538.36,UAV-3,UAV-6,1.000
538.36,UAV-4,GCS,1.000
538.36,UAV-4,UAV-6,1.000
538.36,UAV-6,GCS,1.000
539.38,UAV-2,GCS,1.000
539.38,UAV-2,UAV-3,1.000
539.38,UAV-2,UAV-4,1.000
539.38,UAV-2,UAV-6,1.000
539.38,UAV-3,GCS,1.000
539.38,UAV-3,UAV-4,1.000
539.38,UAV-3,UAV-6,1.000
539.38,UAV-4,GCS,1.000
539.38,UAV-4,UAV-6,1.000
539.38,UAV-6,GCS,1.000
540.40,UAV-2,GCS,1.000
540.40,UAV-2,UAV-3,1.000
540.40,UAV-2,UAV-4,1.000
540.40,UAV-2,UAV-6,1.000
540.40,UAV-3,GCS,1.000
540.40,UAV-3,UAV-4,1.000
540.40,UAV-3,UAV-6,1.000
540.40,UAV-4,GCS,1.000
540.40,UAV-4,UAV-6,1.000
540.40,UAV-6,GCS,1.000
541.42,UAV-2,GCS,1.000
541.42,UAV-2,UAV-3,1.000
541.42,UAV-2,UAV-4,1.000
541.42,UAV-2,UAV-6,1.000
541.42,UAV-3,GCS,1.000
541.42,UAV-3,UAV-4,1.000
541.42,UAV-3,UAV-6,1.000
541.42,UAV-4,GCS,1.000
541.42,UAV-4,UAV-6,1.000
541.42,UAV-6,GCS,0.958
542.44,UAV-2,GCS,1.000
542.44,UAV-2,UAV-3,1.000
542.44,UAV-2,UAV-4,1.000
542.44,UAV-2,UAV-6,1.000
542.44,UAV-3,GCS,1.000
542.44,UAV-3,UAV-4,1.000
542.44,UAV-3,UAV-6,1.000
542.44,UAV-4,GCS,1.000
542.44,UAV-4,UAV-6,1.000
542.44,UAV-6,GCS,1.000
543.46,UAV-2,GCS,1.000
543.46,UAV-2,UAV-3,1.000
543.46,UAV-2,UAV-4,1.000
543.46,UAV-2,UAV-6,1.000
543.46,UAV-3,GCS,1.000
543.46,UAV-3,UAV-4,1.000
543.46,UAV-3,UAV-6,1.000
543.46,UAV-4,GCS,1.000
543.46,UAV-4,UAV-6,1.000
543.46,UAV-6,GCS,1.000
544.48,UAV-2,GCS,1.000
544.48,UAV-2,UAV-3,1.000
544.48,UAV-2,UAV-4,1.000
544.48,UAV-2,UAV-6,1.000
544.48,UAV-3,GCS,1.000
544.48,UAV-3,UAV-4,1.000
544.48,UAV-3,UAV-6,1.000
544.48,UAV-4,GCS,1.000
544.48,UAV-4,UAV-6,1.000
544.48,UAV-6,GCS,1.000
545.50,UAV-2,GCS,1.000
545.50,UAV-2,UAV-3,1.000
545.50,UAV-2,UAV-4,1.000
545.50,UAV-2,UAV-6,1.000
545.50,UAV-3,GCS,1.000
545.50,UAV-3,UAV-4,1.000
545.50,UAV-3,UAV-6,1.000
545.50,UAV-4,GCS,1.000
545.50,UAV-4,UAV-6,1.000
545.50,UAV-6,GCS,1.000
546.52,UAV-2,GCS,1.000
546.52,UAV-2,UAV-3,1.000
546.52,UAV-2,UAV-4,1.000
546.52,UAV-2,UAV-6,1.000
546.52,UAV-3,GCS,1.000
546.52,UAV-3,UAV-4,1.000
546.52,UAV-3,UAV-6,1.000
546.52,UAV-4,GCS,1.000
546.52,UAV-4,UAV-6,1.000
546.52,UAV-6,GCS,1.000
547.54,UAV-2,GCS,1.000
547.54,UAV-2,UAV-3,1.000
547.54,UAV-2,UAV-4,1.000
547.54,UAV-2,UAV-6,1.000
547.54,UAV-3,GCS,1.000
547.54,UAV-3,UAV-4,1.000
547.54,UAV-3,UAV-6,1.000
547.54,UAV-4,GCS,1.000
547.54,UAV-4,UAV-6,1.000
547.54,UAV-6,GCS,1.000
548.56,UAV-2,GCS,1.000
548.56,UAV-2,UAV-3,1.000
548.56,UAV-2,UAV-4,1.000
548.56,UAV-2,UAV-6,1.000
548.56,UAV-3,GCS,1.000
548.56,UAV-3,UAV-4,1.000
548.56,UAV-3,UAV-6,1.000
548.56,UAV-4,GCS,1.000
548.56,UAV-4,UAV-6,1.000
548.56,UAV-6,GCS,0.958
549.58,UAV-2,GCS,1.000
549.58,UAV-2,UAV-3,1.000
549.58,UAV-2,UAV-4,1.000
549.58,UAV-2,UAV-6,1.000
549.58,UAV-3,GCS,1.000
549.58,UAV-3,UAV-4,1.000
549.58,UAV-3,UAV-6,1.000
549.58,UAV-4,GCS,1.000
549.58,UAV-4,UAV-6,1.000
549.58,UAV-6,GCS,1.000
550.60,UAV-2,GCS,1.000
550.60,UAV-2,UAV-3,1.000
550.60,UAV-2,UAV-4,1.000
550.60,UAV-2,UAV-6,1.000
550.60,UAV-3,GCS,1.000
550.60,UAV-3,UAV-4,1.000
550.60,UAV-3,UAV-6,1.000
550.60,UAV-4,GCS,1.000
550.60,UAV-4,UAV-6,1.000
550.60,UAV-6,GCS,1.000
551.62,UAV-2,GCS,1.000
551.62,UAV-2,UAV-3,1.000
551.62,UAV-2,UAV-4,1.000
551.62,UAV-2,UAV-6,1.000
551.62,UAV-3,GCS,1.000
551.62,UAV-3,UAV-4,1.000
551.62,UAV-3,UAV-6,1.000
551.62,UAV-4,GCS,1.000
551.62,UAV-4,UAV-6,1.000
551.62,UAV-6,GCS,1.000
552.64,UAV-2,GCS,1.000
552.64,UAV-2,UAV-3,1.000
552.64,UAV-2,UAV-4,1.000
552.64,UAV-2,UAV-6,1.000
552.64,UAV-3,GCS,1.000
552.64,UAV-3,UAV-4,1.000
552.64,UAV-3,UAV-6,1.000
552.64,UAV-4,GCS,1.000
552.64,UAV-4,UAV-6,1.000
552.64,UAV-6,GCS,0.963
553.66,UAV-2,GCS,1.000
553.66,UAV-2,UAV-3,1.000
553.66,UAV-2,UAV-4,1.000
553.66,UAV-2,UAV-6,1.000
553.66,UAV-3,GCS,1.000
553.66,UAV-3,UAV-4,1.000
553.66,UAV-3,UAV-6,1.000
553.66,UAV-4,GCS,1.000
553.66,UAV-4,UAV-6,1.000
553.66,UAV-6,GCS,1.000
554.68,UAV-2,GCS,1.000
554.68,UAV-2,UAV-3,1.000
554.68,UAV-2,UAV-4,1.000
554.68,UAV-2,UAV-6,1.000
554.68,UAV-3,GCS,1.000
554.68,UAV-3,UAV-4,1.000
554.68,UAV-3,UAV-6,1.000
554.68,UAV-4,GCS,1.000
554.68,UAV-4,UAV-6,1.000
554.68,UAV-6,GCS,1.000
555.70,UAV-2,GCS,1.000
555.70,UAV-2,UAV-3,1.000
555.70,UAV-2,UAV-4,1.000
555.70,UAV-2,UAV-6,1.000
555.70,UAV-3,GCS,1.000
555.70,UAV-3,UAV-4,1.000
555.70,UAV-3,UAV-6,1.000
555.70,UAV-4,GCS,1.000
555.70,UAV-4,UAV-6,1.000
555.70,UAV-6,GCS,1.000
556.72,UAV-2,GCS,1.000
556.72,UAV-2,UAV-3,1.000
556.72,UAV-2,UAV-4,1.000
556.72,UAV-2,UAV-6,1.000
556.72,UAV-3,GCS,1.000
556.72,UAV-3,UAV-4,1.000
556.72,UAV-3,UAV-6,1.000
556.72,UAV-4,GCS,1.000
556.72,UAV-4,UAV-6,1.000
556.72,UAV-6,GCS,1.000
557.74,UAV-2,GCS,1.000
557.74,UAV-2,UAV-3,1.000
557.74,UAV-2,UAV-4,1.000
557.74,UAV-2,UAV-6,1.000
557.74,UAV-3,GCS,1.000
557.74,UAV-3,UAV-4,1.000
557.74,UAV-3,UAV-6,1.000
557.74,UAV-4,GCS,1.000
557.74,UAV-4,UAV-6,1.000
557.74,UAV-6,GCS,1.000
558.76,UAV-2,GCS,1.000
558.76,UAV-2,UAV-3,1.000
558.76,UAV-2,UAV-4,1.000
558.76,UAV-2,UAV-6,1.000
558.76,UAV-3,GCS,1.000
558.76,UAV-3,UAV-4,1.000
558.76,UAV-3,UAV-6,1.000
558.76,UAV-4,GCS,1.000
558.76,UAV-4,UAV-6,1.000
558.76,UAV-6,GCS,1.000
559.78,UAV-2,GCS,1.000
559.78,UAV-2,UAV-3,1.000
559.78,UAV-2,UAV-4,1.000
559.78,UAV-2,UAV-6,1.000
559.78,UAV-3,GCS,1.000
559.78,UAV-3,UAV-4,1.000
559.78,UAV-3,UAV-6,1.000
559.78,UAV-4,GCS,1.000
559.78,UAV-4,UAV-6,1.000
559.78,UAV-6,GCS,1.000
560.80,UAV-2,GCS,1.000
560.80,UAV-2,UAV-3,1.000
560.80,UAV-2,UAV-4,1.000
560.80,UAV-2,UAV-6,1.000
560.80,UAV-3,GCS,1.000
560.80,UAV-3,UAV-4,1.000
560.80,UAV-3,UAV-6,1.000
560.80,UAV-4,GCS,1.000
560.80,UAV-4,UAV-6,1.000
560.80,UAV-6,GCS,1.000
561.82,UAV-2,GCS,1.000
561.82,UAV-2,UAV-3,1.000
561.82,UAV-2,UAV-4,1.000
561.82,UAV-2,UAV-6,1.000
561.82,UAV-3,GCS,1.000
561.82,UAV-3,UAV-4,1.000
561.82,UAV-3,UAV-6,1.000
561.82,UAV-4,GCS,1.000
561.82,UAV-4,UAV-6,1.000
561.82,UAV-6,GCS,1.000
562.84,UAV-2,GCS,1.000
562.84,UAV-2,UAV-3,1.000
562.84,UAV-2,UAV-4,1.000
562.84,UAV-2,UAV-6,1.000
562.84,UAV-3,GCS,1.000
562.84,UAV-3,UAV-4,1.000
562.84,UAV-3,UAV-6,1.000
562.84,UAV-4,GCS,1.000
562.84,UAV-4,UAV-6,1.000
562.84,UAV-6,GCS,1.000
563.86,UAV-2,GCS,1.000
563.86,UAV-2,UAV-3,1.000
563.86,UAV-2,UAV-4,1.000
563.86,UAV-2,UAV-6,1.000
563.86,UAV-3,GCS,1.000
563.86,UAV-3,UAV-4,1.000
563.86,UAV-3,UAV-6,1.000
563.86,UAV-4,GCS,1.000
563.86,UAV-4,UAV-6,1.000
563.86,UAV-6,GCS,1.000
564.88,UAV-2,GCS,1.000
564.88,UAV-2,UAV-3,1.000
564.88,UAV-2,UAV-4,1.000
564.88,UAV-2,UAV-6,1.000
564.88,UAV-3,GCS,1.000
564.88,UAV-3,UAV-4,1.000
564.88,UAV-3,UAV-6,1.000
564.88,UAV-4,GCS,1.000
564.88,UAV-4,UAV-6,1.000
564.88,UAV-6,GCS,1.000
565.90,UAV-2,GCS,1.000
565.90,UAV-2,UAV-3,1.000
565.90,UAV-2,UAV-4,1.000
565.90,UAV-2,UAV-6,1.000
565.90,UAV-3,GCS,1.000
565.90,UAV-3,UAV-4,1.000
565.90,UAV-3,UAV-6,1.000
565.90,UAV-4,GCS,1.000
565.90,UAV-4,UAV-6,1.000
565.90,UAV-6,GCS,1.000
566.92,UAV-2,GCS,1.000
566.92,UAV-2,UAV-3,1.000
566.92,UAV-2,UAV-4,1.000
566.92,UAV-2,UAV-6,1.000
566.92,UAV-3,GCS,1.000
566.92,UAV-3,UAV-4,1.000
566.92,UAV-3,UAV-6,1.000
566.92,UAV-4,GCS,1.000
566.92,UAV-4,UAV-6,1.000
566.92,UAV-6,GCS,1.000
567.94,UAV-2,GCS,1.000
567.94,UAV-2,UAV-3,1.000
567.94,UAV-2,UAV-4,1.000
567.94,UAV-2,UAV-6,1.000
567.94,UAV-3,GCS,1.000
567.94,UAV-3,UAV-4,1.000
567.94,UAV-3,UAV-6,1.000
567.94,UAV-4,GCS,1.000
567.94,UAV-4,UAV-6,1.000
567.94,UAV-6,GCS,1.000
568.96,UAV-2,GCS,1.000
568.96,UAV-2,UAV-3,1.000
568.96,UAV-2,UAV-4,1.000
568.96,UAV-2,UAV-6,1.000
568.96,UAV-3,GCS,1.000
568.96,UAV-3,UAV-4,1.000
568.96,UAV-3,UAV-6,1.000
568.96,UAV-4,GCS,1.000
568.96,UAV-4,UAV-6,1.000
568.96,UAV-6,GCS,1.000
569.98,UAV-2,GCS,1.000
569.98,UAV-2,UAV-3,1.000
569.98,UAV-2,UAV-4,1.000
569.98,UAV-2,UAV-6,1.000
569.98,UAV-3,GCS,1.000
569.98,UAV-3,UAV-4,1.000
569.98,UAV-3,UAV-6,1.000
569.98,UAV-4,GCS,1.000
569.98,UAV-4,UAV-6,1.000
569.98,UAV-6,GCS,1.000
571.00,UAV-2,GCS,1.000
571.00,UAV-2,UAV-3,1.000
571.00,UAV-2,UAV-4,1.000
571.00,UAV-2,UAV-6,1.000
571.00,UAV-3,GCS,1.000
571.00,UAV-3,UAV-4,1.000
571.00,UAV-3,UAV-6,1.000
571.00,UAV-4,GCS,1.000
571.00,UAV-4,UAV-6,1.000
571.00,UAV-6,GCS,1.000
572.02,UAV-2,GCS,1.000
572.02,UAV-2,UAV-3,1.000
572.02,UAV-2,UAV-4,1.000
572.02,UAV-2,UAV-6,1.000
572.02,UAV-3,GCS,1.000
572.02,UAV-3,UAV-4,1.000
572.02,UAV-3,UAV-6,1.000
572.02,UAV-4,GCS,1.000
572.02,UAV-4,UAV-6,1.000
572.02,UAV-6,GCS,1.000
573.04,UAV-2,GCS,1.000
573.04,UAV-2,UAV-3,1.000
573.04,UAV-2,UAV-4,1.000
573.04,UAV-2,UAV-6,1.000
573.04,UAV-3,GCS,1.000
573.04,UAV-3,UAV-4,1.000
573.04,UAV-3,UAV-6,1.000
573.04,UAV-4,GCS,1.000
573.04,UAV-4,UAV-6,1.000
573.04,UAV-6,GCS,1.000
574.06,UAV-2,GCS,1.000
574.06,UAV-2,UAV-3,1.000
574.06,UAV-2,UAV-4,1.000
574.06,UAV-2,UAV-6,1.000
574.06,UAV-3,GCS,1.000
574.06,UAV-3,UAV-4,1.000
574.06,UAV-3,UAV-6,1.000
574.06,UAV-4,GCS,1.000
574.06,UAV-4,UAV-6,1.000
574.06,UAV-6,GCS,1.000
575.08,UAV-2,GCS,1.000
575.08,UAV-2,UAV-3,1.000
575.08,UAV-2,UAV-4,1.000
575.08,UAV-2,UAV-6,1.000
575.08,UAV-3,GCS,1.000
575.08,UAV-3,UAV-4,1.000
575.08,UAV-3,UAV-6,1.000
575.08,UAV-4,GCS,1.000
575.08,UAV-4,UAV-6,1.000
575.08,UAV-6,GCS,1.000
576.10,UAV-2,GCS,1.000
576.10,UAV-2,UAV-3,1.000
576.10,UAV-2,UAV-4,1.000
576.10,UAV-2,UAV-6,1.000
576.10,UAV-3,GCS,1.000
576.10,UAV-3,UAV-4,1.000
576.10,UAV-3,UAV-6,1.000
576.10,UAV-4,GCS,1.000
576.10,UAV-4,UAV-6,1.000
576.10,UAV-6,GCS,1.000
577.12,UAV-2,GCS,1.000
577.12,UAV-2,UAV-3,1.000
577.12,UAV-2,UAV-4,1.000
577.12,UAV-2,UAV-6,1.000
577.12,UAV-3,GCS,1.000
577.12,UAV-3,UAV-4,1.000
577.12,UAV-3,UAV-6,1.000
577.12,UAV-4,GCS,1.000
577.12,UAV-4,UAV-6,1.000
577.12,UAV-6,GCS,1.000
578.14,UAV-2,GCS,1.000
578.14,UAV-2,UAV-3,1.000
578.14,UAV-2,UAV-4,1.000
578.14,UAV-2,UAV-6,1.000
578.14,UAV-3,GCS,1.000
578.14,UAV-3,UAV-4,1.000
578.14,UAV-3,UAV-6,1.000
578.14,UAV-4,GCS,1.000
578.14,UAV-4,UAV-6,1.000
578.14,UAV-6,GCS,1.000
579.16,UAV-2,GCS,1.000
579.16,UAV-2,UAV-3,1.000
579.16,UAV-2,UAV-4,1.000
579.16,UAV-2,UAV-6,1.000
579.16,UAV-3,GCS,1.000
579.16,UAV-3,UAV-4,1.000
579.16,UAV-3,UAV-6,1.000
579.16,UAV-4,GCS,1.000
579.16,UAV-4,UAV-6,1.000
579.16,UAV-6,GCS,1.000
580.18,UAV-2,GCS,1.000
580.18,UAV-2,UAV-3,1.000
580.18,UAV-2,UAV-4,1.000
580.18,UAV-2,UAV-6,1.000
580.18,UAV-3,GCS,1.000
580.18,UAV-3,UAV-4,1.000
580.18,UAV-3,UAV-6,1.000
580.18,UAV-4,GCS,1.000
580.18,UAV-4,UAV-6,1.000
580.18,UAV-6,GCS,1.000
581.20,UAV-2,GCS,1.000
581.20,UAV-2,UAV-3,1.000
581.20,UAV-2,UAV-4,1.000
581.20,UAV-2,UAV-6,1.000
581.20,UAV-3,GCS,1.000
581.20,UAV-3,UAV-4,1.000
581.20,UAV-3,UAV-6,1.000
581.20,UAV-4,GCS,1.000
581.20,UAV-4,UAV-6,1.000
581.20,UAV-6,GCS,1.000
582.22,UAV-2,GCS,1.000
582.22,UAV-2,UAV-3,1.000
582.22,UAV-2,UAV-4,1.000
582.22,UAV-2,UAV-6,1.000
582.22,UAV-3,GCS,1.000
582.22,UAV-3,UAV-4,1.000
582.22,UAV-3,UAV-6,1.000
582.22,UAV-4,GCS,1.000
582.22,UAV-4,UAV-6,1.000
582.22,UAV-6,GCS,1.000
583.24,UAV-2,GCS,1.000
583.24,UAV-2,UAV-3,1.000
583.24,UAV-2,UAV-4,1.000
583.24,UAV-2,UAV-6,1.000
583.24,UAV-3,GCS,1.000
583.24,UAV-3,UAV-4,1.000
583.24,UAV-3,UAV-6,1.000
583.24,UAV-4,GCS,0.997
583.24,UAV-4,UAV-6,1.000
583.24,UAV-6,GCS,1.000
584.26,UAV-2,GCS,1.000
584.26,UAV-2,UAV-3,1.000
584.26,UAV-2,UAV-4,1.000
584.26,UAV-2,UAV-6,1.000
584.26,UAV-3,GCS,1.000
584.26,UAV-3,UAV-4,1.000
584.26,UAV-3,UAV-6,1.000
584.26,UAV-4,GCS,1.000
584.26,UAV-4,UAV-6,1.000
584.26,UAV-6,GCS,1.000
585.28,UAV-2,GCS,1.000
585.28,UAV-2,UAV-3,1.000
585.28,UAV-2,UAV-4,1.000
585.28,UAV-2,UAV-6,1.000
585.28,UAV-3,GCS,1.000
585.28,UAV-3,UAV-4,1.000
585.28,UAV-3,UAV-6,1.000
585.28,UAV-4,GCS,1.000
585.28,UAV-4,UAV-6,1.000
585.28,UAV-6,GCS,1.000
586.30,UAV-2,GCS,1.000
586.30,UAV-2,UAV-3,1.000
586.30,UAV-2,UAV-4,1.000
586.30,UAV-2,UAV-6,1.000
586.30,UAV-3,GCS,1.000
586.30,UAV-3,UAV-4,1.000
586.30,UAV-3,UAV-6,1.000
586.30,UAV-4,GCS,1.000
586.30,UAV-4,UAV-6,1.000
586.30,UAV-6,GCS,1.000
587.32,UAV-2,GCS,1.000
587.32,UAV-2,UAV-3,1.000
587.32,UAV-2,UAV-4,1.000
587.32,UAV-2,UAV-6,1.000
587.32,UAV-3,GCS,1.000
587.32,UAV-3,UAV-4,1.000
587.32,UAV-3,UAV-6,1.000
587.32,UAV-4,GCS,1.000
587.32,UAV-4,UAV-6,1.000
587.32,UAV-6,GCS,1.000
588.34,UAV-2,GCS,1.000
588.34,UAV-2,UAV-3,1.000
588.34,UAV-2,UAV-4,1.000
588.34,UAV-2,UAV-6,1.000
588.34,UAV-3,GCS,1.000
588.34,UAV-3,UAV-4,1.000
588.34,UAV-3,UAV-6,1.000
588.34,UAV-4,GCS,1.000
588.34,UAV-4,UAV-6,1.000
588.34,UAV-6,GCS,1.000
589.36,UAV-2,GCS,1.000
589.36,UAV-2,UAV-3,1.000
589.36,UAV-2,UAV-4,1.000
589.36,UAV-2,UAV-6,1.000
589.36,UAV-3,GCS,1.000
589.36,UAV-3,UAV-4,1.000
589.36,UAV-3,UAV-6,1.000
589.36,UAV-4,GCS,1.000
589.36,UAV-4,UAV-6,1.000
589.36,UAV-6,GCS,1.000
590.38,UAV-2,GCS,1.000
590.38,UAV-2,UAV-3,1.000
590.38,UAV-2,UAV-4,1.000
590.38,UAV-2,UAV-6,1.000
590.38,UAV-3,GCS,1.000
590.38,UAV-3,UAV-4,1.000
590.38,UAV-3,UAV-6,1.000
590.38,UAV-4,GCS,1.000
590.38,UAV-4,UAV-6,1.000
590.38,UAV-6,GCS,1.000
591.40,UAV-2,GCS,1.000
591.40,UAV-2,UAV-3,1.000
591.40,UAV-2,UAV-4,1.000
591.40,UAV-2,UAV-6,1.000
591.40,UAV-3,GCS,1.000
591.40,UAV-3,UAV-4,1.000
591.40,UAV-3,UAV-6,1.000
591.40,UAV-4,GCS,1.000
591.40,UAV-4,UAV-6,1.000
591.40,UAV-6,GCS,1.000
592.42,UAV-2,GCS,1.000
592.42,UAV-2,UAV-3,1.000
592.42,UAV-2,UAV-4,1.000
592.42,UAV-2,UAV-6,1.000
592.42,UAV-3,GCS,1.000
592.42,UAV-3,UAV-4,1.000
592.42,UAV-3,UAV-6,1.000
592.42,UAV-4,GCS,1.000
592.42,UAV-4,UAV-6,1.000
592.42,UAV-6,GCS,1.000
593.44,UAV-2,GCS,1.000
593.44,UAV-2,UAV-3,1.000
593.44,UAV-2,UAV-4,1.000
593.44,UAV-2,UAV-6,1.000
593.44,UAV-3,GCS,1.000
593.44,UAV-3,UAV-4,1.000
593.44,UAV-3,UAV-6,1.000
593.44,UAV-4,GCS,1.000
593.44,UAV-4,UAV-6,1.000
593.44,UAV-6,GCS,1.000
594.46,UAV-2,GCS,1.000
594.46,UAV-2,UAV-3,1.000
594.46,UAV-2,UAV-4,1.000
594.46,UAV-2,UAV-6,1.000
594.46,UAV-3,GCS,1.000
594.46,UAV-3,UAV-4,1.000
594.46,UAV-3,UAV-6,1.000
594.46,UAV-4,GCS,1.000
594.46,UAV-4,UAV-6,1.000
594.46,UAV-6,GCS,1.000
595.48,UAV-2,GCS,1.000
595.48,UAV-2,UAV-3,1.000
595.48,UAV-2,UAV-4,1.000
595.48,UAV-2,UAV-6,1.000
595.48,UAV-3,GCS,1.000
595.48,UAV-3,UAV-4,1.000
595.48,UAV-3,UAV-6,1.000
595.48,UAV-4,GCS,1.000
595.48,UAV-4,UAV-6,1.000
595.48,UAV-6,GCS,1.000
596.50,UAV-2,GCS,1.000
596.50,UAV-2,UAV-3,1.000
596.50,UAV-2,UAV-4,1.000
596.50,UAV-2,UAV-6,1.000
596.50,UAV-3,GCS,1.000
596.50,UAV-3,UAV-4,1.000
596.50,UAV-3,UAV-6,1.000
596.50,UAV-4,GCS,1.000
596.50,UAV-4,UAV-6,1.000
596.50,UAV-6,GCS,1.000
597.52,UAV-2,GCS,1.000
597.52,UAV-2,UAV-3,1.000
597.52,UAV-2,UAV-4,1.000
597.52,UAV-2,UAV-6,1.000
597.52,UAV-3,GCS,1.000
597.52,UAV-3,UAV-4,1.000
597.52,UAV-3,UAV-6,1.000
597.52,UAV-4,GCS,1.000
597.52,UAV-4,UAV-6,1.000
597.52,UAV-6,GCS,1.000
598.54,UAV-2,GCS,1.000
598.54,UAV-2,UAV-3,1.000
598.54,UAV-2,UAV-4,1.000
598.54,UAV-2,UAV-6,1.000
598.54,UAV-3,GCS,1.000
598.54,UAV-3,UAV-4,1.000
598.54,UAV-3,UAV-6,1.000
598.54,UAV-4,GCS,1.000
598.54,UAV-4,UAV-6,1.000
598.54,UAV-6,GCS,1.000
599.56,UAV-2,GCS,1.000
599.56,UAV-2,UAV-3,1.000
599.56,UAV-2,UAV-4,1.000
599.56,UAV-2,UAV-6,1.000
599.56,UAV-3,GCS,1.000
599.56,UAV-3,UAV-4,1.000
599.56,UAV-3,UAV-6,1.000
599.56,UAV-4,GCS,1.000
599.56,UAV-4,UAV-6,1.000
599.56,UAV-6,GCS,1.000
600.58,UAV-2,GCS,1.000
600.58,UAV-2,UAV-3,1.000
600.58,UAV-2,UAV-4,1.000
600.58,UAV-2,UAV-6,1.000
600.58,UAV-3,GCS,1.000
600.58,UAV-3,UAV-4,1.000
600.58,UAV-3,UAV-6,1.000
600.58,UAV-4,GCS,1.000
600.58,UAV-4,UAV-6,1.000
600.58,UAV-6,GCS,1.000
601.60,UAV-2,GCS,1.000
601.60,UAV-2,UAV-3,1.000
601.60,UAV-2,UAV-4,1.000
601.60,UAV-2,UAV-6,1.000
601.60,UAV-3,GCS,1.000
601.60,UAV-3,UAV-4,1.000
601.60,UAV-3,UAV-6,1.000
601.60,UAV-4,GCS,1.000
601.60,UAV-4,UAV-6,1.000
601.60,UAV-6,GCS,1.000
602.62,UAV-2,GCS,1.000
602.62,UAV-2,UAV-3,1.000
602.62,UAV-2,UAV-4,1.000
602.62,UAV-2,UAV-6,1.000
602.62,UAV-3,GCS,1.000
602.62,UAV-3,UAV-4,1.000
602.62,UAV-3,UAV-6,1.000
602.62,UAV-4,GCS,1.000
602.62,UAV-4,UAV-6,1.000
602.62,UAV-6,GCS,1.000
603.64,UAV-2,GCS,1.000
603.64,UAV-2,UAV-3,1.000
603.64,UAV-2,UAV-4,1.000
603.64,UAV-2,UAV-6,1.000
603.64,UAV-3,GCS,1.000
603.64,UAV-3,UAV-4,1.000
603.64,UAV-3,UAV-6,1.000
603.64,UAV-4,GCS,1.000
603.64,UAV-4,UAV-6,1.000
603.64,UAV-6,GCS,1.000
604.66,UAV-2,GCS,1.000
604.66,UAV-2,UAV-3,1.000
604.66,UAV-2,UAV-4,1.000
604.66,UAV-2,UAV-6,1.000
604.66,UAV-3,GCS,1.000
604.66,UAV-3,UAV-4,1.000
604.66,UAV-3,UAV-6,1.000
604.66,UAV-4,GCS,1.000
604.66,UAV-4,UAV-6,1.000
604.66,UAV-6,GCS,1.000
605.68,UAV-2,GCS,1.000
605.68,UAV-2,UAV-3,1.000
605.68,UAV-2,UAV-4,1.000
605.68,UAV-2,UAV-6,1.000
605.68,UAV-3,GCS,1.000
605.68,UAV-3,UAV-4,1.000
605.68,UAV-3,UAV-6,1.000
605.68,UAV-4,GCS,1.000
605.68,UAV-4,UAV-6,1.000
605.68,UAV-6,GCS,1.000
606.70,UAV-2,GCS,1.000
606.70,UAV-2,UAV-3,1.000
606.70,UAV-2,UAV-4,1.000
606.70,UAV-2,UAV-6,1.000
606.70,UAV-3,GCS,1.000
606.70,UAV-3,UAV-4,1.000
606.70,UAV-3,UAV-6,1.000
606.70,UAV-4,GCS,1.000
606.70,UAV-4,UAV-6,1.000
606.70,UAV-6,GCS,1.000
607.72,UAV-2,GCS,1.000
607.72,UAV-2,UAV-3,1.000
607.72,UAV-2,UAV-4,1.000
607.72,UAV-2,UAV-6,1.000
607.72,UAV-3,GCS,1.000
607.72,UAV-3,UAV-4,1.000
607.72,UAV-3,UAV-6,1.000
607.72,UAV-4,GCS,1.000
607.72,UAV-4,UAV-6,1.000
607.72,UAV-6,GCS,1.000
608.74,UAV-2,GCS,1.000
608.74,UAV-2,UAV-3,1.000
608.74,UAV-2,UAV-4,1.000
608.74,UAV-2,UAV-6,1.000
608.74,UAV-3,GCS,1.000
608.74,UAV-3,UAV-4,1.000
608.74,UAV-3,UAV-6,1.000
608.74,UAV-4,GCS,1.000
608.74,UAV-4,UAV-6,1.000
608.74,UAV-6,GCS,1.000
609.76,UAV-2,GCS,1.000
609.76,UAV-2,UAV-3,1.000
609.76,UAV-2,UAV-4,1.000
609.76,UAV-2,UAV-6,1.000
609.76,UAV-3,GCS,1.000
609.76,UAV-3,UAV-4,1.000
609.76,UAV-3,UAV-6,1.000
609.76,UAV-4,GCS,1.000
609.76,UAV-4,UAV-6,1.000
609.76,UAV-6,GCS,1.000
610.78,UAV-2,GCS,1.000
610.78,UAV-2,UAV-3,1.000
610.78,UAV-2,UAV-4,1.000
610.78,UAV-2,UAV-6,1.000
610.78,UAV-3,GCS,1.000
610.78,UAV-3,UAV-4,1.000
610.78,UAV-3,UAV-6,1.000
610.78,UAV-4,GCS,1.000
610.78,UAV-4,UAV-6,1.000
610.78,UAV-6,GCS,1.000
611.80,UAV-2,GCS,1.000
611.80,UAV-2,UAV-3,1.000
611.80,UAV-2,UAV-4,1.000
611.80,UAV-2,UAV-6,1.000
611.80,UAV-3,GCS,1.000
611.80,UAV-3,UAV-4,1.000
611.80,UAV-3,UAV-6,1.000
611.80,UAV-4,GCS,1.000
611.80,UAV-4,UAV-6,1.000
611.80,UAV-6,GCS,1.000
612.82,UAV-2,GCS,1.000
612.82,UAV-2,UAV-3,1.000
612.82,UAV-2,UAV-4,1.000
612.82,UAV-2,UAV-6,1.000
612.82,UAV-3,GCS,1.000
612.82,UAV-3,UAV-4,1.000
612.82,UAV-3,UAV-6,1.000
612.82,UAV-4,GCS,1.000
612.82,UAV-4,UAV-6,1.000
612.82,UAV-6,GCS,1.000
613.84,UAV-2,GCS,1.000
613.84,UAV-2,UAV-3,1.000
613.84,UAV-2,UAV-4,1.000
613.84,UAV-2,UAV-6,1.000
613.84,UAV-3,GCS,1.000
613.84,UAV-3,UAV-4,1.000
613.84,UAV-3,UAV-6,1.000
613.84,UAV-4,GCS,1.000
613.84,UAV-4,UAV-6,1.000
613.84,UAV-6,GCS,1.000
614.86,UAV-2,GCS,1.000
614.86,UAV-2,UAV-3,1.000
614.86,UAV-2,UAV-4,1.000
614.86,UAV-2,UAV-6,1.000
614.86,UAV-3,GCS,1.000
614.86,UAV-3,UAV-4,1.000
614.86,UAV-3,UAV-6,1.000
614.86,UAV-4,GCS,1.000
614.86,UAV-4,UAV-6,1.000
614.86,UAV-6,GCS,1.000
615.88,UAV-2,GCS,1.000
615.88,UAV-2,UAV-3,1.000
615.88,UAV-2,UAV-4,1.000
615.88,UAV-2,UAV-6,1.000
615.88,UAV-3,GCS,1.000
615.88,UAV-3,UAV-4,1.000
615.88,UAV-3,UAV-6,1.000
615.88,UAV-4,GCS,1.000
615.88,UAV-4,UAV-6,1.000
615.88,UAV-6,GCS,1.000
616.90,UAV-2,GCS,1.000
616.90,UAV-2,UAV-3,1.000
616.90,UAV-2,UAV-4,1.000
616.90,UAV-2,UAV-6,1.000
616.90,UAV-3,GCS,1.000
616.90,UAV-3,UAV-4,1.000
616.90,UAV-3,UAV-6,1.000
616.90,UAV-4,GCS,1.000
616.90,UAV-4,UAV-6,1.000
616.90,UAV-6,GCS,1.000
617.92,UAV-2,GCS,1.000
617.92,UAV-2,UAV-3,1.000
617.92,UAV-2,UAV-4,1.000
617.92,UAV-2,UAV-6,1.000
617.92,UAV-3,GCS,1.000
617.92,UAV-3,UAV-4,1.000
617.92,UAV-3,UAV-6,1.000
617.92,UAV-4,GCS,1.000
617.92,UAV-4,UAV-6,1.000
617.92,UAV-6,GCS,1.000
618.94,UAV-2,GCS,1.000
618.94,UAV-2,UAV-3,1.000
618.94,UAV-2,UAV-4,1.000
618.94,UAV-2,UAV-6,1.000
618.94,UAV-3,GCS,1.000
618.94,UAV-3,UAV-4,1.000
618.94,UAV-3,UAV-6,1.000
618.94,UAV-4,GCS,1.000
618.94,UAV-4,UAV-6,1.000
618.94,UAV-6,GCS,1.000
619.96,UAV-2,GCS,1.000
619.96,UAV-2,UAV-3,1.000
619.96,UAV-2,UAV-4,1.000
619.96,UAV-2,UAV-6,1.000
619.96,UAV-3,GCS,1.000
619.96,UAV-3,UAV-4,1.000
619.96,UAV-3,UAV-6,1.000
619.96,UAV-4,GCS,1.000
619.96,UAV-4,UAV-6,1.000
619.96,UAV-6,GCS,1.000
620.98,UAV-2,GCS,1.000
620.98,UAV-2,UAV-3,1.000
620.98,UAV-2,UAV-4,1.000
620.98,UAV-2,UAV-6,1.000
620.98,UAV-3,GCS,1.000
620.98,UAV-3,UAV-4,1.000
620.98,UAV-3,UAV-6,1.000
620.98,UAV-4,GCS,1.000
620.98,UAV-4,UAV-6,1.000
620.98,UAV-6,GCS,1.000
622.00,UAV-2,GCS,1.000
622.00,UAV-2,UAV-3,1.000
622.00,UAV-2,UAV-4,1.000
622.00,UAV-2,UAV-6,1.000
622.00,UAV-3,GCS,1.000
622.00,UAV-3,UAV-4,1.000
622.00,UAV-3,UAV-6,1.000
622.00,UAV-4,GCS,1.000
622.00,UAV-4,UAV-6,1.000
622.00,UAV-6,GCS,1.000
623.02,UAV-2,GCS,1.000
623.02,UAV-2,UAV-3,1.000
623.02,UAV-2,UAV-4,1.000
623.02,UAV-2,UAV-6,1.000
623.02,UAV-3,GCS,1.000
623.02,UAV-3,UAV-4,1.000
623.02,UAV-3,UAV-6,1.000
623.02,UAV-4,GCS,1.000
623.02,UAV-4,UAV-6,1.000
623.02,UAV-6,GCS,1.000
624.04,UAV-2,GCS,1.000
624.04,UAV-2,UAV-3,1.000
624.04,UAV-2,UAV-4,1.000
624.04,UAV-2,UAV-6,1.000
624.04,UAV-3,GCS,1.000
624.04,UAV-3,UAV-4,1.000
624.04,UAV-3,UAV-6,1.000
624.04,UAV-4,GCS,1.000
624.04,UAV-4,UAV-6,1.000
624.04,UAV-6,GCS,1.000
625.06,UAV-2,GCS,1.000
625.06,UAV-2,UAV-3,1.000
625.06,UAV-2,UAV-4,1.000
625.06,UAV-2,UAV-6,1.000
625.06,UAV-3,GCS,1.000
625.06,UAV-3,UAV-4,1.000
625.06,UAV-3,UAV-6,1.000
625.06,UAV-4,GCS,1.000
625.06,UAV-4,UAV-6,1.000
625.06,UAV-6,GCS,1.000
626.08,UAV-2,GCS,1.000
626.08,UAV-2,UAV-3,1.000
626.08,UAV-2,UAV-4,1.000
626.08,UAV-2,UAV-6,1.000
626.08,UAV-3,GCS,1.000
626.08,UAV-3,UAV-4,1.000
626.08,UAV-3,UAV-6,1.000
626.08,UAV-4,GCS,1.000
626.08,UAV-4,UAV-6,1.000
626.08,UAV-6,GCS,1.000
627.10,UAV-2,GCS,1.000
627.10,UAV-2,UAV-3,1.000
627.10,UAV-2,UAV-4,1.000
627.10,UAV-2,UAV-6,1.000
627.10,UAV-3,GCS,1.000
627.10,UAV-3,UAV-4,1.000
627.10,UAV-3,UAV-6,1.000
627.10,UAV-4,GCS,1.000
627.10,UAV-4,UAV-6,1.000
627.10,UAV-6,GCS,1.000
628.12,UAV-2,GCS,1.000
628.12,UAV-2,UAV-3,1.000
628.12,UAV-2,UAV-4,1.000
628.12,UAV-2,UAV-6,1.000
628.12,UAV-3,GCS,1.000
628.12,UAV-3,UAV-4,1.000
628.12,UAV-3,UAV-6,1.000
628.12,UAV-4,GCS,1.000
628.12,UAV-4,UAV-6,1.000
628.12,UAV-6,GCS,1.000
629.14,UAV-2,GCS,1.000
629.14,UAV-2,UAV-3,1.000
629.14,UAV-2,UAV-4,1.000
629.14,UAV-2,UAV-6,1.000
629.14,UAV-3,GCS,1.000
629.14,UAV-3,UAV-4,1.000
629.14,UAV-3,UAV-6,1.000
629.14,UAV-4,GCS,1.000
629.14,UAV-4,UAV-6,1.000
629.14,UAV-6,GCS,1.000
630.16,UAV-2,GCS,1.000
630.16,UAV-2,UAV-3,1.000
630.16,UAV-2,UAV-4,1.000
630.16,UAV-2,UAV-6,1.000
630.16,UAV-3,GCS,1.000
630.16,UAV-3,UAV-4,1.000
630.16,UAV-3,UAV-6,1.000
630.16,UAV-4,GCS,1.000
630.16,UAV-4,UAV-6,1.000
630.16,UAV-6,GCS,1.000
631.18,UAV-2,GCS,1.000
631.18,UAV-2,UAV-3,1.000
631.18,UAV-2,UAV-4,1.000
631.18,UAV-2,UAV-6,1.000
631.18,UAV-3,GCS,1.000
631.18,UAV-3,UAV-4,1.000
631.18,UAV-3,UAV-6,1.000
631.18,UAV-4,GCS,1.000
631.18,UAV-4,UAV-6,1.000
631.18,UAV-6,GCS,1.000
632.20,UAV-2,GCS,1.000
632.20,UAV-2,UAV-3,1.000
632.20,UAV-2,UAV-4,1.000
632.20,UAV-2,UAV-6,1.000
632.20,UAV-3,GCS,1.000
632.20,UAV-3,UAV-4,1.000
632.20,UAV-3,UAV-6,1.000
632.20,UAV-4,GCS,1.000
632.20,UAV-4,UAV-6,1.000
632.20,UAV-6,GCS,1.000
633.22,UAV-2,GCS,1.000
633.22,UAV-2,UAV-3,1.000
633.22,UAV-2,UAV-4,1.000
633.22,UAV-2,UAV-6,1.000
633.22,UAV-3,GCS,1.000
633.22,UAV-3,UAV-4,1.000
633.22,UAV-3,UAV-6,1.000
633.22,UAV-4,GCS,1.000
633.22,UAV-4,UAV-6,1.000
633.22,UAV-6,GCS,1.000
634.24,UAV-2,GCS,1.000
634.24,UAV-2,UAV-3,1.000
634.24,UAV-2,UAV-4,1.000
634.24,UAV-2,UAV-6,1.000
634.24,UAV-3,GCS,1.000
634.24,UAV-3,UAV-4,1.000
634.24,UAV-3,UAV-6,1.000
634.24,UAV-4,GCS,1.000
634.24,UAV-4,UAV-6,1.000
634.24,UAV-6,GCS,1.000
635.26,UAV-2,GCS,1.000
635.26,UAV-2,UAV-3,1.000
635.26,UAV-2,UAV-4,1.000
635.26,UAV-2,UAV-6,1.000
635.26,UAV-3,GCS,1.000
635.26,UAV-3,UAV-4,1.000
635.26,UAV-3,UAV-6,1.000
635.26,UAV-4,GCS,1.000
635.26,UAV-4,UAV-6,1.000
635.26,UAV-6,GCS,1.000
636.28,UAV-2,GCS,1.000
636.28,UAV-2,UAV-3,1.000
636.28,UAV-2,UAV-4,1.000
636.28,UAV-2,UAV-6,1.000
636.28,UAV-3,GCS,1.000
636.28,UAV-3,UAV-4,1.000
636.28,UAV-3,UAV-6,1.000
636.28,UAV-4,GCS,1.000
636.28,UAV-4,UAV-6,1.000
636.28,UAV-6,GCS,1.000
637.30,UAV-2,GCS,1.000
637.30,UAV-2,UAV-3,1.000
637.30,UAV-2,UAV-4,1.000
637.30,UAV-2,UAV-6,1.000
637.30,UAV-3,GCS,1.000
637.30,UAV-3,UAV-4,1.000
637.30,UAV-3,UAV-6,1.000
637.30,UAV-4,GCS,1.000
637.30,UAV-4,UAV-6,1.000
637.30,UAV-6,GCS,1.000
638.32,UAV-2,GCS,1.000
638.32,UAV-2,UAV-3,1.000
638.32,UAV-2,UAV-4,1.000
638.32,UAV-2,UAV-6,1.000
638.32,UAV-3,GCS,1.000
638.32,UAV-3,UAV-4,1.000
638.32,UAV-3,UAV-6,1.000
638.32,UAV-4,GCS,1.000
638.32,UAV-4,UAV-6,1.000
638.32,UAV-6,GCS,1.000
639.34,UAV-2,GCS,1.000
639.34,UAV-2,UAV-3,1.000
639.34,UAV-2,UAV-4,1.000
639.34,UAV-2,UAV-6,1.000
639.34,UAV-3,GCS,1.000
639.34,UAV-3,UAV-4,1.000
639.34,UAV-3,UAV-6,1.000
639.34,UAV-4,GCS,1.000
639.34,UAV-4,UAV-6,1.000
639.34,UAV-6,GCS,1.000
640.36,UAV-2,GCS,1.000
640.36,UAV-2,UAV-3,1.000
640.36,UAV-2,UAV-4,1.000
640.36,UAV-2,UAV-6,1.000
640.36,UAV-3,GCS,1.000
640.36,UAV-3,UAV-4,1.000
640.36,UAV-3,UAV-6,1.000
640.36,UAV-4,GCS,1.000
640.36,UAV-4,UAV-6,1.000
640.36,UAV-6,GCS,1.000
641.38,UAV-2,GCS,1.000
641.38,UAV-2,UAV-3,1.000
641.38,UAV-2,UAV-4,1.000
641.38,UAV-2,UAV-6,1.000
641.38,UAV-3,GCS,1.000
641.38,UAV-3,UAV-4,1.000
641.38,UAV-3,UAV-6,1.000
641.38,UAV-4,GCS,1.000
641.38,UAV-4,UAV-6,1.000
641.38,UAV-6,GCS,1.000
642.40,UAV-2,GCS,1.000
642.40,UAV-2,UAV-3,1.000
642.40,UAV-2,UAV-6,1.000
642.40,UAV-3,GCS,1.000
642.40,UAV-3,UAV-6,1.000
642.40,UAV-6,GCS,1.000
643.42,UAV-2,GCS,1.000
643.42,UAV-2,UAV-3,1.000
643.42,UAV-2,UAV-6,1.000
643.42,UAV-3,GCS,1.000
643.42,UAV-3,UAV-6,1.000
643.42,UAV-6,GCS,1.000
644.44,UAV-2,GCS,1.000
644.44,UAV-2,UAV-3,1.000
644.44,UAV-2,UAV-6,1.000
644.44,UAV-3,GCS,1.000
644.44,UAV-3,UAV-6,1.000
644.44,UAV-6,GCS,1.000
645.46,UAV-2,GCS,1.000
645.46,UAV-2,UAV-3,1.000
645.46,UAV-2,UAV-6,1.000
645.46,UAV-3,GCS,1.000
645.46,UAV-3,UAV-6,1.000
645.46,UAV-6,GCS,1.000
646.48,UAV-2,GCS,1.000
646.48,UAV-2,UAV-3,1.000
646.48,UAV-2,UAV-6,1.000
646.48,UAV-3,GCS,1.000
646.48,UAV-3,UAV-6,1.000
646.48,UAV-6,GCS,1.000
647.50,UAV-2,GCS,1.000
647.50,UAV-2,UAV-3,1.000
647.50,UAV-2,UAV-6,1.000
647.50,UAV-3,GCS,1.000
647.50,UAV-3,UAV-6,1.000
647.50,UAV-6,GCS,1.000
648.52,UAV-2,GCS,1.000
648.52,UAV-2,UAV-6,1.000
648.52,UAV-6,GCS,1.000
649.54,UAV-2,GCS,1.000
649.54,UAV-2,UAV-6,1.000
649.54,UAV-6,GCS,1.000
650.56,UAV-2,GCS,1.000
650.56,UAV-2,UAV-6,1.000
650.56,UAV-6,GCS,1.000
651.58,UAV-2,GCS,1.000
651.58,UAV-2,UAV-6,1.000
651.58,UAV-6,GCS,1.000
652.60,UAV-2,GCS,1.000
652.60,UAV-2,UAV-6,1.000
652.60,UAV-6,GCS,1.000
653.62,UAV-2,GCS,1.000
653.62,UAV-2,UAV-6,1.000
653.62,UAV-6,GCS,1.000
654.64,UAV-2,GCS,1.000
654.64,UAV-2,UAV-6,1.000
654.64,UAV-6,GCS,1.000
655.66,UAV-2,GCS,1.000
655.66,UAV-2,UAV-6,1.000
655.66,UAV-6,GCS,1.000
656.68,UAV-2,GCS,1.000
656.68,UAV-2,UAV-6,1.000
656.68,UAV-6,GCS,1.000
657.70,UAV-2,GCS,1.000
657.70,UAV-2,UAV-6,1.000
657.70,UAV-6,GCS,1.000
658.72,UAV-2,GCS,1.000
658.72,UAV-2,UAV-6,1.000
658.72,UAV-6,GCS,1.000
659.74,UAV-2,GCS,1.000
659.74,UAV-2,UAV-6,1.000
659.74,UAV-6,GCS,1.000
660.76,UAV-6,GCS,1.000
661.78,UAV-6,GCS,1.000
662.80,UAV-6,GCS,1.000
663.82,UAV-6,GCS,1.000
664.84,UAV-6,GCS,1.000
665.86,UAV-6,GCS,1.000
666.88,UAV-6,GCS,1.000
667.90,UAV-6,GCS,1.000
668.92,UAV-6,GCS,1.000
669.94,UAV-6,GCS,1.000
670.96,UAV-6,GCS,1.000
671.98,UAV-6,GCS,1.000
673.00,UAV-6,GCS,1.000
674.02,UAV-6,GCS,1.000
675.04,UAV-6,GCS,1.000
676.06,UAV-6,GCS,1.000
677.08,UAV-6,GCS,1.000
678.10,UAV-6,GCS,1.000
679.12,UAV-6,GCS,1.000
680.14,UAV-6,GCS,1.000
681.16,UAV-6,GCS,1.000
682.18,UAV-6,GCS,1.000
683.20,UAV-6,GCS,1.000
684.22,UAV-6,GCS,1.000
685.24,UAV-6,GCS,1.000
686.26,UAV-6,GCS,1.000
687.28,UAV-6,GCS,1.000
688.30,UAV-6,GCS,1.000
689.32,UAV-6,GCS,1.000
690.34,UAV-6,GCS,1.000
691.36,UAV-6,GCS,1.000
692.38,UAV-6,GCS,1.000
693.40,UAV-6,GCS,1.000
694.42,UAV-6,GCS,1.000
695.44,UAV-6,GCS,1.000
696.46,UAV-6,GCS,1.000
697.48,UAV-6,GCS,1.000
698.50,UAV-6,GCS,1.000
699.52,UAV-6,GCS,1.000
700.54,UAV-6,GCS,1.000
701.56,UAV-6,GCS,1.000
702.58,UAV-6,GCS,1.000
703.60,UAV-6,GCS,1.000
