id,class,source,task,priority,created,delivered,latency_ms,hops,retries,outcome
1,telemetry,UAV-1,,3,0.500,0.506,5.6,1,0,delivered
2,telemetry,UAV-1,,3,1.000,1.006,5.6,1,0,delivered
3,telemetry,UAV-1,,3,1.500,1.506,5.6,1,0,delivered
4,telemetry,UAV-1,,3,2.000,2.006,5.6,1,0,delivered
5,telemetry,UAV-1,,3,2.500,2.506,5.6,1,0,delivered
6,telemetry,UAV-1,,3,3.000,3.006,5.6,1,0,delivered
7,telemetry,UAV-1,,3,3.500,3.506,5.6,1,0,delivered
8,telemetry,UAV-1,,3,4.000,4.006,5.6,1,0,delivered
10,telemetry,UAV-1,,3,4.500,4.506,5.6,1,0,delivered
9,telemetry,UAV-2,,3,4.400,4.506,105.6,1,0,delivered
11,telemetry,UAV-2,,3,4.900,4.906,5.6,1,0,delivered
12,telemetry,UAV-1,,3,5.000,5.006,5.6,1,0,delivered
13,telemetry,UAV-2,,3,5.400,5.406,5.6,1,0,delivered
14,telemetry,UAV-1,,3,5.500,5.506,5.6,1,0,delivered
15,telemetry,UAV-2,,3,5.900,5.906,5.6,1,0,delivered
16,telemetry,UAV-1,,3,6.000,6.006,5.6,1,0,delivered
17,telemetry,UAV-2,,3,6.400,6.406,5.6,1,0,delivered
18,telemetry,UAV-1,,3,6.500,6.506,5.6,1,0,delivered
19,telemetry,UAV-2,,3,6.900,6.906,5.6,1,0,delivered
20,telemetry,UAV-1,,3,7.000,7.006,5.6,1,0,delivered
21,telemetry,UAV-2,,3,7.400,7.406,5.6,1,0,delivered
22,telemetry,UAV-1,,3,7.500,7.506,5.6,1,0,delivered
23,telemetry,UAV-2,,3,7.900,7.906,5.6,1,0,delivered
24,telemetry,UAV-1,,3,8.000,8.006,5.6,1,0,delivered
25,telemetry,UAV-2,,3,8.400,8.406,5.6,1,0,delivered
26,telemetry,UAV-1,,3,8.500,8.506,5.6,1,0,delivered
27,telemetry,UAV-3,,3,8.500,8.506,5.6,1,0,delivered
28,telemetry,UAV-2,,3,8.900,8.906,5.6,1,0,delivered
29,telemetry,UAV-1,,3,9.000,9.006,5.6,1,0,delivered
30,telemetry,UAV-3,,3,9.000,9.006,5.6,1,0,delivered
31,telemetry,UAV-2,,3,9.400,9.406,5.6,1,0,delivered
32,telemetry,UAV-1,,3,9.500,9.506,5.6,1,0,delivered
33,telemetry,UAV-3,,3,9.500,9.506,5.6,1,0,delivered
34,telemetry,UAV-2,,3,9.900,9.906,5.6,1,0,delivered
35,telemetry,UAV-1,,3,10.000,10.006,5.6,1,0,delivered
36,telemetry,UAV-3,,3,10.000,10.006,5.6,1,0,delivered
37,telemetry,UAV-2,,3,10.400,10.406,5.6,1,0,delivered
38,telemetry,UAV-1,,3,10.500,10.506,5.6,1,0,delivered
39,telemetry,UAV-3,,3,10.500,10.506,5.6,1,0,delivered
40,telemetry,UAV-2,,3,10.900,10.906,5.6,1,0,delivered
41,telemetry,UAV-1,,3,11.000,11.006,5.6,1,0,delivered
42,telemetry,UAV-3,,3,11.000,11.006,5.6,1,0,delivered
43,telemetry,UAV-2,,3,11.400,11.406,5.6,1,0,delivered
44,telemetry,UAV-1,,3,11.500,11.506,5.6,1,0,delivered
45,telemetry,UAV-3,,3,11.500,11.506,5.6,1,0,delivered
46,telemetry,UAV-2,,3,11.900,11.906,5.6,1,0,delivered
47,telemetry,UAV-1,,3,12.000,12.006,5.6,1,0,delivered
48,telemetry,UAV-3,,3,12.000,12.006,5.6,1,0,delivered
50,telemetry,UAV-2,,3,12.400,12.406,5.6,1,0,delivered
51,telemetry,UAV-1,,3,12.500,12.506,5.6,1,0,delivered
52,telemetry,UAV-3,,3,12.500,12.506,5.6,1,0,delivered
49,telemetry,UAV-4,,3,12.200,12.506,305.6,1,0,delivered
53,telemetry,UAV-4,,3,12.700,12.706,5.6,1,0,delivered
54,telemetry,UAV-2,,3,12.900,12.906,5.6,1,0,delivered
55,telemetry,UAV-1,,3,13.000,13.006,5.6,1,0,delivered
56,telemetry,UAV-3,,3,13.000,13.006,5.6,1,0,delivered
57,telemetry,UAV-4,,3,13.200,13.206,5.6,1,0,delivered
58,telemetry,UAV-2,,3,13.400,13.406,5.6,1,0,delivered
59,telemetry,UAV-1,,3,13.500,13.506,5.6,1,0,delivered
60,telemetry,UAV-3,,3,13.500,13.506,5.6,1,0,delivered
61,telemetry,UAV-4,,3,13.700,13.706,5.6,1,0,delivered
62,telemetry,UAV-2,,3,13.900,13.906,5.6,1,0,delivered
63,telemetry,UAV-1,,3,14.000,14.006,5.6,1,0,delivered
64,telemetry,UAV-3,,3,14.000,14.006,5.6,1,0,delivered
65,telemetry,UAV-4,,3,14.200,14.206,5.6,1,0,delivered
66,telemetry,UAV-2,,3,14.400,14.406,5.6,1,0,delivered
67,telemetry,UAV-1,,3,14.500,14.506,5.6,1,0,delivered
68,telemetry,UAV-3,,3,14.500,14.506,5.6,1,0,delivered
69,telemetry,UAV-4,,3,14.700,14.706,5.6,1,0,delivered
70,telemetry,UAV-2,,3,14.900,14.906,5.6,1,0,delivered
71,telemetry,UAV-1,,3,15.000,15.006,5.6,1,0,delivered
72,telemetry,UAV-3,,3,15.000,15.006,5.6,1,0,delivered
73,telemetry,UAV-4,,3,15.200,15.206,5.6,1,0,delivered
74,telemetry,UAV-2,,3,15.400,15.406,5.6,1,0,delivered
75,telemetry,UAV-1,,3,15.500,15.506,5.6,1,0,delivered
76,telemetry,UAV-3,,3,15.500,15.506,5.6,1,0,delivered
77,telemetry,UAV-4,,3,15.700,15.706,5.6,1,0,delivered
78,telemetry,UAV-2,,3,15.900,15.906,5.6,1,0,delivered
79,telemetry,UAV-1,,3,16.000,16.006,5.6,1,0,delivered
80,telemetry,UAV-3,,3,16.000,16.006,5.6,1,0,delivered
81,telemetry,UAV-4,,3,16.200,16.206,5.6,1,0,delivered
82,telemetry,UAV-2,,3,16.400,16.406,5.6,1,0,delivered
83,telemetry,UAV-1,,3,16.500,16.506,5.6,1,0,delivered
84,telemetry,UAV-3,,3,16.500,16.506,5.6,1,0,delivered
85,telemetry,UAV-4,,3,16.700,16.706,5.6,1,0,delivered
86,telemetry,UAV-5,,3,16.700,16.706,5.6,1,0,delivered
87,telemetry,UAV-2,,3,16.900,16.906,5.6,1,0,delivered
88,telemetry,UAV-1,,3,17.000,17.006,5.6,1,0,delivered
89,telemetry,UAV-3,,3,17.000,17.006,5.6,1,0,delivered
90,telemetry,UAV-4,,3,17.200,17.206,5.6,1,0,delivered
91,telemetry,UAV-5,,3,17.200,17.206,5.6,1,0,delivered
92,telemetry,UAV-2,,3,17.400,17.406,5.6,1,0,delivered
93,telemetry,UAV-1,,3,17.500,17.506,5.6,1,0,delivered
94,telemetry,UAV-3,,3,17.500,17.506,5.6,1,0,delivered
95,telemetry,UAV-4,,3,17.700,17.706,5.6,1,0,delivered
96,telemetry,UAV-5,,3,17.700,17.706,5.6,1,0,delivered
97,telemetry,UAV-2,,3,17.900,17.906,5.6,1,0,delivered
98,telemetry,UAV-1,,3,18.000,18.006,5.6,1,0,delivered
99,telemetry,UAV-3,,3,18.000,18.006,5.6,1,0,delivered
100,telemetry,UAV-4,,3,18.200,18.206,5.6,1,0,delivered
101,telemetry,UAV-5,,3,18.200,18.206,5.6,1,0,delivered
102,telemetry,UAV-2,,3,18.400,18.406,5.6,1,0,delivered
103,telemetry,UAV-1,,3,18.500,18.506,5.6,1,0,delivered
104,telemetry,UAV-3,,3,18.500,18.506,5.6,1,0,delivered
105,telemetry,UAV-4,,3,18.700,18.706,5.6,1,0,delivered
106,telemetry,UAV-5,,3,18.700,18.706,5.6,1,0,delivered
107,telemetry,UAV-2,,3,18.900,18.906,5.6,1,0,delivered
108,telemetry,UAV-1,,3,19.000,19.006,5.6,1,0,delivered
109,telemetry,UAV-3,,3,19.000,19.006,5.6,1,0,delivered
110,telemetry,UAV-4,,3,19.200,19.206,5.6,1,0,delivered
111,telemetry,UAV-5,,3,19.200,19.206,5.6,1,0,delivered
112,telemetry,UAV-2,,3,19.400,19.406,5.6,1,0,delivered
113,telemetry,UAV-1,,3,19.500,19.506,5.6,1,0,delivered
114,telemetry,UAV-3,,3,19.500,19.506,5.6,1,0,delivered
115,telemetry,UAV-4,,3,19.700,19.706,5.6,1,0,delivered
116,telemetry,UAV-5,,3,19.700,19.706,5.6,1,0,delivered
117,telemetry,UAV-2,,3,19.900,19.906,5.6,1,0,delivered
118,telemetry,UAV-1,,3,20.000,20.006,5.6,1,0,delivered
119,telemetry,UAV-3,,3,20.000,20.006,5.6,1,0,delivered
120,telemetry,UAV-4,,3,20.200,20.206,5.6,1,0,delivered
121,telemetry,UAV-5,,3,20.200,20.206,5.6,1,0,delivered
122,telemetry,UAV-2,,3,20.400,20.406,5.6,1,0,delivered
123,telemetry,UAV-1,,3,20.500,20.506,5.6,1,0,delivered
124,telemetry,UAV-3,,3,20.500,20.506,5.6,1,0,delivered
125,telemetry,UAV-6,,3,20.500,20.506,5.6,1,0,delivered
126,telemetry,UAV-4,,3,20.700,20.706,5.6,1,0,delivered
127,telemetry,UAV-5,,3,20.700,20.706,5.6,1,0,delivered
128,telemetry,UAV-2,,3,20.900,20.906,5.6,1,0,delivered
129,telemetry,UAV-1,,3,21.000,21.006,5.6,1,0,delivered
130,telemetry,UAV-3,,3,21.000,21.006,5.6,1,0,delivered
131,telemetry,UAV-6,,3,21.000,21.006,5.6,1,0,delivered
132,telemetry,UAV-4,,3,21.200,21.206,5.6,1,0,delivered
133,telemetry,UAV-5,,3,21.200,21.206,5.6,1,0,delivered
134,telemetry,UAV-2,,3,21.400,21.406,5.6,1,0,delivered
135,telemetry,UAV-1,,3,21.500,21.506,5.6,1,0,delivered
136,telemetry,UAV-3,,3,21.500,21.506,5.6,1,0,delivered
137,telemetry,UAV-6,,3,21.500,21.506,5.6,1,0,delivered
138,telemetry,UAV-4,,3,21.700,21.706,5.6,1,0,delivered
139,telemetry,UAV-5,,3,21.700,21.706,5.6,1,0,delivered
140,telemetry,UAV-2,,3,21.900,21.906,5.6,1,0,delivered
141,telemetry,UAV-1,,3,22.000,22.006,5.6,1,0,delivered
142,telemetry,UAV-3,,3,22.000,22.006,5.6,1,0,delivered
143,telemetry,UAV-6,,3,22.000,22.006,5.6,1,0,delivered
144,telemetry,UAV-4,,3,22.200,22.206,5.6,1,0,delivered
145,telemetry,UAV-5,,3,22.200,22.206,5.6,1,0,delivered
146,telemetry,UAV-2,,3,22.400,22.406,5.6,1,0,delivered
147,telemetry,UAV-1,,3,22.500,22.506,5.6,1,0,delivered
148,telemetry,UAV-3,,3,22.500,22.506,5.6,1,0,delivered
149,telemetry,UAV-6,,3,22.500,22.506,5.6,1,0,delivered
150,telemetry,UAV-4,,3,22.700,22.706,5.6,1,0,delivered
151,telemetry,UAV-5,,3,22.700,22.706,5.6,1,0,delivered
152,telemetry,UAV-2,,3,22.900,22.906,5.6,1,0,delivered
153,telemetry,UAV-1,,3,23.000,23.006,5.6,1,0,delivered
154,telemetry,UAV-3,,3,23.000,23.006,5.6,1,0,delivered
155,telemetry,UAV-6,,3,23.000,23.006,5.6,1,0,delivered
156,telemetry,UAV-4,,3,23.200,23.206,5.6,1,0,delivered
157,telemetry,UAV-5,,3,23.200,23.206,5.6,1,0,delivered
158,telemetry,UAV-2,,3,23.400,23.406,5.6,1,0,delivered
159,telemetry,UAV-1,,3,23.500,23.506,5.6,1,0,delivered
160,telemetry,UAV-3,,3,23.500,23.506,5.6,1,0,delivered
161,telemetry,UAV-6,,3,23.500,23.506,5.6,1,0,delivered
162,telemetry,UAV-4,,3,23.700,23.706,5.6,1,0,delivered
163,telemetry,UAV-5,,3,23.700,23.706,5.6,1,0,delivered
164,telemetry,UAV-2,,3,23.900,23.906,5.6,1,0,delivered
165,telemetry,UAV-1,,3,24.000,24.006,5.6,1,0,delivered
166,telemetry,UAV-3,,3,24.000,24.006,5.6,1,0,delivered
167,telemetry,UAV-6,,3,24.000,24.006,5.6,1,0,delivered
168,telemetry,UAV-4,,3,24.200,24.206,5.6,1,0,delivered
169,telemetry,UAV-5,,3,24.200,24.206,5.6,1,0,delivered
170,telemetry,UAV-2,,3,24.400,24.406,5.6,1,0,delivered
171,telemetry,UAV-1,,3,24.500,24.506,5.6,1,0,delivered
172,telemetry,UAV-3,,3,24.500,24.506,5.6,1,0,delivered
173,telemetry,UAV-6,,3,24.500,24.506,5.6,1,0,delivered
174,telemetry,UAV-4,,3,24.700,24.706,5.6,1,0,delivered
175,telemetry,UAV-5,,3,24.700,24.706,5.6,1,0,delivered
176,telemetry,UAV-2,,3,24.900,24.906,5.6,1,0,delivered
177,telemetry,UAV-1,,3,25.000,25.006,5.6,1,0,delivered
178,telemetry,UAV-3,,3,25.000,25.006,5.6,1,0,delivered
179,telemetry,UAV-6,,3,25.000,25.006,5.6,1,0,delivered
180,telemetry,UAV-4,,3,25.200,25.206,5.6,1,0,delivered
181,telemetry,UAV-5,,3,25.200,25.206,5.6,1,0,delivered
182,telemetry,UAV-2,,3,25.400,25.406,5.6,1,0,delivered
183,telemetry,UAV-1,,3,25.500,25.506,5.6,1,0,delivered
184,telemetry,UAV-3,,3,25.500,25.506,5.6,1,0,delivered
185,telemetry,UAV-6,,3,25.500,25.506,5.6,1,0,delivered
186,telemetry,UAV-4,,3,25.700,25.706,5.6,1,0,delivered
187,telemetry,UAV-5,,3,25.700,25.706,5.6,1,0,delivered
188,telemetry,UAV-2,,3,25.900,25.906,5.6,1,0,delivered
189,telemetry,UAV-1,,3,26.000,26.006,5.6,1,0,delivered
190,telemetry,UAV-3,,3,26.000,26.006,5.6,1,0,delivered
191,telemetry,UAV-6,,3,26.000,26.006,5.6,1,0,delivered
192,telemetry,UAV-4,,3,26.200,26.206,5.6,1,0,delivered
193,telemetry,UAV-5,,3,26.200,26.206,5.6,1,0,delivered
194,telemetry,UAV-2,,3,26.400,26.406,5.6,1,0,delivered
195,telemetry,UAV-1,,3,26.500,26.506,5.6,1,0,delivered
196,telemetry,UAV-3,,3,26.500,26.506,5.6,1,0,delivered
197,telemetry,UAV-6,,3,26.500,26.506,5.6,1,0,delivered
198,telemetry,UAV-4,,3,26.700,26.706,5.6,1,0,delivered
199,telemetry,UAV-5,,3,26.700,26.706,5.6,1,0,delivered
200,telemetry,UAV-2,,3,26.900,26.906,5.6,1,0,delivered
201,telemetry,UAV-1,,3,27.000,27.006,5.6,1,0,delivered
202,telemetry,UAV-3,,3,27.000,27.006,5.6,1,0,delivered
203,telemetry,UAV-6,,3,27.000,27.006,5.6,1,0,delivered
204,telemetry,UAV-4,,3,27.200,27.206,5.6,1,0,delivered
205,telemetry,UAV-5,,3,27.200,27.206,5.6,1,0,delivered
206,telemetry,UAV-2,,3,27.400,27.406,5.6,1,0,delivered
207,telemetry,UAV-1,,3,27.500,27.506,5.6,1,0,delivered
208,telemetry,UAV-3,,3,27.500,27.506,5.6,1,0,delivered
209,telemetry,UAV-6,,3,27.500,27.506,5.6,1,0,delivered
210,telemetry,UAV-4,,3,27.700,27.706,5.6,1,0,delivered
211,telemetry,UAV-5,,3,27.700,27.706,5.6,1,0,delivered
212,telemetry,UAV-2,,3,27.900,27.906,5.6,1,0,delivered
213,telemetry,UAV-1,,3,28.000,28.006,5.6,1,0,delivered
214,telemetry,UAV-3,,3,28.000,28.006,5.6,1,0,delivered
215,telemetry,UAV-6,,3,28.000,28.006,5.6,1,0,delivered
216,telemetry,UAV-4,,3,28.200,28.206,5.6,1,0,delivered
217,telemetry,UAV-5,,3,28.200,28.206,5.6,1,0,delivered
218,telemetry,UAV-2,,3,28.400,28.406,5.6,1,0,delivered
219,telemetry,UAV-1,,3,28.500,28.506,5.6,1,0,delivered
220,telemetry,UAV-3,,3,28.500,28.506,5.6,1,0,delivered
221,telemetry,UAV-6,,3,28.500,28.506,5.6,1,0,delivered
222,telemetry,UAV-4,,3,28.700,28.706,5.6,1,0,delivered
223,telemetry,UAV-5,,3,28.700,28.706,5.6,1,0,delivered
224,telemetry,UAV-2,,3,28.900,28.906,5.6,1,0,delivered
225,telemetry,UAV-1,,3,29.000,29.006,5.6,1,0,delivered
226,telemetry,UAV-3,,3,29.000,29.006,5.6,1,0,delivered
227,telemetry,UAV-6,,3,29.000,29.006,5.6,1,0,delivered
228,telemetry,UAV-4,,3,29.200,29.206,5.6,1,0,delivered
229,telemetry,UAV-5,,3,29.200,29.206,5.6,1,0,delivered
230,telemetry,UAV-2,,3,29.400,29.406,5.6,1,0,delivered
231,telemetry,UAV-1,,3,29.500,29.506,5.6,1,0,delivered
232,telemetry,UAV-3,,3,29.500,29.506,5.6,1,0,delivered
233,telemetry,UAV-6,,3,29.500,29.506,5.6,1,0,delivered
234,telemetry,UAV-4,,3,29.700,29.706,5.6,1,0,delivered
235,telemetry,UAV-5,,3,29.700,29.706,5.6,1,0,delivered
236,telemetry,UAV-2,,3,29.900,29.906,5.6,1,0,delivered
237,telemetry,UAV-1,,3,30.000,30.006,5.6,1,0,delivered
238,telemetry,UAV-3,,3,30.000,30.006,5.6,1,0,delivered
239,telemetry,UAV-6,,3,30.000,30.006,5.6,1,0,delivered
240,telemetry,UAV-4,,3,30.200,30.206,5.6,1,0,delivered
241,telemetry,UAV-5,,3,30.200,30.206,5.6,1,0,delivered
242,telemetry,UAV-2,,3,30.400,30.406,5.6,1,0,delivered
243,telemetry,UAV-1,,3,30.500,30.506,5.6,1,0,delivered
244,telemetry,UAV-3,,3,30.500,30.506,5.6,1,0,delivered
245,telemetry,UAV-6,,3,30.500,30.506,5.6,1,0,delivered
246,telemetry,UAV-4,,3,30.700,30.706,5.6,1,0,delivered
247,telemetry,UAV-5,,3,30.700,30.706,5.6,1,0,delivered
248,telemetry,UAV-2,,3,30.900,30.906,5.6,1,0,delivered
249,telemetry,UAV-1,,3,31.000,31.006,5.6,1,0,delivered
250,telemetry,UAV-3,,3,31.000,31.006,5.6,1,0,delivered
251,telemetry,UAV-6,,3,31.000,31.006,5.6,1,0,delivered
252,telemetry,UAV-4,,3,31.200,31.206,5.6,1,0,delivered
253,telemetry,UAV-5,,3,31.200,31.206,5.6,1,0,delivered
254,telemetry,UAV-2,,3,31.400,31.406,5.6,1,0,delivered
255,telemetry,UAV-1,,3,31.500,31.506,5.6,1,0,delivered
256,telemetry,UAV-3,,3,31.500,31.506,5.6,1,0,delivered
257,telemetry,UAV-6,,3,31.500,31.506,5.6,1,0,delivered
258,telemetry,UAV-4,,3,31.700,31.706,5.6,1,0,delivered
259,telemetry,UAV-5,,3,31.700,31.706,5.6,1,0,delivered
260,telemetry,UAV-2,,3,31.900,31.906,5.6,1,0,delivered
261,telemetry,UAV-1,,3,32.000,32.006,5.6,1,0,delivered
262,telemetry,UAV-3,,3,32.000,32.006,5.6,1,0,delivered
263,telemetry,UAV-6,,3,32.000,32.006,5.6,1,0,delivered
264,telemetry,UAV-4,,3,32.200,32.206,5.6,1,0,delivered
265,telemetry,UAV-5,,3,32.200,32.206,5.6,1,0,delivered
266,telemetry,UAV-2,,3,32.400,32.406,5.6,1,0,delivered
267,telemetry,UAV-1,,3,32.500,32.506,5.6,1,0,delivered
268,telemetry,UAV-3,,3,32.500,32.506,5.6,1,0,delivered
269,telemetry,UAV-6,,3,32.500,32.506,5.6,1,0,delivered
270,telemetry,UAV-4,,3,32.700,32.706,5.6,1,0,delivered
271,telemetry,UAV-5,,3,32.700,32.706,5.6,1,0,delivered
272,telemetry,UAV-2,,3,32.900,32.906,5.6,1,0,delivered
273,telemetry,UAV-1,,3,33.000,33.006,5.6,1,0,delivered
274,telemetry,UAV-3,,3,33.000,33.006,5.6,1,0,delivered
275,telemetry,UAV-6,,3,33.000,33.006,5.6,1,0,delivered
276,telemetry,UAV-4,,3,33.200,33.206,5.6,1,0,delivered
277,telemetry,UAV-5,,3,33.200,33.206,5.6,1,0,delivered
278,telemetry,UAV-2,,3,33.400,33.406,5.6,1,0,delivered
279,telemetry,UAV-1,,3,33.500,33.506,5.6,1,0,delivered
280,telemetry,UAV-3,,3,33.500,33.506,5.6,1,0,delivered
281,telemetry,UAV-6,,3,33.500,33.506,5.6,1,0,delivered
282,telemetry,UAV-4,,3,33.700,33.706,5.6,1,0,delivered
283,telemetry,UAV-5,,3,33.700,33.706,5.6,1,0,delivered
284,telemetry,UAV-2,,3,33.900,33.906,5.6,1,0,delivered
285,telemetry,UAV-1,,3,34.000,34.006,5.6,1,0,delivered
286,telemetry,UAV-3,,3,34.000,34.006,5.6,1,0,delivered
287,telemetry,UAV-6,,3,34.000,34.006,5.6,1,0,delivered
288,telemetry,UAV-4,,3,34.200,34.206,5.6,1,0,delivered
289,telemetry,UAV-5,,3,34.200,34.206,5.6,1,0,delivered
290,telemetry,UAV-2,,3,34.400,34.406,5.6,1,0,delivered
291,telemetry,UAV-1,,3,34.500,34.506,5.6,1,0,delivered
292,telemetry,UAV-3,,3,34.500,34.506,5.6,1,0,delivered
293,telemetry,UAV-6,,3,34.500,34.506,5.6,1,0,delivered
294,telemetry,UAV-4,,3,34.700,34.706,5.6,1,0,delivered
295,telemetry,UAV-5,,3,34.700,34.706,5.6,1,0,delivered
296,telemetry,UAV-2,,3,34.900,34.906,5.6,1,0,delivered
297,telemetry,UAV-1,,3,35.000,35.006,5.6,1,0,delivered
298,telemetry,UAV-3,,3,35.000,35.006,5.6,1,0,delivered
299,telemetry,UAV-6,,3,35.000,35.006,5.6,1,0,delivered
300,telemetry,UAV-4,,3,35.200,35.206,5.6,1,0,delivered
301,telemetry,UAV-5,,3,35.200,35.206,5.6,1,0,delivered
302,telemetry,UAV-2,,3,35.400,35.406,5.6,1,0,delivered
303,telemetry,UAV-1,,3,35.500,35.506,5.6,1,0,delivered
304,telemetry,UAV-3,,3,35.500,35.506,5.6,1,0,delivered
305,telemetry,UAV-6,,3,35.500,35.506,5.6,1,0,delivered
306,telemetry,UAV-4,,3,35.700,35.706,5.6,1,0,delivered
307,telemetry,UAV-5,,3,35.700,35.706,5.6,1,0,delivered
308,telemetry,UAV-2,,3,35.900,35.906,5.6,1,0,delivered
309,telemetry,UAV-1,,3,36.000,36.006,5.6,1,0,delivered
310,telemetry,UAV-3,,3,36.000,36.006,5.6,1,0,delivered
311,telemetry,UAV-6,,3,36.000,36.006,5.6,1,0,delivered
312,telemetry,UAV-4,,3,36.200,36.206,5.6,1,0,delivered
313,telemetry,UAV-5,,3,36.200,36.206,5.6,1,0,delivered
314,telemetry,UAV-2,,3,36.400,36.406,5.6,1,0,delivered
315,telemetry,UAV-1,,3,36.500,36.506,5.6,1,0,delivered
316,telemetry,UAV-3,,3,36.500,36.506,5.6,1,0,delivered
317,telemetry,UAV-6,,3,36.500,36.506,5.6,1,0,delivered
318,telemetry,UAV-4,,3,36.700,36.706,5.6,1,0,delivered
319,telemetry,UAV-5,,3,36.700,36.706,5.6,1,0,delivered
320,telemetry,UAV-2,,3,36.900,36.906,5.6,1,0,delivered
321,telemetry,UAV-1,,3,37.000,37.006,5.6,1,0,delivered
322,telemetry,UAV-3,,3,37.000,37.006,5.6,1,0,delivered
323,telemetry,UAV-6,,3,37.000,37.006,5.6,1,0,delivered
324,telemetry,UAV-4,,3,37.200,37.206,5.6,1,0,delivered
325,telemetry,UAV-5,,3,37.200,37.206,5.6,1,0,delivered
326,telemetry,UAV-2,,3,37.400,37.406,5.6,1,0,delivered
327,telemetry,UAV-1,,3,37.500,37.506,5.6,1,0,delivered
328,telemetry,UAV-3,,3,37.500,37.506,5.6,1,0,delivered
329,telemetry,UAV-6,,3,37.500,37.506,5.6,1,0,delivered
330,telemetry,UAV-4,,3,37.700,37.706,5.6,1,0,delivered
331,telemetry,UAV-5,,3,37.700,37.706,5.6,1,0,delivered
332,telemetry,UAV-2,,3,37.900,37.906,5.6,1,0,delivered
333,telemetry,UAV-1,,3,38.000,38.006,5.6,1,0,delivered
334,telemetry,UAV-3,,3,38.000,38.006,5.6,1,0,delivered
335,telemetry,UAV-6,,3,38.000,38.006,5.6,1,0,delivered
336,telemetry,UAV-4,,3,38.200,38.206,5.6,1,0,delivered
337,telemetry,UAV-5,,3,38.200,38.206,5.6,1,0,delivered
338,telemetry,UAV-2,,3,38.400,38.406,5.6,1,0,delivered
339,telemetry,UAV-1,,3,38.500,38.506,5.6,1,0,delivered
340,telemetry,UAV-3,,3,38.500,38.506,5.6,1,0,delivered
341,telemetry,UAV-6,,3,38.500,38.506,5.6,1,0,delivered
342,telemetry,UAV-4,,3,38.700,38.706,5.6,1,0,delivered
343,telemetry,UAV-5,,3,38.700,38.706,5.6,1,0,delivered
344,telemetry,UAV-2,,3,38.900,38.906,5.6,1,0,delivered
345,telemetry,UAV-1,,3,39.000,39.006,5.6,1,0,delivered
346,telemetry,UAV-3,,3,39.000,39.006,5.6,1,0,delivered
347,telemetry,UAV-6,,3,39.000,39.006,5.6,1,0,delivered
348,telemetry,UAV-4,,3,39.200,39.206,5.6,1,0,delivered
349,telemetry,UAV-5,,3,39.200,39.206,5.6,1,0,delivered
350,telemetry,UAV-2,,3,39.400,39.406,5.6,1,0,delivered
351,telemetry,UAV-1,,3,39.500,39.506,5.6,1,0,delivered
352,telemetry,UAV-3,,3,39.500,39.506,5.6,1,0,delivered
353,telemetry,UAV-6,,3,39.500,39.506,5.6,1,0,delivered
354,telemetry,UAV-4,,3,39.700,39.706,5.6,1,0,delivered
355,telemetry,UAV-5,,3,39.700,39.706,5.6,1,0,delivered
356,telemetry,UAV-2,,3,39.900,39.906,5.6,1,0,delivered
357,telemetry,UAV-1,,3,40.000,40.006,5.6,1,0,delivered
358,telemetry,UAV-3,,3,40.000,40.006,5.6,1,0,delivered
359,telemetry,UAV-6,,3,40.000,40.006,5.6,1,0,delivered
360,telemetry,UAV-4,,3,40.200,40.206,5.6,1,0,delivered
361,telemetry,UAV-5,,3,40.200,40.206,5.6,1,0,delivered
362,telemetry,UAV-2,,3,40.400,40.406,5.6,1,0,delivered
363,telemetry,UAV-1,,3,40.500,40.506,5.6,1,0,delivered
364,telemetry,UAV-3,,3,40.500,40.506,5.6,1,0,delivered
365,telemetry,UAV-6,,3,40.500,40.506,5.6,1,0,delivered
366,telemetry,UAV-4,,3,40.700,40.706,5.6,1,0,delivered
367,telemetry,UAV-5,,3,40.700,40.706,5.6,1,0,delivered
368,telemetry,UAV-2,,3,40.900,40.906,5.6,1,0,delivered
369,telemetry,UAV-1,,3,41.000,41.006,5.6,1,0,delivered
370,telemetry,UAV-3,,3,41.000,41.006,5.6,1,0,delivered
371,telemetry,UAV-6,,3,41.000,41.006,5.6,1,0,delivered
372,telemetry,UAV-4,,3,41.200,41.206,5.6,1,0,delivered
373,telemetry,UAV-5,,3,41.200,41.206,5.6,1,0,delivered
374,telemetry,UAV-2,,3,41.400,41.406,5.6,1,0,delivered
375,telemetry,UAV-1,,3,41.500,41.506,5.6,1,0,delivered
376,telemetry,UAV-3,,3,41.500,41.506,5.6,1,0,delivered
377,telemetry,UAV-6,,3,41.500,41.506,5.6,1,0,delivered
378,telemetry,UAV-4,,3,41.700,41.706,5.6,1,0,delivered
379,telemetry,UAV-5,,3,41.700,41.706,5.6,1,0,delivered
380,telemetry,UAV-2,,3,41.900,41.906,5.6,1,0,delivered
381,telemetry,UAV-1,,3,42.000,42.006,5.6,1,0,delivered
382,telemetry,UAV-3,,3,42.000,42.006,5.6,1,0,delivered
383,telemetry,UAV-6,,3,42.000,42.006,5.6,1,0,delivered
384,telemetry,UAV-4,,3,42.200,42.206,5.6,1,0,delivered
385,telemetry,UAV-5,,3,42.200,42.206,5.6,1,0,delivered
386,telemetry,UAV-2,,3,42.400,42.406,5.6,1,0,delivered
387,telemetry,UAV-1,,3,42.500,42.506,5.6,1,0,delivered
388,telemetry,UAV-3,,3,42.500,42.506,5.6,1,0,delivered
389,telemetry,UAV-6,,3,42.500,42.506,5.6,1,0,delivered
390,telemetry,UAV-4,,3,42.700,42.706,5.6,1,0,delivered
391,telemetry,UAV-5,,3,42.700,42.706,5.6,1,0,delivered
392,telemetry,UAV-2,,3,42.900,42.906,5.6,1,0,delivered
393,telemetry,UAV-1,,3,43.000,43.006,5.6,1,0,delivered
394,telemetry,UAV-3,,3,43.000,43.006,5.6,1,0,delivered
395,telemetry,UAV-6,,3,43.000,43.006,5.6,1,0,delivered
396,telemetry,UAV-4,,3,43.200,43.206,5.6,1,0,delivered
397,telemetry,UAV-5,,3,43.200,43.206,5.6,1,0,delivered
398,telemetry,UAV-2,,3,43.400,43.406,5.6,1,0,delivered
399,telemetry,UAV-1,,3,43.500,43.506,5.6,1,0,delivered
400,telemetry,UAV-3,,3,43.500,43.506,5.6,1,0,delivered
401,telemetry,UAV-6,,3,43.500,43.506,5.6,1,0,delivered
402,telemetry,UAV-4,,3,43.700,43.706,5.6,1,0,delivered
403,telemetry,UAV-5,,3,43.700,43.706,5.6,1,0,delivered
404,telemetry,UAV-2,,3,43.900,43.906,5.6,1,0,delivered
405,telemetry,UAV-1,,3,44.000,44.006,5.6,1,0,delivered
406,telemetry,UAV-3,,3,44.000,44.006,5.6,1,0,delivered
407,telemetry,UAV-6,,3,44.000,44.006,5.6,1,0,delivered
408,telemetry,UAV-4,,3,44.200,44.206,5.6,1,0,delivered
409,telemetry,UAV-5,,3,44.200,44.206,5.6,1,0,delivered
410,telemetry,UAV-2,,3,44.400,44.406,5.6,1,0,delivered
411,telemetry,UAV-1,,3,44.500,44.506,5.6,1,0,delivered
412,telemetry,UAV-3,,3,44.500,44.506,5.6,1,0,delivered
413,telemetry,UAV-6,,3,44.500,44.506,5.6,1,0,delivered
414,telemetry,UAV-4,,3,44.700,44.706,5.6,1,0,delivered
415,telemetry,UAV-5,,3,44.700,44.706,5.6,1,0,delivered
416,telemetry,UAV-2,,3,44.900,44.906,5.6,1,0,delivered
417,telemetry,UAV-1,,3,45.000,45.006,5.6,1,0,delivered
418,telemetry,UAV-3,,3,45.000,45.006,5.6,1,0,delivered
419,telemetry,UAV-6,,3,45.000,45.006,5.6,1,0,delivered
420,telemetry,UAV-4,,3,45.200,45.206,5.6,1,0,delivered
421,telemetry,UAV-5,,3,45.200,45.206,5.6,1,0,delivered
422,telemetry,UAV-2,,3,45.400,45.406,5.6,1,0,delivered
423,telemetry,UAV-1,,3,45.500,45.506,5.6,1,0,delivered
424,telemetry,UAV-3,,3,45.500,45.506,5.6,1,0,delivered
425,telemetry,UAV-6,,3,45.500,45.506,5.6,1,0,delivered
426,telemetry,UAV-4,,3,45.700,45.706,5.6,1,0,delivered
427,telemetry,UAV-5,,3,45.700,45.706,5.6,1,0,delivered
428,telemetry,UAV-2,,3,45.900,45.906,5.6,1,0,delivered
429,telemetry,UAV-1,,3,46.000,46.006,5.6,1,0,delivered
430,telemetry,UAV-3,,3,46.000,46.006,5.6,1,0,delivered
431,telemetry,UAV-6,,3,46.000,46.006,5.6,1,0,delivered
432,telemetry,UAV-4,,3,46.200,46.206,5.6,1,0,delivered
433,telemetry,UAV-5,,3,46.200,46.206,5.6,1,0,delivered
434,telemetry,UAV-2,,3,46.400,46.406,5.6,1,0,delivered
435,telemetry,UAV-1,,3,46.500,46.506,5.6,1,0,delivered
436,telemetry,UAV-3,,3,46.500,46.506,5.6,1,0,delivered
437,telemetry,UAV-6,,3,46.500,46.506,5.6,1,0,delivered
438,telemetry,UAV-4,,3,46.700,46.706,5.6,1,0,delivered
439,telemetry,UAV-5,,3,46.700,46.706,5.6,1,0,delivered
440,telemetry,UAV-2,,3,46.900,46.906,5.6,1,0,delivered
441,telemetry,UAV-1,,3,47.000,47.006,5.6,1,0,delivered
442,telemetry,UAV-3,,3,47.000,47.006,5.6,1,0,delivered
443,telemetry,UAV-6,,3,47.000,47.006,5.6,1,0,delivered
444,telemetry,UAV-4,,3,47.200,47.206,5.6,1,0,delivered
445,telemetry,UAV-5,,3,47.200,47.206,5.6,1,0,delivered
446,telemetry,UAV-2,,3,47.400,47.406,5.6,1,0,delivered
447,telemetry,UAV-1,,3,47.500,47.506,5.6,1,0,delivered
448,telemetry,UAV-3,,3,47.500,47.506,5.6,1,0,delivered
449,telemetry,UAV-6,,3,47.500,47.506,5.6,1,0,delivered
450,telemetry,UAV-4,,3,47.700,47.706,5.6,1,0,delivered
451,telemetry,UAV-5,,3,47.700,47.706,5.6,1,0,delivered
452,telemetry,UAV-2,,3,47.900,47.906,5.6,1,0,delivered
453,telemetry,UAV-1,,3,48.000,48.006,5.6,1,0,delivered
454,telemetry,UAV-3,,3,48.000,48.006,5.6,1,0,delivered
455,telemetry,UAV-6,,3,48.000,48.006,5.6,1,0,delivered
456,telemetry,UAV-4,,3,48.200,48.206,5.6,1,0,delivered
457,telemetry,UAV-5,,3,48.200,48.206,5.6,1,0,delivered
458,telemetry,UAV-2,,3,48.400,48.406,5.6,1,0,delivered
459,telemetry,UAV-1,,3,48.500,48.506,5.6,1,0,delivered
460,telemetry,UAV-3,,3,48.500,48.506,5.6,1,0,delivered
461,telemetry,UAV-6,,3,48.500,48.506,5.6,1,0,delivered
462,telemetry,UAV-4,,3,48.700,48.706,5.6,1,0,delivered
463,telemetry,UAV-5,,3,48.700,48.706,5.6,1,0,delivered
464,telemetry,UAV-2,,3,48.900,48.906,5.6,1,0,delivered
465,telemetry,UAV-1,,3,49.000,49.006,5.6,1,0,delivered
466,telemetry,UAV-3,,3,49.000,49.006,5.6,1,0,delivered
467,telemetry,UAV-6,,3,49.000,49.006,5.6,1,0,delivered
468,telemetry,UAV-4,,3,49.200,49.206,5.6,1,0,delivered
469,telemetry,UAV-5,,3,49.200,49.206,5.6,1,0,delivered
470,telemetry,UAV-2,,3,49.400,49.406,5.6,1,0,delivered
471,telemetry,UAV-1,,3,49.500,49.506,5.6,1,0,delivered
472,telemetry,UAV-3,,3,49.500,49.506,5.6,1,0,delivered
473,telemetry,UAV-6,,3,49.500,49.506,5.6,1,0,delivered
474,telemetry,UAV-4,,3,49.700,49.706,5.6,1,0,delivered
475,telemetry,UAV-5,,3,49.700,49.706,5.6,1,0,delivered
476,telemetry,UAV-2,,3,49.900,49.906,5.6,1,0,delivered
477,telemetry,UAV-1,,3,50.000,50.006,5.6,1,0,delivered
478,telemetry,UAV-3,,3,50.000,50.006,5.6,1,0,delivered
479,telemetry,UAV-6,,3,50.000,50.006,5.6,1,0,delivered
480,telemetry,UAV-4,,3,50.200,50.206,5.6,1,0,delivered
481,telemetry,UAV-5,,3,50.200,50.206,5.6,1,0,delivered
482,telemetry,UAV-2,,3,50.400,50.406,5.6,1,0,delivered
483,telemetry,UAV-1,,3,50.500,50.506,5.6,1,0,delivered
484,telemetry,UAV-3,,3,50.500,50.506,5.6,1,0,delivered
485,telemetry,UAV-6,,3,50.500,50.506,5.6,1,0,delivered
486,telemetry,UAV-4,,3,50.700,50.706,5.6,1,0,delivered
487,telemetry,UAV-5,,3,50.700,50.706,5.6,1,0,delivered
488,telemetry,UAV-2,,3,50.900,50.906,5.6,1,0,delivered
489,telemetry,UAV-1,,3,51.000,51.006,5.6,1,0,delivered
490,telemetry,UAV-3,,3,51.000,51.006,5.6,1,0,delivered
491,telemetry,UAV-6,,3,51.000,51.006,5.6,1,0,delivered
492,telemetry,UAV-4,,3,51.200,51.206,5.6,1,0,delivered
493,telemetry,UAV-5,,3,51.200,51.206,5.6,1,0,delivered
494,telemetry,UAV-2,,3,51.400,51.406,5.6,1,0,delivered
495,telemetry,UAV-1,,3,51.500,51.506,5.6,1,0,delivered
496,telemetry,UAV-3,,3,51.500,51.506,5.6,1,0,delivered
497,telemetry,UAV-6,,3,51.500,51.506,5.6,1,0,delivered
498,telemetry,UAV-4,,3,51.700,51.706,5.6,1,0,delivered
499,telemetry,UAV-5,,3,51.700,51.706,5.6,1,0,delivered
500,telemetry,UAV-2,,3,51.900,51.906,5.6,1,0,delivered
501,telemetry,UAV-1,,3,52.000,52.006,5.6,1,0,delivered
502,telemetry,UAV-3,,3,52.000,52.006,5.6,1,0,delivered
503,telemetry,UAV-6,,3,52.000,52.006,5.6,1,0,delivered
504,telemetry,UAV-4,,3,52.200,52.206,5.6,1,0,delivered
505,telemetry,UAV-5,,3,52.200,52.206,5.6,1,0,delivered
506,telemetry,UAV-2,,3,52.400,52.406,5.6,1,0,delivered
507,telemetry,UAV-1,,3,52.500,52.506,5.6,1,0,delivered
508,telemetry,UAV-3,,3,52.500,52.506,5.6,1,0,delivered
509,telemetry,UAV-6,,3,52.500,52.506,5.6,1,0,delivered
510,telemetry,UAV-4,,3,52.700,52.706,5.6,1,0,delivered
511,telemetry,UAV-5,,3,52.700,52.706,5.6,1,0,delivered
512,telemetry,UAV-2,,3,52.900,52.906,5.6,1,0,delivered
513,telemetry,UAV-1,,3,53.000,53.006,5.6,1,0,delivered
514,telemetry,UAV-3,,3,53.000,53.006,5.6,1,0,delivered
515,telemetry,UAV-6,,3,53.000,53.006,5.6,1,0,delivered
516,telemetry,UAV-4,,3,53.200,53.206,5.6,1,0,delivered
517,telemetry,UAV-5,,3,53.200,53.206,5.6,1,0,delivered
518,telemetry,UAV-2,,3,53.400,53.406,5.6,1,0,delivered
519,telemetry,UAV-1,,3,53.500,53.506,5.6,1,0,delivered
520,telemetry,UAV-3,,3,53.500,53.506,5.6,1,0,delivered
521,telemetry,UAV-6,,3,53.500,53.506,5.6,1,0,delivered
522,telemetry,UAV-4,,3,53.700,53.706,5.6,1,0,delivered
523,telemetry,UAV-5,,3,53.700,53.706,5.6,1,0,delivered
524,telemetry,UAV-2,,3,53.900,53.906,5.6,1,0,delivered
525,telemetry,UAV-1,,3,54.000,54.006,5.6,1,0,delivered
526,telemetry,UAV-3,,3,54.000,54.006,5.6,1,0,delivered
527,telemetry,UAV-6,,3,54.000,54.006,5.6,1,0,delivered
528,telemetry,UAV-4,,3,54.200,54.206,5.6,1,0,delivered
529,telemetry,UAV-5,,3,54.200,54.206,5.6,1,0,delivered
530,telemetry,UAV-2,,3,54.400,54.406,5.6,1,0,delivered
531,telemetry,UAV-1,,3,54.500,54.506,5.6,1,0,delivered
532,telemetry,UAV-3,,3,54.500,54.506,5.6,1,0,delivered
533,telemetry,UAV-6,,3,54.500,54.506,5.6,1,0,delivered
534,telemetry,UAV-4,,3,54.700,54.706,5.6,1,0,delivered
535,telemetry,UAV-5,,3,54.700,54.706,5.6,1,0,delivered
536,telemetry,UAV-2,,3,54.900,54.906,5.6,1,0,delivered
537,telemetry,UAV-1,,3,55.000,55.006,5.6,1,0,delivered
538,telemetry,UAV-3,,3,55.000,55.006,5.6,1,0,delivered
539,telemetry,UAV-6,,3,55.000,55.006,5.6,1,0,delivered
540,telemetry,UAV-4,,3,55.200,55.206,5.6,1,0,delivered
541,telemetry,UAV-5,,3,55.200,55.206,5.6,1,0,delivered
542,telemetry,UAV-2,,3,55.400,55.406,5.6,1,0,delivered
543,telemetry,UAV-1,,3,55.500,55.506,5.6,1,0,delivered
544,telemetry,UAV-3,,3,55.500,55.506,5.6,1,0,delivered
545,telemetry,UAV-6,,3,55.500,55.506,5.6,1,0,delivered
546,telemetry,UAV-4,,3,55.700,55.706,5.6,1,0,delivered
547,telemetry,UAV-5,,3,55.700,55.706,5.6,1,0,delivered
548,telemetry,UAV-2,,3,55.900,55.906,5.6,1,0,delivered
549,telemetry,UAV-1,,3,56.000,56.006,5.6,1,0,delivered
550,telemetry,UAV-3,,3,56.000,56.006,5.6,1,0,delivered
551,telemetry,UAV-6,,3,56.000,56.006,5.6,1,0,delivered
552,telemetry,UAV-4,,3,56.200,56.206,5.6,1,0,delivered
553,telemetry,UAV-5,,3,56.200,56.206,5.6,1,0,delivered
554,telemetry,UAV-2,,3,56.400,56.406,5.6,1,0,delivered
555,telemetry,UAV-1,,3,56.500,56.506,5.6,1,0,delivered
556,telemetry,UAV-3,,3,56.500,56.506,5.6,1,0,delivered
557,telemetry,UAV-6,,3,56.500,56.506,5.6,1,0,delivered
558,telemetry,UAV-4,,3,56.700,56.706,5.6,1,0,delivered
559,telemetry,UAV-5,,3,56.700,56.706,5.6,1,0,delivered
560,telemetry,UAV-2,,3,56.900,56.906,5.6,1,0,delivered
561,telemetry,UAV-1,,3,57.000,57.006,5.6,1,0,delivered
562,telemetry,UAV-3,,3,57.000,57.006,5.6,1,0,delivered
563,telemetry,UAV-6,,3,57.000,57.006,5.6,1,0,delivered
564,telemetry,UAV-4,,3,57.200,57.206,5.6,1,0,delivered
565,telemetry,UAV-5,,3,57.200,57.206,5.6,1,0,delivered
566,telemetry,UAV-2,,3,57.400,57.406,5.6,1,0,delivered
567,telemetry,UAV-1,,3,57.500,57.506,5.6,1,0,delivered
568,telemetry,UAV-3,,3,57.500,57.506,5.6,1,0,delivered
569,telemetry,UAV-6,,3,57.500,57.506,5.6,1,0,delivered
570,telemetry,UAV-4,,3,57.700,57.706,5.6,1,0,delivered
571,telemetry,UAV-5,,3,57.700,57.706,5.6,1,0,delivered
572,telemetry,UAV-2,,3,57.900,57.906,5.6,1,0,delivered
573,telemetry,UAV-1,,3,58.000,58.006,5.6,1,0,delivered
574,telemetry,UAV-3,,3,58.000,58.006,5.6,1,0,delivered
575,telemetry,UAV-6,,3,58.000,58.006,5.6,1,0,delivered
576,telemetry,UAV-4,,3,58.200,58.206,5.6,1,0,delivered
577,telemetry,UAV-5,,3,58.200,58.206,5.6,1,0,delivered
578,telemetry,UAV-2,,3,58.400,58.406,5.6,1,0,delivered
579,telemetry,UAV-1,,3,58.500,58.506,5.6,1,0,delivered
580,telemetry,UAV-3,,3,58.500,58.506,5.6,1,0,delivered
582,survey,UAV-5,POI-001,2,58.500,58.506,5.6,1,0,delivered
583,survey,UAV-5,POI-001,2,58.500,58.506,5.6,1,0,delivered
581,telemetry,UAV-6,,3,58.500,58.506,5.6,1,0,delivered
584,survey,UAV-5,POI-001,2,58.500,58.606,105.6,1,0,delivered
585,survey,UAV-5,POI-001,2,58.500,58.606,105.6,1,0,delivered
594,telemetry,UAV-4,,3,58.700,58.706,5.6,1,0,delivered
595,telemetry,UAV-5,,3,58.700,58.706,5.6,1,0,delivered
586,survey,UAV-5,POI-001,2,58.500,58.706,205.6,1,0,delivered
587,survey,UAV-5,POI-001,2,58.500,58.706,205.6,1,0,delivered
588,survey,UAV-5,POI-001,2,58.500,58.806,305.6,1,0,delivered
589,survey,UAV-5,POI-001,2,58.500,58.806,305.6,1,0,delivered
596,telemetry,UAV-2,,3,58.900,58.906,5.6,1,0,delivered
590,survey,UAV-5,POI-001,2,58.500,58.906,405.6,1,0,delivered
591,survey,UAV-5,POI-001,2,58.500,58.906,405.6,1,0,delivered
597,telemetry,UAV-1,,3,59.000,59.006,5.6,1,0,delivered
598,telemetry,UAV-3,,3,59.000,59.006,5.6,1,0,delivered
592,survey,UAV-5,POI-001,2,58.500,59.006,505.6,1,0,delivered
593,survey,UAV-5,POI-001,2,58.500,59.006,505.6,1,0,delivered
599,telemetry,UAV-6,,3,59.000,59.006,5.6,1,0,delivered
600,telemetry,UAV-4,,3,59.200,59.206,5.6,1,0,delivered
601,telemetry,UAV-5,,3,59.200,59.206,5.6,1,0,delivered
602,telemetry,UAV-2,,3,59.400,59.406,5.6,1,0,delivered
603,telemetry,UAV-1,,3,59.500,59.506,5.6,1,0,delivered
604,telemetry,UAV-3,,3,59.500,59.506,5.6,1,0,delivered
605,telemetry,UAV-6,,3,59.500,59.506,5.6,1,0,delivered
606,telemetry,UAV-4,,3,59.700,59.706,5.6,1,0,delivered
607,telemetry,UAV-5,,3,59.700,59.706,5.6,1,0,delivered
608,telemetry,UAV-2,,3,59.900,59.906,5.6,1,0,delivered
609,telemetry,UAV-1,,3,60.000,60.006,5.6,1,0,delivered
610,telemetry,UAV-3,,3,60.000,60.006,5.6,1,0,delivered
611,telemetry,UAV-6,,3,60.000,60.006,5.6,1,0,delivered
612,telemetry,UAV-4,,3,60.200,60.206,5.6,1,0,delivered
613,telemetry,UAV-5,,3,60.200,60.206,5.6,1,0,delivered
614,telemetry,UAV-2,,3,60.400,60.406,5.6,1,0,delivered
615,telemetry,UAV-1,,3,60.500,60.506,5.6,1,0,delivered
616,telemetry,UAV-3,,3,60.500,60.506,5.6,1,0,delivered
617,telemetry,UAV-6,,3,60.500,60.506,5.6,1,0,delivered
618,telemetry,UAV-4,,3,60.700,60.706,5.6,1,0,delivered
619,telemetry,UAV-5,,3,60.700,60.706,5.6,1,0,delivered
620,telemetry,UAV-2,,3,60.900,60.906,5.6,1,0,delivered
621,telemetry,UAV-1,,3,61.000,61.006,5.6,1,0,delivered
622,telemetry,UAV-3,,3,61.000,61.006,5.6,1,0,delivered
623,telemetry,UAV-6,,3,61.000,61.006,5.6,1,0,delivered
624,telemetry,UAV-4,,3,61.200,61.206,5.6,1,0,delivered
625,telemetry,UAV-5,,3,61.200,61.206,5.6,1,0,delivered
626,telemetry,UAV-2,,3,61.400,61.406,5.6,1,0,delivered
627,telemetry,UAV-1,,3,61.500,61.506,5.6,1,0,delivered
628,telemetry,UAV-3,,3,61.500,61.506,5.6,1,0,delivered
629,telemetry,UAV-6,,3,61.500,61.506,5.6,1,0,delivered
630,telemetry,UAV-4,,3,61.700,61.706,5.6,1,0,delivered
631,telemetry,UAV-5,,3,61.700,61.706,5.6,1,0,delivered
632,telemetry,UAV-2,,3,61.900,61.906,5.6,1,0,delivered
633,telemetry,UAV-1,,3,62.000,62.006,5.6,1,0,delivered
634,telemetry,UAV-3,,3,62.000,62.006,5.6,1,0,delivered
635,telemetry,UAV-6,,3,62.000,62.006,5.6,1,0,delivered
636,telemetry,UAV-4,,3,62.200,62.206,5.6,1,0,delivered
637,telemetry,UAV-5,,3,62.200,62.206,5.6,1,0,delivered
638,telemetry,UAV-2,,3,62.400,62.406,5.6,1,0,delivered
639,telemetry,UAV-1,,3,62.500,62.506,5.6,1,0,delivered
640,telemetry,UAV-3,,3,62.500,62.506,5.6,1,0,delivered
641,telemetry,UAV-6,,3,62.500,62.506,5.6,1,0,delivered
642,telemetry,UAV-4,,3,62.700,62.706,5.6,1,0,delivered
643,telemetry,UAV-5,,3,62.700,62.706,5.6,1,0,delivered
644,telemetry,UAV-2,,3,62.900,62.906,5.6,1,0,delivered
645,telemetry,UAV-1,,3,63.000,63.006,5.6,1,0,delivered
646,telemetry,UAV-3,,3,63.000,63.006,5.6,1,0,delivered
647,telemetry,UAV-6,,3,63.000,63.006,5.6,1,0,delivered
648,telemetry,UAV-4,,3,63.200,63.206,5.6,1,0,delivered
649,telemetry,UAV-5,,3,63.200,63.206,5.6,1,0,delivered
650,telemetry,UAV-2,,3,63.400,63.406,5.6,1,0,delivered
651,telemetry,UAV-1,,3,63.500,63.506,5.6,1,0,delivered
652,telemetry,UAV-3,,3,63.500,63.506,5.6,1,0,delivered
653,telemetry,UAV-6,,3,63.500,63.506,5.6,1,0,delivered
654,telemetry,UAV-4,,3,63.700,63.706,5.6,1,0,delivered
655,telemetry,UAV-5,,3,63.700,63.706,5.6,1,0,delivered
656,telemetry,UAV-2,,3,63.900,63.906,5.6,1,0,delivered
657,survey,UAV-2,POI-002,1,63.900,63.906,5.6,1,0,delivered
658,survey,UAV-2,POI-002,1,63.900,63.906,5.6,1,0,delivered
669,telemetry,UAV-1,,3,64.000,64.006,5.6,1,0,delivered
659,survey,UAV-2,POI-002,1,63.900,64.006,105.6,1,0,delivered
660,survey,UAV-2,POI-002,1,63.900,64.006,105.6,1,0,delivered
670,telemetry,UAV-3,,3,64.000,64.006,5.6,1,0,delivered
671,telemetry,UAV-6,,3,64.000,64.006,5.6,1,0,delivered
661,survey,UAV-2,POI-002,1,63.900,64.106,205.6,1,0,delivered
662,survey,UAV-2,POI-002,1,63.900,64.106,205.6,1,0,delivered
663,survey,UAV-2,POI-002,1,63.900,64.206,305.6,1,0,delivered
664,survey,UAV-2,POI-002,1,63.900,64.206,305.6,1,0,delivered
672,telemetry,UAV-4,,3,64.200,64.206,5.6,1,0,delivered
673,telemetry,UAV-5,,3,64.200,64.206,5.6,1,0,delivered
665,survey,UAV-2,POI-002,1,63.900,64.306,405.6,1,0,delivered
666,survey,UAV-2,POI-002,1,63.900,64.306,405.6,1,0,delivered
674,telemetry,UAV-2,,3,64.400,64.406,5.6,1,0,delivered
667,survey,UAV-2,POI-002,1,63.900,64.406,505.6,1,0,delivered
668,survey,UAV-2,POI-002,1,63.900,64.406,505.6,1,0,delivered
675,telemetry,UAV-1,,3,64.500,64.506,5.6,1,0,delivered
676,telemetry,UAV-3,,3,64.500,64.506,5.6,1,0,delivered
677,telemetry,UAV-6,,3,64.500,64.506,5.6,1,0,delivered
678,telemetry,UAV-4,,3,64.700,64.706,5.6,1,0,delivered
679,telemetry,UAV-5,,3,64.700,64.706,5.6,1,0,delivered
680,telemetry,UAV-2,,3,64.900,64.906,5.6,1,0,delivered
681,telemetry,UAV-1,,3,65.000,65.006,5.6,1,0,delivered
682,telemetry,UAV-3,,3,65.000,65.006,5.6,1,0,delivered
683,telemetry,UAV-6,,3,65.000,65.006,5.6,1,0,delivered
684,telemetry,UAV-4,,3,65.200,65.206,5.6,1,0,delivered
685,telemetry,UAV-5,,3,65.200,65.206,5.6,1,0,delivered
686,telemetry,UAV-2,,3,65.400,65.406,5.6,1,0,delivered
687,telemetry,UAV-1,,3,65.500,65.506,5.6,1,0,delivered
688,telemetry,UAV-3,,3,65.500,65.506,5.6,1,0,delivered
689,telemetry,UAV-6,,3,65.500,65.506,5.6,1,0,delivered
690,telemetry,UAV-4,,3,65.700,65.706,5.6,1,0,delivered
691,telemetry,UAV-5,,3,65.700,65.706,5.6,1,0,delivered
692,telemetry,UAV-2,,3,65.900,65.906,5.6,1,0,delivered
693,telemetry,UAV-1,,3,66.000,66.006,5.6,1,0,delivered
694,telemetry,UAV-3,,3,66.000,66.006,5.6,1,0,delivered
695,telemetry,UAV-6,,3,66.000,66.006,5.6,1,0,delivered
696,telemetry,UAV-4,,3,66.200,66.206,5.6,1,0,delivered
697,telemetry,UAV-5,,3,66.200,66.206,5.6,1,0,delivered
698,telemetry,UAV-2,,3,66.400,66.406,5.6,1,0,delivered
699,telemetry,UAV-1,,3,66.500,66.506,5.6,1,0,delivered
700,telemetry,UAV-3,,3,66.500,66.506,5.6,1,0,delivered
701,telemetry,UAV-6,,3,66.500,66.506,5.6,1,0,delivered
702,telemetry,UAV-4,,3,66.700,66.706,5.6,1,0,delivered
703,telemetry,UAV-5,,3,66.700,66.706,5.6,1,0,delivered
704,telemetry,UAV-2,,3,66.900,66.906,5.6,1,0,delivered
705,telemetry,UAV-1,,3,67.000,67.006,5.6,1,0,delivered
706,telemetry,UAV-3,,3,67.000,67.006,5.6,1,0,delivered
707,telemetry,UAV-6,,3,67.000,67.006,5.6,1,0,delivered
708,telemetry,UAV-4,,3,67.200,67.206,5.6,1,0,delivered
709,telemetry,UAV-5,,3,67.200,67.206,5.6,1,0,delivered
710,telemetry,UAV-2,,3,67.400,67.406,5.6,1,0,delivered
711,telemetry,UAV-1,,3,67.500,67.506,5.6,1,0,delivered
712,telemetry,UAV-3,,3,67.500,67.506,5.6,1,0,delivered
713,telemetry,UAV-6,,3,67.500,67.506,5.6,1,0,delivered
714,telemetry,UAV-4,,3,67.700,67.706,5.6,1,0,delivered
715,telemetry,UAV-5,,3,67.700,67.706,5.6,1,0,delivered
716,telemetry,UAV-2,,3,67.900,67.906,5.6,1,0,delivered
717,telemetry,UAV-1,,3,68.000,68.006,5.6,1,0,delivered
718,telemetry,UAV-3,,3,68.000,68.006,5.6,1,0,delivered
719,telemetry,UAV-6,,3,68.000,68.006,5.6,1,0,delivered
720,telemetry,UAV-4,,3,68.200,68.206,5.6,1,0,delivered
721,telemetry,UAV-5,,3,68.200,68.206,5.6,1,0,delivered
722,telemetry,UAV-2,,3,68.400,68.406,5.6,1,0,delivered
723,telemetry,UAV-1,,3,68.500,68.506,5.6,1,0,delivered
724,telemetry,UAV-3,,3,68.500,68.506,5.6,1,0,delivered
725,telemetry,UAV-6,,3,68.500,68.506,5.6,1,0,delivered
726,telemetry,UAV-4,,3,68.700,68.706,5.6,1,0,delivered
727,telemetry,UAV-5,,3,68.700,68.706,5.6,1,0,delivered
728,telemetry,UAV-2,,3,68.900,68.906,5.6,1,0,delivered
729,telemetry,UAV-1,,3,69.000,69.006,5.6,1,0,delivered
730,telemetry,UAV-3,,3,69.000,69.006,5.6,1,0,delivered
731,telemetry,UAV-6,,3,69.000,69.006,5.6,1,0,delivered
732,telemetry,UAV-4,,3,69.200,69.206,5.6,1,0,delivered
733,telemetry,UAV-5,,3,69.200,69.206,5.6,1,0,delivered
734,telemetry,UAV-2,,3,69.400,69.406,5.6,1,0,delivered
735,telemetry,UAV-1,,3,69.500,69.506,5.6,1,0,delivered
736,telemetry,UAV-3,,3,69.500,69.506,5.6,1,0,delivered
737,telemetry,UAV-6,,3,69.500,69.506,5.6,1,0,delivered
738,telemetry,UAV-4,,3,69.700,69.706,5.6,1,0,delivered
739,telemetry,UAV-5,,3,69.700,69.706,5.6,1,0,delivered
740,telemetry,UAV-2,,3,69.900,69.906,5.6,1,0,delivered
741,telemetry,UAV-1,,3,70.000,70.006,5.6,1,0,delivered
742,telemetry,UAV-3,,3,70.000,70.006,5.6,1,0,delivered
743,telemetry,UAV-6,,3,70.000,70.006,5.6,1,0,delivered
744,telemetry,UAV-4,,3,70.200,70.206,5.6,1,0,delivered
745,telemetry,UAV-5,,3,70.200,70.206,5.6,1,0,delivered
746,telemetry,UAV-2,,3,70.400,70.406,5.6,1,0,delivered
747,telemetry,UAV-1,,3,70.500,70.506,5.6,1,0,delivered
748,telemetry,UAV-3,,3,70.500,70.506,5.6,1,0,delivered
749,telemetry,UAV-6,,3,70.500,70.506,5.6,1,0,delivered
750,telemetry,UAV-4,,3,70.700,70.706,5.6,1,0,delivered
751,telemetry,UAV-5,,3,70.700,70.706,5.6,1,0,delivered
752,telemetry,UAV-2,,3,70.900,70.906,5.6,1,0,delivered
753,telemetry,UAV-1,,3,71.000,71.006,5.6,1,0,delivered
754,telemetry,UAV-3,,3,71.000,71.006,5.6,1,0,delivered
755,telemetry,UAV-6,,3,71.000,71.006,5.6,1,0,delivered
756,telemetry,UAV-4,,3,71.200,71.206,5.6,1,0,delivered
757,telemetry,UAV-5,,3,71.200,71.206,5.6,1,0,delivered
758,telemetry,UAV-2,,3,71.400,71.406,5.6,1,0,delivered
759,telemetry,UAV-1,,3,71.500,71.506,5.6,1,0,delivered
760,telemetry,UAV-3,,3,71.500,71.506,5.6,1,0,delivered
761,telemetry,UAV-6,,3,71.500,71.506,5.6,1,0,delivered
762,telemetry,UAV-4,,3,71.700,71.706,5.6,1,0,delivered
763,telemetry,UAV-5,,3,71.700,71.706,5.6,1,0,delivered
764,telemetry,UAV-2,,3,71.900,71.906,5.6,1,0,delivered
765,telemetry,UAV-1,,3,72.000,72.006,5.6,1,0,delivered
766,telemetry,UAV-3,,3,72.000,72.006,5.6,1,0,delivered
767,telemetry,UAV-6,,3,72.000,72.006,5.6,1,0,delivered
768,telemetry,UAV-4,,3,72.200,72.206,5.6,1,0,delivered
769,telemetry,UAV-5,,3,72.200,72.206,5.6,1,0,delivered
770,telemetry,UAV-2,,3,72.400,72.406,5.6,1,0,delivered
771,telemetry,UAV-1,,3,72.500,72.506,5.6,1,0,delivered
772,telemetry,UAV-3,,3,72.500,72.506,5.6,1,0,delivered
773,telemetry,UAV-6,,3,72.500,72.506,5.6,1,0,delivered
774,telemetry,UAV-4,,3,72.700,72.706,5.6,1,0,delivered
775,telemetry,UAV-5,,3,72.700,72.706,5.6,1,0,delivered
776,telemetry,UAV-2,,3,72.900,72.906,5.6,1,0,delivered
777,telemetry,UAV-1,,3,73.000,73.006,5.6,1,0,delivered
778,telemetry,UAV-3,,3,73.000,73.006,5.6,1,0,delivered
779,telemetry,UAV-6,,3,73.000,73.006,5.6,1,0,delivered
780,telemetry,UAV-4,,3,73.200,73.206,5.6,1,0,delivered
781,telemetry,UAV-5,,3,73.200,73.206,5.6,1,0,delivered
782,telemetry,UAV-2,,3,73.400,73.406,5.6,1,0,delivered
783,telemetry,UAV-1,,3,73.500,73.506,5.6,1,0,delivered
784,telemetry,UAV-3,,3,73.500,73.506,5.6,1,0,delivered
785,telemetry,UAV-6,,3,73.500,73.506,5.6,1,0,delivered
786,telemetry,UAV-4,,3,73.700,73.706,5.6,1,0,delivered
787,telemetry,UAV-5,,3,73.700,73.706,5.6,1,0,delivered
788,telemetry,UAV-2,,3,73.900,73.906,5.6,1,0,delivered
789,telemetry,UAV-1,,3,74.000,74.006,5.6,1,0,delivered
790,telemetry,UAV-3,,3,74.000,74.006,5.6,1,0,delivered
791,telemetry,UAV-6,,3,74.000,74.006,5.6,1,0,delivered
792,telemetry,UAV-4,,3,74.200,74.206,5.6,1,0,delivered
793,telemetry,UAV-5,,3,74.200,74.206,5.6,1,0,delivered
794,telemetry,UAV-2,,3,74.400,74.406,5.6,1,0,delivered
795,telemetry,UAV-1,,3,74.500,74.506,5.6,1,0,delivered
796,telemetry,UAV-3,,3,74.500,74.506,5.6,1,0,delivered
797,telemetry,UAV-6,,3,74.500,74.506,5.6,1,0,delivered
798,telemetry,UAV-4,,3,74.700,74.706,5.6,1,0,delivered
799,telemetry,UAV-5,,3,74.700,74.706,5.6,1,0,delivered
800,telemetry,UAV-2,,3,74.900,74.906,5.6,1,0,delivered
801,telemetry,UAV-1,,3,75.000,75.006,5.6,1,0,delivered
802,telemetry,UAV-3,,3,75.000,75.006,5.6,1,0,delivered
803,telemetry,UAV-6,,3,75.000,75.006,5.6,1,0,delivered
804,telemetry,UAV-4,,3,75.200,75.206,5.6,1,0,delivered
805,telemetry,UAV-5,,3,75.200,75.206,5.6,1,0,delivered
806,telemetry,UAV-2,,3,75.400,75.406,5.6,1,0,delivered
807,telemetry,UAV-1,,3,75.500,75.506,5.6,1,0,delivered
808,telemetry,UAV-3,,3,75.500,75.506,5.6,1,0,delivered
809,telemetry,UAV-6,,3,75.500,75.506,5.6,1,0,delivered
810,telemetry,UAV-4,,3,75.700,75.706,5.6,1,0,delivered
811,telemetry,UAV-5,,3,75.700,75.706,5.6,1,0,delivered
812,telemetry,UAV-2,,3,75.900,75.906,5.6,1,0,delivered
813,telemetry,UAV-1,,3,76.000,76.006,5.6,1,0,delivered
814,telemetry,UAV-3,,3,76.000,76.006,5.6,1,0,delivered
815,telemetry,UAV-6,,3,76.000,76.006,5.6,1,0,delivered
816,telemetry,UAV-4,,3,76.200,76.206,5.6,1,0,delivered
817,telemetry,UAV-5,,3,76.200,76.206,5.6,1,0,delivered
818,telemetry,UAV-2,,3,76.400,76.406,5.6,1,0,delivered
819,telemetry,UAV-1,,3,76.500,76.506,5.6,1,0,delivered
820,telemetry,UAV-3,,3,76.500,76.506,5.6,1,0,delivered
821,telemetry,UAV-6,,3,76.500,76.506,5.6,1,0,delivered
822,telemetry,UAV-4,,3,76.700,76.706,5.6,1,0,delivered
823,telemetry,UAV-5,,3,76.700,76.706,5.6,1,0,delivered
824,telemetry,UAV-2,,3,76.900,76.906,5.6,1,0,delivered
825,telemetry,UAV-1,,3,77.000,77.006,5.6,1,0,delivered
826,telemetry,UAV-3,,3,77.000,77.006,5.6,1,0,delivered
827,telemetry,UAV-6,,3,77.000,77.006,5.6,1,0,delivered
828,telemetry,UAV-4,,3,77.200,77.206,5.6,1,0,delivered
829,telemetry,UAV-5,,3,77.200,77.206,5.6,1,0,delivered
830,telemetry,UAV-2,,3,77.400,77.406,5.6,1,0,delivered
831,telemetry,UAV-1,,3,77.500,77.506,5.6,1,0,delivered
832,telemetry,UAV-3,,3,77.500,77.506,5.6,1,0,delivered
833,telemetry,UAV-6,,3,77.500,77.506,5.6,1,0,delivered
834,telemetry,UAV-4,,3,77.700,77.706,5.6,1,0,delivered
835,telemetry,UAV-5,,3,77.700,77.706,5.6,1,0,delivered
836,telemetry,UAV-2,,3,77.900,77.906,5.6,1,0,delivered
837,telemetry,UAV-1,,3,78.000,78.006,5.6,1,0,delivered
838,telemetry,UAV-3,,3,78.000,78.006,5.6,1,0,delivered
839,telemetry,UAV-6,,3,78.000,78.006,5.6,1,0,delivered
840,telemetry,UAV-4,,3,78.200,78.206,5.6,1,0,delivered
841,telemetry,UAV-5,,3,78.200,78.206,5.6,1,0,delivered
842,telemetry,UAV-2,,3,78.400,78.406,5.6,1,0,delivered
843,telemetry,UAV-1,,3,78.500,78.506,5.6,1,0,delivered
844,telemetry,UAV-3,,3,78.500,78.506,5.6,1,0,delivered
845,telemetry,UAV-6,,3,78.500,78.506,5.6,1,0,delivered
846,telemetry,UAV-4,,3,78.700,78.706,5.6,1,0,delivered
847,telemetry,UAV-5,,3,78.700,78.706,5.6,1,0,delivered
848,telemetry,UAV-2,,3,78.900,78.906,5.6,1,0,delivered
849,telemetry,UAV-1,,3,79.000,79.006,5.6,1,0,delivered
850,telemetry,UAV-3,,3,79.000,79.006,5.6,1,0,delivered
851,telemetry,UAV-6,,3,79.000,79.006,5.6,1,0,delivered
852,telemetry,UAV-4,,3,79.200,79.206,5.6,1,0,delivered
853,telemetry,UAV-5,,3,79.200,79.206,5.6,1,0,delivered
854,telemetry,UAV-2,,3,79.400,79.406,5.6,1,0,delivered
855,telemetry,UAV-1,,3,79.500,79.506,5.6,1,0,delivered
856,telemetry,UAV-3,,3,79.500,79.506,5.6,1,0,delivered
857,telemetry,UAV-6,,3,79.500,79.506,5.6,1,0,delivered
858,telemetry,UAV-4,,3,79.700,79.706,5.6,1,0,delivered
859,telemetry,UAV-5,,3,79.700,79.706,5.6,1,0,delivered
860,telemetry,UAV-2,,3,79.900,79.906,5.6,1,0,delivered
861,telemetry,UAV-1,,3,80.000,80.006,5.6,1,0,delivered
862,telemetry,UAV-3,,3,80.000,80.006,5.6,1,0,delivered
863,telemetry,UAV-6,,3,80.000,80.006,5.6,1,0,delivered
864,telemetry,UAV-4,,3,80.200,80.206,5.6,1,0,delivered
865,telemetry,UAV-5,,3,80.200,80.206,5.6,1,0,delivered
866,telemetry,UAV-2,,3,80.400,80.406,5.6,1,0,delivered
867,telemetry,UAV-1,,3,80.500,80.506,5.6,1,0,delivered
868,telemetry,UAV-3,,3,80.500,80.506,5.6,1,0,delivered
869,telemetry,UAV-6,,3,80.500,80.506,5.6,1,0,delivered
870,telemetry,UAV-4,,3,80.700,80.706,5.6,1,0,delivered
871,telemetry,UAV-5,,3,80.700,80.706,5.6,1,0,delivered
872,telemetry,UAV-2,,3,80.900,80.906,5.6,1,0,delivered
873,telemetry,UAV-1,,3,81.000,81.006,5.6,1,0,delivered
874,telemetry,UAV-3,,3,81.000,81.006,5.6,1,0,delivered
875,telemetry,UAV-6,,3,81.000,81.006,5.6,1,0,delivered
876,telemetry,UAV-4,,3,81.200,81.206,5.6,1,0,delivered
877,telemetry,UAV-5,,3,81.200,81.206,5.6,1,0,delivered
878,telemetry,UAV-2,,3,81.400,81.406,5.6,1,0,delivered
879,telemetry,UAV-1,,3,81.500,81.506,5.6,1,0,delivered
880,telemetry,UAV-3,,3,81.500,81.506,5.6,1,0,delivered
881,telemetry,UAV-6,,3,81.500,81.506,5.6,1,0,delivered
882,telemetry,UAV-4,,3,81.700,81.706,5.6,1,0,delivered
883,telemetry,UAV-5,,3,81.700,81.706,5.6,1,0,delivered
884,telemetry,UAV-2,,3,81.900,81.906,5.6,1,0,delivered
885,telemetry,UAV-1,,3,82.000,82.006,5.6,1,0,delivered
886,telemetry,UAV-3,,3,82.000,82.006,5.6,1,0,delivered
887,telemetry,UAV-6,,3,82.000,82.006,5.6,1,0,delivered
888,telemetry,UAV-4,,3,82.200,82.206,5.6,1,0,delivered
889,telemetry,UAV-5,,3,82.200,82.206,5.6,1,0,delivered
890,telemetry,UAV-2,,3,82.400,82.406,5.6,1,0,delivered
891,telemetry,UAV-1,,3,82.500,82.506,5.6,1,0,delivered
892,telemetry,UAV-3,,3,82.500,82.506,5.6,1,0,delivered
893,telemetry,UAV-6,,3,82.500,82.506,5.6,1,0,delivered
894,telemetry,UAV-4,,3,82.700,82.706,5.6,1,0,delivered
895,telemetry,UAV-5,,3,82.700,82.706,5.6,1,0,delivered
896,telemetry,UAV-2,,3,82.900,82.906,5.6,1,0,delivered
897,telemetry,UAV-1,,3,83.000,83.006,5.6,1,0,delivered
898,telemetry,UAV-3,,3,83.000,83.006,5.6,1,0,delivered
899,telemetry,UAV-6,,3,83.000,83.006,5.6,1,0,delivered
900,telemetry,UAV-4,,3,83.200,83.206,5.6,1,0,delivered
901,telemetry,UAV-5,,3,83.200,83.206,5.6,1,0,delivered
902,telemetry,UAV-2,,3,83.400,83.406,5.6,1,0,delivered
903,telemetry,UAV-1,,3,83.500,83.506,5.6,1,0,delivered
904,telemetry,UAV-3,,3,83.500,83.506,5.6,1,0,delivered
905,telemetry,UAV-6,,3,83.500,83.506,5.6,1,0,delivered
906,telemetry,UAV-4,,3,83.700,83.706,5.6,1,0,delivered
907,telemetry,UAV-5,,3,83.700,83.706,5.6,1,0,delivered
908,telemetry,UAV-2,,3,83.900,83.906,5.6,1,0,delivered
909,telemetry,UAV-1,,3,84.000,84.006,5.6,1,0,delivered
910,telemetry,UAV-3,,3,84.000,84.006,5.6,1,0,delivered
911,telemetry,UAV-6,,3,84.000,84.006,5.6,1,0,delivered
912,telemetry,UAV-4,,3,84.200,84.206,5.6,1,0,delivered
913,telemetry,UAV-5,,3,84.200,84.206,5.6,1,0,delivered
914,telemetry,UAV-2,,3,84.400,84.406,5.6,1,0,delivered
915,telemetry,UAV-1,,3,84.500,84.506,5.6,1,0,delivered
916,telemetry,UAV-3,,3,84.500,84.506,5.6,1,0,delivered
917,telemetry,UAV-6,,3,84.500,84.506,5.6,1,0,delivered
918,telemetry,UAV-4,,3,84.700,84.706,5.6,1,0,delivered
919,telemetry,UAV-5,,3,84.700,84.706,5.6,1,0,delivered
920,telemetry,UAV-2,,3,84.900,84.906,5.6,1,0,delivered
921,telemetry,UAV-1,,3,85.000,85.006,5.6,1,0,delivered
922,telemetry,UAV-3,,3,85.000,85.006,5.6,1,0,delivered
923,telemetry,UAV-6,,3,85.000,85.006,5.6,1,0,delivered
924,telemetry,UAV-4,,3,85.200,85.206,5.6,1,0,delivered
925,telemetry,UAV-5,,3,85.200,85.206,5.6,1,0,delivered
926,telemetry,UAV-2,,3,85.400,85.406,5.6,1,0,delivered
927,telemetry,UAV-1,,3,85.500,85.506,5.6,1,0,delivered
928,telemetry,UAV-3,,3,85.500,85.506,5.6,1,0,delivered
929,telemetry,UAV-6,,3,85.500,85.506,5.6,1,0,delivered
930,telemetry,UAV-4,,3,85.700,85.706,5.6,1,0,delivered
931,telemetry,UAV-5,,3,85.700,85.706,5.6,1,0,delivered
932,telemetry,UAV-2,,3,85.900,85.906,5.6,1,0,delivered
933,telemetry,UAV-1,,3,86.000,86.006,5.6,1,0,delivered
934,telemetry,UAV-3,,3,86.000,86.006,5.6,1,0,delivered
935,telemetry,UAV-6,,3,86.000,86.006,5.6,1,0,delivered
936,telemetry,UAV-4,,3,86.200,86.206,5.6,1,0,delivered
937,telemetry,UAV-5,,3,86.200,86.206,5.6,1,0,delivered
938,telemetry,UAV-2,,3,86.400,86.406,5.6,1,0,delivered
939,telemetry,UAV-1,,3,86.500,86.506,5.6,1,0,delivered
940,telemetry,UAV-3,,3,86.500,86.506,5.6,1,0,delivered
941,telemetry,UAV-6,,3,86.500,86.506,5.6,1,0,delivered
942,telemetry,UAV-4,,3,86.700,86.706,5.6,1,0,delivered
943,telemetry,UAV-5,,3,86.700,86.706,5.6,1,0,delivered
944,telemetry,UAV-2,,3,86.900,86.906,5.6,1,0,delivered
945,telemetry,UAV-1,,3,87.000,87.006,5.6,1,0,delivered
946,telemetry,UAV-3,,3,87.000,87.006,5.6,1,0,delivered
947,telemetry,UAV-6,,3,87.000,87.006,5.6,1,0,delivered
948,telemetry,UAV-4,,3,87.200,87.206,5.6,1,0,delivered
949,telemetry,UAV-5,,3,87.200,87.206,5.6,1,0,delivered
950,telemetry,UAV-2,,3,87.400,87.406,5.6,1,0,delivered
951,telemetry,UAV-1,,3,87.500,87.506,5.6,1,0,delivered
952,telemetry,UAV-3,,3,87.500,87.506,5.6,1,0,delivered
953,telemetry,UAV-6,,3,87.500,87.506,5.6,1,0,delivered
954,telemetry,UAV-4,,3,87.700,87.706,5.6,1,0,delivered
955,telemetry,UAV-5,,3,87.700,87.706,5.6,1,0,delivered
956,telemetry,UAV-2,,3,87.900,87.906,5.6,1,0,delivered
957,telemetry,UAV-1,,3,88.000,88.006,5.6,1,0,delivered
958,telemetry,UAV-3,,3,88.000,88.006,5.6,1,0,delivered
959,telemetry,UAV-6,,3,88.000,88.006,5.6,1,0,delivered
960,telemetry,UAV-4,,3,88.200,88.206,5.6,1,0,delivered
961,telemetry,UAV-5,,3,88.200,88.206,5.6,1,0,delivered
962,telemetry,UAV-2,,3,88.400,88.406,5.6,1,0,delivered
963,telemetry,UAV-1,,3,88.500,88.506,5.6,1,0,delivered
964,telemetry,UAV-3,,3,88.500,88.506,5.6,1,0,delivered
965,telemetry,UAV-6,,3,88.500,88.506,5.6,1,0,delivered
966,telemetry,UAV-4,,3,88.700,88.706,5.6,1,0,delivered
967,telemetry,UAV-5,,3,88.700,88.706,5.6,1,0,delivered
968,telemetry,UAV-2,,3,88.900,88.906,5.6,1,0,delivered
969,telemetry,UAV-1,,3,89.000,89.006,5.6,1,0,delivered
970,telemetry,UAV-3,,3,89.000,89.006,5.6,1,0,delivered
971,telemetry,UAV-6,,3,89.000,89.006,5.6,1,0,delivered
972,telemetry,UAV-4,,3,89.200,89.206,5.6,1,0,delivered
973,telemetry,UAV-5,,3,89.200,89.206,5.6,1,0,delivered
974,telemetry,UAV-2,,3,89.400,89.406,5.6,1,0,delivered
975,telemetry,UAV-1,,3,89.500,89.506,5.6,1,0,delivered
976,telemetry,UAV-3,,3,89.500,89.506,5.6,1,0,delivered
977,telemetry,UAV-6,,3,89.500,89.506,5.6,1,0,delivered
978,telemetry,UAV-4,,3,89.700,89.706,5.6,1,0,delivered
979,telemetry,UAV-5,,3,89.700,89.706,5.6,1,0,delivered
980,telemetry,UAV-2,,3,89.900,89.906,5.6,1,0,delivered
981,telemetry,UAV-1,,3,90.000,90.006,5.6,1,0,delivered
982,telemetry,UAV-3,,3,90.000,90.006,5.6,1,0,delivered
983,telemetry,UAV-6,,3,90.000,90.006,5.6,1,0,delivered
984,telemetry,UAV-4,,3,90.200,90.206,5.6,1,0,delivered
985,telemetry,UAV-5,,3,90.200,90.206,5.6,1,0,delivered
986,survey,UAV-2,POI-003,3,90.300,90.306,5.6,1,0,delivered
987,survey,UAV-2,POI-003,3,90.300,90.306,5.6,1,0,delivered
998,telemetry,UAV-2,,3,90.400,90.406,5.6,1,0,delivered
988,survey,UAV-2,POI-003,3,90.300,90.406,105.6,1,0,delivered
989,survey,UAV-2,POI-003,3,90.300,90.406,105.6,1,0,delivered
999,telemetry,UAV-1,,3,90.500,90.506,5.6,1,0,delivered
990,survey,UAV-2,POI-003,3,90.300,90.506,205.6,1,0,delivered
991,survey,UAV-2,POI-003,3,90.300,90.512,211.7,1,1,delivered
1000,telemetry,UAV-3,,3,90.500,90.506,5.6,1,0,delivered
1001,telemetry,UAV-6,,3,90.500,90.506,5.6,1,0,delivered
992,survey,UAV-2,POI-003,3,90.300,90.606,305.6,1,0,delivered
993,survey,UAV-2,POI-003,3,90.300,90.606,305.6,1,0,delivered
994,survey,UAV-2,POI-003,3,90.300,90.706,405.6,1,0,delivered
995,survey,UAV-2,POI-003,3,90.300,90.706,405.6,1,0,delivered
1002,telemetry,UAV-4,,3,90.700,90.706,5.6,1,0,delivered
1003,telemetry,UAV-5,,3,90.700,90.706,5.6,1,0,delivered
996,survey,UAV-2,POI-003,3,90.300,90.806,505.6,1,0,delivered
997,survey,UAV-2,POI-003,3,90.300,90.806,505.6,1,0,delivered
1004,telemetry,UAV-2,,3,90.900,90.906,5.6,1,0,delivered
1005,telemetry,UAV-1,,3,91.000,91.006,5.6,1,0,delivered
1006,telemetry,UAV-3,,3,91.000,91.006,5.6,1,0,delivered
1007,telemetry,UAV-6,,3,91.000,91.006,5.6,1,0,delivered
1008,telemetry,UAV-4,,3,91.200,91.206,5.6,1,0,delivered
1009,telemetry,UAV-5,,3,91.200,91.206,5.6,1,0,delivered
1010,telemetry,UAV-2,,3,91.400,91.406,5.6,1,0,delivered
1011,telemetry,UAV-1,,3,91.500,91.506,5.6,1,0,delivered
1012,telemetry,UAV-3,,3,91.500,91.506,5.6,1,0,delivered
1013,telemetry,UAV-6,,3,91.500,91.506,5.6,1,0,delivered
1014,telemetry,UAV-4,,3,91.700,91.706,5.6,1,0,delivered
1015,telemetry,UAV-5,,3,91.700,91.706,5.6,1,0,delivered
1016,telemetry,UAV-2,,3,91.900,91.906,5.6,1,0,delivered
1017,telemetry,UAV-1,,3,92.000,92.006,5.6,1,0,delivered
1018,telemetry,UAV-3,,3,92.000,92.006,5.6,1,0,delivered
1019,telemetry,UAV-6,,3,92.000,92.006,5.6,1,0,delivered
1020,telemetry,UAV-4,,3,92.200,92.206,5.6,1,0,delivered
1021,telemetry,UAV-5,,3,92.200,92.206,5.6,1,0,delivered
1022,telemetry,UAV-2,,3,92.400,92.406,5.6,1,0,delivered
1023,telemetry,UAV-1,,3,92.500,92.506,5.6,1,0,delivered
1024,telemetry,UAV-3,,3,92.500,92.506,5.6,1,0,delivered
1025,telemetry,UAV-6,,3,92.500,92.506,5.6,1,0,delivered
1026,telemetry,UAV-4,,3,92.700,92.706,5.6,1,0,delivered
1027,telemetry,UAV-5,,3,92.700,92.706,5.6,1,0,delivered
1028,telemetry,UAV-2,,3,92.900,92.906,5.6,1,0,delivered
1029,telemetry,UAV-1,,3,93.000,93.006,5.6,1,0,delivered
1030,telemetry,UAV-3,,3,93.000,93.006,5.6,1,0,delivered
1031,telemetry,UAV-6,,3,93.000,93.006,5.6,1,0,delivered
1032,telemetry,UAV-4,,3,93.200,93.206,5.6,1,0,delivered
1033,telemetry,UAV-5,,3,93.200,93.206,5.6,1,0,delivered
1034,telemetry,UAV-2,,3,93.400,93.406,5.6,1,0,delivered
1035,telemetry,UAV-1,,3,93.500,93.506,5.6,1,0,delivered
1036,telemetry,UAV-3,,3,93.500,93.506,5.6,1,0,delivered
1037,telemetry,UAV-6,,3,93.500,93.506,5.6,1,0,delivered
1038,telemetry,UAV-4,,3,93.700,93.706,5.6,1,0,delivered
1039,telemetry,UAV-5,,3,93.700,93.706,5.6,1,0,delivered
1040,telemetry,UAV-2,,3,93.900,93.906,5.6,1,0,delivered
1041,telemetry,UAV-1,,3,94.000,94.006,5.6,1,0,delivered
1042,telemetry,UAV-3,,3,94.000,94.006,5.6,1,0,delivered
1043,telemetry,UAV-6,,3,94.000,94.006,5.6,1,0,delivered
1044,telemetry,UAV-4,,3,94.200,94.206,5.6,1,0,delivered
1045,telemetry,UAV-5,,3,94.200,94.206,5.6,1,0,delivered
1046,telemetry,UAV-2,,3,94.400,94.406,5.6,1,0,delivered
1047,telemetry,UAV-1,,3,94.500,94.506,5.6,1,0,delivered
1048,telemetry,UAV-3,,3,94.500,94.506,5.6,1,0,delivered
1049,telemetry,UAV-6,,3,94.500,94.506,5.6,1,0,delivered
1050,telemetry,UAV-4,,3,94.700,94.706,5.6,1,0,delivered
1051,telemetry,UAV-5,,3,94.700,94.706,5.6,1,0,delivered
1052,telemetry,UAV-2,,3,94.900,94.906,5.6,1,0,delivered
1053,telemetry,UAV-1,,3,95.000,95.006,5.6,1,0,delivered
1054,telemetry,UAV-3,,3,95.000,95.006,5.6,1,0,delivered
1055,telemetry,UAV-6,,3,95.000,95.006,5.6,1,0,delivered
1056,telemetry,UAV-4,,3,95.200,95.206,5.6,1,0,delivered
1057,telemetry,UAV-5,,3,95.200,95.206,5.6,1,0,delivered
1058,telemetry,UAV-2,,3,95.400,95.406,5.6,1,0,delivered
1059,telemetry,UAV-1,,3,95.500,95.506,5.6,1,0,delivered
1060,telemetry,UAV-3,,3,95.500,95.506,5.6,1,0,delivered
1061,telemetry,UAV-6,,3,95.500,95.506,5.6,1,0,delivered
1062,telemetry,UAV-4,,3,95.700,95.706,5.6,1,0,delivered
1063,telemetry,UAV-5,,3,95.700,95.706,5.6,1,0,delivered
1064,telemetry,UAV-2,,3,95.900,95.906,5.6,1,0,delivered
1065,telemetry,UAV-1,,3,96.000,96.006,5.6,1,0,delivered
1066,telemetry,UAV-3,,3,96.000,96.006,5.6,1,0,delivered
1067,telemetry,UAV-6,,3,96.000,96.006,5.6,1,0,delivered
1068,telemetry,UAV-4,,3,96.200,96.206,5.6,1,0,delivered
1069,telemetry,UAV-5,,3,96.200,96.206,5.6,1,0,delivered
1070,telemetry,UAV-2,,3,96.400,96.406,5.6,1,0,delivered
1071,telemetry,UAV-1,,3,96.500,96.506,5.6,1,0,delivered
1072,telemetry,UAV-3,,3,96.500,96.506,5.6,1,0,delivered
1073,telemetry,UAV-6,,3,96.500,96.506,5.6,1,0,delivered
1074,telemetry,UAV-4,,3,96.700,96.706,5.6,1,0,delivered
1075,telemetry,UAV-5,,3,96.700,96.706,5.6,1,0,delivered
1076,telemetry,UAV-2,,3,96.900,96.906,5.6,1,0,delivered
1077,telemetry,UAV-1,,3,97.000,97.006,5.6,1,0,delivered
1078,telemetry,UAV-3,,3,97.000,97.006,5.6,1,0,delivered
1079,telemetry,UAV-6,,3,97.000,97.006,5.6,1,0,delivered
1080,telemetry,UAV-4,,3,97.200,97.206,5.6,1,0,delivered
1081,telemetry,UAV-5,,3,97.200,97.206,5.6,1,0,delivered
1082,telemetry,UAV-2,,3,97.400,97.406,5.6,1,0,delivered
1083,telemetry,UAV-1,,3,97.500,97.506,5.6,1,0,delivered
1084,telemetry,UAV-3,,3,97.500,97.506,5.6,1,0,delivered
1085,telemetry,UAV-6,,3,97.500,97.506,5.6,1,0,delivered
1086,telemetry,UAV-4,,3,97.700,97.706,5.6,1,0,delivered
1087,telemetry,UAV-5,,3,97.700,97.706,5.6,1,0,delivered
1088,telemetry,UAV-2,,3,97.900,97.906,5.6,1,0,delivered
1089,telemetry,UAV-1,,3,98.000,98.006,5.6,1,0,delivered
1090,telemetry,UAV-3,,3,98.000,98.006,5.6,1,0,delivered
1091,telemetry,UAV-6,,3,98.000,98.006,5.6,1,0,delivered
1092,telemetry,UAV-4,,3,98.200,98.206,5.6,1,0,delivered
1093,telemetry,UAV-5,,3,98.200,98.206,5.6,1,0,delivered
1094,telemetry,UAV-2,,3,98.400,98.406,5.6,1,0,delivered
1095,telemetry,UAV-1,,3,98.500,98.506,5.6,1,0,delivered
1096,telemetry,UAV-3,,3,98.500,98.506,5.6,1,0,delivered
1097,telemetry,UAV-6,,3,98.500,98.506,5.6,1,0,delivered
1098,telemetry,UAV-4,,3,98.700,98.706,5.6,1,0,delivered
1099,telemetry,UAV-5,,3,98.700,98.706,5.6,1,0,delivered
1100,telemetry,UAV-2,,3,98.900,98.906,5.6,1,0,delivered
1101,telemetry,UAV-1,,3,99.000,99.006,5.6,1,0,delivered
1102,telemetry,UAV-3,,3,99.000,99.006,5.6,1,0,delivered
1103,telemetry,UAV-6,,3,99.000,99.006,5.6,1,0,delivered
1104,telemetry,UAV-4,,3,99.200,99.206,5.6,1,0,delivered
1105,telemetry,UAV-5,,3,99.200,99.206,5.6,1,0,delivered
1106,telemetry,UAV-2,,3,99.400,99.406,5.6,1,0,delivered
1107,telemetry,UAV-1,,3,99.500,99.506,5.6,1,0,delivered
1108,telemetry,UAV-3,,3,99.500,99.506,5.6,1,0,delivered
1109,telemetry,UAV-6,,3,99.500,99.506,5.6,1,0,delivered
1110,telemetry,UAV-4,,3,99.700,99.706,5.6,1,0,delivered
1111,telemetry,UAV-5,,3,99.700,99.706,5.6,1,0,delivered
1112,telemetry,UAV-2,,3,99.900,99.906,5.6,1,0,delivered
1113,telemetry,UAV-1,,3,100.000,100.006,5.6,1,0,delivered
1114,telemetry,UAV-3,,3,100.000,100.006,5.6,1,0,delivered
1115,telemetry,UAV-6,,3,100.000,100.006,5.6,1,0,delivered
1116,telemetry,UAV-4,,3,100.200,100.206,5.6,1,0,delivered
1117,telemetry,UAV-5,,3,100.200,100.206,5.6,1,0,delivered
1118,telemetry,UAV-2,,3,100.400,100.406,5.6,1,0,delivered
1119,telemetry,UAV-1,,3,100.500,100.506,5.6,1,0,delivered
1120,telemetry,UAV-3,,3,100.500,100.506,5.6,1,0,delivered
1121,telemetry,UAV-6,,3,100.500,100.506,5.6,1,0,delivered
1122,telemetry,UAV-4,,3,100.700,100.706,5.6,1,0,delivered
1123,telemetry,UAV-5,,3,100.700,100.706,5.6,1,0,delivered
1124,telemetry,UAV-2,,3,100.900,100.906,5.6,1,0,delivered
1125,telemetry,UAV-1,,3,101.000,101.006,5.6,1,0,delivered
1126,telemetry,UAV-3,,3,101.000,101.006,5.6,1,0,delivered
1127,telemetry,UAV-6,,3,101.000,101.006,5.6,1,0,delivered
1128,telemetry,UAV-4,,3,101.200,101.206,5.6,1,0,delivered
1129,telemetry,UAV-5,,3,101.200,101.206,5.6,1,0,delivered
1130,telemetry,UAV-2,,3,101.400,101.406,5.6,1,0,delivered
1131,telemetry,UAV-1,,3,101.500,101.506,5.6,1,0,delivered
1132,telemetry,UAV-3,,3,101.500,101.506,5.6,1,0,delivered
1133,telemetry,UAV-6,,3,101.500,101.506,5.6,1,0,delivered
1134,telemetry,UAV-4,,3,101.700,101.706,5.6,1,0,delivered
1135,telemetry,UAV-5,,3,101.700,101.706,5.6,1,0,delivered
1136,telemetry,UAV-2,,3,101.900,101.906,5.6,1,0,delivered
1137,telemetry,UAV-1,,3,102.000,102.006,5.6,1,0,delivered
1138,telemetry,UAV-3,,3,102.000,102.006,5.6,1,0,delivered
1139,telemetry,UAV-6,,3,102.000,102.006,5.6,1,0,delivered
1140,telemetry,UAV-4,,3,102.200,102.206,5.6,1,0,delivered
1141,telemetry,UAV-5,,3,102.200,102.206,5.6,1,0,delivered
1142,telemetry,UAV-2,,3,102.400,102.406,5.6,1,0,delivered
1143,telemetry,UAV-1,,3,102.500,102.506,5.6,1,0,delivered
1144,telemetry,UAV-3,,3,102.500,102.506,5.6,1,0,delivered
1145,telemetry,UAV-6,,3,102.500,102.506,5.6,1,0,delivered
1146,telemetry,UAV-4,,3,102.700,102.706,5.6,1,0,delivered
1147,telemetry,UAV-5,,3,102.700,102.706,5.6,1,0,delivered
1148,telemetry,UAV-2,,3,102.900,102.906,5.6,1,0,delivered
1149,telemetry,UAV-1,,3,103.000,103.006,5.6,1,0,delivered
1150,telemetry,UAV-3,,3,103.000,103.006,5.6,1,0,delivered
1151,telemetry,UAV-6,,3,103.000,103.006,5.6,1,0,delivered
1152,telemetry,UAV-4,,3,103.200,103.206,5.6,1,0,delivered
1153,telemetry,UAV-5,,3,103.200,103.206,5.6,1,0,delivered
1154,telemetry,UAV-2,,3,103.400,103.406,5.6,1,0,delivered
1155,telemetry,UAV-1,,3,103.500,103.506,5.6,1,0,delivered
1156,telemetry,UAV-3,,3,103.500,103.506,5.6,1,0,delivered
1157,telemetry,UAV-6,,3,103.500,103.506,5.6,1,0,delivered
1158,telemetry,UAV-4,,3,103.700,103.706,5.6,1,0,delivered
1159,telemetry,UAV-5,,3,103.700,103.706,5.6,1,0,delivered
1160,telemetry,UAV-2,,3,103.900,103.906,5.6,1,0,delivered
1161,telemetry,UAV-1,,3,104.000,104.006,5.6,1,0,delivered
1162,telemetry,UAV-3,,3,104.000,104.006,5.6,1,0,delivered
1163,telemetry,UAV-6,,3,104.000,104.006,5.6,1,0,delivered
1164,telemetry,UAV-4,,3,104.200,104.206,5.6,1,0,delivered
1165,telemetry,UAV-5,,3,104.200,104.206,5.6,1,0,delivered
1166,telemetry,UAV-2,,3,104.400,104.406,5.6,1,0,delivered
1167,telemetry,UAV-1,,3,104.500,104.506,5.6,1,0,delivered
1168,telemetry,UAV-3,,3,104.500,104.506,5.6,1,0,delivered
1169,telemetry,UAV-6,,3,104.500,104.506,5.6,1,0,delivered
1170,telemetry,UAV-4,,3,104.700,104.706,5.6,1,0,delivered
1171,telemetry,UAV-5,,3,104.700,104.706,5.6,1,0,delivered
1172,telemetry,UAV-2,,3,104.900,104.906,5.6,1,0,delivered
1173,telemetry,UAV-1,,3,105.000,105.006,5.6,1,0,delivered
1174,telemetry,UAV-3,,3,105.000,105.006,5.6,1,0,delivered
1175,telemetry,UAV-6,,3,105.000,105.006,5.6,1,0,delivered
1176,telemetry,UAV-4,,3,105.200,105.206,5.6,1,0,delivered
1177,telemetry,UAV-5,,3,105.200,105.206,5.6,1,0,delivered
1178,telemetry,UAV-2,,3,105.400,105.406,5.6,1,0,delivered
1179,telemetry,UAV-1,,3,105.500,105.506,5.6,1,0,delivered
1180,telemetry,UAV-3,,3,105.500,105.506,5.6,1,0,delivered
1181,telemetry,UAV-6,,3,105.500,105.506,5.6,1,0,delivered
1182,telemetry,UAV-4,,3,105.700,105.706,5.6,1,0,delivered
1183,telemetry,UAV-5,,3,105.700,105.706,5.6,1,0,delivered
1184,telemetry,UAV-2,,3,105.900,105.906,5.6,1,0,delivered
1185,telemetry,UAV-1,,3,106.000,106.006,5.6,1,0,delivered
1186,telemetry,UAV-3,,3,106.000,106.006,5.6,1,0,delivered
1187,telemetry,UAV-6,,3,106.000,106.006,5.6,1,0,delivered
1188,telemetry,UAV-4,,3,106.200,106.206,5.6,1,0,delivered
1189,telemetry,UAV-5,,3,106.200,106.206,5.6,1,0,delivered
1190,telemetry,UAV-2,,3,106.400,106.406,5.6,1,0,delivered
1191,telemetry,UAV-1,,3,106.500,106.506,5.6,1,0,delivered
1192,telemetry,UAV-3,,3,106.500,106.506,5.6,1,0,delivered
1193,telemetry,UAV-6,,3,106.500,106.506,5.6,1,0,delivered
1194,telemetry,UAV-4,,3,106.700,106.706,5.6,1,0,delivered
1195,telemetry,UAV-5,,3,106.700,106.706,5.6,1,0,delivered
1196,telemetry,UAV-2,,3,106.900,106.906,5.6,1,0,delivered
1197,telemetry,UAV-1,,3,107.000,107.006,5.6,1,0,delivered
1198,telemetry,UAV-3,,3,107.000,107.006,5.6,1,0,delivered
1199,telemetry,UAV-6,,3,107.000,107.006,5.6,1,0,delivered
1200,telemetry,UAV-4,,3,107.200,107.206,5.6,1,0,delivered
1201,telemetry,UAV-5,,3,107.200,107.206,5.6,1,0,delivered
1202,telemetry,UAV-2,,3,107.400,107.406,5.6,1,0,delivered
1203,telemetry,UAV-1,,3,107.500,107.506,5.6,1,0,delivered
1204,telemetry,UAV-3,,3,107.500,107.506,5.6,1,0,delivered
1205,telemetry,UAV-6,,3,107.500,107.506,5.6,1,0,delivered
1206,telemetry,UAV-4,,3,107.700,107.706,5.6,1,0,delivered
1207,telemetry,UAV-5,,3,107.700,107.706,5.6,1,0,delivered
1208,telemetry,UAV-2,,3,107.900,107.906,5.6,1,0,delivered
1209,telemetry,UAV-1,,3,108.000,108.006,5.6,1,0,delivered
1210,telemetry,UAV-3,,3,108.000,108.006,5.6,1,0,delivered
1211,telemetry,UAV-6,,3,108.000,108.006,5.6,1,0,delivered
1212,telemetry,UAV-4,,3,108.200,108.206,5.6,1,0,delivered
1213,telemetry,UAV-5,,3,108.200,108.206,5.6,1,0,delivered
1214,telemetry,UAV-2,,3,108.400,108.406,5.6,1,0,delivered
1215,telemetry,UAV-1,,3,108.500,108.506,5.6,1,0,delivered
1216,telemetry,UAV-3,,3,108.500,108.506,5.6,1,0,delivered
1217,telemetry,UAV-6,,3,108.500,108.506,5.6,1,0,delivered
1218,telemetry,UAV-4,,3,108.700,108.706,5.6,1,0,delivered
1219,telemetry,UAV-5,,3,108.700,108.706,5.6,1,0,delivered
1220,telemetry,UAV-2,,3,108.900,108.906,5.6,1,0,delivered
1221,telemetry,UAV-1,,3,109.000,109.006,5.6,1,0,delivered
1222,telemetry,UAV-3,,3,109.000,109.006,5.6,1,0,delivered
1223,telemetry,UAV-6,,3,109.000,109.006,5.6,1,0,delivered
1224,telemetry,UAV-4,,3,109.200,109.206,5.6,1,0,delivered
1225,telemetry,UAV-5,,3,109.200,109.206,5.6,1,0,delivered
1226,telemetry,UAV-2,,3,109.400,109.406,5.6,1,0,delivered
1227,telemetry,UAV-1,,3,109.500,109.506,5.6,1,0,delivered
1228,telemetry,UAV-3,,3,109.500,109.506,5.6,1,0,delivered
1229,telemetry,UAV-6,,3,109.500,109.506,5.6,1,0,delivered
1230,telemetry,UAV-4,,3,109.700,109.706,5.6,1,0,delivered
1231,telemetry,UAV-5,,3,109.700,109.706,5.6,1,0,delivered
1232,telemetry,UAV-2,,3,109.900,109.906,5.6,1,0,delivered
1233,telemetry,UAV-1,,3,110.000,110.006,5.6,1,0,delivered
1234,telemetry,UAV-3,,3,110.000,110.006,5.6,1,0,delivered
1235,telemetry,UAV-6,,3,110.000,110.006,5.6,1,0,delivered
1236,telemetry,UAV-4,,3,110.200,110.206,5.6,1,0,delivered
1237,telemetry,UAV-5,,3,110.200,110.206,5.6,1,0,delivered
1238,telemetry,UAV-2,,3,110.400,110.406,5.6,1,0,delivered
1239,telemetry,UAV-1,,3,110.500,110.506,5.6,1,0,delivered
1240,telemetry,UAV-3,,3,110.500,110.506,5.6,1,0,delivered
1241,telemetry,UAV-6,,3,110.500,110.506,5.6,1,0,delivered
1242,telemetry,UAV-4,,3,110.700,110.706,5.6,1,0,delivered
1243,telemetry,UAV-5,,3,110.700,110.706,5.6,1,0,delivered
1244,telemetry,UAV-2,,3,110.900,110.906,5.6,1,0,delivered
1245,telemetry,UAV-1,,3,111.000,111.006,5.6,1,0,delivered
1246,telemetry,UAV-3,,3,111.000,111.006,5.6,1,0,delivered
1247,telemetry,UAV-6,,3,111.000,111.006,5.6,1,0,delivered
1248,telemetry,UAV-4,,3,111.200,111.206,5.6,1,0,delivered
1249,telemetry,UAV-5,,3,111.200,111.206,5.6,1,0,delivered
1250,telemetry,UAV-2,,3,111.400,111.406,5.6,1,0,delivered
1251,telemetry,UAV-1,,3,111.500,111.506,5.6,1,0,delivered
1252,telemetry,UAV-3,,3,111.500,111.506,5.6,1,0,delivered
1253,telemetry,UAV-6,,3,111.500,111.506,5.6,1,0,delivered
1254,telemetry,UAV-4,,3,111.700,111.706,5.6,1,0,delivered
1255,telemetry,UAV-5,,3,111.700,111.706,5.6,1,0,delivered
1256,telemetry,UAV-2,,3,111.900,111.906,5.6,1,0,delivered
1257,telemetry,UAV-1,,3,112.000,112.006,5.6,1,0,delivered
1258,telemetry,UAV-3,,3,112.000,112.006,5.6,1,0,delivered
1259,telemetry,UAV-6,,3,112.000,112.006,5.6,1,0,delivered
1260,telemetry,UAV-4,,3,112.200,112.206,5.6,1,0,delivered
1261,telemetry,UAV-5,,3,112.200,112.206,5.6,1,0,delivered
1262,telemetry,UAV-2,,3,112.400,112.406,5.6,1,0,delivered
1263,telemetry,UAV-1,,3,112.500,112.506,5.6,1,0,delivered
1264,telemetry,UAV-3,,3,112.500,112.506,5.6,1,0,delivered
1265,telemetry,UAV-6,,3,112.500,112.506,5.6,1,0,delivered
1266,telemetry,UAV-4,,3,112.700,112.706,5.6,1,0,delivered
1267,telemetry,UAV-5,,3,112.700,112.706,5.6,1,0,delivered
1268,telemetry,UAV-2,,3,112.900,112.906,5.6,1,0,delivered
1269,telemetry,UAV-1,,3,113.000,113.006,5.6,1,0,delivered
1270,telemetry,UAV-3,,3,113.000,113.006,5.6,1,0,delivered
1271,telemetry,UAV-6,,3,113.000,113.006,5.6,1,0,delivered
1272,telemetry,UAV-4,,3,113.200,113.206,5.6,1,0,delivered
1273,telemetry,UAV-5,,3,113.200,113.206,5.6,1,0,delivered
1274,telemetry,UAV-2,,3,113.400,113.406,5.6,1,0,delivered
1275,telemetry,UAV-1,,3,113.500,113.506,5.6,1,0,delivered
1276,telemetry,UAV-3,,3,113.500,113.506,5.6,1,0,delivered
1277,telemetry,UAV-6,,3,113.500,113.506,5.6,1,0,delivered
1278,telemetry,UAV-4,,3,113.700,113.706,5.6,1,0,delivered
1279,telemetry,UAV-5,,3,113.700,113.706,5.6,1,0,delivered
1280,telemetry,UAV-2,,3,113.900,113.906,5.6,1,0,delivered
1281,telemetry,UAV-1,,3,114.000,114.006,5.6,1,0,delivered
1282,telemetry,UAV-3,,3,114.000,114.006,5.6,1,0,delivered
1283,telemetry,UAV-6,,3,114.000,114.006,5.6,1,0,delivered
1284,telemetry,UAV-4,,3,114.200,114.206,5.6,1,0,delivered
1285,telemetry,UAV-5,,3,114.200,114.206,5.6,1,0,delivered
1286,telemetry,UAV-2,,3,114.400,114.406,5.6,1,0,delivered
1287,telemetry,UAV-1,,3,114.500,114.506,5.6,1,0,delivered
1288,telemetry,UAV-3,,3,114.500,114.506,5.6,1,0,delivered
1289,telemetry,UAV-6,,3,114.500,114.506,5.6,1,0,delivered
1290,telemetry,UAV-4,,3,114.700,114.706,5.6,1,0,delivered
1291,telemetry,UAV-5,,3,114.700,114.706,5.6,1,0,delivered
1292,telemetry,UAV-2,,3,114.900,114.906,5.6,1,0,delivered
1293,telemetry,UAV-1,,3,115.000,115.006,5.6,1,0,delivered
1294,telemetry,UAV-3,,3,115.000,115.006,5.6,1,0,delivered
1295,telemetry,UAV-6,,3,115.000,115.011,11.2,2,0,delivered
1296,telemetry,UAV-4,,3,115.200,115.206,5.6,1,0,delivered
1297,telemetry,UAV-5,,3,115.200,115.206,5.6,1,0,delivered
1298,telemetry,UAV-2,,3,115.400,115.406,5.6,1,0,delivered
1299,telemetry,UAV-1,,3,115.500,115.506,5.6,1,0,delivered
1300,telemetry,UAV-3,,3,115.500,115.506,5.6,1,0,delivered
1301,telemetry,UAV-6,,3,115.500,115.511,11.2,2,0,delivered
1302,telemetry,UAV-4,,3,115.700,115.706,5.6,1,0,delivered
1303,telemetry,UAV-5,,3,115.700,115.706,5.6,1,0,delivered
1304,telemetry,UAV-2,,3,115.900,115.906,5.6,1,0,delivered
1305,telemetry,UAV-1,,3,116.000,116.006,5.6,1,0,delivered
1306,telemetry,UAV-3,,3,116.000,116.006,5.6,1,0,delivered
1307,telemetry,UAV-6,,3,116.000,116.011,11.2,2,0,delivered
1308,telemetry,UAV-4,,3,116.200,116.206,5.6,1,0,delivered
1309,telemetry,UAV-5,,3,116.200,116.206,5.6,1,0,delivered
1310,telemetry,UAV-2,,3,116.400,116.406,5.6,1,0,delivered
1311,telemetry,UAV-1,,3,116.500,116.506,5.6,1,0,delivered
1312,telemetry,UAV-3,,3,116.500,116.506,5.6,1,0,delivered
1313,telemetry,UAV-6,,3,116.500,116.511,11.2,2,0,delivered
1314,telemetry,UAV-4,,3,116.700,116.706,5.6,1,0,delivered
1315,telemetry,UAV-5,,3,116.700,116.706,5.6,1,0,delivered
1316,telemetry,UAV-2,,3,116.900,116.906,5.6,1,0,delivered
1317,telemetry,UAV-1,,3,117.000,117.006,5.6,1,0,delivered
1318,telemetry,UAV-3,,3,117.000,117.006,5.6,1,0,delivered
1319,telemetry,UAV-6,,3,117.000,117.011,11.2,2,0,delivered
1320,telemetry,UAV-4,,3,117.200,117.206,5.6,1,0,delivered
1321,telemetry,UAV-5,,3,117.200,117.206,5.6,1,0,delivered
1322,survey,UAV-6,POI-004,2,117.300,117.311,11.2,2,0,delivered
1323,survey,UAV-6,POI-004,2,117.300,117.311,11.2,2,0,delivered
1334,telemetry,UAV-2,,3,117.400,117.406,5.6,1,0,delivered
1324,survey,UAV-6,POI-004,2,117.300,117.411,111.2,2,0,delivered
1325,survey,UAV-6,POI-004,2,117.300,117.411,111.2,2,0,delivered
1335,telemetry,UAV-1,,3,117.500,117.506,5.6,1,0,delivered
1336,telemetry,UAV-3,,3,117.500,117.506,5.6,1,0,delivered
1337,telemetry,UAV-6,,3,117.500,117.511,11.2,2,0,delivered
1326,survey,UAV-6,POI-004,2,117.300,117.511,211.2,2,0,delivered
1327,survey,UAV-6,POI-004,2,117.300,117.511,211.2,2,0,delivered
1328,survey,UAV-6,POI-004,2,117.300,117.611,311.2,2,0,delivered
1329,survey,UAV-6,POI-004,2,117.300,117.611,311.2,2,0,delivered
1338,telemetry,UAV-4,,3,117.700,117.706,5.6,1,0,delivered
1339,telemetry,UAV-5,,3,117.700,117.706,5.6,1,0,delivered
1330,survey,UAV-6,POI-004,2,117.300,117.711,411.2,2,0,delivered
1331,survey,UAV-6,POI-004,2,117.300,117.711,411.2,2,0,delivered
1332,survey,UAV-6,POI-004,2,117.300,117.811,511.2,2,0,delivered
1333,survey,UAV-6,POI-004,2,117.300,117.811,511.2,2,0,delivered
1340,telemetry,UAV-2,,3,117.900,117.906,5.6,1,0,delivered
1341,telemetry,UAV-1,,3,118.000,118.006,5.6,1,0,delivered
1342,telemetry,UAV-3,,3,118.000,118.006,5.6,1,0,delivered
1343,telemetry,UAV-6,,3,118.000,118.011,11.2,2,0,delivered
1344,telemetry,UAV-4,,3,118.200,118.206,5.6,1,0,delivered
1345,telemetry,UAV-5,,3,118.200,118.206,5.6,1,0,delivered
1346,telemetry,UAV-2,,3,118.400,118.406,5.6,1,0,delivered
1347,telemetry,UAV-1,,3,118.500,118.506,5.6,1,0,delivered
1348,telemetry,UAV-3,,3,118.500,118.506,5.6,1,0,delivered
1349,telemetry,UAV-6,,3,118.500,118.511,11.2,2,0,delivered
1350,telemetry,UAV-4,,3,118.700,118.706,5.6,1,0,delivered
1351,telemetry,UAV-5,,3,118.700,118.706,5.6,1,0,delivered
1352,telemetry,UAV-2,,3,118.900,118.906,5.6,1,0,delivered
1353,telemetry,UAV-1,,3,119.000,119.006,5.6,1,0,delivered
1354,telemetry,UAV-3,,3,119.000,119.006,5.6,1,0,delivered
1355,telemetry,UAV-6,,3,119.000,119.011,11.2,2,0,delivered
1356,telemetry,UAV-4,,3,119.200,119.206,5.6,1,0,delivered
1357,telemetry,UAV-5,,3,119.200,119.206,5.6,1,0,delivered
1358,telemetry,UAV-2,,3,119.400,119.406,5.6,1,0,delivered
1359,telemetry,UAV-1,,3,119.500,119.506,5.6,1,0,delivered
1360,telemetry,UAV-3,,3,119.500,119.506,5.6,1,0,delivered
1361,telemetry,UAV-6,,3,119.500,119.511,11.2,2,0,delivered
1362,telemetry,UAV-4,,3,119.700,119.706,5.6,1,0,delivered
1363,telemetry,UAV-5,,3,119.700,119.706,5.6,1,0,delivered
1364,telemetry,UAV-2,,3,119.900,119.906,5.6,1,0,delivered
1365,telemetry,UAV-1,,3,120.000,120.006,5.6,1,0,delivered
1366,telemetry,UAV-3,,3,120.000,120.006,5.6,1,0,delivered
1367,telemetry,UAV-6,,3,120.000,120.011,11.2,2,0,delivered
1368,telemetry,UAV-4,,3,120.200,120.206,5.6,1,0,delivered
1369,telemetry,UAV-5,,3,120.200,120.206,5.6,1,0,delivered
1370,telemetry,UAV-2,,3,120.400,120.406,5.6,1,0,delivered
1371,telemetry,UAV-1,,3,120.500,120.506,5.6,1,0,delivered
1372,telemetry,UAV-3,,3,120.500,120.506,5.6,1,0,delivered
1373,telemetry,UAV-6,,3,120.500,120.511,11.2,2,0,delivered
1374,telemetry,UAV-4,,3,120.700,120.706,5.6,1,0,delivered
1375,telemetry,UAV-5,,3,120.700,120.706,5.6,1,0,delivered
1376,telemetry,UAV-2,,3,120.900,120.906,5.6,1,0,delivered
1377,telemetry,UAV-1,,3,121.000,121.006,5.6,1,0,delivered
1378,telemetry,UAV-3,,3,121.000,121.006,5.6,1,0,delivered
1379,telemetry,UAV-6,,3,121.000,121.011,11.2,2,0,delivered
1382,survey,UAV-3,POI-005,1,121.200,121.206,5.6,1,0,delivered
1383,survey,UAV-3,POI-005,1,121.200,121.206,5.6,1,0,delivered
1380,telemetry,UAV-4,,3,121.200,121.206,5.6,1,0,delivered
1381,telemetry,UAV-5,,3,121.200,121.206,5.6,1,0,delivered
1384,survey,UAV-3,POI-005,1,121.200,121.306,105.6,1,0,delivered
1385,survey,UAV-3,POI-005,1,121.200,121.306,105.6,1,0,delivered
1394,telemetry,UAV-2,,3,121.400,121.406,5.6,1,0,delivered
1386,survey,UAV-3,POI-005,1,121.200,121.406,205.6,1,0,delivered
1387,survey,UAV-3,POI-005,1,121.200,121.406,205.6,1,0,delivered
1395,telemetry,UAV-1,,3,121.500,121.506,5.6,1,0,delivered
1396,telemetry,UAV-3,,3,121.500,121.506,5.6,1,0,delivered
1388,survey,UAV-3,POI-005,1,121.200,121.506,305.6,1,0,delivered
1389,survey,UAV-3,POI-005,1,121.200,121.506,305.6,1,0,delivered
1397,telemetry,UAV-6,,3,121.500,121.506,5.6,1,0,delivered
1390,survey,UAV-3,POI-005,1,121.200,121.606,405.6,1,0,delivered
1391,survey,UAV-3,POI-005,1,121.200,121.606,405.6,1,0,delivered
1392,survey,UAV-3,POI-005,1,121.200,121.706,505.6,1,0,delivered
1393,survey,UAV-3,POI-005,1,121.200,121.706,505.6,1,0,delivered
1398,telemetry,UAV-4,,3,121.700,121.706,5.6,1,0,delivered
1399,telemetry,UAV-5,,3,121.700,121.706,5.6,1,0,delivered
1400,telemetry,UAV-2,,3,121.900,121.906,5.6,1,0,delivered
1401,telemetry,UAV-1,,3,122.000,122.006,5.6,1,0,delivered
1402,telemetry,UAV-3,,3,122.000,122.006,5.6,1,0,delivered
1403,telemetry,UAV-6,,3,122.000,122.006,5.6,1,0,delivered
1404,telemetry,UAV-4,,3,122.200,122.206,5.6,1,0,delivered
1405,telemetry,UAV-5,,3,122.200,122.206,5.6,1,0,delivered
1406,telemetry,UAV-2,,3,122.400,122.406,5.6,1,0,delivered
1407,telemetry,UAV-1,,3,122.500,122.506,5.6,1,0,delivered
1408,telemetry,UAV-3,,3,122.500,122.506,5.6,1,0,delivered
1409,telemetry,UAV-6,,3,122.500,122.506,5.6,1,0,delivered
1410,telemetry,UAV-4,,3,122.700,122.706,5.6,1,0,delivered
1411,telemetry,UAV-5,,3,122.700,122.706,5.6,1,0,delivered
1412,telemetry,UAV-2,,3,122.900,122.906,5.6,1,0,delivered
1413,telemetry,UAV-1,,3,123.000,123.006,5.6,1,0,delivered
1414,telemetry,UAV-3,,3,123.000,123.006,5.6,1,0,delivered
1415,telemetry,UAV-6,,3,123.000,123.006,5.6,1,0,delivered
1416,telemetry,UAV-4,,3,123.200,123.206,5.6,1,0,delivered
1417,telemetry,UAV-5,,3,123.200,123.206,5.6,1,0,delivered
1418,telemetry,UAV-2,,3,123.400,123.406,5.6,1,0,delivered
1419,telemetry,UAV-1,,3,123.500,123.506,5.6,1,0,delivered
1420,telemetry,UAV-3,,3,123.500,123.506,5.6,1,0,delivered
1421,telemetry,UAV-6,,3,123.500,123.506,5.6,1,0,delivered
1422,telemetry,UAV-4,,3,123.700,123.706,5.6,1,0,delivered
1423,telemetry,UAV-5,,3,123.700,123.706,5.6,1,0,delivered
1424,telemetry,UAV-2,,3,123.900,123.906,5.6,1,0,delivered
1425,telemetry,UAV-1,,3,124.000,124.006,5.6,1,0,delivered
1426,telemetry,UAV-3,,3,124.000,124.006,5.6,1,0,delivered
1427,telemetry,UAV-6,,3,124.000,124.006,5.6,1,0,delivered
1428,telemetry,UAV-4,,3,124.200,124.206,5.6,1,0,delivered
1429,telemetry,UAV-5,,3,124.200,124.206,5.6,1,0,delivered
1430,telemetry,UAV-2,,3,124.400,124.406,5.6,1,0,delivered
1431,telemetry,UAV-1,,3,124.500,124.506,5.6,1,0,delivered
1432,telemetry,UAV-3,,3,124.500,124.506,5.6,1,0,delivered
1433,telemetry,UAV-6,,3,124.500,124.506,5.6,1,0,delivered
1434,telemetry,UAV-4,,3,124.700,124.706,5.6,1,0,delivered
1435,telemetry,UAV-5,,3,124.700,124.706,5.6,1,0,delivered
1436,telemetry,UAV-2,,3,124.900,124.906,5.6,1,0,delivered
1437,telemetry,UAV-1,,3,125.000,125.006,5.6,1,0,delivered
1438,telemetry,UAV-3,,3,125.000,125.006,5.6,1,0,delivered
1439,telemetry,UAV-6,,3,125.000,125.006,5.6,1,0,delivered
1440,telemetry,UAV-4,,3,125.200,125.206,5.6,1,0,delivered
1441,telemetry,UAV-5,,3,125.200,125.206,5.6,1,0,delivered
1442,telemetry,UAV-2,,3,125.400,125.406,5.6,1,0,delivered
1443,telemetry,UAV-1,,3,125.500,125.506,5.6,1,0,delivered
1444,telemetry,UAV-3,,3,125.500,125.506,5.6,1,0,delivered
1445,telemetry,UAV-6,,3,125.500,125.506,5.6,1,0,delivered
1446,telemetry,UAV-4,,3,125.700,125.706,5.6,1,0,delivered
1447,telemetry,UAV-5,,3,125.700,125.706,5.6,1,0,delivered
1448,telemetry,UAV-2,,3,125.900,125.906,5.6,1,0,delivered
1449,telemetry,UAV-1,,3,126.000,126.006,5.6,1,0,delivered
1450,telemetry,UAV-3,,3,126.000,126.006,5.6,1,0,delivered
1451,telemetry,UAV-6,,3,126.000,126.006,5.6,1,0,delivered
1452,telemetry,UAV-4,,3,126.200,126.206,5.6,1,0,delivered
1453,telemetry,UAV-5,,3,126.200,126.206,5.6,1,0,delivered
1454,telemetry,UAV-2,,3,126.400,126.406,5.6,1,0,delivered
1455,telemetry,UAV-1,,3,126.500,126.506,5.6,1,0,delivered
1456,telemetry,UAV-3,,3,126.500,126.506,5.6,1,0,delivered
1457,telemetry,UAV-6,,3,126.500,126.506,5.6,1,0,delivered
1458,telemetry,UAV-4,,3,126.700,126.706,5.6,1,0,delivered
1459,telemetry,UAV-5,,3,126.700,126.706,5.6,1,0,delivered
1460,telemetry,UAV-2,,3,126.900,126.906,5.6,1,0,delivered
1461,telemetry,UAV-1,,3,127.000,127.006,5.6,1,0,delivered
1462,telemetry,UAV-3,,3,127.000,127.006,5.6,1,0,delivered
1463,telemetry,UAV-6,,3,127.000,127.006,5.6,1,0,delivered
1464,telemetry,UAV-4,,3,127.200,127.206,5.6,1,0,delivered
1465,telemetry,UAV-5,,3,127.200,127.206,5.6,1,0,delivered
1466,telemetry,UAV-2,,3,127.400,127.406,5.6,1,0,delivered
1467,telemetry,UAV-1,,3,127.500,127.512,11.7,1,1,delivered
1468,telemetry,UAV-3,,3,127.500,127.506,5.6,1,0,delivered
1469,telemetry,UAV-6,,3,127.500,127.506,5.6,1,0,delivered
1470,telemetry,UAV-4,,3,127.700,127.706,5.6,1,0,delivered
1471,telemetry,UAV-5,,3,127.700,127.706,5.6,1,0,delivered
1472,telemetry,UAV-2,,3,127.900,127.906,5.6,1,0,delivered
1473,telemetry,UAV-1,,3,128.000,128.006,5.6,1,0,delivered
1474,telemetry,UAV-3,,3,128.000,128.006,5.6,1,0,delivered
1475,telemetry,UAV-6,,3,128.000,128.006,5.6,1,0,delivered
1476,telemetry,UAV-4,,3,128.200,128.206,5.6,1,0,delivered
1477,telemetry,UAV-5,,3,128.200,128.206,5.6,1,0,delivered
1478,telemetry,UAV-2,,3,128.400,128.406,5.6,1,0,delivered
1479,telemetry,UAV-1,,3,128.500,128.506,5.6,1,0,delivered
1480,telemetry,UAV-3,,3,128.500,128.506,5.6,1,0,delivered
1481,telemetry,UAV-6,,3,128.500,128.506,5.6,1,0,delivered
1482,telemetry,UAV-4,,3,128.700,128.706,5.6,1,0,delivered
1483,telemetry,UAV-5,,3,128.700,128.706,5.6,1,0,delivered
1484,telemetry,UAV-2,,3,128.900,128.906,5.6,1,0,delivered
1485,telemetry,UAV-1,,3,129.000,129.006,5.6,1,0,delivered
1486,telemetry,UAV-3,,3,129.000,129.006,5.6,1,0,delivered
1487,telemetry,UAV-6,,3,129.000,129.006,5.6,1,0,delivered
1488,telemetry,UAV-4,,3,129.200,129.206,5.6,1,0,delivered
1489,telemetry,UAV-5,,3,129.200,129.206,5.6,1,0,delivered
1490,telemetry,UAV-2,,3,129.400,129.406,5.6,1,0,delivered
1491,telemetry,UAV-1,,3,129.500,129.506,5.6,1,0,delivered
1492,telemetry,UAV-3,,3,129.500,129.506,5.6,1,0,delivered
1493,telemetry,UAV-6,,3,129.500,129.506,5.6,1,0,delivered
1494,telemetry,UAV-4,,3,129.700,129.706,5.6,1,0,delivered
1495,telemetry,UAV-5,,3,129.700,129.706,5.6,1,0,delivered
1496,telemetry,UAV-2,,3,129.900,129.906,5.6,1,0,delivered
1497,telemetry,UAV-1,,3,130.000,130.011,11.2,2,0,delivered
1498,telemetry,UAV-3,,3,130.000,130.006,5.6,1,0,delivered
1499,telemetry,UAV-6,,3,130.000,130.006,5.6,1,0,delivered
1500,telemetry,UAV-4,,3,130.200,130.206,5.6,1,0,delivered
1501,telemetry,UAV-5,,3,130.200,130.206,5.6,1,0,delivered
1502,telemetry,UAV-2,,3,130.400,130.406,5.6,1,0,delivered
1503,telemetry,UAV-1,,3,130.500,130.506,5.6,1,0,delivered
1504,telemetry,UAV-3,,3,130.500,130.506,5.6,1,0,delivered
1505,telemetry,UAV-6,,3,130.500,130.506,5.6,1,0,delivered
1506,telemetry,UAV-4,,3,130.700,130.706,5.6,1,0,delivered
1507,telemetry,UAV-5,,3,130.700,130.706,5.6,1,0,delivered
1508,telemetry,UAV-2,,3,130.900,130.906,5.6,1,0,delivered
1509,telemetry,UAV-1,,3,131.000,131.011,11.2,2,0,delivered
1510,telemetry,UAV-3,,3,131.000,131.006,5.6,1,0,delivered
1511,telemetry,UAV-6,,3,131.000,131.006,5.6,1,0,delivered
1512,telemetry,UAV-4,,3,131.200,131.206,5.6,1,0,delivered
1513,telemetry,UAV-5,,3,131.200,131.206,5.6,1,0,delivered
1514,telemetry,UAV-2,,3,131.400,131.406,5.6,1,0,delivered
1515,telemetry,UAV-1,,3,131.500,131.506,5.6,1,0,delivered
1516,telemetry,UAV-3,,3,131.500,131.506,5.6,1,0,delivered
1517,telemetry,UAV-6,,3,131.500,131.506,5.6,1,0,delivered
1518,telemetry,UAV-4,,3,131.700,131.706,5.6,1,0,delivered
1519,telemetry,UAV-5,,3,131.700,131.706,5.6,1,0,delivered
1520,telemetry,UAV-2,,3,131.900,131.906,5.6,1,0,delivered
1521,telemetry,UAV-1,,3,132.000,132.011,11.2,2,0,delivered
1522,telemetry,UAV-3,,3,132.000,132.006,5.6,1,0,delivered
1523,telemetry,UAV-6,,3,132.000,132.006,5.6,1,0,delivered
1524,telemetry,UAV-4,,3,132.200,132.206,5.6,1,0,delivered
1525,telemetry,UAV-5,,3,132.200,132.206,5.6,1,0,delivered
1526,telemetry,UAV-2,,3,132.400,132.406,5.6,1,0,delivered
1527,telemetry,UAV-1,,3,132.500,132.506,5.6,1,0,delivered
1528,telemetry,UAV-3,,3,132.500,132.506,5.6,1,0,delivered
1529,telemetry,UAV-6,,3,132.500,132.506,5.6,1,0,delivered
1530,telemetry,UAV-4,,3,132.700,132.706,5.6,1,0,delivered
1531,telemetry,UAV-5,,3,132.700,132.706,5.6,1,0,delivered
1532,telemetry,UAV-2,,3,132.900,132.906,5.6,1,0,delivered
1533,telemetry,UAV-1,,3,133.000,133.006,5.6,1,0,delivered
1534,telemetry,UAV-3,,3,133.000,133.006,5.6,1,0,delivered
1535,telemetry,UAV-6,,3,133.000,133.006,5.6,1,0,delivered
1536,telemetry,UAV-4,,3,133.200,133.206,5.6,1,0,delivered
1537,telemetry,UAV-5,,3,133.200,133.206,5.6,1,0,delivered
1538,telemetry,UAV-2,,3,133.400,133.406,5.6,1,0,delivered
1539,telemetry,UAV-1,,3,133.500,133.511,11.2,2,0,delivered
1540,telemetry,UAV-3,,3,133.500,133.506,5.6,1,0,delivered
1541,telemetry,UAV-6,,3,133.500,133.506,5.6,1,0,delivered
1542,telemetry,UAV-4,,3,133.700,133.706,5.6,1,0,delivered
1543,telemetry,UAV-5,,3,133.700,133.706,5.6,1,0,delivered
1544,telemetry,UAV-2,,3,133.900,133.906,5.6,1,0,delivered
1545,telemetry,UAV-1,,3,134.000,134.011,11.2,2,0,delivered
1546,telemetry,UAV-3,,3,134.000,134.006,5.6,1,0,delivered
1547,telemetry,UAV-6,,3,134.000,134.006,5.6,1,0,delivered
1548,telemetry,UAV-4,,3,134.200,134.206,5.6,1,0,delivered
1549,telemetry,UAV-5,,3,134.200,134.206,5.6,1,0,delivered
1550,telemetry,UAV-2,,3,134.400,134.406,5.6,1,0,delivered
1551,telemetry,UAV-1,,3,134.500,134.511,11.2,2,0,delivered
1552,telemetry,UAV-3,,3,134.500,134.506,5.6,1,0,delivered
1553,telemetry,UAV-6,,3,134.500,134.506,5.6,1,0,delivered
1554,telemetry,UAV-4,,3,134.700,134.712,11.7,1,1,delivered
1555,telemetry,UAV-5,,3,134.700,134.706,5.6,1,0,delivered
1556,telemetry,UAV-2,,3,134.900,134.906,5.6,1,0,delivered
1557,telemetry,UAV-1,,3,135.000,135.012,11.7,1,1,delivered
1558,telemetry,UAV-3,,3,135.000,135.006,5.6,1,0,delivered
1559,telemetry,UAV-6,,3,135.000,135.006,5.6,1,0,delivered
1560,telemetry,UAV-4,,3,135.200,135.211,11.2,2,0,delivered
1561,telemetry,UAV-5,,3,135.200,135.206,5.6,1,0,delivered
1562,telemetry,UAV-2,,3,135.400,135.406,5.6,1,0,delivered
1563,telemetry,UAV-1,,3,135.500,135.506,5.6,1,0,delivered
1564,telemetry,UAV-3,,3,135.500,135.506,5.6,1,0,delivered
1565,telemetry,UAV-6,,3,135.500,135.506,5.6,1,0,delivered
1566,telemetry,UAV-4,,3,135.700,135.711,11.2,2,0,delivered
1567,telemetry,UAV-5,,3,135.700,135.706,5.6,1,0,delivered
1568,telemetry,UAV-2,,3,135.900,135.906,5.6,1,0,delivered
1569,telemetry,UAV-1,,3,136.000,136.006,5.6,1,0,delivered
1570,telemetry,UAV-3,,3,136.000,136.006,5.6,1,0,delivered
1571,telemetry,UAV-6,,3,136.000,136.006,5.6,1,0,delivered
1572,telemetry,UAV-4,,3,136.200,136.206,5.6,1,0,delivered
1573,telemetry,UAV-5,,3,136.200,136.206,5.6,1,0,delivered
1574,telemetry,UAV-2,,3,136.400,136.406,5.6,1,0,delivered
1575,telemetry,UAV-1,,3,136.500,136.506,5.6,1,0,delivered
1576,telemetry,UAV-3,,3,136.500,136.506,5.6,1,0,delivered
1577,telemetry,UAV-6,,3,136.500,136.506,5.6,1,0,delivered
1578,telemetry,UAV-4,,3,136.700,136.711,11.2,2,0,delivered
1579,telemetry,UAV-5,,3,136.700,136.706,5.6,1,0,delivered
1580,telemetry,UAV-2,,3,136.900,136.906,5.6,1,0,delivered
1581,telemetry,UAV-1,,3,137.000,137.011,11.2,2,0,delivered
1582,telemetry,UAV-3,,3,137.000,137.006,5.6,1,0,delivered
1583,telemetry,UAV-6,,3,137.000,137.006,5.6,1,0,delivered
1584,telemetry,UAV-4,,3,137.200,137.211,11.2,2,0,delivered
1585,telemetry,UAV-5,,3,137.200,137.206,5.6,1,0,delivered
1586,telemetry,UAV-2,,3,137.400,137.406,5.6,1,0,delivered
1587,telemetry,UAV-1,,3,137.500,137.511,11.2,2,0,delivered
1588,telemetry,UAV-3,,3,137.500,137.506,5.6,1,0,delivered
1589,telemetry,UAV-6,,3,137.500,137.506,5.6,1,0,delivered
1590,telemetry,UAV-4,,3,137.700,137.711,11.2,2,0,delivered
1591,telemetry,UAV-5,,3,137.700,137.706,5.6,1,0,delivered
1592,telemetry,UAV-2,,3,137.900,137.906,5.6,1,0,delivered
1593,telemetry,UAV-1,,3,138.000,138.011,11.2,2,0,delivered
1594,telemetry,UAV-3,,3,138.000,138.006,5.6,1,0,delivered
1595,telemetry,UAV-6,,3,138.000,138.006,5.6,1,0,delivered
1596,telemetry,UAV-4,,3,138.200,138.211,11.2,2,0,delivered
1597,telemetry,UAV-5,,3,138.200,138.206,5.6,1,0,delivered
1598,telemetry,UAV-2,,3,138.400,138.406,5.6,1,0,delivered
1599,telemetry,UAV-1,,3,138.500,138.506,5.6,1,0,delivered
1600,telemetry,UAV-3,,3,138.500,138.506,5.6,1,0,delivered
1601,telemetry,UAV-6,,3,138.500,138.506,5.6,1,0,delivered
1602,telemetry,UAV-4,,3,138.700,138.711,11.2,2,0,delivered
1603,telemetry,UAV-5,,3,138.700,138.706,5.6,1,0,delivered
1604,telemetry,UAV-2,,3,138.900,138.906,5.6,1,0,delivered
1605,telemetry,UAV-1,,3,139.000,139.011,11.2,2,0,delivered
1606,telemetry,UAV-3,,3,139.000,139.006,5.6,1,0,delivered
1607,telemetry,UAV-6,,3,139.000,139.006,5.6,1,0,delivered
1608,telemetry,UAV-4,,3,139.200,139.211,11.2,2,0,delivered
1609,telemetry,UAV-5,,3,139.200,139.206,5.6,1,0,delivered
1610,telemetry,UAV-2,,3,139.400,139.406,5.6,1,0,delivered
1611,telemetry,UAV-1,,3,139.500,139.506,5.6,1,0,delivered
1612,telemetry,UAV-3,,3,139.500,139.506,5.6,1,0,delivered
1613,telemetry,UAV-6,,3,139.500,139.506,5.6,1,0,delivered
1614,telemetry,UAV-4,,3,139.700,139.711,11.2,2,0,delivered
1615,telemetry,UAV-5,,3,139.700,139.706,5.6,1,0,delivered
1616,telemetry,UAV-2,,3,139.900,139.906,5.6,1,0,delivered
1617,telemetry,UAV-1,,3,140.000,140.012,11.7,1,1,delivered
1618,telemetry,UAV-3,,3,140.000,140.006,5.6,1,0,delivered
1619,telemetry,UAV-6,,3,140.000,140.006,5.6,1,0,delivered
1620,telemetry,UAV-4,,3,140.200,140.211,11.2,2,0,delivered
1621,telemetry,UAV-5,,3,140.200,140.206,5.6,1,0,delivered
1622,telemetry,UAV-2,,3,140.400,140.406,5.6,1,0,delivered
1623,telemetry,UAV-1,,3,140.500,140.511,11.2,2,0,delivered
1624,telemetry,UAV-3,,3,140.500,140.506,5.6,1,0,delivered
1625,telemetry,UAV-6,,3,140.500,140.506,5.6,1,0,delivered
1626,telemetry,UAV-4,,3,140.700,140.711,11.2,2,0,delivered
1627,telemetry,UAV-5,,3,140.700,140.706,5.6,1,0,delivered
1628,telemetry,UAV-2,,3,140.900,140.906,5.6,1,0,delivered
1629,telemetry,UAV-1,,3,141.000,141.011,11.2,2,0,delivered
1630,telemetry,UAV-3,,3,141.000,141.006,5.6,1,0,delivered
1631,telemetry,UAV-6,,3,141.000,141.006,5.6,1,0,delivered
1632,telemetry,UAV-4,,3,141.200,141.211,11.2,2,0,delivered
1633,telemetry,UAV-5,,3,141.200,141.206,5.6,1,0,delivered
1634,telemetry,UAV-2,,3,141.400,141.406,5.6,1,0,delivered
1635,telemetry,UAV-1,,3,141.500,141.511,11.2,2,0,delivered
1636,telemetry,UAV-3,,3,141.500,141.506,5.6,1,0,delivered
1637,telemetry,UAV-6,,3,141.500,141.506,5.6,1,0,delivered
1638,telemetry,UAV-4,,3,141.700,141.711,11.2,2,0,delivered
1639,telemetry,UAV-5,,3,141.700,141.706,5.6,1,0,delivered
1640,telemetry,UAV-2,,3,141.900,141.906,5.6,1,0,delivered
1641,telemetry,UAV-1,,3,142.000,142.011,11.2,2,0,delivered
1642,telemetry,UAV-3,,3,142.000,142.006,5.6,1,0,delivered
1643,telemetry,UAV-6,,3,142.000,142.006,5.6,1,0,delivered
1644,telemetry,UAV-4,,3,142.200,142.211,11.2,2,0,delivered
1645,telemetry,UAV-5,,3,142.200,142.206,5.6,1,0,delivered
1646,telemetry,UAV-2,,3,142.400,142.406,5.6,1,0,delivered
1647,telemetry,UAV-1,,3,142.500,142.511,11.2,2,0,delivered
1648,telemetry,UAV-3,,3,142.500,142.506,5.6,1,0,delivered
1649,telemetry,UAV-6,,3,142.500,142.506,5.6,1,0,delivered
1650,telemetry,UAV-4,,3,142.700,142.711,11.2,2,0,delivered
1651,telemetry,UAV-5,,3,142.700,142.706,5.6,1,0,delivered
1652,telemetry,UAV-2,,3,142.900,142.906,5.6,1,0,delivered
1653,telemetry,UAV-1,,3,143.000,143.011,11.2,2,0,delivered
1654,telemetry,UAV-3,,3,143.000,143.006,5.6,1,0,delivered
1655,telemetry,UAV-6,,3,143.000,143.006,5.6,1,0,delivered
1656,telemetry,UAV-4,,3,143.200,143.211,11.2,2,0,delivered
1657,telemetry,UAV-5,,3,143.200,143.206,5.6,1,0,delivered
1658,telemetry,UAV-2,,3,143.400,143.406,5.6,1,0,delivered
1659,telemetry,UAV-1,,3,143.500,143.511,11.2,2,0,delivered
1660,telemetry,UAV-3,,3,143.500,143.506,5.6,1,0,delivered
1661,telemetry,UAV-6,,3,143.500,143.506,5.6,1,0,delivered
1662,telemetry,UAV-4,,3,143.700,143.711,11.2,2,0,delivered
1663,telemetry,UAV-5,,3,143.700,143.706,5.6,1,0,delivered
1664,telemetry,UAV-2,,3,143.900,143.906,5.6,1,0,delivered
1665,telemetry,UAV-1,,3,144.000,144.011,11.2,2,0,delivered
1666,telemetry,UAV-3,,3,144.000,144.006,5.6,1,0,delivered
1667,telemetry,UAV-6,,3,144.000,144.006,5.6,1,0,delivered
1668,telemetry,UAV-4,,3,144.200,144.211,11.2,2,0,delivered
1669,telemetry,UAV-5,,3,144.200,144.206,5.6,1,0,delivered
1670,telemetry,UAV-2,,3,144.400,144.406,5.6,1,0,delivered
1671,telemetry,UAV-1,,3,144.500,144.511,11.2,2,0,delivered
1672,telemetry,UAV-3,,3,144.500,144.506,5.6,1,0,delivered
1673,telemetry,UAV-6,,3,144.500,144.506,5.6,1,0,delivered
1674,telemetry,UAV-4,,3,144.700,144.711,11.2,2,0,delivered
1675,telemetry,UAV-5,,3,144.700,144.706,5.6,1,0,delivered
1676,telemetry,UAV-2,,3,144.900,144.906,5.6,1,0,delivered
1677,telemetry,UAV-1,,3,145.000,145.006,5.6,1,0,delivered
1678,telemetry,UAV-3,,3,145.000,145.006,5.6,1,0,delivered
1679,telemetry,UAV-6,,3,145.000,145.006,5.6,1,0,delivered
1680,telemetry,UAV-4,,3,145.200,145.211,11.2,2,0,delivered
1681,telemetry,UAV-5,,3,145.200,145.206,5.6,1,0,delivered
1682,telemetry,UAV-2,,3,145.400,145.406,5.6,1,0,delivered
1683,telemetry,UAV-1,,3,145.500,145.511,11.2,2,0,delivered
1684,telemetry,UAV-3,,3,145.500,145.506,5.6,1,0,delivered
1685,telemetry,UAV-6,,3,145.500,145.506,5.6,1,0,delivered
1686,telemetry,UAV-4,,3,145.700,145.711,11.2,2,0,delivered
1687,telemetry,UAV-5,,3,145.700,145.706,5.6,1,0,delivered
1688,telemetry,UAV-2,,3,145.900,145.906,5.6,1,0,delivered
1689,telemetry,UAV-1,,3,146.000,146.006,5.6,1,0,delivered
1690,telemetry,UAV-3,,3,146.000,146.006,5.6,1,0,delivered
1691,telemetry,UAV-6,,3,146.000,146.006,5.6,1,0,delivered
1692,telemetry,UAV-4,,3,146.200,146.211,11.2,2,0,delivered
1693,telemetry,UAV-5,,3,146.200,146.206,5.6,1,0,delivered
1694,telemetry,UAV-2,,3,146.400,146.406,5.6,1,0,delivered
1695,telemetry,UAV-1,,3,146.500,146.512,11.7,1,1,delivered
1696,telemetry,UAV-3,,3,146.500,146.506,5.6,1,0,delivered
1697,telemetry,UAV-6,,3,146.500,146.506,5.6,1,0,delivered
1698,telemetry,UAV-4,,3,146.700,146.711,11.2,2,0,delivered
1699,telemetry,UAV-5,,3,146.700,146.706,5.6,1,0,delivered
1700,telemetry,UAV-2,,3,146.900,146.906,5.6,1,0,delivered
1701,telemetry,UAV-1,,3,147.000,147.006,5.6,1,0,delivered
1702,telemetry,UAV-3,,3,147.000,147.006,5.6,1,0,delivered
1703,telemetry,UAV-6,,3,147.000,147.006,5.6,1,0,delivered
1704,telemetry,UAV-4,,3,147.200,147.211,11.2,2,0,delivered
1705,telemetry,UAV-5,,3,147.200,147.206,5.6,1,0,delivered
1706,telemetry,UAV-2,,3,147.400,147.406,5.6,1,0,delivered
1707,telemetry,UAV-1,,3,147.500,147.506,5.6,1,0,delivered
1708,telemetry,UAV-3,,3,147.500,147.506,5.6,1,0,delivered
1709,telemetry,UAV-6,,3,147.500,147.506,5.6,1,0,delivered
1710,telemetry,UAV-4,,3,147.700,147.711,11.2,2,0,delivered
1711,telemetry,UAV-5,,3,147.700,147.706,5.6,1,0,delivered
1712,telemetry,UAV-2,,3,147.900,147.906,5.6,1,0,delivered
1713,telemetry,UAV-1,,3,148.000,148.006,5.6,1,0,delivered
1714,telemetry,UAV-3,,3,148.000,148.006,5.6,1,0,delivered
1715,telemetry,UAV-6,,3,148.000,148.006,5.6,1,0,delivered
1716,telemetry,UAV-4,,3,148.200,148.211,11.2,2,0,delivered
1717,telemetry,UAV-5,,3,148.200,148.206,5.6,1,0,delivered
1718,telemetry,UAV-2,,3,148.400,148.406,5.6,1,0,delivered
1719,telemetry,UAV-1,,3,148.500,148.506,5.6,1,0,delivered
1720,telemetry,UAV-3,,3,148.500,148.506,5.6,1,0,delivered
1721,telemetry,UAV-6,,3,148.500,148.506,5.6,1,0,delivered
1722,telemetry,UAV-4,,3,148.700,148.711,11.2,2,0,delivered
1723,telemetry,UAV-5,,3,148.700,148.712,11.7,1,1,delivered
1724,telemetry,UAV-2,,3,148.900,148.912,11.7,1,1,delivered
1725,telemetry,UAV-1,,3,149.000,149.006,5.6,1,0,delivered
1726,telemetry,UAV-3,,3,149.000,149.011,11.2,2,0,delivered
1727,telemetry,UAV-6,,3,149.000,149.006,5.6,1,0,delivered
1728,telemetry,UAV-4,,3,149.200,149.211,11.2,2,0,delivered
1729,telemetry,UAV-5,,3,149.200,149.206,5.6,1,0,delivered
1730,telemetry,UAV-2,,3,149.400,149.406,5.6,1,0,delivered
1731,telemetry,UAV-1,,3,149.500,149.506,5.6,1,0,delivered
1732,telemetry,UAV-3,,3,149.500,149.512,11.7,1,1,delivered
1733,telemetry,UAV-6,,3,149.500,149.506,5.6,1,0,delivered
1734,telemetry,UAV-4,,3,149.700,149.711,11.2,2,0,delivered
1735,telemetry,UAV-5,,3,149.700,149.706,5.6,1,0,delivered
1736,telemetry,UAV-2,,3,149.900,149.906,5.6,1,0,delivered
1737,telemetry,UAV-3,,3,150.000,150.006,5.6,1,0,delivered
1738,telemetry,UAV-6,,3,150.000,150.006,5.6,1,0,delivered
1739,telemetry,UAV-4,,3,150.200,150.211,11.2,2,0,delivered
1740,telemetry,UAV-5,,3,150.200,150.206,5.6,1,0,delivered
1741,telemetry,UAV-2,,3,150.400,150.406,5.6,1,0,delivered
1742,telemetry,UAV-3,,3,150.500,150.511,11.2,2,0,delivered
1743,telemetry,UAV-6,,3,150.500,150.506,5.6,1,0,delivered
1744,telemetry,UAV-4,,3,150.700,150.711,11.2,2,0,delivered
1745,telemetry,UAV-5,,3,150.700,150.706,5.6,1,0,delivered
1746,telemetry,UAV-2,,3,150.900,150.906,5.6,1,0,delivered
1747,telemetry,UAV-3,,3,151.000,151.006,5.6,1,0,delivered
1748,telemetry,UAV-6,,3,151.000,151.006,5.6,1,0,delivered
1749,telemetry,UAV-4,,3,151.200,151.211,11.2,2,0,delivered
1750,telemetry,UAV-5,,3,151.200,151.206,5.6,1,0,delivered
1751,telemetry,UAV-2,,3,151.400,151.411,11.2,2,0,delivered
1752,telemetry,UAV-3,,3,151.500,151.511,11.2,2,0,delivered
1753,telemetry,UAV-6,,3,151.500,151.506,5.6,1,0,delivered
1754,telemetry,UAV-4,,3,151.700,151.711,11.2,2,0,delivered
1755,telemetry,UAV-5,,3,151.700,151.711,11.2,2,0,delivered
1756,telemetry,UAV-2,,3,151.900,151.906,5.6,1,0,delivered
1757,telemetry,UAV-3,,3,152.000,152.011,11.2,2,0,delivered
1758,telemetry,UAV-6,,3,152.000,152.006,5.6,1,0,delivered
1759,telemetry,UAV-4,,3,152.200,152.211,11.2,2,0,delivered
1760,telemetry,UAV-5,,3,152.200,152.206,5.6,1,0,delivered
1761,telemetry,UAV-2,,3,152.400,152.406,5.6,1,0,delivered
1762,telemetry,UAV-3,,3,152.500,152.511,11.2,2,0,delivered
1763,telemetry,UAV-6,,3,152.500,152.506,5.6,1,0,delivered
1764,telemetry,UAV-4,,3,152.700,152.711,11.2,2,0,delivered
1765,telemetry,UAV-5,,3,152.700,152.711,11.2,2,0,delivered
1766,telemetry,UAV-2,,3,152.900,152.906,5.6,1,0,delivered
1767,telemetry,UAV-3,,3,153.000,153.011,11.2,2,0,delivered
1768,telemetry,UAV-6,,3,153.000,153.006,5.6,1,0,delivered
1769,telemetry,UAV-4,,3,153.200,153.211,11.2,2,0,delivered
1770,telemetry,UAV-5,,3,153.200,153.206,5.6,1,0,delivered
1771,telemetry,UAV-2,,3,153.400,153.406,5.6,1,0,delivered
1772,telemetry,UAV-3,,3,153.500,153.511,11.2,2,0,delivered
1773,telemetry,UAV-6,,3,153.500,153.506,5.6,1,0,delivered
1774,telemetry,UAV-4,,3,153.700,153.711,11.2,2,0,delivered
1775,telemetry,UAV-5,,3,153.700,153.706,5.6,1,0,delivered
1776,telemetry,UAV-2,,3,153.900,153.906,5.6,1,0,delivered
1777,telemetry,UAV-3,,3,154.000,154.011,11.2,2,0,delivered
1778,telemetry,UAV-6,,3,154.000,154.006,5.6,1,0,delivered
1779,telemetry,UAV-4,,3,154.200,154.211,11.2,2,0,delivered
1780,telemetry,UAV-5,,3,154.200,154.206,5.6,1,0,delivered
1781,telemetry,UAV-2,,3,154.400,154.406,5.6,1,0,delivered
1782,telemetry,UAV-3,,3,154.500,154.511,11.2,2,0,delivered
1783,telemetry,UAV-6,,3,154.500,154.506,5.6,1,0,delivered
1784,telemetry,UAV-4,,3,154.700,154.711,11.2,2,0,delivered
1785,telemetry,UAV-5,,3,154.700,154.706,5.6,1,0,delivered
1786,telemetry,UAV-2,,3,154.900,154.906,5.6,1,0,delivered
1787,telemetry,UAV-3,,3,155.000,155.011,11.2,2,0,delivered
1788,telemetry,UAV-6,,3,155.000,155.006,5.6,1,0,delivered
1789,telemetry,UAV-4,,3,155.200,155.211,11.2,2,0,delivered
1790,telemetry,UAV-5,,3,155.200,155.206,5.6,1,0,delivered
1791,telemetry,UAV-2,,3,155.400,155.411,11.2,2,0,delivered
1792,telemetry,UAV-3,,3,155.500,155.511,11.2,2,0,delivered
1793,telemetry,UAV-6,,3,155.500,155.506,5.6,1,0,delivered
1794,telemetry,UAV-4,,3,155.700,155.711,11.2,2,0,delivered
1795,telemetry,UAV-5,,3,155.700,155.706,5.6,1,0,delivered
1796,telemetry,UAV-2,,3,155.900,155.911,11.2,2,0,delivered
1797,telemetry,UAV-3,,3,156.000,156.011,11.2,2,0,delivered
1798,telemetry,UAV-6,,3,156.000,156.006,5.6,1,0,delivered
1799,telemetry,UAV-4,,3,156.200,156.211,11.2,2,0,delivered
1800,telemetry,UAV-5,,3,156.200,156.206,5.6,1,0,delivered
1801,telemetry,UAV-2,,3,156.400,156.411,11.2,2,0,delivered
1802,telemetry,UAV-3,,3,156.500,156.511,11.2,2,0,delivered
1803,telemetry,UAV-6,,3,156.500,156.506,5.6,1,0,delivered
1804,telemetry,UAV-4,,3,156.700,156.711,11.2,2,0,delivered
1805,telemetry,UAV-5,,3,156.700,156.706,5.6,1,0,delivered
1806,telemetry,UAV-2,,3,156.900,156.911,11.2,2,0,delivered
1807,telemetry,UAV-3,,3,157.000,157.011,11.2,2,0,delivered
1808,telemetry,UAV-6,,3,157.000,157.006,5.6,1,0,delivered
1809,telemetry,UAV-4,,3,157.200,157.211,11.2,2,0,delivered
1810,telemetry,UAV-5,,3,157.200,157.211,11.2,2,0,delivered
1811,telemetry,UAV-2,,3,157.400,157.411,11.2,2,0,delivered
1812,telemetry,UAV-3,,3,157.500,157.511,11.2,2,0,delivered
1813,telemetry,UAV-6,,3,157.500,157.506,5.6,1,0,delivered
1814,telemetry,UAV-4,,3,157.700,157.711,11.2,2,0,delivered
1815,telemetry,UAV-5,,3,157.700,157.711,11.2,2,0,delivered
1816,telemetry,UAV-2,,3,157.900,157.911,11.2,2,0,delivered
1817,telemetry,UAV-3,,3,158.000,158.011,11.2,2,0,delivered
1818,telemetry,UAV-6,,3,158.000,158.006,5.6,1,0,delivered
1819,telemetry,UAV-4,,3,158.200,158.211,11.2,2,0,delivered
1820,telemetry,UAV-5,,3,158.200,158.211,11.2,2,0,delivered
1821,telemetry,UAV-2,,3,158.400,158.411,11.2,2,0,delivered
1822,telemetry,UAV-3,,3,158.500,158.511,11.2,2,0,delivered
1823,telemetry,UAV-6,,3,158.500,158.506,5.6,1,0,delivered
1824,telemetry,UAV-4,,3,158.700,158.711,11.2,2,0,delivered
1825,telemetry,UAV-5,,3,158.700,158.711,11.2,2,0,delivered
1826,telemetry,UAV-2,,3,158.900,158.911,11.2,2,0,delivered
1827,telemetry,UAV-3,,3,159.000,159.011,11.2,2,0,delivered
1828,telemetry,UAV-6,,3,159.000,159.006,5.6,1,0,delivered
1829,telemetry,UAV-4,,3,159.200,159.211,11.2,2,0,delivered
1830,telemetry,UAV-5,,3,159.200,159.211,11.2,2,0,delivered
1831,telemetry,UAV-2,,3,159.400,159.411,11.2,2,0,delivered
1832,telemetry,UAV-3,,3,159.500,159.511,11.2,2,0,delivered
1833,telemetry,UAV-6,,3,159.500,159.506,5.6,1,0,delivered
1834,telemetry,UAV-4,,3,159.700,159.711,11.2,2,0,delivered
1835,telemetry,UAV-5,,3,159.700,159.711,11.2,2,0,delivered
1836,telemetry,UAV-2,,3,159.900,159.911,11.2,2,0,delivered
1837,telemetry,UAV-3,,3,160.000,160.011,11.2,2,0,delivered
1838,telemetry,UAV-6,,3,160.000,160.006,5.6,1,0,delivered
1839,telemetry,UAV-4,,3,160.200,160.211,11.2,2,0,delivered
1840,telemetry,UAV-5,,3,160.200,160.211,11.2,2,0,delivered
1841,telemetry,UAV-2,,3,160.400,160.411,11.2,2,0,delivered
1842,telemetry,UAV-3,,3,160.500,160.511,11.2,2,0,delivered
1843,telemetry,UAV-6,,3,160.500,160.506,5.6,1,0,delivered
1844,telemetry,UAV-4,,3,160.700,160.711,11.2,2,0,delivered
1845,telemetry,UAV-5,,3,160.700,160.711,11.2,2,0,delivered
1846,telemetry,UAV-2,,3,160.900,160.911,11.2,2,0,delivered
1847,telemetry,UAV-3,,3,161.000,161.011,11.2,2,0,delivered
1848,telemetry,UAV-6,,3,161.000,161.006,5.6,1,0,delivered
1849,telemetry,UAV-4,,3,161.200,161.211,11.2,2,0,delivered
1850,telemetry,UAV-5,,3,161.200,161.211,11.2,2,0,delivered
1851,telemetry,UAV-2,,3,161.400,161.411,11.2,2,0,delivered
1852,telemetry,UAV-3,,3,161.500,161.511,11.2,2,0,delivered
1853,telemetry,UAV-6,,3,161.500,161.506,5.6,1,0,delivered
1854,telemetry,UAV-4,,3,161.700,161.711,11.2,2,0,delivered
1855,telemetry,UAV-5,,3,161.700,161.711,11.2,2,0,delivered
1856,telemetry,UAV-2,,3,161.900,161.911,11.2,2,0,delivered
1857,telemetry,UAV-3,,3,162.000,162.011,11.2,2,0,delivered
1858,telemetry,UAV-6,,3,162.000,162.006,5.6,1,0,delivered
1859,telemetry,UAV-4,,3,162.200,162.211,11.2,2,0,delivered
1860,telemetry,UAV-5,,3,162.200,162.211,11.2,2,0,delivered
1861,telemetry,UAV-2,,3,162.400,162.411,11.2,2,0,delivered
1862,telemetry,UAV-3,,3,162.500,162.511,11.2,2,0,delivered
1863,telemetry,UAV-6,,3,162.500,162.506,5.6,1,0,delivered
1864,telemetry,UAV-4,,3,162.700,162.711,11.2,2,0,delivered
1865,telemetry,UAV-5,,3,162.700,162.711,11.2,2,0,delivered
1866,telemetry,UAV-2,,3,162.900,162.911,11.2,2,0,delivered
1867,telemetry,UAV-3,,3,163.000,163.011,11.2,2,0,delivered
1868,telemetry,UAV-6,,3,163.000,163.006,5.6,1,0,delivered
1869,telemetry,UAV-4,,3,163.200,163.211,11.2,2,0,delivered
1870,telemetry,UAV-5,,3,163.200,163.211,11.2,2,0,delivered
1871,telemetry,UAV-2,,3,163.400,163.411,11.2,2,0,delivered
1872,telemetry,UAV-3,,3,163.500,163.511,11.2,2,0,delivered
1873,telemetry,UAV-6,,3,163.500,163.506,5.6,1,0,delivered
1874,telemetry,UAV-4,,3,163.700,163.711,11.2,2,0,delivered
1875,telemetry,UAV-5,,3,163.700,163.711,11.2,2,0,delivered
1876,telemetry,UAV-2,,3,163.900,163.911,11.2,2,0,delivered
1877,telemetry,UAV-3,,3,164.000,164.011,11.2,2,0,delivered
1878,telemetry,UAV-6,,3,164.000,164.006,5.6,1,0,delivered
1879,telemetry,UAV-4,,3,164.200,164.211,11.2,2,0,delivered
1880,telemetry,UAV-5,,3,164.200,164.211,11.2,2,0,delivered
1881,telemetry,UAV-2,,3,164.400,164.411,11.2,2,0,delivered
1882,telemetry,UAV-3,,3,164.500,164.511,11.2,2,0,delivered
1883,telemetry,UAV-6,,3,164.500,164.506,5.6,1,0,delivered
1884,telemetry,UAV-4,,3,164.700,164.711,11.2,2,0,delivered
1885,telemetry,UAV-5,,3,164.700,164.711,11.2,2,0,delivered
1886,telemetry,UAV-2,,3,164.900,164.911,11.2,2,0,delivered
1887,telemetry,UAV-3,,3,165.000,165.011,11.2,2,0,delivered
1888,telemetry,UAV-6,,3,165.000,165.006,5.6,1,0,delivered
1889,telemetry,UAV-4,,3,165.200,165.211,11.2,2,0,delivered
1890,telemetry,UAV-5,,3,165.200,165.211,11.2,2,0,delivered
1891,telemetry,UAV-2,,3,165.400,165.411,11.2,2,0,delivered
1892,telemetry,UAV-3,,3,165.500,165.511,11.2,2,0,delivered
1893,telemetry,UAV-6,,3,165.500,165.506,5.6,1,0,delivered
1894,telemetry,UAV-4,,3,165.700,165.711,11.2,2,0,delivered
1895,telemetry,UAV-5,,3,165.700,165.711,11.2,2,0,delivered
1896,telemetry,UAV-2,,3,165.900,165.911,11.2,2,0,delivered
1897,telemetry,UAV-3,,3,166.000,166.011,11.2,2,0,delivered
1898,telemetry,UAV-6,,3,166.000,166.006,5.6,1,0,delivered
1899,telemetry,UAV-4,,3,166.200,166.211,11.2,2,0,delivered
1900,telemetry,UAV-5,,3,166.200,166.211,11.2,2,0,delivered
1901,telemetry,UAV-2,,3,166.400,166.411,11.2,2,0,delivered
1902,telemetry,UAV-3,,3,166.500,166.511,11.2,2,0,delivered
1903,telemetry,UAV-6,,3,166.500,166.506,5.6,1,0,delivered
1904,telemetry,UAV-4,,3,166.700,166.711,11.2,2,0,delivered
1905,telemetry,UAV-5,,3,166.700,166.711,11.2,2,0,delivered
1906,survey,UAV-5,POI-007,2,166.800,166.811,11.2,2,0,delivered
1907,survey,UAV-5,POI-007,2,166.800,166.811,11.2,2,0,delivered
1918,telemetry,UAV-2,,3,166.900,166.911,11.2,2,0,delivered
1919,survey,UAV-4,POI-008,1,166.900,166.911,11.2,2,0,delivered
1920,survey,UAV-4,POI-008,1,166.900,166.911,11.2,2,0,delivered
1908,survey,UAV-5,POI-007,2,166.800,166.911,111.2,2,0,delivered
1909,survey,UAV-5,POI-007,2,166.800,166.911,111.2,2,0,delivered
1931,telemetry,UAV-3,,3,167.000,167.011,11.2,2,0,delivered
1921,survey,UAV-4,POI-008,1,166.900,167.011,111.2,2,0,delivered
1922,survey,UAV-4,POI-008,1,166.900,167.011,111.2,2,0,delivered
1910,survey,UAV-5,POI-007,2,166.800,167.011,211.2,2,0,delivered
1911,survey,UAV-5,POI-007,2,166.800,167.011,211.2,2,0,delivered
1932,telemetry,UAV-6,,3,167.000,167.006,5.6,1,0,delivered
1923,survey,UAV-4,POI-008,1,166.900,167.111,211.2,2,0,delivered
1924,survey,UAV-4,POI-008,1,166.900,167.111,211.2,2,0,delivered
1912,survey,UAV-5,POI-007,2,166.800,167.111,311.2,2,0,delivered
1913,survey,UAV-5,POI-007,2,166.800,167.111,311.2,2,0,delivered
1933,telemetry,UAV-4,,3,167.200,167.211,11.2,2,0,delivered
1925,survey,UAV-4,POI-008,1,166.900,167.211,311.2,2,0,delivered
1926,survey,UAV-4,POI-008,1,166.900,167.211,311.2,2,0,delivered
1934,telemetry,UAV-5,,3,167.200,167.211,11.2,2,0,delivered
1914,survey,UAV-5,POI-007,2,166.800,167.211,411.2,2,0,delivered
1915,survey,UAV-5,POI-007,2,166.800,167.211,411.2,2,0,delivered
1927,survey,UAV-4,POI-008,1,166.900,167.311,411.2,2,0,delivered
1928,survey,UAV-4,POI-008,1,166.900,167.311,411.2,2,0,delivered
1916,survey,UAV-5,POI-007,2,166.800,167.311,511.2,2,0,delivered
1917,survey,UAV-5,POI-007,2,166.800,167.311,511.2,2,0,delivered
1935,telemetry,UAV-2,,3,167.400,167.411,11.2,2,0,delivered
1929,survey,UAV-4,POI-008,1,166.900,167.411,511.2,2,0,delivered
1930,survey,UAV-4,POI-008,1,166.900,167.411,511.2,2,0,delivered
1936,telemetry,UAV-3,,3,167.500,167.511,11.2,2,0,delivered
1937,telemetry,UAV-6,,3,167.500,167.506,5.6,1,0,delivered
1938,telemetry,UAV-4,,3,167.700,167.711,11.2,2,0,delivered
1939,telemetry,UAV-5,,3,167.700,167.711,11.2,2,0,delivered
1940,telemetry,UAV-2,,3,167.900,167.911,11.2,2,0,delivered
1941,telemetry,UAV-3,,3,168.000,168.011,11.2,2,0,delivered
1942,telemetry,UAV-6,,3,168.000,168.006,5.6,1,0,delivered
1943,telemetry,UAV-4,,3,168.200,168.211,11.2,2,0,delivered
1944,telemetry,UAV-5,,3,168.200,168.211,11.2,2,0,delivered
1945,telemetry,UAV-2,,3,168.400,168.411,11.2,2,0,delivered
1946,telemetry,UAV-3,,3,168.500,168.511,11.2,2,0,delivered
1947,telemetry,UAV-6,,3,168.500,168.506,5.6,1,0,delivered
1948,telemetry,UAV-4,,3,168.700,168.711,11.2,2,0,delivered
1949,telemetry,UAV-5,,3,168.700,168.711,11.2,2,0,delivered
1950,telemetry,UAV-2,,3,168.900,168.911,11.2,2,0,delivered
1951,telemetry,UAV-3,,3,169.000,169.011,11.2,2,0,delivered
1952,telemetry,UAV-6,,3,169.000,169.006,5.6,1,0,delivered
1953,telemetry,UAV-4,,3,169.200,169.211,11.2,2,0,delivered
1954,telemetry,UAV-5,,3,169.200,169.211,11.2,2,0,delivered
1955,telemetry,UAV-2,,3,169.400,169.411,11.2,2,0,delivered
1956,telemetry,UAV-3,,3,169.500,169.511,11.2,2,0,delivered
1957,telemetry,UAV-6,,3,169.500,169.506,5.6,1,0,delivered
1958,telemetry,UAV-4,,3,169.700,169.711,11.2,2,0,delivered
1959,telemetry,UAV-5,,3,169.700,169.711,11.2,2,0,delivered
1960,telemetry,UAV-2,,3,169.900,169.911,11.2,2,0,delivered
1961,telemetry,UAV-3,,3,170.000,170.011,11.2,2,0,delivered
1962,telemetry,UAV-6,,3,170.000,170.006,5.6,1,0,delivered
1963,telemetry,UAV-4,,3,170.200,170.211,11.2,2,0,delivered
1964,telemetry,UAV-5,,3,170.200,170.211,11.2,2,0,delivered
1965,telemetry,UAV-2,,3,170.400,170.411,11.2,2,0,delivered
1966,telemetry,UAV-3,,3,170.500,170.511,11.2,2,0,delivered
1967,telemetry,UAV-6,,3,170.500,170.506,5.6,1,0,delivered
1968,telemetry,UAV-4,,3,170.700,170.711,11.2,2,0,delivered
1969,telemetry,UAV-5,,3,170.700,170.711,11.2,2,0,delivered
1970,telemetry,UAV-2,,3,170.900,170.911,11.2,2,0,delivered
1971,telemetry,UAV-3,,3,171.000,171.011,11.2,2,0,delivered
1972,telemetry,UAV-6,,3,171.000,171.006,5.6,1,0,delivered
1973,telemetry,UAV-4,,3,171.200,171.211,11.2,2,0,delivered
1974,telemetry,UAV-5,,3,171.200,171.211,11.2,2,0,delivered
1975,telemetry,UAV-2,,3,171.400,171.411,11.2,2,0,delivered
1976,telemetry,UAV-3,,3,171.500,171.511,11.2,2,0,delivered
1977,telemetry,UAV-6,,3,171.500,171.506,5.6,1,0,delivered
1978,telemetry,UAV-4,,3,171.700,171.711,11.2,2,0,delivered
1979,telemetry,UAV-5,,3,171.700,171.711,11.2,2,0,delivered
1980,telemetry,UAV-2,,3,171.900,171.911,11.2,2,0,delivered
1981,telemetry,UAV-3,,3,172.000,172.011,11.2,2,0,delivered
1982,telemetry,UAV-6,,3,172.000,172.006,5.6,1,0,delivered
1983,telemetry,UAV-4,,3,172.200,172.211,11.2,2,0,delivered
1984,telemetry,UAV-5,,3,172.200,172.211,11.2,2,0,delivered
1985,telemetry,UAV-2,,3,172.400,172.411,11.2,2,0,delivered
1986,telemetry,UAV-3,,3,172.500,172.511,11.2,2,0,delivered
1987,telemetry,UAV-6,,3,172.500,172.506,5.6,1,0,delivered
1988,telemetry,UAV-4,,3,172.700,172.711,11.2,2,0,delivered
1989,telemetry,UAV-5,,3,172.700,172.711,11.2,2,0,delivered
1990,telemetry,UAV-2,,3,172.900,172.911,11.2,2,0,delivered
1991,telemetry,UAV-3,,3,173.000,173.011,11.2,2,0,delivered
1992,telemetry,UAV-6,,3,173.000,173.006,5.6,1,0,delivered
1993,telemetry,UAV-4,,3,173.200,173.211,11.2,2,0,delivered
1994,telemetry,UAV-5,,3,173.200,173.211,11.2,2,0,delivered
1995,telemetry,UAV-2,,3,173.400,173.411,11.2,2,0,delivered
1996,telemetry,UAV-3,,3,173.500,173.511,11.2,2,0,delivered
1997,telemetry,UAV-6,,3,173.500,173.506,5.6,1,0,delivered
1998,telemetry,UAV-4,,3,173.700,173.711,11.2,2,0,delivered
1999,telemetry,UAV-5,,3,173.700,173.711,11.2,2,0,delivered
2000,telemetry,UAV-2,,3,173.900,173.911,11.2,2,0,delivered
2001,telemetry,UAV-3,,3,174.000,174.011,11.2,2,0,delivered
2002,telemetry,UAV-6,,3,174.000,174.006,5.6,1,0,delivered
2003,telemetry,UAV-4,,3,174.200,174.211,11.2,2,0,delivered
2004,telemetry,UAV-5,,3,174.200,174.211,11.2,2,0,delivered
2005,telemetry,UAV-2,,3,174.400,174.411,11.2,2,0,delivered
2006,telemetry,UAV-3,,3,174.500,174.511,11.2,2,0,delivered
2007,telemetry,UAV-6,,3,174.500,174.506,5.6,1,0,delivered
2008,telemetry,UAV-4,,3,174.700,174.711,11.2,2,0,delivered
2009,telemetry,UAV-5,,3,174.700,174.711,11.2,2,0,delivered
2010,telemetry,UAV-2,,3,174.900,174.911,11.2,2,0,delivered
2011,telemetry,UAV-3,,3,175.000,175.011,11.2,2,0,delivered
2012,telemetry,UAV-6,,3,175.000,175.006,5.6,1,0,delivered
2013,telemetry,UAV-4,,3,175.200,175.211,11.2,2,0,delivered
2014,telemetry,UAV-5,,3,175.200,175.211,11.2,2,0,delivered
2015,telemetry,UAV-2,,3,175.400,175.411,11.2,2,0,delivered
2016,telemetry,UAV-3,,3,175.500,175.511,11.2,2,0,delivered
2017,telemetry,UAV-6,,3,175.500,175.506,5.6,1,0,delivered
2018,telemetry,UAV-4,,3,175.700,175.711,11.2,2,0,delivered
2019,telemetry,UAV-5,,3,175.700,175.711,11.2,2,0,delivered
2020,telemetry,UAV-2,,3,175.900,175.911,11.2,2,0,delivered
2021,telemetry,UAV-3,,3,176.000,176.011,11.2,2,0,delivered
2022,telemetry,UAV-6,,3,176.000,176.006,5.6,1,0,delivered
2023,telemetry,UAV-4,,3,176.200,176.211,11.2,2,0,delivered
2024,telemetry,UAV-5,,3,176.200,176.211,11.2,2,0,delivered
2025,telemetry,UAV-2,,3,176.400,176.411,11.2,2,0,delivered
2026,telemetry,UAV-3,,3,176.500,176.511,11.2,2,0,delivered
2027,telemetry,UAV-6,,3,176.500,176.506,5.6,1,0,delivered
2028,telemetry,UAV-4,,3,176.700,176.711,11.2,2,0,delivered
2029,telemetry,UAV-5,,3,176.700,176.711,11.2,2,0,delivered
2030,telemetry,UAV-2,,3,176.900,176.911,11.2,2,0,delivered
2031,telemetry,UAV-3,,3,177.000,177.011,11.2,2,0,delivered
2032,telemetry,UAV-6,,3,177.000,177.006,5.6,1,0,delivered
2033,telemetry,UAV-4,,3,177.200,177.211,11.2,2,0,delivered
2034,telemetry,UAV-5,,3,177.200,177.211,11.2,2,0,delivered
2035,telemetry,UAV-2,,3,177.400,177.411,11.2,2,0,delivered
2036,telemetry,UAV-3,,3,177.500,177.511,11.2,2,0,delivered
2037,telemetry,UAV-6,,3,177.500,177.506,5.6,1,0,delivered
2038,telemetry,UAV-4,,3,177.700,177.711,11.2,2,0,delivered
2039,telemetry,UAV-5,,3,177.700,177.711,11.2,2,0,delivered
2040,telemetry,UAV-2,,3,177.900,177.911,11.2,2,0,delivered
2041,telemetry,UAV-3,,3,178.000,178.011,11.2,2,0,delivered
2042,telemetry,UAV-6,,3,178.000,178.006,5.6,1,0,delivered
2043,telemetry,UAV-4,,3,178.200,178.211,11.2,2,0,delivered
2044,telemetry,UAV-5,,3,178.200,178.211,11.2,2,0,delivered
2045,telemetry,UAV-2,,3,178.400,178.411,11.2,2,0,delivered
2046,telemetry,UAV-3,,3,178.500,178.511,11.2,2,0,delivered
2047,telemetry,UAV-6,,3,178.500,178.506,5.6,1,0,delivered
2048,telemetry,UAV-4,,3,178.700,178.711,11.2,2,0,delivered
2049,telemetry,UAV-5,,3,178.700,178.711,11.2,2,0,delivered
2050,telemetry,UAV-2,,3,178.900,178.911,11.2,2,0,delivered
2051,telemetry,UAV-3,,3,179.000,179.011,11.2,2,0,delivered
2052,telemetry,UAV-6,,3,179.000,179.006,5.6,1,0,delivered
2053,telemetry,UAV-4,,3,179.200,179.211,11.2,2,0,delivered
2054,telemetry,UAV-5,,3,179.200,179.211,11.2,2,0,delivered
2055,telemetry,UAV-2,,3,179.400,179.411,11.2,2,0,delivered
2056,telemetry,UAV-3,,3,179.500,179.511,11.2,2,0,delivered
2057,telemetry,UAV-6,,3,179.500,179.506,5.6,1,0,delivered
2058,telemetry,UAV-4,,3,179.700,179.711,11.2,2,0,delivered
2059,telemetry,UAV-5,,3,179.700,179.711,11.2,2,0,delivered
2060,telemetry,UAV-2,,3,179.900,179.911,11.2,2,0,delivered
2061,telemetry,UAV-3,,3,180.000,180.011,11.2,2,0,delivered
2062,telemetry,UAV-6,,3,180.000,180.006,5.6,1,0,delivered
2063,telemetry,UAV-4,,3,180.200,180.211,11.2,2,0,delivered
2064,telemetry,UAV-5,,3,180.200,180.211,11.2,2,0,delivered
2065,telemetry,UAV-2,,3,180.400,180.411,11.2,2,0,delivered
2066,telemetry,UAV-3,,3,180.500,180.511,11.2,2,0,delivered
2067,telemetry,UAV-6,,3,180.500,180.506,5.6,1,0,delivered
2068,telemetry,UAV-4,,3,180.700,180.711,11.2,2,0,delivered
2069,telemetry,UAV-5,,3,180.700,180.711,11.2,2,0,delivered
2070,telemetry,UAV-2,,3,180.900,180.911,11.2,2,0,delivered
2071,telemetry,UAV-3,,3,181.000,181.011,11.2,2,0,delivered
2072,telemetry,UAV-6,,3,181.000,181.006,5.6,1,0,delivered
2073,telemetry,UAV-4,,3,181.200,181.211,11.2,2,0,delivered
2074,telemetry,UAV-5,,3,181.200,181.211,11.2,2,0,delivered
2075,telemetry,UAV-2,,3,181.400,181.411,11.2,2,0,delivered
2076,telemetry,UAV-3,,3,181.500,181.511,11.2,2,0,delivered
2077,telemetry,UAV-6,,3,181.500,181.506,5.6,1,0,delivered
2078,telemetry,UAV-4,,3,181.700,181.711,11.2,2,0,delivered
2079,telemetry,UAV-5,,3,181.700,181.711,11.2,2,0,delivered
2080,telemetry,UAV-2,,3,181.900,181.911,11.2,2,0,delivered
2081,telemetry,UAV-3,,3,182.000,182.011,11.2,2,0,delivered
2082,telemetry,UAV-6,,3,182.000,182.006,5.6,1,0,delivered
2083,telemetry,UAV-4,,3,182.200,182.211,11.2,2,0,delivered
2084,telemetry,UAV-5,,3,182.200,182.211,11.2,2,0,delivered
2085,telemetry,UAV-2,,3,182.400,182.411,11.2,2,0,delivered
2086,telemetry,UAV-3,,3,182.500,182.511,11.2,2,0,delivered
2087,telemetry,UAV-6,,3,182.500,182.506,5.6,1,0,delivered
2088,telemetry,UAV-4,,3,182.700,182.711,11.2,2,0,delivered
2089,telemetry,UAV-5,,3,182.700,182.711,11.2,2,0,delivered
2090,telemetry,UAV-2,,3,182.900,182.911,11.2,2,0,delivered
2091,telemetry,UAV-3,,3,183.000,183.011,11.2,2,0,delivered
2092,telemetry,UAV-6,,3,183.000,183.006,5.6,1,0,delivered
2093,telemetry,UAV-4,,3,183.200,183.211,11.2,2,0,delivered
2094,telemetry,UAV-5,,3,183.200,183.211,11.2,2,0,delivered
2095,telemetry,UAV-2,,3,183.400,183.411,11.2,2,0,delivered
2096,telemetry,UAV-3,,3,183.500,183.511,11.2,2,0,delivered
2097,telemetry,UAV-6,,3,183.500,183.506,5.6,1,0,delivered
2098,telemetry,UAV-4,,3,183.700,183.711,11.2,2,0,delivered
2099,telemetry,UAV-5,,3,183.700,183.711,11.2,2,0,delivered
2100,telemetry,UAV-2,,3,183.900,183.911,11.2,2,0,delivered
2101,telemetry,UAV-3,,3,184.000,184.011,11.2,2,0,delivered
2102,telemetry,UAV-6,,3,184.000,184.006,5.6,1,0,delivered
2103,telemetry,UAV-4,,3,184.200,184.211,11.2,2,0,delivered
2104,telemetry,UAV-5,,3,184.200,184.211,11.2,2,0,delivered
2105,telemetry,UAV-2,,3,184.400,184.411,11.2,2,0,delivered
2106,telemetry,UAV-3,,3,184.500,184.511,11.2,2,0,delivered
2107,telemetry,UAV-6,,3,184.500,184.506,5.6,1,0,delivered
2108,telemetry,UAV-4,,3,184.700,184.711,11.2,2,0,delivered
2109,telemetry,UAV-5,,3,184.700,184.711,11.2,2,0,delivered
2110,telemetry,UAV-2,,3,184.900,184.911,11.2,2,0,delivered
2111,telemetry,UAV-3,,3,185.000,185.011,11.2,2,0,delivered
2112,telemetry,UAV-6,,3,185.000,185.006,5.6,1,0,delivered
2113,telemetry,UAV-4,,3,185.200,185.211,11.2,2,0,delivered
2114,telemetry,UAV-5,,3,185.200,185.211,11.2,2,0,delivered
2115,telemetry,UAV-2,,3,185.400,185.411,11.2,2,0,delivered
2116,telemetry,UAV-3,,3,185.500,185.511,11.2,2,0,delivered
2117,telemetry,UAV-6,,3,185.500,185.506,5.6,1,0,delivered
2118,telemetry,UAV-4,,3,185.700,185.711,11.2,2,0,delivered
2119,telemetry,UAV-5,,3,185.700,185.711,11.2,2,0,delivered
2120,telemetry,UAV-2,,3,185.900,185.911,11.2,2,0,delivered
2121,telemetry,UAV-3,,3,186.000,186.011,11.2,2,0,delivered
2122,telemetry,UAV-6,,3,186.000,186.006,5.6,1,0,delivered
2123,telemetry,UAV-4,,3,186.200,186.211,11.2,2,0,delivered
2124,telemetry,UAV-5,,3,186.200,186.211,11.2,2,0,delivered
2125,telemetry,UAV-2,,3,186.400,186.411,11.2,2,0,delivered
2126,telemetry,UAV-3,,3,186.500,186.511,11.2,2,0,delivered
2127,telemetry,UAV-6,,3,186.500,186.506,5.6,1,0,delivered
2128,telemetry,UAV-4,,3,186.700,186.711,11.2,2,0,delivered
2129,telemetry,UAV-5,,3,186.700,186.711,11.2,2,0,delivered
2130,telemetry,UAV-2,,3,186.900,186.911,11.2,2,0,delivered
2131,telemetry,UAV-3,,3,187.000,187.011,11.2,2,0,delivered
2132,telemetry,UAV-6,,3,187.000,187.006,5.6,1,0,delivered
2133,telemetry,UAV-4,,3,187.200,187.211,11.2,2,0,delivered
2134,telemetry,UAV-5,,3,187.200,187.211,11.2,2,0,delivered
2135,telemetry,UAV-2,,3,187.400,187.411,11.2,2,0,delivered
2136,telemetry,UAV-3,,3,187.500,187.511,11.2,2,0,delivered
2137,telemetry,UAV-6,,3,187.500,187.506,5.6,1,0,delivered
2138,telemetry,UAV-4,,3,187.700,187.711,11.2,2,0,delivered
2139,telemetry,UAV-5,,3,187.700,187.711,11.2,2,0,delivered
2140,telemetry,UAV-2,,3,187.900,187.911,11.2,2,0,delivered
2141,telemetry,UAV-3,,3,188.000,188.011,11.2,2,0,delivered
2142,telemetry,UAV-6,,3,188.000,188.006,5.6,1,0,delivered
2143,telemetry,UAV-4,,3,188.200,188.211,11.2,2,0,delivered
2144,telemetry,UAV-5,,3,188.200,188.211,11.2,2,0,delivered
2145,telemetry,UAV-2,,3,188.400,188.411,11.2,2,0,delivered
2146,telemetry,UAV-3,,3,188.500,188.511,11.2,2,0,delivered
2147,telemetry,UAV-6,,3,188.500,188.506,5.6,1,0,delivered
2148,telemetry,UAV-4,,3,188.700,188.711,11.2,2,0,delivered
2149,telemetry,UAV-5,,3,188.700,188.711,11.2,2,0,delivered
2150,telemetry,UAV-2,,3,188.900,188.911,11.2,2,0,delivered
2151,telemetry,UAV-3,,3,189.000,189.011,11.2,2,0,delivered
2152,telemetry,UAV-6,,3,189.000,189.006,5.6,1,0,delivered
2153,telemetry,UAV-4,,3,189.200,189.211,11.2,2,0,delivered
2154,telemetry,UAV-5,,3,189.200,189.211,11.2,2,0,delivered
2155,telemetry,UAV-2,,3,189.400,189.411,11.2,2,0,delivered
2156,telemetry,UAV-3,,3,189.500,189.511,11.2,2,0,delivered
2157,telemetry,UAV-6,,3,189.500,189.506,5.6,1,0,delivered
2158,survey,UAV-3,POI-009,3,189.600,189.611,11.2,2,0,delivered
2159,survey,UAV-3,POI-009,3,189.600,189.611,11.2,2,0,delivered
2160,survey,UAV-3,POI-009,3,189.600,189.711,111.2,2,0,delivered
2161,survey,UAV-3,POI-009,3,189.600,189.711,111.2,2,0,delivered
2170,telemetry,UAV-4,,3,189.700,189.711,11.2,2,0,delivered
2171,telemetry,UAV-5,,3,189.700,189.711,11.2,2,0,delivered
2162,survey,UAV-3,POI-009,3,189.600,189.811,211.2,2,0,delivered
2163,survey,UAV-3,POI-009,3,189.600,189.811,211.2,2,0,delivered
2172,telemetry,UAV-2,,3,189.900,189.911,11.2,2,0,delivered
2164,survey,UAV-3,POI-009,3,189.600,189.911,311.2,2,0,delivered
2165,survey,UAV-3,POI-009,3,189.600,189.911,311.2,2,0,delivered
2173,telemetry,UAV-3,,3,190.000,190.011,11.2,2,0,delivered
2166,survey,UAV-3,POI-009,3,189.600,190.011,411.2,2,0,delivered
2167,survey,UAV-3,POI-009,3,189.600,190.011,411.2,2,0,delivered
2174,telemetry,UAV-6,,3,190.000,190.006,5.6,1,0,delivered
2168,survey,UAV-3,POI-009,3,189.600,190.111,511.2,2,0,delivered
2169,survey,UAV-3,POI-009,3,189.600,190.111,511.2,2,0,delivered
2175,telemetry,UAV-4,,3,190.200,190.211,11.2,2,0,delivered
2176,telemetry,UAV-5,,3,190.200,190.211,11.2,2,0,delivered
2177,telemetry,UAV-2,,3,190.400,190.411,11.2,2,0,delivered
2178,telemetry,UAV-3,,3,190.500,190.511,11.2,2,0,delivered
2179,telemetry,UAV-6,,3,190.500,190.506,5.6,1,0,delivered
2180,telemetry,UAV-4,,3,190.700,190.711,11.2,2,0,delivered
2181,telemetry,UAV-5,,3,190.700,190.711,11.2,2,0,delivered
2182,telemetry,UAV-2,,3,190.900,190.911,11.2,2,0,delivered
2183,telemetry,UAV-3,,3,191.000,191.011,11.2,2,0,delivered
2184,telemetry,UAV-6,,3,191.000,191.006,5.6,1,0,delivered
2185,telemetry,UAV-4,,3,191.200,191.211,11.2,2,0,delivered
2186,telemetry,UAV-5,,3,191.200,191.211,11.2,2,0,delivered
2187,telemetry,UAV-2,,3,191.400,191.411,11.2,2,0,delivered
2188,telemetry,UAV-3,,3,191.500,191.511,11.2,2,0,delivered
2189,telemetry,UAV-6,,3,191.500,191.506,5.6,1,0,delivered
2190,telemetry,UAV-4,,3,191.700,191.711,11.2,2,0,delivered
2191,telemetry,UAV-5,,3,191.700,191.711,11.2,2,0,delivered
2192,telemetry,UAV-2,,3,191.900,191.911,11.2,2,0,delivered
2193,telemetry,UAV-3,,3,192.000,192.011,11.2,2,0,delivered
2194,telemetry,UAV-6,,3,192.000,192.006,5.6,1,0,delivered
2195,telemetry,UAV-4,,3,192.200,192.211,11.2,2,0,delivered
2196,telemetry,UAV-5,,3,192.200,192.211,11.2,2,0,delivered
2197,telemetry,UAV-2,,3,192.400,192.411,11.2,2,0,delivered
2198,telemetry,UAV-3,,3,192.500,192.511,11.2,2,0,delivered
2199,telemetry,UAV-6,,3,192.500,192.506,5.6,1,0,delivered
2200,telemetry,UAV-4,,3,192.700,192.711,11.2,2,0,delivered
2201,telemetry,UAV-5,,3,192.700,192.711,11.2,2,0,delivered
2202,telemetry,UAV-2,,3,192.900,192.911,11.2,2,0,delivered
2203,telemetry,UAV-3,,3,193.000,193.011,11.2,2,0,delivered
2204,telemetry,UAV-6,,3,193.000,193.006,5.6,1,0,delivered
2205,telemetry,UAV-4,,3,193.200,193.211,11.2,2,0,delivered
2206,telemetry,UAV-5,,3,193.200,193.211,11.2,2,0,delivered
2207,telemetry,UAV-2,,3,193.400,193.411,11.2,2,0,delivered
2208,telemetry,UAV-3,,3,193.500,193.511,11.2,2,0,delivered
2209,telemetry,UAV-6,,3,193.500,193.506,5.6,1,0,delivered
2210,telemetry,UAV-4,,3,193.700,193.711,11.2,2,0,delivered
2211,telemetry,UAV-5,,3,193.700,193.711,11.2,2,0,delivered
2212,telemetry,UAV-2,,3,193.900,193.911,11.2,2,0,delivered
2213,telemetry,UAV-3,,3,194.000,194.011,11.2,2,0,delivered
2214,telemetry,UAV-6,,3,194.000,194.006,5.6,1,0,delivered
2215,telemetry,UAV-4,,3,194.200,194.211,11.2,2,0,delivered
2216,telemetry,UAV-5,,3,194.200,194.211,11.2,2,0,delivered
2217,telemetry,UAV-2,,3,194.400,194.411,11.2,2,0,delivered
2218,telemetry,UAV-3,,3,194.500,194.511,11.2,2,0,delivered
2219,telemetry,UAV-6,,3,194.500,194.506,5.6,1,0,delivered
2220,telemetry,UAV-4,,3,194.700,194.711,11.2,2,0,delivered
2221,telemetry,UAV-5,,3,194.700,194.711,11.2,2,0,delivered
2222,telemetry,UAV-2,,3,194.900,194.911,11.2,2,0,delivered
2223,telemetry,UAV-3,,3,195.000,195.011,11.2,2,0,delivered
2224,telemetry,UAV-6,,3,195.000,195.006,5.6,1,0,delivered
2225,telemetry,UAV-4,,3,195.200,195.211,11.2,2,0,delivered
2226,telemetry,UAV-5,,3,195.200,195.211,11.2,2,0,delivered
2227,telemetry,UAV-2,,3,195.400,195.411,11.2,2,0,delivered
2228,telemetry,UAV-3,,3,195.500,195.511,11.2,2,0,delivered
2229,telemetry,UAV-6,,3,195.500,195.506,5.6,1,0,delivered
2230,telemetry,UAV-4,,3,195.700,195.711,11.2,2,0,delivered
2231,telemetry,UAV-5,,3,195.700,195.711,11.2,2,0,delivered
2232,telemetry,UAV-2,,3,195.900,195.911,11.2,2,0,delivered
2233,telemetry,UAV-3,,3,196.000,196.011,11.2,2,0,delivered
2234,telemetry,UAV-6,,3,196.000,196.006,5.6,1,0,delivered
2235,telemetry,UAV-4,,3,196.200,196.211,11.2,2,0,delivered
2236,telemetry,UAV-5,,3,196.200,196.211,11.2,2,0,delivered
2237,telemetry,UAV-2,,3,196.400,196.411,11.2,2,0,delivered
2238,telemetry,UAV-3,,3,196.500,196.511,11.2,2,0,delivered
2239,telemetry,UAV-6,,3,196.500,196.506,5.6,1,0,delivered
2240,telemetry,UAV-4,,3,196.700,196.711,11.2,2,0,delivered
2241,telemetry,UAV-5,,3,196.700,196.706,5.6,1,0,delivered
2242,telemetry,UAV-2,,3,196.900,196.911,11.2,2,0,delivered
2243,telemetry,UAV-3,,3,197.000,197.011,11.2,2,0,delivered
2244,telemetry,UAV-6,,3,197.000,197.006,5.6,1,0,delivered
2245,telemetry,UAV-4,,3,197.200,197.211,11.2,2,0,delivered
2246,telemetry,UAV-5,,3,197.200,197.206,5.6,1,0,delivered
2247,telemetry,UAV-2,,3,197.400,197.411,11.2,2,0,delivered
2248,telemetry,UAV-3,,3,197.500,197.511,11.2,2,0,delivered
2249,telemetry,UAV-6,,3,197.500,197.506,5.6,1,0,delivered
2250,telemetry,UAV-4,,3,197.700,197.711,11.2,2,0,delivered
2251,telemetry,UAV-5,,3,197.700,197.706,5.6,1,0,delivered
2252,telemetry,UAV-2,,3,197.900,197.911,11.2,2,0,delivered
2253,telemetry,UAV-3,,3,198.000,198.011,11.2,2,0,delivered
2254,telemetry,UAV-6,,3,198.000,198.006,5.6,1,0,delivered
2255,telemetry,UAV-4,,3,198.200,198.211,11.2,2,0,delivered
2256,telemetry,UAV-5,,3,198.200,198.206,5.6,1,0,delivered
2257,telemetry,UAV-2,,3,198.400,198.411,11.2,2,0,delivered
2258,telemetry,UAV-3,,3,198.500,198.511,11.2,2,0,delivered
2259,telemetry,UAV-6,,3,198.500,198.506,5.6,1,0,delivered
2260,telemetry,UAV-4,,3,198.700,198.711,11.2,2,0,delivered
2261,telemetry,UAV-5,,3,198.700,198.706,5.6,1,0,delivered
2262,telemetry,UAV-2,,3,198.900,198.911,11.2,2,0,delivered
2263,telemetry,UAV-3,,3,199.000,199.011,11.2,2,0,delivered
2264,telemetry,UAV-6,,3,199.000,199.006,5.6,1,0,delivered
2265,telemetry,UAV-4,,3,199.200,199.211,11.2,2,0,delivered
2266,telemetry,UAV-5,,3,199.200,199.206,5.6,1,0,delivered
2267,telemetry,UAV-2,,3,199.400,199.411,11.2,2,0,delivered
2268,telemetry,UAV-3,,3,199.500,199.511,11.2,2,0,delivered
2269,telemetry,UAV-6,,3,199.500,199.506,5.6,1,0,delivered
2270,telemetry,UAV-4,,3,199.700,199.711,11.2,2,0,delivered
2271,telemetry,UAV-5,,3,199.700,199.706,5.6,1,0,delivered
2272,telemetry,UAV-2,,3,199.900,199.911,11.2,2,0,delivered
2273,telemetry,UAV-3,,3,200.000,200.011,11.2,2,0,delivered
2274,telemetry,UAV-6,,3,200.000,200.006,5.6,1,0,delivered
2275,telemetry,UAV-4,,3,200.200,200.211,11.2,2,0,delivered
2276,telemetry,UAV-5,,3,200.200,200.206,5.6,1,0,delivered
2277,telemetry,UAV-2,,3,200.400,200.411,11.2,2,0,delivered
2278,telemetry,UAV-3,,3,200.500,200.511,11.2,2,0,delivered
2279,telemetry,UAV-6,,3,200.500,200.506,5.6,1,0,delivered
2280,telemetry,UAV-4,,3,200.700,200.711,11.2,2,0,delivered
2281,telemetry,UAV-5,,3,200.700,200.706,5.6,1,0,delivered
2282,telemetry,UAV-2,,3,200.900,200.911,11.2,2,0,delivered
2283,telemetry,UAV-3,,3,201.000,201.011,11.2,2,0,delivered
2284,telemetry,UAV-6,,3,201.000,201.006,5.6,1,0,delivered
2285,telemetry,UAV-4,,3,201.200,201.211,11.2,2,0,delivered
2286,telemetry,UAV-5,,3,201.200,201.206,5.6,1,0,delivered
2287,telemetry,UAV-2,,3,201.400,201.411,11.2,2,0,delivered
2288,telemetry,UAV-3,,3,201.500,201.511,11.2,2,0,delivered
2289,telemetry,UAV-6,,3,201.500,201.506,5.6,1,0,delivered
2290,telemetry,UAV-4,,3,201.700,201.711,11.2,2,0,delivered
2291,telemetry,UAV-5,,3,201.700,201.706,5.6,1,0,delivered
2292,telemetry,UAV-2,,3,201.900,201.911,11.2,2,0,delivered
2293,telemetry,UAV-3,,3,202.000,202.011,11.2,2,0,delivered
2294,telemetry,UAV-6,,3,202.000,202.006,5.6,1,0,delivered
2295,telemetry,UAV-4,,3,202.200,202.211,11.2,2,0,delivered
2296,telemetry,UAV-5,,3,202.200,202.211,11.2,2,0,delivered
2297,telemetry,UAV-2,,3,202.400,202.411,11.2,2,0,delivered
2298,telemetry,UAV-3,,3,202.500,202.511,11.2,2,0,delivered
2299,telemetry,UAV-6,,3,202.500,202.506,5.6,1,0,delivered
2300,telemetry,UAV-4,,3,202.700,202.711,11.2,2,0,delivered
2301,telemetry,UAV-5,,3,202.700,202.711,11.2,2,0,delivered
2302,telemetry,UAV-2,,3,202.900,202.911,11.2,2,0,delivered
2303,telemetry,UAV-3,,3,203.000,203.011,11.2,2,0,delivered
2304,telemetry,UAV-6,,3,203.000,203.006,5.6,1,0,delivered
2305,telemetry,UAV-4,,3,203.200,203.211,11.2,2,0,delivered
2306,telemetry,UAV-5,,3,203.200,203.211,11.2,2,0,delivered
2307,survey,UAV-2,POI-010,2,203.300,203.311,11.2,2,0,delivered
2308,survey,UAV-2,POI-010,2,203.300,203.311,11.2,2,0,delivered
2319,telemetry,UAV-2,,3,203.400,203.411,11.2,2,0,delivered
2309,survey,UAV-2,POI-010,2,203.300,203.411,111.2,2,0,delivered
2310,survey,UAV-2,POI-010,2,203.300,203.411,111.2,2,0,delivered
2311,survey,UAV-2,POI-010,2,203.300,203.511,211.2,2,0,delivered
2312,survey,UAV-2,POI-010,2,203.300,203.511,211.2,2,0,delivered
2320,telemetry,UAV-3,,3,203.500,203.511,11.2,2,0,delivered
2321,telemetry,UAV-6,,3,203.500,203.506,5.6,1,0,delivered
2313,survey,UAV-2,POI-010,2,203.300,203.611,311.2,2,0,delivered
2314,survey,UAV-2,POI-010,2,203.300,203.611,311.2,2,0,delivered
2315,survey,UAV-2,POI-010,2,203.300,203.711,411.2,2,0,delivered
2316,survey,UAV-2,POI-010,2,203.300,203.711,411.2,2,0,delivered
2322,telemetry,UAV-4,,3,203.700,203.711,11.2,2,0,delivered
2323,telemetry,UAV-5,,3,203.700,203.711,11.2,2,0,delivered
2317,survey,UAV-2,POI-010,2,203.300,203.811,511.2,2,0,delivered
2318,survey,UAV-2,POI-010,2,203.300,203.811,511.2,2,0,delivered
2324,telemetry,UAV-2,,3,203.900,203.911,11.2,2,0,delivered
2325,telemetry,UAV-3,,3,204.000,204.011,11.2,2,0,delivered
2326,telemetry,UAV-6,,3,204.000,204.006,5.6,1,0,delivered
2327,telemetry,UAV-4,,3,204.200,204.211,11.2,2,0,delivered
2328,telemetry,UAV-5,,3,204.200,204.211,11.2,2,0,delivered
2329,telemetry,UAV-2,,3,204.400,204.411,11.2,2,0,delivered
2330,telemetry,UAV-3,,3,204.500,204.511,11.2,2,0,delivered
2331,telemetry,UAV-6,,3,204.500,204.506,5.6,1,0,delivered
2332,telemetry,UAV-4,,3,204.700,204.711,11.2,2,0,delivered
2333,telemetry,UAV-5,,3,204.700,204.711,11.2,2,0,delivered
2334,telemetry,UAV-2,,3,204.900,204.911,11.2,2,0,delivered
2335,telemetry,UAV-3,,3,205.000,205.011,11.2,2,0,delivered
2337,survey,UAV-5,POI-006,3,205.000,205.011,11.2,2,0,delivered
2338,survey,UAV-5,POI-006,3,205.000,205.011,11.2,2,0,delivered
2336,telemetry,UAV-6,,3,205.000,205.006,5.6,1,0,delivered
2339,survey,UAV-5,POI-006,3,205.000,205.111,111.2,2,0,delivered
2340,survey,UAV-5,POI-006,3,205.000,205.111,111.2,2,0,delivered
2349,telemetry,UAV-4,,3,205.200,205.211,11.2,2,0,delivered
2350,telemetry,UAV-5,,3,205.200,205.211,11.2,2,0,delivered
2341,survey,UAV-5,POI-006,3,205.000,205.211,211.2,2,0,delivered
2342,survey,UAV-5,POI-006,3,205.000,205.211,211.2,2,0,delivered
2343,survey,UAV-5,POI-006,3,205.000,205.311,311.2,2,0,delivered
2344,survey,UAV-5,POI-006,3,205.000,205.311,311.2,2,0,delivered
2351,telemetry,UAV-2,,3,205.400,205.411,11.2,2,0,delivered
2345,survey,UAV-5,POI-006,3,205.000,205.411,411.2,2,0,delivered
2346,survey,UAV-5,POI-006,3,205.000,205.411,411.2,2,0,delivered
2352,telemetry,UAV-3,,3,205.500,205.511,11.2,2,0,delivered
2347,survey,UAV-5,POI-006,3,205.000,205.511,511.2,2,0,delivered
2348,survey,UAV-5,POI-006,3,205.000,205.511,511.2,2,0,delivered
2353,telemetry,UAV-6,,3,205.500,205.506,5.6,1,0,delivered
2354,telemetry,UAV-4,,3,205.700,205.711,11.2,2,0,delivered
2355,telemetry,UAV-5,,3,205.700,205.711,11.2,2,0,delivered
2356,telemetry,UAV-2,,3,205.900,205.911,11.2,2,0,delivered
2357,telemetry,UAV-3,,3,206.000,206.011,11.2,2,0,delivered
2358,telemetry,UAV-6,,3,206.000,206.006,5.6,1,0,delivered
2359,telemetry,UAV-4,,3,206.200,206.211,11.2,2,0,delivered
2360,telemetry,UAV-5,,3,206.200,206.211,11.2,2,0,delivered
2361,telemetry,UAV-2,,3,206.400,206.411,11.2,2,0,delivered
2362,telemetry,UAV-3,,3,206.500,206.511,11.2,2,0,delivered
2363,telemetry,UAV-6,,3,206.500,206.506,5.6,1,0,delivered
2364,telemetry,UAV-4,,3,206.700,206.711,11.2,2,0,delivered
2365,telemetry,UAV-5,,3,206.700,206.711,11.2,2,0,delivered
2366,telemetry,UAV-2,,3,206.900,206.911,11.2,2,0,delivered
2367,telemetry,UAV-3,,3,207.000,207.011,11.2,2,0,delivered
2368,telemetry,UAV-6,,3,207.000,207.006,5.6,1,0,delivered
2369,telemetry,UAV-4,,3,207.200,207.211,11.2,2,0,delivered
2370,telemetry,UAV-5,,3,207.200,207.211,11.2,2,0,delivered
2371,telemetry,UAV-2,,3,207.400,207.411,11.2,2,0,delivered
2372,telemetry,UAV-3,,3,207.500,207.511,11.2,2,0,delivered
2373,telemetry,UAV-6,,3,207.500,207.506,5.6,1,0,delivered
2374,telemetry,UAV-4,,3,207.700,207.711,11.2,2,0,delivered
2375,telemetry,UAV-5,,3,207.700,207.711,11.2,2,0,delivered
2376,telemetry,UAV-2,,3,207.900,207.911,11.2,2,0,delivered
2377,telemetry,UAV-3,,3,208.000,208.011,11.2,2,0,delivered
2378,telemetry,UAV-6,,3,208.000,208.006,5.6,1,0,delivered
2379,telemetry,UAV-4,,3,208.200,208.211,11.2,2,0,delivered
2380,telemetry,UAV-5,,3,208.200,208.211,11.2,2,0,delivered
2381,telemetry,UAV-2,,3,208.400,208.411,11.2,2,0,delivered
2382,telemetry,UAV-3,,3,208.500,208.511,11.2,2,0,delivered
2383,telemetry,UAV-6,,3,208.500,208.506,5.6,1,0,delivered
2384,telemetry,UAV-4,,3,208.700,208.711,11.2,2,0,delivered
2385,telemetry,UAV-5,,3,208.700,208.711,11.2,2,0,delivered
2386,telemetry,UAV-2,,3,208.900,208.911,11.2,2,0,delivered
2387,telemetry,UAV-3,,3,209.000,209.011,11.2,2,0,delivered
2388,telemetry,UAV-6,,3,209.000,209.006,5.6,1,0,delivered
2389,telemetry,UAV-4,,3,209.200,209.211,11.2,2,0,delivered
2390,telemetry,UAV-5,,3,209.200,209.211,11.2,2,0,delivered
2391,telemetry,UAV-2,,3,209.400,209.411,11.2,2,0,delivered
2392,telemetry,UAV-3,,3,209.500,209.511,11.2,2,0,delivered
2393,telemetry,UAV-6,,3,209.500,209.506,5.6,1,0,delivered
2394,telemetry,UAV-4,,3,209.700,209.711,11.2,2,0,delivered
2395,telemetry,UAV-5,,3,209.700,209.711,11.2,2,0,delivered
2396,telemetry,UAV-2,,3,209.900,209.911,11.2,2,0,delivered
2397,telemetry,UAV-3,,3,210.000,210.011,11.2,2,0,delivered
2398,telemetry,UAV-6,,3,210.000,210.006,5.6,1,0,delivered
2399,telemetry,UAV-4,,3,210.200,,,1,3,hop UAV-6->GCS failed
2400,telemetry,UAV-5,,3,210.200,,,1,3,hop UAV-6->GCS failed
2401,telemetry,UAV-2,,3,210.400,,,1,3,hop UAV-6->GCS failed
2402,telemetry,UAV-3,,3,210.500,,,0,0,stale
2403,telemetry,UAV-6,,3,210.500,,,0,0,stale
2404,telemetry,UAV-4,,3,210.700,,,0,0,stale
2405,telemetry,UAV-5,,3,210.700,,,0,0,stale
2406,telemetry,UAV-2,,3,210.900,,,0,0,stale
2407,telemetry,UAV-3,,3,211.000,,,0,0,stale
2408,telemetry,UAV-6,,3,211.000,,,0,0,stale
2409,telemetry,UAV-4,,3,211.200,,,0,0,stale
2410,telemetry,UAV-5,,3,211.200,,,0,0,stale
2411,telemetry,UAV-2,,3,211.400,,,0,0,stale
2412,telemetry,UAV-3,,3,211.500,,,0,0,stale
2413,telemetry,UAV-6,,3,211.500,,,0,0,stale
2414,telemetry,UAV-4,,3,211.700,,,0,0,stale
2415,telemetry,UAV-5,,3,211.700,,,0,0,stale
2416,telemetry,UAV-2,,3,211.900,,,0,0,stale
2417,telemetry,UAV-3,,3,212.000,,,0,0,stale
2418,telemetry,UAV-6,,3,212.000,,,0,0,stale
2419,telemetry,UAV-4,,3,212.200,,,0,0,stale
2420,telemetry,UAV-5,,3,212.200,,,0,0,stale
2421,telemetry,UAV-2,,3,212.400,,,0,0,stale
2422,telemetry,UAV-3,,3,212.500,,,0,0,stale
2423,telemetry,UAV-6,,3,212.500,,,0,0,stale
2424,telemetry,UAV-4,,3,212.700,,,0,0,stale
2425,telemetry,UAV-5,,3,212.700,,,0,0,stale
2426,telemetry,UAV-2,,3,212.900,,,0,0,stale
2427,telemetry,UAV-3,,3,213.000,,,0,0,stale
2428,telemetry,UAV-6,,3,213.000,,,0,0,stale
2429,telemetry,UAV-4,,3,213.200,,,0,0,stale
2430,telemetry,UAV-5,,3,213.200,,,0,0,stale
2431,telemetry,UAV-2,,3,213.400,,,0,0,stale
2432,telemetry,UAV-3,,3,213.500,,,0,0,stale
2433,telemetry,UAV-6,,3,213.500,,,0,0,stale
2434,telemetry,UAV-4,,3,213.700,,,0,0,stale
2435,telemetry,UAV-5,,3,213.700,,,0,0,stale
2436,telemetry,UAV-2,,3,213.900,,,0,0,stale
2437,telemetry,UAV-3,,3,214.000,,,0,0,stale
2438,telemetry,UAV-6,,3,214.000,,,0,0,stale
2439,telemetry,UAV-4,,3,214.200,,,0,0,stale
2440,telemetry,UAV-5,,3,214.200,,,0,0,stale
2441,telemetry,UAV-2,,3,214.400,,,0,0,stale
2442,telemetry,UAV-3,,3,214.500,,,0,0,stale
2443,telemetry,UAV-6,,3,214.500,,,0,0,stale
2444,telemetry,UAV-4,,3,214.700,,,0,0,stale
2445,telemetry,UAV-5,,3,214.700,,,0,0,stale
2446,telemetry,UAV-2,,3,214.900,,,0,0,stale
2447,telemetry,UAV-3,,3,215.000,,,0,0,stale
2448,telemetry,UAV-6,,3,215.000,,,0,0,stale
2449,telemetry,UAV-4,,3,215.200,,,0,0,stale
2450,telemetry,UAV-5,,3,215.200,,,0,0,stale
2451,telemetry,UAV-2,,3,215.400,,,0,0,stale
2452,telemetry,UAV-3,,3,215.500,,,0,0,stale
2453,telemetry,UAV-6,,3,215.500,,,0,0,stale
2454,telemetry,UAV-4,,3,215.700,,,0,0,stale
2455,telemetry,UAV-5,,3,215.700,,,0,0,stale
2456,telemetry,UAV-2,,3,215.900,,,0,0,stale
2457,telemetry,UAV-3,,3,216.000,,,0,0,stale
2458,telemetry,UAV-6,,3,216.000,,,0,0,stale
2459,telemetry,UAV-4,,3,216.200,,,0,0,stale
2460,telemetry,UAV-5,,3,216.200,,,0,0,stale
2461,telemetry,UAV-2,,3,216.400,,,0,0,stale
2462,telemetry,UAV-3,,3,216.500,,,0,0,stale
2463,telemetry,UAV-6,,3,216.500,,,0,0,stale
2464,telemetry,UAV-4,,3,216.700,,,0,0,stale
2465,telemetry,UAV-5,,3,216.700,,,0,0,stale
2466,telemetry,UAV-2,,3,216.900,,,0,0,stale
2467,telemetry,UAV-3,,3,217.000,,,0,0,stale
2468,telemetry,UAV-6,,3,217.000,,,0,0,stale
2469,telemetry,UAV-4,,3,217.200,,,0,0,stale
2470,telemetry,UAV-5,,3,217.200,,,0,0,stale
2471,telemetry,UAV-2,,3,217.400,,,0,0,stale
2472,telemetry,UAV-3,,3,217.500,,,0,0,stale
2473,telemetry,UAV-6,,3,217.500,,,0,0,stale
2474,telemetry,UAV-4,,3,217.700,,,0,0,stale
2475,telemetry,UAV-5,,3,217.700,,,0,0,stale
2476,telemetry,UAV-2,,3,217.900,,,0,0,stale
2477,telemetry,UAV-3,,3,218.000,,,0,0,stale
2478,telemetry,UAV-6,,3,218.000,,,0,0,stale
2479,telemetry,UAV-4,,3,218.200,,,0,0,stale
2480,telemetry,UAV-5,,3,218.200,,,0,0,stale
2481,telemetry,UAV-2,,3,218.400,,,0,0,stale
2482,telemetry,UAV-3,,3,218.500,,,0,0,stale
2483,telemetry,UAV-6,,3,218.500,,,0,0,stale
2484,telemetry,UAV-4,,3,218.700,,,0,0,stale
2485,telemetry,UAV-5,,3,218.700,,,0,0,stale
2486,telemetry,UAV-2,,3,218.900,,,0,0,stale
2487,telemetry,UAV-3,,3,219.000,,,0,0,stale
2488,telemetry,UAV-6,,3,219.000,,,0,0,stale
2489,telemetry,UAV-4,,3,219.200,,,0,0,stale
2490,telemetry,UAV-5,,3,219.200,,,0,0,stale
2491,telemetry,UAV-2,,3,219.400,,,0,0,stale
2492,telemetry,UAV-3,,3,219.500,,,0,0,stale
2493,telemetry,UAV-6,,3,219.500,,,0,0,stale
2494,telemetry,UAV-4,,3,219.700,,,0,0,stale
2495,telemetry,UAV-5,,3,219.700,,,0,0,stale
2496,telemetry,UAV-2,,3,219.900,,,0,0,stale
2497,telemetry,UAV-3,,3,220.000,,,0,0,stale
2498,telemetry,UAV-6,,3,220.000,,,0,0,stale
2499,telemetry,UAV-4,,3,220.200,,,0,0,stale
2500,telemetry,UAV-5,,3,220.200,,,0,0,stale
2501,telemetry,UAV-2,,3,220.400,,,0,0,stale
2502,telemetry,UAV-3,,3,220.500,,,0,0,stale
2503,telemetry,UAV-6,,3,220.500,,,0,0,stale
2504,telemetry,UAV-4,,3,220.700,,,0,0,stale
2505,telemetry,UAV-5,,3,220.700,,,0,0,stale
2506,telemetry,UAV-2,,3,220.900,,,0,0,stale
2507,telemetry,UAV-3,,3,221.000,,,0,0,stale
2508,telemetry,UAV-6,,3,221.000,,,0,0,stale
2509,telemetry,UAV-4,,3,221.200,,,0,0,stale
2510,telemetry,UAV-5,,3,221.200,,,0,0,stale
2511,telemetry,UAV-2,,3,221.400,,,0,0,stale
2512,telemetry,UAV-3,,3,221.500,,,0,0,stale
2513,telemetry,UAV-6,,3,221.500,,,0,0,stale
2514,telemetry,UAV-4,,3,221.700,,,0,0,stale
2515,telemetry,UAV-5,,3,221.700,,,0,0,stale
2516,telemetry,UAV-2,,3,221.900,,,0,0,stale
2517,telemetry,UAV-3,,3,222.000,,,0,0,stale
2518,telemetry,UAV-6,,3,222.000,,,0,0,stale
2519,telemetry,UAV-4,,3,222.200,,,0,0,stale
2520,telemetry,UAV-5,,3,222.200,,,0,0,stale
2521,telemetry,UAV-2,,3,222.400,,,0,0,stale
2522,telemetry,UAV-3,,3,222.500,,,0,0,stale
2523,telemetry,UAV-6,,3,222.500,,,0,0,stale
2524,telemetry,UAV-4,,3,222.700,,,0,0,stale
2525,telemetry,UAV-5,,3,222.700,,,0,0,stale
2526,telemetry,UAV-2,,3,222.900,,,0,0,stale
2527,telemetry,UAV-3,,3,223.000,,,0,0,stale
2528,telemetry,UAV-6,,3,223.000,,,0,0,stale
2529,telemetry,UAV-4,,3,223.200,,,0,0,stale
2530,telemetry,UAV-5,,3,223.200,,,0,0,stale
2531,telemetry,UAV-2,,3,223.400,,,0,0,stale
2532,telemetry,UAV-3,,3,223.500,,,0,0,stale
2533,telemetry,UAV-6,,3,223.500,,,0,0,stale
2534,telemetry,UAV-4,,3,223.700,,,0,0,stale
2535,telemetry,UAV-5,,3,223.700,,,0,0,stale
2536,telemetry,UAV-2,,3,223.900,,,0,0,stale
2537,telemetry,UAV-3,,3,224.000,,,0,0,stale
2538,telemetry,UAV-6,,3,224.000,,,0,0,stale
2539,telemetry,UAV-4,,3,224.200,,,0,0,stale
2540,telemetry,UAV-5,,3,224.200,,,0,0,stale
2541,telemetry,UAV-2,,3,224.400,,,0,0,stale
2542,telemetry,UAV-3,,3,224.500,,,0,0,stale
2543,telemetry,UAV-6,,3,224.500,,,0,0,stale
2544,telemetry,UAV-4,,3,224.700,,,0,0,stale
2545,telemetry,UAV-5,,3,224.700,,,0,0,stale
2546,telemetry,UAV-2,,3,224.900,,,0,0,stale
2547,telemetry,UAV-3,,3,225.000,,,0,0,stale
2548,telemetry,UAV-6,,3,225.000,,,0,0,stale
2549,telemetry,UAV-4,,3,225.200,,,0,0,stale
2550,telemetry,UAV-5,,3,225.200,,,0,0,stale
2551,telemetry,UAV-2,,3,225.400,,,0,0,stale
2552,telemetry,UAV-3,,3,225.500,,,0,0,stale
2553,telemetry,UAV-6,,3,225.500,,,0,0,stale
2554,telemetry,UAV-4,,3,225.700,,,0,0,stale
2555,telemetry,UAV-5,,3,225.700,,,0,0,stale
2556,telemetry,UAV-2,,3,225.900,,,0,0,stale
2557,telemetry,UAV-3,,3,226.000,,,0,0,stale
2558,telemetry,UAV-6,,3,226.000,,,0,0,stale
2559,telemetry,UAV-4,,3,226.200,,,0,0,stale
2560,telemetry,UAV-5,,3,226.200,,,0,0,stale
2561,telemetry,UAV-2,,3,226.400,,,0,0,stale
2562,telemetry,UAV-3,,3,226.500,,,0,0,stale
2563,telemetry,UAV-6,,3,226.500,,,0,0,stale
2564,telemetry,UAV-4,,3,226.700,,,0,0,stale
2565,telemetry,UAV-5,,3,226.700,,,0,0,stale
2566,telemetry,UAV-2,,3,226.900,,,0,0,stale
2567,telemetry,UAV-3,,3,227.000,,,0,0,stale
2568,telemetry,UAV-6,,3,227.000,,,0,0,stale
2569,telemetry,UAV-4,,3,227.200,,,0,0,stale
2570,telemetry,UAV-5,,3,227.200,,,0,0,stale
2571,telemetry,UAV-2,,3,227.400,,,0,0,stale
2572,telemetry,UAV-3,,3,227.500,,,0,0,stale
2573,telemetry,UAV-6,,3,227.500,,,0,0,stale
2574,telemetry,UAV-4,,3,227.700,,,0,0,stale
2575,telemetry,UAV-5,,3,227.700,,,0,0,stale
2576,telemetry,UAV-2,,3,227.900,,,0,0,stale
2577,telemetry,UAV-3,,3,228.000,,,0,0,stale
2578,telemetry,UAV-6,,3,228.000,,,0,0,stale
2579,telemetry,UAV-4,,3,228.200,,,0,0,stale
2580,telemetry,UAV-5,,3,228.200,,,0,0,stale
2581,telemetry,UAV-2,,3,228.400,,,0,0,stale
2586,telemetry,UAV-2,,3,228.900,230.511,1611.2,2,0,delivered
2591,telemetry,UAV-2,,3,229.400,230.511,1111.2,2,0,delivered
2596,telemetry,UAV-2,,3,229.900,230.511,611.2,2,0,delivered
2601,telemetry,UAV-2,,3,230.400,230.511,111.2,2,0,delivered
2582,telemetry,UAV-3,,3,228.500,,,0,0,stale
2587,telemetry,UAV-3,,3,229.000,230.511,1511.2,2,0,delivered
2592,telemetry,UAV-3,,3,229.500,230.511,1011.2,2,0,delivered
2597,telemetry,UAV-3,,3,230.000,230.511,511.2,2,0,delivered
2602,telemetry,UAV-3,,3,230.500,230.511,11.2,2,0,delivered
2584,telemetry,UAV-4,,3,228.700,230.506,1805.6,1,0,delivered
2589,telemetry,UAV-4,,3,229.200,230.506,1305.6,1,0,delivered
2594,telemetry,UAV-4,,3,229.700,230.506,805.6,1,0,delivered
2599,telemetry,UAV-4,,3,230.200,230.506,305.6,1,0,delivered
2585,telemetry,UAV-5,,3,228.700,230.506,1805.6,1,0,delivered
2590,telemetry,UAV-5,,3,229.200,230.506,1305.6,1,0,delivered
2595,telemetry,UAV-5,,3,229.700,230.506,805.6,1,0,delivered
2600,telemetry,UAV-5,,3,230.200,230.506,305.6,1,0,delivered
2583,telemetry,UAV-6,,3,228.500,,,0,0,stale
2588,telemetry,UAV-6,,3,229.000,230.506,1505.6,1,0,delivered
2593,telemetry,UAV-6,,3,229.500,230.506,1005.6,1,0,delivered
2598,telemetry,UAV-6,,3,230.000,230.506,505.6,1,0,delivered
2603,telemetry,UAV-6,,3,230.500,230.506,5.6,1,0,delivered
2604,telemetry,UAV-4,,3,230.700,230.706,5.6,1,0,delivered
2605,telemetry,UAV-5,,3,230.700,230.720,19.8,1,2,delivered
2606,telemetry,UAV-2,,3,230.900,230.911,11.2,2,0,delivered
2607,telemetry,UAV-3,,3,231.000,231.011,11.2,2,0,delivered
2608,telemetry,UAV-6,,3,231.000,231.006,5.6,1,0,delivered
2609,telemetry,UAV-4,,3,231.200,231.206,5.6,1,0,delivered
2610,telemetry,UAV-5,,3,231.200,231.211,11.2,2,0,delivered
2611,telemetry,UAV-2,,3,231.400,231.411,11.2,2,0,delivered
2612,telemetry,UAV-3,,3,231.500,231.511,11.2,2,0,delivered
2613,telemetry,UAV-6,,3,231.500,231.506,5.6,1,0,delivered
2614,telemetry,UAV-4,,3,231.700,231.706,5.6,1,0,delivered
2615,telemetry,UAV-5,,3,231.700,231.711,11.2,2,0,delivered
2616,telemetry,UAV-2,,3,231.900,231.911,11.2,2,0,delivered
2617,telemetry,UAV-3,,3,232.000,232.011,11.2,2,0,delivered
2618,telemetry,UAV-6,,3,232.000,232.006,5.6,1,0,delivered
2619,telemetry,UAV-4,,3,232.200,232.206,5.6,1,0,delivered
2620,telemetry,UAV-5,,3,232.200,232.211,11.2,2,0,delivered
2621,telemetry,UAV-2,,3,232.400,232.411,11.2,2,0,delivered
2622,telemetry,UAV-3,,3,232.500,232.511,11.2,2,0,delivered
2623,telemetry,UAV-6,,3,232.500,232.506,5.6,1,0,delivered
2624,telemetry,UAV-4,,3,232.700,232.706,5.6,1,0,delivered
2625,telemetry,UAV-5,,3,232.700,232.711,11.2,2,0,delivered
2626,telemetry,UAV-2,,3,232.900,232.911,11.2,2,0,delivered
2627,telemetry,UAV-3,,3,233.000,233.011,11.2,2,0,delivered
2628,telemetry,UAV-6,,3,233.000,233.006,5.6,1,0,delivered
2629,telemetry,UAV-4,,3,233.200,233.206,5.6,1,0,delivered
2630,telemetry,UAV-5,,3,233.200,233.211,11.2,2,0,delivered
2631,telemetry,UAV-2,,3,233.400,233.411,11.2,2,0,delivered
2632,telemetry,UAV-3,,3,233.500,233.511,11.2,2,0,delivered
2633,telemetry,UAV-6,,3,233.500,233.506,5.6,1,0,delivered
2634,telemetry,UAV-4,,3,233.700,233.706,5.6,1,0,delivered
2635,telemetry,UAV-5,,3,233.700,233.711,11.2,2,0,delivered
2636,telemetry,UAV-2,,3,233.900,233.911,11.2,2,0,delivered
2637,telemetry,UAV-3,,3,234.000,234.011,11.2,2,0,delivered
2638,telemetry,UAV-6,,3,234.000,234.006,5.6,1,0,delivered
2639,telemetry,UAV-4,,3,234.200,234.206,5.6,1,0,delivered
2640,telemetry,UAV-5,,3,234.200,234.211,11.2,2,0,delivered
2641,telemetry,UAV-2,,3,234.400,234.411,11.2,2,0,delivered
2642,telemetry,UAV-3,,3,234.500,234.511,11.2,2,0,delivered
2643,telemetry,UAV-6,,3,234.500,234.506,5.6,1,0,delivered
2644,telemetry,UAV-4,,3,234.700,234.706,5.6,1,0,delivered
2645,telemetry,UAV-5,,3,234.700,234.711,11.2,2,0,delivered
2646,telemetry,UAV-2,,3,234.900,234.911,11.2,2,0,delivered
2647,telemetry,UAV-3,,3,235.000,235.011,11.2,2,0,delivered
2648,telemetry,UAV-6,,3,235.000,235.006,5.6,1,0,delivered
2649,telemetry,UAV-4,,3,235.200,235.206,5.6,1,0,delivered
2650,telemetry,UAV-5,,3,235.200,235.206,5.6,1,0,delivered
2651,telemetry,UAV-2,,3,235.400,235.411,11.2,2,0,delivered
2652,telemetry,UAV-3,,3,235.500,235.511,11.2,2,0,delivered
2653,telemetry,UAV-6,,3,235.500,235.506,5.6,1,0,delivered
2654,telemetry,UAV-4,,3,235.700,235.706,5.6,1,0,delivered
2655,telemetry,UAV-5,,3,235.700,235.706,5.6,1,0,delivered
2656,telemetry,UAV-2,,3,235.900,235.911,11.2,2,0,delivered
2657,telemetry,UAV-3,,3,236.000,236.011,11.2,2,0,delivered
2658,telemetry,UAV-6,,3,236.000,236.006,5.6,1,0,delivered
2659,telemetry,UAV-4,,3,236.200,236.206,5.6,1,0,delivered
2660,telemetry,UAV-5,,3,236.200,236.206,5.6,1,0,delivered
2661,telemetry,UAV-2,,3,236.400,236.411,11.2,2,0,delivered
2662,telemetry,UAV-3,,3,236.500,236.511,11.2,2,0,delivered
2663,telemetry,UAV-6,,3,236.500,236.506,5.6,1,0,delivered
2664,telemetry,UAV-4,,3,236.700,236.706,5.6,1,0,delivered
2665,telemetry,UAV-5,,3,236.700,236.706,5.6,1,0,delivered
2666,telemetry,UAV-2,,3,236.900,236.911,11.2,2,0,delivered
2667,telemetry,UAV-3,,3,237.000,237.011,11.2,2,0,delivered
2668,telemetry,UAV-6,,3,237.000,237.006,5.6,1,0,delivered
2669,telemetry,UAV-4,,3,237.200,237.206,5.6,1,0,delivered
2670,telemetry,UAV-5,,3,237.200,237.206,5.6,1,0,delivered
2671,telemetry,UAV-2,,3,237.400,237.411,11.2,2,0,delivered
2672,telemetry,UAV-3,,3,237.500,237.511,11.2,2,0,delivered
2673,telemetry,UAV-6,,3,237.500,237.506,5.6,1,0,delivered
2674,telemetry,UAV-4,,3,237.700,237.706,5.6,1,0,delivered
2675,telemetry,UAV-5,,3,237.700,237.706,5.6,1,0,delivered
2676,telemetry,UAV-2,,3,237.900,237.911,11.2,2,0,delivered
2677,telemetry,UAV-3,,3,238.000,238.011,11.2,2,0,delivered
2678,telemetry,UAV-6,,3,238.000,238.006,5.6,1,0,delivered
2679,telemetry,UAV-4,,3,238.200,238.206,5.6,1,0,delivered
2680,telemetry,UAV-5,,3,238.200,238.206,5.6,1,0,delivered
2681,telemetry,UAV-2,,3,238.400,238.411,11.2,2,0,delivered
2682,telemetry,UAV-3,,3,238.500,238.511,11.2,2,0,delivered
2683,telemetry,UAV-6,,3,238.500,238.506,5.6,1,0,delivered
2684,telemetry,UAV-4,,3,238.700,238.706,5.6,1,0,delivered
2685,telemetry,UAV-5,,3,238.700,238.706,5.6,1,0,delivered
2686,telemetry,UAV-2,,3,238.900,238.911,11.2,2,0,delivered
2687,telemetry,UAV-3,,3,239.000,239.011,11.2,2,0,delivered
2688,telemetry,UAV-6,,3,239.000,239.006,5.6,1,0,delivered
2689,telemetry,UAV-4,,3,239.200,239.206,5.6,1,0,delivered
2690,telemetry,UAV-5,,3,239.200,239.206,5.6,1,0,delivered
2691,telemetry,UAV-2,,3,239.400,239.411,11.2,2,0,delivered
2692,telemetry,UAV-3,,3,239.500,239.511,11.2,2,0,delivered
2693,telemetry,UAV-6,,3,239.500,239.506,5.6,1,0,delivered
2694,telemetry,UAV-4,,3,239.700,239.706,5.6,1,0,delivered
2695,telemetry,UAV-5,,3,239.700,239.706,5.6,1,0,delivered
2696,telemetry,UAV-2,,3,239.900,239.911,11.2,2,0,delivered
2697,telemetry,UAV-3,,3,240.000,240.011,11.2,2,0,delivered
2698,telemetry,UAV-6,,3,240.000,240.006,5.6,1,0,delivered
2699,telemetry,UAV-4,,3,240.200,240.206,5.6,1,0,delivered
2700,telemetry,UAV-5,,3,240.200,240.206,5.6,1,0,delivered
2701,telemetry,UAV-2,,3,240.400,240.411,11.2,2,0,delivered
2702,telemetry,UAV-3,,3,240.500,240.511,11.2,2,0,delivered
2703,telemetry,UAV-6,,3,240.500,240.512,11.7,1,1,delivered
2704,telemetry,UAV-4,,3,240.700,240.706,5.6,1,0,delivered
2705,telemetry,UAV-5,,3,240.700,240.706,5.6,1,0,delivered
2706,telemetry,UAV-2,,3,240.900,240.911,11.2,2,0,delivered
2707,telemetry,UAV-3,,3,241.000,241.011,11.2,2,0,delivered
2708,telemetry,UAV-6,,3,241.000,241.006,5.6,1,0,delivered
2709,telemetry,UAV-4,,3,241.200,241.206,5.6,1,0,delivered
2710,telemetry,UAV-5,,3,241.200,241.206,5.6,1,0,delivered
2711,telemetry,UAV-2,,3,241.400,241.411,11.2,2,0,delivered
2712,telemetry,UAV-3,,3,241.500,241.511,11.2,2,0,delivered
2713,telemetry,UAV-6,,3,241.500,241.511,11.2,2,0,delivered
2714,telemetry,UAV-4,,3,241.700,241.706,5.6,1,0,delivered
2715,telemetry,UAV-5,,3,241.700,241.706,5.6,1,0,delivered
2716,telemetry,UAV-2,,3,241.900,241.911,11.2,2,0,delivered
2717,telemetry,UAV-3,,3,242.000,242.011,11.2,2,0,delivered
2718,telemetry,UAV-6,,3,242.000,242.011,11.2,2,0,delivered
2719,telemetry,UAV-4,,3,242.200,242.206,5.6,1,0,delivered
2720,telemetry,UAV-5,,3,242.200,242.206,5.6,1,0,delivered
2721,telemetry,UAV-2,,3,242.400,242.411,11.2,2,0,delivered
2722,telemetry,UAV-3,,3,242.500,242.511,11.2,2,0,delivered
2723,telemetry,UAV-6,,3,242.500,242.511,11.2,2,0,delivered
2724,telemetry,UAV-4,,3,242.700,242.706,5.6,1,0,delivered
2725,telemetry,UAV-5,,3,242.700,242.706,5.6,1,0,delivered
2726,telemetry,UAV-2,,3,242.900,242.911,11.2,2,0,delivered
2727,telemetry,UAV-3,,3,243.000,243.011,11.2,2,0,delivered
2728,telemetry,UAV-6,,3,243.000,243.011,11.2,2,0,delivered
2729,telemetry,UAV-4,,3,243.200,243.206,5.6,1,0,delivered
2730,telemetry,UAV-5,,3,243.200,243.206,5.6,1,0,delivered
2731,telemetry,UAV-2,,3,243.400,243.411,11.2,2,0,delivered
2732,telemetry,UAV-3,,3,243.500,243.511,11.2,2,0,delivered
2733,telemetry,UAV-6,,3,243.500,243.511,11.2,2,0,delivered
2734,telemetry,UAV-4,,3,243.700,243.706,5.6,1,0,delivered
2735,telemetry,UAV-5,,3,243.700,243.706,5.6,1,0,delivered
2736,telemetry,UAV-2,,3,243.900,243.911,11.2,2,0,delivered
2737,telemetry,UAV-3,,3,244.000,244.011,11.2,2,0,delivered
2738,telemetry,UAV-6,,3,244.000,244.011,11.2,2,0,delivered
2739,telemetry,UAV-4,,3,244.200,244.206,5.6,1,0,delivered
2740,telemetry,UAV-5,,3,244.200,244.206,5.6,1,0,delivered
2741,telemetry,UAV-2,,3,244.400,244.411,11.2,2,0,delivered
2742,telemetry,UAV-3,,3,244.500,244.511,11.2,2,0,delivered
2743,telemetry,UAV-6,,3,244.500,244.511,11.2,2,0,delivered
2744,telemetry,UAV-4,,3,244.700,244.706,5.6,1,0,delivered
2745,telemetry,UAV-5,,3,244.700,244.706,5.6,1,0,delivered
2746,telemetry,UAV-2,,3,244.900,244.911,11.2,2,0,delivered
2747,telemetry,UAV-3,,3,245.000,245.011,11.2,2,0,delivered
2748,telemetry,UAV-6,,3,245.000,245.011,11.2,2,0,delivered
2749,telemetry,UAV-4,,3,245.200,245.206,5.6,1,0,delivered
2750,telemetry,UAV-5,,3,245.200,245.206,5.6,1,0,delivered
2751,telemetry,UAV-2,,3,245.400,245.411,11.2,2,0,delivered
2752,telemetry,UAV-3,,3,245.500,245.511,11.2,2,0,delivered
2753,telemetry,UAV-6,,3,245.500,245.511,11.2,2,0,delivered
2754,telemetry,UAV-4,,3,245.700,245.706,5.6,1,0,delivered
2755,telemetry,UAV-5,,3,245.700,245.706,5.6,1,0,delivered
2756,telemetry,UAV-2,,3,245.900,245.911,11.2,2,0,delivered
2757,telemetry,UAV-3,,3,246.000,246.011,11.2,2,0,delivered
2758,telemetry,UAV-6,,3,246.000,246.011,11.2,2,0,delivered
2759,telemetry,UAV-4,,3,246.200,246.206,5.6,1,0,delivered
2760,telemetry,UAV-5,,3,246.200,246.206,5.6,1,0,delivered
2761,telemetry,UAV-2,,3,246.400,246.411,11.2,2,0,delivered
2762,telemetry,UAV-3,,3,246.500,246.511,11.2,2,0,delivered
2763,telemetry,UAV-6,,3,246.500,246.511,11.2,2,0,delivered
2764,telemetry,UAV-4,,3,246.700,246.706,5.6,1,0,delivered
2765,telemetry,UAV-5,,3,246.700,246.706,5.6,1,0,delivered
2766,telemetry,UAV-2,,3,246.900,246.911,11.2,2,0,delivered
2767,telemetry,UAV-3,,3,247.000,247.011,11.2,2,0,delivered
2768,telemetry,UAV-6,,3,247.000,247.011,11.2,2,0,delivered
2769,telemetry,UAV-4,,3,247.200,247.206,5.6,1,0,delivered
2770,telemetry,UAV-5,,3,247.200,247.206,5.6,1,0,delivered
2771,telemetry,UAV-2,,3,247.400,247.411,11.2,2,0,delivered
2772,telemetry,UAV-3,,3,247.500,247.511,11.2,2,0,delivered
2773,telemetry,UAV-6,,3,247.500,247.511,11.2,2,0,delivered
2774,telemetry,UAV-4,,3,247.700,247.706,5.6,1,0,delivered
2775,telemetry,UAV-5,,3,247.700,247.706,5.6,1,0,delivered
2776,telemetry,UAV-2,,3,247.900,247.911,11.2,2,0,delivered
2777,telemetry,UAV-3,,3,248.000,248.011,11.2,2,0,delivered
2778,telemetry,UAV-6,,3,248.000,248.011,11.2,2,0,delivered
2779,telemetry,UAV-4,,3,248.200,248.206,5.6,1,0,delivered
2780,telemetry,UAV-5,,3,248.200,248.206,5.6,1,0,delivered
2781,telemetry,UAV-2,,3,248.400,248.411,11.2,2,0,delivered
2782,telemetry,UAV-3,,3,248.500,248.511,11.2,2,0,delivered
2783,telemetry,UAV-6,,3,248.500,248.511,11.2,2,0,delivered
2784,telemetry,UAV-4,,3,248.700,248.706,5.6,1,0,delivered
2785,telemetry,UAV-5,,3,248.700,248.706,5.6,1,0,delivered
2786,telemetry,UAV-2,,3,248.900,248.911,11.2,2,0,delivered
2787,telemetry,UAV-3,,3,249.000,249.011,11.2,2,0,delivered
2788,telemetry,UAV-6,,3,249.000,249.011,11.2,2,0,delivered
2789,telemetry,UAV-4,,3,249.200,249.206,5.6,1,0,delivered
2790,telemetry,UAV-5,,3,249.200,249.206,5.6,1,0,delivered
2791,telemetry,UAV-2,,3,249.400,249.411,11.2,2,0,delivered
2792,telemetry,UAV-3,,3,249.500,249.511,11.2,2,0,delivered
2793,telemetry,UAV-6,,3,249.500,249.511,11.2,2,0,delivered
2794,telemetry,UAV-4,,3,249.700,249.706,5.6,1,0,delivered
2795,telemetry,UAV-5,,3,249.700,249.706,5.6,1,0,delivered
2796,telemetry,UAV-2,,3,249.900,249.911,11.2,2,0,delivered
2797,telemetry,UAV-3,,3,250.000,250.011,11.2,2,0,delivered
2798,telemetry,UAV-6,,3,250.000,250.011,11.2,2,0,delivered
2799,telemetry,UAV-4,,3,250.200,250.206,5.6,1,0,delivered
2800,telemetry,UAV-5,,3,250.200,250.206,5.6,1,0,delivered
2801,telemetry,UAV-2,,3,250.400,250.411,11.2,2,0,delivered
2802,telemetry,UAV-3,,3,250.500,250.511,11.2,2,0,delivered
2803,telemetry,UAV-6,,3,250.500,250.511,11.2,2,0,delivered
2804,telemetry,UAV-4,,3,250.700,250.706,5.6,1,0,delivered
2805,telemetry,UAV-5,,3,250.700,250.706,5.6,1,0,delivered
2806,telemetry,UAV-2,,3,250.900,250.911,11.2,2,0,delivered
2807,telemetry,UAV-3,,3,251.000,251.011,11.2,2,0,delivered
2808,telemetry,UAV-6,,3,251.000,251.011,11.2,2,0,delivered
2809,telemetry,UAV-4,,3,251.200,251.206,5.6,1,0,delivered
2810,telemetry,UAV-5,,3,251.200,251.206,5.6,1,0,delivered
2811,telemetry,UAV-2,,3,251.400,251.411,11.2,2,0,delivered
2812,telemetry,UAV-3,,3,251.500,251.511,11.2,2,0,delivered
2813,telemetry,UAV-6,,3,251.500,251.511,11.2,2,0,delivered
2814,telemetry,UAV-4,,3,251.700,251.706,5.6,1,0,delivered
2815,telemetry,UAV-5,,3,251.700,251.706,5.6,1,0,delivered
2816,telemetry,UAV-2,,3,251.900,251.911,11.2,2,0,delivered
2817,telemetry,UAV-3,,3,252.000,252.011,11.2,2,0,delivered
2818,telemetry,UAV-6,,3,252.000,252.011,11.2,2,0,delivered
2819,telemetry,UAV-4,,3,252.200,252.206,5.6,1,0,delivered
2820,telemetry,UAV-5,,3,252.200,252.206,5.6,1,0,delivered
2821,telemetry,UAV-2,,3,252.400,252.411,11.2,2,0,delivered
2822,telemetry,UAV-3,,3,252.500,252.511,11.2,2,0,delivered
2823,telemetry,UAV-6,,3,252.500,252.511,11.2,2,0,delivered
2824,telemetry,UAV-4,,3,252.700,252.706,5.6,1,0,delivered
2825,telemetry,UAV-5,,3,252.700,252.706,5.6,1,0,delivered
2826,telemetry,UAV-2,,3,252.900,252.911,11.2,2,0,delivered
2827,telemetry,UAV-3,,3,253.000,253.011,11.2,2,0,delivered
2828,telemetry,UAV-6,,3,253.000,253.011,11.2,2,0,delivered
2829,telemetry,UAV-4,,3,253.200,253.206,5.6,1,0,delivered
2830,telemetry,UAV-5,,3,253.200,253.206,5.6,1,0,delivered
2831,telemetry,UAV-2,,3,253.400,253.411,11.2,2,0,delivered
2832,telemetry,UAV-3,,3,253.500,253.511,11.2,2,0,delivered
2833,telemetry,UAV-6,,3,253.500,253.511,11.2,2,0,delivered
2834,telemetry,UAV-4,,3,253.700,253.706,5.6,1,0,delivered
2835,telemetry,UAV-5,,3,253.700,253.706,5.6,1,0,delivered
2836,telemetry,UAV-2,,3,253.900,253.911,11.2,2,0,delivered
2837,telemetry,UAV-3,,3,254.000,254.011,11.2,2,0,delivered
2838,telemetry,UAV-6,,3,254.000,254.012,11.7,1,1,delivered
2839,telemetry,UAV-4,,3,254.200,254.206,5.6,1,0,delivered
2840,telemetry,UAV-5,,3,254.200,254.206,5.6,1,0,delivered
2841,telemetry,UAV-2,,3,254.400,254.411,11.2,2,0,delivered
2842,telemetry,UAV-3,,3,254.500,254.511,11.2,2,0,delivered
2843,telemetry,UAV-6,,3,254.500,254.506,5.6,1,0,delivered
2844,telemetry,UAV-4,,3,254.700,254.706,5.6,1,0,delivered
2845,telemetry,UAV-5,,3,254.700,254.706,5.6,1,0,delivered
2846,telemetry,UAV-2,,3,254.900,254.911,11.2,2,0,delivered
2847,telemetry,UAV-3,,3,255.000,255.011,11.2,2,0,delivered
2848,telemetry,UAV-6,,3,255.000,255.006,5.6,1,0,delivered
2849,telemetry,UAV-4,,3,255.200,255.206,5.6,1,0,delivered
2850,telemetry,UAV-5,,3,255.200,255.206,5.6,1,0,delivered
2851,telemetry,UAV-2,,3,255.400,255.411,11.2,2,0,delivered
2852,telemetry,UAV-3,,3,255.500,255.511,11.2,2,0,delivered
2853,telemetry,UAV-6,,3,255.500,255.506,5.6,1,0,delivered
2854,telemetry,UAV-4,,3,255.700,255.706,5.6,1,0,delivered
2855,telemetry,UAV-5,,3,255.700,255.706,5.6,1,0,delivered
2856,telemetry,UAV-2,,3,255.900,255.911,11.2,2,0,delivered
2857,telemetry,UAV-3,,3,256.000,256.011,11.2,2,0,delivered
2858,telemetry,UAV-6,,3,256.000,256.006,5.6,1,0,delivered
2859,telemetry,UAV-4,,3,256.200,256.206,5.6,1,0,delivered
2860,telemetry,UAV-5,,3,256.200,256.206,5.6,1,0,delivered
2861,telemetry,UAV-2,,3,256.400,256.411,11.2,2,0,delivered
2862,telemetry,UAV-3,,3,256.500,256.511,11.2,2,0,delivered
2863,telemetry,UAV-6,,3,256.500,256.506,5.6,1,0,delivered
2864,telemetry,UAV-4,,3,256.700,256.706,5.6,1,0,delivered
2865,telemetry,UAV-5,,3,256.700,256.706,5.6,1,0,delivered
2866,telemetry,UAV-2,,3,256.900,256.911,11.2,2,0,delivered
2867,telemetry,UAV-3,,3,257.000,257.011,11.2,2,0,delivered
2868,telemetry,UAV-6,,3,257.000,257.006,5.6,1,0,delivered
2869,telemetry,UAV-4,,3,257.200,257.206,5.6,1,0,delivered
2870,telemetry,UAV-5,,3,257.200,257.206,5.6,1,0,delivered
2871,telemetry,UAV-2,,3,257.400,257.411,11.2,2,0,delivered
2872,telemetry,UAV-3,,3,257.500,257.511,11.2,2,0,delivered
2873,telemetry,UAV-6,,3,257.500,257.511,11.2,2,0,delivered
2874,telemetry,UAV-4,,3,257.700,257.706,5.6,1,0,delivered
2875,telemetry,UAV-5,,3,257.700,257.706,5.6,1,0,delivered
2876,telemetry,UAV-2,,3,257.900,257.911,11.2,2,0,delivered
2877,telemetry,UAV-3,,3,258.000,258.011,11.2,2,0,delivered
2878,telemetry,UAV-6,,3,258.000,258.006,5.6,1,0,delivered
2879,telemetry,UAV-4,,3,258.200,258.206,5.6,1,0,delivered
2880,telemetry,UAV-5,,3,258.200,258.206,5.6,1,0,delivered
2881,telemetry,UAV-2,,3,258.400,258.411,11.2,2,0,delivered
2882,telemetry,UAV-3,,3,258.500,258.511,11.2,2,0,delivered
2883,telemetry,UAV-6,,3,258.500,258.511,11.2,2,0,delivered
2884,telemetry,UAV-4,,3,258.700,258.706,5.6,1,0,delivered
2885,telemetry,UAV-5,,3,258.700,258.706,5.6,1,0,delivered
2886,telemetry,UAV-2,,3,258.900,258.911,11.2,2,0,delivered
2887,telemetry,UAV-3,,3,259.000,259.011,11.2,2,0,delivered
2888,telemetry,UAV-6,,3,259.000,259.006,5.6,1,0,delivered
2889,telemetry,UAV-4,,3,259.200,259.206,5.6,1,0,delivered
2890,telemetry,UAV-5,,3,259.200,259.206,5.6,1,0,delivered
2891,telemetry,UAV-2,,3,259.400,259.411,11.2,2,0,delivered
2892,telemetry,UAV-3,,3,259.500,259.511,11.2,2,0,delivered
2893,telemetry,UAV-6,,3,259.500,259.506,5.6,1,0,delivered
2894,telemetry,UAV-4,,3,259.700,259.706,5.6,1,0,delivered
2895,telemetry,UAV-5,,3,259.700,259.706,5.6,1,0,delivered
2896,telemetry,UAV-2,,3,259.900,259.911,11.2,2,0,delivered
2897,telemetry,UAV-3,,3,260.000,260.011,11.2,2,0,delivered
2898,telemetry,UAV-6,,3,260.000,260.006,5.6,1,0,delivered
2899,telemetry,UAV-4,,3,260.200,260.206,5.6,1,0,delivered
2900,telemetry,UAV-5,,3,260.200,260.206,5.6,1,0,delivered
2901,telemetry,UAV-2,,3,260.400,260.411,11.2,2,0,delivered
2902,telemetry,UAV-3,,3,260.500,260.511,11.2,2,0,delivered
2903,telemetry,UAV-6,,3,260.500,260.506,5.6,1,0,delivered
2904,telemetry,UAV-4,,3,260.700,260.706,5.6,1,0,delivered
2905,telemetry,UAV-5,,3,260.700,260.706,5.6,1,0,delivered
2906,telemetry,UAV-2,,3,260.900,260.911,11.2,2,0,delivered
2907,telemetry,UAV-3,,3,261.000,261.011,11.2,2,0,delivered
2908,telemetry,UAV-6,,3,261.000,261.006,5.6,1,0,delivered
2909,telemetry,UAV-4,,3,261.200,261.206,5.6,1,0,delivered
2910,telemetry,UAV-5,,3,261.200,261.206,5.6,1,0,delivered
2911,telemetry,UAV-2,,3,261.400,261.411,11.2,2,0,delivered
2912,telemetry,UAV-3,,3,261.500,261.511,11.2,2,0,delivered
2913,telemetry,UAV-6,,3,261.500,261.506,5.6,1,0,delivered
2914,telemetry,UAV-4,,3,261.700,261.706,5.6,1,0,delivered
2915,telemetry,UAV-5,,3,261.700,261.706,5.6,1,0,delivered
2916,telemetry,UAV-2,,3,261.900,261.911,11.2,2,0,delivered
2917,telemetry,UAV-3,,3,262.000,262.011,11.2,2,0,delivered
2918,telemetry,UAV-6,,3,262.000,262.011,11.2,2,0,delivered
2919,telemetry,UAV-4,,3,262.200,262.206,5.6,1,0,delivered
2920,telemetry,UAV-5,,3,262.200,262.206,5.6,1,0,delivered
2921,telemetry,UAV-2,,3,262.400,262.411,11.2,2,0,delivered
2922,telemetry,UAV-3,,3,262.500,262.511,11.2,2,0,delivered
2923,telemetry,UAV-6,,3,262.500,262.506,5.6,1,0,delivered
2924,telemetry,UAV-4,,3,262.700,262.706,5.6,1,0,delivered
2925,telemetry,UAV-5,,3,262.700,262.706,5.6,1,0,delivered
2926,telemetry,UAV-2,,3,262.900,262.911,11.2,2,0,delivered
2927,telemetry,UAV-3,,3,263.000,263.011,11.2,2,0,delivered
2928,telemetry,UAV-6,,3,263.000,263.011,11.2,2,0,delivered
2929,telemetry,UAV-4,,3,263.200,263.206,5.6,1,0,delivered
2930,telemetry,UAV-5,,3,263.200,263.206,5.6,1,0,delivered
2931,telemetry,UAV-2,,3,263.400,263.411,11.2,2,0,delivered
2932,telemetry,UAV-3,,3,263.500,263.511,11.2,2,0,delivered
2933,telemetry,UAV-6,,3,263.500,263.511,11.2,2,0,delivered
2934,telemetry,UAV-4,,3,263.700,263.706,5.6,1,0,delivered
2935,telemetry,UAV-5,,3,263.700,263.706,5.6,1,0,delivered
2936,telemetry,UAV-2,,3,263.900,263.911,11.2,2,0,delivered
2937,telemetry,UAV-3,,3,264.000,264.011,11.2,2,0,delivered
2938,telemetry,UAV-6,,3,264.000,264.011,11.2,2,0,delivered
2939,telemetry,UAV-4,,3,264.200,264.206,5.6,1,0,delivered
2940,telemetry,UAV-5,,3,264.200,264.206,5.6,1,0,delivered
2941,telemetry,UAV-2,,3,264.400,264.411,11.2,2,0,delivered
2942,telemetry,UAV-3,,3,264.500,264.511,11.2,2,0,delivered
2943,telemetry,UAV-6,,3,264.500,264.511,11.2,2,0,delivered
2944,telemetry,UAV-4,,3,264.700,264.706,5.6,1,0,delivered
2945,telemetry,UAV-5,,3,264.700,264.706,5.6,1,0,delivered
2946,telemetry,UAV-2,,3,264.900,264.911,11.2,2,0,delivered
2947,telemetry,UAV-3,,3,265.000,265.011,11.2,2,0,delivered
2948,telemetry,UAV-6,,3,265.000,265.011,11.2,2,0,delivered
2949,telemetry,UAV-4,,3,265.200,265.206,5.6,1,0,delivered
2950,telemetry,UAV-5,,3,265.200,265.206,5.6,1,0,delivered
2951,telemetry,UAV-2,,3,265.400,265.411,11.2,2,0,delivered
2952,telemetry,UAV-3,,3,265.500,265.511,11.2,2,0,delivered
2953,telemetry,UAV-6,,3,265.500,265.511,11.2,2,0,delivered
2954,telemetry,UAV-4,,3,265.700,265.706,5.6,1,0,delivered
2955,telemetry,UAV-5,,3,265.700,265.706,5.6,1,0,delivered
2956,telemetry,UAV-2,,3,265.900,265.911,11.2,2,0,delivered
2957,telemetry,UAV-3,,3,266.000,266.011,11.2,2,0,delivered
2958,telemetry,UAV-6,,3,266.000,266.011,11.2,2,0,delivered
2959,telemetry,UAV-4,,3,266.200,266.206,5.6,1,0,delivered
2960,telemetry,UAV-5,,3,266.200,266.206,5.6,1,0,delivered
2961,telemetry,UAV-2,,3,266.400,266.411,11.2,2,0,delivered
2962,telemetry,UAV-3,,3,266.500,266.511,11.2,2,0,delivered
2963,telemetry,UAV-6,,3,266.500,266.511,11.2,2,0,delivered
2964,telemetry,UAV-4,,3,266.700,266.706,5.6,1,0,delivered
2965,telemetry,UAV-5,,3,266.700,266.706,5.6,1,0,delivered
2966,telemetry,UAV-2,,3,266.900,266.911,11.2,2,0,delivered
2967,telemetry,UAV-3,,3,267.000,267.006,5.6,1,0,delivered
2968,telemetry,UAV-6,,3,267.000,267.011,11.2,2,0,delivered
2969,telemetry,UAV-4,,3,267.200,267.206,5.6,1,0,delivered
2970,telemetry,UAV-5,,3,267.200,267.206,5.6,1,0,delivered
2971,telemetry,UAV-2,,3,267.400,267.411,11.2,2,0,delivered
2972,telemetry,UAV-3,,3,267.500,267.511,11.2,2,0,delivered
2973,telemetry,UAV-6,,3,267.500,267.511,11.2,2,0,delivered
2974,telemetry,UAV-4,,3,267.700,267.706,5.6,1,0,delivered
2975,telemetry,UAV-5,,3,267.700,267.706,5.6,1,0,delivered
2976,telemetry,UAV-2,,3,267.900,267.911,11.2,2,0,delivered
2977,telemetry,UAV-3,,3,268.000,268.006,5.6,1,0,delivered
2978,telemetry,UAV-6,,3,268.000,268.011,11.2,2,0,delivered
2979,telemetry,UAV-4,,3,268.200,268.206,5.6,1,0,delivered
2980,telemetry,UAV-5,,3,268.200,268.206,5.6,1,0,delivered
2981,telemetry,UAV-2,,3,268.400,268.411,11.2,2,0,delivered
2982,telemetry,UAV-3,,3,268.500,268.511,11.2,2,0,delivered
2983,telemetry,UAV-6,,3,268.500,268.511,11.2,2,0,delivered
2984,telemetry,UAV-4,,3,268.700,268.706,5.6,1,0,delivered
2985,telemetry,UAV-5,,3,268.700,268.706,5.6,1,0,delivered
2986,telemetry,UAV-2,,3,268.900,268.911,11.2,2,0,delivered
2987,telemetry,UAV-3,,3,269.000,269.011,11.2,2,0,delivered
2988,telemetry,UAV-6,,3,269.000,269.011,11.2,2,0,delivered
2989,telemetry,UAV-4,,3,269.200,269.206,5.6,1,0,delivered
2990,telemetry,UAV-5,,3,269.200,269.206,5.6,1,0,delivered
2991,telemetry,UAV-2,,3,269.400,269.411,11.2,2,0,delivered
2992,telemetry,UAV-3,,3,269.500,269.506,5.6,1,0,delivered
2993,telemetry,UAV-6,,3,269.500,269.511,11.2,2,0,delivered
2994,telemetry,UAV-4,,3,269.700,269.706,5.6,1,0,delivered
2995,telemetry,UAV-5,,3,269.700,269.706,5.6,1,0,delivered
2996,telemetry,UAV-2,,3,269.900,269.911,11.2,2,0,delivered
2997,telemetry,UAV-3,,3,270.000,270.006,5.6,1,0,delivered
2998,telemetry,UAV-6,,3,270.000,270.011,11.2,2,0,delivered
2999,telemetry,UAV-4,,3,270.200,270.206,5.6,1,0,delivered
3000,telemetry,UAV-5,,3,270.200,270.206,5.6,1,0,delivered
3001,telemetry,UAV-2,,3,270.400,270.411,11.2,2,0,delivered
3002,telemetry,UAV-3,,3,270.500,270.506,5.6,1,0,delivered
3003,telemetry,UAV-6,,3,270.500,270.511,11.2,2,0,delivered
3004,telemetry,UAV-4,,3,270.700,270.706,5.6,1,0,delivered
3005,telemetry,UAV-5,,3,270.700,270.706,5.6,1,0,delivered
3006,telemetry,UAV-2,,3,270.900,270.950,49.7,2,5,delivered
3007,telemetry,UAV-3,,3,271.000,271.012,11.7,1,1,delivered
3008,telemetry,UAV-6,,3,271.000,,,0,3,hop UAV-6->GCS failed
3009,telemetry,UAV-4,,3,271.200,271.212,11.7,1,1,delivered
3010,telemetry,UAV-5,,3,271.200,271.220,19.8,1,2,delivered
3011,telemetry,UAV-2,,3,271.400,271.417,17.3,2,1,delivered
3012,telemetry,UAV-3,,3,271.500,271.506,5.6,1,0,delivered
3013,telemetry,UAV-6,,3,271.500,271.506,5.6,1,0,delivered
3014,telemetry,UAV-4,,3,271.700,271.712,11.7,1,1,delivered
3015,telemetry,UAV-5,,3,271.700,271.706,5.6,1,0,delivered
3016,telemetry,UAV-2,,3,271.900,271.917,17.3,2,1,delivered
3017,telemetry,UAV-3,,3,272.000,272.006,5.6,1,0,delivered
3018,telemetry,UAV-6,,3,272.000,272.030,29.9,1,3,delivered
3019,telemetry,UAV-4,,3,272.200,272.206,5.6,1,0,delivered
3020,telemetry,UAV-5,,3,272.200,272.212,11.7,1,1,delivered
3021,telemetry,UAV-2,,3,272.400,272.417,17.3,2,1,delivered
3022,telemetry,UAV-3,,3,272.500,272.506,5.6,1,0,delivered
3023,telemetry,UAV-6,,3,272.500,272.506,5.6,1,0,delivered
3024,telemetry,UAV-4,,3,272.700,272.706,5.6,1,0,delivered
3025,telemetry,UAV-5,,3,272.700,272.706,5.6,1,0,delivered
3026,telemetry,UAV-2,,3,272.900,272.936,35.5,2,3,delivered
3027,telemetry,UAV-3,,3,273.000,273.006,5.6,1,0,delivered
3028,telemetry,UAV-6,,3,273.000,273.006,5.6,1,0,delivered
3029,telemetry,UAV-4,,3,273.200,273.206,5.6,1,0,delivered
3030,telemetry,UAV-5,,3,273.200,273.206,5.6,1,0,delivered
3031,telemetry,UAV-2,,3,273.400,273.417,17.3,2,1,delivered
3032,telemetry,UAV-3,,3,273.500,273.506,5.6,1,0,delivered
3033,telemetry,UAV-6,,3,273.500,273.506,5.6,1,0,delivered
3034,telemetry,UAV-4,,3,273.700,273.706,5.6,1,0,delivered
3035,telemetry,UAV-5,,3,273.700,273.712,11.7,1,1,delivered
3036,telemetry,UAV-2,,3,273.900,273.911,11.2,2,0,delivered
3037,telemetry,UAV-3,,3,274.000,274.006,5.6,1,0,delivered
3038,telemetry,UAV-6,,3,274.000,274.006,5.6,1,0,delivered
3039,telemetry,UAV-4,,3,274.200,274.212,11.7,1,1,delivered
3040,telemetry,UAV-5,,3,274.200,,,0,3,hop UAV-5->GCS failed
3041,telemetry,UAV-2,,3,274.400,274.432,31.5,2,3,delivered
3042,telemetry,UAV-3,,3,274.500,274.506,5.6,1,0,delivered
3043,telemetry,UAV-6,,3,274.500,274.506,5.6,1,0,delivered
3044,telemetry,UAV-4,,3,274.700,274.706,5.6,1,0,delivered
3045,telemetry,UAV-5,,3,274.700,274.706,5.6,1,0,delivered
3046,telemetry,UAV-2,,3,274.900,274.911,11.2,2,0,delivered
3047,telemetry,UAV-3,,3,275.000,275.012,11.7,1,1,delivered
3048,telemetry,UAV-6,,3,275.000,275.006,5.6,1,0,delivered
3049,telemetry,UAV-4,,3,275.200,275.230,29.9,1,3,delivered
3050,telemetry,UAV-5,,3,275.200,275.206,5.6,1,0,delivered
3051,telemetry,UAV-2,,3,275.400,275.411,11.2,2,0,delivered
3052,telemetry,UAV-3,,3,275.500,275.506,5.6,1,0,delivered
3053,telemetry,UAV-6,,3,275.500,275.512,11.7,1,1,delivered
3054,telemetry,UAV-4,,3,275.700,275.712,11.7,1,1,delivered
3055,telemetry,UAV-5,,3,275.700,275.720,19.8,1,2,delivered
3056,telemetry,UAV-2,,3,275.900,275.925,25.4,2,2,delivered
3057,telemetry,UAV-3,,3,276.000,276.006,5.6,1,0,delivered
3058,telemetry,UAV-6,,3,276.000,276.006,5.6,1,0,delivered
3059,telemetry,UAV-4,,3,276.200,276.206,5.6,1,0,delivered
3060,telemetry,UAV-5,,3,276.200,276.212,11.7,1,1,delivered
3061,telemetry,UAV-2,,3,276.400,276.411,11.2,2,0,delivered
3062,telemetry,UAV-3,,3,276.500,276.506,5.6,1,0,delivered
3063,telemetry,UAV-6,,3,276.500,276.506,5.6,1,0,delivered
3064,telemetry,UAV-4,,3,276.700,276.712,11.7,1,1,delivered
3065,telemetry,UAV-5,,3,276.700,276.720,19.8,1,2,delivered
3066,telemetry,UAV-2,,3,276.900,276.911,11.2,2,0,delivered
3067,telemetry,UAV-3,,3,277.000,277.006,5.6,1,0,delivered
3068,telemetry,UAV-6,,3,277.000,277.006,5.6,1,0,delivered
3069,telemetry,UAV-4,,3,277.200,277.206,5.6,1,0,delivered
3070,telemetry,UAV-5,,3,277.200,277.206,5.6,1,0,delivered
3071,telemetry,UAV-2,,3,277.400,,,0,3,hop UAV-2->UAV-3 failed
3072,telemetry,UAV-3,,3,277.500,277.506,5.6,1,0,delivered
3073,telemetry,UAV-6,,3,277.500,277.506,5.6,1,0,delivered
3074,telemetry,UAV-4,,3,277.700,277.706,5.6,1,0,delivered
3075,telemetry,UAV-5,,3,277.700,277.706,5.6,1,0,delivered
3076,telemetry,UAV-2,,3,277.900,277.911,11.2,2,0,delivered
3077,telemetry,UAV-3,,3,278.000,278.020,19.8,1,2,delivered
3078,telemetry,UAV-6,,3,278.000,278.006,5.6,1,0,delivered
3079,telemetry,UAV-4,,3,278.200,278.206,5.6,1,0,delivered
3080,telemetry,UAV-5,,3,278.200,278.206,5.6,1,0,delivered
3081,telemetry,UAV-2,,3,278.400,278.425,25.4,2,2,delivered
3082,telemetry,UAV-3,,3,278.500,278.520,19.8,1,2,delivered
3083,telemetry,UAV-6,,3,278.500,278.506,5.6,1,0,delivered
3084,telemetry,UAV-4,,3,278.700,278.706,5.6,1,0,delivered
3085,telemetry,UAV-5,,3,278.700,278.712,11.7,1,1,delivered
3086,telemetry,UAV-2,,3,278.900,278.911,11.2,2,0,delivered
3087,telemetry,UAV-3,,3,279.000,279.006,5.6,1,0,delivered
3088,telemetry,UAV-6,,3,279.000,279.006,5.6,1,0,delivered
3089,telemetry,UAV-4,,3,279.200,279.206,5.6,1,0,delivered
3090,telemetry,UAV-5,,3,279.200,279.212,11.7,1,1,delivered
3091,telemetry,UAV-2,,3,279.400,279.417,17.3,2,1,delivered
3092,telemetry,UAV-3,,3,279.500,279.512,11.7,1,1,delivered
3093,telemetry,UAV-6,,3,279.500,279.506,5.6,1,0,delivered
3094,telemetry,UAV-4,,3,279.700,279.706,5.6,1,0,delivered
3095,telemetry,UAV-5,,3,279.700,279.712,11.7,1,1,delivered
3096,telemetry,UAV-2,,3,279.900,279.911,11.2,2,0,delivered
3097,telemetry,UAV-3,,3,280.000,280.020,19.8,1,2,delivered
3098,telemetry,UAV-6,,3,280.000,280.006,5.6,1,0,delivered
3099,telemetry,UAV-4,,3,280.200,280.212,11.7,1,1,delivered
3100,telemetry,UAV-5,,3,280.200,280.220,19.8,1,2,delivered
3101,telemetry,UAV-2,,3,280.400,280.417,17.3,2,1,delivered
3102,telemetry,UAV-3,,3,280.500,280.506,5.6,1,0,delivered
3103,telemetry,UAV-6,,3,280.500,280.506,5.6,1,0,delivered
3104,telemetry,UAV-4,,3,280.700,280.730,29.9,1,3,delivered
3105,telemetry,UAV-5,,3,280.700,280.706,5.6,1,0,delivered
3106,telemetry,UAV-2,,3,280.900,280.911,11.2,2,0,delivered
3107,telemetry,UAV-3,,3,281.000,281.006,5.6,1,0,delivered
3108,telemetry,UAV-6,,3,281.000,281.012,11.7,1,1,delivered
3109,telemetry,UAV-4,,3,281.200,281.220,19.8,1,2,delivered
3110,telemetry,UAV-5,,3,281.200,281.206,5.6,1,0,delivered
3111,telemetry,UAV-2,,3,281.400,281.411,11.2,2,0,delivered
3112,telemetry,UAV-3,,3,281.500,281.506,5.6,1,0,delivered
3113,telemetry,UAV-6,,3,281.500,281.506,5.6,1,0,delivered
3114,telemetry,UAV-4,,3,281.700,281.706,5.6,1,0,delivered
3115,telemetry,UAV-5,,3,281.700,281.712,11.7,1,1,delivered
3116,telemetry,UAV-2,,3,281.900,281.911,11.2,2,0,delivered
3117,telemetry,UAV-3,,3,282.000,282.012,11.7,1,1,delivered
3118,telemetry,UAV-6,,3,282.000,282.006,5.6,1,0,delivered
3119,telemetry,UAV-4,,3,282.200,282.206,5.6,1,0,delivered
3120,telemetry,UAV-5,,3,282.200,282.206,5.6,1,0,delivered
3121,telemetry,UAV-2,,3,282.400,282.417,17.3,2,1,delivered
3122,telemetry,UAV-3,,3,282.500,282.506,5.6,1,0,delivered
3123,telemetry,UAV-6,,3,282.500,282.512,11.7,1,1,delivered
3124,telemetry,UAV-4,,3,282.700,282.706,5.6,1,0,delivered
3125,telemetry,UAV-5,,3,282.700,282.712,11.7,1,1,delivered
3126,telemetry,UAV-2,,3,282.900,282.911,11.2,2,0,delivered
3127,telemetry,UAV-3,,3,283.000,283.006,5.6,1,0,delivered
3128,telemetry,UAV-6,,3,283.000,283.012,11.7,1,1,delivered
3129,telemetry,UAV-4,,3,283.200,283.206,5.6,1,0,delivered
3130,telemetry,UAV-5,,3,283.200,283.212,11.7,1,1,delivered
3131,telemetry,UAV-2,,3,283.400,283.417,17.3,2,1,delivered
3132,telemetry,UAV-3,,3,283.500,283.506,5.6,1,0,delivered
3133,telemetry,UAV-6,,3,283.500,283.512,11.7,1,1,delivered
3134,telemetry,UAV-4,,3,283.700,283.730,29.9,1,3,delivered
3135,telemetry,UAV-5,,3,283.700,283.706,5.6,1,0,delivered
3136,telemetry,UAV-2,,3,283.900,283.917,17.3,2,1,delivered
3137,telemetry,UAV-3,,3,284.000,284.006,5.6,1,0,delivered
3138,telemetry,UAV-6,,3,284.000,284.006,5.6,1,0,delivered
3139,telemetry,UAV-4,,3,284.200,284.206,5.6,1,0,delivered
3140,telemetry,UAV-5,,3,284.200,284.220,19.8,1,2,delivered
3141,telemetry,UAV-2,,3,284.400,284.411,11.2,2,0,delivered
3142,telemetry,UAV-3,,3,284.500,284.506,5.6,1,0,delivered
3143,telemetry,UAV-6,,3,284.500,284.530,29.9,1,3,delivered
3144,telemetry,UAV-4,,3,284.700,284.706,5.6,1,0,delivered
3145,telemetry,UAV-5,,3,284.700,284.712,11.7,1,1,delivered
3146,telemetry,UAV-2,,3,284.900,284.911,11.2,2,0,delivered
3147,telemetry,UAV-3,,3,285.000,285.006,5.6,1,0,delivered
3148,telemetry,UAV-6,,3,285.000,285.012,11.7,1,1,delivered
3149,telemetry,UAV-4,,3,285.200,285.212,11.7,1,1,delivered
3150,telemetry,UAV-5,,3,285.200,285.206,5.6,1,0,delivered
3151,telemetry,UAV-2,,3,285.400,285.425,25.4,2,2,delivered
3152,telemetry,UAV-3,,3,285.500,285.506,5.6,1,0,delivered
3153,telemetry,UAV-6,,3,285.500,285.506,5.6,1,0,delivered
3154,telemetry,UAV-4,,3,285.700,285.706,5.6,1,0,delivered
3155,telemetry,UAV-5,,3,285.700,285.706,5.6,1,0,delivered
3156,telemetry,UAV-2,,3,285.900,285.911,11.2,2,0,delivered
3157,telemetry,UAV-3,,3,286.000,286.012,11.7,1,1,delivered
3158,telemetry,UAV-6,,3,286.000,286.012,11.7,1,1,delivered
3159,telemetry,UAV-4,,3,286.200,286.206,5.6,1,0,delivered
3160,telemetry,UAV-5,,3,286.200,286.206,5.6,1,0,delivered
3161,telemetry,UAV-2,,3,286.400,286.411,11.2,2,0,delivered
3162,telemetry,UAV-3,,3,286.500,286.506,5.6,1,0,delivered
3163,telemetry,UAV-6,,3,286.500,286.506,5.6,1,0,delivered
3164,telemetry,UAV-4,,3,286.700,286.706,5.6,1,0,delivered
3165,telemetry,UAV-5,,3,286.700,286.720,19.8,1,2,delivered
3166,telemetry,UAV-2,,3,286.900,286.925,25.4,2,2,delivered
3167,telemetry,UAV-3,,3,287.000,287.006,5.6,1,0,delivered
3168,telemetry,UAV-6,,3,287.000,287.006,5.6,1,0,delivered
3169,telemetry,UAV-4,,3,287.200,287.206,5.6,1,0,delivered
3170,telemetry,UAV-5,,3,287.200,287.206,5.6,1,0,delivered
3171,telemetry,UAV-2,,3,287.400,287.411,11.2,2,0,delivered
3172,telemetry,UAV-3,,3,287.500,287.530,29.9,1,3,delivered
3173,telemetry,UAV-6,,3,287.500,287.506,5.6,1,0,delivered
3174,telemetry,UAV-4,,3,287.700,287.706,5.6,1,0,delivered
3175,telemetry,UAV-5,,3,287.700,287.712,11.7,1,1,delivered
3176,telemetry,UAV-2,,3,287.900,287.925,25.4,2,2,delivered
3177,telemetry,UAV-3,,3,288.000,288.006,5.6,1,0,delivered
3178,telemetry,UAV-6,,3,288.000,288.006,5.6,1,0,delivered
3179,telemetry,UAV-4,,3,288.200,288.212,11.7,1,1,delivered
3180,telemetry,UAV-5,,3,288.200,288.212,11.7,1,1,delivered
3181,telemetry,UAV-2,,3,288.400,288.417,17.3,2,1,delivered
3182,telemetry,UAV-3,,3,288.500,288.506,5.6,1,0,delivered
3183,telemetry,UAV-6,,3,288.500,288.506,5.6,1,0,delivered
3184,telemetry,UAV-4,,3,288.700,288.706,5.6,1,0,delivered
3185,telemetry,UAV-5,,3,288.700,288.706,5.6,1,0,delivered
3186,telemetry,UAV-2,,3,288.900,288.911,11.2,2,0,delivered
3187,telemetry,UAV-3,,3,289.000,289.006,5.6,1,0,delivered
3188,telemetry,UAV-6,,3,289.000,289.012,11.7,1,1,delivered
3189,telemetry,UAV-4,,3,289.200,289.212,11.7,1,1,delivered
3190,telemetry,UAV-5,,3,289.200,289.206,5.6,1,0,delivered
3191,telemetry,UAV-2,,3,289.400,,,1,3,hop UAV-4->GCS failed
3192,telemetry,UAV-3,,3,289.500,289.506,5.6,1,0,delivered
3193,telemetry,UAV-6,,3,289.500,289.512,11.7,1,1,delivered
3194,telemetry,UAV-4,,3,289.700,289.712,11.7,1,1,delivered
3195,telemetry,UAV-5,,3,289.700,289.730,29.9,1,3,delivered
3196,telemetry,UAV-2,,3,289.900,289.911,11.2,2,0,delivered
3197,telemetry,UAV-3,,3,290.000,290.006,5.6,1,0,delivered
3198,telemetry,UAV-6,,3,290.000,290.006,5.6,1,0,delivered
3199,telemetry,UAV-4,,3,290.200,290.206,5.6,1,0,delivered
3200,telemetry,UAV-5,,3,290.200,290.206,5.6,1,0,delivered
3201,telemetry,UAV-2,,3,290.400,290.417,17.3,2,1,delivered
3202,telemetry,UAV-3,,3,290.500,290.506,5.6,1,0,delivered
3203,telemetry,UAV-6,,3,290.500,290.506,5.6,1,0,delivered
3204,telemetry,UAV-4,,3,290.700,290.706,5.6,1,0,delivered
3205,telemetry,UAV-5,,3,290.700,290.706,5.6,1,0,delivered
3206,telemetry,UAV-2,,3,290.900,290.917,17.3,2,1,delivered
3207,telemetry,UAV-3,,3,291.000,291.012,11.7,1,1,delivered
3208,telemetry,UAV-6,,3,291.000,291.006,5.6,1,0,delivered
3209,telemetry,UAV-4,,3,291.200,291.206,5.6,1,0,delivered
3210,telemetry,UAV-5,,3,291.200,291.206,5.6,1,0,delivered
3211,telemetry,UAV-2,,3,291.400,291.411,11.2,2,0,delivered
3212,telemetry,UAV-3,,3,291.500,291.506,5.6,1,0,delivered
3213,telemetry,UAV-6,,3,291.500,291.506,5.6,1,0,delivered
3214,telemetry,UAV-4,,3,291.700,291.706,5.6,1,0,delivered
3215,telemetry,UAV-5,,3,291.700,291.712,11.7,1,1,delivered
3216,telemetry,UAV-2,,3,291.900,291.917,17.3,2,1,delivered
3217,telemetry,UAV-3,,3,292.000,292.012,11.7,1,1,delivered
3218,telemetry,UAV-6,,3,292.000,292.006,5.6,1,0,delivered
3219,telemetry,UAV-4,,3,292.200,292.212,11.7,1,1,delivered
3220,telemetry,UAV-5,,3,292.200,292.206,5.6,1,0,delivered
3221,telemetry,UAV-2,,3,292.400,292.425,25.4,2,2,delivered
3222,telemetry,UAV-3,,3,292.500,292.506,5.6,1,0,delivered
3223,telemetry,UAV-6,,3,292.500,292.506,5.6,1,0,delivered
3224,telemetry,UAV-4,,3,292.700,292.706,5.6,1,0,delivered
3225,telemetry,UAV-5,,3,292.700,292.706,5.6,1,0,delivered
3226,telemetry,UAV-2,,3,292.900,292.925,25.4,2,2,delivered
3227,telemetry,UAV-3,,3,293.000,293.012,11.7,1,1,delivered
3228,telemetry,UAV-6,,3,293.000,293.006,5.6,1,0,delivered
3229,telemetry,UAV-4,,3,293.200,293.212,11.7,1,1,delivered
3230,telemetry,UAV-5,,3,293.200,293.206,5.6,1,0,delivered
3231,telemetry,UAV-2,,3,293.400,293.417,17.3,2,1,delivered
3232,telemetry,UAV-3,,3,293.500,293.506,5.6,1,0,delivered
3233,telemetry,UAV-6,,3,293.500,293.520,19.8,1,2,delivered
3234,telemetry,UAV-4,,3,293.700,293.706,5.6,1,0,delivered
3235,telemetry,UAV-5,,3,293.700,293.712,11.7,1,1,delivered
3236,telemetry,UAV-2,,3,293.900,293.911,11.2,2,0,delivered
3237,telemetry,UAV-3,,3,294.000,294.020,19.8,1,2,delivered
3238,telemetry,UAV-6,,3,294.000,294.006,5.6,1,0,delivered
3239,telemetry,UAV-4,,3,294.200,294.206,5.6,1,0,delivered
3240,telemetry,UAV-5,,3,294.200,294.212,11.7,1,1,delivered
3241,telemetry,UAV-2,,3,294.400,294.432,31.5,2,3,delivered
3242,telemetry,UAV-3,,3,294.500,294.530,29.9,1,3,delivered
3243,telemetry,UAV-6,,3,294.500,294.506,5.6,1,0,delivered
3244,telemetry,UAV-4,,3,294.700,294.706,5.6,1,0,delivered
3245,telemetry,UAV-5,,3,294.700,294.706,5.6,1,0,delivered
3246,telemetry,UAV-2,,3,294.900,294.923,23.4,2,2,delivered
3247,telemetry,UAV-3,,3,295.000,295.006,5.6,1,0,delivered
3248,telemetry,UAV-6,,3,295.000,295.006,5.6,1,0,delivered
3249,telemetry,UAV-4,,3,295.200,,,0,3,hop UAV-4->GCS failed
3250,telemetry,UAV-5,,3,295.200,295.212,11.7,1,1,delivered
3251,telemetry,UAV-2,,3,295.400,295.417,17.3,2,1,delivered
3252,telemetry,UAV-3,,3,295.500,295.506,5.6,1,0,delivered
3253,telemetry,UAV-6,,3,295.500,295.506,5.6,1,0,delivered
3254,telemetry,UAV-4,,3,295.700,295.706,5.6,1,0,delivered
3255,telemetry,UAV-5,,3,295.700,295.706,5.6,1,0,delivered
3256,telemetry,UAV-2,,3,295.900,295.911,11.2,2,0,delivered
3257,telemetry,UAV-3,,3,296.000,296.006,5.6,1,0,delivered
3258,telemetry,UAV-6,,3,296.000,296.012,11.7,1,1,delivered
3259,telemetry,UAV-4,,3,296.200,296.212,11.7,1,1,delivered
3260,telemetry,UAV-5,,3,296.200,296.212,11.7,1,1,delivered
3261,telemetry,UAV-2,,3,296.400,296.411,11.2,2,0,delivered
3262,telemetry,UAV-3,,3,296.500,296.506,5.6,1,0,delivered
3263,telemetry,UAV-6,,3,296.500,296.506,5.6,1,0,delivered
3264,telemetry,UAV-4,,3,296.700,296.706,5.6,1,0,delivered
3265,telemetry,UAV-5,,3,296.700,296.712,11.7,1,1,delivered
3266,telemetry,UAV-2,,3,296.900,296.925,25.4,2,2,delivered
3267,telemetry,UAV-3,,3,297.000,297.006,5.6,1,0,delivered
3268,telemetry,UAV-6,,3,297.000,297.012,11.7,1,1,delivered
3269,telemetry,UAV-4,,3,297.200,297.206,5.6,1,0,delivered
3270,telemetry,UAV-5,,3,297.200,297.212,11.7,1,1,delivered
3271,telemetry,UAV-2,,3,297.400,297.425,25.4,2,2,delivered
3272,telemetry,UAV-3,,3,297.500,297.506,5.6,1,0,delivered
3273,telemetry,UAV-6,,3,297.500,297.512,11.7,1,1,delivered
3274,telemetry,UAV-4,,3,297.700,297.712,11.7,1,1,delivered
3275,telemetry,UAV-5,,3,297.700,297.712,11.7,1,1,delivered
3276,telemetry,UAV-2,,3,297.900,297.911,11.2,2,0,delivered
3277,telemetry,UAV-3,,3,298.000,298.012,11.7,1,1,delivered
3278,telemetry,UAV-6,,3,298.000,298.006,5.6,1,0,delivered
3279,telemetry,UAV-4,,3,298.200,298.206,5.6,1,0,delivered
3280,telemetry,UAV-5,,3,298.200,298.212,11.7,1,1,delivered
3281,telemetry,UAV-2,,3,298.400,298.417,17.3,2,1,delivered
3282,telemetry,UAV-3,,3,298.500,298.520,19.8,1,2,delivered
3283,telemetry,UAV-6,,3,298.500,298.506,5.6,1,0,delivered
3284,telemetry,UAV-4,,3,298.700,298.706,5.6,1,0,delivered
3285,telemetry,UAV-5,,3,298.700,298.706,5.6,1,0,delivered
3286,telemetry,UAV-2,,3,298.900,298.917,17.3,2,1,delivered
3287,telemetry,UAV-3,,3,299.000,299.012,11.7,1,1,delivered
3288,telemetry,UAV-6,,3,299.000,299.006,5.6,1,0,delivered
3289,telemetry,UAV-4,,3,299.200,299.206,5.6,1,0,delivered
3290,telemetry,UAV-5,,3,299.200,299.206,5.6,1,0,delivered
3291,telemetry,UAV-2,,3,299.400,299.411,11.2,2,0,delivered
3292,telemetry,UAV-3,,3,299.500,299.512,11.7,1,1,delivered
3293,telemetry,UAV-6,,3,299.500,299.506,5.6,1,0,delivered
3294,telemetry,UAV-4,,3,299.700,299.706,5.6,1,0,delivered
3295,telemetry,UAV-5,,3,299.700,299.706,5.6,1,0,delivered
3296,telemetry,UAV-2,,3,299.900,299.917,17.3,2,1,delivered
3297,telemetry,UAV-3,,3,300.000,300.006,5.6,1,0,delivered
3298,telemetry,UAV-6,,3,300.000,300.006,5.6,1,0,delivered
3299,telemetry,UAV-4,,3,300.200,300.206,5.6,1,0,delivered
3300,telemetry,UAV-5,,3,300.200,300.206,5.6,1,0,delivered
3301,telemetry,UAV-2,,3,300.400,300.442,41.6,2,4,delivered
3302,telemetry,UAV-3,,3,300.500,300.506,5.6,1,0,delivered
3303,telemetry,UAV-6,,3,300.500,300.506,5.6,1,0,delivered
3304,telemetry,UAV-4,,3,300.700,300.706,5.6,1,0,delivered
3305,telemetry,UAV-5,,3,300.700,300.720,19.8,1,2,delivered
3306,telemetry,UAV-2,,3,300.900,,,0,3,hop UAV-2->UAV-4 failed
3307,telemetry,UAV-3,,3,301.000,301.006,5.6,1,0,delivered
3308,telemetry,UAV-6,,3,301.000,301.020,19.8,1,2,delivered
3309,telemetry,UAV-4,,3,301.200,301.206,5.6,1,0,delivered
3310,telemetry,UAV-5,,3,301.200,301.206,5.6,1,0,delivered
3311,telemetry,UAV-2,,3,301.400,301.411,11.2,2,0,delivered
3312,telemetry,UAV-3,,3,301.500,301.506,5.6,1,0,delivered
3313,telemetry,UAV-6,,3,301.500,301.506,5.6,1,0,delivered
3314,telemetry,UAV-4,,3,301.700,301.706,5.6,1,0,delivered
3315,telemetry,UAV-5,,3,301.700,301.712,11.7,1,1,delivered
3316,telemetry,UAV-2,,3,301.900,301.925,25.4,2,2,delivered
3317,telemetry,UAV-3,,3,302.000,302.006,5.6,1,0,delivered
3318,telemetry,UAV-6,,3,302.000,302.020,19.8,1,2,delivered
3319,telemetry,UAV-4,,3,302.200,302.206,5.6,1,0,delivered
3320,telemetry,UAV-5,,3,302.200,302.206,5.6,1,0,delivered
3321,telemetry,UAV-2,,3,302.400,302.411,11.2,2,0,delivered
3322,telemetry,UAV-3,,3,302.500,302.506,5.6,1,0,delivered
3323,telemetry,UAV-6,,3,302.500,302.530,29.9,1,3,delivered
3324,telemetry,UAV-4,,3,302.700,302.712,11.7,1,1,delivered
3325,telemetry,UAV-5,,3,302.700,302.706,5.6,1,0,delivered
3326,telemetry,UAV-2,,3,302.900,302.917,17.3,2,1,delivered
3327,telemetry,UAV-3,,3,303.000,303.012,11.7,1,1,delivered
3328,telemetry,UAV-6,,3,303.000,303.030,29.9,1,3,delivered
3329,telemetry,UAV-4,,3,303.200,303.206,5.6,1,0,delivered
3330,telemetry,UAV-5,,3,303.200,303.206,5.6,1,0,delivered
3331,telemetry,UAV-2,,3,303.400,303.425,25.4,2,2,delivered
3332,telemetry,UAV-3,,3,303.500,303.520,19.8,1,2,delivered
3333,telemetry,UAV-6,,3,303.500,303.512,11.7,1,1,delivered
3334,telemetry,UAV-4,,3,303.700,303.706,5.6,1,0,delivered
3335,telemetry,UAV-5,,3,303.700,303.706,5.6,1,0,delivered
3336,telemetry,UAV-2,,3,303.900,303.932,31.5,2,3,delivered
3337,telemetry,UAV-3,,3,304.000,304.006,5.6,1,0,delivered
3338,telemetry,UAV-6,,3,304.000,304.006,5.6,1,0,delivered
3339,telemetry,UAV-4,,3,304.200,304.220,19.8,1,2,delivered
3340,telemetry,UAV-5,,3,304.200,304.206,5.6,1,0,delivered
3341,telemetry,UAV-2,,3,304.400,304.411,11.2,2,0,delivered
3342,telemetry,UAV-3,,3,304.500,304.506,5.6,1,0,delivered
3343,telemetry,UAV-6,,3,304.500,304.506,5.6,1,0,delivered
3344,telemetry,UAV-4,,3,304.700,304.706,5.6,1,0,delivered
3345,telemetry,UAV-5,,3,304.700,304.712,11.7,1,1,delivered
3346,telemetry,UAV-2,,3,304.900,304.911,11.2,2,0,delivered
3347,telemetry,UAV-3,,3,305.000,305.012,11.7,1,1,delivered
3348,telemetry,UAV-6,,3,305.000,305.012,11.7,1,1,delivered
3349,telemetry,UAV-4,,3,305.200,305.206,5.6,1,0,delivered
3350,telemetry,UAV-5,,3,305.200,305.212,11.7,1,1,delivered
3351,telemetry,UAV-2,,3,305.400,305.411,11.2,2,0,delivered
3352,telemetry,UAV-3,,3,305.500,305.512,11.7,1,1,delivered
3353,telemetry,UAV-6,,3,305.500,305.506,5.6,1,0,delivered
3354,telemetry,UAV-4,,3,305.700,305.712,11.7,1,1,delivered
3355,telemetry,UAV-5,,3,305.700,305.706,5.6,1,0,delivered
3356,telemetry,UAV-2,,3,305.900,305.911,11.2,2,0,delivered
3357,telemetry,UAV-3,,3,306.000,306.012,11.7,1,1,delivered
3358,telemetry,UAV-6,,3,306.000,306.006,5.6,1,0,delivered
3359,telemetry,UAV-4,,3,306.200,306.206,5.6,1,0,delivered
3360,telemetry,UAV-5,,3,306.200,306.206,5.6,1,0,delivered
3361,telemetry,UAV-2,,3,306.400,306.411,11.2,2,0,delivered
3362,telemetry,UAV-3,,3,306.500,306.506,5.6,1,0,delivered
3363,telemetry,UAV-6,,3,306.500,306.506,5.6,1,0,delivered
3364,telemetry,UAV-4,,3,306.700,306.706,5.6,1,0,delivered
3365,telemetry,UAV-5,,3,306.700,306.706,5.6,1,0,delivered
3366,telemetry,UAV-2,,3,306.900,306.917,17.3,2,1,delivered
3367,telemetry,UAV-3,,3,307.000,307.020,19.8,1,2,delivered
3368,telemetry,UAV-6,,3,307.000,307.006,5.6,1,0,delivered
3369,telemetry,UAV-4,,3,307.200,307.206,5.6,1,0,delivered
3370,telemetry,UAV-5,,3,307.200,307.212,11.7,1,1,delivered
3371,telemetry,UAV-2,,3,307.400,307.417,17.3,2,1,delivered
3372,telemetry,UAV-3,,3,307.500,307.506,5.6,1,0,delivered
3373,telemetry,UAV-6,,3,307.500,307.506,5.6,1,0,delivered
3374,telemetry,UAV-4,,3,307.700,307.706,5.6,1,0,delivered
3375,telemetry,UAV-5,,3,307.700,307.706,5.6,1,0,delivered
3376,telemetry,UAV-2,,3,307.900,307.911,11.2,2,0,delivered
3377,telemetry,UAV-3,,3,308.000,308.006,5.6,1,0,delivered
3378,telemetry,UAV-6,,3,308.000,308.006,5.6,1,0,delivered
3379,telemetry,UAV-4,,3,308.200,308.206,5.6,1,0,delivered
3380,telemetry,UAV-5,,3,308.200,308.220,19.8,1,2,delivered
3381,telemetry,UAV-2,,3,308.400,308.417,17.3,2,1,delivered
3382,telemetry,UAV-3,,3,308.500,,,0,3,hop UAV-3->GCS failed
3383,telemetry,UAV-6,,3,308.500,308.512,11.7,1,1,delivered
3384,telemetry,UAV-4,,3,308.700,308.712,11.7,1,1,delivered
3385,telemetry,UAV-5,,3,308.700,308.706,5.6,1,0,delivered
3386,telemetry,UAV-2,,3,308.900,308.906,5.6,1,0,delivered
3387,telemetry,UAV-3,,3,309.000,309.020,19.8,1,2,delivered
3388,telemetry,UAV-6,,3,309.000,309.006,5.6,1,0,delivered
3389,telemetry,UAV-4,,3,309.200,309.206,5.6,1,0,delivered
3390,telemetry,UAV-5,,3,309.200,309.206,5.6,1,0,delivered
3391,telemetry,UAV-2,,3,309.400,309.406,5.6,1,0,delivered
3392,telemetry,UAV-3,,3,309.500,309.512,11.7,1,1,delivered
3393,telemetry,UAV-6,,3,309.500,309.506,5.6,1,0,delivered
3394,telemetry,UAV-4,,3,309.700,309.712,11.7,1,1,delivered
3395,telemetry,UAV-5,,3,309.700,309.706,5.6,1,0,delivered
3396,telemetry,UAV-2,,3,309.900,309.912,11.7,1,1,delivered
3397,telemetry,UAV-3,,3,310.000,310.012,11.7,1,1,delivered
3398,telemetry,UAV-6,,3,310.000,310.012,11.7,1,1,delivered
3399,telemetry,UAV-4,,3,310.200,310.206,5.6,1,0,delivered
3400,telemetry,UAV-5,,3,310.200,310.206,5.6,1,0,delivered
3401,telemetry,UAV-2,,3,310.400,310.411,11.2,2,0,delivered
3402,telemetry,UAV-3,,3,310.500,310.506,5.6,1,0,delivered
3403,telemetry,UAV-6,,3,310.500,310.512,11.7,1,1,delivered
3404,telemetry,UAV-4,,3,310.700,310.706,5.6,1,0,delivered
3405,telemetry,UAV-5,,3,310.700,310.706,5.6,1,0,delivered
3406,telemetry,UAV-2,,3,310.900,310.917,17.3,2,1,delivered
3407,telemetry,UAV-3,,3,311.000,311.012,11.7,1,1,delivered
3408,telemetry,UAV-6,,3,311.000,311.006,5.6,1,0,delivered
3409,telemetry,UAV-4,,3,311.200,311.206,5.6,1,0,delivered
3410,telemetry,UAV-5,,3,311.200,311.206,5.6,1,0,delivered
3411,telemetry,UAV-2,,3,311.400,311.406,5.6,1,0,delivered
3412,telemetry,UAV-3,,3,311.500,311.506,5.6,1,0,delivered
3413,telemetry,UAV-6,,3,311.500,311.512,11.7,1,1,delivered
3414,telemetry,UAV-4,,3,311.700,311.706,5.6,1,0,delivered
3415,telemetry,UAV-5,,3,311.700,311.712,11.7,1,1,delivered
3416,telemetry,UAV-2,,3,311.900,311.906,5.6,1,0,delivered
3417,telemetry,UAV-3,,3,312.000,312.006,5.6,1,0,delivered
3418,telemetry,UAV-6,,3,312.000,312.006,5.6,1,0,delivered
3419,telemetry,UAV-4,,3,312.200,312.212,11.7,1,1,delivered
3420,telemetry,UAV-5,,3,312.200,312.206,5.6,1,0,delivered
3421,telemetry,UAV-2,,3,312.400,312.420,19.8,1,2,delivered
3422,telemetry,UAV-3,,3,312.500,312.506,5.6,1,0,delivered
3423,telemetry,UAV-6,,3,312.500,312.530,29.9,1,3,delivered
3424,telemetry,UAV-4,,3,312.700,312.706,5.6,1,0,delivered
3425,telemetry,UAV-5,,3,312.700,312.712,11.7,1,1,delivered
3426,telemetry,UAV-2,,3,312.900,312.906,5.6,1,0,delivered
3427,telemetry,UAV-3,,3,313.000,313.006,5.6,1,0,delivered
3428,telemetry,UAV-6,,3,313.000,313.006,5.6,1,0,delivered
3429,telemetry,UAV-4,,3,313.200,313.220,19.8,1,2,delivered
3430,telemetry,UAV-5,,3,313.200,313.212,11.7,1,1,delivered
3431,telemetry,UAV-2,,3,313.400,313.412,11.7,1,1,delivered
3432,telemetry,UAV-3,,3,313.500,313.506,5.6,1,0,delivered
3433,telemetry,UAV-6,,3,313.500,313.506,5.6,1,0,delivered
3434,telemetry,UAV-4,,3,313.700,313.706,5.6,1,0,delivered
3435,telemetry,UAV-5,,3,313.700,313.706,5.6,1,0,delivered
3436,telemetry,UAV-2,,3,313.900,313.906,5.6,1,0,delivered
3437,telemetry,UAV-3,,3,314.000,314.006,5.6,1,0,delivered
3438,telemetry,UAV-6,,3,314.000,314.006,5.6,1,0,delivered
3439,telemetry,UAV-4,,3,314.200,314.206,5.6,1,0,delivered
3440,telemetry,UAV-5,,3,314.200,314.206,5.6,1,0,delivered
3441,telemetry,UAV-2,,3,314.400,314.412,11.7,1,1,delivered
3442,telemetry,UAV-3,,3,314.500,314.506,5.6,1,0,delivered
3443,telemetry,UAV-6,,3,314.500,314.506,5.6,1,0,delivered
3444,telemetry,UAV-4,,3,314.700,314.706,5.6,1,0,delivered
3445,telemetry,UAV-5,,3,314.700,314.712,11.7,1,1,delivered
3446,telemetry,UAV-2,,3,314.900,314.912,11.7,1,1,delivered
3447,telemetry,UAV-3,,3,315.000,315.006,5.6,1,0,delivered
3448,telemetry,UAV-6,,3,315.000,315.006,5.6,1,0,delivered
3449,telemetry,UAV-4,,3,315.200,315.206,5.6,1,0,delivered
3450,telemetry,UAV-5,,3,315.200,315.206,5.6,1,0,delivered
3451,telemetry,UAV-2,,3,315.400,315.406,5.6,1,0,delivered
3452,telemetry,UAV-3,,3,315.500,315.512,11.7,1,1,delivered
3453,telemetry,UAV-6,,3,315.500,315.506,5.6,1,0,delivered
3454,telemetry,UAV-4,,3,315.700,315.712,11.7,1,1,delivered
3455,telemetry,UAV-5,,3,315.700,315.712,11.7,1,1,delivered
3456,telemetry,UAV-2,,3,315.900,315.906,5.6,1,0,delivered
3457,telemetry,UAV-3,,3,316.000,316.006,5.6,1,0,delivered
3458,telemetry,UAV-6,,3,316.000,316.012,11.7,1,1,delivered
3459,telemetry,UAV-4,,3,316.200,316.220,19.8,1,2,delivered
3460,telemetry,UAV-5,,3,316.200,316.206,5.6,1,0,delivered
3461,telemetry,UAV-2,,3,316.400,316.406,5.6,1,0,delivered
3462,telemetry,UAV-3,,3,316.500,316.506,5.6,1,0,delivered
3463,telemetry,UAV-6,,3,316.500,316.512,11.7,1,1,delivered
3464,telemetry,UAV-4,,3,316.700,316.706,5.6,1,0,delivered
3465,telemetry,UAV-5,,3,316.700,316.706,5.6,1,0,delivered
3466,telemetry,UAV-2,,3,316.900,316.912,11.7,1,1,delivered
3467,telemetry,UAV-3,,3,317.000,317.012,11.7,1,1,delivered
3468,telemetry,UAV-6,,3,317.000,317.006,5.6,1,0,delivered
3469,telemetry,UAV-4,,3,317.200,317.206,5.6,1,0,delivered
3470,telemetry,UAV-5,,3,317.200,317.206,5.6,1,0,delivered
3471,telemetry,UAV-2,,3,317.400,317.406,5.6,1,0,delivered
3472,telemetry,UAV-3,,3,317.500,317.506,5.6,1,0,delivered
3473,telemetry,UAV-6,,3,317.500,317.506,5.6,1,0,delivered
3474,telemetry,UAV-4,,3,317.700,317.706,5.6,1,0,delivered
3475,telemetry,UAV-5,,3,317.700,317.706,5.6,1,0,delivered
3476,telemetry,UAV-2,,3,317.900,317.906,5.6,1,0,delivered
3477,telemetry,UAV-3,,3,318.000,318.006,5.6,1,0,delivered
3478,telemetry,UAV-6,,3,318.000,318.006,5.6,1,0,delivered
3479,telemetry,UAV-4,,3,318.200,318.220,19.8,1,2,delivered
3480,telemetry,UAV-5,,3,318.200,318.206,5.6,1,0,delivered
3481,telemetry,UAV-2,,3,318.400,318.406,5.6,1,0,delivered
3482,telemetry,UAV-3,,3,318.500,318.506,5.6,1,0,delivered
3483,telemetry,UAV-6,,3,318.500,318.512,11.7,1,1,delivered
3484,telemetry,UAV-4,,3,318.700,318.706,5.6,1,0,delivered
3485,telemetry,UAV-5,,3,318.700,318.706,5.6,1,0,delivered
3486,telemetry,UAV-2,,3,318.900,318.920,19.8,1,2,delivered
3487,telemetry,UAV-3,,3,319.000,319.006,5.6,1,0,delivered
3488,telemetry,UAV-6,,3,319.000,319.020,19.8,1,2,delivered
3489,telemetry,UAV-4,,3,319.200,319.212,11.7,1,1,delivered
3490,telemetry,UAV-5,,3,319.200,319.212,11.7,1,1,delivered
3491,telemetry,UAV-2,,3,319.400,319.406,5.6,1,0,delivered
3492,telemetry,UAV-3,,3,319.500,319.506,5.6,1,0,delivered
3493,telemetry,UAV-6,,3,319.500,319.506,5.6,1,0,delivered
3494,telemetry,UAV-4,,3,319.700,319.712,11.7,1,1,delivered
3495,telemetry,UAV-5,,3,319.700,319.712,11.7,1,1,delivered
3496,telemetry,UAV-2,,3,319.900,319.906,5.6,1,0,delivered
3497,telemetry,UAV-3,,3,320.000,320.012,11.7,1,1,delivered
3498,telemetry,UAV-6,,3,320.000,320.006,5.6,1,0,delivered
3499,telemetry,UAV-4,,3,320.200,320.206,5.6,1,0,delivered
3500,telemetry,UAV-5,,3,320.200,320.206,5.6,1,0,delivered
3501,telemetry,UAV-2,,3,320.400,320.406,5.6,1,0,delivered
3502,telemetry,UAV-3,,3,320.500,320.506,5.6,1,0,delivered
3503,telemetry,UAV-6,,3,320.500,320.506,5.6,1,0,delivered
3504,telemetry,UAV-4,,3,320.700,320.706,5.6,1,0,delivered
3505,telemetry,UAV-5,,3,320.700,320.706,5.6,1,0,delivered
3506,telemetry,UAV-2,,3,320.900,320.906,5.6,1,0,delivered
3507,telemetry,UAV-3,,3,321.000,321.006,5.6,1,0,delivered
3508,telemetry,UAV-6,,3,321.000,321.006,5.6,1,0,delivered
3509,telemetry,UAV-4,,3,321.200,321.206,5.6,1,0,delivered
3510,telemetry,UAV-5,,3,321.200,321.206,5.6,1,0,delivered
3511,telemetry,UAV-2,,3,321.400,321.406,5.6,1,0,delivered
3512,telemetry,UAV-3,,3,321.500,321.506,5.6,1,0,delivered
3513,telemetry,UAV-6,,3,321.500,321.512,11.7,1,1,delivered
3514,telemetry,UAV-4,,3,321.700,321.706,5.6,1,0,delivered
3515,telemetry,UAV-5,,3,321.700,321.706,5.6,1,0,delivered
3516,telemetry,UAV-2,,3,321.900,321.912,11.7,1,1,delivered
3517,telemetry,UAV-3,,3,322.000,322.006,5.6,1,0,delivered
3518,telemetry,UAV-6,,3,322.000,322.012,11.7,1,1,delivered
3519,telemetry,UAV-4,,3,322.200,322.206,5.6,1,0,delivered
3520,telemetry,UAV-5,,3,322.200,322.206,5.6,1,0,delivered
3521,telemetry,UAV-2,,3,322.400,322.406,5.6,1,0,delivered
3522,telemetry,UAV-3,,3,322.500,322.520,19.8,1,2,delivered
3523,telemetry,UAV-6,,3,322.500,322.506,5.6,1,0,delivered
3524,telemetry,UAV-4,,3,322.700,322.706,5.6,1,0,delivered
3525,telemetry,UAV-5,,3,322.700,322.712,11.7,1,1,delivered
3526,telemetry,UAV-2,,3,322.900,322.912,11.7,1,1,delivered
3527,telemetry,UAV-3,,3,323.000,323.012,11.7,1,1,delivered
3528,telemetry,UAV-6,,3,323.000,323.012,11.7,1,1,delivered
3529,telemetry,UAV-4,,3,323.200,323.206,5.6,1,0,delivered
3530,telemetry,UAV-5,,3,323.200,323.206,5.6,1,0,delivered
3531,telemetry,UAV-2,,3,323.400,323.406,5.6,1,0,delivered
3532,telemetry,UAV-3,,3,323.500,323.506,5.6,1,0,delivered
3533,telemetry,UAV-6,,3,323.500,323.520,19.8,1,2,delivered
3534,telemetry,UAV-4,,3,323.700,323.706,5.6,1,0,delivered
3535,telemetry,UAV-5,,3,323.700,323.706,5.6,1,0,delivered
3536,telemetry,UAV-2,,3,323.900,323.906,5.6,1,0,delivered
3537,telemetry,UAV-3,,3,324.000,324.012,11.7,1,1,delivered
3538,telemetry,UAV-6,,3,324.000,324.006,5.6,1,0,delivered
3539,telemetry,UAV-4,,3,324.200,324.206,5.6,1,0,delivered
3540,telemetry,UAV-5,,3,324.200,324.206,5.6,1,0,delivered
3541,telemetry,UAV-2,,3,324.400,324.406,5.6,1,0,delivered
3542,telemetry,UAV-3,,3,324.500,324.512,11.7,1,1,delivered
3543,telemetry,UAV-6,,3,324.500,324.506,5.6,1,0,delivered
3544,telemetry,UAV-4,,3,324.700,324.706,5.6,1,0,delivered
3545,telemetry,UAV-5,,3,324.700,324.706,5.6,1,0,delivered
3546,telemetry,UAV-2,,3,324.900,324.912,11.7,1,1,delivered
3547,telemetry,UAV-3,,3,325.000,325.006,5.6,1,0,delivered
3548,telemetry,UAV-6,,3,325.000,325.020,19.8,1,2,delivered
3549,telemetry,UAV-4,,3,325.200,325.206,5.6,1,0,delivered
3550,telemetry,UAV-5,,3,325.200,325.206,5.6,1,0,delivered
3551,telemetry,UAV-2,,3,325.400,325.406,5.6,1,0,delivered
3552,telemetry,UAV-3,,3,325.500,325.512,11.7,1,1,delivered
3553,telemetry,UAV-6,,3,325.500,325.520,19.8,1,2,delivered
3554,telemetry,UAV-4,,3,325.700,325.720,19.8,1,2,delivered
3555,telemetry,UAV-5,,3,325.700,325.706,5.6,1,0,delivered
3556,telemetry,UAV-2,,3,325.900,325.906,5.6,1,0,delivered
3557,telemetry,UAV-3,,3,326.000,,,0,3,hop UAV-3->GCS failed
3558,telemetry,UAV-6,,3,326.000,326.006,5.6,1,0,delivered
3559,telemetry,UAV-4,,3,326.200,326.220,19.8,1,2,delivered
3560,telemetry,UAV-5,,3,326.200,326.212,11.7,1,1,delivered
3561,telemetry,UAV-2,,3,326.400,326.406,5.6,1,0,delivered
3562,telemetry,UAV-3,,3,326.500,326.506,5.6,1,0,delivered
3563,telemetry,UAV-6,,3,326.500,326.506,5.6,1,0,delivered
3564,telemetry,UAV-4,,3,326.700,326.706,5.6,1,0,delivered
3565,telemetry,UAV-5,,3,326.700,326.712,11.7,1,1,delivered
3566,telemetry,UAV-2,,3,326.900,326.906,5.6,1,0,delivered
3567,telemetry,UAV-3,,3,327.000,327.006,5.6,1,0,delivered
3568,telemetry,UAV-6,,3,327.000,327.006,5.6,1,0,delivered
3569,telemetry,UAV-4,,3,327.200,327.212,11.7,1,1,delivered
3570,telemetry,UAV-5,,3,327.200,327.206,5.6,1,0,delivered
3571,telemetry,UAV-2,,3,327.400,327.412,11.7,1,1,delivered
3572,telemetry,UAV-3,,3,327.500,327.506,5.6,1,0,delivered
3573,telemetry,UAV-6,,3,327.500,327.506,5.6,1,0,delivered
3574,telemetry,UAV-4,,3,327.700,327.712,11.7,1,1,delivered
3575,telemetry,UAV-5,,3,327.700,327.706,5.6,1,0,delivered
3576,telemetry,UAV-2,,3,327.900,327.912,11.7,1,1,delivered
3577,telemetry,UAV-3,,3,328.000,328.006,5.6,1,0,delivered
3578,telemetry,UAV-6,,3,328.000,328.006,5.6,1,0,delivered
3579,telemetry,UAV-4,,3,328.200,328.206,5.6,1,0,delivered
3580,telemetry,UAV-5,,3,328.200,328.206,5.6,1,0,delivered
3581,telemetry,UAV-2,,3,328.400,328.406,5.6,1,0,delivered
3582,telemetry,UAV-3,,3,328.500,328.506,5.6,1,0,delivered
3583,telemetry,UAV-6,,3,328.500,328.512,11.7,1,1,delivered
3584,telemetry,UAV-4,,3,328.700,328.706,5.6,1,0,delivered
3585,telemetry,UAV-5,,3,328.700,328.706,5.6,1,0,delivered
3586,telemetry,UAV-2,,3,328.900,328.906,5.6,1,0,delivered
3587,telemetry,UAV-3,,3,329.000,329.006,5.6,1,0,delivered
3588,telemetry,UAV-6,,3,329.000,329.006,5.6,1,0,delivered
3589,telemetry,UAV-4,,3,329.200,329.206,5.6,1,0,delivered
3590,telemetry,UAV-5,,3,329.200,329.206,5.6,1,0,delivered
3591,telemetry,UAV-2,,3,329.400,329.412,11.7,1,1,delivered
3592,telemetry,UAV-3,,3,329.500,329.520,19.8,1,2,delivered
3593,telemetry,UAV-6,,3,329.500,329.512,11.7,1,1,delivered
3594,telemetry,UAV-4,,3,329.700,329.706,5.6,1,0,delivered
3595,telemetry,UAV-5,,3,329.700,329.712,11.7,1,1,delivered
3596,telemetry,UAV-2,,3,329.900,329.920,19.8,1,2,delivered
3597,telemetry,UAV-3,,3,330.000,330.006,5.6,1,0,delivered
3598,telemetry,UAV-6,,3,330.000,330.006,5.6,1,0,delivered
3599,telemetry,UAV-4,,3,330.200,330.206,5.6,1,0,delivered
3600,telemetry,UAV-5,,3,330.200,330.206,5.6,1,0,delivered
3601,telemetry,UAV-2,,3,330.400,330.406,5.6,1,0,delivered
3602,telemetry,UAV-3,,3,330.500,330.506,5.6,1,0,delivered
3603,telemetry,UAV-6,,3,330.500,330.511,11.2,2,0,delivered
3604,telemetry,UAV-4,,3,330.700,330.706,5.6,1,0,delivered
3605,telemetry,UAV-5,,3,330.700,330.706,5.6,1,0,delivered
3606,telemetry,UAV-2,,3,330.900,330.906,5.6,1,0,delivered
3607,telemetry,UAV-3,,3,331.000,331.006,5.6,1,0,delivered
3608,telemetry,UAV-6,,3,331.000,331.011,11.2,2,0,delivered
3609,telemetry,UAV-4,,3,331.200,331.206,5.6,1,0,delivered
3610,telemetry,UAV-5,,3,331.200,331.206,5.6,1,0,delivered
3611,telemetry,UAV-2,,3,331.400,331.406,5.6,1,0,delivered
3612,telemetry,UAV-3,,3,331.500,331.506,5.6,1,0,delivered
3613,telemetry,UAV-6,,3,331.500,331.511,11.2,2,0,delivered
3614,telemetry,UAV-4,,3,331.700,331.706,5.6,1,0,delivered
3615,telemetry,UAV-5,,3,331.700,331.706,5.6,1,0,delivered
3616,telemetry,UAV-2,,3,331.900,331.906,5.6,1,0,delivered
3617,telemetry,UAV-3,,3,332.000,332.006,5.6,1,0,delivered
3618,telemetry,UAV-6,,3,332.000,332.011,11.2,2,0,delivered
3619,telemetry,UAV-4,,3,332.200,332.206,5.6,1,0,delivered
3620,telemetry,UAV-5,,3,332.200,332.206,5.6,1,0,delivered
3621,telemetry,UAV-2,,3,332.400,332.406,5.6,1,0,delivered
3622,telemetry,UAV-3,,3,332.500,332.506,5.6,1,0,delivered
3623,telemetry,UAV-6,,3,332.500,332.511,11.2,2,0,delivered
3624,telemetry,UAV-4,,3,332.700,332.706,5.6,1,0,delivered
3625,telemetry,UAV-5,,3,332.700,332.706,5.6,1,0,delivered
3626,telemetry,UAV-2,,3,332.900,332.906,5.6,1,0,delivered
3627,telemetry,UAV-3,,3,333.000,333.006,5.6,1,0,delivered
3628,telemetry,UAV-6,,3,333.000,333.006,5.6,1,0,delivered
3629,telemetry,UAV-4,,3,333.200,333.206,5.6,1,0,delivered
3630,telemetry,UAV-5,,3,333.200,333.206,5.6,1,0,delivered
3631,telemetry,UAV-2,,3,333.400,333.406,5.6,1,0,delivered
3632,telemetry,UAV-3,,3,333.500,333.506,5.6,1,0,delivered
3633,telemetry,UAV-6,,3,333.500,333.511,11.2,2,0,delivered
3634,telemetry,UAV-4,,3,333.700,333.706,5.6,1,0,delivered
3635,telemetry,UAV-5,,3,333.700,333.706,5.6,1,0,delivered
3636,telemetry,UAV-2,,3,333.900,333.906,5.6,1,0,delivered
3637,telemetry,UAV-3,,3,334.000,334.006,5.6,1,0,delivered
3638,telemetry,UAV-6,,3,334.000,334.006,5.6,1,0,delivered
3639,telemetry,UAV-4,,3,334.200,334.206,5.6,1,0,delivered
3640,telemetry,UAV-5,,3,334.200,334.206,5.6,1,0,delivered
3641,telemetry,UAV-2,,3,334.400,334.406,5.6,1,0,delivered
3642,telemetry,UAV-3,,3,334.500,334.506,5.6,1,0,delivered
3643,telemetry,UAV-6,,3,334.500,334.506,5.6,1,0,delivered
3644,telemetry,UAV-4,,3,334.700,334.706,5.6,1,0,delivered
3645,telemetry,UAV-5,,3,334.700,334.706,5.6,1,0,delivered
3646,telemetry,UAV-2,,3,334.900,334.906,5.6,1,0,delivered
3647,telemetry,UAV-3,,3,335.000,335.006,5.6,1,0,delivered
3648,telemetry,UAV-6,,3,335.000,335.006,5.6,1,0,delivered
3649,telemetry,UAV-4,,3,335.200,335.206,5.6,1,0,delivered
3650,telemetry,UAV-5,,3,335.200,335.206,5.6,1,0,delivered
3651,telemetry,UAV-2,,3,335.400,335.406,5.6,1,0,delivered
3652,telemetry,UAV-3,,3,335.500,335.506,5.6,1,0,delivered
3653,telemetry,UAV-6,,3,335.500,335.506,5.6,1,0,delivered
3654,telemetry,UAV-4,,3,335.700,335.706,5.6,1,0,delivered
3655,telemetry,UAV-5,,3,335.700,335.706,5.6,1,0,delivered
3656,telemetry,UAV-2,,3,335.900,335.906,5.6,1,0,delivered
3657,telemetry,UAV-3,,3,336.000,336.006,5.6,1,0,delivered
3658,telemetry,UAV-6,,3,336.000,336.006,5.6,1,0,delivered
3659,telemetry,UAV-4,,3,336.200,336.206,5.6,1,0,delivered
3660,telemetry,UAV-5,,3,336.200,336.206,5.6,1,0,delivered
3661,telemetry,UAV-2,,3,336.400,336.406,5.6,1,0,delivered
3662,telemetry,UAV-3,,3,336.500,336.506,5.6,1,0,delivered
3663,telemetry,UAV-6,,3,336.500,336.506,5.6,1,0,delivered
3664,telemetry,UAV-4,,3,336.700,336.706,5.6,1,0,delivered
3665,telemetry,UAV-5,,3,336.700,336.706,5.6,1,0,delivered
3666,telemetry,UAV-2,,3,336.900,336.906,5.6,1,0,delivered
3667,telemetry,UAV-3,,3,337.000,337.006,5.6,1,0,delivered
3668,telemetry,UAV-6,,3,337.000,337.006,5.6,1,0,delivered
3669,telemetry,UAV-4,,3,337.200,337.206,5.6,1,0,delivered
3670,telemetry,UAV-5,,3,337.200,337.206,5.6,1,0,delivered
3671,telemetry,UAV-2,,3,337.400,337.406,5.6,1,0,delivered
3672,telemetry,UAV-3,,3,337.500,337.506,5.6,1,0,delivered
3673,telemetry,UAV-6,,3,337.500,337.506,5.6,1,0,delivered
3674,telemetry,UAV-4,,3,337.700,337.706,5.6,1,0,delivered
3675,telemetry,UAV-5,,3,337.700,337.706,5.6,1,0,delivered
3676,telemetry,UAV-2,,3,337.900,337.906,5.6,1,0,delivered
3677,telemetry,UAV-3,,3,338.000,338.006,5.6,1,0,delivered
3678,telemetry,UAV-6,,3,338.000,338.006,5.6,1,0,delivered
3679,telemetry,UAV-4,,3,338.200,338.206,5.6,1,0,delivered
3680,telemetry,UAV-5,,3,338.200,338.206,5.6,1,0,delivered
3681,telemetry,UAV-2,,3,338.400,338.406,5.6,1,0,delivered
3682,telemetry,UAV-3,,3,338.500,338.506,5.6,1,0,delivered
3683,telemetry,UAV-6,,3,338.500,338.506,5.6,1,0,delivered
3684,telemetry,UAV-4,,3,338.700,338.706,5.6,1,0,delivered
3685,telemetry,UAV-5,,3,338.700,338.706,5.6,1,0,delivered
3686,telemetry,UAV-2,,3,338.900,338.906,5.6,1,0,delivered
3687,telemetry,UAV-3,,3,339.000,339.006,5.6,1,0,delivered
3688,telemetry,UAV-6,,3,339.000,339.006,5.6,1,0,delivered
3689,telemetry,UAV-4,,3,339.200,339.206,5.6,1,0,delivered
3690,telemetry,UAV-5,,3,339.200,339.206,5.6,1,0,delivered
3691,telemetry,UAV-2,,3,339.400,339.406,5.6,1,0,delivered
3692,telemetry,UAV-3,,3,339.500,339.506,5.6,1,0,delivered
3693,telemetry,UAV-6,,3,339.500,339.506,5.6,1,0,delivered
3694,telemetry,UAV-4,,3,339.700,339.706,5.6,1,0,delivered
3695,telemetry,UAV-5,,3,339.700,339.706,5.6,1,0,delivered
3696,telemetry,UAV-2,,3,339.900,339.906,5.6,1,0,delivered
3697,telemetry,UAV-3,,3,340.000,340.006,5.6,1,0,delivered
3698,telemetry,UAV-6,,3,340.000,340.006,5.6,1,0,delivered
3699,telemetry,UAV-4,,3,340.200,340.206,5.6,1,0,delivered
3700,telemetry,UAV-5,,3,340.200,340.206,5.6,1,0,delivered
3701,telemetry,UAV-2,,3,340.400,340.406,5.6,1,0,delivered
3702,telemetry,UAV-3,,3,340.500,340.506,5.6,1,0,delivered
3703,telemetry,UAV-6,,3,340.500,340.506,5.6,1,0,delivered
3704,telemetry,UAV-4,,3,340.700,340.706,5.6,1,0,delivered
3705,telemetry,UAV-5,,3,340.700,340.706,5.6,1,0,delivered
3706,telemetry,UAV-2,,3,340.900,340.906,5.6,1,0,delivered
3707,telemetry,UAV-3,,3,341.000,341.006,5.6,1,0,delivered
3708,telemetry,UAV-6,,3,341.000,341.006,5.6,1,0,delivered
3709,telemetry,UAV-4,,3,341.200,341.206,5.6,1,0,delivered
3710,telemetry,UAV-5,,3,341.200,341.206,5.6,1,0,delivered
3711,telemetry,UAV-2,,3,341.400,341.406,5.6,1,0,delivered
3712,telemetry,UAV-3,,3,341.500,341.506,5.6,1,0,delivered
3713,telemetry,UAV-6,,3,341.500,341.506,5.6,1,0,delivered
3714,telemetry,UAV-4,,3,341.700,341.706,5.6,1,0,delivered
3715,telemetry,UAV-5,,3,341.700,341.706,5.6,1,0,delivered
3716,telemetry,UAV-2,,3,341.900,341.906,5.6,1,0,delivered
3717,telemetry,UAV-3,,3,342.000,342.006,5.6,1,0,delivered
3718,telemetry,UAV-6,,3,342.000,342.006,5.6,1,0,delivered
3719,telemetry,UAV-4,,3,342.200,342.206,5.6,1,0,delivered
3720,telemetry,UAV-5,,3,342.200,342.206,5.6,1,0,delivered
3721,telemetry,UAV-2,,3,342.400,342.406,5.6,1,0,delivered
3722,telemetry,UAV-3,,3,342.500,342.506,5.6,1,0,delivered
3723,telemetry,UAV-6,,3,342.500,342.506,5.6,1,0,delivered
3724,telemetry,UAV-4,,3,342.700,342.706,5.6,1,0,delivered
3725,telemetry,UAV-5,,3,342.700,342.706,5.6,1,0,delivered
3726,telemetry,UAV-2,,3,342.900,342.906,5.6,1,0,delivered
3727,telemetry,UAV-3,,3,343.000,343.006,5.6,1,0,delivered
3728,telemetry,UAV-6,,3,343.000,343.006,5.6,1,0,delivered
3729,telemetry,UAV-4,,3,343.200,343.206,5.6,1,0,delivered
3730,telemetry,UAV-5,,3,343.200,343.206,5.6,1,0,delivered
3731,telemetry,UAV-2,,3,343.400,343.406,5.6,1,0,delivered
3732,telemetry,UAV-3,,3,343.500,343.506,5.6,1,0,delivered
3733,telemetry,UAV-6,,3,343.500,343.511,11.2,2,0,delivered
3734,telemetry,UAV-4,,3,343.700,343.706,5.6,1,0,delivered
3735,telemetry,UAV-5,,3,343.700,343.706,5.6,1,0,delivered
3736,telemetry,UAV-2,,3,343.900,343.906,5.6,1,0,delivered
3737,telemetry,UAV-3,,3,344.000,344.006,5.6,1,0,delivered
3738,telemetry,UAV-6,,3,344.000,344.011,11.2,2,0,delivered
3739,telemetry,UAV-4,,3,344.200,344.206,5.6,1,0,delivered
3740,telemetry,UAV-5,,3,344.200,344.206,5.6,1,0,delivered
3741,telemetry,UAV-2,,3,344.400,344.406,5.6,1,0,delivered
3742,telemetry,UAV-3,,3,344.500,344.506,5.6,1,0,delivered
3743,telemetry,UAV-6,,3,344.500,344.506,5.6,1,0,delivered
3744,telemetry,UAV-4,,3,344.700,344.706,5.6,1,0,delivered
3745,telemetry,UAV-5,,3,344.700,344.706,5.6,1,0,delivered
3746,telemetry,UAV-2,,3,344.900,344.906,5.6,1,0,delivered
3747,telemetry,UAV-3,,3,345.000,345.006,5.6,1,0,delivered
3748,telemetry,UAV-6,,3,345.000,345.006,5.6,1,0,delivered
3749,telemetry,UAV-4,,3,345.200,345.206,5.6,1,0,delivered
3750,telemetry,UAV-5,,3,345.200,345.206,5.6,1,0,delivered
3751,telemetry,UAV-2,,3,345.400,345.411,11.2,2,0,delivered
3752,telemetry,UAV-3,,3,345.500,345.506,5.6,1,0,delivered
3753,telemetry,UAV-6,,3,345.500,345.511,11.2,2,0,delivered
3754,telemetry,UAV-4,,3,345.700,345.706,5.6,1,0,delivered
3755,telemetry,UAV-5,,3,345.700,345.706,5.6,1,0,delivered
3756,telemetry,UAV-2,,3,345.900,345.906,5.6,1,0,delivered
3757,telemetry,UAV-3,,3,346.000,346.006,5.6,1,0,delivered
3758,telemetry,UAV-6,,3,346.000,346.006,5.6,1,0,delivered
3759,telemetry,UAV-4,,3,346.200,346.206,5.6,1,0,delivered
3760,telemetry,UAV-5,,3,346.200,346.206,5.6,1,0,delivered
3761,telemetry,UAV-2,,3,346.400,346.406,5.6,1,0,delivered
3762,telemetry,UAV-3,,3,346.500,346.506,5.6,1,0,delivered
3763,telemetry,UAV-6,,3,346.500,346.506,5.6,1,0,delivered
3764,telemetry,UAV-4,,3,346.700,346.706,5.6,1,0,delivered
3765,telemetry,UAV-5,,3,346.700,346.706,5.6,1,0,delivered
3766,telemetry,UAV-2,,3,346.900,346.906,5.6,1,0,delivered
3767,telemetry,UAV-3,,3,347.000,347.006,5.6,1,0,delivered
3768,telemetry,UAV-6,,3,347.000,347.006,5.6,1,0,delivered
3769,telemetry,UAV-4,,3,347.200,347.206,5.6,1,0,delivered
3770,telemetry,UAV-5,,3,347.200,347.206,5.6,1,0,delivered
3771,telemetry,UAV-2,,3,347.400,347.406,5.6,1,0,delivered
3772,telemetry,UAV-3,,3,347.500,347.506,5.6,1,0,delivered
3773,telemetry,UAV-6,,3,347.500,347.506,5.6,1,0,delivered
3774,telemetry,UAV-4,,3,347.700,347.706,5.6,1,0,delivered
3775,telemetry,UAV-5,,3,347.700,347.706,5.6,1,0,delivered
3776,telemetry,UAV-2,,3,347.900,347.906,5.6,1,0,delivered
3777,telemetry,UAV-3,,3,348.000,348.006,5.6,1,0,delivered
3778,telemetry,UAV-6,,3,348.000,348.006,5.6,1,0,delivered
3779,telemetry,UAV-4,,3,348.200,348.206,5.6,1,0,delivered
3780,telemetry,UAV-5,,3,348.200,348.206,5.6,1,0,delivered
3781,telemetry,UAV-2,,3,348.400,348.406,5.6,1,0,delivered
3782,telemetry,UAV-3,,3,348.500,348.506,5.6,1,0,delivered
3783,telemetry,UAV-6,,3,348.500,348.506,5.6,1,0,delivered
3784,telemetry,UAV-4,,3,348.700,348.706,5.6,1,0,delivered
3785,telemetry,UAV-5,,3,348.700,348.706,5.6,1,0,delivered
3786,telemetry,UAV-2,,3,348.900,348.906,5.6,1,0,delivered
3787,telemetry,UAV-3,,3,349.000,349.006,5.6,1,0,delivered
3788,telemetry,UAV-6,,3,349.000,349.011,11.2,2,0,delivered
3789,telemetry,UAV-4,,3,349.200,349.206,5.6,1,0,delivered
3790,telemetry,UAV-5,,3,349.200,349.206,5.6,1,0,delivered
3791,telemetry,UAV-2,,3,349.400,349.411,11.2,2,0,delivered
3792,telemetry,UAV-3,,3,349.500,349.506,5.6,1,0,delivered
3793,telemetry,UAV-6,,3,349.500,349.506,5.6,1,0,delivered
3794,telemetry,UAV-4,,3,349.700,349.706,5.6,1,0,delivered
3795,telemetry,UAV-5,,3,349.700,349.706,5.6,1,0,delivered
3796,telemetry,UAV-2,,3,349.900,349.911,11.2,2,0,delivered
3797,telemetry,UAV-3,,3,350.000,350.006,5.6,1,0,delivered
3798,telemetry,UAV-6,,3,350.000,350.006,5.6,1,0,delivered
3799,telemetry,UAV-4,,3,350.200,350.206,5.6,1,0,delivered
3800,telemetry,UAV-5,,3,350.200,350.206,5.6,1,0,delivered
3801,telemetry,UAV-2,,3,350.400,350.411,11.2,2,0,delivered
3802,telemetry,UAV-3,,3,350.500,350.506,5.6,1,0,delivered
3803,telemetry,UAV-6,,3,350.500,350.506,5.6,1,0,delivered
3804,telemetry,UAV-4,,3,350.700,350.706,5.6,1,0,delivered
3805,telemetry,UAV-5,,3,350.700,350.706,5.6,1,0,delivered
3806,telemetry,UAV-2,,3,350.900,350.911,11.2,2,0,delivered
3807,telemetry,UAV-3,,3,351.000,351.006,5.6,1,0,delivered
3808,telemetry,UAV-6,,3,351.000,351.006,5.6,1,0,delivered
3809,telemetry,UAV-4,,3,351.200,351.206,5.6,1,0,delivered
3810,telemetry,UAV-5,,3,351.200,351.206,5.6,1,0,delivered
3811,telemetry,UAV-2,,3,351.400,351.411,11.2,2,0,delivered
3812,telemetry,UAV-3,,3,351.500,351.506,5.6,1,0,delivered
3813,telemetry,UAV-6,,3,351.500,351.506,5.6,1,0,delivered
3814,telemetry,UAV-4,,3,351.700,351.706,5.6,1,0,delivered
3815,telemetry,UAV-5,,3,351.700,351.706,5.6,1,0,delivered
3816,telemetry,UAV-2,,3,351.900,351.911,11.2,2,0,delivered
3817,telemetry,UAV-3,,3,352.000,352.006,5.6,1,0,delivered
3818,telemetry,UAV-6,,3,352.000,352.011,11.2,2,0,delivered
3819,telemetry,UAV-4,,3,352.200,352.206,5.6,1,0,delivered
3820,telemetry,UAV-5,,3,352.200,352.206,5.6,1,0,delivered
3821,telemetry,UAV-2,,3,352.400,352.411,11.2,2,0,delivered
3822,telemetry,UAV-3,,3,352.500,352.506,5.6,1,0,delivered
3823,telemetry,UAV-6,,3,352.500,352.506,5.6,1,0,delivered
3824,telemetry,UAV-4,,3,352.700,352.706,5.6,1,0,delivered
3825,telemetry,UAV-5,,3,352.700,352.706,5.6,1,0,delivered
3826,telemetry,UAV-2,,3,352.900,352.911,11.2,2,0,delivered
3827,telemetry,UAV-3,,3,353.000,353.006,5.6,1,0,delivered
3828,telemetry,UAV-6,,3,353.000,353.012,11.7,1,1,delivered
3829,telemetry,UAV-4,,3,353.200,353.206,5.6,1,0,delivered
3830,telemetry,UAV-5,,3,353.200,353.206,5.6,1,0,delivered
3831,telemetry,UAV-2,,3,353.400,353.411,11.2,2,0,delivered
3832,telemetry,UAV-3,,3,353.500,353.506,5.6,1,0,delivered
3833,telemetry,UAV-6,,3,353.500,353.506,5.6,1,0,delivered
3834,telemetry,UAV-4,,3,353.700,353.706,5.6,1,0,delivered
3835,telemetry,UAV-5,,3,353.700,353.706,5.6,1,0,delivered
3836,telemetry,UAV-2,,3,353.900,353.911,11.2,2,0,delivered
3837,telemetry,UAV-3,,3,354.000,354.006,5.6,1,0,delivered
3838,telemetry,UAV-6,,3,354.000,354.006,5.6,1,0,delivered
3839,telemetry,UAV-4,,3,354.200,354.206,5.6,1,0,delivered
3840,telemetry,UAV-5,,3,354.200,354.206,5.6,1,0,delivered
3841,telemetry,UAV-2,,3,354.400,354.411,11.2,2,0,delivered
3842,telemetry,UAV-3,,3,354.500,354.506,5.6,1,0,delivered
3843,telemetry,UAV-6,,3,354.500,354.506,5.6,1,0,delivered
3844,telemetry,UAV-4,,3,354.700,354.706,5.6,1,0,delivered
3845,telemetry,UAV-5,,3,354.700,354.706,5.6,1,0,delivered
3846,telemetry,UAV-2,,3,354.900,354.911,11.2,2,0,delivered
3847,telemetry,UAV-3,,3,355.000,355.006,5.6,1,0,delivered
3848,telemetry,UAV-6,,3,355.000,355.006,5.6,1,0,delivered
3849,telemetry,UAV-4,,3,355.200,355.206,5.6,1,0,delivered
3850,telemetry,UAV-5,,3,355.200,355.206,5.6,1,0,delivered
3851,telemetry,UAV-2,,3,355.400,355.411,11.2,2,0,delivered
3852,telemetry,UAV-3,,3,355.500,355.506,5.6,1,0,delivered
3853,telemetry,UAV-6,,3,355.500,355.511,11.2,2,0,delivered
3854,telemetry,UAV-4,,3,355.700,355.706,5.6,1,0,delivered
3855,telemetry,UAV-5,,3,355.700,355.706,5.6,1,0,delivered
3856,telemetry,UAV-2,,3,355.900,355.911,11.2,2,0,delivered
3857,telemetry,UAV-3,,3,356.000,356.006,5.6,1,0,delivered
3858,telemetry,UAV-6,,3,356.000,356.006,5.6,1,0,delivered
3859,telemetry,UAV-4,,3,356.200,356.206,5.6,1,0,delivered
3860,telemetry,UAV-5,,3,356.200,356.206,5.6,1,0,delivered
3861,telemetry,UAV-2,,3,356.400,356.411,11.2,2,0,delivered
3862,telemetry,UAV-3,,3,356.500,356.506,5.6,1,0,delivered
3863,telemetry,UAV-6,,3,356.500,356.506,5.6,1,0,delivered
3864,telemetry,UAV-4,,3,356.700,356.706,5.6,1,0,delivered
3865,telemetry,UAV-5,,3,356.700,356.706,5.6,1,0,delivered
3866,telemetry,UAV-2,,3,356.900,356.911,11.2,2,0,delivered
3867,telemetry,UAV-3,,3,357.000,357.006,5.6,1,0,delivered
3868,telemetry,UAV-6,,3,357.000,357.006,5.6,1,0,delivered
3869,telemetry,UAV-4,,3,357.200,357.206,5.6,1,0,delivered
3870,telemetry,UAV-5,,3,357.200,357.206,5.6,1,0,delivered
3871,telemetry,UAV-2,,3,357.400,357.411,11.2,2,0,delivered
3872,telemetry,UAV-3,,3,357.500,357.506,5.6,1,0,delivered
3873,telemetry,UAV-6,,3,357.500,357.506,5.6,1,0,delivered
3874,telemetry,UAV-4,,3,357.700,357.706,5.6,1,0,delivered
3875,telemetry,UAV-5,,3,357.700,357.706,5.6,1,0,delivered
3876,telemetry,UAV-2,,3,357.900,357.911,11.2,2,0,delivered
3877,telemetry,UAV-3,,3,358.000,358.006,5.6,1,0,delivered
3878,telemetry,UAV-6,,3,358.000,358.011,11.2,2,0,delivered
3879,telemetry,UAV-4,,3,358.200,358.206,5.6,1,0,delivered
3880,telemetry,UAV-5,,3,358.200,358.206,5.6,1,0,delivered
3881,telemetry,UAV-2,,3,358.400,358.411,11.2,2,0,delivered
3882,telemetry,UAV-3,,3,358.500,358.506,5.6,1,0,delivered
3883,telemetry,UAV-6,,3,358.500,358.506,5.6,1,0,delivered
3884,telemetry,UAV-4,,3,358.700,358.706,5.6,1,0,delivered
3885,telemetry,UAV-5,,3,358.700,358.706,5.6,1,0,delivered
3886,telemetry,UAV-2,,3,358.900,358.911,11.2,2,0,delivered
3887,telemetry,UAV-3,,3,359.000,359.006,5.6,1,0,delivered
3888,telemetry,UAV-6,,3,359.000,359.006,5.6,1,0,delivered
3889,telemetry,UAV-4,,3,359.200,359.206,5.6,1,0,delivered
3890,telemetry,UAV-5,,3,359.200,359.206,5.6,1,0,delivered
3891,telemetry,UAV-2,,3,359.400,359.411,11.2,2,0,delivered
3892,telemetry,UAV-3,,3,359.500,359.506,5.6,1,0,delivered
3893,telemetry,UAV-6,,3,359.500,359.511,11.2,2,0,delivered
3894,telemetry,UAV-4,,3,359.700,359.706,5.6,1,0,delivered
3895,telemetry,UAV-5,,3,359.700,359.706,5.6,1,0,delivered
3896,telemetry,UAV-2,,3,359.900,359.911,11.2,2,0,delivered
3897,telemetry,UAV-3,,3,360.000,360.006,5.6,1,0,delivered
3898,telemetry,UAV-6,,3,360.000,360.006,5.6,1,0,delivered
3899,telemetry,UAV-4,,3,360.200,360.206,5.6,1,0,delivered
3900,telemetry,UAV-5,,3,360.200,360.206,5.6,1,0,delivered
3901,telemetry,UAV-2,,3,360.400,360.411,11.2,2,0,delivered
3902,telemetry,UAV-3,,3,360.500,360.506,5.6,1,0,delivered
3903,telemetry,UAV-6,,3,360.500,360.511,11.2,2,0,delivered
3904,telemetry,UAV-4,,3,360.700,360.712,11.7,1,1,delivered
3905,telemetry,UAV-5,,3,360.700,360.706,5.6,1,0,delivered
3906,telemetry,UAV-2,,3,360.900,360.911,11.2,2,0,delivered
3907,telemetry,UAV-3,,3,361.000,361.006,5.6,1,0,delivered
3908,telemetry,UAV-6,,3,361.000,361.006,5.6,1,0,delivered
3909,telemetry,UAV-4,,3,361.200,361.206,5.6,1,0,delivered
3910,telemetry,UAV-5,,3,361.200,361.206,5.6,1,0,delivered
3911,telemetry,UAV-2,,3,361.400,361.411,11.2,2,0,delivered
3912,telemetry,UAV-3,,3,361.500,361.506,5.6,1,0,delivered
3913,telemetry,UAV-6,,3,361.500,361.506,5.6,1,0,delivered
3914,telemetry,UAV-4,,3,361.700,361.706,5.6,1,0,delivered
3915,telemetry,UAV-5,,3,361.700,361.706,5.6,1,0,delivered
3916,telemetry,UAV-2,,3,361.900,361.911,11.2,2,0,delivered
3917,telemetry,UAV-3,,3,362.000,362.006,5.6,1,0,delivered
3918,telemetry,UAV-6,,3,362.000,362.006,5.6,1,0,delivered
3919,telemetry,UAV-4,,3,362.200,362.206,5.6,1,0,delivered
3920,telemetry,UAV-5,,3,362.200,362.206,5.6,1,0,delivered
3921,telemetry,UAV-2,,3,362.400,362.411,11.2,2,0,delivered
3922,telemetry,UAV-3,,3,362.500,362.506,5.6,1,0,delivered
3923,telemetry,UAV-6,,3,362.500,362.506,5.6,1,0,delivered
3924,telemetry,UAV-4,,3,362.700,362.711,11.2,2,0,delivered
3925,telemetry,UAV-5,,3,362.700,362.706,5.6,1,0,delivered
3926,telemetry,UAV-2,,3,362.900,362.911,11.2,2,0,delivered
3927,telemetry,UAV-3,,3,363.000,363.006,5.6,1,0,delivered
3928,telemetry,UAV-6,,3,363.000,363.006,5.6,1,0,delivered
3931,survey,UAV-2,POI-014,1,363.200,363.211,11.2,2,0,delivered
3932,survey,UAV-2,POI-014,1,363.200,363.211,11.2,2,0,delivered
3929,telemetry,UAV-4,,3,363.200,363.211,11.2,2,0,delivered
3930,telemetry,UAV-5,,3,363.200,363.206,5.6,1,0,delivered
3933,survey,UAV-2,POI-014,1,363.200,363.311,111.2,2,0,delivered
3934,survey,UAV-2,POI-014,1,363.200,363.311,111.2,2,0,delivered
3943,telemetry,UAV-2,,3,363.400,363.411,11.2,2,0,delivered
3935,survey,UAV-2,POI-014,1,363.200,363.411,211.2,2,0,delivered
3936,survey,UAV-2,POI-014,1,363.200,363.411,211.2,2,0,delivered
3937,survey,UAV-2,POI-014,1,363.200,363.511,311.2,2,0,delivered
3938,survey,UAV-2,POI-014,1,363.200,363.511,311.2,2,0,delivered
3944,telemetry,UAV-3,,3,363.500,363.506,5.6,1,0,delivered
3945,telemetry,UAV-6,,3,363.500,363.506,5.6,1,0,delivered
3939,survey,UAV-2,POI-014,1,363.200,363.611,411.2,2,0,delivered
3940,survey,UAV-2,POI-014,1,363.200,363.611,411.2,2,0,delivered
3941,survey,UAV-2,POI-014,1,363.200,363.711,511.2,2,0,delivered
3942,survey,UAV-2,POI-014,1,363.200,363.711,511.2,2,0,delivered
3946,telemetry,UAV-4,,3,363.700,363.706,5.6,1,0,delivered
3947,telemetry,UAV-5,,3,363.700,363.706,5.6,1,0,delivered
3948,telemetry,UAV-2,,3,363.900,363.911,11.2,2,0,delivered
3949,telemetry,UAV-3,,3,364.000,364.006,5.6,1,0,delivered
3950,telemetry,UAV-6,,3,364.000,364.006,5.6,1,0,delivered
3951,telemetry,UAV-4,,3,364.200,364.206,5.6,1,0,delivered
3952,telemetry,UAV-5,,3,364.200,364.206,5.6,1,0,delivered
3953,telemetry,UAV-2,,3,364.400,364.411,11.2,2,0,delivered
3954,telemetry,UAV-3,,3,364.500,364.506,5.6,1,0,delivered
3955,telemetry,UAV-6,,3,364.500,364.506,5.6,1,0,delivered
3956,telemetry,UAV-4,,3,364.700,364.706,5.6,1,0,delivered
3957,telemetry,UAV-5,,3,364.700,364.706,5.6,1,0,delivered
3958,telemetry,UAV-2,,3,364.900,364.911,11.2,2,0,delivered
3959,telemetry,UAV-3,,3,365.000,365.006,5.6,1,0,delivered
3960,telemetry,UAV-6,,3,365.000,365.006,5.6,1,0,delivered
3961,telemetry,UAV-4,,3,365.200,365.206,5.6,1,0,delivered
3962,telemetry,UAV-5,,3,365.200,365.206,5.6,1,0,delivered
3963,telemetry,UAV-2,,3,365.400,365.411,11.2,2,0,delivered
3964,telemetry,UAV-3,,3,365.500,365.506,5.6,1,0,delivered
3965,telemetry,UAV-6,,3,365.500,365.506,5.6,1,0,delivered
3966,telemetry,UAV-4,,3,365.700,365.706,5.6,1,0,delivered
3967,telemetry,UAV-5,,3,365.700,365.706,5.6,1,0,delivered
3968,telemetry,UAV-2,,3,365.900,365.911,11.2,2,0,delivered
3969,telemetry,UAV-3,,3,366.000,366.006,5.6,1,0,delivered
3970,telemetry,UAV-6,,3,366.000,366.006,5.6,1,0,delivered
3971,telemetry,UAV-4,,3,366.200,366.206,5.6,1,0,delivered
3972,telemetry,UAV-5,,3,366.200,366.206,5.6,1,0,delivered
3973,telemetry,UAV-2,,3,366.400,366.411,11.2,2,0,delivered
3974,telemetry,UAV-3,,3,366.500,366.506,5.6,1,0,delivered
3975,telemetry,UAV-6,,3,366.500,366.506,5.6,1,0,delivered
3976,telemetry,UAV-4,,3,366.700,366.706,5.6,1,0,delivered
3977,telemetry,UAV-5,,3,366.700,366.706,5.6,1,0,delivered
3978,telemetry,UAV-2,,3,366.900,366.911,11.2,2,0,delivered
3979,telemetry,UAV-3,,3,367.000,367.006,5.6,1,0,delivered
3980,telemetry,UAV-6,,3,367.000,367.006,5.6,1,0,delivered
3981,telemetry,UAV-4,,3,367.200,367.206,5.6,1,0,delivered
3982,telemetry,UAV-5,,3,367.200,367.206,5.6,1,0,delivered
3983,telemetry,UAV-2,,3,367.400,367.411,11.2,2,0,delivered
3984,telemetry,UAV-3,,3,367.500,367.506,5.6,1,0,delivered
3985,telemetry,UAV-6,,3,367.500,367.506,5.6,1,0,delivered
3986,telemetry,UAV-4,,3,367.700,367.711,11.2,2,0,delivered
3987,telemetry,UAV-5,,3,367.700,367.706,5.6,1,0,delivered
3988,telemetry,UAV-2,,3,367.900,367.911,11.2,2,0,delivered
3989,telemetry,UAV-3,,3,368.000,368.012,11.7,1,1,delivered
3990,telemetry,UAV-6,,3,368.000,368.006,5.6,1,0,delivered
3991,telemetry,UAV-4,,3,368.200,368.206,5.6,1,0,delivered
3992,telemetry,UAV-5,,3,368.200,368.206,5.6,1,0,delivered
3993,telemetry,UAV-2,,3,368.400,368.411,11.2,2,0,delivered
3994,telemetry,UAV-3,,3,368.500,368.511,11.2,2,0,delivered
3995,telemetry,UAV-6,,3,368.500,368.506,5.6,1,0,delivered
3996,telemetry,UAV-4,,3,368.700,368.706,5.6,1,0,delivered
3997,telemetry,UAV-5,,3,368.700,368.706,5.6,1,0,delivered
3998,telemetry,UAV-2,,3,368.900,368.911,11.2,2,0,delivered
3999,telemetry,UAV-3,,3,369.000,369.011,11.2,2,0,delivered
4000,telemetry,UAV-6,,3,369.000,369.006,5.6,1,0,delivered
4001,telemetry,UAV-4,,3,369.200,369.206,5.6,1,0,delivered
4002,telemetry,UAV-5,,3,369.200,369.206,5.6,1,0,delivered
4003,telemetry,UAV-2,,3,369.400,369.411,11.2,2,0,delivered
4004,telemetry,UAV-3,,3,369.500,369.511,11.2,2,0,delivered
4005,telemetry,UAV-6,,3,369.500,369.506,5.6,1,0,delivered
4006,telemetry,UAV-4,,3,369.700,369.706,5.6,1,0,delivered
4007,telemetry,UAV-5,,3,369.700,369.706,5.6,1,0,delivered
4008,telemetry,UAV-2,,3,369.900,369.911,11.2,2,0,delivered
4009,telemetry,UAV-3,,3,370.000,370.006,5.6,1,0,delivered
4010,telemetry,UAV-6,,3,370.000,370.006,5.6,1,0,delivered
4011,telemetry,UAV-4,,3,370.200,370.206,5.6,1,0,delivered
4012,telemetry,UAV-5,,3,370.200,370.206,5.6,1,0,delivered
4013,telemetry,UAV-2,,3,370.400,370.411,11.2,2,0,delivered
4014,telemetry,UAV-3,,3,370.500,370.506,5.6,1,0,delivered
4015,telemetry,UAV-6,,3,370.500,370.506,5.6,1,0,delivered
4016,telemetry,UAV-4,,3,370.700,370.706,5.6,1,0,delivered
4017,telemetry,UAV-5,,3,370.700,370.706,5.6,1,0,delivered
4018,telemetry,UAV-2,,3,370.900,370.911,11.2,2,0,delivered
4019,telemetry,UAV-3,,3,371.000,371.011,11.2,2,0,delivered
4020,telemetry,UAV-6,,3,371.000,371.006,5.6,1,0,delivered
4021,telemetry,UAV-4,,3,371.200,371.206,5.6,1,0,delivered
4022,telemetry,UAV-5,,3,371.200,371.206,5.6,1,0,delivered
4023,telemetry,UAV-2,,3,371.400,371.411,11.2,2,0,delivered
4024,telemetry,UAV-3,,3,371.500,371.511,11.2,2,0,delivered
4025,telemetry,UAV-6,,3,371.500,371.506,5.6,1,0,delivered
4026,telemetry,UAV-4,,3,371.700,371.706,5.6,1,0,delivered
4027,telemetry,UAV-5,,3,371.700,371.706,5.6,1,0,delivered
4028,telemetry,UAV-2,,3,371.900,371.911,11.2,2,0,delivered
4029,telemetry,UAV-3,,3,372.000,372.006,5.6,1,0,delivered
4030,telemetry,UAV-6,,3,372.000,372.006,5.6,1,0,delivered
4031,telemetry,UAV-4,,3,372.200,372.206,5.6,1,0,delivered
4032,telemetry,UAV-5,,3,372.200,372.206,5.6,1,0,delivered
4033,telemetry,UAV-2,,3,372.400,372.411,11.2,2,0,delivered
4034,telemetry,UAV-3,,3,372.500,372.511,11.2,2,0,delivered
4035,telemetry,UAV-6,,3,372.500,372.506,5.6,1,0,delivered
4036,telemetry,UAV-4,,3,372.700,372.706,5.6,1,0,delivered
4037,telemetry,UAV-5,,3,372.700,372.706,5.6,1,0,delivered
4038,telemetry,UAV-2,,3,372.900,372.911,11.2,2,0,delivered
4039,telemetry,UAV-3,,3,373.000,373.011,11.2,2,0,delivered
4040,telemetry,UAV-6,,3,373.000,373.006,5.6,1,0,delivered
4041,telemetry,UAV-4,,3,373.200,373.211,11.2,2,0,delivered
4042,telemetry,UAV-5,,3,373.200,373.206,5.6,1,0,delivered
4043,telemetry,UAV-2,,3,373.400,373.411,11.2,2,0,delivered
4044,telemetry,UAV-3,,3,373.500,373.511,11.2,2,0,delivered
4045,telemetry,UAV-6,,3,373.500,373.506,5.6,1,0,delivered
4046,telemetry,UAV-4,,3,373.700,373.711,11.2,2,0,delivered
4047,telemetry,UAV-5,,3,373.700,373.706,5.6,1,0,delivered
4048,telemetry,UAV-2,,3,373.900,373.911,11.2,2,0,delivered
4049,telemetry,UAV-3,,3,374.000,374.011,11.2,2,0,delivered
4050,telemetry,UAV-6,,3,374.000,374.006,5.6,1,0,delivered
4051,telemetry,UAV-4,,3,374.200,374.211,11.2,2,0,delivered
4052,telemetry,UAV-5,,3,374.200,374.206,5.6,1,0,delivered
4053,telemetry,UAV-2,,3,374.400,374.411,11.2,2,0,delivered
4054,telemetry,UAV-3,,3,374.500,374.511,11.2,2,0,delivered
4055,telemetry,UAV-6,,3,374.500,374.506,5.6,1,0,delivered
4056,telemetry,UAV-4,,3,374.700,374.711,11.2,2,0,delivered
4057,telemetry,UAV-5,,3,374.700,374.706,5.6,1,0,delivered
4058,telemetry,UAV-2,,3,374.900,374.911,11.2,2,0,delivered
4059,telemetry,UAV-3,,3,375.000,375.011,11.2,2,0,delivered
4060,telemetry,UAV-6,,3,375.000,375.006,5.6,1,0,delivered
4061,telemetry,UAV-4,,3,375.200,375.211,11.2,2,0,delivered
4062,telemetry,UAV-5,,3,375.200,375.206,5.6,1,0,delivered
4063,telemetry,UAV-2,,3,375.400,375.411,11.2,2,0,delivered
4064,telemetry,UAV-3,,3,375.500,375.511,11.2,2,0,delivered
4065,telemetry,UAV-6,,3,375.500,375.506,5.6,1,0,delivered
4066,telemetry,UAV-4,,3,375.700,375.711,11.2,2,0,delivered
4067,telemetry,UAV-5,,3,375.700,375.706,5.6,1,0,delivered
4068,telemetry,UAV-2,,3,375.900,375.911,11.2,2,0,delivered
4069,telemetry,UAV-3,,3,376.000,376.011,11.2,2,0,delivered
4070,telemetry,UAV-6,,3,376.000,376.006,5.6,1,0,delivered
4071,telemetry,UAV-4,,3,376.200,376.211,11.2,2,0,delivered
4072,telemetry,UAV-5,,3,376.200,376.206,5.6,1,0,delivered
4073,telemetry,UAV-2,,3,376.400,376.411,11.2,2,0,delivered
4074,telemetry,UAV-3,,3,376.500,376.511,11.2,2,0,delivered
4075,telemetry,UAV-6,,3,376.500,376.506,5.6,1,0,delivered
4076,telemetry,UAV-4,,3,376.700,376.711,11.2,2,0,delivered
4077,telemetry,UAV-5,,3,376.700,376.706,5.6,1,0,delivered
4078,telemetry,UAV-2,,3,376.900,376.911,11.2,2,0,delivered
4079,telemetry,UAV-3,,3,377.000,377.011,11.2,2,0,delivered
4080,telemetry,UAV-6,,3,377.000,377.006,5.6,1,0,delivered
4081,telemetry,UAV-4,,3,377.200,377.211,11.2,2,0,delivered
4082,telemetry,UAV-5,,3,377.200,377.206,5.6,1,0,delivered
4083,telemetry,UAV-2,,3,377.400,377.411,11.2,2,0,delivered
4084,telemetry,UAV-3,,3,377.500,377.511,11.2,2,0,delivered
4085,telemetry,UAV-6,,3,377.500,377.506,5.6,1,0,delivered
4086,survey,UAV-2,POI-015,1,377.600,377.611,11.2,2,0,delivered
4087,survey,UAV-2,POI-015,1,377.600,377.611,11.2,2,0,delivered
4088,survey,UAV-2,POI-015,1,377.600,377.711,111.2,2,0,delivered
4089,survey,UAV-2,POI-015,1,377.600,377.711,111.2,2,0,delivered
4098,telemetry,UAV-4,,3,377.700,377.711,11.2,2,0,delivered
4099,telemetry,UAV-5,,3,377.700,377.706,5.6,1,0,delivered
4090,survey,UAV-2,POI-015,1,377.600,377.811,211.2,2,0,delivered
4091,survey,UAV-2,POI-015,1,377.600,377.811,211.2,2,0,delivered
4100,telemetry,UAV-2,,3,377.900,377.911,11.2,2,0,delivered
4092,survey,UAV-2,POI-015,1,377.600,377.911,311.2,2,0,delivered
4093,survey,UAV-2,POI-015,1,377.600,377.911,311.2,2,0,delivered
4094,survey,UAV-2,POI-015,1,377.600,378.011,411.2,2,0,delivered
4095,survey,UAV-2,POI-015,1,377.600,378.011,411.2,2,0,delivered
4101,telemetry,UAV-3,,3,378.000,378.011,11.2,2,0,delivered
4102,telemetry,UAV-6,,3,378.000,378.006,5.6,1,0,delivered
4096,survey,UAV-2,POI-015,1,377.600,378.111,511.2,2,0,delivered
4097,survey,UAV-2,POI-015,1,377.600,378.111,511.2,2,0,delivered
4103,telemetry,UAV-4,,3,378.200,378.211,11.2,2,0,delivered
4104,telemetry,UAV-5,,3,378.200,378.206,5.6,1,0,delivered
4105,telemetry,UAV-2,,3,378.400,378.411,11.2,2,0,delivered
4106,telemetry,UAV-3,,3,378.500,378.511,11.2,2,0,delivered
4107,telemetry,UAV-6,,3,378.500,378.506,5.6,1,0,delivered
4108,telemetry,UAV-4,,3,378.700,378.711,11.2,2,0,delivered
4109,telemetry,UAV-5,,3,378.700,378.706,5.6,1,0,delivered
4110,telemetry,UAV-2,,3,378.900,378.911,11.2,2,0,delivered
4111,telemetry,UAV-3,,3,379.000,379.011,11.2,2,0,delivered
4112,telemetry,UAV-6,,3,379.000,379.006,5.6,1,0,delivered
4113,telemetry,UAV-4,,3,379.200,379.211,11.2,2,0,delivered
4114,telemetry,UAV-5,,3,379.200,379.206,5.6,1,0,delivered
4115,telemetry,UAV-2,,3,379.400,379.411,11.2,2,0,delivered
4116,telemetry,UAV-3,,3,379.500,379.511,11.2,2,0,delivered
4117,telemetry,UAV-6,,3,379.500,379.506,5.6,1,0,delivered
4118,telemetry,UAV-4,,3,379.700,379.711,11.2,2,0,delivered
4119,telemetry,UAV-5,,3,379.700,379.706,5.6,1,0,delivered
4120,telemetry,UAV-2,,3,379.900,379.911,11.2,2,0,delivered
4121,telemetry,UAV-3,,3,380.000,380.011,11.2,2,0,delivered
4122,telemetry,UAV-6,,3,380.000,380.006,5.6,1,0,delivered
4123,telemetry,UAV-4,,3,380.200,380.211,11.2,2,0,delivered
4124,telemetry,UAV-5,,3,380.200,380.206,5.6,1,0,delivered
4125,telemetry,UAV-2,,3,380.400,380.411,11.2,2,0,delivered
4126,telemetry,UAV-3,,3,380.500,380.511,11.2,2,0,delivered
4127,telemetry,UAV-6,,3,380.500,380.506,5.6,1,0,delivered
4128,telemetry,UAV-4,,3,380.700,380.711,11.2,2,0,delivered
4129,telemetry,UAV-5,,3,380.700,380.706,5.6,1,0,delivered
4130,telemetry,UAV-2,,3,380.900,380.911,11.2,2,0,delivered
4131,telemetry,UAV-3,,3,381.000,381.011,11.2,2,0,delivered
4132,telemetry,UAV-6,,3,381.000,381.006,5.6,1,0,delivered
4133,telemetry,UAV-4,,3,381.200,381.211,11.2,2,0,delivered
4134,telemetry,UAV-5,,3,381.200,381.206,5.6,1,0,delivered
4135,telemetry,UAV-2,,3,381.400,381.411,11.2,2,0,delivered
4136,telemetry,UAV-3,,3,381.500,381.511,11.2,2,0,delivered
4137,telemetry,UAV-6,,3,381.500,381.506,5.6,1,0,delivered
4138,telemetry,UAV-4,,3,381.700,381.711,11.2,2,0,delivered
4139,telemetry,UAV-5,,3,381.700,381.706,5.6,1,0,delivered
4140,telemetry,UAV-2,,3,381.900,381.911,11.2,2,0,delivered
4141,telemetry,UAV-3,,3,382.000,382.011,11.2,2,0,delivered
4143,survey,UAV-4,POI-013,1,382.000,382.011,11.2,2,0,delivered
4144,survey,UAV-4,POI-013,1,382.000,382.011,11.2,2,0,delivered
4142,telemetry,UAV-6,,3,382.000,382.006,5.6,1,0,delivered
4145,survey,UAV-4,POI-013,1,382.000,382.111,111.2,2,0,delivered
4146,survey,UAV-4,POI-013,1,382.000,382.111,111.2,2,0,delivered
4155,telemetry,UAV-4,,3,382.200,382.211,11.2,2,0,delivered
4147,survey,UAV-4,POI-013,1,382.000,382.211,211.2,2,0,delivered
4148,survey,UAV-4,POI-013,1,382.000,382.211,211.2,2,0,delivered
4156,telemetry,UAV-5,,3,382.200,382.206,5.6,1,0,delivered
4149,survey,UAV-4,POI-013,1,382.000,382.311,311.2,2,0,delivered
4150,survey,UAV-4,POI-013,1,382.000,382.311,311.2,2,0,delivered
4157,telemetry,UAV-2,,3,382.400,382.411,11.2,2,0,delivered
4151,survey,UAV-4,POI-013,1,382.000,382.411,411.2,2,0,delivered
4152,survey,UAV-4,POI-013,1,382.000,382.411,411.2,2,0,delivered
4158,telemetry,UAV-3,,3,382.500,382.511,11.2,2,0,delivered
4153,survey,UAV-4,POI-013,1,382.000,382.511,511.2,2,0,delivered
4154,survey,UAV-4,POI-013,1,382.000,382.511,511.2,2,0,delivered
4159,telemetry,UAV-6,,3,382.500,382.506,5.6,1,0,delivered
4160,telemetry,UAV-4,,3,382.700,382.711,11.2,2,0,delivered
4161,telemetry,UAV-5,,3,382.700,382.706,5.6,1,0,delivered
4162,telemetry,UAV-2,,3,382.900,382.911,11.2,2,0,delivered
4163,telemetry,UAV-3,,3,383.000,383.011,11.2,2,0,delivered
4164,telemetry,UAV-6,,3,383.000,383.006,5.6,1,0,delivered
4165,telemetry,UAV-4,,3,383.200,383.211,11.2,2,0,delivered
4166,telemetry,UAV-5,,3,383.200,383.206,5.6,1,0,delivered
4167,telemetry,UAV-2,,3,383.400,383.411,11.2,2,0,delivered
4168,telemetry,UAV-3,,3,383.500,383.511,11.2,2,0,delivered
4169,telemetry,UAV-6,,3,383.500,383.506,5.6,1,0,delivered
4170,telemetry,UAV-4,,3,383.700,383.711,11.2,2,0,delivered
4171,telemetry,UAV-5,,3,383.700,383.706,5.6,1,0,delivered
4172,telemetry,UAV-2,,3,383.900,383.911,11.2,2,0,delivered
4173,telemetry,UAV-3,,3,384.000,384.011,11.2,2,0,delivered
4174,telemetry,UAV-6,,3,384.000,384.006,5.6,1,0,delivered
4175,telemetry,UAV-4,,3,384.200,384.211,11.2,2,0,delivered
4176,telemetry,UAV-5,,3,384.200,384.206,5.6,1,0,delivered
4177,telemetry,UAV-2,,3,384.400,384.411,11.2,2,0,delivered
4178,telemetry,UAV-3,,3,384.500,384.511,11.2,2,0,delivered
4179,telemetry,UAV-6,,3,384.500,384.506,5.6,1,0,delivered
4180,telemetry,UAV-4,,3,384.700,384.711,11.2,2,0,delivered
4181,telemetry,UAV-5,,3,384.700,384.706,5.6,1,0,delivered
4182,telemetry,UAV-2,,3,384.900,384.911,11.2,2,0,delivered
4183,telemetry,UAV-3,,3,385.000,385.011,11.2,2,0,delivered
4184,telemetry,UAV-6,,3,385.000,385.006,5.6,1,0,delivered
4185,telemetry,UAV-4,,3,385.200,385.211,11.2,2,0,delivered
4186,telemetry,UAV-5,,3,385.200,385.206,5.6,1,0,delivered
4187,telemetry,UAV-2,,3,385.400,385.411,11.2,2,0,delivered
4188,telemetry,UAV-3,,3,385.500,385.511,11.2,2,0,delivered
4189,telemetry,UAV-6,,3,385.500,385.506,5.6,1,0,delivered
4190,telemetry,UAV-4,,3,385.700,385.711,11.2,2,0,delivered
4191,telemetry,UAV-5,,3,385.700,385.706,5.6,1,0,delivered
4192,telemetry,UAV-2,,3,385.900,385.911,11.2,2,0,delivered
4193,telemetry,UAV-3,,3,386.000,386.011,11.2,2,0,delivered
4194,telemetry,UAV-6,,3,386.000,386.006,5.6,1,0,delivered
4195,telemetry,UAV-4,,3,386.200,386.211,11.2,2,0,delivered
4196,telemetry,UAV-5,,3,386.200,386.206,5.6,1,0,delivered
4197,telemetry,UAV-2,,3,386.400,386.411,11.2,2,0,delivered
4198,telemetry,UAV-3,,3,386.500,386.511,11.2,2,0,delivered
4199,telemetry,UAV-6,,3,386.500,386.506,5.6,1,0,delivered
4200,telemetry,UAV-4,,3,386.700,386.711,11.2,2,0,delivered
4201,telemetry,UAV-5,,3,386.700,386.706,5.6,1,0,delivered
4202,telemetry,UAV-2,,3,386.900,386.911,11.2,2,0,delivered
4203,telemetry,UAV-3,,3,387.000,387.011,11.2,2,0,delivered
4204,telemetry,UAV-6,,3,387.000,387.006,5.6,1,0,delivered
4205,telemetry,UAV-4,,3,387.200,387.211,11.2,2,0,delivered
4206,telemetry,UAV-5,,3,387.200,387.206,5.6,1,0,delivered
4207,telemetry,UAV-2,,3,387.400,387.411,11.2,2,0,delivered
4208,telemetry,UAV-3,,3,387.500,387.511,11.2,2,0,delivered
4209,telemetry,UAV-6,,3,387.500,387.506,5.6,1,0,delivered
4210,telemetry,UAV-4,,3,387.700,387.711,11.2,2,0,delivered
4211,telemetry,UAV-5,,3,387.700,387.706,5.6,1,0,delivered
4212,telemetry,UAV-2,,3,387.900,387.911,11.2,2,0,delivered
4213,telemetry,UAV-3,,3,388.000,388.011,11.2,2,0,delivered
4214,telemetry,UAV-6,,3,388.000,388.006,5.6,1,0,delivered
4215,telemetry,UAV-4,,3,388.200,388.211,11.2,2,0,delivered
4216,telemetry,UAV-5,,3,388.200,388.206,5.6,1,0,delivered
4217,telemetry,UAV-2,,3,388.400,388.411,11.2,2,0,delivered
4218,telemetry,UAV-3,,3,388.500,388.511,11.2,2,0,delivered
4219,telemetry,UAV-6,,3,388.500,388.506,5.6,1,0,delivered
4220,telemetry,UAV-4,,3,388.700,388.711,11.2,2,0,delivered
4221,telemetry,UAV-5,,3,388.700,388.706,5.6,1,0,delivered
4222,telemetry,UAV-2,,3,388.900,388.911,11.2,2,0,delivered
4223,telemetry,UAV-3,,3,389.000,389.011,11.2,2,0,delivered
4224,telemetry,UAV-6,,3,389.000,389.006,5.6,1,0,delivered
4225,telemetry,UAV-4,,3,389.200,389.211,11.2,2,0,delivered
4226,telemetry,UAV-5,,3,389.200,389.206,5.6,1,0,delivered
4227,telemetry,UAV-2,,3,389.400,389.411,11.2,2,0,delivered
4228,telemetry,UAV-3,,3,389.500,389.511,11.2,2,0,delivered
4229,telemetry,UAV-6,,3,389.500,389.506,5.6,1,0,delivered
4230,telemetry,UAV-4,,3,389.700,389.711,11.2,2,0,delivered
4231,telemetry,UAV-5,,3,389.700,389.706,5.6,1,0,delivered
4232,telemetry,UAV-2,,3,389.900,389.911,11.2,2,0,delivered
4233,telemetry,UAV-3,,3,390.000,390.011,11.2,2,0,delivered
4234,telemetry,UAV-6,,3,390.000,390.006,5.6,1,0,delivered
4235,telemetry,UAV-4,,3,390.200,390.211,11.2,2,0,delivered
4236,telemetry,UAV-5,,3,390.200,390.206,5.6,1,0,delivered
4237,telemetry,UAV-2,,3,390.400,390.411,11.2,2,0,delivered
4238,telemetry,UAV-3,,3,390.500,390.511,11.2,2,0,delivered
4239,telemetry,UAV-6,,3,390.500,390.506,5.6,1,0,delivered
4240,telemetry,UAV-4,,3,390.700,390.711,11.2,2,0,delivered
4241,telemetry,UAV-5,,3,390.700,390.706,5.6,1,0,delivered
4242,telemetry,UAV-2,,3,390.900,390.911,11.2,2,0,delivered
4243,telemetry,UAV-3,,3,391.000,391.011,11.2,2,0,delivered
4244,telemetry,UAV-6,,3,391.000,391.006,5.6,1,0,delivered
4245,telemetry,UAV-4,,3,391.200,391.211,11.2,2,0,delivered
4246,telemetry,UAV-5,,3,391.200,391.206,5.6,1,0,delivered
4247,telemetry,UAV-2,,3,391.400,391.411,11.2,2,0,delivered
4248,survey,UAV-3,POI-011,1,391.400,391.411,11.2,2,0,delivered
4249,survey,UAV-3,POI-011,1,391.400,391.411,11.2,2,0,delivered
4260,telemetry,UAV-3,,3,391.500,391.511,11.2,2,0,delivered
4250,survey,UAV-3,POI-011,1,391.400,391.511,111.2,2,0,delivered
4251,survey,UAV-3,POI-011,1,391.400,391.511,111.2,2,0,delivered
4261,telemetry,UAV-6,,3,391.500,391.506,5.6,1,0,delivered
4252,survey,UAV-3,POI-011,1,391.400,391.611,211.2,2,0,delivered
4253,survey,UAV-3,POI-011,1,391.400,391.611,211.2,2,0,delivered
4254,survey,UAV-3,POI-011,1,391.400,391.711,311.2,2,0,delivered
4255,survey,UAV-3,POI-011,1,391.400,391.711,311.2,2,0,delivered
4262,telemetry,UAV-4,,3,391.700,391.711,11.2,2,0,delivered
4263,telemetry,UAV-5,,3,391.700,391.706,5.6,1,0,delivered
4256,survey,UAV-3,POI-011,1,391.400,391.811,411.2,2,0,delivered
4257,survey,UAV-3,POI-011,1,391.400,391.811,411.2,2,0,delivered
4264,telemetry,UAV-2,,3,391.900,391.911,11.2,2,0,delivered
4258,survey,UAV-3,POI-011,1,391.400,391.911,511.2,2,0,delivered
4259,survey,UAV-3,POI-011,1,391.400,391.911,511.2,2,0,delivered
4265,telemetry,UAV-3,,3,392.000,392.011,11.2,2,0,delivered
4266,telemetry,UAV-6,,3,392.000,392.006,5.6,1,0,delivered
4267,telemetry,UAV-4,,3,392.200,392.211,11.2,2,0,delivered
4268,telemetry,UAV-5,,3,392.200,392.206,5.6,1,0,delivered
4269,telemetry,UAV-2,,3,392.400,392.411,11.2,2,0,delivered
4270,telemetry,UAV-3,,3,392.500,392.511,11.2,2,0,delivered
4271,telemetry,UAV-6,,3,392.500,392.506,5.6,1,0,delivered
4272,telemetry,UAV-4,,3,392.700,392.711,11.2,2,0,delivered
4273,telemetry,UAV-5,,3,392.700,392.706,5.6,1,0,delivered
4274,telemetry,UAV-2,,3,392.900,392.911,11.2,2,0,delivered
4275,telemetry,UAV-3,,3,393.000,393.011,11.2,2,0,delivered
4276,telemetry,UAV-6,,3,393.000,393.006,5.6,1,0,delivered
4277,telemetry,UAV-4,,3,393.200,393.211,11.2,2,0,delivered
4278,telemetry,UAV-5,,3,393.200,393.206,5.6,1,0,delivered
4279,telemetry,UAV-2,,3,393.400,393.411,11.2,2,0,delivered
4280,telemetry,UAV-3,,3,393.500,393.511,11.2,2,0,delivered
4281,telemetry,UAV-6,,3,393.500,393.506,5.6,1,0,delivered
4282,telemetry,UAV-4,,3,393.700,393.711,11.2,2,0,delivered
4283,telemetry,UAV-5,,3,393.700,393.706,5.6,1,0,delivered
4284,telemetry,UAV-2,,3,393.900,393.911,11.2,2,0,delivered
4285,telemetry,UAV-3,,3,394.000,394.011,11.2,2,0,delivered
4286,telemetry,UAV-6,,3,394.000,394.006,5.6,1,0,delivered
4287,telemetry,UAV-4,,3,394.200,394.211,11.2,2,0,delivered
4288,telemetry,UAV-5,,3,394.200,394.206,5.6,1,0,delivered
4289,survey,UAV-2,POI-012,1,394.300,394.311,11.2,2,0,delivered
4290,survey,UAV-2,POI-012,1,394.300,394.311,11.2,2,0,delivered
4301,telemetry,UAV-2,,3,394.400,394.411,11.2,2,0,delivered
4291,survey,UAV-2,POI-012,1,394.300,394.411,111.2,2,0,delivered
4292,survey,UAV-2,POI-012,1,394.300,394.411,111.2,2,0,delivered
4293,survey,UAV-2,POI-012,1,394.300,394.511,211.2,2,0,delivered
4294,survey,UAV-2,POI-012,1,394.300,394.511,211.2,2,0,delivered
4302,telemetry,UAV-3,,3,394.500,394.511,11.2,2,0,delivered
4303,telemetry,UAV-6,,3,394.500,394.506,5.6,1,0,delivered
4295,survey,UAV-2,POI-012,1,394.300,394.611,311.2,2,0,delivered
4296,survey,UAV-2,POI-012,1,394.300,394.611,311.2,2,0,delivered
4297,survey,UAV-2,POI-012,1,394.300,394.711,411.2,2,0,delivered
4298,survey,UAV-2,POI-012,1,394.300,394.711,411.2,2,0,delivered
4304,telemetry,UAV-4,,3,394.700,394.711,11.2,2,0,delivered
4305,telemetry,UAV-5,,3,394.700,394.706,5.6,1,0,delivered
4299,survey,UAV-2,POI-012,1,394.300,394.811,511.2,2,0,delivered
4300,survey,UAV-2,POI-012,1,394.300,394.811,511.2,2,0,delivered
4306,telemetry,UAV-2,,3,394.900,394.911,11.2,2,0,delivered
4307,telemetry,UAV-3,,3,395.000,395.011,11.2,2,0,delivered
4308,telemetry,UAV-6,,3,395.000,395.006,5.6,1,0,delivered
4309,telemetry,UAV-4,,3,395.200,395.211,11.2,2,0,delivered
4310,telemetry,UAV-5,,3,395.200,395.206,5.6,1,0,delivered
4311,telemetry,UAV-2,,3,395.400,395.411,11.2,2,0,delivered
4312,telemetry,UAV-3,,3,395.500,395.511,11.2,2,0,delivered
4313,telemetry,UAV-6,,3,395.500,395.506,5.6,1,0,delivered
4314,telemetry,UAV-4,,3,395.700,395.711,11.2,2,0,delivered
4315,telemetry,UAV-5,,3,395.700,395.706,5.6,1,0,delivered
4316,telemetry,UAV-2,,3,395.900,395.911,11.2,2,0,delivered
4317,telemetry,UAV-3,,3,396.000,396.011,11.2,2,0,delivered
4318,telemetry,UAV-6,,3,396.000,396.006,5.6,1,0,delivered
4319,telemetry,UAV-4,,3,396.200,396.211,11.2,2,0,delivered
4320,telemetry,UAV-5,,3,396.200,396.206,5.6,1,0,delivered
4321,telemetry,UAV-2,,3,396.400,396.411,11.2,2,0,delivered
4322,telemetry,UAV-3,,3,396.500,396.511,11.2,2,0,delivered
4323,telemetry,UAV-6,,3,396.500,396.506,5.6,1,0,delivered
4324,telemetry,UAV-4,,3,396.700,396.711,11.2,2,0,delivered
4325,telemetry,UAV-5,,3,396.700,396.706,5.6,1,0,delivered
4326,telemetry,UAV-2,,3,396.900,396.911,11.2,2,0,delivered
4327,telemetry,UAV-3,,3,397.000,397.011,11.2,2,0,delivered
4328,telemetry,UAV-6,,3,397.000,397.006,5.6,1,0,delivered
4329,telemetry,UAV-4,,3,397.200,397.211,11.2,2,0,delivered
4330,telemetry,UAV-5,,3,397.200,397.206,5.6,1,0,delivered
4331,telemetry,UAV-2,,3,397.400,397.411,11.2,2,0,delivered
4332,telemetry,UAV-3,,3,397.500,397.511,11.2,2,0,delivered
4333,telemetry,UAV-6,,3,397.500,397.506,5.6,1,0,delivered
4334,telemetry,UAV-4,,3,397.700,397.711,11.2,2,0,delivered
4335,telemetry,UAV-5,,3,397.700,397.706,5.6,1,0,delivered
4336,telemetry,UAV-2,,3,397.900,397.911,11.2,2,0,delivered
4337,telemetry,UAV-3,,3,398.000,398.011,11.2,2,0,delivered
4338,telemetry,UAV-6,,3,398.000,398.006,5.6,1,0,delivered
4339,telemetry,UAV-4,,3,398.200,398.211,11.2,2,0,delivered
4340,telemetry,UAV-5,,3,398.200,398.206,5.6,1,0,delivered
4341,telemetry,UAV-2,,3,398.400,398.411,11.2,2,0,delivered
4342,telemetry,UAV-3,,3,398.500,398.511,11.2,2,0,delivered
4343,telemetry,UAV-6,,3,398.500,398.506,5.6,1,0,delivered
4344,telemetry,UAV-4,,3,398.700,398.711,11.2,2,0,delivered
4345,telemetry,UAV-5,,3,398.700,398.706,5.6,1,0,delivered
4346,telemetry,UAV-2,,3,398.900,398.911,11.2,2,0,delivered
4347,telemetry,UAV-3,,3,399.000,399.011,11.2,2,0,delivered
4348,telemetry,UAV-6,,3,399.000,399.006,5.6,1,0,delivered
4349,telemetry,UAV-4,,3,399.200,399.211,11.2,2,0,delivered
4350,telemetry,UAV-5,,3,399.200,399.206,5.6,1,0,delivered
4351,telemetry,UAV-2,,3,399.400,399.411,11.2,2,0,delivered
4352,telemetry,UAV-3,,3,399.500,399.511,11.2,2,0,delivered
4353,telemetry,UAV-6,,3,399.500,399.506,5.6,1,0,delivered
4354,telemetry,UAV-4,,3,399.700,399.711,11.2,2,0,delivered
4355,telemetry,UAV-5,,3,399.700,399.706,5.6,1,0,delivered
4356,telemetry,UAV-2,,3,399.900,399.911,11.2,2,0,delivered
4357,telemetry,UAV-3,,3,400.000,400.011,11.2,2,0,delivered
4358,telemetry,UAV-6,,3,400.000,400.006,5.6,1,0,delivered
4359,telemetry,UAV-4,,3,400.200,400.211,11.2,2,0,delivered
4360,telemetry,UAV-5,,3,400.200,400.206,5.6,1,0,delivered
4361,telemetry,UAV-2,,3,400.400,400.411,11.2,2,0,delivered
4362,telemetry,UAV-3,,3,400.500,400.511,11.2,2,0,delivered
4363,telemetry,UAV-6,,3,400.500,400.506,5.6,1,0,delivered
4364,telemetry,UAV-4,,3,400.700,400.711,11.2,2,0,delivered
4365,telemetry,UAV-5,,3,400.700,400.706,5.6,1,0,delivered
4366,telemetry,UAV-2,,3,400.900,400.911,11.2,2,0,delivered
4367,telemetry,UAV-3,,3,401.000,401.011,11.2,2,0,delivered
4368,telemetry,UAV-6,,3,401.000,401.006,5.6,1,0,delivered
4369,telemetry,UAV-4,,3,401.200,401.211,11.2,2,0,delivered
4370,telemetry,UAV-5,,3,401.200,401.206,5.6,1,0,delivered
4371,telemetry,UAV-2,,3,401.400,401.411,11.2,2,0,delivered
4372,telemetry,UAV-3,,3,401.500,401.511,11.2,2,0,delivered
4373,telemetry,UAV-6,,3,401.500,401.506,5.6,1,0,delivered
4374,telemetry,UAV-4,,3,401.700,401.711,11.2,2,0,delivered
4375,telemetry,UAV-5,,3,401.700,401.706,5.6,1,0,delivered
4376,telemetry,UAV-2,,3,401.900,401.911,11.2,2,0,delivered
4377,telemetry,UAV-3,,3,402.000,402.011,11.2,2,0,delivered
4378,telemetry,UAV-6,,3,402.000,402.006,5.6,1,0,delivered
4379,telemetry,UAV-4,,3,402.200,402.211,11.2,2,0,delivered
4380,telemetry,UAV-5,,3,402.200,402.206,5.6,1,0,delivered
4381,telemetry,UAV-2,,3,402.400,402.411,11.2,2,0,delivered
4382,telemetry,UAV-3,,3,402.500,402.511,11.2,2,0,delivered
4383,telemetry,UAV-6,,3,402.500,402.506,5.6,1,0,delivered
4384,telemetry,UAV-4,,3,402.700,402.711,11.2,2,0,delivered
4385,telemetry,UAV-5,,3,402.700,402.706,5.6,1,0,delivered
4386,telemetry,UAV-2,,3,402.900,402.911,11.2,2,0,delivered
4387,telemetry,UAV-3,,3,403.000,403.011,11.2,2,0,delivered
4388,telemetry,UAV-6,,3,403.000,403.006,5.6,1,0,delivered
4389,telemetry,UAV-4,,3,403.200,403.211,11.2,2,0,delivered
4390,telemetry,UAV-5,,3,403.200,403.206,5.6,1,0,delivered
4391,telemetry,UAV-2,,3,403.400,403.411,11.2,2,0,delivered
4392,telemetry,UAV-3,,3,403.500,403.511,11.2,2,0,delivered
4393,telemetry,UAV-6,,3,403.500,403.506,5.6,1,0,delivered
4394,telemetry,UAV-4,,3,403.700,403.711,11.2,2,0,delivered
4395,telemetry,UAV-5,,3,403.700,403.706,5.6,1,0,delivered
4396,telemetry,UAV-2,,3,403.900,403.911,11.2,2,0,delivered
4397,telemetry,UAV-3,,3,404.000,404.011,11.2,2,0,delivered
4398,telemetry,UAV-6,,3,404.000,404.006,5.6,1,0,delivered
4399,telemetry,UAV-4,,3,404.200,404.211,11.2,2,0,delivered
4400,telemetry,UAV-5,,3,404.200,404.206,5.6,1,0,delivered
4401,telemetry,UAV-2,,3,404.400,404.411,11.2,2,0,delivered
4402,telemetry,UAV-3,,3,404.500,404.511,11.2,2,0,delivered
4403,telemetry,UAV-6,,3,404.500,404.506,5.6,1,0,delivered
4404,telemetry,UAV-4,,3,404.700,404.711,11.2,2,0,delivered
4405,telemetry,UAV-5,,3,404.700,404.706,5.6,1,0,delivered
4406,telemetry,UAV-2,,3,404.900,404.911,11.2,2,0,delivered
4407,telemetry,UAV-3,,3,405.000,405.011,11.2,2,0,delivered
4408,telemetry,UAV-6,,3,405.000,405.006,5.6,1,0,delivered
4409,telemetry,UAV-4,,3,405.200,405.217,17.3,2,1,delivered
4410,telemetry,UAV-5,,3,405.200,405.206,5.6,1,0,delivered
4411,telemetry,UAV-2,,3,405.400,405.411,11.2,2,0,delivered
4412,telemetry,UAV-3,,3,405.500,405.511,11.2,2,0,delivered
4413,telemetry,UAV-6,,3,405.500,405.506,5.6,1,0,delivered
4414,telemetry,UAV-4,,3,405.700,405.711,11.2,2,0,delivered
4415,telemetry,UAV-5,,3,405.700,405.706,5.6,1,0,delivered
4416,telemetry,UAV-2,,3,405.900,405.911,11.2,2,0,delivered
4417,telemetry,UAV-3,,3,406.000,406.011,11.2,2,0,delivered
4418,telemetry,UAV-6,,3,406.000,406.006,5.6,1,0,delivered
4419,telemetry,UAV-4,,3,406.200,406.211,11.2,2,0,delivered
4420,telemetry,UAV-5,,3,406.200,406.206,5.6,1,0,delivered
4421,telemetry,UAV-2,,3,406.400,406.411,11.2,2,0,delivered
4422,telemetry,UAV-3,,3,406.500,406.511,11.2,2,0,delivered
4423,telemetry,UAV-6,,3,406.500,406.506,5.6,1,0,delivered
4424,telemetry,UAV-4,,3,406.700,406.711,11.2,2,0,delivered
4425,telemetry,UAV-5,,3,406.700,406.706,5.6,1,0,delivered
4426,telemetry,UAV-2,,3,406.900,406.911,11.2,2,0,delivered
4427,telemetry,UAV-3,,3,407.000,407.011,11.2,2,0,delivered
4428,telemetry,UAV-6,,3,407.000,407.006,5.6,1,0,delivered
4429,telemetry,UAV-4,,3,407.200,407.211,11.2,2,0,delivered
4430,telemetry,UAV-5,,3,407.200,407.206,5.6,1,0,delivered
4431,telemetry,UAV-2,,3,407.400,407.411,11.2,2,0,delivered
4432,telemetry,UAV-3,,3,407.500,407.511,11.2,2,0,delivered
4433,telemetry,UAV-6,,3,407.500,407.506,5.6,1,0,delivered
4434,telemetry,UAV-4,,3,407.700,407.711,11.2,2,0,delivered
4435,telemetry,UAV-5,,3,407.700,407.706,5.6,1,0,delivered
4436,telemetry,UAV-2,,3,407.900,407.911,11.2,2,0,delivered
4437,telemetry,UAV-3,,3,408.000,408.011,11.2,2,0,delivered
4438,telemetry,UAV-6,,3,408.000,408.006,5.6,1,0,delivered
4439,telemetry,UAV-4,,3,408.200,408.211,11.2,2,0,delivered
4440,telemetry,UAV-5,,3,408.200,408.206,5.6,1,0,delivered
4441,telemetry,UAV-2,,3,408.400,408.411,11.2,2,0,delivered
4442,telemetry,UAV-3,,3,408.500,408.511,11.2,2,0,delivered
4443,telemetry,UAV-6,,3,408.500,408.506,5.6,1,0,delivered
4444,telemetry,UAV-4,,3,408.700,408.711,11.2,2,0,delivered
4445,telemetry,UAV-5,,3,408.700,408.706,5.6,1,0,delivered
4446,telemetry,UAV-2,,3,408.900,408.911,11.2,2,0,delivered
4447,telemetry,UAV-3,,3,409.000,409.011,11.2,2,0,delivered
4448,telemetry,UAV-6,,3,409.000,409.006,5.6,1,0,delivered
4449,telemetry,UAV-4,,3,409.200,409.211,11.2,2,0,delivered
4450,telemetry,UAV-5,,3,409.200,409.206,5.6,1,0,delivered
4451,telemetry,UAV-2,,3,409.400,409.411,11.2,2,0,delivered
4452,telemetry,UAV-3,,3,409.500,409.511,11.2,2,0,delivered
4453,telemetry,UAV-6,,3,409.500,409.506,5.6,1,0,delivered
4454,telemetry,UAV-4,,3,409.700,409.711,11.2,2,0,delivered
4455,telemetry,UAV-5,,3,409.700,409.706,5.6,1,0,delivered
4456,telemetry,UAV-2,,3,409.900,409.911,11.2,2,0,delivered
4457,telemetry,UAV-3,,3,410.000,410.011,11.2,2,0,delivered
4458,telemetry,UAV-6,,3,410.000,410.006,5.6,1,0,delivered
4459,telemetry,UAV-4,,3,410.200,410.211,11.2,2,0,delivered
4460,telemetry,UAV-5,,3,410.200,410.206,5.6,1,0,delivered
4461,telemetry,UAV-2,,3,410.400,410.411,11.2,2,0,delivered
4462,telemetry,UAV-3,,3,410.500,410.511,11.2,2,0,delivered
4463,telemetry,UAV-6,,3,410.500,410.506,5.6,1,0,delivered
4464,telemetry,UAV-4,,3,410.700,410.711,11.2,2,0,delivered
4465,telemetry,UAV-5,,3,410.700,410.706,5.6,1,0,delivered
4466,telemetry,UAV-2,,3,410.900,410.911,11.2,2,0,delivered
4467,telemetry,UAV-3,,3,411.000,411.011,11.2,2,0,delivered
4468,telemetry,UAV-6,,3,411.000,411.006,5.6,1,0,delivered
4469,telemetry,UAV-4,,3,411.200,411.211,11.2,2,0,delivered
4470,telemetry,UAV-5,,3,411.200,411.206,5.6,1,0,delivered
4471,telemetry,UAV-2,,3,411.400,411.411,11.2,2,0,delivered
4472,telemetry,UAV-3,,3,411.500,411.511,11.2,2,0,delivered
4473,telemetry,UAV-6,,3,411.500,411.506,5.6,1,0,delivered
4474,telemetry,UAV-4,,3,411.700,411.711,11.2,2,0,delivered
4475,telemetry,UAV-5,,3,411.700,411.706,5.6,1,0,delivered
4476,telemetry,UAV-2,,3,411.900,411.911,11.2,2,0,delivered
4477,telemetry,UAV-3,,3,412.000,412.011,11.2,2,0,delivered
4478,telemetry,UAV-6,,3,412.000,412.006,5.6,1,0,delivered
4479,telemetry,UAV-4,,3,412.200,412.211,11.2,2,0,delivered
4480,telemetry,UAV-5,,3,412.200,412.206,5.6,1,0,delivered
4481,telemetry,UAV-2,,3,412.400,412.411,11.2,2,0,delivered
4482,telemetry,UAV-3,,3,412.500,412.511,11.2,2,0,delivered
4483,telemetry,UAV-6,,3,412.500,412.506,5.6,1,0,delivered
4484,telemetry,UAV-4,,3,412.700,412.711,11.2,2,0,delivered
4485,telemetry,UAV-5,,3,412.700,412.706,5.6,1,0,delivered
4486,telemetry,UAV-2,,3,412.900,412.911,11.2,2,0,delivered
4487,telemetry,UAV-3,,3,413.000,413.011,11.2,2,0,delivered
4488,telemetry,UAV-6,,3,413.000,413.006,5.6,1,0,delivered
4489,telemetry,UAV-4,,3,413.200,413.211,11.2,2,0,delivered
4490,telemetry,UAV-5,,3,413.200,413.206,5.6,1,0,delivered
4491,telemetry,UAV-2,,3,413.400,413.411,11.2,2,0,delivered
4492,telemetry,UAV-3,,3,413.500,413.511,11.2,2,0,delivered
4493,telemetry,UAV-6,,3,413.500,413.506,5.6,1,0,delivered
4494,telemetry,UAV-4,,3,413.700,413.711,11.2,2,0,delivered
4495,telemetry,UAV-5,,3,413.700,413.706,5.6,1,0,delivered
4496,telemetry,UAV-2,,3,413.900,413.911,11.2,2,0,delivered
4497,telemetry,UAV-3,,3,414.000,414.011,11.2,2,0,delivered
4498,telemetry,UAV-6,,3,414.000,414.006,5.6,1,0,delivered
4499,telemetry,UAV-4,,3,414.200,414.211,11.2,2,0,delivered
4500,telemetry,UAV-5,,3,414.200,414.206,5.6,1,0,delivered
4501,telemetry,UAV-2,,3,414.400,414.411,11.2,2,0,delivered
4502,telemetry,UAV-3,,3,414.500,414.511,11.2,2,0,delivered
4503,telemetry,UAV-6,,3,414.500,414.506,5.6,1,0,delivered
4504,telemetry,UAV-4,,3,414.700,414.711,11.2,2,0,delivered
4505,telemetry,UAV-5,,3,414.700,414.706,5.6,1,0,delivered
4506,telemetry,UAV-2,,3,414.900,414.911,11.2,2,0,delivered
4507,telemetry,UAV-3,,3,415.000,415.011,11.2,2,0,delivered
4508,telemetry,UAV-6,,3,415.000,415.006,5.6,1,0,delivered
4509,telemetry,UAV-4,,3,415.200,415.211,11.2,2,0,delivered
4510,telemetry,UAV-5,,3,415.200,415.206,5.6,1,0,delivered
4511,telemetry,UAV-2,,3,415.400,415.411,11.2,2,0,delivered
4512,telemetry,UAV-3,,3,415.500,415.511,11.2,2,0,delivered
4513,telemetry,UAV-6,,3,415.500,415.506,5.6,1,0,delivered
4514,telemetry,UAV-4,,3,415.700,415.711,11.2,2,0,delivered
4515,telemetry,UAV-5,,3,415.700,415.706,5.6,1,0,delivered
4516,telemetry,UAV-2,,3,415.900,415.911,11.2,2,0,delivered
4517,telemetry,UAV-3,,3,416.000,416.011,11.2,2,0,delivered
4518,telemetry,UAV-6,,3,416.000,416.006,5.6,1,0,delivered
4519,telemetry,UAV-4,,3,416.200,416.211,11.2,2,0,delivered
4520,telemetry,UAV-5,,3,416.200,416.206,5.6,1,0,delivered
4521,telemetry,UAV-2,,3,416.400,416.411,11.2,2,0,delivered
4522,telemetry,UAV-3,,3,416.500,416.511,11.2,2,0,delivered
4523,telemetry,UAV-6,,3,416.500,416.506,5.6,1,0,delivered
4524,telemetry,UAV-4,,3,416.700,416.711,11.2,2,0,delivered
4525,telemetry,UAV-5,,3,416.700,416.706,5.6,1,0,delivered
4526,telemetry,UAV-2,,3,416.900,416.911,11.2,2,0,delivered
4527,telemetry,UAV-3,,3,417.000,417.011,11.2,2,0,delivered
4528,telemetry,UAV-6,,3,417.000,417.006,5.6,1,0,delivered
4529,telemetry,UAV-4,,3,417.200,417.211,11.2,2,0,delivered
4530,telemetry,UAV-5,,3,417.200,417.206,5.6,1,0,delivered
4531,telemetry,UAV-2,,3,417.400,417.411,11.2,2,0,delivered
4532,telemetry,UAV-3,,3,417.500,417.511,11.2,2,0,delivered
4533,telemetry,UAV-6,,3,417.500,417.506,5.6,1,0,delivered
4534,telemetry,UAV-4,,3,417.700,417.711,11.2,2,0,delivered
4535,telemetry,UAV-5,,3,417.700,417.706,5.6,1,0,delivered
4536,telemetry,UAV-2,,3,417.900,417.911,11.2,2,0,delivered
4537,telemetry,UAV-3,,3,418.000,418.011,11.2,2,0,delivered
4538,telemetry,UAV-6,,3,418.000,418.006,5.6,1,0,delivered
4539,telemetry,UAV-4,,3,418.200,418.211,11.2,2,0,delivered
4540,telemetry,UAV-5,,3,418.200,418.206,5.6,1,0,delivered
4541,telemetry,UAV-2,,3,418.400,418.411,11.2,2,0,delivered
4542,telemetry,UAV-3,,3,418.500,418.511,11.2,2,0,delivered
4543,telemetry,UAV-6,,3,418.500,418.506,5.6,1,0,delivered
4544,telemetry,UAV-4,,3,418.700,418.711,11.2,2,0,delivered
4545,telemetry,UAV-5,,3,418.700,418.706,5.6,1,0,delivered
4546,telemetry,UAV-2,,3,418.900,418.911,11.2,2,0,delivered
4547,telemetry,UAV-3,,3,419.000,419.011,11.2,2,0,delivered
4548,telemetry,UAV-6,,3,419.000,419.006,5.6,1,0,delivered
4549,telemetry,UAV-4,,3,419.200,419.211,11.2,2,0,delivered
4550,telemetry,UAV-5,,3,419.200,419.206,5.6,1,0,delivered
4551,telemetry,UAV-2,,3,419.400,419.411,11.2,2,0,delivered
4552,telemetry,UAV-3,,3,419.500,419.511,11.2,2,0,delivered
4553,telemetry,UAV-6,,3,419.500,419.506,5.6,1,0,delivered
4554,telemetry,UAV-4,,3,419.700,419.711,11.2,2,0,delivered
4555,telemetry,UAV-5,,3,419.700,419.706,5.6,1,0,delivered
4556,telemetry,UAV-2,,3,419.900,419.911,11.2,2,0,delivered
4557,telemetry,UAV-3,,3,420.000,420.011,11.2,2,0,delivered
4558,telemetry,UAV-6,,3,420.000,420.006,5.6,1,0,delivered
4559,telemetry,UAV-4,,3,420.200,420.211,11.2,2,0,delivered
4560,telemetry,UAV-5,,3,420.200,420.206,5.6,1,0,delivered
4561,telemetry,UAV-2,,3,420.400,420.411,11.2,2,0,delivered
4562,telemetry,UAV-3,,3,420.500,420.511,11.2,2,0,delivered
4563,telemetry,UAV-6,,3,420.500,420.506,5.6,1,0,delivered
4564,telemetry,UAV-4,,3,420.700,420.711,11.2,2,0,delivered
4565,telemetry,UAV-5,,3,420.700,420.706,5.6,1,0,delivered
4566,telemetry,UAV-2,,3,420.900,420.911,11.2,2,0,delivered
4567,telemetry,UAV-3,,3,421.000,421.011,11.2,2,0,delivered
4568,telemetry,UAV-6,,3,421.000,421.006,5.6,1,0,delivered
4569,telemetry,UAV-4,,3,421.200,421.211,11.2,2,0,delivered
4570,telemetry,UAV-5,,3,421.200,421.206,5.6,1,0,delivered
4571,telemetry,UAV-2,,3,421.400,421.411,11.2,2,0,delivered
4572,telemetry,UAV-3,,3,421.500,421.511,11.2,2,0,delivered
4573,telemetry,UAV-6,,3,421.500,421.506,5.6,1,0,delivered
4574,telemetry,UAV-4,,3,421.700,421.711,11.2,2,0,delivered
4575,telemetry,UAV-5,,3,421.700,421.706,5.6,1,0,delivered
4576,telemetry,UAV-2,,3,421.900,421.911,11.2,2,0,delivered
4577,telemetry,UAV-3,,3,422.000,422.011,11.2,2,0,delivered
4578,telemetry,UAV-6,,3,422.000,422.006,5.6,1,0,delivered
4579,telemetry,UAV-4,,3,422.200,422.211,11.2,2,0,delivered
4580,telemetry,UAV-5,,3,422.200,422.206,5.6,1,0,delivered
4581,telemetry,UAV-2,,3,422.400,422.411,11.2,2,0,delivered
4582,telemetry,UAV-3,,3,422.500,422.511,11.2,2,0,delivered
4583,telemetry,UAV-6,,3,422.500,422.506,5.6,1,0,delivered
4584,telemetry,UAV-4,,3,422.700,422.711,11.2,2,0,delivered
4585,telemetry,UAV-2,,3,422.900,422.911,11.2,2,0,delivered
4586,telemetry,UAV-3,,3,423.000,423.011,11.2,2,0,delivered
4587,telemetry,UAV-6,,3,423.000,423.012,11.7,1,1,delivered
4588,telemetry,UAV-4,,3,423.200,423.211,11.2,2,0,delivered
4589,telemetry,UAV-2,,3,423.400,423.411,11.2,2,0,delivered
4590,telemetry,UAV-3,,3,423.500,423.511,11.2,2,0,delivered
4591,telemetry,UAV-6,,3,423.500,423.506,5.6,1,0,delivered
4592,telemetry,UAV-4,,3,423.700,423.711,11.2,2,0,delivered
4593,telemetry,UAV-2,,3,423.900,423.911,11.2,2,0,delivered
4594,telemetry,UAV-3,,3,424.000,424.011,11.2,2,0,delivered
4595,telemetry,UAV-6,,3,424.000,424.006,5.6,1,0,delivered
4596,telemetry,UAV-4,,3,424.200,424.211,11.2,2,0,delivered
4597,telemetry,UAV-2,,3,424.400,424.411,11.2,2,0,delivered
4598,telemetry,UAV-3,,3,424.500,424.511,11.2,2,0,delivered
4599,telemetry,UAV-6,,3,424.500,424.506,5.6,1,0,delivered
4600,telemetry,UAV-4,,3,424.700,424.711,11.2,2,0,delivered
4601,telemetry,UAV-2,,3,424.900,424.911,11.2,2,0,delivered
4602,telemetry,UAV-3,,3,425.000,425.011,11.2,2,0,delivered
4603,telemetry,UAV-6,,3,425.000,425.006,5.6,1,0,delivered
4604,telemetry,UAV-4,,3,425.200,425.211,11.2,2,0,delivered
4605,telemetry,UAV-2,,3,425.400,425.411,11.2,2,0,delivered
4606,telemetry,UAV-3,,3,425.500,425.511,11.2,2,0,delivered
4607,telemetry,UAV-6,,3,425.500,425.506,5.6,1,0,delivered
4608,telemetry,UAV-4,,3,425.700,425.711,11.2,2,0,delivered
4609,telemetry,UAV-2,,3,425.900,425.911,11.2,2,0,delivered
4610,telemetry,UAV-3,,3,426.000,426.011,11.2,2,0,delivered
4611,telemetry,UAV-6,,3,426.000,426.006,5.6,1,0,delivered
4612,telemetry,UAV-4,,3,426.200,426.211,11.2,2,0,delivered
4613,telemetry,UAV-2,,3,426.400,426.411,11.2,2,0,delivered
4614,telemetry,UAV-3,,3,426.500,426.511,11.2,2,0,delivered
4615,telemetry,UAV-6,,3,426.500,426.506,5.6,1,0,delivered
4616,telemetry,UAV-4,,3,426.700,426.711,11.2,2,0,delivered
4617,telemetry,UAV-2,,3,426.900,426.911,11.2,2,0,delivered
4618,telemetry,UAV-3,,3,427.000,427.011,11.2,2,0,delivered
4619,telemetry,UAV-6,,3,427.000,427.006,5.6,1,0,delivered
4620,telemetry,UAV-4,,3,427.200,427.211,11.2,2,0,delivered
4621,telemetry,UAV-2,,3,427.400,427.411,11.2,2,0,delivered
4622,telemetry,UAV-3,,3,427.500,427.511,11.2,2,0,delivered
4623,telemetry,UAV-6,,3,427.500,427.506,5.6,1,0,delivered
4624,telemetry,UAV-4,,3,427.700,427.711,11.2,2,0,delivered
4625,telemetry,UAV-2,,3,427.900,427.911,11.2,2,0,delivered
4626,telemetry,UAV-3,,3,428.000,428.011,11.2,2,0,delivered
4627,telemetry,UAV-6,,3,428.000,428.006,5.6,1,0,delivered
4628,telemetry,UAV-4,,3,428.200,428.211,11.2,2,0,delivered
4629,telemetry,UAV-2,,3,428.400,428.411,11.2,2,0,delivered
4630,telemetry,UAV-3,,3,428.500,428.511,11.2,2,0,delivered
4631,telemetry,UAV-6,,3,428.500,428.506,5.6,1,0,delivered
4632,telemetry,UAV-4,,3,428.700,428.711,11.2,2,0,delivered
4633,telemetry,UAV-2,,3,428.900,428.911,11.2,2,0,delivered
4634,telemetry,UAV-3,,3,429.000,429.011,11.2,2,0,delivered
4635,telemetry,UAV-6,,3,429.000,429.006,5.6,1,0,delivered
4636,telemetry,UAV-4,,3,429.200,429.211,11.2,2,0,delivered
4637,telemetry,UAV-2,,3,429.400,429.411,11.2,2,0,delivered
4638,telemetry,UAV-3,,3,429.500,429.511,11.2,2,0,delivered
4639,telemetry,UAV-6,,3,429.500,429.506,5.6,1,0,delivered
4640,telemetry,UAV-4,,3,429.700,429.711,11.2,2,0,delivered
4641,telemetry,UAV-2,,3,429.900,429.911,11.2,2,0,delivered
4642,telemetry,UAV-3,,3,430.000,430.011,11.2,2,0,delivered
4643,telemetry,UAV-6,,3,430.000,430.006,5.6,1,0,delivered
4644,telemetry,UAV-4,,3,430.200,430.211,11.2,2,0,delivered
4645,telemetry,UAV-2,,3,430.400,430.411,11.2,2,0,delivered
4646,telemetry,UAV-3,,3,430.500,430.511,11.2,2,0,delivered
4647,telemetry,UAV-6,,3,430.500,430.506,5.6,1,0,delivered
4648,telemetry,UAV-4,,3,430.700,430.711,11.2,2,0,delivered
4649,telemetry,UAV-2,,3,430.900,430.911,11.2,2,0,delivered
4650,telemetry,UAV-3,,3,431.000,431.011,11.2,2,0,delivered
4651,telemetry,UAV-6,,3,431.000,431.006,5.6,1,0,delivered
4652,telemetry,UAV-4,,3,431.200,431.211,11.2,2,0,delivered
4653,telemetry,UAV-2,,3,431.400,431.411,11.2,2,0,delivered
4654,telemetry,UAV-3,,3,431.500,431.511,11.2,2,0,delivered
4655,telemetry,UAV-6,,3,431.500,431.506,5.6,1,0,delivered
4656,telemetry,UAV-4,,3,431.700,431.711,11.2,2,0,delivered
4657,telemetry,UAV-2,,3,431.900,431.911,11.2,2,0,delivered
4658,telemetry,UAV-3,,3,432.000,432.011,11.2,2,0,delivered
4659,telemetry,UAV-6,,3,432.000,432.006,5.6,1,0,delivered
4660,telemetry,UAV-4,,3,432.200,432.211,11.2,2,0,delivered
4661,telemetry,UAV-2,,3,432.400,432.411,11.2,2,0,delivered
4662,telemetry,UAV-3,,3,432.500,432.511,11.2,2,0,delivered
4663,telemetry,UAV-6,,3,432.500,432.506,5.6,1,0,delivered
4664,telemetry,UAV-4,,3,432.700,432.711,11.2,2,0,delivered
4665,telemetry,UAV-2,,3,432.900,432.911,11.2,2,0,delivered
4666,telemetry,UAV-3,,3,433.000,433.011,11.2,2,0,delivered
4667,telemetry,UAV-6,,3,433.000,433.006,5.6,1,0,delivered
4668,telemetry,UAV-4,,3,433.200,433.211,11.2,2,0,delivered
4669,telemetry,UAV-2,,3,433.400,433.411,11.2,2,0,delivered
4670,telemetry,UAV-3,,3,433.500,433.511,11.2,2,0,delivered
4671,telemetry,UAV-6,,3,433.500,433.506,5.6,1,0,delivered
4672,telemetry,UAV-4,,3,433.700,433.711,11.2,2,0,delivered
4673,telemetry,UAV-2,,3,433.900,433.911,11.2,2,0,delivered
4674,telemetry,UAV-3,,3,434.000,434.011,11.2,2,0,delivered
4675,telemetry,UAV-6,,3,434.000,434.006,5.6,1,0,delivered
4676,telemetry,UAV-4,,3,434.200,434.211,11.2,2,0,delivered
4677,telemetry,UAV-2,,3,434.400,434.411,11.2,2,0,delivered
4678,telemetry,UAV-3,,3,434.500,434.511,11.2,2,0,delivered
4679,telemetry,UAV-6,,3,434.500,434.506,5.6,1,0,delivered
4680,telemetry,UAV-4,,3,434.700,434.711,11.2,2,0,delivered
4681,telemetry,UAV-2,,3,434.900,434.911,11.2,2,0,delivered
4682,telemetry,UAV-3,,3,435.000,435.011,11.2,2,0,delivered
4683,telemetry,UAV-6,,3,435.000,435.006,5.6,1,0,delivered
4684,telemetry,UAV-4,,3,435.200,435.211,11.2,2,0,delivered
4685,telemetry,UAV-2,,3,435.400,435.411,11.2,2,0,delivered
4686,telemetry,UAV-3,,3,435.500,435.511,11.2,2,0,delivered
4687,telemetry,UAV-6,,3,435.500,435.506,5.6,1,0,delivered
4688,telemetry,UAV-4,,3,435.700,435.711,11.2,2,0,delivered
4689,telemetry,UAV-2,,3,435.900,435.911,11.2,2,0,delivered
4690,telemetry,UAV-3,,3,436.000,436.011,11.2,2,0,delivered
4691,telemetry,UAV-6,,3,436.000,436.006,5.6,1,0,delivered
4692,telemetry,UAV-4,,3,436.200,436.211,11.2,2,0,delivered
4693,telemetry,UAV-2,,3,436.400,436.411,11.2,2,0,delivered
4694,telemetry,UAV-3,,3,436.500,436.511,11.2,2,0,delivered
4695,telemetry,UAV-6,,3,436.500,436.506,5.6,1,0,delivered
4696,telemetry,UAV-4,,3,436.700,436.711,11.2,2,0,delivered
4697,telemetry,UAV-2,,3,436.900,436.911,11.2,2,0,delivered
4698,telemetry,UAV-3,,3,437.000,437.011,11.2,2,0,delivered
4699,telemetry,UAV-6,,3,437.000,437.006,5.6,1,0,delivered
4700,telemetry,UAV-4,,3,437.200,437.211,11.2,2,0,delivered
4701,telemetry,UAV-2,,3,437.400,437.411,11.2,2,0,delivered
4702,telemetry,UAV-3,,3,437.500,437.511,11.2,2,0,delivered
4703,telemetry,UAV-6,,3,437.500,437.506,5.6,1,0,delivered
4704,telemetry,UAV-4,,3,437.700,437.711,11.2,2,0,delivered
4705,telemetry,UAV-2,,3,437.900,437.911,11.2,2,0,delivered
4706,telemetry,UAV-3,,3,438.000,438.011,11.2,2,0,delivered
4707,telemetry,UAV-6,,3,438.000,438.006,5.6,1,0,delivered
4708,telemetry,UAV-4,,3,438.200,438.211,11.2,2,0,delivered
4709,telemetry,UAV-2,,3,438.400,438.411,11.2,2,0,delivered
4710,telemetry,UAV-3,,3,438.500,438.511,11.2,2,0,delivered
4711,telemetry,UAV-6,,3,438.500,438.506,5.6,1,0,delivered
4712,telemetry,UAV-4,,3,438.700,438.711,11.2,2,0,delivered
4713,telemetry,UAV-2,,3,438.900,438.911,11.2,2,0,delivered
4714,telemetry,UAV-3,,3,439.000,439.011,11.2,2,0,delivered
4715,telemetry,UAV-6,,3,439.000,439.006,5.6,1,0,delivered
4716,telemetry,UAV-4,,3,439.200,439.211,11.2,2,0,delivered
4717,telemetry,UAV-2,,3,439.400,439.417,17.3,2,1,delivered
4718,telemetry,UAV-3,,3,439.500,439.511,11.2,2,0,delivered
4719,telemetry,UAV-6,,3,439.500,439.506,5.6,1,0,delivered
4720,telemetry,UAV-4,,3,439.700,439.706,5.6,1,0,delivered
4721,telemetry,UAV-2,,3,439.900,439.911,11.2,2,0,delivered
4722,telemetry,UAV-3,,3,440.000,440.011,11.2,2,0,delivered
4723,telemetry,UAV-6,,3,440.000,440.006,5.6,1,0,delivered
4724,telemetry,UAV-4,,3,440.200,440.206,5.6,1,0,delivered
4725,telemetry,UAV-2,,3,440.400,440.411,11.2,2,0,delivered
4726,telemetry,UAV-3,,3,440.500,440.511,11.2,2,0,delivered
4727,telemetry,UAV-6,,3,440.500,440.506,5.6,1,0,delivered
4728,telemetry,UAV-4,,3,440.700,440.706,5.6,1,0,delivered
4729,telemetry,UAV-2,,3,440.900,440.911,11.2,2,0,delivered
4730,telemetry,UAV-3,,3,441.000,441.011,11.2,2,0,delivered
4731,telemetry,UAV-6,,3,441.000,441.006,5.6,1,0,delivered
4732,telemetry,UAV-4,,3,441.200,441.206,5.6,1,0,delivered
4733,telemetry,UAV-2,,3,441.400,441.411,11.2,2,0,delivered
4734,telemetry,UAV-3,,3,441.500,441.511,11.2,2,0,delivered
4735,telemetry,UAV-6,,3,441.500,441.506,5.6,1,0,delivered
4736,telemetry,UAV-4,,3,441.700,441.706,5.6,1,0,delivered
4737,telemetry,UAV-2,,3,441.900,441.911,11.2,2,0,delivered
4738,telemetry,UAV-3,,3,442.000,442.011,11.2,2,0,delivered
4739,telemetry,UAV-6,,3,442.000,442.006,5.6,1,0,delivered
4740,telemetry,UAV-4,,3,442.200,442.206,5.6,1,0,delivered
4741,telemetry,UAV-2,,3,442.400,442.411,11.2,2,0,delivered
4742,telemetry,UAV-3,,3,442.500,442.511,11.2,2,0,delivered
4743,telemetry,UAV-6,,3,442.500,442.506,5.6,1,0,delivered
4744,telemetry,UAV-4,,3,442.700,442.706,5.6,1,0,delivered
4745,telemetry,UAV-2,,3,442.900,442.911,11.2,2,0,delivered
4746,telemetry,UAV-3,,3,443.000,443.011,11.2,2,0,delivered
4747,telemetry,UAV-6,,3,443.000,443.006,5.6,1,0,delivered
4748,telemetry,UAV-4,,3,443.200,443.206,5.6,1,0,delivered
4749,telemetry,UAV-2,,3,443.400,443.411,11.2,2,0,delivered
4750,telemetry,UAV-3,,3,443.500,443.511,11.2,2,0,delivered
4751,telemetry,UAV-6,,3,443.500,443.506,5.6,1,0,delivered
4752,telemetry,UAV-4,,3,443.700,443.706,5.6,1,0,delivered
4753,telemetry,UAV-2,,3,443.900,443.911,11.2,2,0,delivered
4754,telemetry,UAV-3,,3,444.000,444.011,11.2,2,0,delivered
4755,telemetry,UAV-6,,3,444.000,444.006,5.6,1,0,delivered
4756,telemetry,UAV-4,,3,444.200,444.206,5.6,1,0,delivered
4757,telemetry,UAV-2,,3,444.400,444.411,11.2,2,0,delivered
4758,telemetry,UAV-3,,3,444.500,444.511,11.2,2,0,delivered
4759,telemetry,UAV-6,,3,444.500,444.506,5.6,1,0,delivered
4760,telemetry,UAV-4,,3,444.700,444.706,5.6,1,0,delivered
4761,telemetry,UAV-2,,3,444.900,444.911,11.2,2,0,delivered
4762,telemetry,UAV-3,,3,445.000,445.011,11.2,2,0,delivered
4763,telemetry,UAV-6,,3,445.000,445.006,5.6,1,0,delivered
4764,telemetry,UAV-4,,3,445.200,445.206,5.6,1,0,delivered
4765,telemetry,UAV-2,,3,445.400,445.411,11.2,2,0,delivered
4766,telemetry,UAV-3,,3,445.500,445.511,11.2,2,0,delivered
4767,telemetry,UAV-6,,3,445.500,445.506,5.6,1,0,delivered
4768,telemetry,UAV-4,,3,445.700,445.706,5.6,1,0,delivered
4769,telemetry,UAV-2,,3,445.900,445.911,11.2,2,0,delivered
4770,telemetry,UAV-3,,3,446.000,446.011,11.2,2,0,delivered
4771,telemetry,UAV-6,,3,446.000,446.006,5.6,1,0,delivered
4772,telemetry,UAV-4,,3,446.200,446.206,5.6,1,0,delivered
4773,telemetry,UAV-2,,3,446.400,446.411,11.2,2,0,delivered
4774,telemetry,UAV-3,,3,446.500,446.511,11.2,2,0,delivered
4775,telemetry,UAV-6,,3,446.500,446.506,5.6,1,0,delivered
4776,telemetry,UAV-4,,3,446.700,446.706,5.6,1,0,delivered
4777,telemetry,UAV-2,,3,446.900,446.911,11.2,2,0,delivered
4778,telemetry,UAV-3,,3,447.000,447.011,11.2,2,0,delivered
4779,telemetry,UAV-6,,3,447.000,447.006,5.6,1,0,delivered
4780,telemetry,UAV-4,,3,447.200,447.206,5.6,1,0,delivered
4781,telemetry,UAV-2,,3,447.400,447.411,11.2,2,0,delivered
4782,telemetry,UAV-3,,3,447.500,447.511,11.2,2,0,delivered
4783,telemetry,UAV-6,,3,447.500,447.506,5.6,1,0,delivered
4784,telemetry,UAV-4,,3,447.700,447.706,5.6,1,0,delivered
4785,telemetry,UAV-2,,3,447.900,447.911,11.2,2,0,delivered
4786,telemetry,UAV-3,,3,448.000,448.011,11.2,2,0,delivered
4787,telemetry,UAV-6,,3,448.000,448.006,5.6,1,0,delivered
4788,telemetry,UAV-4,,3,448.200,448.206,5.6,1,0,delivered
4789,telemetry,UAV-2,,3,448.400,448.411,11.2,2,0,delivered
4790,telemetry,UAV-3,,3,448.500,448.506,5.6,1,0,delivered
4791,telemetry,UAV-6,,3,448.500,448.506,5.6,1,0,delivered
4792,telemetry,UAV-4,,3,448.700,448.706,5.6,1,0,delivered
4793,telemetry,UAV-2,,3,448.900,448.911,11.2,2,0,delivered
4794,telemetry,UAV-3,,3,449.000,449.011,11.2,2,0,delivered
4795,telemetry,UAV-6,,3,449.000,449.011,11.2,2,0,delivered
4796,telemetry,UAV-4,,3,449.200,449.206,5.6,1,0,delivered
4797,telemetry,UAV-2,,3,449.400,449.411,11.2,2,0,delivered
4798,telemetry,UAV-3,,3,449.500,449.511,11.2,2,0,delivered
4799,telemetry,UAV-6,,3,449.500,449.506,5.6,1,0,delivered
4800,telemetry,UAV-4,,3,449.700,449.706,5.6,1,0,delivered
4801,telemetry,UAV-2,,3,449.900,449.911,11.2,2,0,delivered
4802,telemetry,UAV-3,,3,450.000,450.006,5.6,1,0,delivered
4803,telemetry,UAV-6,,3,450.000,450.006,5.6,1,0,delivered
4804,telemetry,UAV-4,,3,450.200,,,0,3,hop UAV-4->GCS failed
4805,telemetry,UAV-2,,3,450.400,,,1,3,hop UAV-4->GCS failed
4806,telemetry,UAV-3,,3,450.500,450.511,11.2,2,0,delivered
4807,telemetry,UAV-6,,3,450.500,450.506,5.6,1,0,delivered
4808,telemetry,UAV-4,,3,450.700,450.711,11.2,2,0,delivered
4809,telemetry,UAV-2,,3,450.900,450.911,11.2,2,0,delivered
4810,telemetry,UAV-3,,3,451.000,451.011,11.2,2,0,delivered
4811,telemetry,UAV-6,,3,451.000,451.006,5.6,1,0,delivered
4812,telemetry,UAV-4,,3,451.200,451.211,11.2,2,0,delivered
4813,telemetry,UAV-2,,3,451.400,451.411,11.2,2,0,delivered
4814,telemetry,UAV-3,,3,451.500,451.511,11.2,2,0,delivered
4815,telemetry,UAV-6,,3,451.500,451.506,5.6,1,0,delivered
4816,telemetry,UAV-4,,3,451.700,451.711,11.2,2,0,delivered
4817,telemetry,UAV-2,,3,451.900,451.911,11.2,2,0,delivered
4818,telemetry,UAV-3,,3,452.000,452.006,5.6,1,0,delivered
4819,telemetry,UAV-6,,3,452.000,452.006,5.6,1,0,delivered
4820,telemetry,UAV-4,,3,452.200,452.211,11.2,2,0,delivered
4821,telemetry,UAV-2,,3,452.400,452.411,11.2,2,0,delivered
4822,telemetry,UAV-3,,3,452.500,452.506,5.6,1,0,delivered
4823,telemetry,UAV-6,,3,452.500,452.506,5.6,1,0,delivered
4824,telemetry,UAV-4,,3,452.700,452.711,11.2,2,0,delivered
4825,telemetry,UAV-2,,3,452.900,452.911,11.2,2,0,delivered
4826,telemetry,UAV-3,,3,453.000,453.011,11.2,2,0,delivered
4827,telemetry,UAV-6,,3,453.000,453.006,5.6,1,0,delivered
4828,telemetry,UAV-4,,3,453.200,453.211,11.2,2,0,delivered
4829,telemetry,UAV-2,,3,453.400,453.411,11.2,2,0,delivered
4830,telemetry,UAV-3,,3,453.500,453.506,5.6,1,0,delivered
4831,telemetry,UAV-6,,3,453.500,453.506,5.6,1,0,delivered
4832,telemetry,UAV-4,,3,453.700,453.711,11.2,2,0,delivered
4833,telemetry,UAV-2,,3,453.900,453.911,11.2,2,0,delivered
4834,telemetry,UAV-3,,3,454.000,454.011,11.2,2,0,delivered
4835,telemetry,UAV-6,,3,454.000,454.006,5.6,1,0,delivered
4836,telemetry,UAV-4,,3,454.200,454.211,11.2,2,0,delivered
4837,telemetry,UAV-2,,3,454.400,454.411,11.2,2,0,delivered
4838,telemetry,UAV-3,,3,454.500,454.511,11.2,2,0,delivered
4839,telemetry,UAV-6,,3,454.500,454.506,5.6,1,0,delivered
4840,telemetry,UAV-4,,3,454.700,454.717,17.3,2,1,delivered
4841,telemetry,UAV-2,,3,454.900,454.911,11.2,2,0,delivered
4842,telemetry,UAV-3,,3,455.000,455.006,5.6,1,0,delivered
4843,telemetry,UAV-6,,3,455.000,455.006,5.6,1,0,delivered
4844,telemetry,UAV-4,,3,455.200,455.206,5.6,1,0,delivered
4845,telemetry,UAV-2,,3,455.400,455.411,11.2,2,0,delivered
4846,telemetry,UAV-3,,3,455.500,455.506,5.6,1,0,delivered
4847,telemetry,UAV-6,,3,455.500,455.506,5.6,1,0,delivered
4848,telemetry,UAV-4,,3,455.700,455.706,5.6,1,0,delivered
4849,telemetry,UAV-2,,3,455.900,455.911,11.2,2,0,delivered
4850,telemetry,UAV-3,,3,456.000,456.006,5.6,1,0,delivered
4851,telemetry,UAV-6,,3,456.000,456.006,5.6,1,0,delivered
4852,telemetry,UAV-4,,3,456.200,456.206,5.6,1,0,delivered
4853,telemetry,UAV-2,,3,456.400,456.411,11.2,2,0,delivered
4854,telemetry,UAV-3,,3,456.500,456.506,5.6,1,0,delivered
4855,telemetry,UAV-6,,3,456.500,456.506,5.6,1,0,delivered
4856,telemetry,UAV-4,,3,456.700,456.706,5.6,1,0,delivered
4857,telemetry,UAV-2,,3,456.900,456.911,11.2,2,0,delivered
4858,telemetry,UAV-3,,3,457.000,457.011,11.2,2,0,delivered
4859,telemetry,UAV-6,,3,457.000,457.006,5.6,1,0,delivered
4860,telemetry,UAV-4,,3,457.200,457.206,5.6,1,0,delivered
4861,telemetry,UAV-2,,3,457.400,457.411,11.2,2,0,delivered
4862,telemetry,UAV-3,,3,457.500,457.511,11.2,2,0,delivered
4863,telemetry,UAV-6,,3,457.500,457.506,5.6,1,0,delivered
4864,telemetry,UAV-4,,3,457.700,457.706,5.6,1,0,delivered
4865,telemetry,UAV-2,,3,457.900,457.911,11.2,2,0,delivered
4866,telemetry,UAV-3,,3,458.000,458.011,11.2,2,0,delivered
4867,telemetry,UAV-6,,3,458.000,458.006,5.6,1,0,delivered
4868,telemetry,UAV-4,,3,458.200,458.206,5.6,1,0,delivered
4869,telemetry,UAV-2,,3,458.400,458.411,11.2,2,0,delivered
4870,telemetry,UAV-3,,3,458.500,458.511,11.2,2,0,delivered
4871,telemetry,UAV-6,,3,458.500,458.506,5.6,1,0,delivered
4872,telemetry,UAV-4,,3,458.700,458.706,5.6,1,0,delivered
4873,telemetry,UAV-2,,3,458.900,458.911,11.2,2,0,delivered
4874,telemetry,UAV-3,,3,459.000,459.011,11.2,2,0,delivered
4875,telemetry,UAV-6,,3,459.000,459.006,5.6,1,0,delivered
4876,telemetry,UAV-4,,3,459.200,459.206,5.6,1,0,delivered
4877,telemetry,UAV-2,,3,459.400,459.411,11.2,2,0,delivered
4878,telemetry,UAV-3,,3,459.500,459.511,11.2,2,0,delivered
4879,telemetry,UAV-6,,3,459.500,459.506,5.6,1,0,delivered
4880,telemetry,UAV-4,,3,459.700,459.706,5.6,1,0,delivered
4881,telemetry,UAV-2,,3,459.900,459.911,11.2,2,0,delivered
4882,telemetry,UAV-3,,3,460.000,460.011,11.2,2,0,delivered
4883,telemetry,UAV-6,,3,460.000,460.006,5.6,1,0,delivered
4884,telemetry,UAV-4,,3,460.200,460.206,5.6,1,0,delivered
4885,telemetry,UAV-2,,3,460.400,460.411,11.2,2,0,delivered
4886,telemetry,UAV-3,,3,460.500,460.506,5.6,1,0,delivered
4887,telemetry,UAV-6,,3,460.500,460.506,5.6,1,0,delivered
4888,telemetry,UAV-4,,3,460.700,460.706,5.6,1,0,delivered
4889,telemetry,UAV-2,,3,460.900,460.917,17.3,2,1,delivered
4890,telemetry,UAV-3,,3,461.000,461.006,5.6,1,0,delivered
4891,telemetry,UAV-6,,3,461.000,461.006,5.6,1,0,delivered
4892,telemetry,UAV-4,,3,461.200,461.206,5.6,1,0,delivered
4893,telemetry,UAV-2,,3,461.400,461.411,11.2,2,0,delivered
4894,telemetry,UAV-3,,3,461.500,461.506,5.6,1,0,delivered
4895,telemetry,UAV-6,,3,461.500,461.506,5.6,1,0,delivered
4896,telemetry,UAV-4,,3,461.700,461.706,5.6,1,0,delivered
4897,telemetry,UAV-2,,3,461.900,461.911,11.2,2,0,delivered
4898,telemetry,UAV-3,,3,462.000,462.006,5.6,1,0,delivered
4899,telemetry,UAV-6,,3,462.000,462.006,5.6,1,0,delivered
4900,telemetry,UAV-4,,3,462.200,462.206,5.6,1,0,delivered
4901,telemetry,UAV-2,,3,462.400,462.406,5.6,1,0,delivered
4902,telemetry,UAV-3,,3,462.500,462.506,5.6,1,0,delivered
4903,telemetry,UAV-6,,3,462.500,462.506,5.6,1,0,delivered
4904,telemetry,UAV-4,,3,462.700,462.706,5.6,1,0,delivered
4905,telemetry,UAV-2,,3,462.900,462.906,5.6,1,0,delivered
4906,telemetry,UAV-3,,3,463.000,463.006,5.6,1,0,delivered
4907,telemetry,UAV-6,,3,463.000,463.006,5.6,1,0,delivered
4908,telemetry,UAV-4,,3,463.200,463.206,5.6,1,0,delivered
4909,telemetry,UAV-2,,3,463.400,463.411,11.2,2,0,delivered
4910,telemetry,UAV-3,,3,463.500,463.506,5.6,1,0,delivered
4911,telemetry,UAV-6,,3,463.500,463.506,5.6,1,0,delivered
4912,telemetry,UAV-4,,3,463.700,463.706,5.6,1,0,delivered
4913,telemetry,UAV-2,,3,463.900,463.911,11.2,2,0,delivered
4914,telemetry,UAV-3,,3,464.000,464.006,5.6,1,0,delivered
4915,telemetry,UAV-6,,3,464.000,464.006,5.6,1,0,delivered
4916,telemetry,UAV-4,,3,464.200,464.206,5.6,1,0,delivered
4917,telemetry,UAV-2,,3,464.400,464.406,5.6,1,0,delivered
4918,telemetry,UAV-3,,3,464.500,464.506,5.6,1,0,delivered
4919,telemetry,UAV-6,,3,464.500,464.511,11.2,2,0,delivered
4920,telemetry,UAV-4,,3,464.700,464.706,5.6,1,0,delivered
4921,telemetry,UAV-2,,3,464.900,464.906,5.6,1,0,delivered
4922,telemetry,UAV-3,,3,465.000,465.006,5.6,1,0,delivered
4923,telemetry,UAV-6,,3,465.000,465.006,5.6,1,0,delivered
4924,telemetry,UAV-4,,3,465.200,465.206,5.6,1,0,delivered
4925,telemetry,UAV-2,,3,465.400,465.406,5.6,1,0,delivered
4926,telemetry,UAV-3,,3,465.500,465.506,5.6,1,0,delivered
4927,telemetry,UAV-6,,3,465.500,465.506,5.6,1,0,delivered
4928,telemetry,UAV-4,,3,465.700,465.706,5.6,1,0,delivered
4929,telemetry,UAV-2,,3,465.900,465.906,5.6,1,0,delivered
4930,telemetry,UAV-3,,3,466.000,466.006,5.6,1,0,delivered
4931,telemetry,UAV-6,,3,466.000,466.006,5.6,1,0,delivered
4932,telemetry,UAV-4,,3,466.200,466.206,5.6,1,0,delivered
4933,telemetry,UAV-2,,3,466.400,466.406,5.6,1,0,delivered
4934,telemetry,UAV-3,,3,466.500,466.506,5.6,1,0,delivered
4935,telemetry,UAV-6,,3,466.500,466.506,5.6,1,0,delivered
4936,telemetry,UAV-4,,3,466.700,466.706,5.6,1,0,delivered
4937,telemetry,UAV-2,,3,466.900,466.912,11.7,1,1,delivered
4938,telemetry,UAV-3,,3,467.000,467.006,5.6,1,0,delivered
4939,telemetry,UAV-6,,3,467.000,467.006,5.6,1,0,delivered
4940,telemetry,UAV-4,,3,467.200,467.206,5.6,1,0,delivered
4941,telemetry,UAV-2,,3,467.400,467.406,5.6,1,0,delivered
4942,telemetry,UAV-3,,3,467.500,467.506,5.6,1,0,delivered
4943,telemetry,UAV-6,,3,467.500,467.506,5.6,1,0,delivered
4944,telemetry,UAV-4,,3,467.700,467.706,5.6,1,0,delivered
4945,telemetry,UAV-2,,3,467.900,467.906,5.6,1,0,delivered
4946,telemetry,UAV-3,,3,468.000,468.006,5.6,1,0,delivered
4947,telemetry,UAV-6,,3,468.000,468.006,5.6,1,0,delivered
4948,telemetry,UAV-4,,3,468.200,468.206,5.6,1,0,delivered
4949,telemetry,UAV-2,,3,468.400,468.406,5.6,1,0,delivered
4950,telemetry,UAV-3,,3,468.500,468.506,5.6,1,0,delivered
4951,telemetry,UAV-6,,3,468.500,468.506,5.6,1,0,delivered
4952,telemetry,UAV-4,,3,468.700,468.706,5.6,1,0,delivered
4953,telemetry,UAV-2,,3,468.900,468.906,5.6,1,0,delivered
4954,telemetry,UAV-3,,3,469.000,469.006,5.6,1,0,delivered
4955,telemetry,UAV-6,,3,469.000,469.006,5.6,1,0,delivered
4956,telemetry,UAV-4,,3,469.200,469.206,5.6,1,0,delivered
4957,telemetry,UAV-2,,3,469.400,469.406,5.6,1,0,delivered
4958,telemetry,UAV-3,,3,469.500,469.506,5.6,1,0,delivered
4959,telemetry,UAV-6,,3,469.500,469.506,5.6,1,0,delivered
4960,telemetry,UAV-4,,3,469.700,469.706,5.6,1,0,delivered
4961,telemetry,UAV-2,,3,469.900,469.906,5.6,1,0,delivered
4962,telemetry,UAV-3,,3,470.000,470.006,5.6,1,0,delivered
4963,telemetry,UAV-6,,3,470.000,470.006,5.6,1,0,delivered
4964,telemetry,UAV-4,,3,470.200,470.206,5.6,1,0,delivered
4965,telemetry,UAV-2,,3,470.400,470.406,5.6,1,0,delivered
4966,telemetry,UAV-3,,3,470.500,470.506,5.6,1,0,delivered
4967,telemetry,UAV-6,,3,470.500,470.506,5.6,1,0,delivered
4968,telemetry,UAV-4,,3,470.700,470.706,5.6,1,0,delivered
4969,telemetry,UAV-2,,3,470.900,470.906,5.6,1,0,delivered
4970,telemetry,UAV-3,,3,471.000,471.006,5.6,1,0,delivered
4971,telemetry,UAV-6,,3,471.000,471.006,5.6,1,0,delivered
4972,telemetry,UAV-4,,3,471.200,471.206,5.6,1,0,delivered
4973,telemetry,UAV-2,,3,471.400,471.406,5.6,1,0,delivered
4974,telemetry,UAV-3,,3,471.500,471.506,5.6,1,0,delivered
4975,telemetry,UAV-6,,3,471.500,471.506,5.6,1,0,delivered
4976,telemetry,UAV-4,,3,471.700,471.706,5.6,1,0,delivered
4977,telemetry,UAV-2,,3,471.900,471.906,5.6,1,0,delivered
4978,telemetry,UAV-3,,3,472.000,472.006,5.6,1,0,delivered
4979,telemetry,UAV-6,,3,472.000,472.006,5.6,1,0,delivered
4980,telemetry,UAV-4,,3,472.200,472.206,5.6,1,0,delivered
4981,telemetry,UAV-2,,3,472.400,472.406,5.6,1,0,delivered
4982,telemetry,UAV-3,,3,472.500,472.506,5.6,1,0,delivered
4983,telemetry,UAV-6,,3,472.500,472.506,5.6,1,0,delivered
4984,telemetry,UAV-4,,3,472.700,472.706,5.6,1,0,delivered
4985,telemetry,UAV-2,,3,472.900,472.906,5.6,1,0,delivered
4986,telemetry,UAV-3,,3,473.000,473.006,5.6,1,0,delivered
4987,telemetry,UAV-6,,3,473.000,473.006,5.6,1,0,delivered
4988,telemetry,UAV-4,,3,473.200,473.206,5.6,1,0,delivered
4989,telemetry,UAV-2,,3,473.400,473.406,5.6,1,0,delivered
4990,telemetry,UAV-3,,3,473.500,473.506,5.6,1,0,delivered
4991,telemetry,UAV-6,,3,473.500,473.506,5.6,1,0,delivered
4992,telemetry,UAV-4,,3,473.700,473.706,5.6,1,0,delivered
4993,telemetry,UAV-2,,3,473.900,473.906,5.6,1,0,delivered
4994,telemetry,UAV-3,,3,474.000,474.006,5.6,1,0,delivered
4995,telemetry,UAV-6,,3,474.000,474.006,5.6,1,0,delivered
4996,telemetry,UAV-4,,3,474.200,474.206,5.6,1,0,delivered
4997,telemetry,UAV-2,,3,474.400,474.406,5.6,1,0,delivered
4998,telemetry,UAV-3,,3,474.500,474.506,5.6,1,0,delivered
4999,telemetry,UAV-6,,3,474.500,474.506,5.6,1,0,delivered
5000,telemetry,UAV-4,,3,474.700,474.706,5.6,1,0,delivered
5001,telemetry,UAV-2,,3,474.900,474.906,5.6,1,0,delivered
5002,telemetry,UAV-3,,3,475.000,475.006,5.6,1,0,delivered
5003,telemetry,UAV-6,,3,475.000,475.006,5.6,1,0,delivered
5004,telemetry,UAV-4,,3,475.200,475.206,5.6,1,0,delivered
5005,telemetry,UAV-2,,3,475.400,475.406,5.6,1,0,delivered
5006,telemetry,UAV-3,,3,475.500,475.506,5.6,1,0,delivered
5007,telemetry,UAV-6,,3,475.500,475.506,5.6,1,0,delivered
5008,telemetry,UAV-4,,3,475.700,475.706,5.6,1,0,delivered
5009,telemetry,UAV-2,,3,475.900,475.906,5.6,1,0,delivered
5010,telemetry,UAV-3,,3,476.000,476.006,5.6,1,0,delivered
5011,telemetry,UAV-6,,3,476.000,476.006,5.6,1,0,delivered
5012,telemetry,UAV-4,,3,476.200,476.206,5.6,1,0,delivered
5013,telemetry,UAV-2,,3,476.400,476.406,5.6,1,0,delivered
5014,telemetry,UAV-3,,3,476.500,476.506,5.6,1,0,delivered
5015,telemetry,UAV-6,,3,476.500,476.506,5.6,1,0,delivered
5016,telemetry,UAV-4,,3,476.700,476.706,5.6,1,0,delivered
5017,telemetry,UAV-2,,3,476.900,476.906,5.6,1,0,delivered
5018,telemetry,UAV-3,,3,477.000,477.006,5.6,1,0,delivered
5019,telemetry,UAV-6,,3,477.000,477.006,5.6,1,0,delivered
5020,telemetry,UAV-4,,3,477.200,477.206,5.6,1,0,delivered
5021,telemetry,UAV-2,,3,477.400,477.406,5.6,1,0,delivered
5022,telemetry,UAV-3,,3,477.500,477.506,5.6,1,0,delivered
5023,telemetry,UAV-6,,3,477.500,477.506,5.6,1,0,delivered
5024,telemetry,UAV-4,,3,477.700,477.706,5.6,1,0,delivered
5025,telemetry,UAV-2,,3,477.900,477.906,5.6,1,0,delivered
5026,telemetry,UAV-3,,3,478.000,478.006,5.6,1,0,delivered
5027,telemetry,UAV-6,,3,478.000,478.006,5.6,1,0,delivered
5028,telemetry,UAV-4,,3,478.200,478.206,5.6,1,0,delivered
5029,telemetry,UAV-2,,3,478.400,478.406,5.6,1,0,delivered
5030,telemetry,UAV-3,,3,478.500,478.506,5.6,1,0,delivered
5031,telemetry,UAV-6,,3,478.500,478.506,5.6,1,0,delivered
5032,telemetry,UAV-4,,3,478.700,478.706,5.6,1,0,delivered
5033,telemetry,UAV-2,,3,478.900,478.906,5.6,1,0,delivered
5034,telemetry,UAV-3,,3,479.000,479.006,5.6,1,0,delivered
5035,telemetry,UAV-6,,3,479.000,479.006,5.6,1,0,delivered
5036,telemetry,UAV-4,,3,479.200,479.206,5.6,1,0,delivered
5037,telemetry,UAV-2,,3,479.400,479.406,5.6,1,0,delivered
5038,telemetry,UAV-3,,3,479.500,479.506,5.6,1,0,delivered
5039,telemetry,UAV-6,,3,479.500,479.506,5.6,1,0,delivered
5040,telemetry,UAV-4,,3,479.700,479.706,5.6,1,0,delivered
5041,telemetry,UAV-2,,3,479.900,479.906,5.6,1,0,delivered
5042,telemetry,UAV-3,,3,480.000,480.006,5.6,1,0,delivered
5043,telemetry,UAV-6,,3,480.000,480.006,5.6,1,0,delivered
5044,telemetry,UAV-4,,3,480.200,480.206,5.6,1,0,delivered
5045,telemetry,UAV-2,,3,480.400,480.406,5.6,1,0,delivered
5046,telemetry,UAV-3,,3,480.500,480.506,5.6,1,0,delivered
5047,telemetry,UAV-6,,3,480.500,480.506,5.6,1,0,delivered
5048,telemetry,UAV-4,,3,480.700,480.706,5.6,1,0,delivered
5049,telemetry,UAV-2,,3,480.900,480.906,5.6,1,0,delivered
5050,telemetry,UAV-3,,3,481.000,481.006,5.6,1,0,delivered
5051,telemetry,UAV-6,,3,481.000,481.006,5.6,1,0,delivered
5052,telemetry,UAV-4,,3,481.200,481.206,5.6,1,0,delivered
5053,telemetry,UAV-2,,3,481.400,481.406,5.6,1,0,delivered
5054,telemetry,UAV-3,,3,481.500,481.506,5.6,1,0,delivered
5055,telemetry,UAV-6,,3,481.500,481.506,5.6,1,0,delivered
5056,telemetry,UAV-4,,3,481.700,481.706,5.6,1,0,delivered
5057,telemetry,UAV-2,,3,481.900,481.906,5.6,1,0,delivered
5058,telemetry,UAV-3,,3,482.000,482.006,5.6,1,0,delivered
5059,telemetry,UAV-6,,3,482.000,482.006,5.6,1,0,delivered
5060,telemetry,UAV-4,,3,482.200,482.206,5.6,1,0,delivered
5061,telemetry,UAV-2,,3,482.400,482.406,5.6,1,0,delivered
5062,telemetry,UAV-3,,3,482.500,482.506,5.6,1,0,delivered
5063,telemetry,UAV-6,,3,482.500,482.506,5.6,1,0,delivered
5064,telemetry,UAV-4,,3,482.700,482.706,5.6,1,0,delivered
5065,telemetry,UAV-2,,3,482.900,482.906,5.6,1,0,delivered
5066,telemetry,UAV-3,,3,483.000,483.006,5.6,1,0,delivered
5067,telemetry,UAV-6,,3,483.000,483.006,5.6,1,0,delivered
5068,telemetry,UAV-4,,3,483.200,483.206,5.6,1,0,delivered
5069,telemetry,UAV-2,,3,483.400,483.406,5.6,1,0,delivered
5070,telemetry,UAV-3,,3,483.500,483.512,11.7,1,1,delivered
5071,telemetry,UAV-6,,3,483.500,483.506,5.6,1,0,delivered
5072,telemetry,UAV-4,,3,483.700,483.706,5.6,1,0,delivered
5073,telemetry,UAV-2,,3,483.900,483.906,5.6,1,0,delivered
5074,telemetry,UAV-3,,3,484.000,484.006,5.6,1,0,delivered
5075,telemetry,UAV-6,,3,484.000,484.006,5.6,1,0,delivered
5076,telemetry,UAV-4,,3,484.200,484.206,5.6,1,0,delivered
5077,telemetry,UAV-2,,3,484.400,484.406,5.6,1,0,delivered
5078,telemetry,UAV-3,,3,484.500,484.506,5.6,1,0,delivered
5079,telemetry,UAV-6,,3,484.500,484.506,5.6,1,0,delivered
5080,telemetry,UAV-4,,3,484.700,484.706,5.6,1,0,delivered
5081,telemetry,UAV-2,,3,484.900,484.906,5.6,1,0,delivered
5082,telemetry,UAV-3,,3,485.000,485.006,5.6,1,0,delivered
5083,telemetry,UAV-6,,3,485.000,485.006,5.6,1,0,delivered
5084,telemetry,UAV-4,,3,485.200,485.206,5.6,1,0,delivered
5085,telemetry,UAV-2,,3,485.400,485.406,5.6,1,0,delivered
5086,telemetry,UAV-3,,3,485.500,485.506,5.6,1,0,delivered
5087,telemetry,UAV-6,,3,485.500,485.506,5.6,1,0,delivered
5088,telemetry,UAV-4,,3,485.700,485.706,5.6,1,0,delivered
5089,telemetry,UAV-2,,3,485.900,485.906,5.6,1,0,delivered
5090,telemetry,UAV-3,,3,486.000,486.006,5.6,1,0,delivered
5091,telemetry,UAV-6,,3,486.000,486.006,5.6,1,0,delivered
5092,telemetry,UAV-4,,3,486.200,486.206,5.6,1,0,delivered
5093,telemetry,UAV-2,,3,486.400,486.406,5.6,1,0,delivered
5094,telemetry,UAV-3,,3,486.500,486.506,5.6,1,0,delivered
5095,telemetry,UAV-6,,3,486.500,486.506,5.6,1,0,delivered
5096,telemetry,UAV-4,,3,486.700,486.706,5.6,1,0,delivered
5097,telemetry,UAV-2,,3,486.900,486.906,5.6,1,0,delivered
5098,telemetry,UAV-3,,3,487.000,487.006,5.6,1,0,delivered
5099,telemetry,UAV-6,,3,487.000,487.006,5.6,1,0,delivered
5100,telemetry,UAV-4,,3,487.200,487.206,5.6,1,0,delivered
5101,telemetry,UAV-2,,3,487.400,487.406,5.6,1,0,delivered
5102,telemetry,UAV-3,,3,487.500,487.506,5.6,1,0,delivered
5103,telemetry,UAV-6,,3,487.500,487.506,5.6,1,0,delivered
5104,telemetry,UAV-4,,3,487.700,487.706,5.6,1,0,delivered
5105,telemetry,UAV-2,,3,487.900,487.906,5.6,1,0,delivered
5106,telemetry,UAV-3,,3,488.000,488.006,5.6,1,0,delivered
5107,telemetry,UAV-6,,3,488.000,488.006,5.6,1,0,delivered
5108,telemetry,UAV-4,,3,488.200,488.206,5.6,1,0,delivered
5109,telemetry,UAV-2,,3,488.400,488.406,5.6,1,0,delivered
5110,telemetry,UAV-3,,3,488.500,488.506,5.6,1,0,delivered
5111,telemetry,UAV-6,,3,488.500,488.506,5.6,1,0,delivered
5112,telemetry,UAV-4,,3,488.700,488.706,5.6,1,0,delivered
5113,telemetry,UAV-2,,3,488.900,488.906,5.6,1,0,delivered
5114,telemetry,UAV-3,,3,489.000,489.006,5.6,1,0,delivered
5115,telemetry,UAV-6,,3,489.000,489.006,5.6,1,0,delivered
5116,telemetry,UAV-4,,3,489.200,489.206,5.6,1,0,delivered
5117,telemetry,UAV-2,,3,489.400,489.406,5.6,1,0,delivered
5118,telemetry,UAV-3,,3,489.500,489.506,5.6,1,0,delivered
5119,telemetry,UAV-6,,3,489.500,489.506,5.6,1,0,delivered
5120,telemetry,UAV-4,,3,489.700,489.706,5.6,1,0,delivered
5121,telemetry,UAV-2,,3,489.900,489.906,5.6,1,0,delivered
5122,telemetry,UAV-3,,3,490.000,490.006,5.6,1,0,delivered
5123,telemetry,UAV-6,,3,490.000,490.006,5.6,1,0,delivered
5124,telemetry,UAV-4,,3,490.200,490.206,5.6,1,0,delivered
5125,telemetry,UAV-2,,3,490.400,490.406,5.6,1,0,delivered
5126,telemetry,UAV-3,,3,490.500,490.506,5.6,1,0,delivered
5127,telemetry,UAV-6,,3,490.500,490.506,5.6,1,0,delivered
5128,telemetry,UAV-4,,3,490.700,490.706,5.6,1,0,delivered
5129,telemetry,UAV-2,,3,490.900,490.906,5.6,1,0,delivered
5130,telemetry,UAV-3,,3,491.000,491.006,5.6,1,0,delivered
5131,telemetry,UAV-6,,3,491.000,491.006,5.6,1,0,delivered
5132,telemetry,UAV-4,,3,491.200,491.206,5.6,1,0,delivered
5133,telemetry,UAV-2,,3,491.400,491.406,5.6,1,0,delivered
5134,telemetry,UAV-3,,3,491.500,491.506,5.6,1,0,delivered
5135,telemetry,UAV-6,,3,491.500,491.506,5.6,1,0,delivered
5136,telemetry,UAV-4,,3,491.700,491.706,5.6,1,0,delivered
5137,telemetry,UAV-2,,3,491.900,491.906,5.6,1,0,delivered
5138,telemetry,UAV-3,,3,492.000,492.006,5.6,1,0,delivered
5139,telemetry,UAV-6,,3,492.000,492.006,5.6,1,0,delivered
5140,telemetry,UAV-4,,3,492.200,492.206,5.6,1,0,delivered
5141,telemetry,UAV-2,,3,492.400,492.406,5.6,1,0,delivered
5142,telemetry,UAV-3,,3,492.500,492.506,5.6,1,0,delivered
5143,telemetry,UAV-6,,3,492.500,492.506,5.6,1,0,delivered
5144,telemetry,UAV-4,,3,492.700,492.706,5.6,1,0,delivered
5145,telemetry,UAV-2,,3,492.900,492.906,5.6,1,0,delivered
5146,telemetry,UAV-3,,3,493.000,493.006,5.6,1,0,delivered
5147,telemetry,UAV-6,,3,493.000,493.006,5.6,1,0,delivered
5148,telemetry,UAV-4,,3,493.200,493.206,5.6,1,0,delivered
5149,telemetry,UAV-2,,3,493.400,493.406,5.6,1,0,delivered
5150,telemetry,UAV-3,,3,493.500,493.506,5.6,1,0,delivered
5151,telemetry,UAV-6,,3,493.500,493.506,5.6,1,0,delivered
5152,telemetry,UAV-4,,3,493.700,493.706,5.6,1,0,delivered
5153,telemetry,UAV-2,,3,493.900,493.906,5.6,1,0,delivered
5154,telemetry,UAV-3,,3,494.000,494.006,5.6,1,0,delivered
5155,telemetry,UAV-6,,3,494.000,494.006,5.6,1,0,delivered
5156,telemetry,UAV-4,,3,494.200,494.206,5.6,1,0,delivered
5157,telemetry,UAV-2,,3,494.400,494.406,5.6,1,0,delivered
5158,telemetry,UAV-3,,3,494.500,494.506,5.6,1,0,delivered
5159,telemetry,UAV-6,,3,494.500,494.506,5.6,1,0,delivered
5160,telemetry,UAV-4,,3,494.700,494.706,5.6,1,0,delivered
5161,telemetry,UAV-2,,3,494.900,494.906,5.6,1,0,delivered
5162,telemetry,UAV-3,,3,495.000,495.006,5.6,1,0,delivered
5163,telemetry,UAV-6,,3,495.000,495.012,11.7,1,1,delivered
5164,telemetry,UAV-4,,3,495.200,495.206,5.6,1,0,delivered
5165,telemetry,UAV-2,,3,495.400,495.406,5.6,1,0,delivered
5166,telemetry,UAV-3,,3,495.500,495.506,5.6,1,0,delivered
5167,telemetry,UAV-6,,3,495.500,495.506,5.6,1,0,delivered
5168,telemetry,UAV-4,,3,495.700,495.706,5.6,1,0,delivered
5169,telemetry,UAV-2,,3,495.900,495.906,5.6,1,0,delivered
5170,telemetry,UAV-3,,3,496.000,496.006,5.6,1,0,delivered
5171,telemetry,UAV-6,,3,496.000,496.011,11.2,2,0,delivered
5172,telemetry,UAV-4,,3,496.200,496.206,5.6,1,0,delivered
5173,telemetry,UAV-2,,3,496.400,496.406,5.6,1,0,delivered
5174,telemetry,UAV-3,,3,496.500,496.506,5.6,1,0,delivered
5175,telemetry,UAV-6,,3,496.500,496.511,11.2,2,0,delivered
5176,telemetry,UAV-4,,3,496.700,496.706,5.6,1,0,delivered
5177,telemetry,UAV-2,,3,496.900,496.906,5.6,1,0,delivered
5178,telemetry,UAV-3,,3,497.000,497.006,5.6,1,0,delivered
5179,telemetry,UAV-6,,3,497.000,497.012,11.7,1,1,delivered
5180,telemetry,UAV-4,,3,497.200,497.206,5.6,1,0,delivered
5181,telemetry,UAV-2,,3,497.400,497.406,5.6,1,0,delivered
5182,telemetry,UAV-3,,3,497.500,497.506,5.6,1,0,delivered
5183,telemetry,UAV-6,,3,497.500,497.511,11.2,2,0,delivered
5184,telemetry,UAV-4,,3,497.700,497.706,5.6,1,0,delivered
5185,telemetry,UAV-2,,3,497.900,497.906,5.6,1,0,delivered
5186,telemetry,UAV-3,,3,498.000,498.006,5.6,1,0,delivered
5187,telemetry,UAV-6,,3,498.000,498.011,11.2,2,0,delivered
5188,telemetry,UAV-4,,3,498.200,498.206,5.6,1,0,delivered
5189,telemetry,UAV-2,,3,498.400,498.406,5.6,1,0,delivered
5190,telemetry,UAV-3,,3,498.500,498.506,5.6,1,0,delivered
5191,telemetry,UAV-6,,3,498.500,498.511,11.2,2,0,delivered
5192,telemetry,UAV-4,,3,498.700,498.706,5.6,1,0,delivered
5193,telemetry,UAV-2,,3,498.900,498.906,5.6,1,0,delivered
5194,telemetry,UAV-3,,3,499.000,499.006,5.6,1,0,delivered
5195,telemetry,UAV-6,,3,499.000,499.011,11.2,2,0,delivered
5196,telemetry,UAV-4,,3,499.200,499.206,5.6,1,0,delivered
5197,telemetry,UAV-2,,3,499.400,499.406,5.6,1,0,delivered
5198,telemetry,UAV-3,,3,499.500,499.506,5.6,1,0,delivered
5199,telemetry,UAV-6,,3,499.500,499.511,11.2,2,0,delivered
5200,telemetry,UAV-4,,3,499.700,499.706,5.6,1,0,delivered
5201,telemetry,UAV-2,,3,499.900,499.906,5.6,1,0,delivered
5202,telemetry,UAV-3,,3,500.000,500.006,5.6,1,0,delivered
5203,telemetry,UAV-6,,3,500.000,500.011,11.2,2,0,delivered
5204,telemetry,UAV-4,,3,500.200,500.206,5.6,1,0,delivered
5205,telemetry,UAV-2,,3,500.400,500.406,5.6,1,0,delivered
5206,telemetry,UAV-3,,3,500.500,500.506,5.6,1,0,delivered
5207,telemetry,UAV-6,,3,500.500,500.511,11.2,2,0,delivered
5208,telemetry,UAV-4,,3,500.700,500.706,5.6,1,0,delivered
5209,telemetry,UAV-2,,3,500.900,500.906,5.6,1,0,delivered
5210,telemetry,UAV-3,,3,501.000,501.006,5.6,1,0,delivered
5211,telemetry,UAV-6,,3,501.000,501.011,11.2,2,0,delivered
5212,telemetry,UAV-4,,3,501.200,501.206,5.6,1,0,delivered
5213,telemetry,UAV-2,,3,501.400,501.406,5.6,1,0,delivered
5214,telemetry,UAV-3,,3,501.500,501.506,5.6,1,0,delivered
5215,telemetry,UAV-6,,3,501.500,501.511,11.2,2,0,delivered
5216,telemetry,UAV-4,,3,501.700,501.706,5.6,1,0,delivered
5217,telemetry,UAV-2,,3,501.900,501.906,5.6,1,0,delivered
5218,telemetry,UAV-3,,3,502.000,502.006,5.6,1,0,delivered
5219,telemetry,UAV-6,,3,502.000,502.011,11.2,2,0,delivered
5220,telemetry,UAV-4,,3,502.200,502.206,5.6,1,0,delivered
5221,telemetry,UAV-2,,3,502.400,502.406,5.6,1,0,delivered
5222,telemetry,UAV-3,,3,502.500,502.506,5.6,1,0,delivered
5223,telemetry,UAV-6,,3,502.500,502.511,11.2,2,0,delivered
5224,telemetry,UAV-4,,3,502.700,502.706,5.6,1,0,delivered
5225,telemetry,UAV-2,,3,502.900,502.906,5.6,1,0,delivered
5226,telemetry,UAV-3,,3,503.000,503.006,5.6,1,0,delivered
5227,telemetry,UAV-6,,3,503.000,503.011,11.2,2,0,delivered
5228,telemetry,UAV-4,,3,503.200,503.206,5.6,1,0,delivered
5229,telemetry,UAV-2,,3,503.400,503.406,5.6,1,0,delivered
5230,telemetry,UAV-3,,3,503.500,503.506,5.6,1,0,delivered
5231,telemetry,UAV-6,,3,503.500,503.511,11.2,2,0,delivered
5232,telemetry,UAV-4,,3,503.700,503.706,5.6,1,0,delivered
5233,telemetry,UAV-2,,3,503.900,503.906,5.6,1,0,delivered
5234,telemetry,UAV-3,,3,504.000,504.006,5.6,1,0,delivered
5235,telemetry,UAV-6,,3,504.000,504.011,11.2,2,0,delivered
5236,telemetry,UAV-4,,3,504.200,504.206,5.6,1,0,delivered
5237,telemetry,UAV-2,,3,504.400,504.406,5.6,1,0,delivered
5238,telemetry,UAV-3,,3,504.500,504.506,5.6,1,0,delivered
5239,telemetry,UAV-6,,3,504.500,504.511,11.2,2,0,delivered
5240,telemetry,UAV-4,,3,504.700,504.706,5.6,1,0,delivered
5241,telemetry,UAV-2,,3,504.900,504.906,5.6,1,0,delivered
5242,telemetry,UAV-3,,3,505.000,505.006,5.6,1,0,delivered
5243,telemetry,UAV-6,,3,505.000,505.011,11.2,2,0,delivered
5244,telemetry,UAV-4,,3,505.200,505.206,5.6,1,0,delivered
5245,telemetry,UAV-2,,3,505.400,505.406,5.6,1,0,delivered
5246,telemetry,UAV-3,,3,505.500,505.506,5.6,1,0,delivered
5247,telemetry,UAV-6,,3,505.500,505.511,11.2,2,0,delivered
5248,telemetry,UAV-4,,3,505.700,505.706,5.6,1,0,delivered
5249,telemetry,UAV-2,,3,505.900,505.906,5.6,1,0,delivered
5250,telemetry,UAV-3,,3,506.000,506.006,5.6,1,0,delivered
5251,telemetry,UAV-6,,3,506.000,506.006,5.6,1,0,delivered
5252,telemetry,UAV-4,,3,506.200,506.206,5.6,1,0,delivered
5253,telemetry,UAV-2,,3,506.400,506.406,5.6,1,0,delivered
5254,telemetry,UAV-3,,3,506.500,506.506,5.6,1,0,delivered
5255,telemetry,UAV-6,,3,506.500,506.506,5.6,1,0,delivered
5256,telemetry,UAV-4,,3,506.700,506.706,5.6,1,0,delivered
5257,telemetry,UAV-2,,3,506.900,506.906,5.6,1,0,delivered
5258,telemetry,UAV-3,,3,507.000,507.006,5.6,1,0,delivered
5259,telemetry,UAV-6,,3,507.000,507.011,11.2,2,0,delivered
5260,telemetry,UAV-4,,3,507.200,507.206,5.6,1,0,delivered
5261,telemetry,UAV-2,,3,507.400,507.406,5.6,1,0,delivered
5262,telemetry,UAV-3,,3,507.500,507.506,5.6,1,0,delivered
5263,telemetry,UAV-6,,3,507.500,507.511,11.2,2,0,delivered
5264,telemetry,UAV-4,,3,507.700,507.706,5.6,1,0,delivered
5265,telemetry,UAV-2,,3,507.900,507.906,5.6,1,0,delivered
5266,telemetry,UAV-3,,3,508.000,508.006,5.6,1,0,delivered
5267,telemetry,UAV-6,,3,508.000,508.011,11.2,2,0,delivered
5268,telemetry,UAV-4,,3,508.200,508.206,5.6,1,0,delivered
5269,telemetry,UAV-2,,3,508.400,508.406,5.6,1,0,delivered
5270,telemetry,UAV-3,,3,508.500,508.506,5.6,1,0,delivered
5271,telemetry,UAV-6,,3,508.500,508.506,5.6,1,0,delivered
5272,telemetry,UAV-4,,3,508.700,508.706,5.6,1,0,delivered
5273,telemetry,UAV-2,,3,508.900,508.906,5.6,1,0,delivered
5274,telemetry,UAV-3,,3,509.000,509.006,5.6,1,0,delivered
5275,telemetry,UAV-6,,3,509.000,509.011,11.2,2,0,delivered
5276,telemetry,UAV-4,,3,509.200,509.206,5.6,1,0,delivered
5277,telemetry,UAV-2,,3,509.400,509.406,5.6,1,0,delivered
5278,telemetry,UAV-3,,3,509.500,509.506,5.6,1,0,delivered
5279,telemetry,UAV-6,,3,509.500,509.511,11.2,2,0,delivered
5280,telemetry,UAV-4,,3,509.700,509.706,5.6,1,0,delivered
5281,telemetry,UAV-2,,3,509.900,509.906,5.6,1,0,delivered
5282,telemetry,UAV-3,,3,510.000,510.006,5.6,1,0,delivered
5283,telemetry,UAV-6,,3,510.000,510.011,11.2,2,0,delivered
5284,telemetry,UAV-4,,3,510.200,510.206,5.6,1,0,delivered
5285,telemetry,UAV-2,,3,510.400,510.406,5.6,1,0,delivered
5286,telemetry,UAV-3,,3,510.500,510.506,5.6,1,0,delivered
5287,telemetry,UAV-6,,3,510.500,510.511,11.2,2,0,delivered
5288,telemetry,UAV-4,,3,510.700,510.706,5.6,1,0,delivered
5289,telemetry,UAV-2,,3,510.900,510.906,5.6,1,0,delivered
5290,telemetry,UAV-3,,3,511.000,511.006,5.6,1,0,delivered
5291,telemetry,UAV-6,,3,511.000,511.006,5.6,1,0,delivered
5292,telemetry,UAV-4,,3,511.200,511.206,5.6,1,0,delivered
5293,telemetry,UAV-2,,3,511.400,511.406,5.6,1,0,delivered
5294,telemetry,UAV-3,,3,511.500,511.506,5.6,1,0,delivered
5295,telemetry,UAV-6,,3,511.500,511.511,11.2,2,0,delivered
5296,telemetry,UAV-4,,3,511.700,511.706,5.6,1,0,delivered
5297,telemetry,UAV-2,,3,511.900,511.906,5.6,1,0,delivered
5298,telemetry,UAV-3,,3,512.000,512.006,5.6,1,0,delivered
5299,telemetry,UAV-6,,3,512.000,512.006,5.6,1,0,delivered
5300,telemetry,UAV-4,,3,512.200,512.206,5.6,1,0,delivered
5301,telemetry,UAV-2,,3,512.400,512.406,5.6,1,0,delivered
5302,telemetry,UAV-3,,3,512.500,512.506,5.6,1,0,delivered
5303,telemetry,UAV-6,,3,512.500,512.506,5.6,1,0,delivered
5304,telemetry,UAV-4,,3,512.700,512.706,5.6,1,0,delivered
5305,telemetry,UAV-2,,3,512.900,512.906,5.6,1,0,delivered
5306,telemetry,UAV-3,,3,513.000,513.006,5.6,1,0,delivered
5307,telemetry,UAV-6,,3,513.000,513.006,5.6,1,0,delivered
5308,telemetry,UAV-4,,3,513.200,513.206,5.6,1,0,delivered
5309,telemetry,UAV-2,,3,513.400,513.406,5.6,1,0,delivered
5310,telemetry,UAV-3,,3,513.500,513.506,5.6,1,0,delivered
5311,telemetry,UAV-6,,3,513.500,513.506,5.6,1,0,delivered
5312,telemetry,UAV-4,,3,513.700,513.706,5.6,1,0,delivered
5313,telemetry,UAV-2,,3,513.900,513.906,5.6,1,0,delivered
5314,telemetry,UAV-3,,3,514.000,514.006,5.6,1,0,delivered
5315,telemetry,UAV-6,,3,514.000,514.012,11.7,1,1,delivered
5316,telemetry,UAV-4,,3,514.200,514.206,5.6,1,0,delivered
5317,telemetry,UAV-2,,3,514.400,514.406,5.6,1,0,delivered
5318,telemetry,UAV-3,,3,514.500,514.506,5.6,1,0,delivered
5319,telemetry,UAV-6,,3,514.500,514.506,5.6,1,0,delivered
5320,telemetry,UAV-4,,3,514.700,514.706,5.6,1,0,delivered
5321,telemetry,UAV-2,,3,514.900,514.906,5.6,1,0,delivered
5322,telemetry,UAV-3,,3,515.000,515.006,5.6,1,0,delivered
5323,telemetry,UAV-6,,3,515.000,515.011,11.2,2,0,delivered
5324,telemetry,UAV-4,,3,515.200,515.206,5.6,1,0,delivered
5325,telemetry,UAV-2,,3,515.400,515.406,5.6,1,0,delivered
5326,telemetry,UAV-3,,3,515.500,515.506,5.6,1,0,delivered
5327,telemetry,UAV-6,,3,515.500,515.511,11.2,2,0,delivered
5328,telemetry,UAV-4,,3,515.700,515.706,5.6,1,0,delivered
5329,telemetry,UAV-2,,3,515.900,515.906,5.6,1,0,delivered
5330,telemetry,UAV-3,,3,516.000,516.006,5.6,1,0,delivered
5331,telemetry,UAV-6,,3,516.000,516.011,11.2,2,0,delivered
5332,telemetry,UAV-4,,3,516.200,516.206,5.6,1,0,delivered
5333,telemetry,UAV-2,,3,516.400,516.406,5.6,1,0,delivered
5334,telemetry,UAV-3,,3,516.500,516.506,5.6,1,0,delivered
5335,telemetry,UAV-6,,3,516.500,516.511,11.2,2,0,delivered
5336,telemetry,UAV-4,,3,516.700,516.706,5.6,1,0,delivered
5337,telemetry,UAV-2,,3,516.900,516.906,5.6,1,0,delivered
5338,telemetry,UAV-3,,3,517.000,517.006,5.6,1,0,delivered
5339,telemetry,UAV-6,,3,517.000,517.006,5.6,1,0,delivered
5340,telemetry,UAV-4,,3,517.200,517.206,5.6,1,0,delivered
5341,telemetry,UAV-2,,3,517.400,517.406,5.6,1,0,delivered
5342,telemetry,UAV-3,,3,517.500,517.506,5.6,1,0,delivered
5343,telemetry,UAV-6,,3,517.500,517.506,5.6,1,0,delivered
5344,telemetry,UAV-4,,3,517.700,517.706,5.6,1,0,delivered
5345,telemetry,UAV-2,,3,517.900,517.906,5.6,1,0,delivered
5346,telemetry,UAV-3,,3,518.000,518.006,5.6,1,0,delivered
5347,telemetry,UAV-6,,3,518.000,518.006,5.6,1,0,delivered
5348,telemetry,UAV-4,,3,518.200,518.206,5.6,1,0,delivered
5349,telemetry,UAV-2,,3,518.400,518.406,5.6,1,0,delivered
5350,telemetry,UAV-3,,3,518.500,518.506,5.6,1,0,delivered
5351,telemetry,UAV-6,,3,518.500,518.506,5.6,1,0,delivered
5352,telemetry,UAV-4,,3,518.700,518.706,5.6,1,0,delivered
5353,telemetry,UAV-2,,3,518.900,518.906,5.6,1,0,delivered
5354,telemetry,UAV-3,,3,519.000,519.006,5.6,1,0,delivered
5355,telemetry,UAV-6,,3,519.000,519.006,5.6,1,0,delivered
5356,telemetry,UAV-4,,3,519.200,519.206,5.6,1,0,delivered
5357,telemetry,UAV-2,,3,519.400,519.406,5.6,1,0,delivered
5358,telemetry,UAV-3,,3,519.500,519.506,5.6,1,0,delivered
5359,telemetry,UAV-6,,3,519.500,519.506,5.6,1,0,delivered
5360,telemetry,UAV-4,,3,519.700,519.706,5.6,1,0,delivered
5361,telemetry,UAV-2,,3,519.900,519.906,5.6,1,0,delivered
5362,telemetry,UAV-3,,3,520.000,520.006,5.6,1,0,delivered
5363,telemetry,UAV-6,,3,520.000,520.006,5.6,1,0,delivered
5364,telemetry,UAV-4,,3,520.200,520.206,5.6,1,0,delivered
5365,telemetry,UAV-2,,3,520.400,520.406,5.6,1,0,delivered
5366,telemetry,UAV-3,,3,520.500,520.506,5.6,1,0,delivered
5367,telemetry,UAV-6,,3,520.500,520.506,5.6,1,0,delivered
5368,telemetry,UAV-4,,3,520.700,520.706,5.6,1,0,delivered
5369,telemetry,UAV-2,,3,520.900,520.906,5.6,1,0,delivered
5370,telemetry,UAV-3,,3,521.000,521.006,5.6,1,0,delivered
5371,telemetry,UAV-6,,3,521.000,521.006,5.6,1,0,delivered
5372,telemetry,UAV-4,,3,521.200,521.206,5.6,1,0,delivered
5373,telemetry,UAV-2,,3,521.400,521.406,5.6,1,0,delivered
5374,telemetry,UAV-3,,3,521.500,521.506,5.6,1,0,delivered
5375,telemetry,UAV-6,,3,521.500,521.512,11.7,1,1,delivered
5376,telemetry,UAV-4,,3,521.700,521.706,5.6,1,0,delivered
5377,telemetry,UAV-2,,3,521.900,521.906,5.6,1,0,delivered
5378,telemetry,UAV-3,,3,522.000,522.006,5.6,1,0,delivered
5379,telemetry,UAV-6,,3,522.000,522.006,5.6,1,0,delivered
5380,telemetry,UAV-4,,3,522.200,522.206,5.6,1,0,delivered
5381,telemetry,UAV-2,,3,522.400,522.406,5.6,1,0,delivered
5382,telemetry,UAV-3,,3,522.500,522.506,5.6,1,0,delivered
5383,telemetry,UAV-6,,3,522.500,522.506,5.6,1,0,delivered
5384,telemetry,UAV-4,,3,522.700,522.706,5.6,1,0,delivered
5385,telemetry,UAV-2,,3,522.900,522.906,5.6,1,0,delivered
5386,telemetry,UAV-3,,3,523.000,523.006,5.6,1,0,delivered
5387,telemetry,UAV-6,,3,523.000,523.006,5.6,1,0,delivered
5388,telemetry,UAV-4,,3,523.200,523.206,5.6,1,0,delivered
5389,telemetry,UAV-2,,3,523.400,523.406,5.6,1,0,delivered
5390,telemetry,UAV-3,,3,523.500,523.506,5.6,1,0,delivered
5391,telemetry,UAV-6,,3,523.500,523.506,5.6,1,0,delivered
5392,telemetry,UAV-4,,3,523.700,523.706,5.6,1,0,delivered
5393,telemetry,UAV-2,,3,523.900,523.906,5.6,1,0,delivered
5394,telemetry,UAV-3,,3,524.000,524.006,5.6,1,0,delivered
5395,telemetry,UAV-6,,3,524.000,524.006,5.6,1,0,delivered
5396,telemetry,UAV-4,,3,524.200,524.206,5.6,1,0,delivered
5397,telemetry,UAV-2,,3,524.400,524.406,5.6,1,0,delivered
5398,telemetry,UAV-3,,3,524.500,524.506,5.6,1,0,delivered
5399,telemetry,UAV-6,,3,524.500,524.506,5.6,1,0,delivered
5400,telemetry,UAV-4,,3,524.700,524.706,5.6,1,0,delivered
5401,telemetry,UAV-2,,3,524.900,524.906,5.6,1,0,delivered
5402,telemetry,UAV-3,,3,525.000,525.006,5.6,1,0,delivered
5403,telemetry,UAV-6,,3,525.000,525.006,5.6,1,0,delivered
5404,telemetry,UAV-4,,3,525.200,525.206,5.6,1,0,delivered
5405,telemetry,UAV-2,,3,525.400,525.406,5.6,1,0,delivered
5406,telemetry,UAV-3,,3,525.500,525.506,5.6,1,0,delivered
5407,telemetry,UAV-6,,3,525.500,525.506,5.6,1,0,delivered
5408,telemetry,UAV-4,,3,525.700,525.706,5.6,1,0,delivered
5409,telemetry,UAV-2,,3,525.900,525.906,5.6,1,0,delivered
5410,telemetry,UAV-3,,3,526.000,526.006,5.6,1,0,delivered
5411,telemetry,UAV-6,,3,526.000,526.006,5.6,1,0,delivered
5412,telemetry,UAV-4,,3,526.200,526.206,5.6,1,0,delivered
5413,telemetry,UAV-2,,3,526.400,526.406,5.6,1,0,delivered
5414,telemetry,UAV-3,,3,526.500,526.506,5.6,1,0,delivered
5415,telemetry,UAV-6,,3,526.500,526.506,5.6,1,0,delivered
5416,telemetry,UAV-4,,3,526.700,526.706,5.6,1,0,delivered
5417,telemetry,UAV-2,,3,526.900,526.906,5.6,1,0,delivered
5418,telemetry,UAV-3,,3,527.000,527.006,5.6,1,0,delivered
5419,telemetry,UAV-6,,3,527.000,527.006,5.6,1,0,delivered
5420,telemetry,UAV-4,,3,527.200,527.206,5.6,1,0,delivered
5421,telemetry,UAV-2,,3,527.400,527.406,5.6,1,0,delivered
5422,telemetry,UAV-3,,3,527.500,527.506,5.6,1,0,delivered
5423,telemetry,UAV-6,,3,527.500,527.506,5.6,1,0,delivered
5424,telemetry,UAV-4,,3,527.700,527.706,5.6,1,0,delivered
5425,telemetry,UAV-2,,3,527.900,527.906,5.6,1,0,delivered
5426,telemetry,UAV-3,,3,528.000,528.006,5.6,1,0,delivered
5427,telemetry,UAV-6,,3,528.000,528.006,5.6,1,0,delivered
5428,telemetry,UAV-4,,3,528.200,528.206,5.6,1,0,delivered
5429,telemetry,UAV-2,,3,528.400,528.406,5.6,1,0,delivered
5430,telemetry,UAV-3,,3,528.500,528.506,5.6,1,0,delivered
5431,telemetry,UAV-6,,3,528.500,528.506,5.6,1,0,delivered
5432,telemetry,UAV-4,,3,528.700,528.706,5.6,1,0,delivered
5433,telemetry,UAV-2,,3,528.900,528.906,5.6,1,0,delivered
5434,telemetry,UAV-3,,3,529.000,529.006,5.6,1,0,delivered
5435,telemetry,UAV-6,,3,529.000,529.006,5.6,1,0,delivered
5436,telemetry,UAV-4,,3,529.200,529.206,5.6,1,0,delivered
5437,telemetry,UAV-2,,3,529.400,529.406,5.6,1,0,delivered
5438,telemetry,UAV-3,,3,529.500,529.506,5.6,1,0,delivered
5439,telemetry,UAV-6,,3,529.500,529.506,5.6,1,0,delivered
5440,telemetry,UAV-4,,3,529.700,529.706,5.6,1,0,delivered
5441,telemetry,UAV-2,,3,529.900,529.906,5.6,1,0,delivered
5442,telemetry,UAV-3,,3,530.000,530.006,5.6,1,0,delivered
5443,telemetry,UAV-6,,3,530.000,530.006,5.6,1,0,delivered
5444,telemetry,UAV-4,,3,530.200,530.206,5.6,1,0,delivered
5445,telemetry,UAV-2,,3,530.400,530.406,5.6,1,0,delivered
5446,telemetry,UAV-3,,3,530.500,530.506,5.6,1,0,delivered
5447,telemetry,UAV-6,,3,530.500,530.506,5.6,1,0,delivered
5448,telemetry,UAV-4,,3,530.700,530.706,5.6,1,0,delivered
5449,telemetry,UAV-2,,3,530.900,530.906,5.6,1,0,delivered
5450,telemetry,UAV-3,,3,531.000,531.006,5.6,1,0,delivered
5451,telemetry,UAV-6,,3,531.000,531.006,5.6,1,0,delivered
5452,telemetry,UAV-4,,3,531.200,531.206,5.6,1,0,delivered
5453,telemetry,UAV-2,,3,531.400,531.406,5.6,1,0,delivered
5454,telemetry,UAV-3,,3,531.500,531.506,5.6,1,0,delivered
5455,telemetry,UAV-6,,3,531.500,531.506,5.6,1,0,delivered
5456,telemetry,UAV-4,,3,531.700,531.706,5.6,1,0,delivered
5457,telemetry,UAV-2,,3,531.900,531.906,5.6,1,0,delivered
5458,telemetry,UAV-3,,3,532.000,532.006,5.6,1,0,delivered
5459,telemetry,UAV-6,,3,532.000,532.006,5.6,1,0,delivered
5460,telemetry,UAV-4,,3,532.200,532.206,5.6,1,0,delivered
5461,telemetry,UAV-2,,3,532.400,532.406,5.6,1,0,delivered
5462,telemetry,UAV-3,,3,532.500,532.506,5.6,1,0,delivered
5463,telemetry,UAV-6,,3,532.500,532.506,5.6,1,0,delivered
5464,telemetry,UAV-4,,3,532.700,532.706,5.6,1,0,delivered
5465,telemetry,UAV-2,,3,532.900,532.906,5.6,1,0,delivered
5466,telemetry,UAV-3,,3,533.000,533.006,5.6,1,0,delivered
5467,telemetry,UAV-6,,3,533.000,533.006,5.6,1,0,delivered
5468,telemetry,UAV-4,,3,533.200,533.206,5.6,1,0,delivered
5469,telemetry,UAV-2,,3,533.400,533.406,5.6,1,0,delivered
5470,telemetry,UAV-3,,3,533.500,533.506,5.6,1,0,delivered
5471,telemetry,UAV-6,,3,533.500,533.506,5.6,1,0,delivered
5472,telemetry,UAV-4,,3,533.700,533.706,5.6,1,0,delivered
5473,telemetry,UAV-2,,3,533.900,533.906,5.6,1,0,delivered
5474,telemetry,UAV-3,,3,534.000,534.006,5.6,1,0,delivered
5475,telemetry,UAV-6,,3,534.000,534.006,5.6,1,0,delivered
5476,telemetry,UAV-4,,3,534.200,534.206,5.6,1,0,delivered
5477,telemetry,UAV-2,,3,534.400,534.406,5.6,1,0,delivered
5478,telemetry,UAV-3,,3,534.500,534.506,5.6,1,0,delivered
5479,telemetry,UAV-6,,3,534.500,534.506,5.6,1,0,delivered
5480,telemetry,UAV-4,,3,534.700,534.706,5.6,1,0,delivered
5481,telemetry,UAV-2,,3,534.900,534.906,5.6,1,0,delivered
5482,telemetry,UAV-3,,3,535.000,535.006,5.6,1,0,delivered
5483,telemetry,UAV-6,,3,535.000,535.006,5.6,1,0,delivered
5484,telemetry,UAV-4,,3,535.200,535.206,5.6,1,0,delivered
5485,telemetry,UAV-2,,3,535.400,535.406,5.6,1,0,delivered
5486,telemetry,UAV-3,,3,535.500,535.506,5.6,1,0,delivered
5487,telemetry,UAV-6,,3,535.500,535.506,5.6,1,0,delivered
5488,telemetry,UAV-4,,3,535.700,535.706,5.6,1,0,delivered
5489,telemetry,UAV-2,,3,535.900,535.906,5.6,1,0,delivered
5490,telemetry,UAV-3,,3,536.000,536.006,5.6,1,0,delivered
5491,telemetry,UAV-6,,3,536.000,536.006,5.6,1,0,delivered
5492,telemetry,UAV-4,,3,536.200,536.206,5.6,1,0,delivered
5493,telemetry,UAV-2,,3,536.400,536.406,5.6,1,0,delivered
5494,telemetry,UAV-3,,3,536.500,536.506,5.6,1,0,delivered
5495,telemetry,UAV-6,,3,536.500,536.506,5.6,1,0,delivered
5496,telemetry,UAV-4,,3,536.700,536.706,5.6,1,0,delivered
5497,telemetry,UAV-2,,3,536.900,536.906,5.6,1,0,delivered
5498,telemetry,UAV-3,,3,537.000,537.006,5.6,1,0,delivered
5499,telemetry,UAV-6,,3,537.000,537.006,5.6,1,0,delivered
5500,telemetry,UAV-4,,3,537.200,537.206,5.6,1,0,delivered
5501,telemetry,UAV-2,,3,537.400,537.406,5.6,1,0,delivered
5502,telemetry,UAV-3,,3,537.500,537.506,5.6,1,0,delivered
5503,telemetry,UAV-6,,3,537.500,537.506,5.6,1,0,delivered
5504,telemetry,UAV-4,,3,537.700,537.706,5.6,1,0,delivered
5505,telemetry,UAV-2,,3,537.900,537.906,5.6,1,0,delivered
5506,telemetry,UAV-3,,3,538.000,538.006,5.6,1,0,delivered
5507,telemetry,UAV-6,,3,538.000,538.006,5.6,1,0,delivered
5508,telemetry,UAV-4,,3,538.200,538.206,5.6,1,0,delivered
5509,telemetry,UAV-2,,3,538.400,538.406,5.6,1,0,delivered
5510,telemetry,UAV-3,,3,538.500,538.506,5.6,1,0,delivered
5511,telemetry,UAV-6,,3,538.500,538.506,5.6,1,0,delivered
5512,telemetry,UAV-4,,3,538.700,538.706,5.6,1,0,delivered
5513,telemetry,UAV-2,,3,538.900,538.906,5.6,1,0,delivered
5514,telemetry,UAV-3,,3,539.000,539.006,5.6,1,0,delivered
5515,telemetry,UAV-6,,3,539.000,539.006,5.6,1,0,delivered
5516,telemetry,UAV-4,,3,539.200,539.206,5.6,1,0,delivered
5517,telemetry,UAV-2,,3,539.400,539.406,5.6,1,0,delivered
5518,telemetry,UAV-3,,3,539.500,539.506,5.6,1,0,delivered
5519,telemetry,UAV-6,,3,539.500,539.506,5.6,1,0,delivered
5520,telemetry,UAV-4,,3,539.700,539.706,5.6,1,0,delivered
5521,telemetry,UAV-2,,3,539.900,539.906,5.6,1,0,delivered
5522,telemetry,UAV-3,,3,540.000,540.006,5.6,1,0,delivered
5523,telemetry,UAV-6,,3,540.000,540.006,5.6,1,0,delivered
5524,telemetry,UAV-4,,3,540.200,540.206,5.6,1,0,delivered
5525,telemetry,UAV-2,,3,540.400,540.406,5.6,1,0,delivered
5526,telemetry,UAV-3,,3,540.500,540.506,5.6,1,0,delivered
5527,telemetry,UAV-6,,3,540.500,540.506,5.6,1,0,delivered
5528,telemetry,UAV-4,,3,540.700,540.706,5.6,1,0,delivered
5529,telemetry,UAV-2,,3,540.900,540.906,5.6,1,0,delivered
5530,telemetry,UAV-3,,3,541.000,541.006,5.6,1,0,delivered
5531,telemetry,UAV-6,,3,541.000,541.006,5.6,1,0,delivered
5532,telemetry,UAV-4,,3,541.200,541.206,5.6,1,0,delivered
5533,telemetry,UAV-2,,3,541.400,541.406,5.6,1,0,delivered
5534,telemetry,UAV-3,,3,541.500,541.506,5.6,1,0,delivered
5535,telemetry,UAV-6,,3,541.500,541.506,5.6,1,0,delivered
5536,telemetry,UAV-4,,3,541.700,541.706,5.6,1,0,delivered
5537,telemetry,UAV-2,,3,541.900,541.906,5.6,1,0,delivered
5538,telemetry,UAV-3,,3,542.000,542.006,5.6,1,0,delivered
5539,telemetry,UAV-6,,3,542.000,542.006,5.6,1,0,delivered
5540,telemetry,UAV-4,,3,542.200,542.206,5.6,1,0,delivered
5541,telemetry,UAV-2,,3,542.400,542.406,5.6,1,0,delivered
5542,telemetry,UAV-3,,3,542.500,542.506,5.6,1,0,delivered
5543,telemetry,UAV-6,,3,542.500,542.506,5.6,1,0,delivered
5544,telemetry,UAV-4,,3,542.700,542.706,5.6,1,0,delivered
5545,telemetry,UAV-2,,3,542.900,542.906,5.6,1,0,delivered
5546,telemetry,UAV-3,,3,543.000,543.006,5.6,1,0,delivered
5547,telemetry,UAV-6,,3,543.000,543.006,5.6,1,0,delivered
5548,telemetry,UAV-4,,3,543.200,543.206,5.6,1,0,delivered
5549,telemetry,UAV-2,,3,543.400,543.406,5.6,1,0,delivered
5550,telemetry,UAV-3,,3,543.500,543.506,5.6,1,0,delivered
5551,telemetry,UAV-6,,3,543.500,543.506,5.6,1,0,delivered
5552,telemetry,UAV-4,,3,543.700,543.706,5.6,1,0,delivered
5553,telemetry,UAV-2,,3,543.900,543.906,5.6,1,0,delivered
5554,telemetry,UAV-3,,3,544.000,544.006,5.6,1,0,delivered
5555,telemetry,UAV-6,,3,544.000,544.006,5.6,1,0,delivered
5556,telemetry,UAV-4,,3,544.200,544.206,5.6,1,0,delivered
5557,telemetry,UAV-2,,3,544.400,544.406,5.6,1,0,delivered
5558,telemetry,UAV-3,,3,544.500,544.506,5.6,1,0,delivered
5559,telemetry,UAV-6,,3,544.500,544.506,5.6,1,0,delivered
5560,telemetry,UAV-4,,3,544.700,544.706,5.6,1,0,delivered
5561,telemetry,UAV-2,,3,544.900,544.906,5.6,1,0,delivered
5562,telemetry,UAV-3,,3,545.000,545.006,5.6,1,0,delivered
5563,telemetry,UAV-6,,3,545.000,545.006,5.6,1,0,delivered
5564,telemetry,UAV-4,,3,545.200,545.206,5.6,1,0,delivered
5565,telemetry,UAV-2,,3,545.400,545.406,5.6,1,0,delivered
5566,telemetry,UAV-3,,3,545.500,545.506,5.6,1,0,delivered
5567,telemetry,UAV-6,,3,545.500,545.506,5.6,1,0,delivered
5568,telemetry,UAV-4,,3,545.700,545.706,5.6,1,0,delivered
5569,telemetry,UAV-2,,3,545.900,545.906,5.6,1,0,delivered
5570,telemetry,UAV-3,,3,546.000,546.006,5.6,1,0,delivered
5571,telemetry,UAV-6,,3,546.000,546.006,5.6,1,0,delivered
5572,telemetry,UAV-4,,3,546.200,546.206,5.6,1,0,delivered
5573,telemetry,UAV-2,,3,546.400,546.406,5.6,1,0,delivered
5574,telemetry,UAV-3,,3,546.500,546.506,5.6,1,0,delivered
5575,telemetry,UAV-6,,3,546.500,546.506,5.6,1,0,delivered
5576,telemetry,UAV-4,,3,546.700,546.706,5.6,1,0,delivered
5577,telemetry,UAV-2,,3,546.900,546.906,5.6,1,0,delivered
5578,telemetry,UAV-3,,3,547.000,547.006,5.6,1,0,delivered
5579,telemetry,UAV-6,,3,547.000,547.006,5.6,1,0,delivered
5580,telemetry,UAV-4,,3,547.200,547.206,5.6,1,0,delivered
5581,telemetry,UAV-2,,3,547.400,547.406,5.6,1,0,delivered
5582,telemetry,UAV-3,,3,547.500,547.506,5.6,1,0,delivered
5583,telemetry,UAV-6,,3,547.500,547.506,5.6,1,0,delivered
5584,telemetry,UAV-4,,3,547.700,547.706,5.6,1,0,delivered
5585,telemetry,UAV-2,,3,547.900,547.906,5.6,1,0,delivered
5586,telemetry,UAV-3,,3,548.000,548.006,5.6,1,0,delivered
5587,telemetry,UAV-6,,3,548.000,548.006,5.6,1,0,delivered
5588,telemetry,UAV-4,,3,548.200,548.206,5.6,1,0,delivered
5589,telemetry,UAV-2,,3,548.400,548.406,5.6,1,0,delivered
5590,telemetry,UAV-3,,3,548.500,548.506,5.6,1,0,delivered
5591,telemetry,UAV-6,,3,548.500,548.506,5.6,1,0,delivered
5592,telemetry,UAV-4,,3,548.700,548.706,5.6,1,0,delivered
5593,telemetry,UAV-2,,3,548.900,548.906,5.6,1,0,delivered
5594,telemetry,UAV-3,,3,549.000,549.006,5.6,1,0,delivered
5595,telemetry,UAV-6,,3,549.000,549.006,5.6,1,0,delivered
5596,telemetry,UAV-4,,3,549.200,549.206,5.6,1,0,delivered
5597,telemetry,UAV-2,,3,549.400,549.406,5.6,1,0,delivered
5598,telemetry,UAV-3,,3,549.500,549.506,5.6,1,0,delivered
5599,telemetry,UAV-6,,3,549.500,549.506,5.6,1,0,delivered
5600,telemetry,UAV-4,,3,549.700,549.706,5.6,1,0,delivered
5601,telemetry,UAV-2,,3,549.900,549.906,5.6,1,0,delivered
5602,telemetry,UAV-3,,3,550.000,550.006,5.6,1,0,delivered
5603,telemetry,UAV-6,,3,550.000,550.006,5.6,1,0,delivered
5604,telemetry,UAV-4,,3,550.200,550.206,5.6,1,0,delivered
5605,telemetry,UAV-2,,3,550.400,550.406,5.6,1,0,delivered
5606,telemetry,UAV-3,,3,550.500,550.506,5.6,1,0,delivered
5607,telemetry,UAV-6,,3,550.500,550.506,5.6,1,0,delivered
5608,telemetry,UAV-4,,3,550.700,550.706,5.6,1,0,delivered
5609,telemetry,UAV-2,,3,550.900,550.906,5.6,1,0,delivered
5610,telemetry,UAV-3,,3,551.000,551.006,5.6,1,0,delivered
5611,telemetry,UAV-6,,3,551.000,551.006,5.6,1,0,delivered
5612,telemetry,UAV-4,,3,551.200,551.206,5.6,1,0,delivered
5613,telemetry,UAV-2,,3,551.400,551.406,5.6,1,0,delivered
5614,telemetry,UAV-3,,3,551.500,551.506,5.6,1,0,delivered
5615,telemetry,UAV-6,,3,551.500,551.506,5.6,1,0,delivered
5616,telemetry,UAV-4,,3,551.700,551.706,5.6,1,0,delivered
5617,telemetry,UAV-2,,3,551.900,551.906,5.6,1,0,delivered
5618,telemetry,UAV-3,,3,552.000,552.006,5.6,1,0,delivered
5619,telemetry,UAV-6,,3,552.000,552.006,5.6,1,0,delivered
5620,telemetry,UAV-4,,3,552.200,552.206,5.6,1,0,delivered
5621,telemetry,UAV-2,,3,552.400,552.406,5.6,1,0,delivered
5622,telemetry,UAV-3,,3,552.500,552.506,5.6,1,0,delivered
5623,telemetry,UAV-6,,3,552.500,552.506,5.6,1,0,delivered
5624,telemetry,UAV-4,,3,552.700,552.706,5.6,1,0,delivered
5625,telemetry,UAV-2,,3,552.900,552.906,5.6,1,0,delivered
5626,telemetry,UAV-3,,3,553.000,553.006,5.6,1,0,delivered
5627,telemetry,UAV-6,,3,553.000,553.006,5.6,1,0,delivered
5628,telemetry,UAV-4,,3,553.200,553.206,5.6,1,0,delivered
5629,telemetry,UAV-2,,3,553.400,553.406,5.6,1,0,delivered
5630,telemetry,UAV-3,,3,553.500,553.506,5.6,1,0,delivered
5631,telemetry,UAV-6,,3,553.500,553.506,5.6,1,0,delivered
5632,telemetry,UAV-4,,3,553.700,553.706,5.6,1,0,delivered
5633,telemetry,UAV-2,,3,553.900,553.906,5.6,1,0,delivered
5634,telemetry,UAV-3,,3,554.000,554.006,5.6,1,0,delivered
5635,telemetry,UAV-6,,3,554.000,554.006,5.6,1,0,delivered
5636,telemetry,UAV-4,,3,554.200,554.206,5.6,1,0,delivered
5637,telemetry,UAV-2,,3,554.400,554.406,5.6,1,0,delivered
5638,telemetry,UAV-3,,3,554.500,554.506,5.6,1,0,delivered
5639,telemetry,UAV-6,,3,554.500,554.506,5.6,1,0,delivered
5640,telemetry,UAV-4,,3,554.700,554.706,5.6,1,0,delivered
5641,telemetry,UAV-2,,3,554.900,554.906,5.6,1,0,delivered
5642,telemetry,UAV-3,,3,555.000,555.006,5.6,1,0,delivered
5643,telemetry,UAV-6,,3,555.000,555.006,5.6,1,0,delivered
5644,telemetry,UAV-4,,3,555.200,555.206,5.6,1,0,delivered
5645,telemetry,UAV-2,,3,555.400,555.406,5.6,1,0,delivered
5646,telemetry,UAV-3,,3,555.500,555.506,5.6,1,0,delivered
5647,telemetry,UAV-6,,3,555.500,555.506,5.6,1,0,delivered
5648,telemetry,UAV-4,,3,555.700,555.706,5.6,1,0,delivered
5649,telemetry,UAV-2,,3,555.900,555.906,5.6,1,0,delivered
5650,telemetry,UAV-3,,3,556.000,556.006,5.6,1,0,delivered
5651,telemetry,UAV-6,,3,556.000,556.006,5.6,1,0,delivered
5652,telemetry,UAV-4,,3,556.200,556.206,5.6,1,0,delivered
5653,telemetry,UAV-2,,3,556.400,556.406,5.6,1,0,delivered
5654,telemetry,UAV-3,,3,556.500,556.506,5.6,1,0,delivered
5655,telemetry,UAV-6,,3,556.500,556.506,5.6,1,0,delivered
5656,telemetry,UAV-4,,3,556.700,556.706,5.6,1,0,delivered
5657,telemetry,UAV-2,,3,556.900,556.906,5.6,1,0,delivered
5658,telemetry,UAV-3,,3,557.000,557.006,5.6,1,0,delivered
5659,telemetry,UAV-6,,3,557.000,557.006,5.6,1,0,delivered
5660,telemetry,UAV-4,,3,557.200,557.206,5.6,1,0,delivered
5661,telemetry,UAV-2,,3,557.400,557.406,5.6,1,0,delivered
5662,telemetry,UAV-3,,3,557.500,557.506,5.6,1,0,delivered
5663,telemetry,UAV-6,,3,557.500,557.506,5.6,1,0,delivered
5664,telemetry,UAV-4,,3,557.700,557.706,5.6,1,0,delivered
5665,telemetry,UAV-2,,3,557.900,557.906,5.6,1,0,delivered
5666,telemetry,UAV-3,,3,558.000,558.006,5.6,1,0,delivered
5667,telemetry,UAV-6,,3,558.000,558.006,5.6,1,0,delivered
5668,telemetry,UAV-4,,3,558.200,558.206,5.6,1,0,delivered
5669,telemetry,UAV-2,,3,558.400,558.406,5.6,1,0,delivered
5670,telemetry,UAV-3,,3,558.500,558.506,5.6,1,0,delivered
5671,telemetry,UAV-6,,3,558.500,558.506,5.6,1,0,delivered
5672,telemetry,UAV-4,,3,558.700,558.706,5.6,1,0,delivered
5673,telemetry,UAV-2,,3,558.900,558.906,5.6,1,0,delivered
5674,telemetry,UAV-3,,3,559.000,559.006,5.6,1,0,delivered
5675,telemetry,UAV-6,,3,559.000,559.006,5.6,1,0,delivered
5676,telemetry,UAV-4,,3,559.200,559.206,5.6,1,0,delivered
5677,telemetry,UAV-2,,3,559.400,559.406,5.6,1,0,delivered
5678,telemetry,UAV-3,,3,559.500,559.506,5.6,1,0,delivered
5679,telemetry,UAV-6,,3,559.500,559.506,5.6,1,0,delivered
5680,telemetry,UAV-4,,3,559.700,559.706,5.6,1,0,delivered
5681,telemetry,UAV-2,,3,559.900,559.906,5.6,1,0,delivered
5682,telemetry,UAV-3,,3,560.000,560.006,5.6,1,0,delivered
5683,telemetry,UAV-6,,3,560.000,560.006,5.6,1,0,delivered
5684,telemetry,UAV-4,,3,560.200,560.206,5.6,1,0,delivered
5685,telemetry,UAV-2,,3,560.400,560.406,5.6,1,0,delivered
5686,telemetry,UAV-3,,3,560.500,560.506,5.6,1,0,delivered
5687,telemetry,UAV-6,,3,560.500,560.506,5.6,1,0,delivered
5688,telemetry,UAV-4,,3,560.700,560.706,5.6,1,0,delivered
5689,telemetry,UAV-2,,3,560.900,560.906,5.6,1,0,delivered
5690,telemetry,UAV-3,,3,561.000,561.006,5.6,1,0,delivered
5691,telemetry,UAV-6,,3,561.000,561.006,5.6,1,0,delivered
5692,telemetry,UAV-4,,3,561.200,561.206,5.6,1,0,delivered
5693,telemetry,UAV-2,,3,561.400,561.406,5.6,1,0,delivered
5694,telemetry,UAV-3,,3,561.500,561.506,5.6,1,0,delivered
5695,telemetry,UAV-6,,3,561.500,561.506,5.6,1,0,delivered
5696,telemetry,UAV-4,,3,561.700,561.706,5.6,1,0,delivered
5697,telemetry,UAV-2,,3,561.900,561.906,5.6,1,0,delivered
5698,telemetry,UAV-3,,3,562.000,562.006,5.6,1,0,delivered
5699,telemetry,UAV-6,,3,562.000,562.006,5.6,1,0,delivered
5700,telemetry,UAV-4,,3,562.200,562.206,5.6,1,0,delivered
5701,telemetry,UAV-2,,3,562.400,562.406,5.6,1,0,delivered
5702,telemetry,UAV-3,,3,562.500,562.506,5.6,1,0,delivered
5703,telemetry,UAV-6,,3,562.500,562.506,5.6,1,0,delivered
5704,telemetry,UAV-4,,3,562.700,562.706,5.6,1,0,delivered
5705,telemetry,UAV-2,,3,562.900,562.906,5.6,1,0,delivered
5706,telemetry,UAV-3,,3,563.000,563.006,5.6,1,0,delivered
5707,telemetry,UAV-6,,3,563.000,563.006,5.6,1,0,delivered
5708,telemetry,UAV-4,,3,563.200,563.206,5.6,1,0,delivered
5709,telemetry,UAV-2,,3,563.400,563.406,5.6,1,0,delivered
5710,telemetry,UAV-3,,3,563.500,563.506,5.6,1,0,delivered
5711,telemetry,UAV-6,,3,563.500,563.506,5.6,1,0,delivered
5712,telemetry,UAV-4,,3,563.700,563.706,5.6,1,0,delivered
5713,telemetry,UAV-2,,3,563.900,563.906,5.6,1,0,delivered
5714,telemetry,UAV-3,,3,564.000,564.006,5.6,1,0,delivered
5715,telemetry,UAV-6,,3,564.000,564.006,5.6,1,0,delivered
5716,telemetry,UAV-4,,3,564.200,564.206,5.6,1,0,delivered
5717,telemetry,UAV-2,,3,564.400,564.406,5.6,1,0,delivered
5718,telemetry,UAV-3,,3,564.500,564.506,5.6,1,0,delivered
5719,telemetry,UAV-6,,3,564.500,564.506,5.6,1,0,delivered
5720,telemetry,UAV-4,,3,564.700,564.706,5.6,1,0,delivered
5721,telemetry,UAV-2,,3,564.900,564.906,5.6,1,0,delivered
5722,telemetry,UAV-3,,3,565.000,565.006,5.6,1,0,delivered
5723,telemetry,UAV-6,,3,565.000,565.006,5.6,1,0,delivered
5724,telemetry,UAV-4,,3,565.200,565.206,5.6,1,0,delivered
5725,telemetry,UAV-2,,3,565.400,565.406,5.6,1,0,delivered
5726,telemetry,UAV-3,,3,565.500,565.506,5.6,1,0,delivered
5727,telemetry,UAV-6,,3,565.500,565.506,5.6,1,0,delivered
5728,telemetry,UAV-4,,3,565.700,565.706,5.6,1,0,delivered
5729,telemetry,UAV-2,,3,565.900,565.906,5.6,1,0,delivered
5730,telemetry,UAV-3,,3,566.000,566.006,5.6,1,0,delivered
5731,telemetry,UAV-6,,3,566.000,566.006,5.6,1,0,delivered
5732,telemetry,UAV-4,,3,566.200,566.206,5.6,1,0,delivered
5733,telemetry,UAV-2,,3,566.400,566.406,5.6,1,0,delivered
5734,telemetry,UAV-3,,3,566.500,566.506,5.6,1,0,delivered
5735,telemetry,UAV-6,,3,566.500,566.506,5.6,1,0,delivered
5736,telemetry,UAV-4,,3,566.700,566.706,5.6,1,0,delivered
5737,telemetry,UAV-2,,3,566.900,566.906,5.6,1,0,delivered
5738,telemetry,UAV-3,,3,567.000,567.006,5.6,1,0,delivered
5739,telemetry,UAV-6,,3,567.000,567.006,5.6,1,0,delivered
5740,telemetry,UAV-4,,3,567.200,567.206,5.6,1,0,delivered
5741,telemetry,UAV-2,,3,567.400,567.406,5.6,1,0,delivered
5742,telemetry,UAV-3,,3,567.500,567.506,5.6,1,0,delivered
5743,telemetry,UAV-6,,3,567.500,567.506,5.6,1,0,delivered
5744,telemetry,UAV-4,,3,567.700,567.706,5.6,1,0,delivered
5745,telemetry,UAV-2,,3,567.900,567.906,5.6,1,0,delivered
5746,telemetry,UAV-3,,3,568.000,568.006,5.6,1,0,delivered
5747,telemetry,UAV-6,,3,568.000,568.006,5.6,1,0,delivered
5748,telemetry,UAV-4,,3,568.200,568.206,5.6,1,0,delivered
5749,telemetry,UAV-2,,3,568.400,568.406,5.6,1,0,delivered
5750,telemetry,UAV-3,,3,568.500,568.506,5.6,1,0,delivered
5751,telemetry,UAV-6,,3,568.500,568.506,5.6,1,0,delivered
5752,telemetry,UAV-4,,3,568.700,568.706,5.6,1,0,delivered
5753,telemetry,UAV-2,,3,568.900,568.906,5.6,1,0,delivered
5754,telemetry,UAV-3,,3,569.000,569.006,5.6,1,0,delivered
5755,telemetry,UAV-6,,3,569.000,569.006,5.6,1,0,delivered
5756,telemetry,UAV-4,,3,569.200,569.206,5.6,1,0,delivered
5757,telemetry,UAV-2,,3,569.400,569.406,5.6,1,0,delivered
5758,telemetry,UAV-3,,3,569.500,569.506,5.6,1,0,delivered
5759,telemetry,UAV-6,,3,569.500,569.506,5.6,1,0,delivered
5760,telemetry,UAV-4,,3,569.700,569.706,5.6,1,0,delivered
5761,telemetry,UAV-2,,3,569.900,569.906,5.6,1,0,delivered
5762,telemetry,UAV-3,,3,570.000,570.006,5.6,1,0,delivered
5763,telemetry,UAV-6,,3,570.000,570.006,5.6,1,0,delivered
5764,telemetry,UAV-4,,3,570.200,570.206,5.6,1,0,delivered
5765,telemetry,UAV-2,,3,570.400,570.406,5.6,1,0,delivered
5766,telemetry,UAV-3,,3,570.500,570.506,5.6,1,0,delivered
5767,telemetry,UAV-6,,3,570.500,570.506,5.6,1,0,delivered
5768,telemetry,UAV-4,,3,570.700,570.706,5.6,1,0,delivered
5769,telemetry,UAV-2,,3,570.900,570.906,5.6,1,0,delivered
5770,telemetry,UAV-3,,3,571.000,571.006,5.6,1,0,delivered
5771,telemetry,UAV-6,,3,571.000,571.006,5.6,1,0,delivered
5772,telemetry,UAV-4,,3,571.200,571.206,5.6,1,0,delivered
5773,telemetry,UAV-2,,3,571.400,571.406,5.6,1,0,delivered
5774,telemetry,UAV-3,,3,571.500,571.506,5.6,1,0,delivered
5775,telemetry,UAV-6,,3,571.500,571.506,5.6,1,0,delivered
5776,telemetry,UAV-4,,3,571.700,571.706,5.6,1,0,delivered
5777,telemetry,UAV-2,,3,571.900,571.906,5.6,1,0,delivered
5778,telemetry,UAV-3,,3,572.000,572.006,5.6,1,0,delivered
5779,telemetry,UAV-6,,3,572.000,572.006,5.6,1,0,delivered
5780,telemetry,UAV-4,,3,572.200,572.206,5.6,1,0,delivered
5781,telemetry,UAV-2,,3,572.400,572.406,5.6,1,0,delivered
5782,telemetry,UAV-3,,3,572.500,572.506,5.6,1,0,delivered
5783,telemetry,UAV-6,,3,572.500,572.506,5.6,1,0,delivered
5784,telemetry,UAV-4,,3,572.700,572.706,5.6,1,0,delivered
5785,telemetry,UAV-2,,3,572.900,572.906,5.6,1,0,delivered
5786,telemetry,UAV-3,,3,573.000,573.006,5.6,1,0,delivered
5787,telemetry,UAV-6,,3,573.000,573.006,5.6,1,0,delivered
5788,telemetry,UAV-4,,3,573.200,573.206,5.6,1,0,delivered
5789,telemetry,UAV-2,,3,573.400,573.406,5.6,1,0,delivered
5790,telemetry,UAV-3,,3,573.500,573.506,5.6,1,0,delivered
5791,telemetry,UAV-6,,3,573.500,573.506,5.6,1,0,delivered
5792,telemetry,UAV-4,,3,573.700,573.706,5.6,1,0,delivered
5793,telemetry,UAV-2,,3,573.900,573.906,5.6,1,0,delivered
5794,telemetry,UAV-3,,3,574.000,574.006,5.6,1,0,delivered
5795,telemetry,UAV-6,,3,574.000,574.006,5.6,1,0,delivered
5796,telemetry,UAV-4,,3,574.200,574.206,5.6,1,0,delivered
5797,telemetry,UAV-2,,3,574.400,574.406,5.6,1,0,delivered
5798,telemetry,UAV-3,,3,574.500,574.506,5.6,1,0,delivered
5799,telemetry,UAV-6,,3,574.500,574.506,5.6,1,0,delivered
5800,telemetry,UAV-4,,3,574.700,574.706,5.6,1,0,delivered
5801,telemetry,UAV-2,,3,574.900,574.906,5.6,1,0,delivered
5802,telemetry,UAV-3,,3,575.000,575.006,5.6,1,0,delivered
5803,telemetry,UAV-6,,3,575.000,575.006,5.6,1,0,delivered
5804,telemetry,UAV-4,,3,575.200,575.206,5.6,1,0,delivered
5805,telemetry,UAV-2,,3,575.400,575.406,5.6,1,0,delivered
5806,telemetry,UAV-3,,3,575.500,575.506,5.6,1,0,delivered
5807,telemetry,UAV-6,,3,575.500,575.506,5.6,1,0,delivered
5808,telemetry,UAV-4,,3,575.700,575.706,5.6,1,0,delivered
5809,telemetry,UAV-2,,3,575.900,575.906,5.6,1,0,delivered
5810,telemetry,UAV-3,,3,576.000,576.006,5.6,1,0,delivered
5811,telemetry,UAV-6,,3,576.000,576.006,5.6,1,0,delivered
5812,telemetry,UAV-4,,3,576.200,576.206,5.6,1,0,delivered
5813,telemetry,UAV-2,,3,576.400,576.406,5.6,1,0,delivered
5814,telemetry,UAV-3,,3,576.500,576.506,5.6,1,0,delivered
5815,telemetry,UAV-6,,3,576.500,576.506,5.6,1,0,delivered
5816,telemetry,UAV-4,,3,576.700,576.706,5.6,1,0,delivered
5817,telemetry,UAV-2,,3,576.900,576.906,5.6,1,0,delivered
5818,telemetry,UAV-3,,3,577.000,577.006,5.6,1,0,delivered
5819,telemetry,UAV-6,,3,577.000,577.006,5.6,1,0,delivered
5820,telemetry,UAV-4,,3,577.200,577.206,5.6,1,0,delivered
5821,telemetry,UAV-2,,3,577.400,577.406,5.6,1,0,delivered
5822,telemetry,UAV-3,,3,577.500,577.506,5.6,1,0,delivered
5823,telemetry,UAV-6,,3,577.500,577.506,5.6,1,0,delivered
5824,telemetry,UAV-4,,3,577.700,577.706,5.6,1,0,delivered
5825,telemetry,UAV-2,,3,577.900,577.906,5.6,1,0,delivered
5826,telemetry,UAV-3,,3,578.000,578.006,5.6,1,0,delivered
5827,telemetry,UAV-6,,3,578.000,578.006,5.6,1,0,delivered
5828,telemetry,UAV-4,,3,578.200,578.206,5.6,1,0,delivered
5829,telemetry,UAV-2,,3,578.400,578.406,5.6,1,0,delivered
5830,telemetry,UAV-3,,3,578.500,578.506,5.6,1,0,delivered
5831,telemetry,UAV-6,,3,578.500,578.506,5.6,1,0,delivered
5832,telemetry,UAV-4,,3,578.700,578.706,5.6,1,0,delivered
5833,telemetry,UAV-2,,3,578.900,578.906,5.6,1,0,delivered
5834,telemetry,UAV-3,,3,579.000,579.006,5.6,1,0,delivered
5835,telemetry,UAV-6,,3,579.000,579.006,5.6,1,0,delivered
5836,telemetry,UAV-4,,3,579.200,579.206,5.6,1,0,delivered
5837,telemetry,UAV-2,,3,579.400,579.406,5.6,1,0,delivered
5838,telemetry,UAV-3,,3,579.500,579.506,5.6,1,0,delivered
5839,telemetry,UAV-6,,3,579.500,579.506,5.6,1,0,delivered
5840,telemetry,UAV-4,,3,579.700,579.706,5.6,1,0,delivered
5841,telemetry,UAV-2,,3,579.900,579.906,5.6,1,0,delivered
5842,telemetry,UAV-3,,3,580.000,580.006,5.6,1,0,delivered
5843,telemetry,UAV-6,,3,580.000,580.006,5.6,1,0,delivered
5844,telemetry,UAV-4,,3,580.200,580.206,5.6,1,0,delivered
5845,telemetry,UAV-2,,3,580.400,580.406,5.6,1,0,delivered
5846,telemetry,UAV-3,,3,580.500,580.506,5.6,1,0,delivered
5847,telemetry,UAV-6,,3,580.500,580.506,5.6,1,0,delivered
5848,telemetry,UAV-4,,3,580.700,580.706,5.6,1,0,delivered
5849,telemetry,UAV-2,,3,580.900,580.906,5.6,1,0,delivered
5850,telemetry,UAV-3,,3,581.000,581.006,5.6,1,0,delivered
5851,telemetry,UAV-6,,3,581.000,581.006,5.6,1,0,delivered
5852,telemetry,UAV-4,,3,581.200,581.206,5.6,1,0,delivered
5853,telemetry,UAV-2,,3,581.400,581.406,5.6,1,0,delivered
5854,telemetry,UAV-3,,3,581.500,581.506,5.6,1,0,delivered
5855,telemetry,UAV-6,,3,581.500,581.506,5.6,1,0,delivered
5856,telemetry,UAV-4,,3,581.700,581.706,5.6,1,0,delivered
5857,telemetry,UAV-2,,3,581.900,581.906,5.6,1,0,delivered
5858,telemetry,UAV-3,,3,582.000,582.006,5.6,1,0,delivered
5859,telemetry,UAV-6,,3,582.000,582.006,5.6,1,0,delivered
5860,telemetry,UAV-4,,3,582.200,582.206,5.6,1,0,delivered
5861,telemetry,UAV-2,,3,582.400,582.406,5.6,1,0,delivered
5862,telemetry,UAV-3,,3,582.500,582.506,5.6,1,0,delivered
5863,telemetry,UAV-6,,3,582.500,582.506,5.6,1,0,delivered
5864,telemetry,UAV-4,,3,582.700,582.706,5.6,1,0,delivered
5865,telemetry,UAV-2,,3,582.900,582.906,5.6,1,0,delivered
5866,telemetry,UAV-3,,3,583.000,583.006,5.6,1,0,delivered
5867,telemetry,UAV-6,,3,583.000,583.006,5.6,1,0,delivered
5868,telemetry,UAV-4,,3,583.200,583.206,5.6,1,0,delivered
5869,telemetry,UAV-2,,3,583.400,583.406,5.6,1,0,delivered
5870,telemetry,UAV-3,,3,583.500,583.506,5.6,1,0,delivered
5871,telemetry,UAV-6,,3,583.500,583.506,5.6,1,0,delivered
5872,telemetry,UAV-4,,3,583.700,583.706,5.6,1,0,delivered
5873,telemetry,UAV-2,,3,583.900,583.906,5.6,1,0,delivered
5874,telemetry,UAV-3,,3,584.000,584.006,5.6,1,0,delivered
5875,telemetry,UAV-6,,3,584.000,584.006,5.6,1,0,delivered
5876,telemetry,UAV-4,,3,584.200,584.206,5.6,1,0,delivered
5877,telemetry,UAV-2,,3,584.400,584.406,5.6,1,0,delivered
5878,telemetry,UAV-3,,3,584.500,584.506,5.6,1,0,delivered
5879,telemetry,UAV-6,,3,584.500,584.506,5.6,1,0,delivered
5880,telemetry,UAV-4,,3,584.700,584.706,5.6,1,0,delivered
5881,telemetry,UAV-2,,3,584.900,584.906,5.6,1,0,delivered
5882,telemetry,UAV-3,,3,585.000,585.006,5.6,1,0,delivered
5883,telemetry,UAV-6,,3,585.000,585.006,5.6,1,0,delivered
5884,telemetry,UAV-4,,3,585.200,585.206,5.6,1,0,delivered
5885,telemetry,UAV-2,,3,585.400,585.406,5.6,1,0,delivered
5886,telemetry,UAV-3,,3,585.500,585.506,5.6,1,0,delivered
5887,telemetry,UAV-6,,3,585.500,585.506,5.6,1,0,delivered
5888,telemetry,UAV-4,,3,585.700,585.706,5.6,1,0,delivered
5889,telemetry,UAV-2,,3,585.900,585.906,5.6,1,0,delivered
5890,telemetry,UAV-3,,3,586.000,586.006,5.6,1,0,delivered
5891,telemetry,UAV-6,,3,586.000,586.006,5.6,1,0,delivered
5892,telemetry,UAV-4,,3,586.200,586.206,5.6,1,0,delivered
5893,telemetry,UAV-2,,3,586.400,586.406,5.6,1,0,delivered
5894,telemetry,UAV-3,,3,586.500,586.506,5.6,1,0,delivered
5895,telemetry,UAV-6,,3,586.500,586.506,5.6,1,0,delivered
5896,telemetry,UAV-4,,3,586.700,586.706,5.6,1,0,delivered
5897,telemetry,UAV-2,,3,586.900,586.906,5.6,1,0,delivered
5898,telemetry,UAV-3,,3,587.000,587.006,5.6,1,0,delivered
5899,telemetry,UAV-6,,3,587.000,587.006,5.6,1,0,delivered
5900,telemetry,UAV-4,,3,587.200,587.206,5.6,1,0,delivered
5901,telemetry,UAV-2,,3,587.400,587.406,5.6,1,0,delivered
5902,telemetry,UAV-3,,3,587.500,587.506,5.6,1,0,delivered
5903,telemetry,UAV-6,,3,587.500,587.506,5.6,1,0,delivered
5904,telemetry,UAV-4,,3,587.700,587.706,5.6,1,0,delivered
5905,telemetry,UAV-2,,3,587.900,587.906,5.6,1,0,delivered
5906,telemetry,UAV-3,,3,588.000,588.006,5.6,1,0,delivered
5907,telemetry,UAV-6,,3,588.000,588.006,5.6,1,0,delivered
5908,telemetry,UAV-4,,3,588.200,588.206,5.6,1,0,delivered
5909,telemetry,UAV-2,,3,588.400,588.406,5.6,1,0,delivered
5910,telemetry,UAV-3,,3,588.500,588.506,5.6,1,0,delivered
5911,telemetry,UAV-6,,3,588.500,588.506,5.6,1,0,delivered
5912,telemetry,UAV-4,,3,588.700,588.706,5.6,1,0,delivered
5913,telemetry,UAV-2,,3,588.900,588.906,5.6,1,0,delivered
5914,telemetry,UAV-3,,3,589.000,589.006,5.6,1,0,delivered
5915,telemetry,UAV-6,,3,589.000,589.006,5.6,1,0,delivered
5916,telemetry,UAV-4,,3,589.200,589.206,5.6,1,0,delivered
5917,telemetry,UAV-2,,3,589.400,589.406,5.6,1,0,delivered
5918,telemetry,UAV-3,,3,589.500,589.506,5.6,1,0,delivered
5919,telemetry,UAV-6,,3,589.500,589.506,5.6,1,0,delivered
5920,telemetry,UAV-4,,3,589.700,589.706,5.6,1,0,delivered
5921,telemetry,UAV-2,,3,589.900,589.906,5.6,1,0,delivered
5922,telemetry,UAV-3,,3,590.000,590.006,5.6,1,0,delivered
5923,telemetry,UAV-6,,3,590.000,590.006,5.6,1,0,delivered
5924,telemetry,UAV-4,,3,590.200,590.206,5.6,1,0,delivered
5925,telemetry,UAV-2,,3,590.400,590.406,5.6,1,0,delivered
5926,telemetry,UAV-3,,3,590.500,590.506,5.6,1,0,delivered
5927,telemetry,UAV-6,,3,590.500,590.506,5.6,1,0,delivered
5928,telemetry,UAV-4,,3,590.700,590.706,5.6,1,0,delivered
5929,telemetry,UAV-2,,3,590.900,590.906,5.6,1,0,delivered
5930,telemetry,UAV-3,,3,591.000,591.006,5.6,1,0,delivered
5931,telemetry,UAV-6,,3,591.000,591.006,5.6,1,0,delivered
5932,telemetry,UAV-4,,3,591.200,591.206,5.6,1,0,delivered
5933,telemetry,UAV-2,,3,591.400,591.406,5.6,1,0,delivered
5934,telemetry,UAV-3,,3,591.500,591.506,5.6,1,0,delivered
5935,telemetry,UAV-6,,3,591.500,591.506,5.6,1,0,delivered
5936,telemetry,UAV-4,,3,591.700,591.706,5.6,1,0,delivered
5937,telemetry,UAV-2,,3,591.900,591.906,5.6,1,0,delivered
5938,telemetry,UAV-3,,3,592.000,592.006,5.6,1,0,delivered
5939,telemetry,UAV-6,,3,592.000,592.006,5.6,1,0,delivered
5940,telemetry,UAV-4,,3,592.200,592.206,5.6,1,0,delivered
5941,telemetry,UAV-2,,3,592.400,592.406,5.6,1,0,delivered
5942,telemetry,UAV-3,,3,592.500,592.506,5.6,1,0,delivered
5943,telemetry,UAV-6,,3,592.500,592.506,5.6,1,0,delivered
5944,telemetry,UAV-4,,3,592.700,592.706,5.6,1,0,delivered
5945,telemetry,UAV-2,,3,592.900,592.906,5.6,1,0,delivered
5946,telemetry,UAV-3,,3,593.000,593.006,5.6,1,0,delivered
5947,telemetry,UAV-6,,3,593.000,593.006,5.6,1,0,delivered
5948,telemetry,UAV-4,,3,593.200,593.206,5.6,1,0,delivered
5949,telemetry,UAV-2,,3,593.400,593.406,5.6,1,0,delivered
5950,telemetry,UAV-3,,3,593.500,593.506,5.6,1,0,delivered
5951,telemetry,UAV-6,,3,593.500,593.506,5.6,1,0,delivered
5952,telemetry,UAV-4,,3,593.700,593.706,5.6,1,0,delivered
5953,telemetry,UAV-2,,3,593.900,593.906,5.6,1,0,delivered
5954,telemetry,UAV-3,,3,594.000,594.006,5.6,1,0,delivered
5955,telemetry,UAV-6,,3,594.000,594.006,5.6,1,0,delivered
5956,telemetry,UAV-4,,3,594.200,594.206,5.6,1,0,delivered
5957,telemetry,UAV-2,,3,594.400,594.406,5.6,1,0,delivered
5958,telemetry,UAV-3,,3,594.500,594.506,5.6,1,0,delivered
5959,telemetry,UAV-6,,3,594.500,594.506,5.6,1,0,delivered
5960,telemetry,UAV-4,,3,594.700,594.706,5.6,1,0,delivered
5961,telemetry,UAV-2,,3,594.900,594.906,5.6,1,0,delivered
5962,telemetry,UAV-3,,3,595.000,595.006,5.6,1,0,delivered
5963,telemetry,UAV-6,,3,595.000,595.006,5.6,1,0,delivered
5964,telemetry,UAV-4,,3,595.200,595.206,5.6,1,0,delivered
5965,telemetry,UAV-2,,3,595.400,595.406,5.6,1,0,delivered
5966,telemetry,UAV-3,,3,595.500,595.506,5.6,1,0,delivered
5967,telemetry,UAV-6,,3,595.500,595.506,5.6,1,0,delivered
5968,telemetry,UAV-4,,3,595.700,595.706,5.6,1,0,delivered
5969,telemetry,UAV-2,,3,595.900,595.906,5.6,1,0,delivered
5970,telemetry,UAV-3,,3,596.000,596.006,5.6,1,0,delivered
5971,telemetry,UAV-6,,3,596.000,596.006,5.6,1,0,delivered
5972,telemetry,UAV-4,,3,596.200,596.206,5.6,1,0,delivered
5973,telemetry,UAV-2,,3,596.400,596.406,5.6,1,0,delivered
5974,telemetry,UAV-3,,3,596.500,596.506,5.6,1,0,delivered
5975,telemetry,UAV-6,,3,596.500,596.506,5.6,1,0,delivered
5976,telemetry,UAV-4,,3,596.700,596.706,5.6,1,0,delivered
5977,telemetry,UAV-2,,3,596.900,596.906,5.6,1,0,delivered
5978,telemetry,UAV-3,,3,597.000,597.006,5.6,1,0,delivered
5979,telemetry,UAV-6,,3,597.000,597.006,5.6,1,0,delivered
5980,telemetry,UAV-4,,3,597.200,597.206,5.6,1,0,delivered
5981,telemetry,UAV-2,,3,597.400,597.406,5.6,1,0,delivered
5982,telemetry,UAV-3,,3,597.500,597.506,5.6,1,0,delivered
5983,telemetry,UAV-6,,3,597.500,597.506,5.6,1,0,delivered
5984,telemetry,UAV-4,,3,597.700,597.706,5.6,1,0,delivered
5985,telemetry,UAV-2,,3,597.900,597.906,5.6,1,0,delivered
5986,telemetry,UAV-3,,3,598.000,598.006,5.6,1,0,delivered
5987,telemetry,UAV-6,,3,598.000,598.006,5.6,1,0,delivered
5988,telemetry,UAV-4,,3,598.200,598.206,5.6,1,0,delivered
5989,telemetry,UAV-2,,3,598.400,598.406,5.6,1,0,delivered
5990,telemetry,UAV-3,,3,598.500,598.506,5.6,1,0,delivered
5991,telemetry,UAV-6,,3,598.500,598.506,5.6,1,0,delivered
5992,telemetry,UAV-4,,3,598.700,598.706,5.6,1,0,delivered
5993,telemetry,UAV-2,,3,598.900,598.906,5.6,1,0,delivered
5994,telemetry,UAV-3,,3,599.000,599.006,5.6,1,0,delivered
5995,telemetry,UAV-6,,3,599.000,599.006,5.6,1,0,delivered
5996,telemetry,UAV-4,,3,599.200,599.206,5.6,1,0,delivered
5997,telemetry,UAV-2,,3,599.400,599.406,5.6,1,0,delivered
5998,telemetry,UAV-3,,3,599.500,599.506,5.6,1,0,delivered
5999,telemetry,UAV-6,,3,599.500,599.506,5.6,1,0,delivered
6000,telemetry,UAV-4,,3,599.700,599.706,5.6,1,0,delivered
6001,telemetry,UAV-2,,3,599.900,599.906,5.6,1,0,delivered
6002,telemetry,UAV-3,,3,600.000,600.006,5.6,1,0,delivered
6003,telemetry,UAV-6,,3,600.000,600.006,5.6,1,0,delivered
6004,telemetry,UAV-4,,3,600.200,600.206,5.6,1,0,delivered
6005,telemetry,UAV-2,,3,600.400,600.406,5.6,1,0,delivered
6006,telemetry,UAV-3,,3,600.500,600.506,5.6,1,0,delivered
6007,telemetry,UAV-6,,3,600.500,600.506,5.6,1,0,delivered
6008,telemetry,UAV-4,,3,600.700,600.706,5.6,1,0,delivered
6009,telemetry,UAV-2,,3,600.900,600.906,5.6,1,0,delivered
6010,telemetry,UAV-3,,3,601.000,601.006,5.6,1,0,delivered
6011,telemetry,UAV-6,,3,601.000,601.006,5.6,1,0,delivered
6012,telemetry,UAV-4,,3,601.200,601.206,5.6,1,0,delivered
6013,telemetry,UAV-2,,3,601.400,601.406,5.6,1,0,delivered
6014,telemetry,UAV-3,,3,601.500,601.506,5.6,1,0,delivered
6015,telemetry,UAV-6,,3,601.500,601.506,5.6,1,0,delivered
6016,telemetry,UAV-4,,3,601.700,601.706,5.6,1,0,delivered
6017,telemetry,UAV-2,,3,601.900,601.906,5.6,1,0,delivered
6018,telemetry,UAV-3,,3,602.000,602.006,5.6,1,0,delivered
6019,telemetry,UAV-6,,3,602.000,602.006,5.6,1,0,delivered
6020,telemetry,UAV-4,,3,602.200,602.206,5.6,1,0,delivered
6021,telemetry,UAV-2,,3,602.400,602.406,5.6,1,0,delivered
6022,telemetry,UAV-3,,3,602.500,602.506,5.6,1,0,delivered
6023,telemetry,UAV-6,,3,602.500,602.506,5.6,1,0,delivered
6024,telemetry,UAV-4,,3,602.700,602.706,5.6,1,0,delivered
6025,telemetry,UAV-2,,3,602.900,602.906,5.6,1,0,delivered
6026,telemetry,UAV-3,,3,603.000,603.006,5.6,1,0,delivered
6027,telemetry,UAV-6,,3,603.000,603.006,5.6,1,0,delivered
6028,telemetry,UAV-4,,3,603.200,603.206,5.6,1,0,delivered
6029,telemetry,UAV-2,,3,603.400,603.406,5.6,1,0,delivered
6030,telemetry,UAV-3,,3,603.500,603.506,5.6,1,0,delivered
6031,telemetry,UAV-6,,3,603.500,603.506,5.6,1,0,delivered
6032,telemetry,UAV-4,,3,603.700,603.706,5.6,1,0,delivered
6033,telemetry,UAV-2,,3,603.900,603.906,5.6,1,0,delivered
6034,telemetry,UAV-3,,3,604.000,604.006,5.6,1,0,delivered
6035,telemetry,UAV-6,,3,604.000,604.006,5.6,1,0,delivered
6036,telemetry,UAV-4,,3,604.200,604.206,5.6,1,0,delivered
6037,telemetry,UAV-2,,3,604.400,604.406,5.6,1,0,delivered
6038,telemetry,UAV-3,,3,604.500,604.506,5.6,1,0,delivered
6039,telemetry,UAV-6,,3,604.500,604.506,5.6,1,0,delivered
6040,telemetry,UAV-4,,3,604.700,604.706,5.6,1,0,delivered
6041,telemetry,UAV-2,,3,604.900,604.906,5.6,1,0,delivered
6042,telemetry,UAV-3,,3,605.000,605.006,5.6,1,0,delivered
6043,telemetry,UAV-6,,3,605.000,605.006,5.6,1,0,delivered
6044,telemetry,UAV-4,,3,605.200,605.206,5.6,1,0,delivered
6045,telemetry,UAV-2,,3,605.400,605.406,5.6,1,0,delivered
6046,telemetry,UAV-3,,3,605.500,605.506,5.6,1,0,delivered
6047,telemetry,UAV-6,,3,605.500,605.506,5.6,1,0,delivered
6048,telemetry,UAV-4,,3,605.700,605.706,5.6,1,0,delivered
6049,telemetry,UAV-2,,3,605.900,605.906,5.6,1,0,delivered
6050,telemetry,UAV-3,,3,606.000,606.006,5.6,1,0,delivered
6051,telemetry,UAV-6,,3,606.000,606.006,5.6,1,0,delivered
6052,telemetry,UAV-4,,3,606.200,606.206,5.6,1,0,delivered
6053,telemetry,UAV-2,,3,606.400,606.406,5.6,1,0,delivered
6054,telemetry,UAV-3,,3,606.500,606.506,5.6,1,0,delivered
6055,telemetry,UAV-6,,3,606.500,606.506,5.6,1,0,delivered
6056,telemetry,UAV-4,,3,606.700,606.706,5.6,1,0,delivered
6057,telemetry,UAV-2,,3,606.900,606.906,5.6,1,0,delivered
6058,telemetry,UAV-3,,3,607.000,607.006,5.6,1,0,delivered
6059,telemetry,UAV-6,,3,607.000,607.006,5.6,1,0,delivered
6060,telemetry,UAV-4,,3,607.200,607.206,5.6,1,0,delivered
6061,telemetry,UAV-2,,3,607.400,607.406,5.6,1,0,delivered
6062,telemetry,UAV-3,,3,607.500,607.506,5.6,1,0,delivered
6063,telemetry,UAV-6,,3,607.500,607.506,5.6,1,0,delivered
6064,telemetry,UAV-4,,3,607.700,607.706,5.6,1,0,delivered
6065,telemetry,UAV-2,,3,607.900,607.906,5.6,1,0,delivered
6066,telemetry,UAV-3,,3,608.000,608.006,5.6,1,0,delivered
6067,telemetry,UAV-6,,3,608.000,608.006,5.6,1,0,delivered
6068,telemetry,UAV-4,,3,608.200,608.206,5.6,1,0,delivered
6069,telemetry,UAV-2,,3,608.400,608.406,5.6,1,0,delivered
6070,telemetry,UAV-3,,3,608.500,608.506,5.6,1,0,delivered
6071,telemetry,UAV-6,,3,608.500,608.506,5.6,1,0,delivered
6072,telemetry,UAV-4,,3,608.700,608.706,5.6,1,0,delivered
6073,telemetry,UAV-2,,3,608.900,608.906,5.6,1,0,delivered
6074,telemetry,UAV-3,,3,609.000,609.006,5.6,1,0,delivered
6075,telemetry,UAV-6,,3,609.000,609.006,5.6,1,0,delivered
6076,telemetry,UAV-4,,3,609.200,609.206,5.6,1,0,delivered
6077,telemetry,UAV-2,,3,609.400,609.406,5.6,1,0,delivered
6078,telemetry,UAV-3,,3,609.500,609.506,5.6,1,0,delivered
6079,telemetry,UAV-6,,3,609.500,609.506,5.6,1,0,delivered
6080,telemetry,UAV-4,,3,609.700,609.706,5.6,1,0,delivered
6081,telemetry,UAV-2,,3,609.900,609.906,5.6,1,0,delivered
6082,telemetry,UAV-3,,3,610.000,610.006,5.6,1,0,delivered
6083,telemetry,UAV-6,,3,610.000,610.006,5.6,1,0,delivered
6084,telemetry,UAV-4,,3,610.200,610.206,5.6,1,0,delivered
6085,telemetry,UAV-2,,3,610.400,610.406,5.6,1,0,delivered
6086,telemetry,UAV-3,,3,610.500,610.506,5.6,1,0,delivered
6087,telemetry,UAV-6,,3,610.500,610.506,5.6,1,0,delivered
6088,telemetry,UAV-4,,3,610.700,610.706,5.6,1,0,delivered
6089,telemetry,UAV-2,,3,610.900,610.906,5.6,1,0,delivered
6090,telemetry,UAV-3,,3,611.000,611.006,5.6,1,0,delivered
6091,telemetry,UAV-6,,3,611.000,611.006,5.6,1,0,delivered
6092,telemetry,UAV-4,,3,611.200,611.206,5.6,1,0,delivered
6093,telemetry,UAV-2,,3,611.400,611.406,5.6,1,0,delivered
6094,telemetry,UAV-3,,3,611.500,611.506,5.6,1,0,delivered
6095,telemetry,UAV-6,,3,611.500,611.506,5.6,1,0,delivered
6096,telemetry,UAV-4,,3,611.700,611.706,5.6,1,0,delivered
6097,telemetry,UAV-2,,3,611.900,611.906,5.6,1,0,delivered
6098,telemetry,UAV-3,,3,612.000,612.006,5.6,1,0,delivered
6099,telemetry,UAV-6,,3,612.000,612.006,5.6,1,0,delivered
6100,telemetry,UAV-4,,3,612.200,612.206,5.6,1,0,delivered
6101,telemetry,UAV-2,,3,612.400,612.406,5.6,1,0,delivered
6102,telemetry,UAV-3,,3,612.500,612.506,5.6,1,0,delivered
6103,telemetry,UAV-6,,3,612.500,612.506,5.6,1,0,delivered
6104,telemetry,UAV-4,,3,612.700,612.706,5.6,1,0,delivered
6105,telemetry,UAV-2,,3,612.900,612.906,5.6,1,0,delivered
6106,telemetry,UAV-3,,3,613.000,613.006,5.6,1,0,delivered
6107,telemetry,UAV-6,,3,613.000,613.006,5.6,1,0,delivered
6108,telemetry,UAV-4,,3,613.200,613.206,5.6,1,0,delivered
6109,telemetry,UAV-2,,3,613.400,613.406,5.6,1,0,delivered
6110,telemetry,UAV-3,,3,613.500,613.506,5.6,1,0,delivered
6111,telemetry,UAV-6,,3,613.500,613.506,5.6,1,0,delivered
6112,telemetry,UAV-4,,3,613.700,613.706,5.6,1,0,delivered
6113,telemetry,UAV-2,,3,613.900,613.906,5.6,1,0,delivered
6114,telemetry,UAV-3,,3,614.000,614.006,5.6,1,0,delivered
6115,telemetry,UAV-6,,3,614.000,614.006,5.6,1,0,delivered
6116,telemetry,UAV-4,,3,614.200,614.206,5.6,1,0,delivered
6117,telemetry,UAV-2,,3,614.400,614.406,5.6,1,0,delivered
6118,telemetry,UAV-3,,3,614.500,614.506,5.6,1,0,delivered
6119,telemetry,UAV-6,,3,614.500,614.506,5.6,1,0,delivered
6120,telemetry,UAV-4,,3,614.700,614.706,5.6,1,0,delivered
6121,telemetry,UAV-2,,3,614.900,614.906,5.6,1,0,delivered
6122,telemetry,UAV-3,,3,615.000,615.006,5.6,1,0,delivered
6123,telemetry,UAV-6,,3,615.000,615.006,5.6,1,0,delivered
6124,telemetry,UAV-4,,3,615.200,615.206,5.6,1,0,delivered
6125,telemetry,UAV-2,,3,615.400,615.406,5.6,1,0,delivered
6126,telemetry,UAV-3,,3,615.500,615.506,5.6,1,0,delivered
6127,telemetry,UAV-6,,3,615.500,615.506,5.6,1,0,delivered
6128,telemetry,UAV-4,,3,615.700,615.706,5.6,1,0,delivered
6129,telemetry,UAV-2,,3,615.900,615.906,5.6,1,0,delivered
6130,telemetry,UAV-3,,3,616.000,616.006,5.6,1,0,delivered
6131,telemetry,UAV-6,,3,616.000,616.006,5.6,1,0,delivered
6132,telemetry,UAV-4,,3,616.200,616.206,5.6,1,0,delivered
6133,telemetry,UAV-2,,3,616.400,616.406,5.6,1,0,delivered
6134,telemetry,UAV-3,,3,616.500,616.506,5.6,1,0,delivered
6135,telemetry,UAV-6,,3,616.500,616.506,5.6,1,0,delivered
6136,telemetry,UAV-4,,3,616.700,616.706,5.6,1,0,delivered
6137,telemetry,UAV-2,,3,616.900,616.906,5.6,1,0,delivered
6138,telemetry,UAV-3,,3,617.000,617.006,5.6,1,0,delivered
6139,telemetry,UAV-6,,3,617.000,617.006,5.6,1,0,delivered
6140,telemetry,UAV-4,,3,617.200,617.206,5.6,1,0,delivered
6141,telemetry,UAV-2,,3,617.400,617.406,5.6,1,0,delivered
6142,telemetry,UAV-3,,3,617.500,617.506,5.6,1,0,delivered
6143,telemetry,UAV-6,,3,617.500,617.506,5.6,1,0,delivered
6144,telemetry,UAV-4,,3,617.700,617.706,5.6,1,0,delivered
6145,telemetry,UAV-2,,3,617.900,617.906,5.6,1,0,delivered
6146,telemetry,UAV-3,,3,618.000,618.006,5.6,1,0,delivered
6147,telemetry,UAV-6,,3,618.000,618.006,5.6,1,0,delivered
6148,telemetry,UAV-4,,3,618.200,618.206,5.6,1,0,delivered
6149,telemetry,UAV-2,,3,618.400,618.406,5.6,1,0,delivered
6150,telemetry,UAV-3,,3,618.500,618.506,5.6,1,0,delivered
6151,telemetry,UAV-6,,3,618.500,618.506,5.6,1,0,delivered
6152,telemetry,UAV-4,,3,618.700,618.706,5.6,1,0,delivered
6153,telemetry,UAV-2,,3,618.900,618.906,5.6,1,0,delivered
6154,telemetry,UAV-3,,3,619.000,619.006,5.6,1,0,delivered
6155,telemetry,UAV-6,,3,619.000,619.006,5.6,1,0,delivered
6156,telemetry,UAV-4,,3,619.200,619.206,5.6,1,0,delivered
6157,telemetry,UAV-2,,3,619.400,619.406,5.6,1,0,delivered
6158,telemetry,UAV-3,,3,619.500,619.506,5.6,1,0,delivered
6159,telemetry,UAV-6,,3,619.500,619.506,5.6,1,0,delivered
6160,telemetry,UAV-4,,3,619.700,619.706,5.6,1,0,delivered
6161,telemetry,UAV-2,,3,619.900,619.906,5.6,1,0,delivered
6162,telemetry,UAV-3,,3,620.000,620.006,5.6,1,0,delivered
6163,telemetry,UAV-6,,3,620.000,620.006,5.6,1,0,delivered
6164,telemetry,UAV-4,,3,620.200,620.206,5.6,1,0,delivered
6165,telemetry,UAV-2,,3,620.400,620.406,5.6,1,0,delivered
6166,telemetry,UAV-3,,3,620.500,620.506,5.6,1,0,delivered
6167,telemetry,UAV-6,,3,620.500,620.506,5.6,1,0,delivered
6168,telemetry,UAV-4,,3,620.700,620.706,5.6,1,0,delivered
6169,telemetry,UAV-2,,3,620.900,620.906,5.6,1,0,delivered
6170,telemetry,UAV-3,,3,621.000,621.006,5.6,1,0,delivered
6171,telemetry,UAV-6,,3,621.000,621.006,5.6,1,0,delivered
6172,telemetry,UAV-4,,3,621.200,621.206,5.6,1,0,delivered
6173,telemetry,UAV-2,,3,621.400,621.406,5.6,1,0,delivered
6174,telemetry,UAV-3,,3,621.500,621.506,5.6,1,0,delivered
6175,telemetry,UAV-6,,3,621.500,621.506,5.6,1,0,delivered
6176,telemetry,UAV-4,,3,621.700,621.706,5.6,1,0,delivered
6177,telemetry,UAV-2,,3,621.900,621.906,5.6,1,0,delivered
6178,telemetry,UAV-3,,3,622.000,622.006,5.6,1,0,delivered
6179,telemetry,UAV-6,,3,622.000,622.006,5.6,1,0,delivered
6180,telemetry,UAV-4,,3,622.200,622.206,5.6,1,0,delivered
6181,telemetry,UAV-2,,3,622.400,622.406,5.6,1,0,delivered
6182,telemetry,UAV-3,,3,622.500,622.506,5.6,1,0,delivered
6183,telemetry,UAV-6,,3,622.500,622.506,5.6,1,0,delivered
6184,telemetry,UAV-4,,3,622.700,622.706,5.6,1,0,delivered
6185,telemetry,UAV-2,,3,622.900,622.906,5.6,1,0,delivered
6186,telemetry,UAV-3,,3,623.000,623.006,5.6,1,0,delivered
6187,telemetry,UAV-6,,3,623.000,623.006,5.6,1,0,delivered
6188,telemetry,UAV-4,,3,623.200,623.206,5.6,1,0,delivered
6189,telemetry,UAV-2,,3,623.400,623.406,5.6,1,0,delivered
6190,telemetry,UAV-3,,3,623.500,623.506,5.6,1,0,delivered
6191,telemetry,UAV-6,,3,623.500,623.506,5.6,1,0,delivered
6192,telemetry,UAV-4,,3,623.700,623.706,5.6,1,0,delivered
6193,telemetry,UAV-2,,3,623.900,623.906,5.6,1,0,delivered
6194,telemetry,UAV-3,,3,624.000,624.006,5.6,1,0,delivered
6195,telemetry,UAV-6,,3,624.000,624.006,5.6,1,0,delivered
6196,telemetry,UAV-4,,3,624.200,624.206,5.6,1,0,delivered
6197,telemetry,UAV-2,,3,624.400,624.406,5.6,1,0,delivered
6198,telemetry,UAV-3,,3,624.500,624.506,5.6,1,0,delivered
6199,telemetry,UAV-6,,3,624.500,624.506,5.6,1,0,delivered
6200,telemetry,UAV-4,,3,624.700,624.706,5.6,1,0,delivered
6201,telemetry,UAV-2,,3,624.900,624.906,5.6,1,0,delivered
6202,telemetry,UAV-3,,3,625.000,625.006,5.6,1,0,delivered
6203,telemetry,UAV-6,,3,625.000,625.006,5.6,1,0,delivered
6204,telemetry,UAV-4,,3,625.200,625.206,5.6,1,0,delivered
6205,telemetry,UAV-2,,3,625.400,625.406,5.6,1,0,delivered
6206,telemetry,UAV-3,,3,625.500,625.506,5.6,1,0,delivered
6207,telemetry,UAV-6,,3,625.500,625.506,5.6,1,0,delivered
6208,telemetry,UAV-4,,3,625.700,625.706,5.6,1,0,delivered
6209,telemetry,UAV-2,,3,625.900,625.906,5.6,1,0,delivered
6210,telemetry,UAV-3,,3,626.000,626.006,5.6,1,0,delivered
6211,telemetry,UAV-6,,3,626.000,626.006,5.6,1,0,delivered
6212,telemetry,UAV-4,,3,626.200,626.206,5.6,1,0,delivered
6213,telemetry,UAV-2,,3,626.400,626.406,5.6,1,0,delivered
6214,telemetry,UAV-3,,3,626.500,626.506,5.6,1,0,delivered
6215,telemetry,UAV-6,,3,626.500,626.506,5.6,1,0,delivered
6216,telemetry,UAV-4,,3,626.700,626.706,5.6,1,0,delivered
6217,telemetry,UAV-2,,3,626.900,626.906,5.6,1,0,delivered
6218,telemetry,UAV-3,,3,627.000,627.006,5.6,1,0,delivered
6219,telemetry,UAV-6,,3,627.000,627.006,5.6,1,0,delivered
6220,telemetry,UAV-4,,3,627.200,627.206,5.6,1,0,delivered
6221,telemetry,UAV-2,,3,627.400,627.406,5.6,1,0,delivered
6222,telemetry,UAV-3,,3,627.500,627.506,5.6,1,0,delivered
6223,telemetry,UAV-6,,3,627.500,627.506,5.6,1,0,delivered
6224,telemetry,UAV-4,,3,627.700,627.706,5.6,1,0,delivered
6225,telemetry,UAV-2,,3,627.900,627.906,5.6,1,0,delivered
6226,telemetry,UAV-3,,3,628.000,628.006,5.6,1,0,delivered
6227,telemetry,UAV-6,,3,628.000,628.006,5.6,1,0,delivered
6228,telemetry,UAV-4,,3,628.200,628.206,5.6,1,0,delivered
6229,telemetry,UAV-2,,3,628.400,628.406,5.6,1,0,delivered
6230,telemetry,UAV-3,,3,628.500,628.506,5.6,1,0,delivered
6231,telemetry,UAV-6,,3,628.500,628.506,5.6,1,0,delivered
6232,telemetry,UAV-4,,3,628.700,628.706,5.6,1,0,delivered
6233,telemetry,UAV-2,,3,628.900,628.906,5.6,1,0,delivered
6234,telemetry,UAV-3,,3,629.000,629.006,5.6,1,0,delivered
6235,telemetry,UAV-6,,3,629.000,629.006,5.6,1,0,delivered
6236,telemetry,UAV-4,,3,629.200,629.206,5.6,1,0,delivered
6237,telemetry,UAV-2,,3,629.400,629.406,5.6,1,0,delivered
6238,telemetry,UAV-3,,3,629.500,629.506,5.6,1,0,delivered
6239,telemetry,UAV-6,,3,629.500,629.506,5.6,1,0,delivered
6240,telemetry,UAV-4,,3,629.700,629.706,5.6,1,0,delivered
6241,telemetry,UAV-2,,3,629.900,629.906,5.6,1,0,delivered
6242,telemetry,UAV-3,,3,630.000,630.006,5.6,1,0,delivered
6243,telemetry,UAV-6,,3,630.000,630.006,5.6,1,0,delivered
6244,telemetry,UAV-4,,3,630.200,630.206,5.6,1,0,delivered
6245,telemetry,UAV-2,,3,630.400,630.406,5.6,1,0,delivered
6246,telemetry,UAV-3,,3,630.500,630.506,5.6,1,0,delivered
6247,telemetry,UAV-6,,3,630.500,630.506,5.6,1,0,delivered
6248,telemetry,UAV-4,,3,630.700,630.706,5.6,1,0,delivered
6249,telemetry,UAV-2,,3,630.900,630.906,5.6,1,0,delivered
6250,telemetry,UAV-3,,3,631.000,631.006,5.6,1,0,delivered
6251,telemetry,UAV-6,,3,631.000,631.006,5.6,1,0,delivered
6252,telemetry,UAV-4,,3,631.200,631.206,5.6,1,0,delivered
6253,telemetry,UAV-2,,3,631.400,631.406,5.6,1,0,delivered
6254,telemetry,UAV-3,,3,631.500,631.506,5.6,1,0,delivered
6255,telemetry,UAV-6,,3,631.500,631.506,5.6,1,0,delivered
6256,telemetry,UAV-4,,3,631.700,631.706,5.6,1,0,delivered
6257,telemetry,UAV-2,,3,631.900,631.906,5.6,1,0,delivered
6258,telemetry,UAV-3,,3,632.000,632.006,5.6,1,0,delivered
6259,telemetry,UAV-6,,3,632.000,632.006,5.6,1,0,delivered
6260,telemetry,UAV-4,,3,632.200,632.206,5.6,1,0,delivered
6261,telemetry,UAV-2,,3,632.400,632.406,5.6,1,0,delivered
6262,telemetry,UAV-3,,3,632.500,632.506,5.6,1,0,delivered
6263,telemetry,UAV-6,,3,632.500,632.506,5.6,1,0,delivered
6264,telemetry,UAV-4,,3,632.700,632.706,5.6,1,0,delivered
6265,telemetry,UAV-2,,3,632.900,632.906,5.6,1,0,delivered
6266,telemetry,UAV-3,,3,633.000,633.006,5.6,1,0,delivered
6267,telemetry,UAV-6,,3,633.000,633.006,5.6,1,0,delivered
6268,telemetry,UAV-4,,3,633.200,633.206,5.6,1,0,delivered
6269,telemetry,UAV-2,,3,633.400,633.406,5.6,1,0,delivered
6270,telemetry,UAV-3,,3,633.500,633.506,5.6,1,0,delivered
6271,telemetry,UAV-6,,3,633.500,633.506,5.6,1,0,delivered
6272,telemetry,UAV-4,,3,633.700,633.706,5.6,1,0,delivered
6273,telemetry,UAV-2,,3,633.900,633.906,5.6,1,0,delivered
6274,telemetry,UAV-3,,3,634.000,634.006,5.6,1,0,delivered
6275,telemetry,UAV-6,,3,634.000,634.006,5.6,1,0,delivered
6276,telemetry,UAV-4,,3,634.200,634.206,5.6,1,0,delivered
6277,telemetry,UAV-2,,3,634.400,634.406,5.6,1,0,delivered
6278,telemetry,UAV-3,,3,634.500,634.506,5.6,1,0,delivered
6279,telemetry,UAV-6,,3,634.500,634.506,5.6,1,0,delivered
6280,telemetry,UAV-4,,3,634.700,634.706,5.6,1,0,delivered
6281,telemetry,UAV-2,,3,634.900,634.906,5.6,1,0,delivered
6282,telemetry,UAV-3,,3,635.000,635.006,5.6,1,0,delivered
6283,telemetry,UAV-6,,3,635.000,635.006,5.6,1,0,delivered
6284,telemetry,UAV-4,,3,635.200,635.206,5.6,1,0,delivered
6285,telemetry,UAV-2,,3,635.400,635.406,5.6,1,0,delivered
6286,telemetry,UAV-3,,3,635.500,635.506,5.6,1,0,delivered
6287,telemetry,UAV-6,,3,635.500,635.506,5.6,1,0,delivered
6288,telemetry,UAV-4,,3,635.700,635.706,5.6,1,0,delivered
6289,telemetry,UAV-2,,3,635.900,635.906,5.6,1,0,delivered
6290,telemetry,UAV-3,,3,636.000,636.006,5.6,1,0,delivered
6291,telemetry,UAV-6,,3,636.000,636.006,5.6,1,0,delivered
6292,telemetry,UAV-4,,3,636.200,636.206,5.6,1,0,delivered
6293,telemetry,UAV-2,,3,636.400,636.406,5.6,1,0,delivered
6294,telemetry,UAV-3,,3,636.500,636.506,5.6,1,0,delivered
6295,telemetry,UAV-6,,3,636.500,636.506,5.6,1,0,delivered
6296,telemetry,UAV-4,,3,636.700,636.706,5.6,1,0,delivered
6297,telemetry,UAV-2,,3,636.900,636.906,5.6,1,0,delivered
6298,telemetry,UAV-3,,3,637.000,637.006,5.6,1,0,delivered
6299,telemetry,UAV-6,,3,637.000,637.006,5.6,1,0,delivered
6300,telemetry,UAV-4,,3,637.200,637.206,5.6,1,0,delivered
6301,telemetry,UAV-2,,3,637.400,637.406,5.6,1,0,delivered
6302,telemetry,UAV-3,,3,637.500,637.506,5.6,1,0,delivered
6303,telemetry,UAV-6,,3,637.500,637.506,5.6,1,0,delivered
6304,telemetry,UAV-4,,3,637.700,637.706,5.6,1,0,delivered
6305,telemetry,UAV-2,,3,637.900,637.906,5.6,1,0,delivered
6306,telemetry,UAV-3,,3,638.000,638.006,5.6,1,0,delivered
6307,telemetry,UAV-6,,3,638.000,638.006,5.6,1,0,delivered
6308,telemetry,UAV-4,,3,638.200,638.206,5.6,1,0,delivered
6309,telemetry,UAV-2,,3,638.400,638.406,5.6,1,0,delivered
6310,telemetry,UAV-3,,3,638.500,638.506,5.6,1,0,delivered
6311,telemetry,UAV-6,,3,638.500,638.506,5.6,1,0,delivered
6312,telemetry,UAV-4,,3,638.700,638.706,5.6,1,0,delivered
6313,telemetry,UAV-2,,3,638.900,638.906,5.6,1,0,delivered
6314,telemetry,UAV-3,,3,639.000,639.006,5.6,1,0,delivered
6315,telemetry,UAV-6,,3,639.000,639.006,5.6,1,0,delivered
6316,telemetry,UAV-4,,3,639.200,639.206,5.6,1,0,delivered
6317,telemetry,UAV-2,,3,639.400,639.406,5.6,1,0,delivered
6318,telemetry,UAV-3,,3,639.500,639.506,5.6,1,0,delivered
6319,telemetry,UAV-6,,3,639.500,639.506,5.6,1,0,delivered
6320,telemetry,UAV-4,,3,639.700,639.706,5.6,1,0,delivered
6321,telemetry,UAV-2,,3,639.900,639.906,5.6,1,0,delivered
6322,telemetry,UAV-3,,3,640.000,640.006,5.6,1,0,delivered
6323,telemetry,UAV-6,,3,640.000,640.006,5.6,1,0,delivered
6324,telemetry,UAV-4,,3,640.200,640.206,5.6,1,0,delivered
6325,telemetry,UAV-2,,3,640.400,640.406,5.6,1,0,delivered
6326,telemetry,UAV-3,,3,640.500,640.506,5.6,1,0,delivered
6327,telemetry,UAV-6,,3,640.500,640.506,5.6,1,0,delivered
6328,telemetry,UAV-4,,3,640.700,640.706,5.6,1,0,delivered
6329,telemetry,UAV-2,,3,640.900,640.906,5.6,1,0,delivered
6330,telemetry,UAV-3,,3,641.000,641.006,5.6,1,0,delivered
6331,telemetry,UAV-6,,3,641.000,641.006,5.6,1,0,delivered
6332,telemetry,UAV-4,,3,641.200,641.206,5.6,1,0,delivered
6333,telemetry,UAV-2,,3,641.400,641.406,5.6,1,0,delivered
6334,telemetry,UAV-3,,3,641.500,641.506,5.6,1,0,delivered
6335,telemetry,UAV-6,,3,641.500,641.506,5.6,1,0,delivered
6336,telemetry,UAV-4,,3,641.700,641.706,5.6,1,0,delivered
6337,telemetry,UAV-2,,3,641.900,641.906,5.6,1,0,delivered
6338,telemetry,UAV-3,,3,642.000,642.006,5.6,1,0,delivered
6339,telemetry,UAV-6,,3,642.000,642.006,5.6,1,0,delivered
6340,telemetry,UAV-2,,3,642.400,642.406,5.6,1,0,delivered
6341,telemetry,UAV-3,,3,642.500,642.506,5.6,1,0,delivered
6342,telemetry,UAV-6,,3,642.500,642.506,5.6,1,0,delivered
6343,telemetry,UAV-2,,3,642.900,642.906,5.6,1,0,delivered
6344,telemetry,UAV-3,,3,643.000,643.006,5.6,1,0,delivered
6345,telemetry,UAV-6,,3,643.000,643.006,5.6,1,0,delivered
6346,telemetry,UAV-2,,3,643.400,643.406,5.6,1,0,delivered
6347,telemetry,UAV-3,,3,643.500,643.506,5.6,1,0,delivered
6348,telemetry,UAV-6,,3,643.500,643.506,5.6,1,0,delivered
6349,telemetry,UAV-2,,3,643.900,643.906,5.6,1,0,delivered
6350,telemetry,UAV-3,,3,644.000,644.006,5.6,1,0,delivered
6351,telemetry,UAV-6,,3,644.000,644.006,5.6,1,0,delivered
6352,telemetry,UAV-2,,3,644.400,644.406,5.6,1,0,delivered
6353,telemetry,UAV-3,,3,644.500,644.506,5.6,1,0,delivered
6354,telemetry,UAV-6,,3,644.500,644.506,5.6,1,0,delivered
6355,telemetry,UAV-2,,3,644.900,644.906,5.6,1,0,delivered
6356,telemetry,UAV-3,,3,645.000,645.006,5.6,1,0,delivered
6357,telemetry,UAV-6,,3,645.000,645.006,5.6,1,0,delivered
6358,telemetry,UAV-2,,3,645.400,645.406,5.6,1,0,delivered
6359,telemetry,UAV-3,,3,645.500,645.506,5.6,1,0,delivered
6360,telemetry,UAV-6,,3,645.500,645.506,5.6,1,0,delivered
6361,telemetry,UAV-2,,3,645.900,645.906,5.6,1,0,delivered
6362,telemetry,UAV-3,,3,646.000,646.006,5.6,1,0,delivered
6363,telemetry,UAV-6,,3,646.000,646.006,5.6,1,0,delivered
6364,telemetry,UAV-2,,3,646.400,646.406,5.6,1,0,delivered
6365,telemetry,UAV-3,,3,646.500,646.506,5.6,1,0,delivered
6366,telemetry,UAV-6,,3,646.500,646.506,5.6,1,0,delivered
6367,telemetry,UAV-2,,3,646.900,646.906,5.6,1,0,delivered
6368,telemetry,UAV-3,,3,647.000,647.006,5.6,1,0,delivered
6369,telemetry,UAV-6,,3,647.000,647.006,5.6,1,0,delivered
6370,telemetry,UAV-2,,3,647.400,647.406,5.6,1,0,delivered
6371,telemetry,UAV-3,,3,647.500,647.506,5.6,1,0,delivered
6372,telemetry,UAV-6,,3,647.500,647.506,5.6,1,0,delivered
6373,telemetry,UAV-2,,3,647.900,647.906,5.6,1,0,delivered
6374,telemetry,UAV-3,,3,648.000,648.006,5.6,1,0,delivered
6375,telemetry,UAV-6,,3,648.000,648.006,5.6,1,0,delivered
6376,telemetry,UAV-2,,3,648.400,648.406,5.6,1,0,delivered
6377,telemetry,UAV-6,,3,648.500,648.506,5.6,1,0,delivered
6378,telemetry,UAV-2,,3,648.900,648.906,5.6,1,0,delivered
6379,telemetry,UAV-6,,3,649.000,649.006,5.6,1,0,delivered
6380,telemetry,UAV-2,,3,649.400,649.406,5.6,1,0,delivered
6381,telemetry,UAV-6,,3,649.500,649.506,5.6,1,0,delivered
6382,telemetry,UAV-2,,3,649.900,649.906,5.6,1,0,delivered
6383,telemetry,UAV-6,,3,650.000,650.006,5.6,1,0,delivered
6384,telemetry,UAV-2,,3,650.400,650.406,5.6,1,0,delivered
6385,telemetry,UAV-6,,3,650.500,650.506,5.6,1,0,delivered
6386,telemetry,UAV-2,,3,650.900,650.906,5.6,1,0,delivered
6387,telemetry,UAV-6,,3,651.000,651.006,5.6,1,0,delivered
6388,telemetry,UAV-2,,3,651.400,651.406,5.6,1,0,delivered
6389,telemetry,UAV-6,,3,651.500,651.506,5.6,1,0,delivered
6390,telemetry,UAV-2,,3,651.900,651.906,5.6,1,0,delivered
6391,telemetry,UAV-6,,3,652.000,652.006,5.6,1,0,delivered
6392,telemetry,UAV-2,,3,652.400,652.406,5.6,1,0,delivered
6393,telemetry,UAV-6,,3,652.500,652.506,5.6,1,0,delivered
6394,telemetry,UAV-2,,3,652.900,652.906,5.6,1,0,delivered
6395,telemetry,UAV-6,,3,653.000,653.006,5.6,1,0,delivered
6396,telemetry,UAV-2,,3,653.400,653.406,5.6,1,0,delivered
6397,telemetry,UAV-6,,3,653.500,653.506,5.6,1,0,delivered
6398,telemetry,UAV-2,,3,653.900,653.906,5.6,1,0,delivered
6399,telemetry,UAV-6,,3,654.000,654.006,5.6,1,0,delivered
6400,telemetry,UAV-2,,3,654.400,654.406,5.6,1,0,delivered
6401,telemetry,UAV-6,,3,654.500,654.506,5.6,1,0,delivered
6402,telemetry,UAV-2,,3,654.900,654.906,5.6,1,0,delivered
6403,telemetry,UAV-6,,3,655.000,655.006,5.6,1,0,delivered
6404,telemetry,UAV-2,,3,655.400,655.406,5.6,1,0,delivered
6405,telemetry,UAV-6,,3,655.500,655.506,5.6,1,0,delivered
6406,telemetry,UAV-2,,3,655.900,655.906,5.6,1,0,delivered
6407,telemetry,UAV-6,,3,656.000,656.006,5.6,1,0,delivered
6408,telemetry,UAV-2,,3,656.400,656.406,5.6,1,0,delivered
6409,telemetry,UAV-6,,3,656.500,656.506,5.6,1,0,delivered
6410,telemetry,UAV-2,,3,656.900,656.906,5.6,1,0,delivered
6411,telemetry,UAV-6,,3,657.000,657.006,5.6,1,0,delivered
6412,telemetry,UAV-2,,3,657.400,657.406,5.6,1,0,delivered
6413,telemetry,UAV-6,,3,657.500,657.506,5.6,1,0,delivered
6414,telemetry,UAV-2,,3,657.900,657.906,5.6,1,0,delivered
6415,telemetry,UAV-6,,3,658.000,658.006,5.6,1,0,delivered
6416,telemetry,UAV-2,,3,658.400,658.406,5.6,1,0,delivered
6417,telemetry,UAV-6,,3,658.500,658.506,5.6,1,0,delivered
6418,telemetry,UAV-2,,3,658.900,658.906,5.6,1,0,delivered
6419,telemetry,UAV-6,,3,659.000,659.006,5.6,1,0,delivered
6420,telemetry,UAV-2,,3,659.400,659.406,5.6,1,0,delivered
6421,telemetry,UAV-6,,3,659.500,659.506,5.6,1,0,delivered
6422,telemetry,UAV-6,,3,660.000,660.006,5.6,1,0,delivered
6423,telemetry,UAV-6,,3,660.500,660.506,5.6,1,0,delivered
6424,telemetry,UAV-6,,3,661.000,661.006,5.6,1,0,delivered
6425,telemetry,UAV-6,,3,661.500,661.506,5.6,1,0,delivered
6426,telemetry,UAV-6,,3,662.000,662.006,5.6,1,0,delivered
6427,telemetry,UAV-6,,3,662.500,662.506,5.6,1,0,delivered
6428,telemetry,UAV-6,,3,663.000,663.006,5.6,1,0,delivered
6429,telemetry,UAV-6,,3,663.500,663.506,5.6,1,0,delivered
6430,telemetry,UAV-6,,3,664.000,664.006,5.6,1,0,delivered
6431,telemetry,UAV-6,,3,664.500,664.506,5.6,1,0,delivered
6432,telemetry,UAV-6,,3,665.000,665.006,5.6,1,0,delivered
6433,telemetry,UAV-6,,3,665.500,665.506,5.6,1,0,delivered
6434,telemetry,UAV-6,,3,666.000,666.006,5.6,1,0,delivered
6435,telemetry,UAV-6,,3,666.500,666.506,5.6,1,0,delivered
6436,telemetry,UAV-6,,3,667.000,667.006,5.6,1,0,delivered
6437,telemetry,UAV-6,,3,667.500,667.506,5.6,1,0,delivered
6438,telemetry,UAV-6,,3,668.000,668.006,5.6,1,0,delivered
6439,telemetry,UAV-6,,3,668.500,668.506,5.6,1,0,delivered
6440,telemetry,UAV-6,,3,669.000,669.006,5.6,1,0,delivered
6441,telemetry,UAV-6,,3,669.500,669.506,5.6,1,0,delivered
6442,telemetry,UAV-6,,3,670.000,670.006,5.6,1,0,delivered
6443,telemetry,UAV-6,,3,670.500,670.506,5.6,1,0,delivered
6444,telemetry,UAV-6,,3,671.000,671.006,5.6,1,0,delivered
6445,telemetry,UAV-6,,3,671.500,671.506,5.6,1,0,delivered
6446,telemetry,UAV-6,,3,672.000,672.006,5.6,1,0,delivered
6447,telemetry,UAV-6,,3,672.500,672.506,5.6,1,0,delivered
6448,telemetry,UAV-6,,3,673.000,673.006,5.6,1,0,delivered
6449,telemetry,UAV-6,,3,673.500,673.506,5.6,1,0,delivered
6450,telemetry,UAV-6,,3,674.000,674.006,5.6,1,0,delivered
6451,telemetry,UAV-6,,3,674.500,674.506,5.6,1,0,delivered
6452,telemetry,UAV-6,,3,675.000,675.006,5.6,1,0,delivered
6453,telemetry,UAV-6,,3,675.500,675.506,5.6,1,0,delivered
6454,telemetry,UAV-6,,3,676.000,676.006,5.6,1,0,delivered
6455,telemetry,UAV-6,,3,676.500,676.506,5.6,1,0,delivered
6456,telemetry,UAV-6,,3,677.000,677.006,5.6,1,0,delivered
6457,telemetry,UAV-6,,3,677.500,677.506,5.6,1,0,delivered
6458,telemetry,UAV-6,,3,678.000,678.006,5.6,1,0,delivered
6459,telemetry,UAV-6,,3,678.500,678.506,5.6,1,0,delivered
6460,telemetry,UAV-6,,3,679.000,679.006,5.6,1,0,delivered
6461,telemetry,UAV-6,,3,679.500,679.506,5.6,1,0,delivered
6462,telemetry,UAV-6,,3,680.000,680.006,5.6,1,0,delivered
6463,telemetry,UAV-6,,3,680.500,680.506,5.6,1,0,delivered
6464,telemetry,UAV-6,,3,681.000,681.006,5.6,1,0,delivered
6465,telemetry,UAV-6,,3,681.500,681.506,5.6,1,0,delivered
6466,telemetry,UAV-6,,3,682.000,682.006,5.6,1,0,delivered
6467,telemetry,UAV-6,,3,682.500,682.506,5.6,1,0,delivered
6468,telemetry,UAV-6,,3,683.000,683.006,5.6,1,0,delivered
6469,telemetry,UAV-6,,3,683.500,683.506,5.6,1,0,delivered
6470,telemetry,UAV-6,,3,684.000,684.006,5.6,1,0,delivered
6471,telemetry,UAV-6,,3,684.500,684.506,5.6,1,0,delivered
6472,telemetry,UAV-6,,3,685.000,685.006,5.6,1,0,delivered
6473,telemetry,UAV-6,,3,685.500,685.506,5.6,1,0,delivered
6474,telemetry,UAV-6,,3,686.000,686.006,5.6,1,0,delivered
6475,telemetry,UAV-6,,3,686.500,686.506,5.6,1,0,delivered
6476,telemetry,UAV-6,,3,687.000,687.006,5.6,1,0,delivered
6477,telemetry,UAV-6,,3,687.500,687.506,5.6,1,0,delivered
6478,telemetry,UAV-6,,3,688.000,688.006,5.6,1,0,delivered
6479,telemetry,UAV-6,,3,688.500,688.506,5.6,1,0,delivered
6480,telemetry,UAV-6,,3,689.000,689.006,5.6,1,0,delivered
6481,telemetry,UAV-6,,3,689.500,689.506,5.6,1,0,delivered
6482,telemetry,UAV-6,,3,690.000,690.006,5.6,1,0,delivered
6483,telemetry,UAV-6,,3,690.500,690.506,5.6,1,0,delivered
6484,telemetry,UAV-6,,3,691.000,691.006,5.6,1,0,delivered
6485,telemetry,UAV-6,,3,691.500,691.506,5.6,1,0,delivered
6486,telemetry,UAV-6,,3,692.000,692.006,5.6,1,0,delivered
6487,telemetry,UAV-6,,3,692.500,692.506,5.6,1,0,delivered
6488,telemetry,UAV-6,,3,693.000,693.006,5.6,1,0,delivered
6489,telemetry,UAV-6,,3,693.500,693.506,5.6,1,0,delivered
6490,telemetry,UAV-6,,3,694.000,694.006,5.6,1,0,delivered
6491,telemetry,UAV-6,,3,694.500,694.506,5.6,1,0,delivered
6492,telemetry,UAV-6,,3,695.000,695.006,5.6,1,0,delivered
6493,telemetry,UAV-6,,3,695.500,695.506,5.6,1,0,delivered
6494,telemetry,UAV-6,,3,696.000,696.006,5.6,1,0,delivered
6495,telemetry,UAV-6,,3,696.500,696.506,5.6,1,0,delivered
6496,telemetry,UAV-6,,3,697.000,697.006,5.6,1,0,delivered
6497,telemetry,UAV-6,,3,697.500,697.506,5.6,1,0,delivered
6498,telemetry,UAV-6,,3,698.000,698.006,5.6,1,0,delivered
6499,telemetry,UAV-6,,3,698.500,698.506,5.6,1,0,delivered
6500,telemetry,UAV-6,,3,699.000,699.006,5.6,1,0,delivered
6501,telemetry,UAV-6,,3,699.500,699.506,5.6,1,0,delivered
6502,telemetry,UAV-6,,3,700.000,700.006,5.6,1,0,delivered
6503,telemetry,UAV-6,,3,700.500,700.506,5.6,1,0,delivered
6504,telemetry,UAV-6,,3,701.000,701.006,5.6,1,0,delivered
6505,telemetry,UAV-6,,3,701.500,701.506,5.6,1,0,delivered
6506,telemetry,UAV-6,,3,702.000,702.006,5.6,1,0,delivered
6507,telemetry,UAV-6,,3,702.500,702.506,5.6,1,0,delivered
6508,telemetry,UAV-6,,3,703.000,703.006,5.6,1,0,delivered
6509,telemetry,UAV-6,,3,703.500,703.506,5.6,1,0,delivered
6510,telemetry,UAV-6,,3,704.000,704.006,5.6,1,0,delivered
