t,mission_t,uav,role,status,phase,x,y,z,agl,speed,battery,connected,path_pdr,hops,gcs_link,radio_ok,assigned_task,survey_backlog
0.02,0.02,UAV-1,RELAY,ACTIVE,RELAY_TRANSIT,204.2,3430.0,2868.4,4.0,0.00,100.00,1,0.000,0,0.000,1,,0
0.02,0.02,UAV-2,STANDBY,READY,READY,204.2,3450.0,2862.5,0.3,0.00,100.00,1,0.000,0,0.000,1,,0
0.02,0.02,UAV-3,STANDBY,READY,READY,220.2,3430.0,2866.2,0.3,0.00,100.00,1,0.000,0,0.000,1,,0
0.02,0.02,UAV-4,STANDBY,READY,READY,220.2,3450.0,2864.8,0.3,0.00,100.00,1,0.000,0,0.000,1,,0
0.02,0.02,UAV-5,STANDBY,READY,READY,236.2,3430.0,2868.7,0.3,0.00,100.00,1,0.000,0,0.000,1,,0
0.02,0.02,UAV-6,STANDBY,READY,READY,236.2,3450.0,2867.7,0.3,0.00,100.00,1,0.000,0,0.000,1,,0
1.02,1.02,UAV-1,RELAY,ACTIVE,RELAY_TRANSIT,208.0,3427.1,2873.2,7.9,13.08,99.85,1,1.000,1,1.000,1,,0
1.02,1.02,UAV-2,STANDBY,READY,READY,204.2,3450.0,2862.5,0.3,0.00,100.00,1,0.000,0,0.000,1,,0
1.02,1.02,UAV-3,STANDBY,READY,READY,220.2,3430.0,2866.2,0.3,0.00,100.00,1,0.000,0,0.000,1,,0
1.02,1.02,UAV-4,STANDBY,READY,READY,220.2,3450.0,2864.8,0.3,0.00,100.00,1,0.000,0,0.000,1,,0
1.02,1.02,UAV-5,STANDBY,READY,READY,236.2,3430.0,2868.7,0.3,0.00,100.00,1,0.000,0,0.000,1,,0
1.02,1.02,UAV-6,STANDBY,READY,READY,236.2,3450.0,2867.7,0.3,0.00,100.00,1,0.000,0,0.000,1,,0
2.02,2.02,UAV-1,RELAY,ACTIVE,RELAY_TRANSIT,219.4,3421.9,2885.5,17.6,20.34,99.70,1,1.000,1,1.000,1,,0
2.02,2.02,UAV-2,STANDBY,READY,READY,204.2,3450.0,2862.5,0.3,0.00,100.00,1,0.000,0,0.000,1,,0
2.02,2.02,UAV-3,STANDBY,READY,READY,220.2,3430.0,2866.2,0.3,0.00,100.00,1,0.000,0,0.000,1,,0
2.02,2.02,UAV-4,STANDBY,READY,READY,220.2,3450.0,2864.8,0.3,0.00,100.00,1,0.000,0,0.000,1,,0
2.02,2.02,UAV-5,STANDBY,READY,READY,236.2,3430.0,2868.7,0.3,0.00,100.00,1,0.000,0,0.000,1,,0
2.02,2.02,UAV-6,STANDBY,READY,READY,236.2,3450.0,2867.7,0.3,0.00,100.00,1,0.000,0,0.000,1,,0
3.02,3.02,UAV-1,RELAY,ACTIVE,RELAY_TRANSIT,232.8,3416.8,2900.8,29.5,21.21,99.58,1,1.000,1,1.000,1,,0
3.02,3.02,UAV-2,STANDBY,READY,READY,204.2,3450.0,2862.5,0.3,0.00,100.00,1,0.000,0,0.000,1,,0
3.02,3.02,UAV-3,STANDBY,READY,READY,220.2,3430.0,2866.2,0.3,0.00,100.00,1,0.000,0,0.000,1,,0
3.02,3.02,UAV-4,STANDBY,READY,READY,220.2,3450.0,2864.8,0.3,0.00,100.00,1,0.000,0,0.000,1,,0
3.02,3.02,UAV-5,STANDBY,READY,READY,236.2,3430.0,2868.7,0.3,0.00,100.00,1,0.000,0,0.000,1,,0
3.02,3.02,UAV-6,STANDBY,READY,READY,236.2,3450.0,2867.7,0.3,0.00,100.00,1,0.000,0,0.000,1,,0
4.02,4.02,UAV-1,RELAY,ACTIVE,RELAY_TRANSIT,246.5,3411.5,2916.2,41.5,21.46,99.45,1,1.000,1,1.000,1,,0
4.02,4.02,UAV-2,SCOUT,ACTIVE,IDLE,204.2,3450.0,2866.2,4.0,0.00,100.00,1,0.000,0,0.000,1,,0
4.02,4.02,UAV-3,STANDBY,READY,READY,220.2,3430.0,2866.2,0.3,0.00,100.00,1,0.000,0,0.000,1,,0
4.02,4.02,UAV-4,STANDBY,READY,READY,220.2,3450.0,2864.8,0.3,0.00,100.00,1,0.000,0,0.000,1,,0
4.02,4.02,UAV-5,STANDBY,READY,READY,236.2,3430.0,2868.7,0.3,0.00,100.00,1,0.000,0,0.000,1,,0
4.02,4.02,UAV-6,STANDBY,READY,READY,236.2,3450.0,2867.7,0.3,0.00,100.00,1,0.000,0,0.000,1,,0
5.04,5.04,UAV-1,RELAY,ACTIVE,RELAY_TRANSIT,260.8,3405.9,2931.2,53.1,20.78,99.32,1,1.000,1,1.000,1,,0
5.04,5.04,UAV-2,SCOUT,ACTIVE,TRANSIT,204.3,3450.0,2872.4,10.2,11.48,99.85,1,1.000,1,1.000,1,POI-002,0
5.04,5.04,UAV-3,STANDBY,READY,READY,220.2,3430.0,2866.2,0.3,0.00,100.00,1,0.000,0,0.000,1,,0
5.04,5.04,UAV-4,STANDBY,READY,READY,220.2,3450.0,2864.8,0.3,0.00,100.00,1,0.000,0,0.000,1,,0
5.04,5.04,UAV-5,STANDBY,READY,READY,236.2,3430.0,2868.7,0.3,0.00,100.00,1,0.000,0,0.000,1,,0
5.04,5.04,UAV-6,STANDBY,READY,READY,236.2,3450.0,2867.7,0.3,0.00,100.00,1,0.000,0,0.000,1,,0
6.06,6.06,UAV-1,RELAY,ACTIVE,RELAY_TRANSIT,277.1,3398.8,2944.1,63.2,21.82,99.20,1,1.000,1,1.000,1,,0
6.06,6.06,UAV-2,SCOUT,ACTIVE,TRANSIT,204.5,3450.1,2888.2,26.1,18.69,99.69,1,1.000,1,1.000,1,POI-002,0
6.06,6.06,UAV-3,STANDBY,READY,READY,220.2,3430.0,2866.2,0.3,0.00,100.00,1,0.000,0,0.000,1,,0
6.06,6.06,UAV-4,STANDBY,READY,READY,220.2,3450.0,2864.8,0.3,0.00,100.00,1,0.000,0,0.000,1,,0
6.06,6.06,UAV-5,STANDBY,READY,READY,236.2,3430.0,2868.7,0.3,0.00,100.00,1,0.000,0,0.000,1,,0
6.06,6.06,UAV-6,STANDBY,READY,READY,236.2,3450.0,2867.7,0.3,0.00,100.00,1,0.000,0,0.000,1,,0
7.08,7.08,UAV-1,RELAY,ACTIVE,RELAY_TRANSIT,293.9,3391.3,2956.8,73.2,21.92,99.07,1,1.000,1,1.000,1,,0
7.08,7.08,UAV-2,SCOUT,ACTIVE,TRANSIT,204.8,3450.1,2908.7,46.5,20.66,99.55,1,1.000,1,1.000,1,POI-002,0
7.08,7.08,UAV-3,STANDBY,READY,READY,220.2,3430.0,2866.2,0.3,0.00,100.00,1,0.000,0,0.000,1,,0
7.08,7.08,UAV-4,STANDBY,READY,READY,220.2,3450.0,2864.8,0.3,0.00,100.00,1,0.000,0,0.000,1,,0
7.08,7.08,UAV-5,STANDBY,READY,READY,236.2,3430.0,2868.7,0.3,0.00,100.00,1,0.000,0,0.000,1,,0
7.08,7.08,UAV-6,STANDBY,READY,READY,236.2,3450.0,2867.7,0.3,0.00,100.00,1,0.000,0,0.000,1,,0
8.10,8.10,UAV-1,RELAY,ACTIVE,RELAY_TRANSIT,310.8,3383.7,2969.3,80.7,21.95,98.95,1,1.000,1,1.000,1,,0
8.10,8.10,UAV-2,SCOUT,ACTIVE,TRANSIT,204.9,3450.1,2930.0,67.8,21.09,99.41,1,1.000,1,1.000,1,POI-002,0
8.10,8.10,UAV-3,SCOUT,ACTIVE,IDLE,220.2,3430.0,2869.9,4.0,0.00,100.00,0,0.000,0,0.000,1,,0
8.10,8.10,UAV-4,STANDBY,READY,READY,220.2,3450.0,2864.8,0.3,0.00,100.00,1,0.000,0,0.000,1,,0
8.10,8.10,UAV-5,STANDBY,READY,READY,236.2,3430.0,2868.7,0.3,0.00,100.00,1,0.000,0,0.000,1,,0
8.10,8.10,UAV-6,STANDBY,READY,READY,236.2,3450.0,2867.7,0.3,0.00,100.00,1,0.000,0,0.000,1,,0
9.12,9.12,UAV-1,RELAY,ACTIVE,RELAY_TRANSIT,327.9,3376.1,2981.5,87.7,21.95,98.83,1,1.000,1,1.000,1,,0
9.12,9.12,UAV-2,SCOUT,ACTIVE,TRANSIT,205.0,3450.1,2950.7,88.5,16.26,99.27,1,1.000,1,1.000,1,POI-002,0
9.12,9.12,UAV-3,SCOUT,ACTIVE,TRANSIT,220.3,3430.0,2876.1,10.2,11.47,99.85,1,1.000,1,1.000,1,POI-005,0
9.12,9.12,UAV-4,STANDBY,READY,READY,220.2,3450.0,2864.8,0.3,0.00,100.00,1,0.000,0,0.000,1,,0
9.12,9.12,UAV-5,STANDBY,READY,READY,236.2,3430.0,2868.7,0.3,0.00,100.00,1,0.000,0,0.000,1,,0
9.12,9.12,UAV-6,STANDBY,READY,READY,236.2,3450.0,2867.7,0.3,0.00,100.00,1,0.000,0,0.000,1,,0
10.14,10.14,UAV-1,RELAY,ACTIVE,RELAY_TRANSIT,345.2,3368.5,2993.4,93.8,21.94,98.71,1,1.000,1,1.000,1,,0
10.14,10.14,UAV-2,SCOUT,ACTIVE,TRANSIT,207.2,3449.2,2962.0,99.5,9.24,99.13,1,1.000,1,1.000,1,POI-002,0
10.14,10.14,UAV-3,SCOUT,ACTIVE,TRANSIT,220.5,3430.1,2891.9,26.0,18.68,99.69,1,1.000,1,1.000,1,POI-005,0
10.14,10.14,UAV-4,STANDBY,READY,READY,220.2,3450.0,2864.8,0.3,0.00,100.00,1,0.000,0,0.000,1,,0
10.14,10.14,UAV-5,STANDBY,READY,READY,236.2,3430.0,2868.7,0.3,0.00,100.00,1,0.000,0,0.000,1,,0
10.14,10.14,UAV-6,STANDBY,READY,READY,236.2,3450.0,2867.7,0.3,0.00,100.00,1,0.000,0,0.000,1,,0
11.16,11.16,UAV-1,RELAY,ACTIVE,RELAY_TRANSIT,362.9,3360.9,3003.9,96.7,21.48,98.59,1,1.000,1,1.000,1,,0
11.16,11.16,UAV-2,SCOUT,ACTIVE,TRANSIT,213.7,3444.8,2969.5,106.0,12.86,98.99,1,1.000,1,1.000,1,POI-002,0
11.16,11.16,UAV-3,SCOUT,ACTIVE,TRANSIT,220.8,3430.1,2912.4,46.5,20.66,99.55,1,1.000,1,1.000,1,POI-005,0
11.16,11.16,UAV-4,STANDBY,READY,READY,220.2,3450.0,2864.8,0.3,0.00,100.00,1,0.000,0,0.000,1,,0
11.16,11.16,UAV-5,STANDBY,READY,READY,236.2,3430.0,2868.7,0.3,0.00,100.00,1,0.000,0,0.000,1,,0
11.16,11.16,UAV-6,STANDBY,READY,READY,236.2,3450.0,2867.7,0.3,0.00,100.00,1,0.000,0,0.000,1,,0
12.18,12.18,UAV-1,RELAY,ACTIVE,RELAY_TRANSIT,382.1,3353.3,3012.5,96.1,22.00,98.47,1,1.000,1,1.000,1,,0
12.18,12.18,UAV-2,SCOUT,ACTIVE,TRANSIT,225.0,3436.6,2976.2,110.4,17.30,98.85,1,1.000,1,1.000,1,POI-002,0
12.18,12.18,UAV-3,SCOUT,ACTIVE,TRANSIT,220.9,3430.1,2933.7,67.8,21.10,99.41,1,1.000,1,1.000,1,POI-005,0
12.18,12.18,UAV-4,SCOUT,ACTIVE,IDLE,220.2,3450.0,2868.5,4.0,0.00,100.00,1,0.000,0,0.000,1,,0
12.18,12.18,UAV-5,STANDBY,READY,READY,236.2,3430.0,2868.7,0.3,0.00,100.00,1,0.000,0,0.000,1,,0
12.18,12.18,UAV-6,STANDBY,READY,READY,236.2,3450.0,2867.7,0.3,0.00,100.00,1,0.000,0,0.000,1,,0
13.20,13.20,UAV-1,RELAY,ACTIVE,RELAY_TRANSIT,401.4,3345.8,3021.0,97.1,22.00,98.35,1,1.000,1,1.000,1,,0
13.20,13.20,UAV-2,SCOUT,ACTIVE,TRANSIT,240.2,3426.3,2982.6,112.7,20.49,98.72,1,1.000,1,1.000,1,POI-002,0
13.20,13.20,UAV-3,SCOUT,ACTIVE,TRANSIT,220.9,3430.1,2954.4,88.5,16.29,99.27,1,1.000,1,1.000,1,POI-005,0
13.20,13.20,UAV-4,SCOUT,ACTIVE,TRANSIT,220.3,3450.0,2874.8,10.2,11.49,99.85,1,1.000,1,1.000,1,POI-008,0
13.20,13.20,UAV-5,STANDBY,READY,READY,236.2,3430.0,2868.7,0.3,0.00,100.00,1,0.000,0,0.000,1,,0
13.20,13.20,UAV-6,STANDBY,READY,READY,236.2,3450.0,2867.7,0.3,0.00,100.00,1,0.000,0,0.000,1,,0
14.22,14.22,UAV-1,RELAY,ACTIVE,RELAY_TRANSIT,420.9,3338.1,3029.2,100.2,21.99,98.24,1,1.000,1,1.000,1,,0
14.22,14.22,UAV-2,SCOUT,ACTIVE,TRANSIT,257.4,3415.1,2988.7,112.7,21.26,98.61,1,1.000,1,1.000,1,POI-002,0
14.22,14.22,UAV-3,SCOUT,ACTIVE,TRANSIT,223.1,3429.1,2965.8,99.3,9.42,99.13,1,1.000,1,1.000,1,POI-005,0
14.22,14.22,UAV-4,SCOUT,ACTIVE,TRANSIT,220.5,3450.1,2890.6,26.0,18.71,99.69,1,1.000,1,1.000,1,POI-008,0
14.22,14.22,UAV-5,STANDBY,READY,READY,236.2,3430.0,2868.7,0.3,0.00,100.00,1,0.000,0,0.000,1,,0
14.22,14.22,UAV-6,STANDBY,READY,READY,236.2,3450.0,2867.7,0.3,0.00,100.00,1,0.000,0,0.000,1,,0
15.24,15.24,UAV-1,RELAY,ACTIVE,RELAY_TRANSIT,440.5,3330.5,3037.0,103.3,21.99,98.12,1,1.000,1,1.000,1,,0
15.24,15.24,UAV-2,SCOUT,ACTIVE,TRANSIT,275.0,3403.7,2994.7,114.5,21.48,98.49,1,1.000,1,1.000,1,POI-002,0
15.24,15.24,UAV-3,SCOUT,ACTIVE,TRANSIT,229.7,3424.6,2973.5,105.0,13.05,98.99,1,1.000,1,1.000,1,POI-005,0
15.24,15.24,UAV-4,SCOUT,ACTIVE,TRANSIT,220.8,3450.1,2911.1,46.5,20.66,99.55,1,1.000,1,1.000,1,POI-008,0
15.24,15.24,UAV-5,STANDBY,READY,READY,236.2,3430.0,2868.7,0.3,0.00,100.00,1,0.000,0,0.000,1,,0
15.24,15.24,UAV-6,STANDBY,READY,READY,236.2,3450.0,2867.7,0.3,0.00,100.00,1,0.000,0,0.000,1,,0
16.26,16.26,UAV-1,RELAY,ACTIVE,RELAY_TRANSIT,460.1,3322.8,3044.6,102.7,21.99,98.00,1,1.000,1,1.000,1,,0
16.26,16.26,UAV-2,SCOUT,ACTIVE,TRANSIT,292.8,3392.3,3000.6,117.3,21.62,98.38,1,1.000,1,1.000,1,POI-002,0
16.26,16.26,UAV-3,SCOUT,ACTIVE,TRANSIT,241.0,3416.3,2980.4,107.8,17.48,98.85,1,1.000,1,1.000,1,POI-005,0
16.26,16.26,UAV-4,SCOUT,ACTIVE,TRANSIT,220.9,3450.1,2932.4,67.8,21.08,99.41,1,1.000,1,1.000,1,POI-008,0
16.26,16.26,UAV-5,SCOUT,ACTIVE,IDLE,236.2,3430.0,2872.4,4.0,0.00,100.00,1,0.000,0,0.000,1,,0
16.26,16.26,UAV-6,STANDBY,READY,READY,236.2,3450.0,2867.7,0.3,0.00,100.00,1,0.000,0,0.000,1,,0
17.28,17.28,UAV-1,RELAY,ACTIVE,RELAY_TRANSIT,479.3,3314.9,3053.1,100.1,21.98,97.88,1,1.000,1,1.000,1,,0
17.28,17.28,UAV-2,SCOUT,ACTIVE,TRANSIT,310.8,3380.8,3006.5,117.4,21.71,98.27,1,1.000,1,1.000,1,POI-002,0
17.28,17.28,UAV-3,SCOUT,ACTIVE,TRANSIT,256.3,3406.0,2986.9,109.5,20.60,98.73,1,1.000,1,1.000,1,POI-005,0
17.28,17.28,UAV-4,SCOUT,ACTIVE,TRANSIT,220.9,3450.1,2953.1,88.4,16.27,99.27,1,1.000,1,1.000,1,POI-008,0
17.28,17.28,UAV-5,SCOUT,ACTIVE,TRANSIT,236.3,3430.0,2878.7,10.2,11.48,99.85,1,1.000,1,1.000,1,POI-001,0
17.28,17.28,UAV-6,STANDBY,READY,READY,236.2,3450.0,2867.7,0.3,0.00,100.00,1,0.000,0,0.000,1,,0
18.30,18.30,UAV-1,RELAY,ACTIVE,RELAY_TRANSIT,498.4,3306.8,3061.5,97.6,21.99,97.77,1,1.000,1,1.000,1,,0
18.30,18.30,UAV-2,SCOUT,ACTIVE,TRANSIT,328.9,3369.3,3012.1,117.6,21.79,98.15,1,1.000,1,1.000,1,POI-002,0
18.30,18.30,UAV-3,SCOUT,ACTIVE,TRANSIT,273.6,3394.9,2993.3,112.6,21.28,98.61,1,1.000,1,1.000,1,POI-005,0
18.30,18.30,UAV-4,SCOUT,ACTIVE,TRANSIT,223.1,3449.2,2964.4,99.3,9.25,99.13,1,1.000,1,1.000,1,POI-008,0
18.30,18.30,UAV-5,SCOUT,ACTIVE,TRANSIT,236.5,3430.0,2894.5,26.0,18.69,99.69,1,1.000,1,1.000,1,POI-001,0
18.30,18.30,UAV-6,STANDBY,READY,READY,236.2,3450.0,2867.7,0.3,0.00,100.00,1,0.000,0,0.000,1,,0
19.32,19.32,UAV-1,RELAY,ACTIVE,RELAY_TRANSIT,517.7,3298.7,3069.7,99.3,22.00,97.65,1,1.000,1,1.000,1,,0
19.32,19.32,UAV-2,SCOUT,ACTIVE,TRANSIT,347.2,3357.8,3017.7,116.9,21.85,98.04,1,1.000,1,1.000,1,POI-002,0
19.32,19.32,UAV-3,SCOUT,ACTIVE,TRANSIT,291.2,3383.7,2999.5,115.5,21.49,98.50,1,1.000,1,1.000,1,POI-005,0
19.32,19.32,UAV-4,SCOUT,ACTIVE,TRANSIT,229.6,3444.7,2971.9,105.6,12.91,98.99,1,1.000,1,1.000,1,POI-008,0
19.32,19.32,UAV-5,SCOUT,ACTIVE,TRANSIT,236.8,3430.1,2915.0,46.4,20.67,99.55,1,1.000,1,1.000,1,POI-001,0
19.32,19.32,UAV-6,STANDBY,READY,READY,236.2,3450.0,2867.7,0.3,0.00,100.00,1,0.000,0,0.000,1,,0
20.34,20.34,UAV-1,RELAY,ACTIVE,RELAY_TRANSIT,537.1,3290.6,3077.6,107.4,22.00,97.53,1,1.000,1,1.000,1,,0
20.34,20.34,UAV-2,SCOUT,ACTIVE,TRANSIT,365.5,3346.3,3023.0,114.2,21.88,97.92,1,1.000,1,1.000,1,POI-002,0
20.34,20.34,UAV-3,SCOUT,ACTIVE,TRANSIT,309.1,3372.4,3005.7,115.8,21.61,98.38,1,1.000,1,1.000,1,POI-005,0
20.34,20.34,UAV-4,SCOUT,ACTIVE,TRANSIT,240.8,3436.4,2978.7,110.0,17.34,98.85,1,1.000,1,1.000,1,POI-008,0
20.34,20.34,UAV-5,SCOUT,ACTIVE,TRANSIT,236.9,3430.1,2936.3,67.7,21.10,99.41,1,1.000,1,1.000,1,POI-001,0
20.34,20.34,UAV-6,SCOUT,ACTIVE,IDLE,236.2,3450.0,2871.4,4.0,0.00,100.00,1,0.000,0,0.000,1,,0
21.36,21.36,UAV-1,RELAY,ACTIVE,RELAY_TRANSIT,556.6,3282.4,3085.1,112.0,21.99,97.42,1,1.000,1,1.000,1,,0
21.36,21.36,UAV-2,SCOUT,ACTIVE,TRANSIT,383.9,3334.7,3028.1,112.8,21.90,97.81,1,1.000,1,1.000,1,POI-002,0
21.36,21.36,UAV-3,SCOUT,ACTIVE,TRANSIT,327.1,3361.1,3011.7,117.2,21.71,98.27,1,1.000,1,1.000,1,POI-005,0
21.36,21.36,UAV-4,SCOUT,ACTIVE,TRANSIT,255.6,3425.5,2985.1,111.8,20.45,98.72,1,1.000,1,1.000,1,POI-008,0
21.36,21.36,UAV-5,SCOUT,ACTIVE,TRANSIT,237.0,3430.1,2957.0,88.4,16.27,99.27,1,1.000,1,1.000,1,POI-001,0
21.36,21.36,UAV-6,SCOUT,ACTIVE,TRANSIT,236.3,3450.0,2877.6,10.2,11.48,99.85,1,1.000,1,1.000,1,POI-004,0
22.38,22.38,UAV-1,RELAY,ACTIVE,RELAY_TRANSIT,576.1,3274.5,3090.7,108.3,21.58,97.31,1,1.000,1,1.000,1,,0
22.38,22.38,UAV-2,SCOUT,ACTIVE,TRANSIT,402.4,3323.1,3032.9,112.4,22.00,97.70,1,1.000,1,1.000,1,POI-002,0
22.38,22.38,UAV-3,SCOUT,ACTIVE,TRANSIT,345.3,3349.8,3017.6,117.0,21.78,98.15,1,1.000,1,1.000,1,POI-005,0
22.38,22.38,UAV-4,SCOUT,ACTIVE,TRANSIT,272.2,3413.3,2991.4,112.2,21.30,98.60,1,1.000,1,1.000,1,POI-008,0
22.38,22.38,UAV-5,SCOUT,ACTIVE,TRANSIT,239.1,3429.2,2968.3,99.2,9.43,99.13,1,1.000,1,1.000,1,POI-001,0
22.38,22.38,UAV-6,SCOUT,ACTIVE,TRANSIT,236.5,3450.1,2893.5,26.0,18.66,99.69,1,1.000,1,1.000,1,POI-004,0
23.40,23.40,UAV-1,RELAY,ACTIVE,RELAY_TRANSIT,596.4,3266.5,3095.1,104.8,21.96,97.19,1,1.000,1,1.000,1,,0
23.40,23.40,UAV-2,SCOUT,ACTIVE,TRANSIT,420.3,3310.9,3038.4,112.2,21.91,97.58,1,1.000,1,1.000,1,POI-002,0
23.40,23.40,UAV-3,SCOUT,ACTIVE,TRANSIT,363.5,3338.5,3023.3,114.6,21.82,98.04,1,1.000,1,1.000,1,POI-005,0
23.40,23.40,UAV-4,SCOUT,ACTIVE,TRANSIT,289.1,3401.0,2997.5,115.1,21.48,98.49,1,1.000,1,1.000,1,POI-008,0
23.40,23.40,UAV-5,SCOUT,ACTIVE,TRANSIT,245.8,3424.7,2976.0,104.7,13.09,98.99,1,1.000,1,1.000,1,POI-001,0
23.40,23.40,UAV-6,SCOUT,ACTIVE,TRANSIT,236.8,3450.1,2913.9,46.4,20.63,99.55,1,1.000,1,1.000,1,POI-004,0
24.42,24.42,UAV-1,RELAY,ACTIVE,RELAY_TRANSIT,616.9,3258.5,3099.5,101.9,21.95,97.08,1,1.000,1,1.000,1,,0
24.42,24.42,UAV-2,SCOUT,ACTIVE,TRANSIT,438.0,3298.4,3044.1,111.2,21.94,97.46,1,1.000,1,1.000,1,POI-002,0
24.42,24.42,UAV-3,SCOUT,ACTIVE,TRANSIT,381.9,3327.2,3028.9,114.6,21.87,97.92,1,1.000,1,1.000,1,POI-005,0
24.42,24.42,UAV-4,SCOUT,ACTIVE,TRANSIT,306.2,3388.5,3003.5,117.0,21.62,98.37,1,1.000,1,1.000,1,POI-008,0
24.42,24.42,UAV-5,SCOUT,ACTIVE,TRANSIT,257.2,3416.3,2983.0,107.3,17.48,98.85,1,1.000,1,1.000,1,POI-001,0
24.42,24.42,UAV-6,SCOUT,ACTIVE,TRANSIT,236.9,3450.1,2935.2,67.7,21.07,99.41,1,1.000,1,1.000,1,POI-004,0
25.44,25.44,UAV-1,RELAY,ACTIVE,RELAY_TRANSIT,637.4,3250.5,3103.6,97.0,21.95,96.97,1,1.000,1,1.000,1,,0
25.44,25.44,UAV-2,SCOUT,ACTIVE,TRANSIT,455.7,3285.9,3049.6,111.3,21.96,97.35,1,1.000,1,1.000,1,POI-002,0
25.44,25.44,UAV-3,SCOUT,ACTIVE,TRANSIT,400.4,3315.8,3034.1,114.2,21.90,97.81,1,1.000,1,1.000,1,POI-005,0
25.44,25.44,UAV-4,SCOUT,ACTIVE,TRANSIT,323.4,3376.0,3009.5,116.8,21.72,98.26,1,1.000,1,1.000,1,POI-008,0
25.44,25.44,UAV-5,SCOUT,ACTIVE,TRANSIT,272.2,3405.6,2989.5,109.8,20.57,98.72,1,1.000,1,1.000,1,POI-001,0
25.44,25.44,UAV-6,SCOUT,ACTIVE,TRANSIT,237.0,3450.1,2955.9,88.3,16.24,99.27,1,1.000,1,1.000,1,POI-004,0
26.46,26.46,UAV-1,RELAY,ACTIVE,RELAY_TRANSIT,658.0,3242.6,3107.5,90.9,21.95,96.86,1,1.000,1,1.000,1,,0
26.46,26.46,UAV-2,SCOUT,ACTIVE,TRANSIT,473.5,3273.4,3055.2,108.9,21.99,97.23,1,1.000,1,1.000,1,POI-002,0
26.46,26.46,UAV-3,SCOUT,ACTIVE,TRANSIT,418.9,3304.3,3039.1,112.5,22.00,97.70,1,1.000,1,1.000,1,POI-005,0
26.46,26.46,UAV-4,SCOUT,ACTIVE,TRANSIT,340.7,3363.4,3015.3,116.9,21.81,98.14,1,1.000,1,1.000,1,POI-008,0
26.46,26.46,UAV-5,SCOUT,ACTIVE,TRANSIT,289.0,3393.8,2995.9,113.3,21.33,98.61,1,1.000,1,1.000,1,POI-001,0
26.46,26.46,UAV-6,SCOUT,ACTIVE,TRANSIT,239.2,3449.3,2967.1,99.1,9.25,99.13,1,1.000,1,1.000,1,POI-004,0
27.48,27.48,UAV-1,RELAY,ACTIVE,RELAY_TRANSIT,678.5,3234.5,3111.2,93.1,21.94,96.75,1,1.000,1,1.000,1,,0
27.48,27.48,UAV-2,SCOUT,ACTIVE,TRANSIT,491.3,3260.9,3060.6,108.8,21.98,97.12,1,1.000,1,1.000,1,POI-002,0
27.48,27.48,UAV-3,SCOUT,ACTIVE,TRANSIT,437.3,3292.6,3044.3,111.5,21.94,97.58,1,1.000,1,1.000,1,POI-005,0
27.48,27.48,UAV-4,SCOUT,ACTIVE,TRANSIT,358.2,3350.7,3021.0,115.6,21.85,98.03,1,1.000,1,1.000,1,POI-008,0
27.48,27.48,UAV-5,SCOUT,ACTIVE,TRANSIT,306.1,3381.7,3002.1,114.4,21.51,98.49,1,1.000,1,1.000,1,POI-001,0
27.48,27.48,UAV-6,SCOUT,ACTIVE,TRANSIT,245.9,3444.9,2974.6,105.0,12.94,98.99,1,1.000,1,1.000,1,POI-004,0
28.50,28.50,UAV-1,RELAY,ACTIVE,RELAY_TRANSIT,699.1,3226.4,3114.9,96.6,21.93,96.64,1,1.000,1,1.000,1,,0
28.50,28.50,UAV-2,SCOUT,ACTIVE,TRANSIT,509.1,3248.4,3066.0,109.6,21.97,97.00,1,1.000,1,1.000,1,POI-002,0
28.50,28.50,UAV-3,SCOUT,ACTIVE,TRANSIT,455.5,3280.8,3049.5,111.4,21.95,97.47,1,1.000,1,1.000,1,POI-005,0
28.50,28.50,UAV-4,SCOUT,ACTIVE,TRANSIT,375.6,3338.1,3026.5,113.4,21.87,97.91,1,1.000,1,1.000,1,POI-008,0
28.50,28.50,UAV-5,SCOUT,ACTIVE,TRANSIT,323.4,3369.6,3008.3,115.2,21.62,98.37,1,1.000,1,1.000,1,POI-001,0
28.50,28.50,UAV-6,SCOUT,ACTIVE,TRANSIT,257.2,3436.7,2981.4,108.6,17.36,98.85,1,1.000,1,1.000,1,POI-004,0
29.52,29.52,UAV-1,RELAY,ACTIVE,RELAY_TRANSIT,719.6,3218.2,3118.4,94.3,21.94,96.53,1,1.000,1,1.000,1,,0
29.52,29.52,UAV-2,SCOUT,ACTIVE,TRANSIT,526.9,3235.8,3071.2,112.2,21.98,96.89,1,1.000,1,1.000,1,POI-002,0
29.52,29.52,UAV-3,SCOUT,ACTIVE,TRANSIT,473.8,3269.0,3054.7,108.0,21.96,97.35,1,1.000,1,1.000,1,POI-005,0
29.52,29.52,UAV-4,SCOUT,ACTIVE,TRANSIT,393.2,3325.3,3031.8,114.7,21.91,97.80,1,1.000,1,1.000,1,POI-008,0
29.52,29.52,UAV-5,SCOUT,ACTIVE,TRANSIT,340.8,3357.5,3014.4,115.7,21.72,98.26,1,1.000,1,1.000,1,POI-001,0
29.52,29.52,UAV-6,SCOUT,ACTIVE,TRANSIT,271.7,3425.6,2987.8,109.5,20.35,98.72,1,1.000,1,1.000,1,POI-004,0
30.54,30.54,UAV-1,RELAY,ACTIVE,RELAY_TRANSIT,740.2,3210.1,3121.8,93.1,21.95,96.42,1,1.000,1,1.000,1,,0
30.54,30.54,UAV-2,SCOUT,ACTIVE,TRANSIT,544.7,3223.2,3076.4,113.2,22.00,96.77,1,1.000,1,1.000,1,POI-002,0
30.54,30.54,UAV-3,SCOUT,ACTIVE,TRANSIT,492.2,3257.1,3059.9,108.2,21.99,97.24,1,1.000,1,1.000,1,POI-005,0
30.54,30.54,UAV-4,SCOUT,ACTIVE,TRANSIT,410.8,3312.5,3036.8,113.0,21.94,97.69,1,1.000,1,1.000,1,POI-008,0
30.54,30.54,UAV-5,SCOUT,ACTIVE,TRANSIT,358.4,3345.2,3020.3,114.4,21.81,98.14,1,1.000,1,1.000,1,POI-001,0
30.54,30.54,UAV-6,SCOUT,ACTIVE,TRANSIT,287.8,3412.8,2994.0,111.1,21.31,98.60,1,1.000,1,1.000,1,POI-004,0
31.56,31.56,UAV-1,RELAY,ACTIVE,RELAY_TRANSIT,760.7,3201.9,3125.0,92.0,21.92,96.31,1,1.000,1,1.000,1,,0
31.56,31.56,UAV-2,SCOUT,ACTIVE,TRANSIT,562.6,3210.6,3081.4,112.3,21.99,96.66,1,1.000,1,1.000,1,POI-002,0
31.56,31.56,UAV-3,SCOUT,ACTIVE,TRANSIT,510.5,3245.2,3064.9,108.1,21.97,97.12,1,1.000,1,1.000,1,POI-005,0
31.56,31.56,UAV-4,SCOUT,ACTIVE,TRANSIT,428.7,3300.0,3041.7,111.7,21.94,97.57,1,1.000,1,1.000,1,POI-008,0
31.56,31.56,UAV-5,SCOUT,ACTIVE,TRANSIT,376.1,3333.0,3026.1,113.0,21.84,98.03,1,1.000,1,1.000,1,POI-001,0
31.56,31.56,UAV-6,SCOUT,ACTIVE,TRANSIT,304.2,3399.8,3000.1,115.6,21.49,98.49,1,1.000,1,1.000,1,POI-004,0
32.56,32.56,UAV-1,RELAY,ACTIVE,RELAY_TRANSIT,780.9,3193.9,3128.0,92.8,22.00,96.20,1,1.000,1,1.000,1,,0
32.56,32.56,UAV-2,SCOUT,ACTIVE,TRANSIT,580.1,3198.2,3086.1,110.7,21.99,96.55,1,1.000,1,1.000,1,POI-002,0
32.56,32.56,UAV-3,SCOUT,ACTIVE,TRANSIT,528.5,3233.6,3069.8,110.6,21.99,97.01,1,1.000,1,1.000,1,POI-005,0
32.56,32.56,UAV-4,SCOUT,ACTIVE,TRANSIT,446.5,3288.2,3046.9,111.5,21.98,97.46,1,1.000,1,1.000,1,POI-008,0
32.56,32.56,UAV-5,SCOUT,ACTIVE,TRANSIT,393.4,3320.9,3031.6,114.5,21.88,97.92,1,1.000,1,1.000,1,POI-001,0
32.56,32.56,UAV-6,SCOUT,ACTIVE,TRANSIT,320.4,3386.8,3006.1,115.6,21.63,98.37,1,1.000,1,1.000,1,POI-004,0
33.56,33.56,UAV-1,RELAY,ACTIVE,RELAY_TRANSIT,801.0,3185.8,3131.7,94.1,21.92,96.09,1,1.000,1,1.000,1,,0
33.56,33.56,UAV-2,SCOUT,ACTIVE,TRANSIT,597.7,3185.8,3090.7,109.5,21.99,96.44,1,1.000,1,1.000,1,POI-002,0
33.56,33.56,UAV-3,SCOUT,ACTIVE,TRANSIT,546.5,3221.9,3074.5,110.8,21.99,96.90,1,1.000,1,1.000,1,POI-005,0
33.56,33.56,UAV-4,SCOUT,ACTIVE,TRANSIT,464.4,3276.5,3052.0,110.0,21.98,97.34,1,1.000,1,1.000,1,POI-008,0
33.56,33.56,UAV-5,SCOUT,ACTIVE,TRANSIT,410.9,3308.8,3036.9,112.9,21.91,97.81,1,1.000,1,1.000,1,POI-001,0
33.56,33.56,UAV-6,SCOUT,ACTIVE,TRANSIT,336.7,3373.7,3011.9,115.3,21.72,98.26,1,1.000,1,1.000,1,POI-004,0
34.56,34.56,UAV-1,RELAY,ACTIVE,RELAY_TRANSIT,821.0,3177.8,3135.4,96.0,21.95,95.98,1,1.000,1,1.000,1,,0
34.56,34.56,UAV-2,SCOUT,ACTIVE,TRANSIT,615.3,3173.4,3095.0,108.7,22.00,96.32,1,1.000,1,1.000,1,POI-002,0
34.56,34.56,UAV-3,SCOUT,ACTIVE,TRANSIT,564.6,3210.3,3079.2,109.4,22.00,96.79,1,1.000,1,1.000,1,POI-005,0
34.56,34.56,UAV-4,SCOUT,ACTIVE,TRANSIT,482.3,3264.8,3057.0,107.3,21.99,97.23,1,1.000,1,1.000,1,POI-008,0
34.56,34.56,UAV-5,SCOUT,ACTIVE,TRANSIT,428.5,3296.7,3041.9,111.8,21.94,97.69,1,1.000,1,1.000,1,POI-001,0
34.56,34.56,UAV-6,SCOUT,ACTIVE,TRANSIT,353.0,3360.6,3017.6,114.9,21.80,98.15,1,1.000,1,1.000,1,POI-004,0
35.56,35.56,UAV-1,RELAY,ACTIVE,RELAY_TRANSIT,841.1,3169.7,3139.1,99.9,21.93,95.87,1,1.000,1,1.000,1,,0
35.56,35.56,UAV-2,SCOUT,ACTIVE,TRANSIT,633.3,3162.3,3099.4,108.6,21.02,96.20,1,1.000,1,1.000,1,POI-002,0
35.56,35.56,UAV-3,SCOUT,ACTIVE,TRANSIT,582.7,3198.6,3083.7,107.3,21.99,96.68,1,1.000,1,1.000,1,POI-005,0
35.56,35.56,UAV-4,SCOUT,ACTIVE,TRANSIT,500.3,3253.0,3062.0,108.1,21.99,97.12,1,1.000,1,1.000,1,POI-008,0
35.56,35.56,UAV-5,SCOUT,ACTIVE,TRANSIT,446.3,3284.9,3046.8,111.7,21.96,97.58,1,1.000,1,1.000,1,POI-001,0
35.56,35.56,UAV-6,SCOUT,ACTIVE,TRANSIT,369.5,3347.4,3023.2,112.7,21.84,98.03,1,1.000,1,1.000,1,POI-004,0
36.56,36.56,UAV-1,RELAY,ACTIVE,RELAY_TRANSIT,861.2,3161.6,3142.6,97.6,21.93,95.76,1,1.000,1,1.000,1,,0
36.56,36.56,UAV-2,SCOUT,ACTIVE,TRANSIT,653.3,3155.6,3104.0,111.8,21.90,96.09,1,1.000,1,1.000,1,POI-002,0
36.56,36.56,UAV-3,SCOUT,ACTIVE,TRANSIT,600.8,3186.9,3088.1,105.6,21.98,96.57,1,1.000,1,1.000,1,POI-005,0
36.56,36.56,UAV-4,SCOUT,ACTIVE,TRANSIT,518.2,3241.3,3066.9,109.0,21.99,97.01,1,1.000,1,1.000,1,POI-008,0
36.56,36.56,UAV-5,SCOUT,ACTIVE,TRANSIT,464.6,3273.7,3051.8,109.6,21.97,97.47,1,1.000,1,1.000,1,POI-001,0
36.56,36.56,UAV-6,SCOUT,ACTIVE,TRANSIT,386.0,3334.1,3028.7,112.8,21.87,97.92,1,1.000,1,1.000,1,POI-004,0
37.56,37.56,UAV-1,RELAY,ACTIVE,RELAY_TRANSIT,881.3,3153.6,3145.9,92.5,21.92,95.66,1,1.000,1,1.000,1,,0
37.56,37.56,UAV-2,SCOUT,ACTIVE,TRANSIT,673.8,3149.4,3108.6,115.9,21.94,95.98,1,1.000,1,1.000,1,POI-002,0
37.56,37.56,UAV-3,SCOUT,ACTIVE,TRANSIT,618.9,3175.2,3092.3,104.3,21.98,96.46,1,1.000,1,1.000,1,POI-005,0
37.56,37.56,UAV-4,SCOUT,ACTIVE,TRANSIT,536.1,3229.6,3071.7,110.9,21.99,96.90,1,1.000,1,1.000,1,POI-008,0
37.56,37.56,UAV-5,SCOUT,ACTIVE,TRANSIT,482.8,3262.5,3056.8,107.1,21.97,97.36,1,1.000,1,1.000,1,POI-001,0
37.56,37.56,UAV-6,SCOUT,ACTIVE,TRANSIT,402.5,3320.8,3034.0,113.4,21.90,97.81,1,1.000,1,1.000,1,POI-004,0
38.56,38.56,UAV-1,RELAY,ACTIVE,RELAY_TRANSIT,901.4,3145.5,3149.5,88.0,21.89,95.54,1,1.000,1,1.000,1,,0
38.56,38.56,UAV-2,SCOUT,ACTIVE,TRANSIT,694.4,3143.3,3113.1,115.9,21.93,95.87,1,1.000,1,1.000,1,POI-002,0
38.56,38.56,UAV-3,SCOUT,ACTIVE,TRANSIT,637.1,3163.4,3096.1,104.2,21.98,96.35,1,1.000,1,1.000,1,POI-005,0
38.56,38.56,UAV-4,SCOUT,ACTIVE,TRANSIT,554.1,3217.8,3076.4,110.2,21.99,96.79,1,1.000,1,1.000,1,POI-008,0
38.56,38.56,UAV-5,SCOUT,ACTIVE,TRANSIT,501.1,3251.3,3061.7,107.6,21.98,97.25,1,1.000,1,1.000,1,POI-001,0
38.56,38.56,UAV-6,SCOUT,ACTIVE,TRANSIT,419.1,3307.4,3039.0,112.7,21.91,97.69,1,1.000,1,1.000,1,POI-004,0
39.56,39.56,UAV-1,RELAY,ACTIVE,RELAY_TRANSIT,921.2,3137.4,3154.2,88.0,21.92,95.43,1,1.000,1,1.000,1,,0
39.56,39.56,UAV-2,SCOUT,ACTIVE,TRANSIT,715.0,3137.2,3117.6,115.7,21.93,95.76,1,1.000,1,1.000,1,POI-002,0
39.56,39.56,UAV-3,SCOUT,ACTIVE,TRANSIT,656.3,3154.8,3100.8,108.7,21.79,96.22,1,1.000,1,1.000,1,POI-005,0
39.56,39.56,UAV-4,SCOUT,ACTIVE,TRANSIT,572.1,3206.1,3081.0,108.4,21.98,96.67,1,1.000,1,1.000,1,POI-008,0
39.56,39.56,UAV-5,SCOUT,ACTIVE,TRANSIT,519.3,3240.1,3066.5,108.4,21.97,97.13,1,1.000,1,1.000,1,POI-001,0
39.56,39.56,UAV-6,SCOUT,ACTIVE,TRANSIT,435.8,3294.0,3043.7,111.3,22.00,97.58,1,1.000,1,1.000,1,POI-004,0
40.56,40.56,UAV-1,RELAY,ACTIVE,RELAY_TRANSIT,941.1,3129.4,3158.7,92.5,21.95,95.32,1,1.000,1,1.000,1,,0
40.56,40.56,UAV-2,SCOUT,ACTIVE,TRANSIT,735.6,3131.0,3121.9,117.0,21.94,95.65,1,1.000,1,1.000,1,POI-002,0
40.56,40.56,UAV-3,SCOUT,ACTIVE,TRANSIT,676.7,3148.6,3105.7,112.3,21.95,96.11,1,1.000,1,1.000,1,POI-005,0
40.56,40.56,UAV-4,SCOUT,ACTIVE,TRANSIT,590.2,3194.3,3085.5,106.6,22.00,96.56,1,1.000,1,1.000,1,POI-008,0
40.56,40.56,UAV-5,SCOUT,ACTIVE,TRANSIT,537.7,3228.9,3071.3,110.1,22.00,97.02,1,1.000,1,1.000,1,POI-001,0
40.56,40.56,UAV-6,SCOUT,ACTIVE,TRANSIT,453.6,3282.2,3048.7,111.3,21.97,97.47,1,1.000,1,1.000,1,POI-004,0
41.56,41.56,UAV-1,RELAY,ACTIVE,RELAY_TRANSIT,961.0,3121.2,3163.1,97.4,21.96,95.21,1,1.000,1,1.000,1,,0
41.56,41.56,UAV-2,SCOUT,ACTIVE,TRANSIT,756.2,3124.9,3126.2,118.0,21.95,95.54,1,1.000,1,1.000,1,POI-002,0
41.56,41.56,UAV-3,SCOUT,ACTIVE,TRANSIT,697.3,3142.4,3110.5,112.7,21.96,96.00,1,1.000,1,1.000,1,POI-005,0
41.56,41.56,UAV-4,SCOUT,ACTIVE,TRANSIT,608.2,3182.5,3089.8,104.8,22.00,96.45,1,1.000,1,1.000,1,POI-008,0
41.56,41.56,UAV-5,SCOUT,ACTIVE,TRANSIT,556.0,3217.6,3075.9,109.1,22.00,96.91,1,1.000,1,1.000,1,POI-001,0
41.56,41.56,UAV-6,SCOUT,ACTIVE,TRANSIT,471.8,3270.9,3053.7,107.9,21.99,97.36,1,1.000,1,1.000,1,POI-004,0
42.56,42.56,UAV-1,RELAY,ACTIVE,RELAY_TRANSIT,981.0,3113.1,3167.4,99.0,21.94,95.10,1,1.000,1,1.000,1,,0
42.56,42.56,UAV-2,SCOUT,ACTIVE,TRANSIT,776.9,3118.8,3130.3,120.1,21.92,95.43,1,1.000,1,1.000,1,POI-002,0
42.56,42.56,UAV-3,SCOUT,ACTIVE,TRANSIT,717.8,3136.3,3115.2,112.9,21.93,95.89,1,1.000,1,1.000,1,POI-005,0
42.56,42.56,UAV-4,SCOUT,ACTIVE,TRANSIT,626.3,3170.7,3093.9,103.8,21.99,96.34,1,1.000,1,1.000,1,POI-008,0
42.56,42.56,UAV-5,SCOUT,ACTIVE,TRANSIT,574.3,3206.4,3080.5,107.0,21.99,96.80,1,1.000,1,1.000,1,POI-001,0
42.56,42.56,UAV-6,SCOUT,ACTIVE,TRANSIT,490.0,3259.6,3058.6,107.3,21.98,97.24,1,1.000,1,1.000,1,POI-004,0
43.56,43.56,UAV-1,RELAY,ACTIVE,RELAY_TRANSIT,1001.0,3105.0,3171.3,86.8,22.00,94.99,1,1.000,1,1.000,1,,0
43.56,43.56,UAV-2,SCOUT,ACTIVE,TRANSIT,797.6,3112.7,3134.3,118.0,21.93,95.33,1,1.000,1,1.000,1,POI-002,0
43.56,43.56,UAV-3,SCOUT,ACTIVE,TRANSIT,738.4,3130.2,3119.8,114.5,21.93,95.79,1,1.000,1,1.000,1,POI-005,0
43.56,43.56,UAV-4,SCOUT,ACTIVE,TRANSIT,644.6,3159.3,3097.9,105.4,21.46,96.22,1,1.000,1,1.000,1,POI-008,0
43.56,43.56,UAV-5,SCOUT,ACTIVE,TRANSIT,592.7,3195.1,3085.0,105.0,22.00,96.69,1,1.000,1,1.000,1,POI-001,0
43.56,43.56,UAV-6,SCOUT,ACTIVE,TRANSIT,508.2,3248.3,3063.5,107.3,21.99,97.13,1,1.000,1,1.000,1,POI-004,0
44.56,44.56,UAV-1,RELAY,ACTIVE,RELAY_TRANSIT,1020.9,3096.9,3175.7,80.5,21.91,94.88,1,1.000,1,1.000,1,,0
44.56,44.56,UAV-2,SCOUT,ACTIVE,TRANSIT,818.3,3106.5,3138.1,111.0,21.91,95.22,1,1.000,1,1.000,1,POI-002,0
44.56,44.56,UAV-3,SCOUT,ACTIVE,TRANSIT,758.9,3124.1,3124.3,115.9,21.93,95.68,1,1.000,1,1.000,1,POI-005,0
44.56,44.56,UAV-4,SCOUT,ACTIVE,TRANSIT,664.5,3152.2,3102.8,111.0,21.91,96.11,1,1.000,1,1.000,1,POI-008,0
44.56,44.56,UAV-5,SCOUT,ACTIVE,TRANSIT,611.1,3183.8,3089.3,102.9,21.98,96.58,1,1.000,1,1.000,1,POI-001,0
44.56,44.56,UAV-6,SCOUT,ACTIVE,TRANSIT,526.4,3236.9,3068.3,109.3,21.98,97.02,1,1.000,1,1.000,1,POI-004,0
45.56,45.56,UAV-1,RELAY,ACTIVE,RELAY_TRANSIT,1040.7,3088.8,3180.2,89.0,21.92,94.77,1,1.000,1,1.000,1,,0
45.56,45.56,UAV-2,SCOUT,ACTIVE,TRANSIT,839.0,3100.4,3141.6,109.3,22.00,95.11,1,1.000,1,1.000,1,POI-002,0
45.56,45.56,UAV-3,SCOUT,ACTIVE,TRANSIT,779.5,3118.1,3128.8,118.2,21.92,95.57,1,1.000,1,1.000,1,POI-005,0
45.56,45.56,UAV-4,SCOUT,ACTIVE,TRANSIT,685.0,3146.1,3107.6,112.3,21.93,96.00,1,1.000,1,1.000,1,POI-008,0
45.56,45.56,UAV-5,SCOUT,ACTIVE,TRANSIT,629.5,3172.6,3093.4,101.8,21.98,96.47,1,1.000,1,1.000,1,POI-001,0
45.56,45.56,UAV-6,SCOUT,ACTIVE,TRANSIT,544.7,3225.6,3073.0,109.8,21.98,96.91,1,1.000,1,1.000,1,POI-004,0
46.56,46.56,UAV-1,RELAY,ACTIVE,RELAY_TRANSIT,1060.6,3080.6,3184.6,100.9,21.94,94.66,1,1.000,1,1.000,1,,0
46.56,46.56,UAV-2,SCOUT,ACTIVE,TRANSIT,858.2,3091.8,3146.5,112.3,21.71,94.99,1,1.000,1,1.000,1,POI-002,0
46.56,46.56,UAV-3,SCOUT,ACTIVE,TRANSIT,800.2,3112.0,3133.0,115.5,21.92,95.46,1,1.000,1,1.000,1,POI-005,0
46.56,46.56,UAV-4,SCOUT,ACTIVE,TRANSIT,705.5,3140.0,3112.4,112.8,21.93,95.89,1,1.000,1,1.000,1,POI-008,0
46.56,46.56,UAV-5,SCOUT,ACTIVE,TRANSIT,647.9,3161.3,3097.3,103.5,21.99,96.36,1,1.000,1,1.000,1,POI-001,0
46.56,46.56,UAV-6,SCOUT,ACTIVE,TRANSIT,562.9,3214.3,3077.6,108.4,21.99,96.80,1,1.000,1,1.000,1,POI-004,0
47.56,47.56,UAV-1,RELAY,ACTIVE,RELAY_TRANSIT,1080.6,3072.5,3188.8,107.5,21.95,94.55,1,1.000,1,1.000,1,,0
47.56,47.56,UAV-2,SCOUT,ACTIVE,TRANSIT,876.7,3081.5,3151.6,115.9,21.86,94.88,1,1.000,1,1.000,1,POI-002,0
47.56,47.56,UAV-3,SCOUT,ACTIVE,TRANSIT,820.8,3105.9,3137.1,109.0,21.91,95.35,1,1.000,1,1.000,1,POI-005,0
47.56,47.56,UAV-4,SCOUT,ACTIVE,TRANSIT,726.0,3133.9,3117.1,113.5,21.93,95.78,1,1.000,1,1.000,1,POI-008,0
47.56,47.56,UAV-5,SCOUT,ACTIVE,TRANSIT,666.9,3152.3,3102.3,110.1,21.12,96.22,1,1.000,1,1.000,1,POI-001,0
47.56,47.56,UAV-6,SCOUT,ACTIVE,TRANSIT,581.2,3202.9,3082.1,106.1,21.99,96.69,1,1.000,1,1.000,1,POI-004,0
48.56,48.56,UAV-1,RELAY,ACTIVE,RELAY_TRANSIT,1100.5,3064.3,3192.8,108.1,21.95,94.44,1,1.000,1,1.000,1,,0
48.56,48.56,UAV-2,SCOUT,ACTIVE,TRANSIT,895.2,3071.1,3156.7,117.9,21.90,94.76,1,1.000,1,1.000,1,POI-002,0
48.56,48.56,UAV-3,SCOUT,ACTIVE,TRANSIT,841.5,3099.8,3141.0,108.5,21.90,95.24,1,1.000,1,1.000,1,POI-005,0
48.56,48.56,UAV-4,SCOUT,ACTIVE,TRANSIT,746.6,3127.8,3121.7,114.9,21.93,95.67,1,1.000,1,1.000,1,POI-008,0
48.56,48.56,UAV-5,SCOUT,ACTIVE,TRANSIT,686.6,3151.9,3108.8,111.6,20.89,96.09,1,1.000,1,1.000,1,POI-001,0
48.56,48.56,UAV-6,SCOUT,ACTIVE,TRANSIT,599.5,3191.6,3086.5,104.1,22.00,96.58,1,1.000,1,1.000,1,POI-004,0
49.56,49.56,UAV-1,RELAY,ACTIVE,RELAY_TRANSIT,1120.4,3056.2,3197.4,107.8,21.89,94.32,1,1.000,1,1.000,1,,0
49.56,49.56,UAV-2,SCOUT,ACTIVE,TRANSIT,913.8,3060.6,3161.7,117.8,21.93,94.65,1,1.000,1,1.000,1,POI-002,0
49.56,49.56,UAV-3,SCOUT,ACTIVE,TRANSIT,862.2,3093.7,3144.6,109.8,21.92,95.14,1,1.000,1,1.000,1,POI-005,0
49.56,49.56,UAV-4,SCOUT,ACTIVE,TRANSIT,767.2,3121.7,3126.1,116.9,21.93,95.56,1,1.000,1,1.000,1,POI-008,0
49.56,49.56,UAV-5,SCOUT,ACTIVE,TRANSIT,706.7,3156.3,3114.8,112.6,21.75,95.98,1,1.000,1,1.000,1,POI-001,0
49.56,49.56,UAV-6,SCOUT,ACTIVE,TRANSIT,617.8,3180.2,3090.8,102.2,22.00,96.47,1,1.000,1,1.000,1,POI-004,0
50.56,50.56,UAV-1,RELAY,ACTIVE,RELAY_TRANSIT,1139.6,3048.4,3204.3,112.9,21.94,94.21,1,1.000,1,1.000,1,,0
50.56,50.56,UAV-2,SCOUT,ACTIVE,TRANSIT,932.4,3050.1,3166.6,117.1,21.93,94.54,1,1.000,1,1.000,1,POI-002,0
50.56,50.56,UAV-3,SCOUT,ACTIVE,TRANSIT,882.9,3087.3,3148.1,110.8,21.90,95.03,1,1.000,1,1.000,1,POI-005,0
50.56,50.56,UAV-4,SCOUT,ACTIVE,TRANSIT,787.8,3115.6,3130.5,118.2,21.92,95.45,1,1.000,1,1.000,1,POI-008,0
50.56,50.56,UAV-5,SCOUT,ACTIVE,TRANSIT,726.9,3162.1,3120.3,112.5,20.99,95.87,1,1.000,1,1.000,1,POI-001,0
50.56,50.56,UAV-6,SCOUT,ACTIVE,TRANSIT,636.2,3168.8,3094.8,101.8,21.98,96.35,1,1.000,1,1.000,1,POI-004,0
51.56,51.56,UAV-1,RELAY,ACTIVE,RELAY_TRANSIT,1158.9,3040.5,3211.2,121.5,21.96,94.10,1,1.000,1,1.000,1,,0
51.56,51.56,UAV-2,SCOUT,ACTIVE,TRANSIT,951.1,3039.6,3171.5,115.1,21.94,94.43,1,1.000,1,1.000,1,POI-002,0
51.56,51.56,UAV-3,SCOUT,ACTIVE,TRANSIT,903.5,3080.8,3151.4,111.4,21.90,94.92,1,1.000,1,1.000,1,POI-005,0
51.56,51.56,UAV-4,SCOUT,ACTIVE,TRANSIT,808.4,3109.5,3134.7,112.8,21.90,95.34,1,1.000,1,1.000,1,POI-008,0
51.56,51.56,UAV-5,SCOUT,ACTIVE,TRANSIT,744.1,3166.8,3120.7,107.8,15.90,95.74,1,1.000,1,1.000,1,POI-001,0
51.56,51.56,UAV-6,SCOUT,ACTIVE,TRANSIT,654.6,3157.4,3098.6,105.5,22.00,96.24,1,1.000,1,1.000,1,POI-004,0
52.56,52.56,UAV-1,RELAY,ACTIVE,RELAY_TRANSIT,1178.4,3032.6,3217.8,120.0,21.98,93.98,1,1.000,1,1.000,1,,0
52.56,52.56,UAV-2,SCOUT,ACTIVE,TRANSIT,969.7,3029.0,3176.2,114.3,21.97,94.32,1,1.000,1,1.000,1,POI-002,0
52.56,52.56,UAV-3,SCOUT,ACTIVE,TRANSIT,924.2,3074.4,3154.8,111.5,21.90,94.81,1,1.000,1,1.000,1,POI-005,0
52.56,52.56,UAV-4,SCOUT,ACTIVE,TRANSIT,829.0,3103.4,3138.7,108.1,21.90,95.23,1,1.000,1,1.000,1,POI-008,0
52.56,52.56,UAV-5,SCOUT,ACTIVE,TRANSIT,757.6,3169.5,3114.4,96.8,15.12,95.61,1,1.000,1,1.000,1,POI-001,0
52.56,52.56,UAV-6,SCOUT,ACTIVE,TRANSIT,674.2,3149.4,3103.4,110.6,21.87,96.12,1,1.000,1,1.000,1,POI-004,0
53.56,53.56,UAV-1,RELAY,ACTIVE,RELAY_TRANSIT,1197.8,3024.7,3224.2,110.9,21.98,93.87,1,1.000,1,1.000,1,,0
53.56,53.56,UAV-2,SCOUT,ACTIVE,TRANSIT,988.4,3018.5,3180.9,114.8,21.97,94.21,1,1.000,1,1.000,1,POI-002,0
53.56,53.56,UAV-3,SCOUT,ACTIVE,TRANSIT,944.9,3068.0,3158.1,110.6,21.90,94.71,1,1.000,1,1.000,1,POI-005,0
53.56,53.56,UAV-4,SCOUT,ACTIVE,TRANSIT,849.7,3097.4,3142.5,109.0,21.89,95.13,1,1.000,1,1.000,1,POI-008,0
53.56,53.56,UAV-5,SCOUT,ACTIVE,TRANSIT,768.0,3170.8,3102.9,81.2,16.15,95.49,1,1.000,1,1.000,1,POI-001,0
53.56,53.56,UAV-6,SCOUT,ACTIVE,TRANSIT,694.6,3143.2,3108.2,110.9,21.93,96.01,1,1.000,1,1.000,1,POI-004,0
54.56,54.56,UAV-1,RELAY,ACTIVE,RELAY_TRANSIT,1217.4,3016.8,3230.2,100.7,21.70,93.76,1,1.000,1,1.000,1,,0
54.56,54.56,UAV-2,SCOUT,ACTIVE,TRANSIT,1007.2,3007.9,3185.4,116.1,22.00,94.10,1,1.000,1,1.000,1,POI-002,0
54.56,54.56,UAV-3,SCOUT,ACTIVE,TRANSIT,965.6,3061.5,3161.3,107.4,21.93,94.60,1,1.000,1,1.000,1,POI-005,0
54.56,54.56,UAV-4,SCOUT,ACTIVE,TRANSIT,870.4,3091.1,3146.0,110.3,21.93,95.02,1,1.000,1,1.000,1,POI-008,0
54.56,54.56,UAV-5,SCOUT,ACTIVE,SURVEY,775.7,3171.0,3088.1,63.2,17.27,95.37,1,1.000,1,1.000,1,POI-001,0
54.56,54.56,UAV-6,SCOUT,ACTIVE,TRANSIT,715.2,3137.1,3113.0,111.1,21.96,95.90,1,1.000,1,1.000,1,POI-004,0
55.56,55.56,UAV-1,RELAY,ACTIVE,RELAY_TRANSIT,1237.0,3008.9,3234.4,90.4,21.88,93.65,1,1.000,1,1.000,1,,0
55.56,55.56,UAV-2,SCOUT,ACTIVE,TRANSIT,1026.0,2997.3,3189.7,115.8,22.00,93.99,1,1.000,1,1.000,1,POI-002,0
55.56,55.56,UAV-3,SCOUT,ACTIVE,TRANSIT,986.3,3055.1,3164.4,104.2,21.92,94.49,1,1.000,1,1.000,1,POI-005,0
55.56,55.56,UAV-4,SCOUT,ACTIVE,TRANSIT,891.1,3084.7,3149.4,111.3,21.93,94.91,1,1.000,1,1.000,1,POI-008,0
55.56,55.56,UAV-5,SCOUT,ACTIVE,SURVEY,780.6,3170.4,3072.4,45.6,14.50,95.26,1,1.000,1,1.000,1,POI-001,0
55.56,55.56,UAV-6,SCOUT,ACTIVE,TRANSIT,735.7,3131.0,3117.7,112.8,21.95,95.79,1,1.000,1,1.000,1,POI-004,0
56.56,56.56,UAV-1,RELAY,ACTIVE,RELAY_TRANSIT,1257.1,3000.7,3238.2,88.0,21.96,93.54,1,1.000,1,1.000,1,,0
56.56,56.56,UAV-2,SCOUT,ACTIVE,TRANSIT,1044.8,2986.7,3193.9,111.4,22.00,93.88,1,1.000,1,1.000,1,POI-002,0
56.56,56.56,UAV-3,SCOUT,ACTIVE,TRANSIT,1007.0,3048.7,3167.5,106.7,21.92,94.38,1,1.000,1,1.000,1,POI-005,0
56.56,56.56,UAV-4,SCOUT,ACTIVE,TRANSIT,911.8,3078.2,3152.8,111.5,21.93,94.81,1,1.000,1,1.000,1,POI-008,0
56.56,56.56,UAV-5,SCOUT,ACTIVE,SURVEY,779.4,3169.3,3060.8,34.9,10.05,95.13,1,1.000,1,1.000,1,POI-001,0
56.56,56.56,UAV-6,SCOUT,ACTIVE,TRANSIT,756.3,3124.9,3122.3,114.1,21.95,95.69,1,1.000,1,1.000,1,POI-004,0
57.56,57.56,UAV-1,RELAY,ACTIVE,RELAY_TRANSIT,1277.1,2992.6,3241.9,92.6,21.96,93.44,1,1.000,1,1.000,1,,0
57.56,57.56,UAV-2,SCOUT,ACTIVE,TRANSIT,1063.5,2976.1,3197.5,107.3,20.56,93.77,1,1.000,1,1.000,1,POI-002,0
57.56,57.56,UAV-3,SCOUT,ACTIVE,TRANSIT,1027.8,3042.2,3170.4,110.1,21.92,94.28,1,1.000,1,1.000,1,POI-005,0
57.56,57.56,UAV-4,SCOUT,ACTIVE,TRANSIT,932.5,3071.8,3156.1,111.2,21.93,94.70,1,1.000,1,1.000,1,POI-008,0
57.56,57.56,UAV-5,SCOUT,ACTIVE,SURVEY,771.9,3168.9,3054.3,31.6,10.90,95.00,1,1.000,1,1.000,1,POI-001,0
57.56,57.56,UAV-6,SCOUT,ACTIVE,TRANSIT,776.9,3118.9,3126.8,116.6,21.95,95.58,1,1.000,1,1.000,1,POI-004,0
58.56,58.56,UAV-1,RELAY,ACTIVE,RELAY_TRANSIT,1297.2,2984.5,3245.4,95.4,21.94,93.33,1,1.000,1,1.000,1,,0
58.56,58.56,UAV-2,SCOUT,ACTIVE,TRANSIT,1079.1,2968.4,3196.0,104.8,15.67,93.64,1,1.000,1,1.000,1,POI-002,0
58.56,58.56,UAV-3,SCOUT,ACTIVE,TRANSIT,1048.5,3035.8,3173.3,111.1,21.91,94.17,1,1.000,1,1.000,1,POI-005,0
58.56,58.56,UAV-4,SCOUT,ACTIVE,TRANSIT,953.2,3065.4,3159.4,109.7,21.92,94.59,1,1.000,1,1.000,1,POI-008,0
58.56,58.56,UAV-5,SCOUT,ACTIVE,TRANSIT,760.6,3169.3,3051.0,32.6,12.36,94.88,1,1.000,1,1.000,1,POI-007,10
58.56,58.56,UAV-6,SCOUT,ACTIVE,TRANSIT,797.6,3112.8,3131.2,114.9,21.93,95.47,1,1.000,1,1.000,1,POI-004,0
59.56,59.56,UAV-1,RELAY,ACTIVE,RELAY_TRANSIT,1317.3,2976.4,3248.7,89.4,21.93,93.22,1,1.000,1,1.000,1,,0
59.56,59.56,UAV-2,SCOUT,ACTIVE,TRANSIT,1091.1,2963.7,3188.3,99.2,15.13,93.51,1,1.000,1,1.000,1,POI-002,0
59.56,59.56,UAV-3,SCOUT,ACTIVE,TRANSIT,1069.3,3029.4,3175.9,109.8,21.91,94.07,1,1.000,1,1.000,1,POI-005,0
59.56,59.56,UAV-4,SCOUT,ACTIVE,TRANSIT,974.0,3058.9,3162.6,105.6,21.91,94.48,1,1.000,1,1.000,1,POI-008,0
59.56,59.56,UAV-5,SCOUT,ACTIVE,TRANSIT,754.2,3169.0,3055.3,38.9,8.60,94.73,1,1.000,1,1.000,1,POI-007,0
59.56,59.56,UAV-6,SCOUT,ACTIVE,TRANSIT,818.2,3106.7,3135.4,108.4,21.92,95.36,1,1.000,1,1.000,1,POI-004,0
60.56,60.56,UAV-1,RELAY,ACTIVE,RELAY_TRANSIT,1337.2,2968.4,3253.1,84.2,21.80,93.10,1,1.000,1,1.000,1,,0
60.56,60.56,UAV-2,SCOUT,ACTIVE,TRANSIT,1100.4,2961.4,3175.9,88.5,16.30,93.38,1,1.000,1,1.000,1,POI-002,0
60.56,60.56,UAV-3,SCOUT,ACTIVE,TRANSIT,1089.0,3021.5,3179.5,111.3,21.14,93.94,1,1.000,1,1.000,1,POI-005,0
60.56,60.56,UAV-4,SCOUT,ACTIVE,TRANSIT,994.7,3052.5,3165.7,104.7,21.90,94.38,1,1.000,1,1.000,1,POI-008,0
60.56,60.56,UAV-5,SCOUT,ACTIVE,TRANSIT,756.6,3168.8,3068.1,51.2,17.05,94.58,1,1.000,1,1.000,1,POI-007,0
60.56,60.56,UAV-6,SCOUT,ACTIVE,TRANSIT,838.9,3100.7,3139.5,107.3,21.91,95.25,1,1.000,1,1.000,1,POI-004,0
61.56,61.56,UAV-1,RELAY,ACTIVE,RELAY_TRANSIT,1356.2,2960.8,3260.9,87.2,21.89,92.98,1,1.000,1,1.000,1,,0
61.56,61.56,UAV-2,SCOUT,ACTIVE,TRANSIT,1107.4,2961.0,3160.5,74.6,17.49,93.26,1,1.000,1,1.000,1,POI-002,0
61.56,61.56,UAV-3,SCOUT,ACTIVE,TRANSIT,1107.0,3010.6,3183.9,115.2,21.79,93.83,1,1.000,1,1.000,1,POI-005,0
61.56,61.56,UAV-4,SCOUT,ACTIVE,TRANSIT,1015.4,3046.1,3168.7,108.3,21.91,94.27,1,1.000,1,1.000,1,POI-008,0
61.56,61.56,UAV-5,SCOUT,ACTIVE,TRANSIT,759.7,3168.7,3087.3,69.3,20.63,94.43,1,1.000,1,1.000,1,POI-007,0
61.56,61.56,UAV-6,SCOUT,ACTIVE,TRANSIT,859.6,3094.6,3143.4,108.8,21.91,95.14,1,1.000,1,1.000,1,POI-004,0
62.56,62.56,UAV-1,RELAY,ACTIVE,RELAY_TRANSIT,1375.1,2953.2,3268.8,99.3,21.94,92.86,1,1.000,1,1.000,1,,0
62.56,62.56,UAV-2,SCOUT,ACTIVE,SURVEY,1111.8,2962.3,3144.7,60.5,14.26,93.14,1,1.000,1,1.000,1,POI-002,0
62.56,62.56,UAV-3,SCOUT,ACTIVE,TRANSIT,1125.0,2999.1,3188.3,120.7,21.88,93.72,1,1.000,1,1.000,1,POI-005,0
62.56,62.56,UAV-4,SCOUT,ACTIVE,TRANSIT,1036.1,3039.7,3171.6,111.0,21.92,94.16,1,1.000,1,1.000,1,POI-008,0
62.56,62.56,UAV-5,SCOUT,ACTIVE,TRANSIT,762.0,3168.8,3107.2,88.5,16.47,94.29,1,1.000,1,1.000,1,POI-007,0
62.56,62.56,UAV-6,SCOUT,ACTIVE,TRANSIT,880.3,3088.4,3146.8,109.8,21.92,95.04,1,1.000,1,1.000,1,POI-004,0
63.56,63.56,UAV-1,RELAY,ACTIVE,RELAY_TRANSIT,1394.2,2945.6,3276.5,111.8,21.95,92.75,1,1.000,1,1.000,1,,0
63.56,63.56,UAV-2,SCOUT,ACTIVE,SURVEY,1109.7,2964.6,3133.8,50.5,9.91,93.01,1,1.000,1,1.000,1,POI-002,0
63.56,63.56,UAV-3,SCOUT,ACTIVE,TRANSIT,1143.1,2987.5,3192.7,122.1,21.89,93.61,1,1.000,1,1.000,1,POI-005,0
63.56,63.56,UAV-4,SCOUT,ACTIVE,TRANSIT,1056.9,3033.2,3174.3,110.7,21.89,94.06,1,1.000,1,1.000,1,POI-008,0
63.56,63.56,UAV-5,SCOUT,ACTIVE,TRANSIT,765.4,3168.2,3118.0,98.2,8.09,94.16,1,1.000,1,1.000,1,POI-007,0
63.56,63.56,UAV-6,SCOUT,ACTIVE,TRANSIT,900.9,3081.8,3150.1,110.4,21.90,94.93,1,1.000,1,1.000,1,POI-004,0
64.58,64.58,UAV-1,RELAY,ACTIVE,RELAY_TRANSIT,1413.8,2937.8,3284.1,120.3,21.99,92.63,1,1.000,1,1.000,1,,0
64.58,64.58,UAV-2,SCOUT,ACTIVE,TRANSIT,1103.7,2965.6,3130.0,45.8,2.74,92.86,1,1.000,1,1.000,1,POI-003,0
64.58,64.58,UAV-3,SCOUT,ACTIVE,TRANSIT,1161.6,2975.7,3197.0,118.1,21.94,93.49,1,1.000,1,1.000,1,POI-005,0
64.58,64.58,UAV-4,SCOUT,ACTIVE,TRANSIT,1078.0,3026.6,3177.1,109.7,21.72,93.94,1,1.000,1,1.000,1,POI-008,0
64.58,64.58,UAV-5,SCOUT,ACTIVE,TRANSIT,772.1,3165.0,3123.6,102.2,11.30,94.03,1,1.000,1,1.000,1,POI-007,0
64.58,64.58,UAV-6,SCOUT,ACTIVE,TRANSIT,922.0,3075.1,3153.3,110.5,21.92,94.82,1,1.000,1,1.000,1,POI-004,0
65.60,65.60,UAV-1,RELAY,ACTIVE,RELAY_TRANSIT,1433.5,2929.9,3291.3,121.7,22.00,92.52,1,1.000,1,1.000,1,,0
65.60,65.60,UAV-2,SCOUT,ACTIVE,TRANSIT,1105.0,2966.1,3137.1,53.6,12.33,92.71,1,1.000,1,1.000,1,POI-003,0
65.60,65.60,UAV-3,SCOUT,ACTIVE,TRANSIT,1180.1,2963.9,3201.3,114.6,21.93,93.38,1,1.000,1,1.000,1,POI-005,0
65.60,65.60,UAV-4,SCOUT,ACTIVE,TRANSIT,1096.9,3016.9,3181.5,112.7,21.54,93.82,1,1.000,1,1.000,1,POI-008,0
65.60,65.60,UAV-5,SCOUT,ACTIVE,TRANSIT,783.3,3157.9,3128.4,103.9,16.12,93.89,1,1.000,1,1.000,1,POI-007,0
65.60,65.60,UAV-6,SCOUT,ACTIVE,TRANSIT,943.0,3068.3,3156.5,109.4,21.90,94.71,1,1.000,1,1.000,1,POI-004,0
66.62,66.62,UAV-1,RELAY,ACTIVE,RELAY_TRANSIT,1453.0,2922.3,3299.3,114.6,21.98,92.40,1,1.000,1,1.000,1,,0
66.62,66.62,UAV-2,SCOUT,ACTIVE,TRANSIT,1107.3,2966.2,3153.4,70.5,19.04,92.55,1,1.000,1,1.000,1,POI-003,0
66.62,66.62,UAV-3,SCOUT,ACTIVE,TRANSIT,1198.6,2952.1,3205.5,114.7,21.95,93.27,1,1.000,1,1.000,1,POI-005,0
66.62,66.62,UAV-4,SCOUT,ACTIVE,TRANSIT,1115.3,3005.3,3186.0,117.8,21.84,93.70,1,1.000,1,1.000,1,POI-008,0
66.62,66.62,UAV-5,SCOUT,ACTIVE,TRANSIT,799.0,3149.4,3132.8,105.5,19.62,93.76,1,1.000,1,1.000,1,POI-007,0
66.62,66.62,UAV-6,SCOUT,ACTIVE,TRANSIT,964.1,3061.6,3159.7,106.2,21.91,94.60,1,1.000,1,1.000,1,POI-004,0
67.64,67.64,UAV-1,RELAY,ACTIVE,RELAY_TRANSIT,1472.5,2914.6,3307.4,110.5,22.00,92.28,1,1.000,1,1.000,1,,0
67.64,67.64,UAV-2,SCOUT,ACTIVE,TRANSIT,1108.7,2966.0,3172.7,90.0,14.98,92.41,1,1.000,1,1.000,1,POI-003,0
67.64,67.64,UAV-3,SCOUT,ACTIVE,TRANSIT,1217.2,2940.2,3209.6,115.5,21.98,93.15,1,1.000,1,1.000,1,POI-005,0
67.64,67.64,UAV-4,SCOUT,ACTIVE,TRANSIT,1133.7,2993.6,3190.4,122.3,21.90,93.59,1,1.000,1,1.000,1,POI-008,0
67.64,67.64,UAV-5,SCOUT,ACTIVE,TRANSIT,817.7,3140.4,3137.0,108.3,21.54,93.64,1,1.000,1,1.000,1,POI-007,0
67.64,67.64,UAV-6,SCOUT,ACTIVE,TRANSIT,985.2,3054.8,3162.8,102.6,21.92,94.49,1,1.000,1,1.000,1,POI-004,0
68.66,68.66,UAV-1,RELAY,ACTIVE,RELAY_TRANSIT,1492.0,2906.9,3315.3,111.2,22.00,92.17,1,1.000,1,1.000,1,,0
68.66,68.66,UAV-2,SCOUT,ACTIVE,TRANSIT,1111.7,2965.0,3182.5,99.9,7.57,92.28,1,1.000,1,1.000,1,POI-003,0
68.66,68.66,UAV-3,SCOUT,ACTIVE,TRANSIT,1235.7,2928.3,3213.6,116.3,21.99,93.04,1,1.000,1,1.000,1,POI-005,0
68.66,68.66,UAV-4,SCOUT,ACTIVE,TRANSIT,1152.2,2981.8,3194.8,120.2,21.93,93.48,1,1.000,1,1.000,1,POI-008,0
68.66,68.66,UAV-5,SCOUT,ACTIVE,TRANSIT,837.4,3131.2,3141.2,108.9,21.75,93.53,1,1.000,1,1.000,1,POI-007,0
68.66,68.66,UAV-6,SCOUT,ACTIVE,TRANSIT,1006.3,3048.1,3165.8,104.8,21.92,94.38,1,1.000,1,1.000,1,POI-004,0
69.68,69.68,UAV-1,RELAY,ACTIVE,RELAY_TRANSIT,1511.6,2899.1,3322.9,112.3,21.98,92.05,1,1.000,1,1.000,1,,0
69.68,69.68,UAV-2,SCOUT,ACTIVE,TRANSIT,1118.3,2961.0,3187.8,103.7,11.55,92.14,1,1.000,1,1.000,1,POI-003,0
69.68,69.68,UAV-3,SCOUT,ACTIVE,TRANSIT,1254.3,2916.4,3217.5,117.8,21.97,92.93,1,1.000,1,1.000,1,POI-005,0
69.68,69.68,UAV-4,SCOUT,ACTIVE,TRANSIT,1170.7,2970.0,3199.1,116.2,21.93,93.36,1,1.000,1,1.000,1,POI-008,0
69.68,69.68,UAV-5,SCOUT,ACTIVE,TRANSIT,857.2,3122.0,3145.3,108.4,21.80,93.42,1,1.000,1,1.000,1,POI-007,0
69.68,69.68,UAV-6,SCOUT,ACTIVE,TRANSIT,1027.4,3041.3,3168.7,108.2,21.90,94.27,1,1.000,1,1.000,1,POI-004,0
70.70,70.70,UAV-1,RELAY,ACTIVE,RELAY_TRANSIT,1531.3,2891.4,3330.2,110.0,22.00,91.94,1,1.000,1,1.000,1,,0
70.70,70.70,UAV-2,SCOUT,ACTIVE,TRANSIT,1129.9,2953.8,3192.4,104.0,16.48,92.01,1,1.000,1,1.000,1,POI-003,0
70.70,70.70,UAV-3,SCOUT,ACTIVE,TRANSIT,1272.9,2904.4,3221.2,117.6,22.00,92.82,1,1.000,1,1.000,1,POI-005,0
70.70,70.70,UAV-4,SCOUT,ACTIVE,TRANSIT,1189.2,2958.1,3203.4,114.5,21.97,93.25,1,1.000,1,1.000,1,POI-008,0
70.70,70.70,UAV-5,SCOUT,ACTIVE,TRANSIT,877.1,3112.8,3149.3,108.0,21.88,93.31,1,1.000,1,1.000,1,POI-007,0
70.70,70.70,UAV-6,SCOUT,ACTIVE,TRANSIT,1048.5,3034.6,3171.5,109.0,21.93,94.16,1,1.000,1,1.000,1,POI-004,0
71.72,71.72,UAV-1,RELAY,ACTIVE,RELAY_TRANSIT,1551.2,2883.5,3337.2,110.6,21.98,91.82,1,1.000,1,1.000,1,,0
71.72,71.72,UAV-2,SCOUT,ACTIVE,TRANSIT,1146.3,2945.7,3196.9,104.5,19.99,91.88,1,1.000,1,1.000,1,POI-003,0
71.72,71.72,UAV-3,SCOUT,ACTIVE,TRANSIT,1291.6,2892.5,3224.7,115.3,21.99,92.71,1,1.000,1,1.000,1,POI-005,0
71.72,71.72,UAV-4,SCOUT,ACTIVE,TRANSIT,1207.7,2946.2,3207.6,114.9,21.97,93.14,1,1.000,1,1.000,1,POI-008,0
71.72,71.72,UAV-5,SCOUT,ACTIVE,TRANSIT,897.1,3103.7,3153.3,108.9,21.90,93.20,1,1.000,1,1.000,1,POI-007,0
71.72,71.72,UAV-6,SCOUT,ACTIVE,TRANSIT,1069.7,3027.8,3174.2,107.9,21.91,94.06,1,1.000,1,1.000,1,POI-004,0
72.74,72.74,UAV-1,RELAY,ACTIVE,RELAY_TRANSIT,1570.6,2875.8,3345.2,117.5,22.00,91.70,1,1.000,1,1.000,1,,0
72.74,72.74,UAV-2,SCOUT,ACTIVE,TRANSIT,1165.5,2937.3,3201.2,105.8,21.53,91.77,1,1.000,1,1.000,1,POI-003,0
72.74,72.74,UAV-3,SCOUT,ACTIVE,TRANSIT,1309.4,2879.8,3228.4,112.5,21.45,92.58,1,1.000,1,1.000,1,POI-005,0
72.74,72.74,UAV-4,SCOUT,ACTIVE,TRANSIT,1226.3,2934.3,3211.6,116.2,21.99,93.03,1,1.000,1,1.000,1,POI-008,0
72.74,72.74,UAV-5,SCOUT,ACTIVE,TRANSIT,917.1,3094.5,3157.1,112.0,21.94,93.09,1,1.000,1,1.000,1,POI-007,0
72.74,72.74,UAV-6,SCOUT,ACTIVE,TRANSIT,1090.8,3021.1,3176.7,108.3,22.00,93.95,1,1.000,1,1.000,1,POI-004,0
73.76,73.76,UAV-1,RELAY,ACTIVE,RELAY_TRANSIT,1590.2,2868.1,3353.2,120.3,22.00,91.58,1,1.000,1,1.000,1,,0
73.76,73.76,UAV-2,SCOUT,ACTIVE,TRANSIT,1185.3,2928.6,3205.5,108.1,21.68,91.66,1,1.000,1,1.000,1,POI-003,0
73.76,73.76,UAV-3,SCOUT,ACTIVE,TRANSIT,1325.8,2865.5,3232.3,110.5,21.85,92.47,1,1.000,1,1.000,1,POI-005,0
73.76,73.76,UAV-4,SCOUT,ACTIVE,TRANSIT,1244.9,2922.4,3215.6,116.8,21.98,92.91,1,1.000,1,1.000,1,POI-008,0
73.76,73.76,UAV-5,SCOUT,ACTIVE,TRANSIT,937.2,3085.4,3160.7,114.1,21.94,92.98,1,1.000,1,1.000,1,POI-007,0
73.76,73.76,UAV-6,SCOUT,ACTIVE,TRANSIT,1109.9,3011.6,3181.3,112.5,21.52,93.82,1,1.000,1,1.000,1,POI-004,0
74.78,74.78,UAV-1,RELAY,ACTIVE,RELAY_TRANSIT,1609.8,2860.4,3360.9,117.6,22.00,91.47,1,1.000,1,1.000,1,,0
74.78,74.78,UAV-2,SCOUT,ACTIVE,TRANSIT,1205.3,2920.0,3209.7,111.5,21.77,91.55,1,1.000,1,1.000,1,POI-003,0
74.78,74.78,UAV-3,SCOUT,ACTIVE,TRANSIT,1342.3,2851.0,3236.1,106.5,21.88,92.36,1,1.000,1,1.000,1,POI-005,0
74.78,74.78,UAV-4,SCOUT,ACTIVE,TRANSIT,1263.5,2910.5,3219.4,118.2,21.98,92.80,1,1.000,1,1.000,1,POI-008,0
74.78,74.78,UAV-5,SCOUT,ACTIVE,TRANSIT,957.4,3076.3,3164.1,116.2,21.99,92.87,1,1.000,1,1.000,1,POI-007,0
74.78,74.78,UAV-6,SCOUT,ACTIVE,TRANSIT,1127.9,2999.8,3186.3,118.6,21.81,93.70,1,1.000,1,1.000,1,POI-004,0
75.80,75.80,UAV-1,RELAY,ACTIVE,RELAY_TRANSIT,1629.5,2852.6,3368.3,112.5,22.00,91.35,1,1.000,1,1.000,1,,0
75.80,75.80,UAV-2,SCOUT,ACTIVE,TRANSIT,1225.4,2911.4,3213.9,115.5,21.85,91.44,1,1.000,1,1.000,1,POI-003,0
75.80,75.80,UAV-3,SCOUT,ACTIVE,TRANSIT,1358.8,2836.4,3239.9,108.4,21.90,92.24,1,1.000,1,1.000,1,POI-005,0
75.80,75.80,UAV-4,SCOUT,ACTIVE,TRANSIT,1282.1,2898.5,3223.0,116.6,22.00,92.69,1,1.000,1,1.000,1,POI-008,0
75.80,75.80,UAV-5,SCOUT,ACTIVE,TRANSIT,977.4,3066.8,3167.4,111.8,21.98,92.76,1,1.000,1,1.000,1,POI-007,0
75.80,75.80,UAV-6,SCOUT,ACTIVE,TRANSIT,1146.0,2987.8,3191.3,120.2,21.88,93.59,1,1.000,1,1.000,1,POI-004,0
76.82,76.82,UAV-1,RELAY,ACTIVE,RELAY_TRANSIT,1649.3,2844.8,3375.4,107.7,22.00,91.24,1,1.000,1,1.000,1,,0
76.82,76.82,UAV-2,SCOUT,ACTIVE,TRANSIT,1245.5,2902.8,3218.0,118.3,21.90,91.32,1,1.000,1,1.000,1,POI-003,0
76.82,76.82,UAV-3,SCOUT,ACTIVE,TRANSIT,1375.3,2821.8,3243.6,112.8,21.90,92.13,1,1.000,1,1.000,1,POI-005,0
76.82,76.82,UAV-4,SCOUT,ACTIVE,TRANSIT,1300.7,2886.5,3226.4,113.8,21.74,92.58,1,1.000,1,1.000,1,POI-008,0
76.82,76.82,UAV-5,SCOUT,ACTIVE,TRANSIT,997.4,3057.1,3170.8,110.0,21.98,92.65,1,1.000,1,1.000,1,POI-007,0
76.82,76.82,UAV-6,SCOUT,ACTIVE,TRANSIT,1164.2,2975.7,3196.3,116.8,21.91,93.48,1,1.000,1,1.000,1,POI-004,0
77.84,77.84,UAV-1,RELAY,ACTIVE,RELAY_TRANSIT,1669.0,2837.1,3381.2,106.0,20.97,91.13,1,1.000,1,1.000,1,,0
77.84,77.84,UAV-2,SCOUT,ACTIVE,TRANSIT,1265.7,2894.1,3221.9,118.5,21.90,91.21,1,1.000,1,1.000,1,POI-003,0
77.84,77.84,UAV-3,SCOUT,ACTIVE,TRANSIT,1391.7,2807.3,3247.3,113.4,21.86,92.02,1,1.000,1,1.000,1,POI-005,0
77.84,77.84,UAV-4,SCOUT,ACTIVE,TRANSIT,1317.5,2872.9,3230.3,111.8,21.61,92.46,1,1.000,1,1.000,1,POI-008,0
77.84,77.84,UAV-5,SCOUT,ACTIVE,TRANSIT,1017.3,3047.5,3174.1,113.9,21.96,92.53,1,1.000,1,1.000,1,POI-007,0
77.84,77.84,UAV-6,SCOUT,ACTIVE,TRANSIT,1182.3,2963.6,3201.1,114.1,21.90,93.36,1,1.000,1,1.000,1,POI-004,0
78.86,78.86,UAV-1,RELAY,ACTIVE,RELAY_TRANSIT,1689.1,2829.2,3385.1,105.9,21.94,91.01,1,1.000,1,1.000,1,,0
78.86,78.86,UAV-2,SCOUT,ACTIVE,TRANSIT,1286.0,2885.5,3225.7,116.7,21.96,91.10,1,1.000,1,1.000,1,POI-003,0
78.86,78.86,UAV-3,SCOUT,ACTIVE,TRANSIT,1408.2,2792.7,3251.0,114.1,21.91,91.90,1,1.000,1,1.000,1,POI-005,0
78.86,78.86,UAV-4,SCOUT,ACTIVE,TRANSIT,1333.9,2858.5,3234.1,108.1,21.90,92.34,1,1.000,1,1.000,1,POI-008,0
78.86,78.86,UAV-5,SCOUT,ACTIVE,TRANSIT,1037.3,3037.9,3177.3,116.3,22.00,92.42,1,1.000,1,1.000,1,POI-007,0
78.86,78.86,UAV-6,SCOUT,ACTIVE,TRANSIT,1200.5,2951.4,3205.9,114.8,21.97,93.25,1,1.000,1,1.000,1,POI-004,0
79.88,79.88,UAV-1,RELAY,ACTIVE,RELAY_TRANSIT,1709.7,2821.0,3388.6,100.4,21.99,90.90,1,1.000,1,1.000,1,,0
79.88,79.88,UAV-2,SCOUT,ACTIVE,TRANSIT,1306.3,2876.7,3229.3,114.1,21.87,90.99,1,1.000,1,1.000,1,POI-003,0
79.88,79.88,UAV-3,SCOUT,ACTIVE,TRANSIT,1424.7,2778.0,3254.5,118.1,21.89,91.79,1,1.000,1,1.000,1,POI-005,0
79.88,79.88,UAV-4,SCOUT,ACTIVE,TRANSIT,1350.4,2843.9,3238.0,106.7,21.89,92.23,1,1.000,1,1.000,1,POI-008,0
79.88,79.88,UAV-5,SCOUT,ACTIVE,TRANSIT,1057.3,3028.2,3180.5,115.5,22.00,92.31,1,1.000,1,1.000,1,POI-007,0
79.88,79.88,UAV-6,SCOUT,ACTIVE,TRANSIT,1218.7,2939.2,3210.6,116.3,21.96,93.14,1,1.000,1,1.000,1,POI-004,0
80.90,80.90,UAV-1,RELAY,ACTIVE,RELAY_TRANSIT,1730.3,2812.9,3392.1,95.0,21.96,90.79,1,1.000,1,1.000,1,,0
80.90,80.90,UAV-2,SCOUT,ACTIVE,TRANSIT,1325.5,2866.2,3233.3,111.7,21.90,90.88,1,1.000,1,1.000,1,POI-003,0
80.90,80.90,UAV-3,SCOUT,ACTIVE,TRANSIT,1441.2,2763.4,3258.0,124.3,21.88,91.68,1,1.000,1,1.000,1,POI-005,0
80.90,80.90,UAV-4,SCOUT,ACTIVE,TRANSIT,1366.9,2829.3,3241.7,110.6,21.88,92.11,1,1.000,1,1.000,1,POI-008,0
80.90,80.90,UAV-5,SCOUT,ACTIVE,TRANSIT,1077.4,3018.6,3183.6,115.7,21.99,92.20,1,1.000,1,1.000,1,POI-007,0
80.90,80.90,UAV-6,SCOUT,ACTIVE,TRANSIT,1236.9,2927.1,3215.2,117.6,21.96,93.02,1,1.000,1,1.000,1,POI-004,0
81.92,81.92,UAV-1,RELAY,ACTIVE,RELAY_TRANSIT,1750.9,2804.9,3395.4,90.2,21.93,90.68,1,1.000,1,1.000,1,,0
81.92,81.92,UAV-2,SCOUT,ACTIVE,TRANSIT,1344.5,2855.1,3237.4,107.3,21.91,90.76,1,1.000,1,1.000,1,POI-003,0
81.92,81.92,UAV-3,SCOUT,ACTIVE,TRANSIT,1457.7,2748.7,3261.4,123.7,21.85,91.56,1,1.000,1,1.000,1,POI-005,0
81.92,81.92,UAV-4,SCOUT,ACTIVE,TRANSIT,1383.4,2814.8,3245.4,113.7,21.85,92.00,1,1.000,1,1.000,1,POI-008,0
81.92,81.92,UAV-5,SCOUT,ACTIVE,TRANSIT,1097.4,3009.0,3186.6,117.6,21.98,92.09,1,1.000,1,1.000,1,POI-007,0
81.92,81.92,UAV-6,SCOUT,ACTIVE,TRANSIT,1255.1,2914.8,3219.7,119.9,21.95,92.91,1,1.000,1,1.000,1,POI-004,0
82.94,82.94,UAV-1,RELAY,ACTIVE,RELAY_TRANSIT,1771.6,2796.8,3398.5,85.7,21.93,90.57,1,1.000,1,1.000,1,,0
82.94,82.94,UAV-2,SCOUT,ACTIVE,TRANSIT,1363.5,2843.9,3241.3,107.7,21.95,90.65,1,1.000,1,1.000,1,POI-003,0
82.94,82.94,UAV-3,SCOUT,ACTIVE,TRANSIT,1474.1,2734.1,3264.7,118.1,21.86,91.45,1,1.000,1,1.000,1,POI-005,0
82.94,82.94,UAV-4,SCOUT,ACTIVE,TRANSIT,1399.9,2800.2,3249.1,113.5,21.87,91.89,1,1.000,1,1.000,1,POI-008,0
82.94,82.94,UAV-5,SCOUT,ACTIVE,TRANSIT,1117.4,2999.3,3189.6,121.5,22.00,91.98,1,1.000,1,1.000,1,POI-007,0
82.94,82.94,UAV-6,SCOUT,ACTIVE,TRANSIT,1273.4,2902.6,3224.0,120.1,21.98,92.80,1,1.000,1,1.000,1,POI-004,0
83.96,83.96,UAV-1,RELAY,ACTIVE,RELAY_TRANSIT,1792.0,2788.8,3402.7,85.4,21.90,90.45,1,1.000,1,1.000,1,,0
83.96,83.96,UAV-2,SCOUT,ACTIVE,TRANSIT,1382.5,2832.7,3245.0,111.6,21.96,90.54,1,1.000,1,1.000,1,POI-003,0
83.96,83.96,UAV-3,SCOUT,ACTIVE,TRANSIT,1490.6,2719.3,3267.9,113.0,21.85,91.34,1,1.000,1,1.000,1,POI-005,0
83.96,83.96,UAV-4,SCOUT,ACTIVE,TRANSIT,1416.3,2785.6,3252.7,115.7,21.87,91.77,1,1.000,1,1.000,1,POI-008,0
83.96,83.96,UAV-5,SCOUT,ACTIVE,TRANSIT,1137.5,2989.6,3192.4,123.4,22.00,91.87,1,1.000,1,1.000,1,POI-007,0
83.96,83.96,UAV-6,SCOUT,ACTIVE,TRANSIT,1291.7,2890.3,3228.1,118.4,21.98,92.68,1,1.000,1,1.000,1,POI-004,0
84.98,84.98,UAV-1,RELAY,ACTIVE,RELAY_TRANSIT,1812.3,2780.8,3407.6,86.7,21.94,90.34,1,1.000,1,1.000,1,,0
84.98,84.98,UAV-2,SCOUT,ACTIVE,TRANSIT,1401.2,2821.8,3247.7,112.2,19.15,90.42,1,1.000,1,1.000,1,POI-003,0
84.98,84.98,UAV-3,SCOUT,ACTIVE,TRANSIT,1507.0,2704.5,3270.9,113.9,21.84,91.23,1,1.000,1,1.000,1,POI-005,0
84.98,84.98,UAV-4,SCOUT,ACTIVE,TRANSIT,1432.8,2771.0,3256.2,121.2,21.87,91.66,1,1.000,1,1.000,1,POI-008,0
84.98,84.98,UAV-5,SCOUT,ACTIVE,TRANSIT,1157.5,2980.0,3195.1,118.6,21.99,91.76,1,1.000,1,1.000,1,POI-007,0
84.98,84.98,UAV-6,SCOUT,ACTIVE,TRANSIT,1310.0,2878.0,3232.0,115.9,21.98,92.57,1,1.000,1,1.000,1,POI-004,0
86.00,86.00,UAV-1,RELAY,ACTIVE,RELAY_TRANSIT,1832.7,2772.9,3412.3,91.2,21.95,90.23,1,1.000,1,1.000,1,,0
86.00,86.00,UAV-2,SCOUT,ACTIVE,TRANSIT,1416.0,2814.4,3244.4,103.9,15.37,90.29,1,1.000,1,1.000,1,POI-003,0
86.00,86.00,UAV-3,SCOUT,ACTIVE,TRANSIT,1523.3,2689.7,3273.8,112.6,21.92,91.11,1,1.000,1,1.000,1,POI-005,0
86.00,86.00,UAV-4,SCOUT,ACTIVE,TRANSIT,1449.3,2756.3,3259.7,125.0,21.88,91.55,1,1.000,1,1.000,1,POI-008,0
86.00,86.00,UAV-5,SCOUT,ACTIVE,TRANSIT,1177.6,2970.3,3197.7,113.3,22.00,91.65,1,1.000,1,1.000,1,POI-007,0
86.00,86.00,UAV-6,SCOUT,ACTIVE,TRANSIT,1327.3,2865.0,3235.7,113.3,21.25,92.45,1,1.000,1,1.000,1,POI-004,0
87.02,87.02,UAV-1,RELAY,ACTIVE,RELAY_TRANSIT,1853.1,2764.8,3416.9,106.1,21.96,90.12,1,1.000,1,1.000,1,,0
87.02,87.02,UAV-2,SCOUT,ACTIVE,TRANSIT,1427.5,2810.1,3235.0,91.1,15.47,90.16,1,1.000,1,1.000,1,POI-003,0
87.02,87.02,UAV-3,SCOUT,ACTIVE,TRANSIT,1538.7,2674.2,3278.1,112.4,21.77,90.99,1,1.000,1,1.000,1,POI-005,0
87.02,87.02,UAV-4,SCOUT,ACTIVE,TRANSIT,1465.7,2741.6,3263.0,121.1,21.88,91.43,1,1.000,1,1.000,1,POI-008,0
87.02,87.02,UAV-5,SCOUT,ACTIVE,TRANSIT,1195.7,2958.7,3201.4,112.2,21.43,91.53,1,1.000,1,1.000,1,POI-007,0
87.02,87.02,UAV-6,SCOUT,ACTIVE,TRANSIT,1343.5,2850.6,3239.2,109.3,21.79,92.33,1,1.000,1,1.000,1,POI-004,0
88.04,88.04,UAV-1,RELAY,ACTIVE,RELAY_TRANSIT,1873.6,2756.8,3421.3,119.4,21.97,90.01,1,1.000,1,1.000,1,,0
88.04,88.04,UAV-2,SCOUT,ACTIVE,TRANSIT,1436.3,2808.1,3221.3,74.1,16.71,90.03,1,1.000,1,1.000,1,POI-003,0
88.04,88.04,UAV-3,SCOUT,ACTIVE,TRANSIT,1553.9,2658.6,3282.5,113.9,21.78,90.88,1,1.000,1,1.000,1,POI-005,0
88.04,88.04,UAV-4,SCOUT,ACTIVE,TRANSIT,1482.2,2726.9,3266.3,115.4,21.87,91.32,1,1.000,1,1.000,1,POI-008,0
88.04,88.04,UAV-5,SCOUT,ACTIVE,TRANSIT,1212.9,2945.2,3205.3,112.2,21.92,91.41,1,1.000,1,1.000,1,POI-007,0
88.04,88.04,UAV-6,SCOUT,ACTIVE,TRANSIT,1359.9,2835.9,3242.7,111.2,21.89,92.22,1,1.000,1,1.000,1,POI-004,0
89.06,89.06,UAV-1,RELAY,ACTIVE,RELAY_TRANSIT,1894.1,2748.8,3425.4,119.7,21.95,89.90,1,1.000,1,1.000,1,,0
89.06,89.06,UAV-2,SCOUT,ACTIVE,SURVEY,1442.8,2808.0,3205.0,54.3,17.47,89.90,1,1.000,2,1.000,1,POI-003,0
89.06,89.06,UAV-3,SCOUT,ACTIVE,TRANSIT,1569.1,2643.0,3286.9,114.6,21.77,90.76,1,1.000,1,1.000,1,POI-005,0
89.06,89.06,UAV-4,SCOUT,ACTIVE,TRANSIT,1498.6,2712.1,3269.4,112.7,21.86,91.21,1,1.000,1,1.000,1,POI-008,0
89.06,89.06,UAV-5,SCOUT,ACTIVE,TRANSIT,1230.2,2931.5,3209.2,113.0,21.94,91.30,1,1.000,1,1.000,1,POI-007,0
89.06,89.06,UAV-6,SCOUT,ACTIVE,TRANSIT,1376.2,2821.1,3246.2,115.4,21.88,92.11,1,1.000,1,1.000,1,POI-004,0
90.08,90.08,UAV-1,RELAY,ACTIVE,RELAY_TRANSIT,1914.0,2741.0,3431.6,112.2,21.90,89.77,1,1.000,1,1.000,1,,0
90.08,90.08,UAV-2,SCOUT,ACTIVE,SURVEY,1445.5,2810.0,3190.0,36.8,12.38,89.77,1,1.000,2,0.994,1,POI-003,0
90.08,90.08,UAV-3,SCOUT,ACTIVE,TRANSIT,1584.3,2627.4,3291.2,114.0,21.77,90.65,1,1.000,1,1.000,1,POI-005,0
90.08,90.08,UAV-4,SCOUT,ACTIVE,TRANSIT,1515.0,2697.3,3272.3,114.3,21.81,91.10,1,1.000,1,1.000,1,POI-008,0
90.08,90.08,UAV-5,SCOUT,ACTIVE,TRANSIT,1247.4,2917.8,3213.0,114.1,21.95,91.19,1,1.000,1,1.000,1,POI-007,0
90.08,90.08,UAV-6,SCOUT,ACTIVE,TRANSIT,1392.6,2806.3,3249.6,115.4,21.87,91.99,1,1.000,1,1.000,1,POI-004,0
91.10,91.10,UAV-1,RELAY,ACTIVE,RELAY_TRANSIT,1933.7,2733.3,3439.0,109.9,21.95,89.65,1,1.000,1,1.000,1,,0
91.10,91.10,UAV-2,SCOUT,ACTIVE,TRANSIT,1444.6,2811.9,3183.3,30.1,1.60,89.62,1,1.000,2,1.000,1,POI-010,0
91.10,91.10,UAV-3,SCOUT,ACTIVE,TRANSIT,1599.4,2611.8,3295.5,111.2,21.75,90.53,1,1.000,1,1.000,1,POI-005,0
91.10,91.10,UAV-4,SCOUT,ACTIVE,TRANSIT,1530.9,2682.1,3275.9,111.8,21.75,90.98,1,1.000,1,1.000,1,POI-008,0
91.10,91.10,UAV-5,SCOUT,ACTIVE,TRANSIT,1264.7,2904.1,3216.8,115.1,21.94,91.07,1,1.000,1,1.000,1,POI-007,0
91.10,91.10,UAV-6,SCOUT,ACTIVE,TRANSIT,1408.9,2791.5,3252.9,116.0,21.85,91.88,1,1.000,1,1.000,1,POI-004,0
92.12,92.12,UAV-1,RELAY,ACTIVE,RELAY_TRANSIT,1953.5,2725.6,3446.2,110.4,21.97,89.54,1,1.000,2,1.000,1,,0
92.12,92.12,UAV-2,SCOUT,ACTIVE,TRANSIT,1446.1,2812.4,3189.0,34.6,11.14,89.47,1,1.000,3,1.000,1,POI-010,0
92.12,92.12,UAV-3,SCOUT,ACTIVE,TRANSIT,1614.6,2596.2,3299.6,109.1,21.75,90.42,1,1.000,1,1.000,1,POI-005,0
92.12,92.12,UAV-4,SCOUT,ACTIVE,TRANSIT,1546.1,2666.6,3280.3,113.3,21.76,90.86,1,1.000,1,1.000,1,POI-008,0
92.12,92.12,UAV-5,SCOUT,ACTIVE,TRANSIT,1282.0,2890.4,3220.6,113.2,21.94,90.96,1,1.000,1,1.000,1,POI-007,0
92.12,92.12,UAV-6,SCOUT,ACTIVE,TRANSIT,1425.2,2776.7,3256.3,120.0,21.86,91.77,1,1.000,1,1.000,1,POI-004,0
93.14,93.14,UAV-1,RELAY,ACTIVE,RELAY_TRANSIT,1973.3,2717.9,3453.3,110.9,21.98,89.42,1,1.000,1,1.000,1,,0
93.14,93.14,UAV-2,SCOUT,ACTIVE,TRANSIT,1447.1,2812.5,3204.5,49.4,18.42,89.32,1,1.000,2,0.958,1,POI-010,0
93.14,93.14,UAV-3,SCOUT,ACTIVE,TRANSIT,1629.8,2580.5,3303.8,110.5,21.76,90.30,1,1.000,1,1.000,1,POI-005,0
93.14,93.14,UAV-4,SCOUT,ACTIVE,TRANSIT,1561.3,2651.1,3284.7,114.3,21.77,90.75,1,1.000,1,1.000,1,POI-008,0
93.14,93.14,UAV-5,SCOUT,ACTIVE,TRANSIT,1299.3,2876.6,3224.2,111.0,21.95,90.85,1,1.000,1,1.000,1,POI-007,0
93.14,93.14,UAV-6,SCOUT,ACTIVE,TRANSIT,1441.6,2761.9,3259.5,126.0,21.86,91.65,1,1.000,1,1.000,1,POI-004,0
94.16,94.16,UAV-1,RELAY,ACTIVE,RELAY_TRANSIT,1993.2,2710.1,3460.1,109.0,21.97,89.31,1,1.000,1,1.000,1,,0
94.16,94.16,UAV-2,SCOUT,ACTIVE,TRANSIT,1447.5,2812.3,3224.8,69.5,20.51,89.17,1,1.000,1,1.000,1,POI-010,0
94.16,94.16,UAV-3,SCOUT,ACTIVE,TRANSIT,1645.0,2564.8,3307.8,112.1,21.76,90.19,1,1.000,1,1.000,1,POI-005,0
94.16,94.16,UAV-4,SCOUT,ACTIVE,TRANSIT,1576.5,2635.5,3289.0,114.7,21.77,90.63,1,1.000,1,1.000,1,POI-008,0
94.16,94.16,UAV-5,SCOUT,ACTIVE,TRANSIT,1316.6,2862.9,3227.8,108.2,21.95,90.73,1,1.000,1,1.000,1,POI-007,0
94.16,94.16,UAV-6,SCOUT,ACTIVE,TRANSIT,1457.9,2747.0,3262.7,124.6,21.86,91.54,1,1.000,1,1.000,1,POI-004,0
95.18,95.18,UAV-1,RELAY,ACTIVE,RELAY_TRANSIT,2013.1,2702.3,3466.7,108.3,21.98,89.20,1,1.000,1,1.000,1,,0
95.18,95.18,UAV-2,SCOUT,ACTIVE,TRANSIT,1447.5,2811.7,3244.0,88.9,13.94,89.04,1,1.000,1,1.000,1,POI-010,0
95.18,95.18,UAV-3,SCOUT,ACTIVE,TRANSIT,1660.1,2549.1,3311.8,111.7,21.75,90.07,1,1.000,1,1.000,1,POI-005,0
95.18,95.18,UAV-4,SCOUT,ACTIVE,TRANSIT,1591.7,2619.8,3293.3,112.9,21.77,90.52,1,1.000,1,1.000,1,POI-008,0
95.18,95.18,UAV-5,SCOUT,ACTIVE,TRANSIT,1333.9,2849.1,3231.3,104.1,21.95,90.62,1,1.000,1,1.000,1,POI-007,0
95.18,95.18,UAV-6,SCOUT,ACTIVE,TRANSIT,1474.2,2732.1,3265.8,118.8,21.85,91.43,1,1.000,1,1.000,1,POI-004,0
96.20,96.20,UAV-1,RELAY,ACTIVE,RELAY_TRANSIT,2033.2,2694.4,3472.8,109.6,21.96,89.08,1,1.000,1,1.000,1,,0
96.20,96.20,UAV-2,SCOUT,ACTIVE,TRANSIT,1449.5,2810.4,3253.1,97.0,6.64,88.90,1,1.000,1,1.000,1,POI-010,0
96.20,96.20,UAV-3,SCOUT,ACTIVE,TRANSIT,1675.2,2533.4,3315.7,109.9,21.75,89.96,1,1.000,1,1.000,1,POI-005,0
96.20,96.20,UAV-4,SCOUT,ACTIVE,TRANSIT,1606.9,2604.2,3297.5,109.8,21.76,90.40,1,1.000,1,1.000,1,POI-008,0
96.20,96.20,UAV-5,SCOUT,ACTIVE,TRANSIT,1351.2,2835.3,3234.7,104.3,21.94,90.51,1,1.000,1,1.000,1,POI-007,0
96.20,96.20,UAV-6,SCOUT,ACTIVE,TRANSIT,1490.4,2717.2,3268.8,113.8,21.85,91.32,1,1.000,1,1.000,1,POI-004,0
97.22,97.22,UAV-1,RELAY,ACTIVE,RELAY_TRANSIT,2053.2,2686.6,3479.5,111.2,21.98,88.96,1,1.000,1,1.000,1,,0
97.22,97.22,UAV-2,SCOUT,ACTIVE,TRANSIT,1455.2,2806.1,3257.7,98.6,10.86,88.76,1,1.000,1,1.000,1,POI-010,0
97.22,97.22,UAV-3,SCOUT,ACTIVE,TRANSIT,1690.4,2517.6,3319.5,109.1,21.76,89.84,1,1.000,1,1.000,1,POI-005,0
97.22,97.22,UAV-4,SCOUT,ACTIVE,TRANSIT,1622.1,2588.5,3301.7,109.5,21.77,90.29,1,1.000,1,1.000,1,POI-008,0
97.22,97.22,UAV-5,SCOUT,ACTIVE,TRANSIT,1368.5,2821.5,3238.0,107.6,21.96,90.40,1,1.000,1,1.000,1,POI-007,0
97.22,97.22,UAV-6,SCOUT,ACTIVE,TRANSIT,1506.7,2702.2,3271.7,114.6,21.85,91.20,1,1.000,1,1.000,1,POI-004,0
98.24,98.24,UAV-1,RELAY,ACTIVE,RELAY_TRANSIT,2073.1,2678.9,3486.3,109.5,21.98,88.85,1,1.000,1,1.000,1,,0
98.24,98.24,UAV-2,SCOUT,ACTIVE,TRANSIT,1465.5,2797.9,3261.7,97.9,15.70,88.63,1,1.000,1,1.000,1,POI-010,0
98.24,98.24,UAV-3,SCOUT,ACTIVE,TRANSIT,1705.5,2501.7,3323.1,111.1,21.74,89.73,1,1.000,1,1.000,1,POI-005,0
98.24,98.24,UAV-4,SCOUT,ACTIVE,TRANSIT,1637.2,2572.8,3305.8,111.3,21.76,90.17,1,1.000,1,1.000,1,POI-008,0
98.24,98.24,UAV-5,SCOUT,ACTIVE,TRANSIT,1385.8,2807.7,3241.1,107.9,21.94,90.28,1,1.000,1,1.000,1,POI-007,0
98.24,98.24,UAV-6,SCOUT,ACTIVE,TRANSIT,1522.9,2687.2,3274.4,112.9,21.81,91.09,1,1.000,1,1.000,1,POI-004,0
99.26,99.26,UAV-1,RELAY,ACTIVE,RELAY_TRANSIT,2093.0,2671.1,3493.0,103.4,21.97,88.73,1,1.000,1,1.000,1,,0
99.26,99.26,UAV-2,SCOUT,ACTIVE,TRANSIT,1478.0,2786.1,3265.4,100.6,18.39,88.50,1,1.000,1,1.000,1,POI-010,0
99.26,99.26,UAV-3,SCOUT,ACTIVE,TRANSIT,1720.5,2485.8,3326.6,111.8,21.67,89.62,1,1.000,1,1.000,1,POI-005,0
99.26,99.26,UAV-4,SCOUT,ACTIVE,TRANSIT,1652.4,2557.2,3309.8,112.1,21.73,90.06,1,1.000,1,1.000,1,POI-008,0
99.26,99.26,UAV-5,SCOUT,ACTIVE,TRANSIT,1403.1,2793.8,3244.1,107.5,21.99,90.17,1,1.000,1,1.000,1,POI-007,0
99.26,99.26,UAV-6,SCOUT,ACTIVE,TRANSIT,1539.0,2672.1,3277.1,111.5,21.73,90.97,1,1.000,1,1.000,1,POI-004,0
100.28,100.28,UAV-1,RELAY,ACTIVE,RELAY_TRANSIT,2112.9,2663.3,3499.6,102.5,21.98,88.62,1,1.000,1,1.000,1,,0
100.28,100.28,UAV-2,SCOUT,ACTIVE,TRANSIT,1490.7,2771.7,3269.1,105.4,19.87,88.37,1,1.000,1,1.000,1,POI-010,0
100.28,100.28,UAV-3,SCOUT,ACTIVE,TRANSIT,1735.5,2470.0,3329.9,111.3,21.56,89.50,1,1.000,1,1.000,1,POI-005,0
100.28,100.28,UAV-4,SCOUT,ACTIVE,TRANSIT,1667.5,2541.4,3313.7,110.7,21.75,89.94,1,1.000,1,1.000,1,POI-008,0
100.28,100.28,UAV-5,SCOUT,ACTIVE,TRANSIT,1419.2,2779.0,3248.4,111.6,21.82,90.05,1,1.000,1,1.000,1,POI-007,0
100.28,100.28,UAV-6,SCOUT,ACTIVE,TRANSIT,1552.8,2655.7,3281.2,113.2,21.52,90.85,1,1.000,1,1.000,1,POI-004,0
101.30,101.30,UAV-1,RELAY,ACTIVE,RELAY_TRANSIT,2133.0,2655.4,3505.9,106.1,21.99,88.51,1,1.000,1,1.000,1,,0
101.30,101.30,UAV-2,SCOUT,ACTIVE,TRANSIT,1503.6,2755.9,3272.7,108.0,20.68,88.25,1,1.000,1,1.000,1,POI-010,0
101.30,101.30,UAV-3,SCOUT,ACTIVE,TRANSIT,1750.7,2455.3,3333.3,112.0,19.61,89.37,1,1.000,1,1.000,1,POI-005,0
101.30,101.30,UAV-4,SCOUT,ACTIVE,TRANSIT,1682.6,2525.7,3317.5,109.4,21.75,89.83,1,1.000,1,1.000,1,POI-008,0
101.30,101.30,UAV-5,SCOUT,ACTIVE,TRANSIT,1435.0,2764.0,3252.9,119.5,21.84,89.93,1,1.000,1,1.000,1,POI-007,0
101.30,101.30,UAV-6,SCOUT,ACTIVE,TRANSIT,1566.1,2638.7,3285.5,114.3,21.59,90.74,1,1.000,1,1.000,1,POI-004,0
102.32,102.32,UAV-1,RELAY,ACTIVE,RELAY_TRANSIT,2153.1,2647.6,3511.9,107.9,21.99,88.39,1,1.000,1,1.000,1,,0
102.32,102.32,UAV-2,SCOUT,ACTIVE,TRANSIT,1516.5,2739.3,3276.3,110.2,21.07,88.13,1,1.000,1,1.000,1,POI-010,0
102.32,102.32,UAV-3,SCOUT,ACTIVE,TRANSIT,1768.6,2447.0,3337.3,108.9,20.73,89.25,1,1.000,1,1.000,1,POI-005,0
102.32,102.32,UAV-4,SCOUT,ACTIVE,TRANSIT,1697.7,2509.9,3321.3,109.8,21.76,89.72,1,1.000,1,1.000,1,POI-008,0
102.32,102.32,UAV-5,SCOUT,ACTIVE,TRANSIT,1450.8,2748.9,3257.4,121.7,21.85,89.82,1,1.000,1,1.000,1,POI-007,0
102.32,102.32,UAV-6,SCOUT,ACTIVE,TRANSIT,1579.3,2621.6,3289.8,113.4,21.60,90.62,1,1.000,1,1.000,1,POI-004,0
103.34,103.34,UAV-1,RELAY,ACTIVE,RELAY_TRANSIT,2173.3,2639.7,3517.5,106.0,21.58,88.28,1,1.000,1,1.000,1,,0
103.34,103.34,UAV-2,SCOUT,ACTIVE,TRANSIT,1529.5,2722.4,3279.8,115.8,21.30,88.01,1,1.000,1,1.000,1,POI-010,0
103.34,103.34,UAV-3,SCOUT,ACTIVE,TRANSIT,1789.2,2440.3,3341.2,104.7,21.89,89.13,1,1.000,1,1.000,1,POI-005,0
103.34,103.34,UAV-4,SCOUT,ACTIVE,TRANSIT,1712.8,2494.0,3324.8,111.9,21.76,89.60,1,1.000,1,1.000,1,POI-008,0
103.34,103.34,UAV-5,SCOUT,ACTIVE,TRANSIT,1466.6,2733.8,3261.8,117.7,21.85,89.71,1,1.000,1,1.000,1,POI-007,0
103.34,103.34,UAV-6,SCOUT,ACTIVE,TRANSIT,1592.6,2604.5,3294.0,110.5,21.60,90.50,1,1.000,1,1.000,1,POI-004,0
104.36,104.36,UAV-1,RELAY,ACTIVE,RELAY_TRANSIT,2192.7,2632.3,3519.8,100.9,20.65,88.16,1,1.000,1,1.000,1,,0
104.36,104.36,UAV-2,SCOUT,ACTIVE,TRANSIT,1542.5,2705.2,3283.3,117.6,21.38,87.89,1,1.000,1,1.000,1,POI-010,0
104.36,104.36,UAV-3,SCOUT,ACTIVE,TRANSIT,1810.2,2433.7,3345.1,103.7,21.94,89.02,1,1.000,1,1.000,1,POI-005,0
104.36,104.36,UAV-4,SCOUT,ACTIVE,TRANSIT,1727.9,2478.0,3328.2,111.4,21.73,89.49,1,1.000,1,1.000,1,POI-008,0
104.36,104.36,UAV-5,SCOUT,ACTIVE,TRANSIT,1482.4,2718.7,3266.2,113.8,21.84,89.59,1,1.000,1,1.000,1,POI-007,0
104.36,104.36,UAV-6,SCOUT,ACTIVE,TRANSIT,1605.8,2587.3,3298.1,110.5,21.59,90.39,1,1.000,1,1.000,1,POI-004,0
105.38,105.38,UAV-1,RELAY,ACTIVE,RELAY_TRANSIT,2212.7,2624.3,3520.9,96.1,21.69,88.05,1,1.000,1,1.000,1,,0
105.38,105.38,UAV-2,SCOUT,ACTIVE,TRANSIT,1555.4,2688.0,3286.7,112.2,21.36,87.77,1,1.000,1,1.000,1,POI-010,0
105.38,105.38,UAV-3,SCOUT,ACTIVE,TRANSIT,1831.2,2427.0,3348.8,99.5,21.92,88.91,1,1.000,1,1.000,1,POI-005,0
105.38,105.38,UAV-4,SCOUT,ACTIVE,TRANSIT,1742.8,2462.0,3331.4,111.7,21.75,89.37,1,1.000,1,1.000,1,POI-008,0
105.38,105.38,UAV-5,SCOUT,ACTIVE,TRANSIT,1498.1,2703.6,3270.5,113.4,21.82,89.48,1,1.000,1,1.000,1,POI-007,0
105.38,105.38,UAV-6,SCOUT,ACTIVE,TRANSIT,1618.9,2570.2,3302.1,113.7,21.57,90.27,1,1.000,1,1.000,1,POI-004,0
106.40,106.40,UAV-1,RELAY,ACTIVE,RELAY_TRANSIT,2233.4,2615.9,3521.9,91.3,21.98,87.94,1,1.000,1,1.000,1,,0
106.40,106.40,UAV-2,SCOUT,ACTIVE,TRANSIT,1568.3,2670.8,3290.0,110.9,21.30,87.66,1,1.000,1,1.000,1,POI-010,0
106.40,106.40,UAV-3,SCOUT,ACTIVE,TRANSIT,1852.2,2420.4,3352.5,99.8,21.91,88.80,1,1.000,1,1.000,1,POI-005,0
106.40,106.40,UAV-4,SCOUT,ACTIVE,TRANSIT,1759.2,2450.7,3335.3,111.2,19.60,89.24,1,1.000,1,1.000,1,POI-008,0
106.40,106.40,UAV-5,SCOUT,ACTIVE,TRANSIT,1513.9,2688.4,3274.7,115.5,21.82,89.36,1,1.000,1,1.000,1,POI-007,0
106.40,106.40,UAV-6,SCOUT,ACTIVE,TRANSIT,1632.1,2553.0,3306.1,115.7,21.55,90.16,1,1.000,1,1.000,1,POI-004,0
107.42,107.42,UAV-1,RELAY,ACTIVE,RELAY_TRANSIT,2254.2,2607.6,3523.0,84.9,21.97,87.84,1,1.000,1,1.000,1,,0
107.42,107.42,UAV-2,SCOUT,ACTIVE,TRANSIT,1581.1,2653.6,3293.3,111.8,21.24,87.54,1,1.000,1,1.000,1,POI-010,0
107.42,107.42,UAV-3,SCOUT,ACTIVE,TRANSIT,1873.3,2413.7,3356.1,105.6,21.92,88.69,1,1.000,1,1.000,1,POI-005,0
107.42,107.42,UAV-4,SCOUT,ACTIVE,TRANSIT,1778.7,2443.7,3339.3,106.2,21.63,89.12,1,1.000,1,0.997,1,POI-008,0
107.42,107.42,UAV-5,SCOUT,ACTIVE,TRANSIT,1529.6,2673.3,3278.8,114.7,21.82,89.25,1,1.000,1,1.000,1,POI-007,0
107.42,107.42,UAV-6,SCOUT,ACTIVE,TRANSIT,1645.2,2535.8,3309.9,114.0,21.49,90.04,1,1.000,1,1.000,1,POI-004,0
108.44,108.44,UAV-1,RELAY,ACTIVE,RELAY_TRANSIT,2275.0,2599.4,3524.0,78.6,21.94,87.73,1,1.000,1,1.000,1,,0
108.44,108.44,UAV-2,SCOUT,ACTIVE,TRANSIT,1593.9,2636.4,3296.5,114.4,21.21,87.42,1,1.000,1,1.000,1,POI-010,0
108.44,108.44,UAV-3,SCOUT,ACTIVE,TRANSIT,1894.3,2407.0,3359.6,105.7,21.92,88.58,1,1.000,1,1.000,1,POI-005,0
108.44,108.44,UAV-4,SCOUT,ACTIVE,TRANSIT,1799.6,2437.1,3343.1,104.1,21.90,89.01,1,1.000,1,1.000,1,POI-008,0
108.44,108.44,UAV-5,SCOUT,ACTIVE,TRANSIT,1545.4,2658.1,3282.9,116.7,21.83,89.13,1,1.000,1,1.000,1,POI-007,0
108.44,108.44,UAV-6,SCOUT,ACTIVE,TRANSIT,1658.2,2518.6,3313.6,112.5,21.45,89.93,1,1.000,1,1.000,1,POI-004,0
109.46,109.46,UAV-1,RELAY,ACTIVE,RELAY_TRANSIT,2295.9,2591.3,3525.0,78.7,21.92,87.62,1,1.000,1,1.000,1,,0
109.46,109.46,UAV-2,SCOUT,ACTIVE,TRANSIT,1606.5,2619.2,3299.7,114.1,21.17,87.30,1,1.000,1,1.000,1,POI-010,0
109.46,109.46,UAV-3,SCOUT,ACTIVE,TRANSIT,1915.4,2400.4,3363.0,99.8,21.91,88.47,1,1.000,1,1.000,1,POI-005,0
109.46,109.46,UAV-4,SCOUT,ACTIVE,TRANSIT,1820.6,2430.4,3347.0,102.3,21.91,88.90,1,1.000,2,1.000,1,POI-008,0
109.46,109.46,UAV-5,SCOUT,ACTIVE,TRANSIT,1561.1,2642.9,3286.9,117.1,21.82,89.02,1,1.000,1,1.000,1,POI-007,0
109.46,109.46,UAV-6,SCOUT,ACTIVE,TRANSIT,1671.1,2501.3,3317.1,111.2,21.37,89.81,1,1.000,1,1.000,1,POI-004,0
110.48,110.48,UAV-1,RELAY,ACTIVE,RELAY_TRANSIT,2316.5,2583.4,3525.5,82.0,20.74,87.52,1,1.000,1,1.000,1,,0
110.48,110.48,UAV-2,SCOUT,ACTIVE,TRANSIT,1619.1,2601.9,3302.6,110.3,21.04,87.18,1,1.000,1,1.000,1,POI-010,0
110.48,110.48,UAV-3,SCOUT,ACTIVE,TRANSIT,1936.5,2393.7,3366.2,97.2,21.89,88.36,1,1.000,2,1.000,1,POI-005,0
110.48,110.48,UAV-4,SCOUT,ACTIVE,TRANSIT,1841.6,2423.7,3350.7,97.8,21.90,88.79,1,1.000,1,0.975,1,POI-008,0
110.48,110.48,UAV-5,SCOUT,ACTIVE,TRANSIT,1576.8,2627.6,3290.7,115.8,21.80,88.91,1,1.000,1,1.000,1,POI-007,0
110.48,110.48,UAV-6,SCOUT,ACTIVE,TRANSIT,1683.9,2484.1,3320.5,112.6,21.17,89.70,1,1.000,1,1.000,1,POI-004,0
111.50,111.50,UAV-1,RELAY,ACTIVE,RELAY_TRANSIT,2336.1,2575.9,3523.7,84.8,20.85,87.40,1,1.000,1,1.000,1,,0
111.50,111.50,UAV-2,SCOUT,ACTIVE,TRANSIT,1631.5,2584.8,3305.5,110.7,20.84,87.06,1,1.000,1,1.000,1,POI-010,0
111.50,111.50,UAV-3,SCOUT,ACTIVE,TRANSIT,1957.6,2387.1,3369.3,101.8,21.51,88.25,1,1.000,1,1.000,1,POI-005,0
111.50,111.50,UAV-4,SCOUT,ACTIVE,TRANSIT,1862.6,2417.1,3354.3,102.8,21.91,88.68,1,1.000,2,1.000,1,POI-008,0
111.50,111.50,UAV-5,SCOUT,ACTIVE,TRANSIT,1592.5,2612.3,3294.4,112.4,21.79,88.79,1,1.000,1,1.000,1,POI-007,0
111.50,111.50,UAV-6,SCOUT,ACTIVE,TRANSIT,1696.5,2467.2,3323.3,111.9,19.54,89.57,1,1.000,1,1.000,1,POI-004,0
112.52,112.52,UAV-1,RELAY,ACTIVE,RELAY_TRANSIT,2356.0,2568.0,3521.7,90.5,21.26,87.29,1,1.000,1,1.000,1,,0
112.52,112.52,UAV-2,SCOUT,ACTIVE,TRANSIT,1643.6,2567.7,3308.1,112.3,20.67,86.94,1,1.000,1,1.000,1,POI-010,0
112.52,112.52,UAV-3,SCOUT,ACTIVE,TRANSIT,1972.3,2386.2,3377.7,112.5,15.53,88.10,1,1.000,1,1.000,1,POI-005,0
112.52,112.52,UAV-4,SCOUT,ACTIVE,TRANSIT,1883.7,2410.4,3357.9,106.8,21.92,88.57,1,1.000,1,1.000,1,POI-008,0
112.52,112.52,UAV-5,SCOUT,ACTIVE,TRANSIT,1608.2,2597.0,3297.9,109.4,21.79,88.68,1,1.000,1,1.000,1,POI-007,0
112.52,112.52,UAV-6,SCOUT,ACTIVE,TRANSIT,1706.8,2454.4,3321.1,106.7,14.46,89.44,1,1.000,1,1.000,1,POI-004,0
113.54,113.54,UAV-1,RELAY,ACTIVE,RELAY_TRANSIT,2376.2,2559.9,3519.8,94.4,21.46,87.18,1,1.000,1,1.000,1,,0
113.54,113.54,UAV-2,SCOUT,ACTIVE,TRANSIT,1655.8,2551.0,3310.7,112.3,19.59,86.81,1,1.000,1,1.000,1,POI-010,0
113.54,113.54,UAV-3,SCOUT,ACTIVE,TRANSIT,1980.5,2394.5,3391.9,124.0,20.09,87.95,1,1.000,1,1.000,1,POI-005,0
113.54,113.54,UAV-4,SCOUT,ACTIVE,TRANSIT,1904.7,2403.8,3361.3,102.9,21.90,88.46,1,1.000,1,1.000,1,POI-008,0
113.54,113.54,UAV-5,SCOUT,ACTIVE,TRANSIT,1623.8,2581.6,3301.2,109.6,21.69,88.57,1,1.000,1,1.000,1,POI-007,0
113.54,113.54,UAV-6,SCOUT,ACTIVE,TRANSIT,1714.8,2446.1,3312.7,96.4,14.17,89.31,1,1.000,2,0.958,1,POI-004,0
114.56,114.56,UAV-1,RELAY,ACTIVE,RELAY_TRANSIT,2396.5,2551.8,3518.0,87.6,21.60,87.07,1,1.000,1,1.000,1,,0
114.56,114.56,UAV-2,SCOUT,ACTIVE,TRANSIT,1671.1,2538.0,3313.9,109.6,20.69,86.68,1,1.000,1,1.000,1,POI-010,0
114.56,114.56,UAV-3,SCOUT,ACTIVE,TRANSIT,1987.7,2407.4,3406.8,133.6,20.87,87.82,1,1.000,1,1.000,1,POI-005,0
114.56,114.56,UAV-4,SCOUT,ACTIVE,TRANSIT,1925.8,2397.1,3364.6,97.8,21.90,88.35,1,1.000,1,1.000,1,POI-008,0
114.56,114.56,UAV-5,SCOUT,ACTIVE,TRANSIT,1640.5,2567.4,3304.5,110.0,21.88,88.45,1,1.000,1,1.000,1,POI-007,0
114.56,114.56,UAV-6,SCOUT,ACTIVE,TRANSIT,1720.9,2441.3,3299.7,82.1,15.66,89.18,1,1.000,2,0.955,1,POI-004,0
115.58,115.58,UAV-1,RELAY,ACTIVE,RELAY_TRANSIT,2416.9,2543.7,3516.2,84.8,21.70,86.96,1,1.000,2,1.000,1,,0
115.58,115.58,UAV-2,SCOUT,ACTIVE,TRANSIT,1688.5,2525.4,3317.1,106.8,21.75,86.57,1,1.000,1,1.000,1,POI-010,0
115.58,115.58,UAV-3,SCOUT,ACTIVE,TRANSIT,1994.6,2421.7,3420.9,130.7,19.04,87.70,1,1.000,1,1.000,1,POI-005,0
115.58,115.58,UAV-4,SCOUT,ACTIVE,TRANSIT,1946.9,2390.4,3367.7,98.4,21.90,88.24,1,1.000,1,1.000,1,POI-008,0
115.58,115.58,UAV-5,SCOUT,ACTIVE,TRANSIT,1657.8,2553.6,3307.8,108.2,21.94,88.34,1,1.000,1,1.000,1,POI-007,0
115.58,115.58,UAV-6,SCOUT,ACTIVE,SURVEY,1725.5,2439.1,3283.8,65.1,17.06,89.05,1,1.000,3,0.893,1,POI-004,0
116.60,116.60,UAV-1,RELAY,ACTIVE,RELAY_TRANSIT,2437.5,2535.6,3514.6,92.5,21.70,86.85,1,1.000,2,0.963,1,,0
116.60,116.60,UAV-2,SCOUT,ACTIVE,TRANSIT,1706.5,2512.5,3320.2,105.6,22.00,86.45,1,1.000,3,0.958,1,POI-010,0
116.60,116.60,UAV-3,SCOUT,ACTIVE,TRANSIT,2000.5,2433.3,3427.5,113.9,11.05,87.56,1,1.000,1,1.000,1,POI-005,0
116.60,116.60,UAV-4,SCOUT,ACTIVE,TRANSIT,1968.1,2385.5,3372.1,106.7,21.75,88.11,1,1.000,1,1.000,1,POI-008,0
116.60,116.60,UAV-5,SCOUT,ACTIVE,TRANSIT,1675.1,2539.8,3311.0,104.8,21.92,88.23,1,1.000,1,1.000,1,POI-007,0
116.60,116.60,UAV-6,SCOUT,ACTIVE,SURVEY,1728.7,2439.2,3266.9,48.0,15.38,88.91,1,1.000,3,0.814,1,POI-004,0
117.62,117.62,UAV-1,RELAY,ACTIVE,RELAY_TRANSIT,2458.2,2527.6,3514.4,99.9,21.87,86.73,1,1.000,2,1.000,1,,0
117.62,117.62,UAV-2,SCOUT,ACTIVE,TRANSIT,1724.5,2499.4,3323.2,105.7,22.00,86.34,1,1.000,1,1.000,1,POI-010,0
117.62,117.62,UAV-3,SCOUT,ACTIVE,TRANSIT,2005.0,2441.7,3425.8,96.4,9.52,87.43,1,1.000,1,1.000,1,POI-005,0
117.62,117.62,UAV-4,SCOUT,ACTIVE,TRANSIT,1989.3,2384.6,3378.9,115.6,21.93,88.00,1,1.000,1,1.000,1,POI-008,0
117.62,117.62,UAV-5,SCOUT,ACTIVE,TRANSIT,1692.3,2525.9,3314.2,102.3,21.95,88.11,1,1.000,1,1.000,1,POI-007,0
117.62,117.62,UAV-6,SCOUT,ACTIVE,TRANSIT,1727.6,2442.9,3255.2,37.7,7.45,88.77,1,1.000,3,0.487,1,POI-006,4
118.64,118.64,UAV-1,RELAY,ACTIVE,RELAY_HOLD,2478.7,2519.5,3517.4,108.8,20.87,86.62,1,1.000,2,0.959,1,,0
118.64,118.64,UAV-2,SCOUT,ACTIVE,TRANSIT,1742.5,2486.4,3326.3,102.1,22.00,86.23,1,1.000,1,1.000,1,POI-010,0
118.64,118.64,UAV-3,SCOUT,ACTIVE,TRANSIT,2008.5,2447.6,3417.5,78.9,12.17,87.30,1,1.000,1,1.000,1,POI-005,0
118.64,118.64,UAV-4,SCOUT,ACTIVE,TRANSIT,2010.6,2384.1,3385.8,118.5,21.95,87.88,1,1.000,1,1.000,1,POI-008,0
118.64,118.64,UAV-5,SCOUT,ACTIVE,TRANSIT,1709.6,2511.9,3317.3,101.8,21.97,88.00,1,1.000,1,1.000,1,POI-007,0
118.64,118.64,UAV-6,SCOUT,ACTIVE,TRANSIT,1728.0,2443.1,3254.7,37.2,5.62,88.62,1,1.000,3,0.659,1,POI-006,0
119.66,119.66,UAV-1,RELAY,ACTIVE,RELAY_HOLD,2497.7,2512.8,3516.4,113.3,19.94,86.50,1,1.000,2,1.000,1,,0
119.66,119.66,UAV-2,SCOUT,ACTIVE,TRANSIT,1760.5,2473.3,3329.2,99.6,22.00,86.12,1,1.000,1,1.000,1,POI-010,0
119.66,119.66,UAV-3,SCOUT,ACTIVE,SURVEY,2011.1,2451.3,3404.3,60.4,15.02,87.17,1,1.000,1,1.000,1,POI-005,0
119.66,119.66,UAV-4,SCOUT,ACTIVE,TRANSIT,2031.9,2383.5,3392.5,117.8,21.92,87.77,1,1.000,1,1.000,1,POI-008,0
119.66,119.66,UAV-5,SCOUT,ACTIVE,TRANSIT,1726.8,2498.0,3320.4,102.0,21.94,87.89,1,1.000,1,1.000,1,POI-007,0
119.66,119.66,UAV-6,SCOUT,ACTIVE,TRANSIT,1729.1,2442.2,3265.6,47.7,15.23,88.47,1,1.000,3,0.748,1,POI-006,0
120.68,120.68,UAV-1,RELAY,ACTIVE,RELAY_HOLD,2517.5,2506.8,3514.0,112.6,20.30,86.38,1,1.000,2,0.999,1,,0
120.68,120.68,UAV-2,SCOUT,ACTIVE,TRANSIT,1778.5,2460.2,3332.1,94.5,22.00,86.00,1,1.000,3,1.000,1,POI-010,0
120.68,120.68,UAV-3,SCOUT,ACTIVE,SURVEY,2013.2,2453.1,3388.2,41.0,16.86,87.04,1,1.000,1,1.000,1,POI-005,0
120.68,120.68,UAV-4,SCOUT,ACTIVE,TRANSIT,2053.3,2383.0,3399.1,118.2,21.93,87.66,1,1.000,1,1.000,1,POI-008,0
120.68,120.68,UAV-5,SCOUT,ACTIVE,TRANSIT,1744.1,2484.1,3323.4,99.0,21.94,87.78,1,1.000,1,1.000,1,POI-007,0
120.68,120.68,UAV-6,SCOUT,ACTIVE,TRANSIT,1729.9,2441.7,3284.1,65.9,20.01,88.32,1,1.000,3,0.881,1,POI-006,0
121.70,121.70,UAV-1,RELAY,ACTIVE,RELAY_HOLD,2537.5,2501.6,3512.2,110.3,21.34,86.25,1,1.000,2,0.998,1,,0
121.70,121.70,UAV-2,SCOUT,ACTIVE,TRANSIT,1796.4,2447.1,3335.0,90.9,22.00,85.89,1,1.000,1,1.000,1,POI-010,0
121.70,121.70,UAV-3,SCOUT,ACTIVE,TRANSIT,2014.4,2453.4,3373.7,25.2,8.07,86.89,1,1.000,1,1.000,1,POI-009,0
121.70,121.70,UAV-4,SCOUT,ACTIVE,TRANSIT,2074.7,2382.6,3405.6,115.1,21.91,87.55,1,1.000,1,1.000,1,POI-008,0
121.70,121.70,UAV-5,SCOUT,ACTIVE,TRANSIT,1761.3,2470.1,3326.4,97.2,21.93,87.66,1,1.000,1,1.000,1,POI-007,0
121.70,121.70,UAV-6,SCOUT,ACTIVE,TRANSIT,1730.0,2441.4,3304.6,86.3,17.41,88.17,1,1.000,3,0.999,1,POI-006,0
122.72,122.72,UAV-1,RELAY,ACTIVE,RELAY_HOLD,2558.2,2494.7,3516.1,117.5,21.92,86.13,1,1.000,2,1.000,1,,0
122.72,122.72,UAV-2,SCOUT,ACTIVE,TRANSIT,1814.4,2433.9,3337.7,93.5,22.00,85.78,1,1.000,1,1.000,1,POI-010,0
122.72,122.72,UAV-3,SCOUT,ACTIVE,TRANSIT,2014.7,2454.0,3372.3,23.1,4.78,86.74,1,1.000,3,1.000,1,POI-009,0
122.72,122.72,UAV-4,SCOUT,ACTIVE,TRANSIT,2096.1,2382.1,3411.9,108.8,21.91,87.43,1,1.000,1,1.000,1,POI-008,0
122.72,122.72,UAV-5,SCOUT,ACTIVE,TRANSIT,1778.6,2456.2,3329.3,92.8,21.94,87.55,1,1.000,1,1.000,1,POI-007,0
122.72,122.72,UAV-6,SCOUT,ACTIVE,TRANSIT,1731.6,2440.7,3316.4,97.6,8.08,88.04,1,1.000,3,1.000,1,POI-006,0
123.74,123.74,UAV-1,RELAY,ACTIVE,RELAY_HOLD,2579.0,2487.6,3520.6,125.6,21.97,86.02,1,1.000,2,1.000,1,,0
123.74,123.74,UAV-2,SCOUT,ACTIVE,TRANSIT,1832.4,2420.8,3340.4,95.6,22.00,85.67,1,1.000,1,1.000,1,POI-010,0
123.74,123.74,UAV-3,SCOUT,ACTIVE,TRANSIT,2014.8,2454.3,3382.7,33.1,14.77,86.59,1,1.000,1,1.000,1,POI-009,0
123.74,123.74,UAV-4,SCOUT,ACTIVE,TRANSIT,2117.6,2381.7,3418.1,107.0,21.91,87.32,1,1.000,1,1.000,1,POI-008,0
123.74,123.74,UAV-5,SCOUT,ACTIVE,TRANSIT,1795.8,2442.2,3332.1,91.4,21.94,87.44,1,1.000,1,1.000,1,POI-007,0
123.74,123.74,UAV-6,SCOUT,ACTIVE,TRANSIT,1737.1,2437.3,3322.8,101.6,11.09,87.91,1,1.000,1,1.000,1,POI-006,0
124.76,124.76,UAV-1,RELAY,ACTIVE,RELAY_HOLD,2599.7,2480.5,3525.4,130.1,21.97,85.90,1,1.000,2,0.923,1,,0
124.76,124.76,UAV-2,SCOUT,ACTIVE,TRANSIT,1850.4,2407.6,3342.9,101.6,22.00,85.55,1,1.000,1,1.000,1,POI-010,0
124.76,124.76,UAV-3,SCOUT,ACTIVE,TRANSIT,2015.0,2454.5,3401.0,51.1,20.00,86.44,1,1.000,1,1.000,1,POI-009,0
124.76,124.76,UAV-4,SCOUT,ACTIVE,TRANSIT,2139.1,2381.2,3424.0,109.1,21.91,87.21,1,1.000,1,1.000,1,POI-008,0
124.76,124.76,UAV-5,SCOUT,ACTIVE,TRANSIT,1813.1,2428.2,3334.8,96.6,21.94,87.33,1,1.000,1,1.000,1,POI-007,0
124.76,124.76,UAV-6,SCOUT,ACTIVE,TRANSIT,1748.6,2431.8,3328.4,103.4,16.05,87.78,1,1.000,1,1.000,1,POI-006,0
125.78,125.78,UAV-1,RELAY,ACTIVE,RELAY_HOLD,2620.5,2473.5,3530.0,137.2,21.92,85.79,1,1.000,2,0.946,1,,0
125.78,125.78,UAV-2,SCOUT,ACTIVE,TRANSIT,1868.6,2394.8,3345.6,109.9,21.89,85.43,1,1.000,1,1.000,1,POI-010,0
125.78,125.78,UAV-3,SCOUT,ACTIVE,TRANSIT,2015.0,2454.4,3421.9,72.2,20.87,86.29,1,1.000,1,1.000,1,POI-009,0
125.78,125.78,UAV-4,SCOUT,ACTIVE,TRANSIT,2160.7,2380.8,3429.6,110.3,21.89,87.10,1,1.000,1,1.000,1,POI-008,0
125.78,125.78,UAV-5,SCOUT,ACTIVE,TRANSIT,1830.3,2414.2,3337.3,98.8,21.92,87.22,1,1.000,3,1.000,1,POI-007,0
125.78,125.78,UAV-6,SCOUT,ACTIVE,TRANSIT,1765.5,2426.3,3333.7,104.8,19.95,87.66,1,1.000,1,1.000,1,POI-006,0
126.80,126.80,UAV-1,RELAY,ACTIVE,RELAY_HOLD,2641.3,2466.6,3533.5,145.9,21.66,85.69,1,1.000,2,0.953,1,,0
126.80,126.80,UAV-2,SCOUT,ACTIVE,TRANSIT,1888.8,2389.5,3352.1,111.4,21.81,85.30,1,1.000,1,1.000,1,POI-010,0
126.80,126.80,UAV-3,SCOUT,ACTIVE,TRANSIT,2015.3,2454.0,3440.5,90.8,12.80,86.16,1,1.000,1,1.000,1,POI-009,0
126.80,126.80,UAV-4,SCOUT,ACTIVE,TRANSIT,2182.2,2380.5,3434.1,109.5,20.72,86.99,1,1.000,1,1.000,1,POI-008,0
126.80,126.80,UAV-5,SCOUT,ACTIVE,TRANSIT,1847.8,2400.7,3340.3,104.5,21.58,87.09,1,1.000,1,1.000,1,POI-007,0
126.80,126.80,UAV-6,SCOUT,ACTIVE,TRANSIT,1785.4,2420.8,3338.8,109.1,21.21,87.55,1,1.000,1,1.000,1,POI-006,0
127.82,127.82,UAV-1,RELAY,ACTIVE,RELAY_HOLD,2661.2,2460.1,3535.5,146.6,17.08,85.57,1,1.000,2,0.871,1,,0
127.82,127.82,UAV-2,SCOUT,ACTIVE,TRANSIT,1910.0,2387.9,3359.2,106.7,21.96,85.18,1,1.000,1,1.000,1,POI-010,0
127.82,127.82,UAV-3,SCOUT,ACTIVE,TRANSIT,2017.6,2452.9,3448.5,97.7,4.96,86.03,1,1.000,1,1.000,1,POI-009,0
127.82,127.82,UAV-4,SCOUT,ACTIVE,TRANSIT,2203.7,2382.0,3436.5,107.6,21.81,86.88,1,1.000,1,1.000,1,POI-008,0
127.82,127.82,UAV-5,SCOUT,ACTIVE,TRANSIT,1867.6,2394.8,3346.4,111.0,21.65,86.95,1,1.000,3,1.000,1,POI-007,0
127.82,127.82,UAV-6,SCOUT,ACTIVE,TRANSIT,1805.8,2415.4,3343.8,114.7,21.46,87.44,1,1.000,3,1.000,1,POI-006,0
128.82,128.82,UAV-1,RELAY,ACTIVE,RELAY_HOLD,2673.9,2458.2,3537.7,145.3,9.96,85.43,1,1.000,2,0.758,1,,0
128.82,128.82,UAV-2,SCOUT,ACTIVE,TRANSIT,1930.8,2386.7,3366.1,103.1,21.97,85.07,1,1.000,1,1.000,1,POI-010,0
128.82,128.82,UAV-3,SCOUT,ACTIVE,TRANSIT,2021.9,2450.3,3449.3,97.1,7.50,85.90,1,1.000,1,1.000,1,POI-009,0
128.82,128.82,UAV-4,SCOUT,ACTIVE,TRANSIT,2225.4,2383.9,3438.6,107.4,21.91,86.77,1,1.000,1,0.995,1,POI-008,0
128.82,128.82,UAV-5,SCOUT,ACTIVE,TRANSIT,1888.4,2392.7,3352.7,110.8,21.98,86.84,1,1.000,1,0.958,1,POI-007,0
128.82,128.82,UAV-6,SCOUT,ACTIVE,TRANSIT,1826.2,2410.2,3348.7,114.4,21.62,87.33,1,1.000,1,1.000,1,POI-006,0
129.82,129.82,UAV-1,RELAY,ACTIVE,RELAY_HOLD,2680.9,2458.8,3538.2,144.4,4.01,85.32,1,1.000,2,0.870,1,,0
129.82,129.82,UAV-2,SCOUT,ACTIVE,TRANSIT,1951.6,2385.6,3372.9,106.1,21.96,84.96,1,1.000,1,1.000,1,POI-010,0
129.82,129.82,UAV-3,SCOUT,ACTIVE,TRANSIT,2030.7,2444.7,3448.8,94.9,13.08,85.77,1,1.000,1,1.000,1,POI-009,0
129.82,129.82,UAV-4,SCOUT,ACTIVE,TRANSIT,2247.2,2385.8,3440.7,106.5,21.91,86.67,1,1.000,1,1.000,1,POI-008,0
129.82,129.82,UAV-5,SCOUT,ACTIVE,TRANSIT,1909.4,2391.0,3359.0,105.1,21.96,86.73,1,1.000,1,1.000,1,POI-007,0
129.82,129.82,UAV-6,SCOUT,ACTIVE,TRANSIT,1846.7,2405.0,3353.4,114.8,21.71,87.22,1,1.000,1,1.000,1,POI-006,0
130.82,130.82,UAV-1,RELAY,ACTIVE,RELAY_HOLD,2681.5,2459.2,3538.2,144.4,2.43,85.20,1,1.000,2,0.781,1,,0
130.82,130.82,UAV-2,SCOUT,ACTIVE,TRANSIT,1972.6,2384.6,3379.5,115.1,21.96,84.85,1,1.000,1,1.000,1,POI-010,0
130.82,130.82,UAV-3,SCOUT,ACTIVE,TRANSIT,2044.6,2438.4,3448.0,89.3,17.13,85.65,1,1.000,1,1.000,1,POI-009,0
130.82,130.82,UAV-4,SCOUT,ACTIVE,TRANSIT,2268.9,2387.7,3442.8,105.2,21.90,86.56,1,1.000,1,1.000,1,POI-008,0
130.82,130.82,UAV-5,SCOUT,ACTIVE,TRANSIT,1930.4,2389.4,3365.2,100.7,21.94,86.62,1,1.000,1,1.000,1,POI-007,0
130.82,130.82,UAV-6,SCOUT,ACTIVE,TRANSIT,1867.3,2399.8,3358.1,119.8,21.79,87.11,1,1.000,1,1.000,1,POI-006,0
131.82,131.82,UAV-1,RELAY,ACTIVE,RELAY_HOLD,2676.6,2459.2,3538.0,145.3,6.98,85.08,1,1.000,2,0.942,1,,0
131.82,131.82,UAV-2,SCOUT,ACTIVE,TRANSIT,1993.5,2383.8,3386.0,122.8,21.95,84.74,1,1.000,1,1.000,1,POI-010,0
131.82,131.82,UAV-3,SCOUT,ACTIVE,TRANSIT,2062.0,2432.2,3447.2,84.4,19.60,85.53,1,1.000,1,1.000,1,POI-009,0
131.82,131.82,UAV-4,SCOUT,ACTIVE,TRANSIT,2290.6,2389.5,3444.8,110.5,21.89,86.46,1,1.000,1,1.000,1,POI-008,0
131.82,131.82,UAV-5,SCOUT,ACTIVE,TRANSIT,1951.5,2388.0,3371.2,103.1,21.92,86.51,1,1.000,1,1.000,1,POI-007,0
131.82,131.82,UAV-6,SCOUT,ACTIVE,TRANSIT,1888.0,2394.7,3362.5,119.9,21.83,87.00,1,1.000,1,1.000,1,POI-006,0
132.82,132.82,UAV-1,RELAY,ACTIVE,RELAY_HOLD,2668.1,2459.0,3537.5,146.8,9.85,84.96,1,1.000,2,0.923,1,,0
132.82,132.82,UAV-2,SCOUT,ACTIVE,TRANSIT,2014.5,2383.0,3392.3,123.6,21.94,84.63,1,1.000,1,1.000,1,POI-010,0
132.82,132.82,UAV-3,SCOUT,ACTIVE,TRANSIT,2081.4,2425.9,3446.4,90.9,20.93,85.43,1,1.000,1,1.000,1,POI-009,0
132.82,132.82,UAV-4,SCOUT,ACTIVE,TRANSIT,2312.3,2391.3,3446.8,115.2,21.89,86.36,1,1.000,3,1.000,1,POI-008,0
132.82,132.82,UAV-5,SCOUT,ACTIVE,TRANSIT,1972.5,2386.6,3377.0,111.6,21.92,86.40,1,1.000,1,1.000,1,POI-007,0
132.82,132.82,UAV-6,SCOUT,ACTIVE,TRANSIT,1908.8,2389.6,3366.8,114.1,21.86,86.89,1,1.000,1,1.000,1,POI-006,0
133.82,133.82,UAV-1,RELAY,ACTIVE,RELAY_HOLD,2660.2,2458.6,3536.9,147.7,4.21,84.84,1,1.000,2,0.872,1,,0
133.82,133.82,UAV-2,SCOUT,ACTIVE,TRANSIT,2035.6,2382.2,3398.4,123.0,21.92,84.52,1,1.000,1,1.000,1,POI-010,0
133.82,133.82,UAV-3,SCOUT,ACTIVE,TRANSIT,2101.7,2419.6,3445.6,104.6,21.48,85.32,1,1.000,1,1.000,1,POI-009,0
133.82,133.82,UAV-4,SCOUT,ACTIVE,TRANSIT,2334.1,2393.1,3448.7,112.1,21.87,86.25,1,1.000,3,0.967,1,POI-008,0
133.82,133.82,UAV-5,SCOUT,ACTIVE,TRANSIT,1993.7,2385.2,3382.7,119.0,21.91,86.29,1,1.000,1,1.000,1,POI-007,0
133.82,133.82,UAV-6,SCOUT,ACTIVE,TRANSIT,1929.7,2385.0,3371.2,109.4,21.84,86.78,1,1.000,1,1.000,1,POI-006,0
134.82,134.82,UAV-1,RELAY,ACTIVE,RELAY_HOLD,2659.9,2458.6,3536.5,147.4,1.21,84.73,1,1.000,2,0.947,1,,0
134.82,134.82,UAV-2,SCOUT,ACTIVE,TRANSIT,2056.7,2381.5,3404.2,122.9,21.92,84.41,1,1.000,1,1.000,1,POI-010,0
134.82,134.82,UAV-3,SCOUT,ACTIVE,TRANSIT,2122.3,2413.2,3444.7,110.1,21.64,85.22,1,1.000,1,1.000,1,POI-009,0
134.82,134.82,UAV-4,SCOUT,ACTIVE,TRANSIT,2355.8,2394.8,3450.6,110.4,21.88,86.15,1,1.000,3,0.893,1,POI-008,0
134.82,134.82,UAV-5,SCOUT,ACTIVE,TRANSIT,2014.8,2383.9,3388.2,119.2,21.91,86.18,1,1.000,1,1.000,1,POI-007,0
134.82,134.82,UAV-6,SCOUT,ACTIVE,TRANSIT,1950.8,2383.9,3377.1,111.3,21.90,86.66,1,1.000,1,1.000,1,POI-006,0
135.82,135.82,UAV-1,RELAY,ACTIVE,RELAY_HOLD,2660.4,2458.6,3536.3,147.1,0.67,84.63,1,1.000,2,0.980,1,,0
135.82,135.82,UAV-2,SCOUT,ACTIVE,TRANSIT,2077.9,2380.8,3409.6,118.7,21.90,84.30,1,1.000,1,1.000,1,POI-010,0
135.82,135.82,UAV-3,SCOUT,ACTIVE,TRANSIT,2143.0,2406.9,3443.8,110.6,21.74,85.12,1,1.000,1,1.000,1,POI-009,0
135.82,135.82,UAV-4,SCOUT,ACTIVE,TRANSIT,2377.5,2396.6,3452.3,110.2,21.88,86.04,1,1.000,3,0.779,1,POI-008,0
135.82,135.82,UAV-5,SCOUT,ACTIVE,TRANSIT,2036.1,2382.6,3393.5,117.8,21.91,86.08,1,1.000,1,1.000,1,POI-007,0
135.82,135.82,UAV-6,SCOUT,ACTIVE,TRANSIT,1971.8,2383.5,3383.0,119.1,21.93,86.55,1,1.000,1,1.000,1,POI-006,0
136.82,136.82,UAV-1,RELAY,ACTIVE,RELAY_HOLD,2658.9,2459.0,3536.2,147.4,1.36,84.54,1,1.000,2,0.945,1,,0
136.82,136.82,UAV-2,SCOUT,ACTIVE,TRANSIT,2099.1,2381.1,3413.5,109.9,21.85,84.20,1,1.000,1,1.000,1,POI-010,0
136.82,136.82,UAV-3,SCOUT,ACTIVE,TRANSIT,2163.8,2400.6,3443.0,111.2,21.82,85.02,1,1.000,1,1.000,1,POI-009,0
136.82,136.82,UAV-4,SCOUT,ACTIVE,TRANSIT,2399.3,2398.6,3454.3,111.2,21.88,85.93,1,1.000,3,0.801,1,POI-008,0
136.82,136.82,UAV-5,SCOUT,ACTIVE,TRANSIT,2057.4,2381.4,3398.3,116.8,21.82,85.97,1,1.000,1,1.000,1,POI-007,0
136.82,136.82,UAV-6,SCOUT,ACTIVE,TRANSIT,1993.0,2383.1,3388.9,126.0,21.94,86.45,1,1.000,1,1.000,1,POI-006,0
137.82,137.82,UAV-1,RELAY,ACTIVE,RELAY_HOLD,2657.3,2459.2,3536.4,147.8,1.90,84.44,1,1.000,2,0.862,1,,0
137.82,137.82,UAV-2,SCOUT,ACTIVE,TRANSIT,2120.7,2382.2,3416.9,104.7,21.88,84.09,1,1.000,1,1.000,1,POI-010,0
137.82,137.82,UAV-3,SCOUT,ACTIVE,TRANSIT,2184.8,2394.4,3442.1,112.7,21.86,84.92,1,1.000,1,1.000,1,POI-009,0
137.82,137.82,UAV-4,SCOUT,ACTIVE,TRANSIT,2420.2,2403.2,3458.4,114.9,21.87,85.82,1,1.000,3,0.682,1,POI-008,0
137.82,137.82,UAV-5,SCOUT,ACTIVE,TRANSIT,2078.8,2381.6,3402.7,110.3,21.89,85.86,1,1.000,1,1.000,1,POI-007,0
137.82,137.82,UAV-6,SCOUT,ACTIVE,TRANSIT,2014.1,2382.7,3394.7,126.3,21.93,86.34,1,1.000,1,1.000,1,POI-006,0
138.82,138.82,UAV-1,RELAY,ACTIVE,RELAY_HOLD,2656.4,2458.5,3535.3,146.6,2.12,84.33,1,1.000,2,0.947,1,,0
138.82,138.82,UAV-2,SCOUT,ACTIVE,TRANSIT,2142.3,2383.3,3420.2,103.9,21.88,83.98,1,1.000,1,1.000,1,POI-010,0
138.82,138.82,UAV-3,SCOUT,ACTIVE,TRANSIT,2205.7,2388.2,3441.4,110.6,21.89,84.81,1,1.000,1,1.000,1,POI-009,0
138.82,138.82,UAV-4,SCOUT,ACTIVE,TRANSIT,2441.1,2408.3,3462.7,111.4,21.93,85.71,1,1.000,3,0.877,1,POI-008,0
138.82,138.82,UAV-5,SCOUT,ACTIVE,TRANSIT,2100.3,2382.3,3406.9,101.6,21.88,85.75,1,1.000,1,1.000,1,POI-007,0
138.82,138.82,UAV-6,SCOUT,ACTIVE,TRANSIT,2035.3,2382.3,3400.4,125.1,21.92,86.23,1,1.000,1,1.000,1,POI-006,0
139.82,139.82,UAV-1,RELAY,ACTIVE,RELAY_HOLD,2654.5,2458.9,3532.6,144.2,5.03,84.23,1,1.000,2,0.960,1,,0
139.82,139.82,UAV-2,SCOUT,ACTIVE,TRANSIT,2163.9,2384.3,3423.5,101.9,21.85,83.88,1,1.000,1,1.000,1,POI-010,0
139.82,139.82,UAV-3,SCOUT,ACTIVE,TRANSIT,2227.0,2385.3,3443.1,111.3,21.59,84.69,1,1.000,1,1.000,1,POI-009,0
139.82,139.82,UAV-4,SCOUT,ACTIVE,TRANSIT,2461.9,2413.4,3466.9,100.4,21.91,85.60,1,1.000,3,0.748,1,POI-008,0
139.82,139.82,UAV-5,SCOUT,ACTIVE,TRANSIT,2121.7,2383.0,3411.1,98.4,21.86,85.65,1,1.000,1,1.000,1,POI-007,0
139.82,139.82,UAV-6,SCOUT,ACTIVE,TRANSIT,2056.5,2381.9,3405.9,124.5,21.90,86.12,1,1.000,1,1.000,1,POI-006,0
140.82,140.82,UAV-1,RELAY,ACTIVE,RELAY_HOLD,2653.4,2458.8,3527.7,139.4,5.88,84.12,1,1.000,2,0.748,1,,0
140.82,140.82,UAV-2,SCOUT,ACTIVE,TRANSIT,2185.5,2385.4,3426.7,100.2,21.87,83.77,1,1.000,1,1.000,1,POI-010,0
140.82,140.82,UAV-3,SCOUT,ACTIVE,TRANSIT,2248.5,2386.4,3446.1,111.4,21.87,84.58,1,1.000,1,1.000,1,POI-009,0
140.82,140.82,UAV-4,SCOUT,ACTIVE,TRANSIT,2482.9,2418.6,3471.0,97.7,21.94,85.50,1,1.000,3,0.567,1,POI-008,0
140.82,140.82,UAV-5,SCOUT,ACTIVE,TRANSIT,2143.2,2383.7,3415.3,98.6,21.88,85.54,1,1.000,1,0.958,1,POI-007,0
140.82,140.82,UAV-6,SCOUT,ACTIVE,TRANSIT,2077.7,2381.5,3411.3,119.7,21.91,86.01,1,1.000,1,1.000,1,POI-006,0
141.82,141.82,UAV-1,RELAY,ACTIVE,RELAY_HOLD,2652.1,2457.0,3522.2,133.5,5.95,83.99,1,1.000,2,0.795,1,,0
141.82,141.82,UAV-2,SCOUT,ACTIVE,TRANSIT,2207.1,2386.5,3429.8,99.4,21.87,83.67,1,1.000,1,1.000,1,POI-010,0
141.82,141.82,UAV-3,SCOUT,ACTIVE,TRANSIT,2270.2,2387.9,3449.1,111.4,21.88,84.47,1,1.000,3,1.000,1,POI-009,0
141.82,141.82,UAV-4,SCOUT,ACTIVE,TRANSIT,2503.8,2423.7,3475.1,98.4,21.93,85.39,1,1.000,3,0.631,1,POI-008,0
141.82,141.82,UAV-5,SCOUT,ACTIVE,TRANSIT,2164.7,2384.4,3419.3,97.5,21.87,85.43,1,1.000,1,1.000,1,POI-007,0
141.82,141.82,UAV-6,SCOUT,ACTIVE,TRANSIT,2099.0,2381.2,3416.5,113.0,21.90,85.90,1,1.000,1,1.000,1,POI-006,0
142.82,142.82,UAV-1,RELAY,ACTIVE,RELAY_HOLD,2647.1,2455.2,3519.2,130.7,6.17,83.88,1,1.000,2,0.880,1,,0
142.82,142.82,UAV-2,SCOUT,ACTIVE,TRANSIT,2228.7,2387.5,3432.8,100.0,21.86,83.56,1,1.000,1,1.000,1,POI-010,0
142.82,142.82,UAV-3,SCOUT,ACTIVE,TRANSIT,2291.8,2389.5,3452.0,118.1,21.88,84.37,1,1.000,1,1.000,1,POI-009,0
142.82,142.82,UAV-4,SCOUT,ACTIVE,TRANSIT,2524.7,2428.9,3479.0,98.7,21.79,85.28,1,1.000,3,0.530,1,POI-008,0
142.82,142.82,UAV-5,SCOUT,ACTIVE,TRANSIT,2186.2,2385.1,3423.3,96.8,21.86,85.32,1,1.000,1,1.000,1,POI-007,0
142.82,142.82,UAV-6,SCOUT,ACTIVE,TRANSIT,2120.3,2380.8,3421.5,110.1,21.88,85.79,1,1.000,1,1.000,1,POI-006,0
143.82,143.82,UAV-1,RELAY,ACTIVE,RELAY_HOLD,2643.7,2454.3,3516.7,128.5,4.46,83.76,1,1.000,2,0.668,1,,0
143.82,143.82,UAV-2,SCOUT,ACTIVE,TRANSIT,2250.4,2388.6,3435.8,100.0,21.87,83.45,1,1.000,1,1.000,1,POI-010,0
143.82,143.82,UAV-3,SCOUT,ACTIVE,TRANSIT,2313.4,2391.1,3454.9,123.2,21.90,84.26,1,1.000,3,1.000,1,POI-009,0
143.82,143.82,UAV-4,SCOUT,ACTIVE,TRANSIT,2545.8,2434.2,3482.1,101.3,21.94,85.18,1,1.000,3,0.378,1,POI-008,0
143.82,143.82,UAV-5,SCOUT,ACTIVE,TRANSIT,2207.7,2385.8,3427.1,96.9,21.87,85.22,1,1.000,1,1.000,1,POI-007,0
143.82,143.82,UAV-6,SCOUT,ACTIVE,TRANSIT,2141.7,2380.4,3426.1,111.1,21.83,85.69,1,1.000,1,1.000,1,POI-006,0
144.82,144.82,UAV-1,RELAY,ACTIVE,RELAY_HOLD,2637.0,2455.6,3522.7,135.4,13.28,83.61,1,1.000,2,0.758,1,,0
144.82,144.82,UAV-2,SCOUT,ACTIVE,TRANSIT,2272.0,2389.6,3438.6,100.4,21.87,83.35,1,1.000,1,1.000,1,POI-010,0
144.82,144.82,UAV-3,SCOUT,ACTIVE,TRANSIT,2335.1,2392.7,3457.7,120.7,21.90,84.16,1,1.000,3,1.000,1,POI-009,0
144.82,144.82,UAV-4,SCOUT,ACTIVE,TRANSIT,2566.7,2439.3,3485.9,103.4,21.93,85.07,1,1.000,3,0.386,1,POI-008,0
144.82,144.82,UAV-5,SCOUT,ACTIVE,TRANSIT,2229.2,2386.5,3430.8,98.4,21.87,85.11,1,1.000,1,1.000,1,POI-007,0
144.82,144.82,UAV-6,SCOUT,ACTIVE,TRANSIT,2162.9,2378.3,3430.1,111.3,21.83,85.57,1,1.000,1,1.000,1,POI-006,0
145.82,145.82,UAV-1,RELAY,ACTIVE,RELAY_HOLD,2630.7,2456.1,3535.2,148.3,13.55,83.47,1,1.000,2,0.810,1,,0
145.82,145.82,UAV-2,SCOUT,ACTIVE,TRANSIT,2293.7,2390.7,3441.2,107.5,21.85,83.24,1,1.000,3,0.990,1,POI-010,0
145.82,145.82,UAV-3,SCOUT,ACTIVE,TRANSIT,2356.8,2394.4,3460.5,119.8,21.88,84.05,1,1.000,3,1.000,1,POI-009,0
145.82,145.82,UAV-4,SCOUT,ACTIVE,TRANSIT,2587.7,2444.4,3489.7,103.7,21.92,84.96,1,1.000,3,0.283,1,POI-008,0
145.82,145.82,UAV-5,SCOUT,ACTIVE,TRANSIT,2250.8,2387.2,3434.4,99.1,21.85,85.00,1,1.000,1,1.000,1,POI-007,0
145.82,145.82,UAV-6,SCOUT,ACTIVE,TRANSIT,2184.1,2374.9,3433.8,110.0,21.87,85.47,1,1.000,1,1.000,1,POI-006,0
146.82,146.82,UAV-1,RELAY,ACTIVE,RELAY_HOLD,2625.2,2452.5,3547.6,161.5,17.08,83.32,1,1.000,2,0.957,1,,0
146.82,146.82,UAV-2,SCOUT,ACTIVE,TRANSIT,2315.1,2392.6,3445.1,113.0,21.84,83.13,1,1.000,3,0.996,1,POI-010,0
146.82,146.82,UAV-3,SCOUT,ACTIVE,TRANSIT,2378.4,2396.1,3463.1,120.6,21.88,83.95,1,1.000,3,0.991,1,POI-009,0
146.82,146.82,UAV-4,SCOUT,ACTIVE,TRANSIT,2608.7,2449.6,3493.2,107.5,21.92,84.86,1,1.000,3,0.153,1,POI-008,0
146.82,146.82,UAV-5,SCOUT,ACTIVE,TRANSIT,2272.4,2387.9,3437.7,100.1,21.85,84.90,1,1.000,1,0.995,1,POI-007,0
146.82,146.82,UAV-6,SCOUT,ACTIVE,TRANSIT,2205.4,2371.6,3437.5,110.8,21.87,85.36,1,1.000,1,0.975,1,POI-006,0
147.82,147.82,UAV-1,RELAY,ACTIVE,RELAY_HOLD,2615.2,2445.8,3561.6,177.1,19.69,83.18,1,1.000,2,0.958,1,,0
147.82,147.82,UAV-2,SCOUT,ACTIVE,TRANSIT,2336.3,2395.5,3449.9,113.8,21.92,83.02,1,1.000,3,1.000,1,POI-010,0
147.82,147.82,UAV-3,SCOUT,ACTIVE,TRANSIT,2400.1,2397.7,3465.6,122.0,21.89,83.84,1,1.000,3,0.923,1,POI-009,0
147.82,147.82,UAV-4,SCOUT,ACTIVE,TRANSIT,2629.6,2455.4,3496.3,109.6,21.93,84.75,1,1.000,3,0.069,1,POI-008,0
147.82,147.82,UAV-5,SCOUT,ACTIVE,TRANSIT,2293.7,2389.7,3442.1,108.7,21.86,84.78,1,1.000,3,1.000,1,POI-007,0
147.82,147.82,UAV-6,SCOUT,ACTIVE,TRANSIT,2226.8,2368.2,3441.0,113.7,21.89,85.25,1,1.000,1,1.000,1,POI-006,0
148.82,148.82,UAV-1,RELAY,ACTIVE,RELAY_HOLD,2602.8,2438.4,3575.8,191.3,20.53,83.04,1,1.000,1,1.000,1,,0
148.82,148.82,UAV-2,SCOUT,ACTIVE,TRANSIT,2357.5,2398.5,3454.7,116.4,21.93,82.91,1,1.000,2,0.955,1,POI-010,0
148.82,148.82,UAV-3,SCOUT,ACTIVE,TRANSIT,2421.8,2399.4,3468.0,122.0,21.89,83.74,1,1.000,2,0.988,1,POI-009,0
148.82,148.82,UAV-4,SCOUT,ACTIVE,TRANSIT,2650.3,2461.9,3499.3,111.8,21.97,84.64,1,1.000,2,0.120,1,POI-008,0
148.82,148.82,UAV-5,SCOUT,ACTIVE,TRANSIT,2314.9,2392.3,3447.0,115.0,21.92,84.67,1,1.000,2,0.998,1,POI-007,0
148.82,148.82,UAV-6,SCOUT,ACTIVE,TRANSIT,2248.1,2364.8,3444.4,115.1,21.88,85.15,1,1.000,1,1.000,1,POI-006,0
149.82,149.82,UAV-1,RELAY,ACTIVE,RELAY_HOLD,2590.3,2430.4,3590.0,205.1,20.42,82.89,1,1.000,1,1.000,1,,0
149.82,149.82,UAV-2,SCOUT,ACTIVE,TRANSIT,2378.7,2401.4,3459.4,119.1,21.95,82.80,1,1.000,2,0.985,1,POI-010,0
149.82,149.82,UAV-3,SCOUT,ACTIVE,TRANSIT,2443.1,2402.7,3470.7,116.7,21.76,83.62,1,1.000,2,0.879,1,POI-009,0
149.82,149.82,UAV-4,SCOUT,ACTIVE,TRANSIT,2671.1,2468.5,3502.2,112.8,21.99,84.54,1,1.000,2,0.168,1,POI-008,0
149.82,149.82,UAV-5,SCOUT,ACTIVE,TRANSIT,2336.1,2394.9,3451.9,115.6,21.94,84.57,1,1.000,2,0.958,1,POI-007,0
149.82,149.82,UAV-6,SCOUT,ACTIVE,TRANSIT,2269.5,2361.5,3447.4,114.5,21.04,85.04,1,1.000,1,1.000,1,POI-006,0
150.82,150.82,UAV-1,RELAY,KILLED,LANDED,2578.7,2422.6,3589.3,204.3,14.33,82.87,0,1.000,1,0.000,1,,0
150.82,150.82,UAV-2,SCOUT,ACTIVE,TRANSIT,2400.0,2404.4,3464.0,123.2,21.97,82.70,1,1.000,2,0.944,1,POI-010,0
150.82,150.82,UAV-3,SCOUT,ACTIVE,TRANSIT,2464.0,2408.3,3473.8,107.1,21.94,83.52,1,1.000,3,0.939,1,POI-009,0
150.82,150.82,UAV-4,SCOUT,ACTIVE,TRANSIT,2691.9,2475.2,3505.1,111.6,22.00,84.43,1,1.000,3,0.163,1,POI-008,0
150.82,150.82,UAV-5,SCOUT,ACTIVE,TRANSIT,2357.4,2397.6,3456.7,117.9,21.96,84.46,1,1.000,3,0.998,1,POI-007,0
150.82,150.82,UAV-6,RELAY,ACTIVE,RELAY_TRANSIT,2287.9,2360.9,3451.6,114.1,19.45,84.90,1,1.000,1,1.000,1,,0
151.82,151.82,UAV-1,RELAY,KILLED,LANDED,2569.7,2416.5,3578.3,193.3,17.28,82.87,0,1.000,1,0.000,1,,0
151.82,151.82,UAV-2,SCOUT,ACTIVE,TRANSIT,2421.3,2407.3,3468.5,126.4,21.93,82.59,1,1.000,2,0.892,1,POI-010,0
151.82,151.82,UAV-3,SCOUT,ACTIVE,TRANSIT,2484.9,2414.2,3476.8,103.9,21.93,83.41,1,1.000,3,0.918,1,POI-009,0
151.82,151.82,UAV-4,SCOUT,ACTIVE,TRANSIT,2712.6,2481.8,3507.9,110.4,21.97,84.33,1,1.000,3,0.026,1,POI-008,0
151.82,151.82,UAV-5,SCOUT,ACTIVE,TRANSIT,2378.6,2400.2,3461.4,120.8,21.93,84.35,1,1.000,3,0.985,1,POI-007,0
151.82,151.82,UAV-6,RELAY,ACTIVE,RELAY_TRANSIT,2304.8,2362.3,3463.7,122.6,21.59,84.76,1,1.000,1,1.000,1,,0
152.82,152.82,UAV-1,RELAY,KILLED,LANDED,2562.7,2411.8,3561.0,175.0,21.24,82.87,0,1.000,1,0.000,1,,0
152.82,152.82,UAV-2,SCOUT,ACTIVE,TRANSIT,2442.5,2410.3,3472.9,120.6,21.91,82.48,1,1.000,2,0.923,1,POI-010,0
152.82,152.82,UAV-3,SCOUT,ACTIVE,TRANSIT,2505.9,2420.0,3479.8,103.8,21.92,83.30,1,1.000,3,0.560,1,POI-009,0
152.82,152.82,UAV-4,SCOUT,ACTIVE,TRANSIT,2733.4,2488.4,3510.7,109.0,21.95,84.22,1,1.000,3,0.002,1,POI-008,0
152.82,152.82,UAV-5,SCOUT,ACTIVE,TRANSIT,2399.9,2402.8,3466.1,124.6,21.91,84.24,1,1.000,3,0.967,1,POI-007,0
152.82,152.82,UAV-6,RELAY,ACTIVE,RELAY_TRANSIT,2321.5,2363.8,3477.5,133.3,21.79,84.64,1,1.000,1,1.000,1,,0
153.82,153.82,UAV-1,RELAY,KILLED,LANDED,2557.2,2408.1,3538.8,152.0,24.87,82.87,0,1.000,1,0.000,1,,0
153.82,153.82,UAV-2,SCOUT,ACTIVE,TRANSIT,2463.8,2413.2,3477.2,109.7,21.90,82.37,1,1.000,2,0.929,1,POI-010,0
153.82,153.82,UAV-3,SCOUT,ACTIVE,TRANSIT,2526.8,2425.9,3482.7,102.9,21.93,83.20,1,1.000,3,0.430,1,POI-009,0
153.82,153.82,UAV-4,SCOUT,ACTIVE,TRANSIT,2754.1,2495.0,3513.4,107.4,21.95,84.12,1,1.000,3,0.000,1,POI-008,0
153.82,153.82,UAV-5,SCOUT,ACTIVE,TRANSIT,2421.2,2405.4,3470.6,128.0,21.92,84.14,1,1.000,3,0.998,1,POI-007,0
153.82,153.82,UAV-6,RELAY,ACTIVE,RELAY_TRANSIT,2338.2,2365.3,3491.4,143.0,21.87,84.51,1,1.000,1,1.000,1,,0
154.82,154.82,UAV-1,RELAY,KILLED,LANDED,2553.0,2405.2,3512.9,125.5,27.89,82.87,0,1.000,1,0.000,1,,0
154.82,154.82,UAV-2,SCOUT,ACTIVE,TRANSIT,2485.1,2416.1,3481.3,108.1,21.91,82.27,1,1.000,2,0.868,1,POI-010,0
154.82,154.82,UAV-3,SCOUT,ACTIVE,TRANSIT,2547.7,2431.7,3485.6,105.0,21.95,83.09,1,1.000,3,0.498,1,POI-009,0
154.82,154.82,UAV-4,SCOUT,ACTIVE,TRANSIT,2774.9,2501.6,3516.0,106.8,21.97,84.01,1,1.000,3,0.003,1,POI-008,0
154.82,154.82,UAV-5,SCOUT,ACTIVE,TRANSIT,2442.5,2408.0,3474.9,122.4,21.93,84.03,1,1.000,3,0.941,1,POI-007,0
154.82,154.82,UAV-6,RELAY,ACTIVE,RELAY_TRANSIT,2355.1,2366.8,3505.3,153.2,21.93,84.39,1,1.000,1,1.000,1,,0
155.82,155.82,UAV-1,RELAY,KILLED,LANDED,2549.7,2403.0,3484.0,96.3,30.32,82.87,0,1.000,1,0.000,1,,0
155.82,155.82,UAV-2,SCOUT,ACTIVE,TRANSIT,2506.5,2419.1,3485.2,109.1,21.91,82.16,1,1.000,2,0.876,1,POI-010,0
155.82,155.82,UAV-3,SCOUT,ACTIVE,TRANSIT,2568.7,2437.6,3488.4,105.7,21.96,82.99,1,1.000,3,0.640,1,POI-009,0
155.82,155.82,UAV-4,SCOUT,ACTIVE,TRANSIT,2795.7,2508.2,3518.5,103.0,21.97,83.90,1,1.000,3,0.000,1,POI-008,0
155.82,155.82,UAV-5,SCOUT,ACTIVE,TRANSIT,2463.9,2410.7,3479.1,112.1,21.92,83.92,1,1.000,3,0.916,1,POI-007,0
155.82,155.82,UAV-6,RELAY,ACTIVE,RELAY_TRANSIT,2372.1,2368.3,3519.1,165.1,21.96,84.27,1,1.000,1,1.000,1,,0
156.82,156.82,UAV-1,RELAY,KILLED,LANDED,2547.1,2401.3,3452.8,65.0,32.25,82.87,0,1.000,1,0.000,1,,0
156.82,156.82,UAV-2,SCOUT,ACTIVE,TRANSIT,2527.7,2422.4,3488.6,109.0,21.35,82.05,1,1.000,2,0.847,1,POI-010,0
156.82,156.82,UAV-3,SCOUT,ACTIVE,TRANSIT,2589.7,2443.4,3491.1,105.3,21.94,82.88,1,1.000,3,0.453,1,POI-009,0
156.82,156.82,UAV-4,SCOUT,ACTIVE,TRANSIT,2816.5,2514.8,3520.9,103.6,21.96,83.80,1,1.000,3,0.000,1,POI-008,0
156.82,156.82,UAV-5,SCOUT,ACTIVE,TRANSIT,2485.3,2413.3,3483.0,110.2,21.90,83.82,1,1.000,3,0.923,1,POI-007,0
156.82,156.82,UAV-6,RELAY,ACTIVE,RELAY_HOLD,2389.1,2369.7,3532.9,176.0,21.97,84.15,1,1.000,1,1.000,1,,0
157.82,157.82,UAV-1,RELAY,KILLED,LANDED,2545.1,2399.9,3419.8,31.9,33.78,82.87,0,1.000,1,0.000,1,,0
157.82,157.82,UAV-2,SCOUT,ACTIVE,TRANSIT,2548.4,2428.4,3491.5,110.8,21.96,81.94,1,1.000,2,0.567,1,POI-010,0
157.82,157.82,UAV-3,SCOUT,ACTIVE,TRANSIT,2610.7,2449.3,3493.7,108.2,21.95,82.78,1,1.000,3,0.138,1,POI-009,0
157.82,157.82,UAV-4,SCOUT,ACTIVE,TRANSIT,2837.3,2521.4,3523.3,109.2,21.45,83.69,1,1.000,3,0.000,1,POI-008,0
157.82,157.82,UAV-5,SCOUT,ACTIVE,TRANSIT,2506.2,2416.5,3486.7,111.1,20.53,83.70,1,1.000,3,0.953,1,POI-007,0
157.82,157.82,UAV-6,RELAY,ACTIVE,RELAY_HOLD,2406.2,2370.8,3546.7,187.4,21.99,84.03,1,1.000,1,1.000,1,,0
158.82,158.82,UAV-1,RELAY,KILLED,LANDED,2543.6,2398.9,3388.3,0.3,0.00,82.87,0,1.000,1,0.000,1,,0
158.82,158.82,UAV-2,SCOUT,ACTIVE,TRANSIT,2569.2,2434.9,3494.4,111.8,21.97,81.84,1,1.000,2,0.650,1,POI-010,0
158.82,158.82,UAV-3,SCOUT,ACTIVE,TRANSIT,2631.7,2455.1,3496.2,109.4,21.94,82.67,1,1.000,3,0.152,1,POI-009,0
158.82,158.82,UAV-4,SCOUT,ACTIVE,TRANSIT,2853.2,2522.7,3529.8,113.7,15.06,83.55,1,1.000,3,0.000,1,POI-008,0
158.82,158.82,UAV-5,SCOUT,ACTIVE,TRANSIT,2525.0,2424.1,3490.1,110.7,21.12,83.58,1,1.000,3,0.773,1,POI-007,0
158.82,158.82,UAV-6,RELAY,ACTIVE,RELAY_HOLD,2423.5,2371.9,3560.3,198.9,21.99,83.91,1,1.000,1,1.000,1,,0
159.82,159.82,UAV-1,RELAY,KILLED,LANDED,2543.6,2398.9,3388.3,0.3,0.00,82.87,0,1.000,1,0.000,1,,0
159.82,159.82,UAV-2,SCOUT,ACTIVE,TRANSIT,2589.9,2441.4,3497.2,111.8,21.96,81.73,1,1.000,2,0.704,1,POI-010,0
159.82,159.82,UAV-3,SCOUT,ACTIVE,TRANSIT,2652.7,2461.0,3498.6,110.8,21.96,82.56,1,1.000,3,0.116,1,POI-009,0
159.82,159.82,UAV-4,SCOUT,ACTIVE,TRANSIT,2864.5,2517.5,3535.8,114.3,13.19,83.43,1,1.000,3,0.000,1,POI-008,0
159.82,159.82,UAV-5,SCOUT,ACTIVE,TRANSIT,2543.8,2434.4,3493.2,112.4,21.90,83.47,1,1.000,3,0.892,1,POI-007,0
159.82,159.82,UAV-6,RELAY,ACTIVE,RELAY_HOLD,2440.9,2373.0,3573.7,209.8,21.99,83.79,1,1.000,1,1.000,1,,0
160.82,160.82,UAV-1,RELAY,KILLED,LANDED,2543.6,2398.9,3388.3,0.3,0.00,82.87,0,1.000,1,0.000,1,,0
160.82,160.82,UAV-2,SCOUT,ACTIVE,TRANSIT,2610.8,2447.8,3500.0,114.8,21.99,81.63,1,1.000,2,0.317,1,POI-010,0
160.82,160.82,UAV-3,SCOUT,ACTIVE,TRANSIT,2673.5,2467.4,3501.6,111.4,21.97,82.46,1,1.000,3,0.138,1,POI-009,0
160.82,160.82,UAV-4,SCOUT,ACTIVE,TRANSIT,2872.6,2508.3,3539.7,114.3,11.94,83.31,1,1.000,3,0.000,1,POI-008,0
160.82,160.82,UAV-5,SCOUT,ACTIVE,TRANSIT,2562.7,2445.2,3496.1,113.9,21.85,83.37,1,1.000,3,0.604,1,POI-007,0
160.82,160.82,UAV-6,RELAY,ACTIVE,RELAY_HOLD,2458.5,2374.2,3586.8,218.9,22.00,83.67,1,1.000,1,1.000,1,,0
161.82,161.82,UAV-1,RELAY,KILLED,LANDED,2543.6,2398.9,3388.3,0.3,0.00,82.87,0,1.000,1,0.000,1,,0
161.82,161.82,UAV-2,SCOUT,ACTIVE,TRANSIT,2631.6,2454.3,3502.8,116.0,21.98,81.52,1,1.000,2,0.410,1,POI-010,0
161.82,161.82,UAV-3,SCOUT,ACTIVE,TRANSIT,2694.2,2473.9,3504.6,110.7,21.97,82.35,1,1.000,3,0.143,1,POI-009,0
161.82,161.82,UAV-4,SCOUT,ACTIVE,TRANSIT,2878.6,2500.2,3537.7,110.4,10.04,83.18,1,1.000,3,0.000,1,POI-008,0
161.82,161.82,UAV-5,SCOUT,ACTIVE,TRANSIT,2579.2,2454.2,3495.1,107.9,16.76,83.24,1,1.000,3,0.581,1,POI-007,0
161.82,161.82,UAV-6,RELAY,ACTIVE,RELAY_HOLD,2476.3,2375.5,3599.7,225.9,22.00,83.55,1,1.000,1,1.000,1,,0
162.82,162.82,UAV-1,RELAY,KILLED,LANDED,2543.6,2398.9,3388.3,0.3,0.00,82.87,0,1.000,1,0.000,1,,0
162.82,162.82,UAV-2,SCOUT,ACTIVE,TRANSIT,2652.4,2460.8,3505.5,117.7,21.98,81.41,1,1.000,2,0.200,1,POI-010,0
162.82,162.82,UAV-3,SCOUT,ACTIVE,TRANSIT,2715.0,2480.4,3507.5,109.8,21.97,82.25,1,1.000,3,0.072,1,POI-009,0
162.82,162.82,UAV-4,SCOUT,ACTIVE,TRANSIT,2883.4,2494.9,3529.5,100.6,12.24,83.06,1,1.000,3,0.000,1,POI-008,0
162.82,162.82,UAV-5,SCOUT,ACTIVE,TRANSIT,2591.9,2460.2,3487.8,97.9,15.70,83.11,1,1.000,3,0.171,1,POI-007,0
162.82,162.82,UAV-6,RELAY,ACTIVE,RELAY_HOLD,2494.4,2376.8,3612.1,231.5,22.00,83.44,1,1.000,1,1.000,1,,0
163.82,163.82,UAV-1,RELAY,KILLED,LANDED,2543.6,2398.9,3388.3,0.3,0.00,82.87,0,1.000,1,0.000,1,,0
163.82,163.82,UAV-2,SCOUT,ACTIVE,TRANSIT,2673.2,2467.3,3508.1,118.0,21.96,81.31,1,1.000,2,0.258,1,POI-010,0
163.82,163.82,UAV-3,SCOUT,ACTIVE,TRANSIT,2735.8,2486.9,3510.4,108.4,21.95,82.14,1,1.000,3,0.000,1,POI-009,0
163.82,163.82,UAV-4,SCOUT,ACTIVE,TRANSIT,2886.8,2491.8,3516.7,86.6,14.92,82.94,1,1.000,3,0.000,1,POI-008,0
163.82,163.82,UAV-5,SCOUT,ACTIVE,TRANSIT,2601.7,2463.9,3475.8,84.4,16.51,82.98,1,1.000,3,0.000,1,POI-007,0
163.82,163.82,UAV-6,RELAY,ACTIVE,RELAY_HOLD,2512.9,2377.9,3624.0,236.2,21.98,83.32,1,1.000,1,1.000,1,,0
164.82,164.82,UAV-1,RELAY,KILLED,LANDED,2543.6,2398.9,3388.3,0.3,0.00,82.87,0,1.000,1,0.000,1,,0
164.82,164.82,UAV-2,SCOUT,ACTIVE,TRANSIT,2694.1,2473.8,3510.6,116.7,21.97,81.20,1,1.000,2,0.119,1,POI-010,0
164.82,164.82,UAV-3,SCOUT,ACTIVE,TRANSIT,2756.6,2493.4,3513.3,106.7,21.96,82.03,1,1.000,3,0.008,1,POI-009,0
164.82,164.82,UAV-4,SCOUT,ACTIVE,TRANSIT,2889.3,2490.1,3501.1,70.3,16.69,82.84,1,1.000,3,0.000,1,POI-008,0
164.82,164.82,UAV-5,SCOUT,ACTIVE,SURVEY,2609.1,2465.9,3460.6,68.8,17.50,82.85,1,1.000,3,0.000,1,POI-007,0
164.82,164.82,UAV-6,RELAY,ACTIVE,RELAY_HOLD,2531.8,2378.6,3635.1,240.6,21.98,83.21,1,1.000,1,1.000,1,,0
165.82,165.82,UAV-1,RELAY,KILLED,LANDED,2543.6,2398.9,3388.3,0.3,0.00,82.87,0,1.000,1,0.000,1,,0
165.82,165.82,UAV-2,SCOUT,ACTIVE,TRANSIT,2714.9,2480.2,3513.0,115.3,21.97,81.10,1,1.000,2,0.032,1,POI-010,0
165.82,165.82,UAV-3,SCOUT,ACTIVE,TRANSIT,2777.4,2499.9,3516.1,106.2,21.97,81.93,1,1.000,3,0.004,1,POI-009,0
165.82,165.82,UAV-4,SCOUT,ACTIVE,SURVEY,2890.9,2488.8,3484.0,52.7,17.44,82.72,1,1.000,3,0.000,1,POI-008,0
165.82,165.82,UAV-5,SCOUT,ACTIVE,SURVEY,2614.2,2465.9,3444.6,53.3,14.76,82.72,1,1.000,3,0.000,1,POI-007,0
165.82,165.82,UAV-6,RELAY,ACTIVE,RELAY_HOLD,2550.2,2378.7,3642.9,242.3,16.74,83.10,1,1.000,1,1.000,1,,0
166.82,166.82,UAV-1,RELAY,KILLED,LANDED,2543.6,2398.9,3388.3,0.3,0.00,82.87,0,1.000,1,0.000,1,,0
166.82,166.82,UAV-2,SCOUT,ACTIVE,TRANSIT,2735.8,2486.7,3515.2,113.2,21.98,81.00,1,1.000,2,0.004,1,POI-010,0
166.82,166.82,UAV-3,SCOUT,ACTIVE,TRANSIT,2798.2,2506.4,3518.8,102.8,21.97,81.82,1,1.000,3,0.000,1,POI-009,0
166.82,166.82,UAV-4,SCOUT,ACTIVE,SURVEY,2890.2,2485.9,3469.5,37.1,11.67,82.59,1,1.000,3,0.000,1,POI-008,0
166.82,166.82,UAV-5,SCOUT,ACTIVE,TRANSIT,2613.8,2463.1,3433.2,43.0,9.60,82.59,1,1.000,3,0.000,1,POI-006,10
166.82,166.82,UAV-6,RELAY,ACTIVE,RELAY_HOLD,2564.4,2378.3,3643.1,238.9,11.52,82.98,1,1.000,1,1.000,1,,0
167.82,167.82,UAV-1,RELAY,KILLED,LANDED,2543.6,2398.9,3388.3,0.3,0.00,82.87,0,1.000,1,0.000,1,,0
167.82,167.82,UAV-2,SCOUT,ACTIVE,TRANSIT,2756.9,2492.1,3517.1,110.3,21.89,80.89,1,1.000,2,0.000,1,POI-010,0
167.82,167.82,UAV-3,SCOUT,ACTIVE,TRANSIT,2819.0,2512.9,3521.4,104.3,21.95,81.72,1,1.000,3,0.000,1,POI-009,0
167.82,167.82,UAV-4,SCOUT,ACTIVE,IDLE,2887.7,2484.1,3465.4,32.4,0.66,82.45,1,1.000,3,0.000,1,,0
167.82,167.82,UAV-5,SCOUT,ACTIVE,TRANSIT,2612.8,2462.1,3431.2,41.2,3.96,82.44,1,1.000,3,0.000,1,POI-006,0
167.82,167.82,UAV-6,RELAY,ACTIVE,RELAY_HOLD,2571.8,2377.1,3642.5,235.4,3.74,82.86,1,1.000,1,1.000,1,,0
168.82,168.82,UAV-1,RELAY,KILLED,LANDED,2543.6,2398.9,3388.3,0.3,0.00,82.87,0,1.000,1,0.000,1,,0
168.82,168.82,UAV-2,SCOUT,ACTIVE,TRANSIT,2778.3,2496.7,3518.8,108.5,21.92,80.79,1,1.000,2,0.000,1,POI-010,0
168.82,168.82,UAV-3,SCOUT,ACTIVE,TRANSIT,2839.8,2519.4,3523.9,109.4,21.97,81.61,1,1.000,3,0.000,1,POI-009,0
168.82,168.82,UAV-4,SCOUT,ACTIVE,IDLE,2887.9,2484.1,3465.4,32.4,0.35,82.35,1,1.000,3,0.000,1,,0
168.82,168.82,UAV-5,SCOUT,ACTIVE,TRANSIT,2614.5,2462.4,3440.4,50.4,13.99,82.29,1,1.000,3,0.000,1,POI-006,0
168.82,168.82,UAV-6,RELAY,ACTIVE,RELAY_HOLD,2572.0,2376.7,3642.4,235.0,2.82,82.74,1,1.000,1,1.000,1,,0
169.82,169.82,UAV-1,RELAY,KILLED,LANDED,2543.6,2398.9,3388.3,0.3,0.00,82.87,0,1.000,1,0.000,1,,0
169.82,169.82,UAV-2,SCOUT,ACTIVE,TRANSIT,2799.7,2501.2,3520.5,104.2,21.93,80.68,1,1.000,2,0.000,1,POI-010,0
169.82,169.82,UAV-3,SCOUT,ACTIVE,TRANSIT,2860.7,2525.9,3526.3,109.7,21.97,81.51,1,1.000,3,0.000,1,POI-009,0
169.82,169.82,UAV-4,SCOUT,ACTIVE,IDLE,2888.1,2484.1,3465.6,32.6,0.27,82.26,1,1.000,3,0.000,1,,0
169.82,169.82,UAV-5,SCOUT,ACTIVE,TRANSIT,2615.5,2462.7,3457.6,67.6,19.63,82.14,1,1.000,3,0.000,1,POI-006,0
169.82,169.82,UAV-6,RELAY,ACTIVE,RELAY_HOLD,2566.7,2376.7,3642.4,236.6,7.28,82.62,1,1.000,1,1.000,1,,0
170.82,170.82,UAV-1,RELAY,KILLED,LANDED,2543.6,2398.9,3388.3,0.3,0.00,82.87,0,1.000,1,0.000,1,,0
170.82,170.82,UAV-2,SCOUT,ACTIVE,TRANSIT,2821.0,2505.6,3522.2,104.0,21.91,80.58,1,1.000,2,0.000,1,POI-010,0
170.82,170.82,UAV-3,SCOUT,ACTIVE,TRANSIT,2881.5,2531.3,3528.5,110.2,21.29,81.39,1,1.000,3,0.000,1,POI-009,0
170.82,170.82,UAV-4,SCOUT,ACTIVE,IDLE,2888.3,2484.2,3465.8,32.8,0.18,82.16,1,1.000,3,0.000,1,,0
170.82,170.82,UAV-5,SCOUT,ACTIVE,TRANSIT,2615.8,2463.0,3477.3,87.3,16.73,82.00,1,1.000,3,0.044,1,POI-006,0
170.82,170.82,UAV-6,RELAY,ACTIVE,RELAY_HOLD,2558.0,2376.9,3642.5,239.1,9.95,82.50,1,1.000,1,1.000,1,,0
171.82,171.82,UAV-1,RELAY,KILLED,LANDED,2543.6,2398.9,3388.3,0.3,0.00,82.87,0,1.000,1,0.000,1,,0
171.82,171.82,UAV-2,SCOUT,ACTIVE,TRANSIT,2842.4,2510.1,3523.9,105.6,21.91,80.47,1,1.000,2,0.000,1,POI-010,0
171.82,171.82,UAV-3,SCOUT,ACTIVE,TRANSIT,2903.0,2533.1,3530.7,107.7,21.86,81.29,1,1.000,3,0.000,1,POI-009,0
171.82,171.82,UAV-4,SCOUT,ACTIVE,IDLE,2888.4,2484.2,3465.9,32.9,0.12,82.07,1,1.000,3,0.000,1,,0
171.82,171.82,UAV-5,SCOUT,ACTIVE,TRANSIT,2616.1,2462.6,3488.4,98.5,6.38,81.87,1,1.000,3,0.092,1,POI-006,0
171.82,171.82,UAV-6,RELAY,ACTIVE,RELAY_HOLD,2549.5,2377.1,3642.8,241.5,4.66,82.39,1,1.000,1,1.000,1,,0
172.82,172.82,UAV-1,RELAY,KILLED,LANDED,2543.6,2398.9,3388.3,0.3,0.00,82.87,0,1.000,1,0.000,1,,0
172.82,172.82,UAV-2,SCOUT,ACTIVE,TRANSIT,2863.8,2514.6,3525.5,103.1,21.91,80.37,1,1.000,2,0.000,1,POI-010,0
172.82,172.82,UAV-3,SCOUT,ACTIVE,TRANSIT,2924.7,2534.6,3532.9,105.3,21.87,81.18,1,1.000,3,0.000,1,POI-009,0
172.82,172.82,UAV-4,SCOUT,ACTIVE,IDLE,2888.5,2484.2,3465.9,32.9,0.08,81.97,1,1.000,3,0.000,1,,0
172.82,172.82,UAV-5,SCOUT,ACTIVE,TRANSIT,2616.1,2461.3,3490.6,101.3,2.31,81.74,1,1.000,3,0.238,1,POI-006,0
172.82,172.82,UAV-6,RELAY,ACTIVE,RELAY_HOLD,2548.6,2377.5,3643.0,242.2,1.31,82.28,1,1.000,1,1.000,1,,0
173.82,173.82,UAV-1,RELAY,KILLED,LANDED,2543.6,2398.9,3388.3,0.3,0.00,82.87,0,1.000,1,0.000,1,,0
173.82,173.82,UAV-2,SCOUT,ACTIVE,TRANSIT,2885.2,2519.1,3527.0,102.7,21.91,80.27,1,1.000,2,0.000,1,POI-010,0
173.82,173.82,UAV-3,SCOUT,ACTIVE,TRANSIT,2946.5,2536.1,3535.0,108.1,21.88,81.08,1,1.000,3,0.000,1,POI-009,0
173.82,173.82,UAV-4,SCOUT,ACTIVE,IDLE,2888.5,2484.2,3466.0,33.0,0.06,81.88,1,1.000,3,0.000,1,,0
173.82,173.82,UAV-5,SCOUT,ACTIVE,TRANSIT,2614.5,2458.3,3487.6,99.2,6.43,81.62,1,1.000,3,0.161,1,POI-006,0
173.82,173.82,UAV-6,RELAY,ACTIVE,RELAY_HOLD,2549.2,2377.3,3643.1,242.0,0.43,82.19,1,1.000,1,1.000,1,,0
174.82,174.82,UAV-1,RELAY,KILLED,LANDED,2543.6,2398.9,3388.3,0.3,0.00,82.87,0,1.000,1,0.000,1,,0
174.82,174.82,UAV-2,SCOUT,ACTIVE,TRANSIT,2906.6,2523.6,3528.5,103.0,21.91,80.16,1,1.000,2,0.000,1,POI-010,0
174.82,174.82,UAV-3,SCOUT,ACTIVE,TRANSIT,2968.2,2537.5,3537.1,112.8,21.89,80.97,1,1.000,3,0.000,1,POI-009,0
174.82,174.82,UAV-4,SCOUT,ACTIVE,IDLE,2888.6,2484.2,3466.0,33.0,0.04,81.78,1,1.000,3,0.000,1,,0
174.82,174.82,UAV-5,SCOUT,ACTIVE,TRANSIT,2609.5,2453.4,3484.0,97.1,9.09,81.49,1,1.000,3,0.048,1,POI-006,0
174.82,174.82,UAV-6,RELAY,ACTIVE,RELAY_HOLD,2548.8,2377.0,3642.9,241.9,0.62,82.10,1,1.000,1,1.000,1,,0
175.82,175.82,UAV-1,RELAY,KILLED,LANDED,2543.6,2398.9,3388.3,0.3,0.00,82.87,0,1.000,1,0.000,1,,0
175.82,175.82,UAV-2,SCOUT,ACTIVE,TRANSIT,2928.0,2528.0,3530.0,102.7,21.89,80.06,1,1.000,2,0.000,1,POI-010,0
175.82,175.82,UAV-3,SCOUT,ACTIVE,TRANSIT,2989.9,2539.1,3539.1,116.0,21.87,80.87,1,1.000,3,0.000,1,POI-009,0
175.82,175.82,UAV-4,SCOUT,ACTIVE,IDLE,2888.6,2484.3,3466.0,33.0,0.02,81.69,1,1.000,3,0.000,1,,0
175.82,175.82,UAV-5,SCOUT,ACTIVE,TRANSIT,2601.6,2448.3,3480.7,94.6,10.74,81.38,1,1.000,3,0.115,1,POI-006,0
175.82,175.82,UAV-6,RELAY,ACTIVE,RELAY_HOLD,2548.4,2376.8,3642.9,241.7,0.40,82.00,1,1.000,1,1.000,1,,0
176.82,176.82,UAV-1,RELAY,KILLED,LANDED,2543.6,2398.9,3388.3,0.3,0.00,82.87,0,1.000,1,0.000,1,,0
176.82,176.82,UAV-2,SCOUT,ACTIVE,TRANSIT,2949.4,2532.5,3531.4,105.2,21.90,79.95,1,1.000,2,0.000,1,POI-010,0
176.82,176.82,UAV-3,SCOUT,ACTIVE,TRANSIT,3011.7,2540.6,3541.1,117.0,21.89,80.76,1,1.000,3,0.000,1,POI-009,0
176.82,176.82,UAV-4,SCOUT,ACTIVE,IDLE,2888.6,2484.3,3466.0,33.0,0.02,81.60,1,1.000,3,0.000,1,,0
176.82,176.82,UAV-5,SCOUT,ACTIVE,TRANSIT,2591.8,2443.6,3477.5,91.8,11.70,81.26,1,1.000,3,0.071,1,POI-006,0
176.82,176.82,UAV-6,RELAY,ACTIVE,RELAY_HOLD,2548.2,2376.5,3642.8,241.6,0.37,81.91,1,1.000,1,1.000,1,,0
177.82,177.82,UAV-1,RELAY,KILLED,LANDED,2543.6,2398.9,3388.3,0.3,0.00,82.87,0,1.000,1,0.000,1,,0
177.82,177.82,UAV-2,SCOUT,ACTIVE,TRANSIT,2970.9,2536.3,3533.0,108.9,21.87,79.85,1,1.000,2,0.000,1,POI-010,0
177.82,177.82,UAV-3,SCOUT,ACTIVE,TRANSIT,3033.4,2542.1,3543.0,117.7,21.90,80.66,1,1.000,3,0.000,1,POI-009,0
177.82,177.82,UAV-4,SCOUT,ACTIVE,IDLE,2888.6,2484.3,3466.0,33.1,0.02,81.50,1,1.000,3,0.000,1,,0
177.82,177.82,UAV-5,SCOUT,ACTIVE,TRANSIT,2581.2,2439.1,3474.6,89.7,12.16,81.14,1,1.000,3,0.136,1,POI-006,0
177.82,177.82,UAV-6,RELAY,ACTIVE,RELAY_HOLD,2548.0,2376.3,3642.8,241.5,0.37,81.81,1,1.000,1,1.000,1,,0
178.82,178.82,UAV-1,RELAY,KILLED,LANDED,2543.6,2398.9,3388.3,0.3,0.00,82.87,0,1.000,1,0.000,1,,0
178.82,178.82,UAV-2,SCOUT,ACTIVE,TRANSIT,2992.6,2538.6,3535.0,111.8,21.91,79.74,1,1.000,2,0.000,1,POI-010,0
178.82,178.82,UAV-3,SCOUT,ACTIVE,TRANSIT,3055.2,2543.6,3544.8,118.5,21.91,80.55,1,1.000,3,0.000,1,POI-009,0
178.82,178.82,UAV-4,SCOUT,ACTIVE,IDLE,2888.6,2484.3,3466.0,33.1,0.01,81.41,1,1.000,3,0.000,1,,0
178.82,178.82,UAV-5,SCOUT,ACTIVE,TRANSIT,2570.0,2434.8,3471.7,89.0,12.38,81.02,1,1.000,3,0.094,1,POI-006,0
178.82,178.82,UAV-6,RELAY,ACTIVE,RELAY_HOLD,2547.7,2376.1,3642.7,241.4,0.31,81.72,1,1.000,1,1.000,1,,0
179.82,179.82,UAV-1,RELAY,KILLED,LANDED,2543.6,2398.9,3388.3,0.3,0.00,82.87,0,1.000,1,0.000,1,,0
179.82,179.82,UAV-2,SCOUT,ACTIVE,TRANSIT,3014.3,2540.8,3537.0,112.8,21.90,79.64,1,1.000,2,0.000,1,POI-010,0
179.82,179.82,UAV-3,SCOUT,ACTIVE,TRANSIT,3077.0,2545.1,3546.6,116.9,21.90,80.45,1,1.000,3,0.000,1,POI-009,0
179.82,179.82,UAV-4,SCOUT,ACTIVE,TRANSIT,2888.6,2484.3,3466.0,33.1,0.01,81.31,1,1.000,3,0.000,1,,0
179.82,179.82,UAV-5,SCOUT,ACTIVE,TRANSIT,2558.6,2430.7,3469.1,88.2,12.50,80.90,1,1.000,3,0.071,1,POI-006,0
179.82,179.82,UAV-6,RELAY,ACTIVE,RELAY_HOLD,2547.4,2375.9,3642.7,241.3,0.31,81.62,1,1.000,1,1.000,1,,0
180.82,180.82,UAV-1,RELAY,KILLED,LANDED,2543.6,2398.9,3388.3,0.3,0.00,82.87,0,1.000,1,0.000,1,,0
180.82,180.82,UAV-2,SCOUT,ACTIVE,TRANSIT,3036.0,2543.0,3538.9,113.6,21.90,79.53,1,1.000,2,0.000,1,POI-010,0
180.82,180.82,UAV-3,SCOUT,ACTIVE,TRANSIT,3098.0,2547.6,3549.2,114.0,20.02,80.33,1,1.000,3,0.000,1,POI-009,0
180.82,180.82,UAV-4,SCOUT,ACTIVE,TRANSIT,2885.8,2481.9,3468.9,35.1,7.68,81.18,1,1.000,3,0.000,1,,0
180.82,180.82,UAV-5,SCOUT,ACTIVE,TRANSIT,2546.9,2426.7,3466.6,85.8,12.58,80.78,1,1.000,3,0.083,1,POI-006,0
180.82,180.82,UAV-6,RELAY,ACTIVE,RELAY_HOLD,2547.2,2375.7,3642.6,241.3,0.35,81.53,1,1.000,1,1.000,1,,0
181.82,181.82,UAV-1,RELAY,KILLED,LANDED,2543.6,2398.9,3388.3,0.3,0.00,82.87,0,1.000,1,0.000,1,,0
181.82,181.82,UAV-2,SCOUT,ACTIVE,TRANSIT,3057.7,2545.2,3540.9,114.3,21.90,79.43,1,1.000,2,0.000,1,POI-010,0
181.82,181.82,UAV-3,SCOUT,ACTIVE,TRANSIT,3115.8,2555.6,3553.1,112.8,20.38,80.21,1,1.000,3,0.000,1,POI-009,0
181.82,181.82,UAV-4,SCOUT,ACTIVE,TRANSIT,2878.1,2477.9,3472.5,37.3,10.84,81.05,1,1.000,3,0.000,1,,0
181.82,181.82,UAV-5,SCOUT,ACTIVE,TRANSIT,2535.0,2423.1,3464.3,84.0,12.64,80.66,1,1.000,3,0.136,1,POI-006,0
181.82,181.82,UAV-6,RELAY,ACTIVE,RELAY_HOLD,2546.9,2375.8,3642.6,241.4,0.97,81.43,1,1.000,1,1.000,1,,0
182.82,182.82,UAV-1,RELAY,KILLED,LANDED,2543.6,2398.9,3388.3,0.3,0.00,82.87,0,1.000,1,0.000,1,,0
182.82,182.82,UAV-2,SCOUT,ACTIVE,TRANSIT,3079.4,2547.4,3542.7,112.3,21.90,79.32,1,1.000,2,0.000,1,POI-010,0
182.82,182.82,UAV-3,SCOUT,ACTIVE,TRANSIT,3133.0,2567.3,3556.7,113.5,21.62,80.10,1,1.000,3,0.000,1,POI-009,0
182.82,182.82,UAV-4,SCOUT,ACTIVE,TRANSIT,2867.4,2473.9,3475.6,39.7,12.73,80.93,1,1.000,3,0.000,1,,0
182.82,182.82,UAV-5,SCOUT,ACTIVE,TRANSIT,2523.1,2419.6,3462.2,83.5,12.68,80.54,1,1.000,3,0.154,1,POI-006,0
182.82,182.82,UAV-6,RELAY,ACTIVE,RELAY_HOLD,2546.6,2376.5,3642.6,241.9,0.08,81.34,1,1.000,1,0.990,1,,0
183.82,183.82,UAV-1,RELAY,KILLED,LANDED,2543.6,2398.9,3388.3,0.3,0.00,82.87,0,1.000,1,0.000,1,,0
183.82,183.82,UAV-2,SCOUT,ACTIVE,TRANSIT,3101.1,2549.6,3544.6,108.4,21.88,79.22,1,1.000,2,0.000,1,POI-010,0
183.82,183.82,UAV-3,SCOUT,ACTIVE,TRANSIT,3150.2,2580.1,3560.0,112.9,21.14,79.99,1,1.000,3,0.000,1,POI-009,0
183.82,183.82,UAV-4,SCOUT,ACTIVE,TRANSIT,2855.0,2470.2,3478.6,43.7,13.76,80.81,1,1.000,3,0.000,1,,0
183.82,183.82,UAV-5,SCOUT,ACTIVE,TRANSIT,2510.9,2416.3,3460.3,83.6,12.78,80.42,1,1.000,3,0.152,1,POI-006,0
183.82,183.82,UAV-6,RELAY,ACTIVE,RELAY_HOLD,2546.4,2376.5,3642.6,241.9,0.48,81.24,1,1.000,1,1.000,1,,0
184.82,184.82,UAV-1,RELAY,KILLED,LANDED,2543.6,2398.9,3388.3,0.3,0.00,82.87,0,1.000,1,0.000,1,,0
184.82,184.82,UAV-2,SCOUT,ACTIVE,TRANSIT,3122.8,2551.8,3546.3,105.8,21.89,79.12,1,1.000,2,0.000,1,POI-010,0
184.82,184.82,UAV-3,SCOUT,ACTIVE,TRANSIT,3164.8,2590.6,3558.7,107.3,16.17,79.86,1,1.000,3,0.000,1,POI-009,0
184.82,184.82,UAV-4,SCOUT,ACTIVE,TRANSIT,2841.6,2466.7,3481.2,49.3,14.20,80.68,1,1.000,3,0.000,1,,0
184.82,184.82,UAV-5,SCOUT,ACTIVE,TRANSIT,2498.6,2413.3,3458.6,84.9,12.86,80.30,1,1.000,3,0.184,1,POI-006,0
184.82,184.82,UAV-6,RELAY,ACTIVE,RELAY_HOLD,2546.1,2376.6,3642.6,242.0,0.34,81.15,1,1.000,1,1.000,1,,0
185.82,185.82,UAV-1,RELAY,KILLED,LANDED,2543.6,2398.9,3388.3,0.3,0.00,82.87,0,1.000,1,0.000,1,,0
185.82,185.82,UAV-2,SCOUT,ACTIVE,TRANSIT,3144.5,2554.0,3548.0,107.3,21.88,79.01,1,1.000,2,0.000,1,POI-010,0
185.82,185.82,UAV-3,SCOUT,ACTIVE,TRANSIT,3176.2,2597.8,3551.3,97.7,15.37,79.73,1,1.000,3,0.000,1,POI-009,0
185.82,185.82,UAV-4,SCOUT,ACTIVE,TRANSIT,2828.0,2463.4,3483.7,54.6,14.32,80.56,1,1.000,3,0.000,1,,0
185.82,185.82,UAV-5,SCOUT,ACTIVE,TRANSIT,2486.1,2410.5,3457.1,84.5,12.91,80.18,1,1.000,3,0.345,1,POI-006,0
185.82,185.82,UAV-6,RELAY,ACTIVE,RELAY_HOLD,2545.9,2376.7,3642.6,242.1,0.28,81.05,1,1.000,1,1.000,1,,0
186.82,186.82,UAV-1,RELAY,KILLED,LANDED,2543.6,2398.9,3388.3,0.3,0.00,82.87,0,1.000,1,0.000,1,,0
186.82,186.82,UAV-2,SCOUT,ACTIVE,TRANSIT,3166.2,2556.1,3549.6,109.6,21.87,78.91,1,1.000,2,0.000,1,POI-010,0
186.82,186.82,UAV-3,SCOUT,ACTIVE,TRANSIT,3185.0,2602.4,3539.0,83.1,16.36,79.60,1,1.000,3,0.000,1,POI-009,0
186.82,186.82,UAV-4,SCOUT,ACTIVE,TRANSIT,2814.2,2460.2,3485.9,58.5,14.30,80.44,1,1.000,3,0.000,1,,0
186.82,186.82,UAV-5,SCOUT,ACTIVE,TRANSIT,2473.5,2408.0,3455.7,85.4,12.99,80.06,1,1.000,3,0.376,1,POI-006,0
186.82,186.82,UAV-6,RELAY,ACTIVE,RELAY_HOLD,2546.0,2376.6,3642.6,242.1,0.23,80.96,1,1.000,1,1.000,1,,0
187.82,187.82,UAV-1,RELAY,KILLED,LANDED,2543.6,2398.9,3388.3,0.3,0.00,82.87,0,1.000,1,0.000,1,,0
187.82,187.82,UAV-2,SCOUT,ACTIVE,TRANSIT,3187.9,2557.6,3551.8,111.9,21.80,78.79,1,1.000,2,0.000,1,POI-010,0
187.82,187.82,UAV-3,SCOUT,ACTIVE,SURVEY,3191.7,2605.0,3523.7,66.0,17.43,79.47,1,1.000,3,0.000,1,POI-009,0
187.82,187.82,UAV-4,SCOUT,ACTIVE,TRANSIT,2800.4,2457.3,3487.8,61.9,14.22,80.31,1,1.000,3,0.000,1,,0
187.82,187.82,UAV-5,SCOUT,ACTIVE,TRANSIT,2460.7,2405.8,3454.6,90.0,13.06,79.94,1,1.000,3,0.335,1,POI-006,0
187.82,187.82,UAV-6,RELAY,ACTIVE,RELAY_HOLD,2545.9,2376.6,3642.6,242.1,0.06,80.86,1,1.000,1,1.000,1,,0
188.82,188.82,UAV-1,RELAY,KILLED,LANDED,2543.6,2398.9,3388.3,0.3,0.00,82.87,0,1.000,1,0.000,1,,0
188.82,188.82,UAV-2,SCOUT,ACTIVE,TRANSIT,3209.4,2556.3,3555.6,112.0,21.85,78.68,1,1.000,2,0.000,1,POI-010,0
188.82,188.82,UAV-3,SCOUT,ACTIVE,SURVEY,3196.2,2605.5,3507.7,49.6,14.65,79.34,1,1.000,3,0.000,1,POI-009,0
188.82,188.82,UAV-4,SCOUT,ACTIVE,TRANSIT,2786.6,2454.6,3489.6,65.2,14.09,80.19,1,1.000,3,0.000,1,,0
188.82,188.82,UAV-5,SCOUT,ACTIVE,TRANSIT,2447.8,2403.8,3453.7,96.8,13.09,79.82,1,1.000,3,0.692,1,POI-006,0
188.82,188.82,UAV-6,RELAY,ACTIVE,RELAY_HOLD,2545.6,2376.7,3642.5,242.1,0.22,80.77,1,1.000,1,1.000,1,,0
189.82,189.82,UAV-1,RELAY,KILLED,LANDED,2543.6,2398.9,3388.3,0.3,0.00,82.87,0,1.000,1,0.000,1,,0
189.82,189.82,UAV-2,SCOUT,ACTIVE,TRANSIT,3230.8,2554.7,3559.5,110.0,21.88,78.58,1,1.000,2,0.000,1,POI-010,0
189.82,189.82,UAV-3,SCOUT,ACTIVE,IDLE,3195.8,2602.2,3496.6,40.8,7.98,79.20,1,1.000,3,0.000,1,,6
189.82,189.82,UAV-4,SCOUT,ACTIVE,TRANSIT,2772.8,2452.2,3491.0,68.5,13.94,80.07,1,1.000,3,0.024,1,,0
189.82,189.82,UAV-5,SCOUT,ACTIVE,TRANSIT,2434.8,2402.3,3452.9,103.8,13.13,79.70,1,1.000,3,0.328,1,POI-006,0
189.82,189.82,UAV-6,RELAY,ACTIVE,RELAY_HOLD,2545.4,2376.6,3642.5,242.1,0.47,80.67,1,1.000,1,1.000,1,,0
190.82,190.82,UAV-1,RELAY,KILLED,LANDED,2543.6,2398.9,3388.3,0.3,0.00,82.87,0,1.000,1,0.000,1,,0
190.82,190.82,UAV-2,SCOUT,ACTIVE,TRANSIT,3252.3,2553.1,3563.3,108.0,21.87,78.47,1,1.000,2,0.000,1,POI-010,0
190.82,190.82,UAV-3,SCOUT,ACTIVE,IDLE,3195.8,2601.4,3494.4,39.1,1.27,79.07,1,1.000,3,0.000,1,,0
190.82,190.82,UAV-4,SCOUT,ACTIVE,TRANSIT,2759.2,2450.1,3492.2,72.3,13.78,79.95,1,1.000,3,0.000,1,,0
190.82,190.82,UAV-5,SCOUT,ACTIVE,TRANSIT,2421.7,2401.0,3452.4,107.4,13.17,79.58,1,1.000,3,0.535,1,POI-006,0
190.82,190.82,UAV-6,RELAY,ACTIVE,RELAY_HOLD,2545.4,2376.6,3642.5,242.1,0.11,80.58,1,1.000,1,1.000,1,,0
191.82,191.82,UAV-1,RELAY,KILLED,LANDED,2543.6,2398.9,3388.3,0.3,0.00,82.87,0,1.000,1,0.000,1,,0
191.82,191.82,UAV-2,SCOUT,ACTIVE,TRANSIT,3273.8,2551.4,3567.1,107.3,21.87,78.36,1,1.000,2,0.000,1,POI-010,0
191.82,191.82,UAV-3,SCOUT,ACTIVE,IDLE,3197.0,2601.8,3494.6,39.0,1.15,78.98,1,1.000,3,0.000,1,,0
191.82,191.82,UAV-4,SCOUT,ACTIVE,TRANSIT,2745.7,2448.4,3493.0,77.1,13.07,79.83,1,1.000,3,0.001,1,,0
191.82,191.82,UAV-5,SCOUT,ACTIVE,TRANSIT,2409.3,2398.4,3452.0,107.7,12.46,79.44,1,1.000,3,0.504,1,POI-006,0
191.82,191.82,UAV-6,RELAY,ACTIVE,RELAY_HOLD,2545.5,2376.6,3642.5,242.2,0.32,80.48,1,1.000,1,1.000,1,,0
192.82,192.82,UAV-1,RELAY,KILLED,LANDED,2543.6,2398.9,3388.3,0.3,0.00,82.87,0,1.000,1,0.000,1,,0
192.82,192.82,UAV-2,SCOUT,ACTIVE,TRANSIT,3295.3,2549.7,3570.7,108.0,21.88,78.26,1,1.000,2,0.000,1,POI-010,0
192.82,192.82,UAV-3,SCOUT,ACTIVE,IDLE,3197.9,2602.2,3494.8,39.0,0.82,78.88,1,1.000,3,0.000,1,,0
192.82,192.82,UAV-4,SCOUT,ACTIVE,TRANSIT,2734.6,2446.5,3490.3,77.5,11.31,79.70,1,1.000,3,0.004,1,,0
192.82,192.82,UAV-5,SCOUT,ACTIVE,TRANSIT,2398.0,2393.0,3451.7,105.8,12.76,79.31,1,1.000,3,0.506,1,POI-006,0
192.82,192.82,UAV-6,RELAY,ACTIVE,RELAY_HOLD,2545.4,2376.7,3642.6,242.2,0.12,80.39,1,1.000,1,1.000,1,,0
193.82,193.82,UAV-1,RELAY,KILLED,LANDED,2543.6,2398.9,3388.3,0.3,0.00,82.87,0,1.000,1,0.000,1,,0
193.82,193.82,UAV-2,SCOUT,ACTIVE,TRANSIT,3316.8,2548.0,3574.3,108.1,21.87,78.15,1,1.000,2,0.000,1,POI-010,0
193.82,193.82,UAV-3,SCOUT,ACTIVE,IDLE,3198.5,2602.4,3494.9,38.9,0.57,78.79,1,1.000,3,0.000,1,,0
193.82,193.82,UAV-4,SCOUT,ACTIVE,TRANSIT,2724.2,2442.8,3486.5,75.0,11.94,79.58,1,1.000,3,0.000,1,,0
193.82,193.82,UAV-5,SCOUT,ACTIVE,TRANSIT,2386.7,2386.7,3451.4,103.7,13.07,79.19,1,1.000,3,0.817,1,POI-006,0
193.82,193.82,UAV-6,RELAY,ACTIVE,RELAY_HOLD,2545.4,2376.8,3642.6,242.3,0.57,80.29,1,1.000,1,1.000,1,,0
194.82,194.82,UAV-1,RELAY,KILLED,LANDED,2543.6,2398.9,3388.3,0.3,0.00,82.87,0,1.000,1,0.000,1,,0
194.82,194.82,UAV-2,SCOUT,ACTIVE,TRANSIT,3338.3,2546.4,3577.8,106.8,21.86,78.04,1,1.000,2,0.000,1,POI-010,0
194.82,194.82,UAV-3,SCOUT,ACTIVE,IDLE,3198.9,2602.6,3495.0,38.9,0.40,78.69,1,1.000,3,0.000,1,,0
194.82,194.82,UAV-4,SCOUT,ACTIVE,TRANSIT,2713.4,2438.6,3482.9,72.1,12.37,79.46,1,1.000,3,0.000,1,,0
194.82,194.82,UAV-5,SCOUT,ACTIVE,TRANSIT,2375.2,2380.4,3451.1,101.9,13.17,79.07,1,1.000,3,0.867,1,POI-006,0
194.82,194.82,UAV-6,RELAY,ACTIVE,RELAY_HOLD,2545.5,2376.7,3642.5,242.2,0.13,80.20,1,1.000,1,1.000,1,,0
195.82,195.82,UAV-1,RELAY,KILLED,LANDED,2543.6,2398.9,3388.3,0.3,0.00,82.87,0,1.000,1,0.000,1,,0
195.82,195.82,UAV-2,SCOUT,ACTIVE,TRANSIT,3359.9,2544.7,3581.1,106.2,21.87,77.94,1,1.000,2,0.000,1,POI-010,0
195.82,195.82,UAV-3,SCOUT,ACTIVE,IDLE,3199.2,2602.7,3495.1,38.8,0.28,78.60,1,1.000,3,0.000,1,,0
195.82,195.82,UAV-4,SCOUT,ACTIVE,TRANSIT,2702.0,2434.6,3479.6,69.3,12.60,79.34,1,1.000,3,0.000,1,,0
195.82,195.82,UAV-5,SCOUT,ACTIVE,TRANSIT,2363.3,2374.6,3450.9,101.1,13.18,78.95,1,1.000,3,0.835,1,POI-006,0
195.82,195.82,UAV-6,RELAY,ACTIVE,RELAY_HOLD,2545.4,2376.9,3642.5,242.3,0.25,80.10,1,1.000,1,1.000,1,,0
196.82,196.82,UAV-1,RELAY,KILLED,LANDED,2543.6,2398.9,3388.3,0.3,0.00,82.87,0,1.000,1,0.000,1,,0
196.82,196.82,UAV-2,SCOUT,ACTIVE,TRANSIT,3381.4,2543.0,3584.2,108.1,21.85,77.83,1,1.000,2,0.000,1,POI-010,0
196.82,196.82,UAV-3,SCOUT,ACTIVE,IDLE,3199.4,2602.8,3495.1,38.8,0.20,78.51,1,1.000,3,0.000,1,,0
196.82,196.82,UAV-4,SCOUT,ACTIVE,TRANSIT,2690.3,2430.8,3476.6,67.2,12.78,79.22,1,1.000,3,0.000,1,,0
196.82,196.82,UAV-5,SCOUT,ACTIVE,TRANSIT,2351.2,2369.5,3450.7,100.5,13.21,78.82,1,1.000,3,0.942,1,POI-006,0
196.82,196.82,UAV-6,RELAY,ACTIVE,RELAY_HOLD,2545.9,2376.4,3642.5,241.9,0.26,80.00,1,1.000,1,1.000,1,,0
197.82,197.82,UAV-1,RELAY,KILLED,LANDED,2543.6,2398.9,3388.3,0.3,0.00,82.87,0,1.000,1,0.000,1,,0
197.82,197.82,UAV-2,SCOUT,ACTIVE,TRANSIT,3402.4,2541.5,3586.2,109.8,19.01,77.72,1,1.000,2,0.000,1,POI-010,0
197.82,197.82,UAV-3,SCOUT,ACTIVE,IDLE,3199.6,2602.9,3495.2,38.8,0.14,78.41,1,1.000,3,0.000,1,,0
197.82,197.82,UAV-4,SCOUT,ACTIVE,TRANSIT,2678.2,2427.4,3473.9,66.0,12.88,79.11,1,1.000,3,0.000,1,,0
197.82,197.82,UAV-5,SCOUT,ACTIVE,TRANSIT,2338.7,2365.1,3450.6,101.9,13.19,78.70,1,1.000,3,1.000,1,POI-006,0
197.82,197.82,UAV-6,RELAY,ACTIVE,RELAY_HOLD,2545.9,2377.7,3642.3,242.4,1.65,79.91,1,1.000,1,1.000,1,,0
198.82,198.82,UAV-1,RELAY,KILLED,LANDED,2543.6,2398.9,3388.3,0.3,0.00,82.87,0,1.000,1,0.000,1,,0
198.82,198.82,UAV-2,SCOUT,ACTIVE,TRANSIT,3418.8,2540.6,3582.3,103.9,15.83,77.62,1,1.000,2,0.000,1,POI-010,0
198.82,198.82,UAV-3,SCOUT,ACTIVE,IDLE,3199.7,2602.9,3495.2,38.8,0.09,78.32,1,1.000,3,0.000,1,,0
198.82,198.82,UAV-4,SCOUT,ACTIVE,TRANSIT,2665.9,2424.3,3471.4,66.1,12.99,78.99,1,1.000,3,0.030,1,,0
198.82,198.82,UAV-5,SCOUT,ACTIVE,TRANSIT,2326.0,2361.5,3450.4,103.9,13.18,78.58,1,1.000,3,1.000,1,POI-006,0
198.82,198.82,UAV-6,RELAY,ACTIVE,RELAY_HOLD,2546.6,2379.3,3641.7,242.5,2.83,79.81,1,1.000,1,1.000,1,,0
199.82,199.82,UAV-1,RELAY,KILLED,LANDED,2543.6,2398.9,3388.3,0.3,0.00,82.87,0,1.000,1,0.000,1,,0
199.82,199.82,UAV-2,SCOUT,ACTIVE,TRANSIT,3431.1,2540.4,3572.7,92.1,15.89,77.51,1,1.000,2,0.000,1,POI-010,0
199.82,199.82,UAV-3,SCOUT,ACTIVE,IDLE,3199.8,2602.9,3495.2,38.8,0.07,78.22,1,1.000,3,0.000,1,,0
199.82,199.82,UAV-4,SCOUT,ACTIVE,TRANSIT,2653.4,2421.4,3469.2,67.5,12.98,78.87,1,1.000,3,0.000,1,,0
199.82,199.82,UAV-5,SCOUT,ACTIVE,TRANSIT,2314.6,2359.0,3448.9,103.8,9.82,78.47,1,1.000,1,1.000,1,POI-006,0
199.82,199.82,UAV-6,RELAY,ACTIVE,RELAY_HOLD,2548.0,2382.2,3640.3,242.3,3.91,79.71,1,1.000,1,1.000,1,,0
200.82,200.82,UAV-1,RELAY,KILLED,LANDED,2543.6,2398.9,3388.3,0.3,0.00,82.87,0,1.000,1,0.000,1,,0
200.82,200.82,UAV-2,SCOUT,ACTIVE,TRANSIT,3440.1,2540.4,3559.0,76.8,16.90,77.40,1,1.000,2,0.000,1,POI-010,0
200.82,200.82,UAV-3,SCOUT,ACTIVE,IDLE,3199.8,2603.0,3495.2,38.8,0.05,78.13,1,1.000,3,0.000,1,,0
200.82,200.82,UAV-4,SCOUT,ACTIVE,TRANSIT,2640.8,2418.9,3467.2,69.2,13.01,78.75,1,1.000,3,0.000,1,,0
200.82,200.82,UAV-5,SCOUT,ACTIVE,TRANSIT,2308.6,2357.9,3441.8,97.5,10.41,78.38,1,1.000,3,0.958,1,POI-006,0
200.82,200.82,UAV-6,RELAY,ACTIVE,RELAY_HOLD,2548.0,2383.0,3640.2,242.6,3.09,79.59,1,1.000,1,1.000,1,,0
201.82,201.82,UAV-1,RELAY,KILLED,LANDED,2543.6,2398.9,3388.3,0.3,0.00,82.87,0,1.000,1,0.000,1,,0
201.82,201.82,UAV-2,SCOUT,ACTIVE,SURVEY,3446.4,2540.6,3542.9,59.5,17.36,77.29,1,1.000,2,0.000,1,POI-010,0
201.82,201.82,UAV-3,SCOUT,ACTIVE,IDLE,3199.9,2603.0,3495.2,38.8,0.04,78.03,1,1.000,3,0.000,1,,0
201.82,201.82,UAV-4,SCOUT,ACTIVE,TRANSIT,2628.1,2416.6,3465.5,70.3,13.05,78.63,1,1.000,3,0.002,1,,0
201.82,201.82,UAV-5,SCOUT,ACTIVE,TRANSIT,2305.7,2357.8,3430.0,86.4,13.69,78.31,1,1.000,3,0.804,1,POI-006,0
201.82,201.82,UAV-6,RELAY,ACTIVE,RELAY_HOLD,2545.5,2379.0,3641.5,242.4,5.35,79.49,1,1.000,1,1.000,1,,0
202.82,202.82,UAV-1,RELAY,KILLED,LANDED,2543.6,2398.9,3388.3,0.3,0.00,82.87,0,1.000,1,0.000,1,,0
202.82,202.82,UAV-2,SCOUT,ACTIVE,SURVEY,3448.6,2540.5,3528.2,44.4,12.14,77.17,1,1.000,2,0.000,1,POI-010,0
202.82,202.82,UAV-3,SCOUT,ACTIVE,TRANSIT,3199.9,2603.0,3495.2,38.7,0.03,77.94,1,1.000,3,0.000,1,,0
202.82,202.82,UAV-4,SCOUT,ACTIVE,TRANSIT,2615.3,2414.6,3464.0,70.6,13.10,78.51,1,1.000,3,0.000,1,,0
202.82,202.82,UAV-5,SCOUT,ACTIVE,TRANSIT,2303.6,2357.9,3415.2,72.2,15.90,78.22,1,1.000,3,0.313,1,POI-006,0
202.82,202.82,UAV-6,RELAY,ACTIVE,RELAY_HOLD,2543.2,2376.6,3641.3,241.7,1.96,79.39,1,1.000,1,1.000,1,,0
203.82,203.82,UAV-1,RELAY,KILLED,LANDED,2543.6,2398.9,3388.3,0.3,0.00,82.87,0,1.000,1,0.000,1,,0
203.82,203.82,UAV-2,SCOUT,ACTIVE,IDLE,3445.5,2540.2,3520.4,37.1,2.61,77.03,1,1.000,2,0.000,1,,0
203.82,203.82,UAV-3,SCOUT,ACTIVE,TRANSIT,3196.7,2600.8,3498.7,43.8,8.48,77.80,1,1.000,3,0.000,1,,0
203.82,203.82,UAV-4,SCOUT,ACTIVE,TRANSIT,2602.3,2412.9,3462.8,71.4,13.14,78.39,1,1.000,3,0.000,1,,0
203.82,203.82,UAV-5,SCOUT,ACTIVE,SURVEY,2302.1,2358.1,3398.7,56.2,17.11,78.12,1,1.000,3,0.011,1,POI-006,0
203.82,203.82,UAV-6,RELAY,ACTIVE,RELAY_HOLD,2541.7,2377.0,3640.5,241.6,1.60,79.30,1,1.000,1,1.000,1,,0
204.82,204.82,UAV-1,RELAY,KILLED,LANDED,2543.6,2398.9,3388.3,0.3,0.00,82.87,0,1.000,1,0.000,1,,0
204.82,204.82,UAV-2,SCOUT,ACTIVE,IDLE,3446.4,2540.2,3519.9,36.4,1.46,76.92,1,1.000,2,0.000,1,,0
204.82,204.82,UAV-3,SCOUT,ACTIVE,TRANSIT,3188.3,2597.5,3503.1,50.6,11.37,77.68,1,1.000,3,0.000,1,,0
204.82,204.82,UAV-4,SCOUT,ACTIVE,TRANSIT,2589.3,2411.5,3461.9,72.2,13.24,78.27,1,1.000,3,0.000,1,,0
204.82,204.82,UAV-5,SCOUT,ACTIVE,SURVEY,2301.1,2358.1,3381.4,39.2,16.10,78.00,1,1.000,3,0.000,1,POI-006,0
204.82,204.82,UAV-6,RELAY,ACTIVE,RELAY_HOLD,2540.9,2377.2,3640.1,241.6,0.44,79.20,1,1.000,1,1.000,1,,0
205.82,205.82,UAV-1,RELAY,KILLED,LANDED,2543.6,2398.9,3388.3,0.3,0.00,82.87,0,1.000,1,0.000,1,,0
205.82,205.82,UAV-2,SCOUT,ACTIVE,IDLE,3447.7,2540.1,3520.2,36.4,1.13,76.83,1,1.000,2,0.000,1,,0
205.82,205.82,UAV-3,SCOUT,ACTIVE,TRANSIT,3177.1,2594.4,3507.1,55.7,13.00,77.56,1,1.000,3,0.000,1,,0
205.82,205.82,UAV-4,SCOUT,ACTIVE,TRANSIT,2576.1,2410.4,3461.2,73.0,12.84,78.15,1,1.000,3,0.027,1,,0
205.82,205.82,UAV-5,SCOUT,ACTIVE,IDLE,2299.0,2357.8,3372.7,30.9,2.50,77.86,1,1.000,3,0.000,1,,0
205.82,205.82,UAV-6,RELAY,ACTIVE,RELAY_HOLD,2540.8,2377.3,3640.0,241.5,0.09,79.11,1,1.000,1,1.000,1,,0
206.82,206.82,UAV-1,RELAY,KILLED,LANDED,2543.6,2398.9,3388.3,0.3,0.00,82.87,0,1.000,1,0.000,1,,0
206.82,206.82,UAV-2,SCOUT,ACTIVE,IDLE,3448.6,2540.1,3520.4,36.4,0.79,76.74,1,1.000,2,0.000,1,,0
206.82,206.82,UAV-3,SCOUT,ACTIVE,TRANSIT,3164.4,2591.6,3510.6,58.5,13.84,77.43,1,1.000,3,0.000,1,,0
206.82,206.82,UAV-4,SCOUT,ACTIVE,TRANSIT,2564.6,2408.5,3458.5,70.8,11.79,78.02,1,1.000,3,0.013,1,,0
206.82,206.82,UAV-5,SCOUT,ACTIVE,IDLE,2298.9,2357.6,3372.1,30.2,0.18,77.75,1,1.000,3,0.000,1,,0
206.82,206.82,UAV-6,RELAY,ACTIVE,RELAY_HOLD,2540.7,2377.3,3640.0,241.6,0.17,79.01,1,1.000,1,1.000,1,,0
207.82,207.82,UAV-1,RELAY,KILLED,LANDED,2543.6,2398.9,3388.3,0.3,0.00,82.87,0,1.000,1,0.000,1,,0
207.82,207.82,UAV-2,SCOUT,ACTIVE,IDLE,3449.2,2540.1,3520.5,36.4,0.56,76.64,1,1.000,2,0.000,1,,0
207.82,207.82,UAV-3,SCOUT,ACTIVE,TRANSIT,3151.0,2588.9,3513.8,60.9,14.16,77.31,1,1.000,3,0.000,1,,0
207.82,207.82,UAV-4,SCOUT,ACTIVE,TRANSIT,2553.5,2404.9,3455.6,68.0,12.27,77.90,1,1.000,3,0.006,1,,0
207.82,207.82,UAV-5,SCOUT,ACTIVE,IDLE,2299.0,2357.4,3372.2,30.3,0.17,77.65,1,1.000,3,0.000,1,,0
207.82,207.82,UAV-6,RELAY,ACTIVE,RELAY_HOLD,2540.6,2377.3,3640.0,241.6,0.21,78.92,1,1.000,1,1.000,1,,0
208.82,208.82,UAV-1,RELAY,KILLED,LANDED,2543.6,2398.9,3388.3,0.3,0.00,82.87,0,1.000,1,0.000,1,,0
208.82,208.82,UAV-2,SCOUT,ACTIVE,IDLE,3449.7,2540.0,3520.6,36.4,0.39,76.55,1,1.000,2,0.000,1,,0
208.82,208.82,UAV-3,SCOUT,ACTIVE,TRANSIT,3137.3,2586.4,3516.6,64.3,14.20,77.19,1,1.000,3,0.000,1,,0
208.82,208.82,UAV-4,SCOUT,ACTIVE,TRANSIT,2542.1,2400.8,3452.9,66.2,12.57,77.78,1,1.000,3,0.014,1,,0
208.82,208.82,UAV-5,SCOUT,ACTIVE,IDLE,2299.0,2357.3,3372.3,30.3,0.12,77.56,1,1.000,3,0.000,1,,0
208.82,208.82,UAV-6,RELAY,ACTIVE,RELAY_HOLD,2540.4,2377.2,3640.0,241.6,0.23,78.82,1,1.000,1,1.000,1,,0
209.82,209.82,UAV-1,RELAY,KILLED,LANDED,2543.6,2398.9,3388.3,0.3,0.00,82.87,0,1.000,1,0.000,1,,0
209.82,209.82,UAV-2,SCOUT,ACTIVE,IDLE,3450.0,2540.0,3520.6,36.4,0.27,76.45,1,1.000,2,0.000,1,,0
209.82,209.82,UAV-3,SCOUT,ACTIVE,TRANSIT,3123.5,2584.0,3519.1,67.6,14.11,77.06,1,1.000,3,0.000,1,,0
209.82,209.82,UAV-4,SCOUT,ACTIVE,TRANSIT,2530.3,2396.9,3450.4,65.2,12.74,77.66,1,1.000,3,0.045,1,,0
209.82,209.82,UAV-5,SCOUT,ACTIVE,IDLE,2299.1,2357.3,3372.4,30.3,0.08,77.47,1,1.000,3,0.000,1,,0
209.82,209.82,UAV-6,RELAY,ACTIVE,RELAY_HOLD,2540.5,2377.0,3640.1,241.6,0.18,78.73,1,1.000,1,1.000,1,,0
210.82,210.82,UAV-1,RELAY,KILLED,LANDED,2543.6,2398.9,3388.3,0.3,0.00,82.87,0,1.000,1,0.000,1,,0
210.82,210.82,UAV-2,SCOUT,ACTIVE,IDLE,3450.2,2540.0,3520.7,36.4,0.20,76.36,0,0.000,0,0.000,1,,0
210.82,210.82,UAV-3,SCOUT,ACTIVE,TRANSIT,3109.8,2582.0,3521.2,70.1,13.89,76.94,0,0.000,0,0.000,1,,0
210.82,210.82,UAV-4,SCOUT,ACTIVE,TRANSIT,2518.3,2393.3,3448.1,65.3,12.80,77.54,0,0.000,0,0.000,1,,0
210.82,210.82,UAV-5,SCOUT,ACTIVE,IDLE,2299.1,2357.2,3372.4,30.3,0.06,77.37,0,0.000,0,0.000,1,,0
210.82,210.82,UAV-6,RELAY,ACTIVE,RELAY_HOLD,2539.7,2377.4,3639.8,241.8,1.80,78.63,0,0.000,0,0.000,1,,0
211.82,211.82,UAV-1,RELAY,KILLED,LANDED,2543.6,2398.9,3388.3,0.3,0.00,82.87,0,1.000,1,0.000,1,,0
211.82,211.82,UAV-2,SCOUT,ACTIVE,IDLE,3450.4,2540.0,3520.7,36.4,0.14,76.26,0,0.000,0,0.000,1,,0
211.82,211.82,UAV-3,SCOUT,ACTIVE,TRANSIT,3096.3,2580.1,3522.8,71.7,13.65,76.82,0,0.000,0,0.000,1,,0
211.82,211.82,UAV-4,SCOUT,ACTIVE,TRANSIT,2506.1,2389.9,3446.0,66.5,12.83,77.42,0,0.000,0,0.000,1,,0
211.82,211.82,UAV-5,SCOUT,ACTIVE,IDLE,2299.1,2357.2,3372.5,30.3,0.04,77.28,0,0.000,0,0.000,1,,0
211.82,211.82,UAV-6,RELAY,ACTIVE,RELAY_HOLD,2539.0,2377.7,3639.7,242.2,0.13,78.53,0,0.000,0,0.000,1,,0
212.82,212.82,UAV-1,RELAY,KILLED,LANDED,2543.6,2398.9,3388.3,0.3,0.00,82.87,0,1.000,1,0.000,1,,0
212.82,212.82,UAV-2,SCOUT,ACTIVE,IDLE,3450.5,2540.0,3520.7,36.4,0.09,76.17,0,0.000,0,0.000,1,,0
212.82,212.82,UAV-3,SCOUT,ACTIVE,TRANSIT,3083.1,2578.7,3523.7,72.5,12.22,76.70,0,0.000,0,0.000,1,,0
212.82,212.82,UAV-4,SCOUT,ACTIVE,TRANSIT,2493.7,2386.8,3444.1,67.9,12.94,77.30,0,0.000,0,0.000,1,,0
212.82,212.82,UAV-5,SCOUT,ACTIVE,IDLE,2299.1,2357.1,3372.5,30.3,0.02,77.18,0,0.000,0,0.000,1,,0
212.82,212.82,UAV-6,RELAY,ACTIVE,RELAY_HOLD,2539.0,2377.6,3639.8,242.2,0.08,78.43,0,0.000,0,0.000,1,,0
213.82,213.82,UAV-1,RELAY,KILLED,LANDED,2543.6,2398.9,3388.3,0.3,0.00,82.87,0,1.000,1,0.000,1,,0
213.82,213.82,UAV-2,SCOUT,ACTIVE,IDLE,3450.6,2540.0,3520.7,36.4,0.06,76.08,0,0.000,0,0.000,1,,0
213.82,213.82,UAV-3,SCOUT,ACTIVE,TRANSIT,3072.1,2576.7,3521.1,71.2,11.51,76.58,0,0.000,0,0.000,1,,0
213.82,213.82,UAV-4,SCOUT,ACTIVE,TRANSIT,2481.2,2384.0,3442.4,69.7,12.99,77.18,0,0.000,0,0.000,1,,0
213.82,213.82,UAV-5,SCOUT,ACTIVE,IDLE,2299.1,2357.1,3372.5,30.3,0.02,77.09,0,0.000,0,0.000,1,,0
213.82,213.82,UAV-6,RELAY,ACTIVE,RELAY_HOLD,2538.9,2377.6,3639.8,242.2,0.13,78.34,0,0.000,0,0.000,1,,0
214.82,214.82,UAV-1,RELAY,KILLED,LANDED,2543.6,2398.9,3388.3,0.3,0.00,82.87,0,1.000,1,0.000,1,,0
214.82,214.82,UAV-2,SCOUT,ACTIVE,IDLE,3450.6,2540.0,3520.7,36.4,0.04,75.98,0,0.000,0,0.000,1,,0
214.82,214.82,UAV-3,SCOUT,ACTIVE,TRANSIT,3061.1,2573.4,3518.0,71.7,12.16,76.46,0,0.000,0,0.000,1,,0
214.82,214.82,UAV-4,SCOUT,ACTIVE,TRANSIT,2468.5,2381.4,3440.9,71.6,13.06,77.06,0,0.000,0,0.000,1,,0
214.82,214.82,UAV-5,SCOUT,ACTIVE,IDLE,2299.1,2357.1,3372.5,30.3,0.01,76.99,0,0.000,0,0.000,1,,0
214.82,214.82,UAV-6,RELAY,ACTIVE,RELAY_HOLD,2538.7,2377.6,3639.8,242.3,0.11,78.25,0,0.000,0,0.000,1,,0
215.82,215.82,UAV-1,RELAY,KILLED,LANDED,2543.6,2398.9,3388.3,0.3,0.00,82.87,0,1.000,1,0.000,1,,0
215.82,215.82,UAV-2,STANDBY,RETURNING,RTH,3450.7,2540.0,3520.7,36.4,0.03,75.89,0,0.000,0,0.000,1,,0
215.82,215.82,UAV-3,SCOUT,ACTIVE,TRANSIT,3049.5,2570.1,3515.2,74.8,12.51,76.34,0,0.000,0,0.000,1,,0
215.82,215.82,UAV-4,SCOUT,ACTIVE,TRANSIT,2455.7,2379.1,3439.6,73.8,13.12,76.94,0,0.000,0,0.000,1,,0
215.82,215.82,UAV-5,SCOUT,ACTIVE,IDLE,2299.1,2357.1,3372.5,30.4,0.01,76.90,0,0.000,0,0.000,1,,0
215.82,215.82,UAV-6,RELAY,ACTIVE,RELAY_HOLD,2538.7,2377.6,3639.8,242.3,0.06,78.15,0,0.000,0,0.000,1,,0
216.82,216.82,UAV-1,RELAY,KILLED,LANDED,2543.6,2398.9,3388.3,0.3,0.00,82.87,0,1.000,1,0.000,1,,0
216.82,216.82,UAV-2,STANDBY,RETURNING,RTH,3450.7,2540.0,3526.7,42.3,11.23,75.74,0,0.000,0,0.000,1,,0
216.82,216.82,UAV-3,SCOUT,ACTIVE,TRANSIT,3037.6,2567.0,3512.6,79.4,12.70,76.22,0,0.000,0,0.000,1,,0
216.82,216.82,UAV-4,SCOUT,ACTIVE,TRANSIT,2442.7,2377.1,3438.5,75.3,13.20,76.82,0,0.000,0,0.000,1,,0
216.82,216.82,UAV-5,SCOUT,ACTIVE,IDLE,2299.1,2357.1,3372.5,30.4,0.00,76.81,0,0.000,0,0.000,1,,0
216.82,216.82,UAV-6,RELAY,ACTIVE,RELAY_HOLD,2539.5,2377.5,3640.3,242.4,1.35,78.05,0,0.000,0,0.000,1,,0
217.82,217.82,UAV-1,RELAY,KILLED,LANDED,2543.6,2398.9,3388.3,0.3,0.00,82.87,0,1.000,1,0.000,1,,0
217.82,217.82,UAV-2,STANDBY,RETURNING,RTH,3451.0,2540.1,3541.9,57.6,18.40,75.59,0,0.000,0,0.000,1,,0
217.82,217.82,UAV-3,SCOUT,ACTIVE,TRANSIT,3025.4,2564.2,3510.3,83.1,12.77,76.10,0,0.000,0,0.000,1,,0
217.82,217.82,UAV-4,SCOUT,ACTIVE,TRANSIT,2429.6,2375.4,3437.6,76.2,13.23,76.70,0,0.000,0,0.000,1,,0
217.82,217.82,UAV-5,STANDBY,RETURNING,RTH,2299.1,2357.1,3372.5,30.4,0.00,76.71,0,0.000,0,0.000,1,,0
217.82,217.82,UAV-6,RELAY,ACTIVE,RELAY_HOLD,2540.0,2377.4,3640.5,242.4,0.18,77.96,0,0.000,0,0.000,1,,0
218.82,218.82,UAV-1,RELAY,KILLED,LANDED,2543.6,2398.9,3388.3,0.3,0.00,82.87,0,1.000,1,0.000,1,,0
218.82,218.82,UAV-2,STANDBY,RETURNING,RTH,3451.2,2540.1,3561.9,77.5,20.60,75.44,0,0.000,0,0.000,1,,0
218.82,218.82,UAV-3,SCOUT,ACTIVE,TRANSIT,3013.0,2561.7,3508.3,84.2,12.85,75.98,0,0.000,0,0.000,1,,0
218.82,218.82,UAV-4,SCOUT,ACTIVE,TRANSIT,2416.5,2374.0,3436.9,77.4,13.31,76.58,0,0.000,0,0.000,1,,0
218.82,218.82,UAV-5,STANDBY,RETURNING,RTH,2299.1,2357.1,3378.5,36.3,11.23,76.56,0,0.000,0,0.000,1,,0
218.82,218.82,UAV-6,RELAY,ACTIVE,RELAY_HOLD,2540.7,2377.7,3640.9,242.7,1.12,77.86,0,0.000,0,0.000,1,,0
219.82,219.82,UAV-1,RELAY,KILLED,LANDED,2543.6,2398.9,3388.3,0.3,0.00,82.87,0,1.000,1,0.000,1,,0
219.82,219.82,UAV-2,STANDBY,RETURNING,RTH,3451.4,2540.4,3578.3,94.0,10.84,75.32,0,0.000,0,0.000,1,,0
219.82,219.82,UAV-3,SCOUT,ACTIVE,TRANSIT,3000.4,2559.4,3506.5,83.3,12.93,75.86,0,0.000,0,0.000,1,,0
219.82,219.82,UAV-4,SCOUT,ACTIVE,TRANSIT,2403.0,2372.7,3436.7,78.9,13.93,76.46,0,0.000,0,0.000,1,,0
219.82,219.82,UAV-5,STANDBY,RETURNING,RTH,2299.4,2357.2,3393.7,51.5,18.39,76.41,0,0.000,0,0.000,1,,0
219.82,219.82,UAV-6,RELAY,ACTIVE,RELAY_HOLD,2541.3,2377.8,3641.2,242.8,0.53,77.77,0,0.000,0,0.000,1,,0
220.82,220.82,UAV-1,RELAY,KILLED,LANDED,2543.6,2398.9,3388.3,0.3,0.00,82.87,0,1.000,1,0.000,1,,0
220.82,220.82,UAV-2,STANDBY,RETURNING,RTH,3451.2,2541.4,3584.5,100.7,2.65,75.21,0,0.000,0,0.000,1,,0
220.82,220.82,UAV-3,SCOUT,ACTIVE,TRANSIT,2987.7,2557.5,3505.0,81.2,12.96,75.74,0,0.000,0,0.000,1,,0
220.82,220.82,UAV-4,SCOUT,ACTIVE,TRANSIT,2389.6,2369.4,3438.0,80.8,13.90,76.33,0,0.000,0,0.000,1,,0
220.82,220.82,UAV-5,STANDBY,RETURNING,RTH,2299.6,2357.2,3413.6,71.4,20.60,76.27,0,0.000,0,0.000,1,,0
220.82,220.82,UAV-6,RELAY,ACTIVE,RELAY_HOLD,2541.7,2377.9,3641.5,243.1,0.50,77.67,0,0.000,0,0.000,1,,0
221.82,221.82,UAV-1,RELAY,KILLED,LANDED,2543.6,2398.9,3388.3,0.3,0.00,82.87,0,1.000,1,0.000,1,,0
221.82,221.82,UAV-2,STANDBY,RETURNING,RTH,3449.7,2543.1,3583.8,100.8,4.43,75.10,0,0.000,0,0.000,1,,0
221.82,221.82,UAV-3,SCOUT,ACTIVE,TRANSIT,2974.9,2555.8,3503.7,78.6,13.03,75.62,0,0.000,0,0.000,1,,0
221.82,221.82,UAV-4,SCOUT,ACTIVE,TRANSIT,2376.4,2365.5,3439.4,83.0,13.79,76.21,0,0.000,0,0.000,1,,0
221.82,221.82,UAV-5,STANDBY,RETURNING,RTH,2299.7,2357.3,3432.7,90.4,14.18,76.14,0,0.000,0,0.000,1,,0
221.82,221.82,UAV-6,RELAY,ACTIVE,RELAY_HOLD,2542.0,2378.2,3641.8,243.5,0.87,77.58,0,0.000,0,0.000,1,,0
222.82,222.82,UAV-1,RELAY,KILLED,LANDED,2543.6,2398.9,3388.3,0.3,0.00,82.87,0,1.000,1,0.000,1,,0
222.82,222.82,UAV-2,STANDBY,RETURNING,RTH,3444.2,2545.1,3581.4,100.3,8.01,74.98,0,0.000,0,0.000,1,,0
222.82,222.82,UAV-3,SCOUT,ACTIVE,TRANSIT,2961.9,2554.4,3502.7,75.7,13.11,75.50,0,0.000,0,0.000,1,,0
222.82,222.82,UAV-4,SCOUT,ACTIVE,TRANSIT,2363.2,2361.6,3440.6,84.3,13.69,76.08,0,0.000,0,0.000,1,,0
222.82,222.82,UAV-5,STANDBY,RETURNING,RTH,2299.8,2358.3,3441.7,99.8,4.81,76.03,0,0.000,0,0.000,1,,0
222.82,222.82,UAV-6,RELAY,ACTIVE,RELAY_HOLD,2542.6,2379.6,3641.7,243.9,2.74,77.48,0,0.000,0,0.000,1,,0
223.82,223.82,UAV-1,RELAY,KILLED,LANDED,2543.6,2398.9,3388.3,0.3,0.00,82.87,0,1.000,1,0.000,1,,0
223.82,223.82,UAV-2,STANDBY,RETURNING,RTH,3435.4,2547.0,3579.1,100.2,10.32,74.86,0,0.000,0,0.000,1,,0
223.82,223.82,UAV-3,SCOUT,ACTIVE,TRANSIT,2948.8,2553.2,3502.0,72.5,13.25,75.38,0,0.000,0,0.000,1,,0
223.82,223.82,UAV-4,SCOUT,ACTIVE,TRANSIT,2350.6,2357.7,3441.1,85.4,13.51,75.96,0,0.000,0,0.000,1,,0
223.82,223.82,UAV-5,STANDBY,RETURNING,RTH,2299.2,2359.9,3442.4,101.5,3.55,75.91,0,0.000,0,0.000,1,,0
223.82,223.82,UAV-6,RELAY,ACTIVE,RELAY_HOLD,2544.0,2382.6,3640.9,244.2,3.09,77.38,0,0.000,0,0.000,1,,0
224.82,224.82,UAV-1,RELAY,KILLED,LANDED,2543.6,2398.9,3388.3,0.3,0.00,82.87,0,1.000,1,0.000,1,,0
224.82,224.82,UAV-2,STANDBY,RETURNING,RTH,3424.7,2548.6,3576.9,100.3,11.54,74.75,0,0.000,0,0.000,1,,0
224.82,224.82,UAV-3,SCOUT,ACTIVE,TRANSIT,2936.1,2551.8,3501.0,70.7,12.53,75.26,0,0.000,0,0.000,1,,0
224.82,224.82,UAV-4,SCOUT,ACTIVE,TRANSIT,2337.5,2354.0,3442.2,88.6,13.70,75.84,0,0.000,0,0.000,1,,0
224.82,224.82,UAV-5,STANDBY,RETURNING,RTH,2296.2,2362.1,3438.6,99.5,6.93,75.80,0,0.000,0,0.000,1,,0
224.82,224.82,UAV-6,RELAY,ACTIVE,RELAY_HOLD,2544.2,2383.2,3640.9,244.5,1.15,77.28,0,0.000,0,0.000,1,,0
225.82,225.82,UAV-1,RELAY,KILLED,LANDED,2543.6,2398.9,3388.3,0.3,0.00,82.87,0,1.000,1,0.000,1,,0
225.82,225.82,UAV-2,STANDBY,RETURNING,RTH,3413.1,2550.0,3574.8,100.0,12.17,74.63,0,0.000,0,0.000,1,,0
225.82,225.82,UAV-3,SCOUT,ACTIVE,TRANSIT,2923.9,2548.9,3499.7,71.3,12.79,75.14,0,0.000,0,0.000,1,,0
225.82,225.82,UAV-4,SCOUT,ACTIVE,TRANSIT,2324.3,2350.7,3443.2,91.6,13.63,75.72,0,0.000,0,0.000,1,,0
225.82,225.82,UAV-5,STANDBY,RETURNING,RTH,2289.3,2364.4,3434.7,98.0,9.44,75.68,0,0.000,0,0.000,1,,0
225.82,225.82,UAV-6,RELAY,ACTIVE,RELAY_HOLD,2543.9,2382.8,3641.2,244.7,0.68,77.19,0,0.000,0,0.000,1,,0
226.82,226.82,UAV-1,RELAY,KILLED,LANDED,2543.6,2398.9,3388.3,0.3,0.00,82.87,0,1.000,1,0.000,1,,0
226.82,226.82,UAV-2,STANDBY,RETURNING,RTH,3401.0,2551.3,3572.8,98.8,12.54,74.51,0,0.000,0,0.000,1,,0
226.82,226.82,UAV-3,SCOUT,ACTIVE,TRANSIT,2911.4,2545.6,3498.4,73.9,13.02,75.02,0,0.000,0,0.000,1,,0
226.82,226.82,UAV-4,SCOUT,ACTIVE,TRANSIT,2311.0,2347.6,3444.2,94.5,13.60,75.59,0,0.000,0,0.000,1,,0
226.82,226.82,UAV-5,STANDBY,RETURNING,RTH,2279.8,2366.4,3431.0,96.6,11.02,75.56,0,0.000,0,0.000,1,,0
226.82,226.82,UAV-6,RELAY,ACTIVE,RELAY_HOLD,2544.3,2384.2,3640.9,245.0,2.49,77.09,0,0.000,0,0.000,1,,0
227.82,227.82,UAV-1,RELAY,KILLED,LANDED,2543.6,2398.9,3388.3,0.3,0.00,82.87,0,1.000,1,0.000,1,,0
227.82,227.82,UAV-2,STANDBY,RETURNING,RTH,3388.5,2552.5,3570.9,97.1,12.77,74.39,0,0.000,0,0.000,1,,0
227.82,227.82,UAV-3,SCOUT,ACTIVE,TRANSIT,2898.7,2542.5,3497.3,77.7,13.15,74.90,0,0.000,0,0.000,1,,0
227.82,227.82,UAV-4,SCOUT,ACTIVE,TRANSIT,2297.8,2344.8,3445.1,98.3,13.57,75.47,0,0.000,0,0.000,1,,0
227.82,227.82,UAV-5,STANDBY,RETURNING,RTH,2269.0,2368.1,3427.5,95.1,11.90,75.45,0,0.000,0,0.000,1,,0
227.82,227.82,UAV-6,RELAY,ACTIVE,RELAY_HOLD,2545.7,2387.2,3639.8,245.1,4.97,76.98,0,0.000,0,0.000,1,,0
228.82,228.82,UAV-1,RELAY,KILLED,LANDED,2543.6,2398.9,3388.3,0.3,0.00,82.87,0,1.000,1,0.000,1,,0
228.82,228.82,UAV-2,STANDBY,RETURNING,RTH,3375.8,2553.6,3569.2,96.2,12.89,74.27,0,0.000,0,0.000,1,,0
228.82,228.82,UAV-3,SCOUT,ACTIVE,TRANSIT,2885.9,2539.7,3496.3,81.3,13.19,74.78,0,0.000,0,0.000,1,,0
228.82,228.82,UAV-4,SCOUT,ACTIVE,TRANSIT,2284.5,2342.4,3445.8,102.7,13.51,75.35,0,0.000,0,0.000,1,,0
228.82,228.82,UAV-5,STANDBY,RETURNING,RTH,2257.4,2369.7,3424.2,93.3,12.33,75.33,0,0.000,0,0.000,1,,0
228.82,228.82,UAV-6,RELAY,ACTIVE,RELAY_HOLD,2549.0,2393.1,3637.5,245.1,9.06,76.87,0,0.000,0,0.000,1,,0
229.82,229.82,UAV-1,RELAY,KILLED,LANDED,2543.6,2398.9,3388.3,0.3,0.00,82.87,0,1.000,1,0.000,1,,0
229.82,229.82,UAV-2,STANDBY,RETURNING,RTH,3363.0,2554.6,3567.6,95.5,12.97,74.15,0,0.000,0,0.000,1,,0
229.82,229.82,UAV-3,SCOUT,ACTIVE,TRANSIT,2873.0,2537.1,3495.5,82.9,13.22,74.66,0,0.000,0,0.000,1,,0
229.82,229.82,UAV-4,SCOUT,ACTIVE,TRANSIT,2271.2,2340.2,3446.5,104.9,13.44,75.23,0,0.000,0,0.000,1,,0
229.82,229.82,UAV-5,STANDBY,RETURNING,RTH,2245.4,2371.1,3421.1,91.5,12.57,75.21,0,0.000,0,0.000,1,,0
229.82,229.82,UAV-6,RELAY,ACTIVE,RELAY_HOLD,2552.6,2399.6,3635.8,245.8,5.91,76.76,0,0.000,0,0.000,1,,0
230.82,230.82,UAV-1,RELAY,KILLED,LANDED,2543.6,2398.9,3388.3,0.3,0.00,82.87,0,1.000,1,0.000,1,,0
230.82,230.82,UAV-2,STANDBY,RETURNING,RTH,3350.2,2555.6,3566.1,95.6,12.96,74.03,1,1.000,2,0.000,1,,0
230.82,230.82,UAV-3,SCOUT,ACTIVE,TRANSIT,2860.0,2534.7,3494.7,82.7,13.17,74.54,1,1.000,3,0.000,1,,0
230.82,230.82,UAV-4,SCOUT,ACTIVE,TRANSIT,2258.0,2338.3,3447.0,107.3,13.30,75.11,1,1.000,1,1.000,1,,0
230.82,230.82,UAV-5,STANDBY,RETURNING,RTH,2233.2,2372.3,3418.2,89.7,12.64,75.09,1,1.000,3,0.992,1,,0
230.82,230.82,UAV-6,RELAY,ACTIVE,RELAY_HOLD,2553.3,2400.7,3637.1,247.5,3.25,76.62,1,1.000,1,1.000,1,,0
231.82,231.82,UAV-1,RELAY,KILLED,LANDED,2543.6,2398.9,3388.3,0.3,0.00,82.87,0,1.000,1,0.000,1,,0
231.82,231.82,UAV-2,STANDBY,RETURNING,RTH,3337.3,2556.4,3564.7,97.0,12.97,73.92,1,1.000,2,0.000,1,,0
231.82,231.82,UAV-3,SCOUT,ACTIVE,TRANSIT,2847.0,2532.6,3494.0,81.1,13.19,74.42,1,1.000,3,0.000,1,,0
231.82,231.82,UAV-4,SCOUT,ACTIVE,TRANSIT,2244.8,2336.7,3447.4,109.3,13.21,74.99,1,1.000,3,1.000,1,,0
231.82,231.82,UAV-5,STANDBY,RETURNING,RTH,2220.9,2373.5,3415.5,87.6,12.70,74.98,1,1.000,3,0.000,1,,0
231.82,231.82,UAV-6,RELAY,ACTIVE,RELAY_HOLD,2555.8,2402.4,3640.4,251.1,5.54,76.50,1,1.000,1,1.000,1,,0
232.82,232.82,UAV-1,RELAY,KILLED,LANDED,2543.6,2398.9,3388.3,0.3,0.00,82.87,0,1.000,1,0.000,1,,0
232.82,232.82,UAV-2,STANDBY,RETURNING,RTH,3324.4,2557.1,3563.5,98.4,13.03,73.80,1,1.000,2,0.000,1,,0
232.82,232.82,UAV-3,SCOUT,ACTIVE,TRANSIT,2834.0,2530.7,3493.4,78.3,13.27,74.30,1,1.000,3,0.000,1,,0
232.82,232.82,UAV-4,SCOUT,ACTIVE,IDLE,2232.6,2335.7,3447.7,110.7,9.05,74.87,1,1.000,1,1.000,1,,0
232.82,232.82,UAV-5,STANDBY,RETURNING,RTH,2208.4,2374.5,3413.0,85.5,12.81,74.86,1,1.000,3,0.000,1,,0
232.82,232.82,UAV-6,RELAY,ACTIVE,RELAY_HOLD,2560.9,2405.2,3638.7,249.9,8.01,76.37,1,1.000,1,1.000,1,,0
233.82,233.82,UAV-1,RELAY,KILLED,LANDED,2543.6,2398.9,3388.3,0.3,0.00,82.87,0,1.000,1,0.000,1,,0
233.82,233.82,UAV-2,STANDBY,RETURNING,RTH,3311.4,2557.8,3562.5,99.3,13.12,73.68,1,1.000,2,0.000,1,,0
233.82,233.82,UAV-3,SCOUT,ACTIVE,TRANSIT,2820.7,2529.2,3493.0,74.4,13.40,74.18,1,1.000,3,0.000,1,,0
233.82,233.82,UAV-4,SCOUT,ACTIVE,IDLE,2228.2,2335.4,3447.7,111.7,0.74,74.76,1,1.000,3,0.969,1,,0
233.82,233.82,UAV-5,STANDBY,RETURNING,RTH,2195.8,2375.5,3410.7,84.4,12.94,74.74,1,1.000,3,0.000,1,,0
233.82,233.82,UAV-6,RELAY,ACTIVE,RELAY_HOLD,2567.5,2408.1,3630.8,242.5,13.22,76.24,1,1.000,1,1.000,1,,0
234.82,234.82,UAV-1,RELAY,KILLED,LANDED,2543.6,2398.9,3388.3,0.3,0.00,82.87,0,1.000,1,0.000,1,,0
234.82,234.82,UAV-2,STANDBY,RETURNING,RTH,3298.3,2558.4,3561.6,99.9,13.11,73.56,1,1.000,2,0.000,1,,0
234.82,234.82,UAV-3,SCOUT,ACTIVE,TRANSIT,2807.4,2527.9,3492.6,71.6,13.42,74.06,1,1.000,3,0.000,1,,0
234.82,234.82,UAV-4,SCOUT,ACTIVE,IDLE,2228.4,2335.3,3447.6,111.5,0.41,74.66,1,1.000,1,1.000,1,,0
234.82,234.82,UAV-5,STANDBY,RETURNING,RTH,2183.0,2376.3,3408.7,84.9,12.96,74.62,1,1.000,3,0.309,1,,0
234.82,234.82,UAV-6,RELAY,ACTIVE,RELAY_HOLD,2574.9,2411.7,3617.9,230.4,16.94,76.11,1,1.000,1,1.000,1,,0
235.82,235.82,UAV-1,RELAY,KILLED,LANDED,2543.6,2398.9,3388.3,0.3,0.00,82.87,0,1.000,1,0.000,1,,0
235.82,235.82,UAV-2,STANDBY,RETURNING,RTH,3285.2,2559.0,3560.8,100.7,13.14,73.44,1,1.000,2,0.000,1,,0
235.82,235.82,UAV-3,SCOUT,ACTIVE,TRANSIT,2794.8,2526.6,3491.3,71.7,12.07,73.93,1,1.000,3,0.000,1,,0
235.82,235.82,UAV-4,SCOUT,ACTIVE,IDLE,2228.7,2335.2,3447.6,111.4,0.31,74.57,1,1.000,1,1.000,1,,0
235.82,235.82,UAV-5,STANDBY,RETURNING,RTH,2170.2,2377.1,3406.9,86.5,13.00,74.50,1,1.000,3,1.000,1,,0
235.82,235.82,UAV-6,RELAY,ACTIVE,RELAY_HOLD,2583.3,2416.0,3602.9,215.9,18.24,75.98,1,1.000,1,1.000,1,,0
236.82,236.82,UAV-1,RELAY,KILLED,LANDED,2543.6,2398.9,3388.3,0.3,0.00,82.87,0,1.000,1,0.000,1,,0
236.82,236.82,UAV-2,STANDBY,RETURNING,RTH,3272.1,2559.4,3560.2,101.7,13.11,73.32,1,1.000,2,0.000,1,,0
236.82,236.82,UAV-3,SCOUT,ACTIVE,TRANSIT,2783.2,2523.8,3488.9,73.9,12.33,73.81,1,1.000,3,0.000,1,,0
236.82,236.82,UAV-4,SCOUT,ACTIVE,IDLE,2229.0,2335.1,3447.6,111.2,0.23,74.48,1,1.000,1,1.000,1,,0
236.82,236.82,UAV-5,STANDBY,RETURNING,RTH,2157.3,2377.9,3405.3,88.0,12.98,74.38,1,1.000,3,1.000,1,,0
236.82,236.82,UAV-6,RELAY,ACTIVE,RELAY_HOLD,2593.3,2421.8,3588.4,201.9,18.86,75.85,1,1.000,1,1.000,1,,0
237.82,237.82,UAV-1,RELAY,KILLED,LANDED,2543.6,2398.9,3388.3,0.3,0.00,82.87,0,1.000,1,0.000,1,,0
237.82,237.82,UAV-2,STANDBY,RETURNING,RTH,3259.0,2559.7,3559.8,103.2,13.15,73.20,1,1.000,2,0.000,1,,0
237.82,237.82,UAV-3,SCOUT,ACTIVE,TRANSIT,2771.4,2520.5,3486.7,75.9,12.61,73.69,1,1.000,3,0.000,1,,0
237.82,237.82,UAV-4,SCOUT,ACTIVE,IDLE,2229.2,2335.1,3447.6,111.1,0.15,74.38,1,1.000,1,1.000,1,,0
237.82,237.82,UAV-5,STANDBY,RETURNING,RTH,2144.4,2378.5,3404.0,89.1,13.03,74.26,1,1.000,1,1.000,1,,0
237.82,237.82,UAV-6,RELAY,ACTIVE,RELAY_HOLD,2604.6,2428.7,3574.6,189.1,19.35,75.72,1,1.000,3,1.000,1,,0
238.82,238.82,UAV-1,RELAY,KILLED,LANDED,2543.6,2398.9,3388.3,0.3,0.00,82.87,0,1.000,1,0.000,1,,0
238.82,238.82,UAV-2,STANDBY,RETURNING,RTH,3247.0,2559.4,3557.9,103.6,11.89,73.08,1,1.000,2,0.000,1,,0
238.82,238.82,UAV-3,SCOUT,ACTIVE,TRANSIT,2759.2,2517.4,3484.7,76.1,12.81,73.57,1,1.000,3,0.000,1,,0
238.82,238.82,UAV-4,SCOUT,ACTIVE,IDLE,2229.3,2335.0,3447.6,111.1,0.10,74.29,1,1.000,1,1.000,1,,0
238.82,238.82,UAV-5,STANDBY,RETURNING,RTH,2131.4,2379.0,3402.9,90.1,13.14,74.14,1,1.000,3,1.000,1,,0
238.82,238.82,UAV-6,RELAY,ACTIVE,RELAY_HOLD,2616.2,2435.8,3560.4,175.8,20.05,75.61,1,1.000,3,1.000,1,,0
239.82,239.82,UAV-1,RELAY,KILLED,LANDED,2543.6,2398.9,3388.3,0.3,0.00,82.87,0,1.000,1,0.000,1,,0
239.82,239.82,UAV-2,STANDBY,RETURNING,RTH,3235.4,2557.8,3555.4,104.4,12.15,72.96,1,1.000,2,0.000,1,,0
239.82,239.82,UAV-3,SCOUT,ACTIVE,TRANSIT,2746.8,2514.5,3482.9,75.3,12.86,73.45,1,1.000,3,0.000,1,,0
239.82,239.82,UAV-4,SCOUT,ACTIVE,IDLE,2229.4,2335.0,3447.6,111.0,0.08,74.19,1,1.000,3,1.000,1,,0
239.82,239.82,UAV-5,STANDBY,RETURNING,RTH,2118.3,2379.5,3402.0,91.9,13.16,74.02,1,1.000,1,1.000,1,,0
239.82,239.82,UAV-6,RELAY,ACTIVE,RELAY_HOLD,2627.3,2442.1,3544.7,159.2,20.21,75.49,1,1.000,3,0.997,1,,0
240.82,240.82,UAV-1,RELAY,KILLED,LANDED,2543.6,2398.9,3388.3,0.3,0.00,82.87,0,1.000,1,0.000,1,,0
240.82,240.82,UAV-2,STANDBY,RETURNING,RTH,3223.5,2556.1,3553.1,105.8,12.32,72.84,1,1.000,2,0.000,1,,0
240.82,240.82,UAV-3,SCOUT,ACTIVE,TRANSIT,2734.4,2511.9,3481.2,74.5,12.63,73.34,1,1.000,3,0.000,1,,0
240.82,240.82,UAV-4,SCOUT,ACTIVE,IDLE,2229.4,2335.0,3447.6,111.0,0.05,74.10,1,1.000,1,1.000,1,,0
240.82,240.82,UAV-5,STANDBY,RETURNING,RTH,2105.2,2379.8,3401.3,96.2,12.56,73.90,1,1.000,1,1.000,1,,0
240.82,240.82,UAV-6,RELAY,ACTIVE,RELAY_HOLD,2639.0,2448.7,3529.8,141.7,19.85,75.36,1,1.000,3,0.873,1,,0
241.82,241.82,UAV-1,RELAY,KILLED,LANDED,2543.6,2398.9,3388.3,0.3,0.00,82.87,0,1.000,1,0.000,1,,0
241.82,241.82,UAV-2,STANDBY,RETURNING,RTH,3211.4,2554.4,3550.8,106.4,12.45,72.72,1,1.000,2,0.000,1,,0
241.82,241.82,UAV-3,SCOUT,ACTIVE,TRANSIT,2722.2,2509.9,3479.0,73.4,12.78,73.22,1,1.000,3,0.000,1,,0
241.82,241.82,UAV-4,SCOUT,ACTIVE,IDLE,2229.5,2335.0,3447.6,111.0,0.04,74.00,1,1.000,1,1.000,1,,0
241.82,241.82,UAV-5,STANDBY,RETURNING,RTH,2094.4,2380.3,3397.0,96.8,11.55,73.80,1,1.000,1,1.000,1,,0
241.82,241.82,UAV-6,RELAY,ACTIVE,RELAY_HOLD,2652.1,2456.9,3517.6,128.9,19.75,75.23,1,1.000,3,0.734,1,,0
242.82,242.82,UAV-1,RELAY,KILLED,LANDED,2543.6,2398.9,3388.3,0.3,0.00,82.87,0,1.000,1,0.000,1,,0
242.82,242.82,UAV-2,STANDBY,RETURNING,RTH,3199.2,2552.8,3548.8,106.8,12.55,72.60,1,1.000,2,0.000,1,,0
242.82,242.82,UAV-3,SCOUT,ACTIVE,TRANSIT,2709.2,2507.9,3477.8,73.7,13.32,73.10,1,1.000,3,0.000,1,,0
242.82,242.82,UAV-4,SCOUT,ACTIVE,IDLE,2229.5,2335.0,3447.6,111.0,0.03,73.91,1,1.000,1,1.000,1,,0
242.82,242.82,UAV-5,STANDBY,RETURNING,RTH,2084.2,2381.0,3391.3,96.1,11.94,73.68,1,1.000,1,1.000,1,,0
242.82,242.82,UAV-6,RELAY,ACTIVE,RELAY_HOLD,2661.8,2464.9,3511.5,123.5,6.74,75.08,1,1.000,3,0.477,1,,0
243.82,243.82,UAV-1,RELAY,KILLED,LANDED,2543.6,2398.9,3388.3,0.3,0.00,82.87,0,1.000,1,0.000,1,,0
243.82,243.82,UAV-2,STANDBY,RETURNING,RTH,3186.8,2551.3,3546.9,106.4,12.65,72.48,1,1.000,2,0.000,1,,0
243.82,243.82,UAV-3,SCOUT,ACTIVE,TRANSIT,2696.0,2505.9,3477.0,75.2,13.36,72.98,1,1.000,3,0.000,1,,0
243.82,243.82,UAV-4,SCOUT,ACTIVE,IDLE,2229.5,2335.0,3447.6,111.0,0.01,73.81,1,1.000,1,1.000,1,,0
243.82,243.82,UAV-5,STANDBY,RETURNING,RTH,2073.4,2381.8,3385.9,96.8,12.19,73.57,1,1.000,1,1.000,1,,0
243.82,243.82,UAV-6,RELAY,ACTIVE,RELAY_HOLD,2663.5,2465.3,3511.6,123.3,1.85,74.95,1,1.000,3,0.362,1,,0
244.82,244.82,UAV-1,RELAY,KILLED,LANDED,2543.6,2398.9,3388.3,0.3,0.00,82.87,0,1.000,1,0.000,1,,0
244.82,244.82,UAV-2,STANDBY,RETURNING,RTH,3174.4,2549.8,3545.1,104.8,12.63,72.36,1,1.000,2,0.000,1,,0
244.82,244.82,UAV-3,SCOUT,ACTIVE,TRANSIT,2682.8,2504.2,3476.4,76.6,13.28,72.86,1,1.000,3,0.000,1,,0
244.82,244.82,UAV-4,SCOUT,ACTIVE,IDLE,2229.5,2334.9,3447.6,111.0,0.02,73.72,1,1.000,1,1.000,1,,0
244.82,244.82,UAV-5,STANDBY,RETURNING,RTH,2062.3,2382.5,3380.8,96.9,12.23,73.45,1,1.000,1,1.000,1,,0
244.82,244.82,UAV-6,RELAY,ACTIVE,RELAY_HOLD,2661.2,2464.2,3510.5,122.5,4.17,74.83,1,1.000,3,0.552,1,,0
245.82,245.82,UAV-1,RELAY,KILLED,LANDED,2543.6,2398.9,3388.3,0.3,0.00,82.87,0,1.000,1,0.000,1,,0
245.82,245.82,UAV-2,STANDBY,RETURNING,RTH,3161.9,2548.5,3543.4,103.3,12.70,72.25,1,1.000,2,0.000,1,,0
245.82,245.82,UAV-3,SCOUT,ACTIVE,TRANSIT,2669.6,2502.9,3476.0,77.5,13.33,72.74,1,1.000,3,0.000,1,,0
245.82,245.82,UAV-4,SCOUT,ACTIVE,IDLE,2229.6,2334.9,3447.6,111.0,0.00,73.63,1,1.000,1,1.000,1,,0
245.82,245.82,UAV-5,STANDBY,RETURNING,RTH,2051.0,2383.2,3376.1,95.8,12.32,73.33,1,1.000,1,1.000,1,,0
245.82,245.82,UAV-6,RELAY,ACTIVE,RELAY_HOLD,2658.8,2466.3,3506.3,118.8,5.81,74.69,1,1.000,3,0.263,1,,0
246.82,246.82,UAV-1,RELAY,KILLED,LANDED,2543.6,2398.9,3388.3,0.3,0.00,82.87,0,1.000,1,0.000,1,,0
246.82,246.82,UAV-2,STANDBY,RETURNING,RTH,3149.3,2547.2,3541.9,101.3,12.79,72.13,1,1.000,2,0.000,1,,0
246.82,246.82,UAV-3,SCOUT,ACTIVE,TRANSIT,2656.6,2501.6,3475.3,77.6,12.54,72.61,1,1.000,3,0.000,1,,0
246.82,246.82,UAV-4,SCOUT,ACTIVE,IDLE,2229.6,2334.9,3447.6,111.0,0.01,73.53,1,1.000,1,1.000,1,,0
246.82,246.82,UAV-5,STANDBY,RETURNING,RTH,2039.5,2383.8,3371.6,94.6,12.40,73.22,1,1.000,3,1.000,1,,0
246.82,246.82,UAV-6,RELAY,ACTIVE,RELAY_HOLD,2654.0,2471.0,3505.9,118.6,6.71,74.55,1,1.000,3,0.233,1,,0
247.82,247.82,UAV-1,RELAY,KILLED,LANDED,2543.6,2398.9,3388.3,0.3,0.00,82.87,0,1.000,1,0.000,1,,0
247.82,247.82,UAV-2,STANDBY,RETURNING,RTH,3136.7,2546.1,3540.5,99.2,12.75,72.01,1,1.000,2,0.000,1,,0
247.82,247.82,UAV-3,SCOUT,ACTIVE,TRANSIT,2644.5,2499.0,3473.8,77.3,12.56,72.49,1,1.000,3,0.000,1,,0
247.82,247.82,UAV-4,SCOUT,ACTIVE,IDLE,2229.6,2334.9,3447.6,111.0,0.01,73.44,1,1.000,1,1.000,1,,0
247.82,247.82,UAV-5,STANDBY,RETURNING,RTH,2027.8,2384.4,3367.5,93.6,12.38,73.10,1,1.000,3,1.000,1,,0
247.82,247.82,UAV-6,RELAY,ACTIVE,RELAY_HOLD,2646.9,2471.0,3505.7,118.2,8.98,74.41,1,1.000,3,0.445,1,,0
248.82,248.82,UAV-1,RELAY,KILLED,LANDED,2543.6,2398.9,3388.3,0.3,0.00,82.87,0,1.000,1,0.000,1,,0
248.82,248.82,UAV-2,STANDBY,RETURNING,RTH,3124.0,2545.0,3539.3,98.8,12.78,71.89,1,1.000,2,0.000,1,,0
248.82,248.82,UAV-3,SCOUT,ACTIVE,TRANSIT,2632.3,2495.7,3472.5,76.9,12.77,72.37,1,1.000,3,0.004,1,,0
248.82,248.82,UAV-4,SCOUT,ACTIVE,IDLE,2229.6,2334.9,3447.6,110.9,0.01,73.34,1,1.000,1,1.000,1,,0
248.82,248.82,UAV-5,STANDBY,RETURNING,RTH,2016.1,2385.0,3363.6,93.8,12.40,72.98,1,1.000,3,0.958,1,,0
248.82,248.82,UAV-6,RELAY,ACTIVE,RELAY_HOLD,2639.8,2466.4,3507.1,119.4,7.32,74.27,1,1.000,3,0.344,1,,0
249.82,249.82,UAV-1,RELAY,KILLED,LANDED,2543.6,2398.9,3388.3,0.3,0.00,82.87,0,1.000,1,0.000,1,,0
249.82,249.82,UAV-2,STANDBY,RETURNING,RTH,3111.3,2544.0,3538.2,99.7,12.80,71.77,1,1.000,2,0.000,1,,0
249.82,249.82,UAV-3,SCOUT,ACTIVE,TRANSIT,2619.9,2492.6,3471.2,75.4,12.88,72.25,1,1.000,3,0.033,1,,0
249.82,249.82,UAV-4,SCOUT,ACTIVE,IDLE,2229.6,2334.9,3447.6,110.9,0.01,73.25,1,1.000,1,1.000,1,,0
249.82,249.82,UAV-5,STANDBY,RETURNING,RTH,2004.2,2385.5,3360.1,94.4,12.42,72.87,1,1.000,1,1.000,1,,0
249.82,249.82,UAV-6,RELAY,ACTIVE,RELAY_HOLD,2639.3,2461.0,3507.4,120.0,4.81,74.15,1,1.000,3,0.469,1,,0
250.82,250.82,UAV-1,RELAY,KILLED,LANDED,2543.6,2398.9,3388.3,0.3,0.00,82.87,0,1.000,1,0.000,1,,0
250.82,250.82,UAV-2,STANDBY,RETURNING,RTH,3098.5,2543.1,3537.2,101.7,12.89,71.65,1,1.000,2,0.000,1,,0
250.82,250.82,UAV-3,SCOUT,ACTIVE,TRANSIT,2607.4,2489.6,3470.1,74.0,13.01,72.13,1,1.000,3,0.007,1,,0
250.82,250.82,UAV-4,SCOUT,ACTIVE,IDLE,2229.6,2334.9,3447.6,110.9,0.00,73.15,1,1.000,3,1.000,1,,0
250.82,250.82,UAV-5,STANDBY,RETURNING,RTH,1992.2,2386.0,3356.9,92.9,12.52,72.75,1,1.000,1,1.000,1,,0
250.82,250.82,UAV-6,RELAY,ACTIVE,RELAY_HOLD,2642.5,2458.8,3504.4,116.9,4.43,74.01,1,1.000,3,0.253,1,,0
251.82,251.82,UAV-1,RELAY,KILLED,LANDED,2543.6,2398.9,3388.3,0.3,0.00,82.87,0,1.000,1,0.000,1,,0
251.82,251.82,UAV-2,STANDBY,RETURNING,RTH,3085.6,2542.3,3536.3,104.1,12.99,71.53,1,1.000,2,0.000,1,,0
251.82,251.82,UAV-3,SCOUT,ACTIVE,TRANSIT,2594.6,2487.0,3469.1,73.5,13.13,72.01,1,1.000,3,0.000,1,,0
251.82,251.82,UAV-4,SCOUT,ACTIVE,IDLE,2229.6,2334.9,3447.6,110.9,0.01,73.06,1,1.000,1,1.000,1,,0
251.82,251.82,UAV-5,STANDBY,RETURNING,RTH,1979.9,2386.5,3354.0,89.4,12.66,72.63,1,1.000,3,1.000,1,,0
251.82,251.82,UAV-6,RELAY,ACTIVE,RELAY_HOLD,2643.3,2461.2,3503.2,115.7,3.94,73.88,1,1.000,3,0.183,1,,0
252.82,252.82,UAV-1,RELAY,KILLED,LANDED,2543.6,2398.9,3388.3,0.3,0.00,82.87,0,1.000,1,0.000,1,,0
252.82,252.82,UAV-2,STANDBY,RETURNING,RTH,3072.6,2541.6,3535.6,106.3,13.08,71.41,1,1.000,2,0.000,1,,0
252.82,252.82,UAV-3,SCOUT,ACTIVE,TRANSIT,2581.7,2484.5,3468.2,74.0,13.24,71.89,1,1.000,3,0.007,1,,0
252.82,252.82,UAV-4,SCOUT,ACTIVE,IDLE,2229.6,2334.9,3447.6,110.9,0.00,72.96,1,1.000,1,1.000,1,,0
252.82,252.82,UAV-5,STANDBY,RETURNING,RTH,1967.5,2386.9,3351.3,85.1,12.81,72.51,1,1.000,1,1.000,1,,0
252.82,252.82,UAV-6,RELAY,ACTIVE,RELAY_HOLD,2637.8,2462.2,3509.4,121.9,12.46,73.73,1,1.000,3,0.478,1,,0
253.82,253.82,UAV-1,RELAY,KILLED,LANDED,2543.6,2398.9,3388.3,0.3,0.00,82.87,0,1.000,1,0.000,1,,0
253.82,253.82,UAV-2,STANDBY,RETURNING,RTH,3059.6,2541.1,3535.0,108.0,13.09,71.29,1,1.000,2,0.000,1,,0
253.82,253.82,UAV-3,SCOUT,ACTIVE,TRANSIT,2568.6,2482.4,3467.4,74.8,13.25,71.77,1,1.000,3,0.000,1,,0
253.82,253.82,UAV-4,SCOUT,ACTIVE,IDLE,2229.6,2334.9,3447.6,111.0,0.00,72.87,1,1.000,1,1.000,1,,0
253.82,253.82,UAV-5,STANDBY,RETURNING,RTH,1954.8,2387.3,3349.0,81.2,12.88,72.39,1,1.000,3,1.000,1,,0
253.82,253.82,UAV-6,RELAY,ACTIVE,RELAY_HOLD,2632.4,2461.3,3523.9,136.2,18.02,73.58,1,1.000,3,0.984,1,,0
254.82,254.82,UAV-1,RELAY,KILLED,LANDED,2543.6,2398.9,3388.3,0.3,0.00,82.87,0,1.000,1,0.000,1,,0
254.82,254.82,UAV-2,STANDBY,RETURNING,RTH,3046.5,2540.6,3534.6,108.5,13.19,71.17,1,1.000,2,0.000,1,,0
254.82,254.82,UAV-3,SCOUT,ACTIVE,TRANSIT,2555.5,2480.5,3466.7,74.9,13.35,71.65,1,1.000,3,0.038,1,,0
254.82,254.82,UAV-4,SCOUT,ACTIVE,IDLE,2229.6,2334.9,3447.6,111.0,0.01,72.78,1,1.000,1,1.000,1,,0
254.82,254.82,UAV-5,STANDBY,RETURNING,RTH,1942.1,2387.7,3346.9,79.9,13.03,72.27,1,1.000,1,1.000,1,,0
254.82,254.82,UAV-6,RELAY,ACTIVE,RELAY_HOLD,2629.3,2459.2,3537.7,150.2,8.93,73.48,1,1.000,3,0.853,1,,0
255.82,255.82,UAV-1,RELAY,KILLED,LANDED,2543.6,2398.9,3388.3,0.3,0.00,82.87,0,1.000,1,0.000,1,,0
255.82,255.82,UAV-2,STANDBY,RETURNING,RTH,3033.4,2540.0,3534.1,108.6,12.59,71.05,1,1.000,2,0.000,1,,0
255.82,255.82,UAV-3,SCOUT,ACTIVE,TRANSIT,2542.2,2478.8,3466.2,74.7,13.45,71.53,1,1.000,3,0.010,1,,0
255.82,255.82,UAV-4,SCOUT,ACTIVE,IDLE,2229.6,2334.9,3447.6,111.0,0.01,72.68,1,1.000,1,1.000,1,,0
255.82,255.82,UAV-5,STANDBY,RETURNING,RTH,1929.1,2388.0,3345.2,82.1,13.18,72.15,1,1.000,1,1.000,1,,0
255.82,255.82,UAV-6,RELAY,ACTIVE,RELAY_HOLD,2629.1,2458.2,3542.0,154.8,0.94,73.38,1,1.000,3,0.974,1,,0
256.84,256.84,UAV-1,RELAY,KILLED,LANDED,2543.6,2398.9,3388.3,0.3,0.00,82.87,0,1.000,1,0.000,1,,0
256.84,256.84,UAV-2,STANDBY,RETURNING,RTH,3020.9,2537.7,3533.0,107.9,12.61,70.92,1,1.000,2,0.000,1,,0
256.84,256.84,UAV-3,SCOUT,ACTIVE,TRANSIT,2528.5,2477.4,3465.8,74.0,13.51,71.41,1,1.000,3,0.004,1,,0
256.84,256.84,UAV-4,SCOUT,ACTIVE,IDLE,2229.6,2334.9,3447.6,111.0,0.00,72.58,1,1.000,1,1.000,1,,0
256.84,256.84,UAV-5,STANDBY,RETURNING,RTH,1915.7,2388.2,3343.7,87.4,13.25,72.03,1,1.000,3,0.958,1,,0
256.84,256.84,UAV-6,RELAY,ACTIVE,RELAY_HOLD,2630.8,2458.7,3538.8,151.5,6.63,73.26,1,1.000,3,0.999,1,,0
257.86,257.86,UAV-1,RELAY,KILLED,LANDED,2543.6,2398.9,3388.3,0.3,0.00,82.87,0,1.000,1,0.000,1,,0
257.86,257.86,UAV-2,STANDBY,RETURNING,RTH,3008.4,2534.7,3532.0,107.3,12.77,70.80,1,1.000,2,0.000,1,,0
257.86,257.86,UAV-3,SCOUT,ACTIVE,TRANSIT,2515.1,2476.2,3465.1,72.2,12.59,71.28,1,1.000,3,0.058,1,,0
257.86,257.86,UAV-4,SCOUT,ACTIVE,IDLE,2229.6,2334.9,3447.6,111.0,0.01,72.49,1,1.000,1,1.000,1,,0
257.86,257.86,UAV-5,STANDBY,RETURNING,RTH,1902.2,2388.5,3342.5,94.5,13.25,71.91,1,1.000,3,1.000,1,,0
257.86,257.86,UAV-6,RELAY,ACTIVE,RELAY_HOLD,2634.0,2459.4,3537.5,150.2,3.83,73.12,1,1.000,3,0.916,1,,0
258.88,258.88,UAV-1,RELAY,KILLED,LANDED,2543.6,2398.9,3388.3,0.3,0.00,82.87,0,1.000,1,0.000,1,,0
258.88,258.88,UAV-2,STANDBY,RETURNING,RTH,2995.7,2531.6,3531.1,107.0,12.86,70.67,1,1.000,2,0.000,1,,0
258.88,258.88,UAV-3,SCOUT,ACTIVE,TRANSIT,2502.7,2473.5,3463.6,71.3,12.69,71.16,1,1.000,3,0.087,1,,0
258.88,258.88,UAV-4,SCOUT,ACTIVE,IDLE,2229.6,2334.9,3447.6,111.0,0.00,72.39,1,1.000,1,1.000,1,,0
258.88,258.88,UAV-5,STANDBY,RETURNING,RTH,1888.7,2388.7,3341.6,101.3,13.28,71.79,1,1.000,3,1.000,1,,0
258.88,258.88,UAV-6,RELAY,ACTIVE,RELAY_HOLD,2635.7,2458.8,3539.0,151.7,1.62,73.03,1,1.000,3,0.901,1,,0
259.90,259.90,UAV-1,RELAY,KILLED,LANDED,2543.6,2398.9,3388.3,0.3,0.00,82.87,0,1.000,1,0.000,1,,0
259.90,259.90,UAV-2,STANDBY,RETURNING,RTH,2982.9,2528.7,3530.2,106.4,12.90,70.55,1,1.000,2,0.000,1,,0
259.90,259.90,UAV-3,SCOUT,ACTIVE,TRANSIT,2490.1,2470.2,3462.1,72.1,12.93,71.04,1,1.000,3,0.123,1,,0
259.90,259.90,UAV-4,SCOUT,ACTIVE,IDLE,2229.6,2334.9,3447.6,111.0,0.00,72.30,1,1.000,1,1.000,1,,0
259.90,259.90,UAV-5,STANDBY,RETURNING,RTH,1876.5,2389.8,3339.4,103.5,11.61,71.66,1,1.000,3,0.960,1,,0
259.90,259.90,UAV-6,RELAY,ACTIVE,RELAY_HOLD,2638.0,2458.7,3537.9,150.5,2.17,72.93,1,1.000,3,0.927,1,,0
260.92,260.92,UAV-1,RELAY,KILLED,LANDED,2543.6,2398.9,3388.3,0.3,0.00,82.87,0,1.000,1,0.000,1,,0
260.92,260.92,UAV-2,STANDBY,RETURNING,RTH,2970.1,2525.9,3529.4,105.3,12.94,70.43,1,1.000,2,0.000,1,,0
260.92,260.92,UAV-3,SCOUT,ACTIVE,TRANSIT,2477.3,2467.0,3460.8,74.5,13.06,70.91,1,1.000,3,0.277,1,,0
260.92,260.92,UAV-4,SCOUT,ACTIVE,IDLE,2229.6,2334.9,3447.6,111.0,0.00,72.20,1,1.000,1,1.000,1,,0
260.92,260.92,UAV-5,STANDBY,RETURNING,RTH,1865.9,2394.4,3336.4,101.6,12.16,71.52,1,1.000,3,1.000,1,,0
260.92,260.92,UAV-6,RELAY,ACTIVE,RELAY_HOLD,2639.2,2458.9,3534.7,147.2,5.23,72.82,1,1.000,3,0.996,1,,0
261.94,261.94,UAV-1,RELAY,KILLED,LANDED,2543.6,2398.9,3388.3,0.3,0.00,82.87,0,1.000,1,0.000,1,,0
261.94,261.94,UAV-2,STANDBY,RETURNING,RTH,2957.1,2523.2,3528.6,103.5,13.00,70.31,1,1.000,2,0.000,1,,0
261.94,261.94,UAV-3,SCOUT,ACTIVE,TRANSIT,2464.3,2464.0,3459.6,77.3,13.14,70.79,1,1.000,3,0.384,1,,0
261.94,261.94,UAV-4,SCOUT,ACTIVE,IDLE,2229.6,2334.9,3447.6,111.0,0.00,72.10,1,1.000,1,1.000,1,,0
261.94,261.94,UAV-5,STANDBY,RETURNING,RTH,1855.8,2401.9,3333.5,95.9,13.07,71.38,1,1.000,3,1.000,1,,0
261.94,261.94,UAV-6,RELAY,ACTIVE,RELAY_HOLD,2641.8,2458.4,3530.6,143.1,5.93,72.71,1,1.000,3,1.000,1,,0
262.96,262.96,UAV-1,RELAY,KILLED,LANDED,2543.6,2398.9,3388.3,0.3,0.00,82.87,0,1.000,1,0.000,1,,0
262.96,262.96,UAV-2,STANDBY,RETURNING,RTH,2944.1,2520.7,3527.9,102.2,12.99,70.18,1,1.000,2,0.000,1,,0
262.96,262.96,UAV-3,SCOUT,ACTIVE,TRANSIT,2451.3,2461.3,3458.5,78.3,13.14,70.67,1,1.000,3,0.411,1,,0
262.96,262.96,UAV-4,SCOUT,ACTIVE,IDLE,2229.6,2334.9,3447.6,111.0,0.00,72.01,1,1.000,1,1.000,1,,0
262.96,262.96,UAV-5,STANDBY,RETURNING,RTH,1846.3,2411.3,3330.7,87.2,13.77,71.24,1,1.000,3,1.000,1,,0
262.96,262.96,UAV-6,RELAY,ACTIVE,RELAY_HOLD,2645.4,2458.4,3521.9,134.2,12.10,72.60,1,1.000,3,0.791,1,,0
263.98,263.98,UAV-1,RELAY,KILLED,LANDED,2543.6,2398.9,3388.3,0.3,0.00,82.87,0,1.000,1,0.000,1,,0
263.98,263.98,UAV-2,STANDBY,RETURNING,RTH,2931.1,2518.3,3527.2,100.7,13.00,70.06,1,1.000,2,0.000,1,,0
263.98,263.98,UAV-3,SCOUT,ACTIVE,TRANSIT,2438.1,2458.8,3457.5,76.3,13.17,70.55,1,1.000,3,0.514,1,,0
263.98,263.98,UAV-4,SCOUT,ACTIVE,IDLE,2229.6,2334.9,3447.6,111.0,0.00,71.91,1,1.000,1,1.000,1,,0
263.98,263.98,UAV-5,STANDBY,RETURNING,RTH,1837.2,2422.1,3328.1,78.8,14.32,71.10,1,1.000,4,1.000,1,,0
263.98,263.98,UAV-6,RELAY,ACTIVE,RELAY_HOLD,2649.4,2459.6,3514.3,126.5,2.31,72.46,1,1.000,3,0.568,1,,0
265.00,265.00,UAV-1,RELAY,KILLED,LANDED,2543.6,2398.9,3388.3,0.3,0.00,82.87,0,1.000,1,0.000,1,,0
265.00,265.00,UAV-2,STANDBY,RETURNING,RTH,2918.0,2516.1,3526.6,99.9,13.04,69.94,1,1.000,2,0.000,1,,0
265.00,265.00,UAV-3,SCOUT,ACTIVE,TRANSIT,2424.8,2456.6,3456.7,74.1,13.24,70.42,1,1.000,3,0.505,1,,0
265.00,265.00,UAV-4,SCOUT,ACTIVE,IDLE,2229.6,2334.9,3447.6,111.0,0.00,71.81,1,1.000,1,1.000,1,,0
265.00,265.00,UAV-5,STANDBY,RETURNING,RTH,1828.1,2433.5,3325.6,72.4,14.64,70.97,1,1.000,3,0.996,1,,0
265.00,265.00,UAV-6,RELAY,ACTIVE,RELAY_HOLD,2647.3,2457.7,3515.0,127.0,3.30,72.32,1,1.000,3,0.648,1,,0
266.02,266.02,UAV-1,RELAY,KILLED,LANDED,2543.6,2398.9,3388.3,0.3,0.00,82.87,0,1.000,1,0.000,1,,0
266.02,266.02,UAV-2,STANDBY,RETURNING,RTH,2904.9,2514.1,3526.1,99.8,13.03,69.82,1,1.000,2,0.000,1,,0
266.02,266.02,UAV-3,SCOUT,ACTIVE,TRANSIT,2411.5,2454.7,3456.0,75.0,13.25,70.30,1,1.000,3,0.763,1,,0
266.02,266.02,UAV-4,SCOUT,ACTIVE,IDLE,2229.6,2334.9,3447.6,111.0,0.01,71.72,1,1.000,1,1.000,1,,0
266.02,266.02,UAV-5,STANDBY,RETURNING,RTH,1819.0,2445.2,3323.2,65.3,14.74,70.83,1,1.000,3,1.000,1,,0
266.02,266.02,UAV-6,RELAY,ACTIVE,RELAY_HOLD,2646.9,2457.4,3514.9,126.8,0.51,72.22,1,1.000,3,0.681,1,,0
267.04,267.04,UAV-1,RELAY,KILLED,LANDED,2543.6,2398.9,3388.3,0.3,0.00,82.87,0,1.000,1,0.000,1,,0
267.04,267.04,UAV-2,STANDBY,RETURNING,RTH,2891.7,2512.2,3525.6,99.5,13.06,69.69,1,1.000,2,0.000,1,,0
267.04,267.04,UAV-3,SCOUT,ACTIVE,TRANSIT,2398.1,2453.0,3455.5,79.6,13.29,70.18,1,1.000,3,0.910,1,,0
267.04,267.04,UAV-4,SCOUT,ACTIVE,IDLE,2229.6,2334.9,3447.6,111.0,0.00,71.62,1,1.000,1,1.000,1,,0
267.04,267.04,UAV-5,STANDBY,RETURNING,RTH,1809.6,2456.7,3320.9,60.7,14.74,70.70,1,1.000,1,1.000,1,,0
267.04,267.04,UAV-6,RELAY,ACTIVE,RELAY_HOLD,2646.7,2457.5,3516.4,128.4,2.70,72.11,1,1.000,3,0.664,1,,0
268.06,268.06,UAV-1,RELAY,KILLED,LANDED,2543.6,2398.9,3388.3,0.3,0.00,82.87,0,1.000,1,0.000,1,,0
268.06,268.06,UAV-2,STANDBY,RETURNING,RTH,2878.5,2510.5,3525.2,99.6,13.11,69.57,1,1.000,2,0.000,1,,0
268.06,268.06,UAV-3,SCOUT,ACTIVE,TRANSIT,2384.5,2451.7,3455.1,84.8,13.34,70.06,1,1.000,3,0.995,1,,0
268.06,268.06,UAV-4,SCOUT,ACTIVE,IDLE,2229.6,2334.9,3447.6,111.0,0.00,71.53,1,1.000,1,1.000,1,,0
268.06,268.06,UAV-5,STANDBY,RETURNING,RTH,1799.9,2467.9,3318.8,61.4,14.72,70.58,1,1.000,1,1.000,1,,0
268.06,268.06,UAV-6,RELAY,ACTIVE,RELAY_HOLD,2647.2,2457.3,3515.7,127.6,3.48,71.97,1,1.000,3,0.558,1,,0
269.08,269.08,UAV-1,RELAY,KILLED,LANDED,2543.6,2398.9,3388.3,0.3,0.00,82.87,0,1.000,1,0.000,1,,0
269.08,269.08,UAV-2,STANDBY,RETURNING,RTH,2865.2,2509.0,3524.8,100.6,13.17,69.45,1,1.000,2,0.000,1,,0
269.08,269.08,UAV-3,SCOUT,ACTIVE,TRANSIT,2370.7,2450.1,3455.4,90.8,13.91,69.93,1,1.000,3,0.988,1,,0
269.08,269.08,UAV-4,SCOUT,ACTIVE,IDLE,2229.6,2334.9,3447.6,111.0,0.00,71.43,1,1.000,1,1.000,1,,0
269.08,269.08,UAV-5,STANDBY,RETURNING,RTH,1789.8,2478.9,3316.8,64.0,14.69,70.45,1,1.000,1,1.000,1,,0
269.08,269.08,UAV-6,RELAY,ACTIVE,RELAY_HOLD,2649.4,2462.2,3514.5,127.1,5.22,71.85,1,1.000,3,0.597,1,,0
270.10,270.10,UAV-1,RELAY,KILLED,LANDED,2543.6,2398.9,3388.3,0.3,0.00,82.87,0,1.000,1,0.000,1,,0
270.10,270.10,UAV-2,STANDBY,RETURNING,RTH,2851.8,2507.6,3524.5,102.9,13.12,69.33,0,0.490,0,0.000,1,,0
270.10,270.10,UAV-3,SCOUT,ACTIVE,TRANSIT,2357.0,2447.0,3456.6,97.5,13.76,69.80,1,0.671,1,0.671,1,,0
270.10,270.10,UAV-4,SCOUT,ACTIVE,IDLE,2229.6,2334.9,3447.6,111.0,0.00,71.33,1,0.700,1,0.700,1,,0
270.10,270.10,UAV-5,STANDBY,RETURNING,RTH,1779.5,2489.5,3314.9,65.7,14.57,70.32,1,0.700,1,0.700,1,,0
270.10,270.10,UAV-6,RELAY,ACTIVE,RELAY_HOLD,2647.9,2462.4,3514.4,127.0,5.99,71.71,0,0.490,0,0.324,1,,0
271.12,271.12,UAV-1,RELAY,KILLED,LANDED,2543.6,2398.9,3388.3,0.3,0.00,82.87,0,1.000,1,0.000,1,,0
271.12,271.12,UAV-2,STANDBY,RETURNING,RTH,2838.6,2506.5,3524.2,105.2,13.05,69.20,0,0.490,0,0.000,1,,0
271.12,271.12,UAV-3,SCOUT,ACTIVE,TRANSIT,2343.5,2443.8,3457.8,102.4,13.56,69.68,1,0.700,1,0.671,1,,0
271.12,271.12,UAV-4,SCOUT,ACTIVE,IDLE,2229.6,2334.9,3447.6,111.0,0.01,71.24,1,0.700,1,0.700,1,,0
271.12,271.12,UAV-5,STANDBY,RETURNING,RTH,1769.0,2499.7,3313.2,68.0,14.42,70.19,1,0.700,1,0.700,1,,0
271.12,271.12,UAV-6,RELAY,ACTIVE,RELAY_HOLD,2648.8,2458.3,3520.8,132.8,7.85,71.57,1,0.542,1,0.543,1,,0
272.14,272.14,UAV-1,RELAY,KILLED,LANDED,2543.6,2398.9,3388.3,0.3,0.00,82.87,0,1.000,1,0.000,1,,0
272.14,272.14,UAV-2,STANDBY,RETURNING,RTH,2825.3,2505.6,3524.0,105.8,13.01,69.08,0,0.490,0,0.000,1,,0
272.14,272.14,UAV-3,SCOUT,ACTIVE,TRANSIT,2330.2,2440.7,3458.8,104.3,13.41,69.55,1,0.700,1,0.700,1,,0
272.14,272.14,UAV-4,SCOUT,ACTIVE,IDLE,2229.6,2334.9,3447.6,110.9,0.01,71.14,1,0.700,1,0.700,1,,0
272.14,272.14,UAV-5,STANDBY,RETURNING,RTH,1758.3,2509.6,3311.6,71.4,14.27,70.07,1,0.700,1,0.700,1,,0
272.14,272.14,UAV-6,RELAY,ACTIVE,RELAY_HOLD,2651.5,2458.4,3529.0,140.7,12.68,71.42,1,0.620,1,0.674,1,,0
273.16,273.16,UAV-1,RELAY,KILLED,LANDED,2543.6,2398.9,3388.3,0.3,0.00,82.87,0,1.000,1,0.000,1,,0
273.16,273.16,UAV-2,STANDBY,RETURNING,RTH,2812.6,2504.8,3523.2,105.0,11.51,68.95,0,0.490,0,0.001,1,,0
273.16,273.16,UAV-3,SCOUT,ACTIVE,TRANSIT,2316.8,2437.8,3459.7,103.4,13.37,69.43,1,0.700,1,0.700,1,,0
273.16,273.16,UAV-4,SCOUT,ACTIVE,IDLE,2229.6,2334.9,3447.6,110.9,0.00,71.04,1,0.700,1,0.700,1,,0
273.16,273.16,UAV-5,STANDBY,RETURNING,RTH,1747.3,2519.0,3310.1,73.8,14.21,69.94,1,0.700,1,0.700,1,,0
273.16,273.16,UAV-6,RELAY,ACTIVE,RELAY_HOLD,2652.8,2459.5,3538.5,150.5,5.20,71.32,1,0.659,1,0.619,1,,0
274.18,274.18,UAV-1,RELAY,KILLED,LANDED,2543.6,2398.9,3388.3,0.3,0.00,82.87,0,1.000,1,0.000,1,,0
274.18,274.18,UAV-2,STANDBY,RETURNING,RTH,2801.9,2501.8,3520.3,103.5,11.39,68.82,0,0.490,0,0.000,1,,0
274.18,274.18,UAV-3,SCOUT,ACTIVE,TRANSIT,2303.5,2435.1,3460.6,103.6,13.34,69.30,1,0.700,1,0.698,1,,0
274.18,274.18,UAV-4,SCOUT,ACTIVE,IDLE,2229.6,2334.9,3447.6,110.9,0.00,70.95,1,0.700,1,0.700,1,,0
274.18,274.18,UAV-5,STANDBY,RETURNING,RTH,1736.0,2527.9,3308.7,75.7,14.11,69.82,1,0.700,1,0.700,1,,0
274.18,274.18,UAV-6,RELAY,ACTIVE,RELAY_HOLD,2653.3,2460.3,3539.6,151.7,2.64,71.20,1,0.669,1,0.653,1,,0
275.20,275.20,UAV-1,RELAY,KILLED,LANDED,2543.6,2398.9,3388.3,0.3,0.00,82.87,0,1.000,1,0.000,1,,0
275.20,275.20,UAV-2,STANDBY,RETURNING,RTH,2791.5,2496.7,3517.4,103.0,12.04,68.69,0,0.490,0,0.000,1,,0
275.20,275.20,UAV-3,SCOUT,ACTIVE,TRANSIT,2290.2,2432.7,3461.3,107.0,13.29,69.18,1,0.700,1,0.700,1,,0
275.20,275.20,UAV-4,SCOUT,ACTIVE,IDLE,2229.6,2334.9,3447.6,110.9,0.00,70.85,1,0.700,1,0.700,1,,0
275.20,275.20,UAV-5,STANDBY,RETURNING,RTH,1724.3,2536.1,3307.6,77.7,14.00,69.69,1,0.700,1,0.700,1,,0
275.20,275.20,UAV-6,RELAY,ACTIVE,RELAY_HOLD,2652.1,2459.6,3535.2,147.2,6.30,71.08,1,0.644,1,0.644,1,,0
276.22,276.22,UAV-1,RELAY,KILLED,LANDED,2543.6,2398.9,3388.3,0.3,0.00,82.87,0,1.000,1,0.000,1,,0
276.22,276.22,UAV-2,STANDBY,RETURNING,RTH,2780.7,2490.9,3514.7,103.0,12.39,68.57,0,0.490,0,0.000,1,,0
276.22,276.22,UAV-3,SCOUT,ACTIVE,TRANSIT,2276.8,2430.5,3461.9,110.7,13.26,69.06,1,0.700,1,0.700,1,,0
276.22,276.22,UAV-4,SCOUT,ACTIVE,IDLE,2229.6,2334.9,3447.6,110.9,0.00,70.75,1,0.700,1,0.700,1,,0
276.22,276.22,UAV-5,STANDBY,RETURNING,RTH,1712.3,2543.7,3306.5,81.0,13.91,69.57,1,0.700,1,0.700,1,,0
276.22,276.22,UAV-6,RELAY,ACTIVE,RELAY_HOLD,2649.9,2458.5,3526.5,138.4,11.14,70.96,1,0.642,1,0.573,1,,0
277.24,277.24,UAV-1,RELAY,KILLED,LANDED,2543.6,2398.9,3388.3,0.3,0.00,82.87,0,1.000,1,0.000,1,,0
277.24,277.24,UAV-2,STANDBY,RETURNING,RTH,2769.7,2485.2,3512.2,101.6,12.52,68.44,0,0.490,0,0.013,1,,0
277.24,277.24,UAV-3,STANDBY,RETURNING,RTH,2263.5,2428.7,3462.5,110.9,13.17,68.93,1,0.700,1,0.700,1,,0
277.24,277.24,UAV-4,SCOUT,ACTIVE,IDLE,2229.6,2334.9,3447.6,110.9,0.00,70.66,1,0.700,1,0.700,1,,0
277.24,277.24,UAV-5,STANDBY,RETURNING,RTH,1700.0,2550.4,3305.7,85.4,13.75,69.45,1,0.700,1,0.700,1,,0
277.24,277.24,UAV-6,RELAY,ACTIVE,RELAY_HOLD,2645.8,2461.4,3521.4,134.0,5.32,70.81,1,0.532,1,0.606,1,,0
278.26,278.26,UAV-1,RELAY,KILLED,LANDED,2543.6,2398.9,3388.3,0.3,0.00,82.87,0,1.000,1,0.000,1,,0
278.26,278.26,UAV-2,STANDBY,RETURNING,RTH,2758.3,2479.6,3509.8,100.5,12.62,68.32,0,0.490,0,0.000,1,,0
278.26,278.26,UAV-3,STANDBY,RETURNING,RTH,2252.6,2426.9,3459.4,106.4,10.83,68.80,1,0.700,1,0.697,1,,0
278.26,278.26,UAV-4,SCOUT,ACTIVE,IDLE,2229.6,2334.9,3447.6,110.9,0.00,70.56,1,0.700,1,0.700,1,,0
278.26,278.26,UAV-5,STANDBY,RETURNING,RTH,1687.3,2556.3,3304.9,90.2,13.62,69.32,1,0.700,1,0.700,1,,0
278.26,278.26,UAV-6,RELAY,ACTIVE,RELAY_HOLD,2643.3,2464.6,3528.3,140.9,11.56,70.65,1,0.631,1,0.638,1,,0
279.28,279.28,UAV-1,RELAY,KILLED,LANDED,2543.6,2398.9,3388.3,0.3,0.00,82.87,0,1.000,1,0.000,1,,0
279.28,279.28,UAV-2,STANDBY,RETURNING,RTH,2746.8,2474.3,3507.6,101.1,12.66,68.20,0,0.490,0,0.016,1,,0
279.28,279.28,UAV-3,STANDBY,RETURNING,RTH,2244.4,2424.2,3452.0,100.0,11.41,68.67,1,0.700,1,0.700,1,,0
279.28,279.28,UAV-4,SCOUT,ACTIVE,IDLE,2229.6,2334.9,3447.6,110.9,0.00,70.47,1,0.671,1,0.700,1,,0
279.28,279.28,UAV-5,STANDBY,RETURNING,RTH,1674.4,2561.0,3304.4,95.4,13.47,69.20,1,0.700,1,0.700,1,,0
279.28,279.28,UAV-6,RELAY,ACTIVE,RELAY_HOLD,2643.1,2462.3,3543.3,155.9,18.20,70.50,1,0.698,1,0.656,1,,0
280.30,280.30,UAV-1,RELAY,KILLED,LANDED,2543.6,2398.9,3388.3,0.3,0.00,82.87,0,1.000,1,0.000,1,,0
280.30,280.30,UAV-2,STANDBY,RETURNING,RTH,2735.1,2469.3,3505.6,101.6,12.67,68.08,0,0.490,0,0.054,1,,0
280.30,280.30,UAV-3,STANDBY,RETURNING,RTH,2236.2,2419.9,3444.5,96.0,11.86,68.55,1,0.680,1,0.680,1,,0
280.30,280.30,UAV-4,SCOUT,ACTIVE,IDLE,2229.6,2334.9,3447.6,110.9,0.01,70.37,1,0.700,1,0.700,1,,0
280.30,280.30,UAV-5,STANDBY,RETURNING,RTH,1661.7,2564.7,3303.3,99.7,11.79,69.08,1,0.700,1,0.700,1,,0
280.30,280.30,UAV-6,RELAY,ACTIVE,RELAY_HOLD,2644.5,2458.9,3558.5,170.8,10.01,70.39,1,0.700,1,0.700,1,,0
281.32,281.32,UAV-1,RELAY,KILLED,LANDED,2543.6,2398.9,3388.3,0.3,0.00,82.87,0,1.000,1,0.000,1,,0
281.32,281.32,UAV-2,STANDBY,RETURNING,RTH,2723.3,2464.5,3503.7,101.9,12.64,67.95,0,0.490,0,0.024,1,,0
281.32,281.32,UAV-3,STANDBY,RETURNING,RTH,2227.3,2415.3,3437.6,93.3,12.03,68.43,1,0.700,1,0.700,1,,0
281.32,281.32,UAV-4,SCOUT,ACTIVE,IDLE,2229.6,2334.9,3447.6,110.9,0.01,70.27,1,0.700,1,0.700,1,,0
281.32,281.32,UAV-5,STANDBY,RETURNING,RTH,1651.6,2569.4,3299.2,99.5,11.90,68.94,1,0.700,1,0.700,1,,0
281.32,281.32,UAV-6,RELAY,ACTIVE,RELAY_HOLD,2645.6,2457.7,3564.1,176.2,4.43,70.25,1,0.671,1,0.696,1,,0
282.34,282.34,UAV-1,RELAY,KILLED,LANDED,2543.6,2398.9,3388.3,0.3,0.00,82.87,0,1.000,1,0.000,1,,0
282.34,282.34,UAV-2,STANDBY,RETURNING,RTH,2711.3,2459.9,3501.9,102.1,12.66,67.83,0,0.490,0,0.026,1,,0
282.34,282.34,UAV-3,STANDBY,RETURNING,RTH,2217.8,2410.9,3431.1,90.9,12.11,68.31,1,0.700,1,0.700,1,,0
282.34,282.34,UAV-4,SCOUT,ACTIVE,IDLE,2229.6,2334.9,3447.6,110.9,0.00,70.18,1,0.700,1,0.700,1,,0
282.34,282.34,UAV-5,STANDBY,RETURNING,RTH,1642.3,2576.8,3295.0,97.6,12.78,68.80,1,0.700,1,0.700,1,,0
282.34,282.34,UAV-6,RELAY,ACTIVE,RELAY_HOLD,2643.7,2459.7,3570.7,183.2,4.81,70.14,1,0.671,1,0.671,1,,0
283.36,283.36,UAV-1,RELAY,KILLED,LANDED,2543.6,2398.9,3388.3,0.3,0.00,82.87,0,1.000,1,0.000,1,,0
283.36,283.36,UAV-2,STANDBY,RETURNING,RTH,2699.2,2455.8,3500.4,102.0,12.69,67.71,0,0.490,0,0.034,1,,0
283.36,283.36,UAV-3,STANDBY,RETURNING,RTH,2207.7,2406.9,3425.1,87.8,12.17,68.19,1,0.700,1,0.700,1,,0
283.36,283.36,UAV-4,SCOUT,ACTIVE,IDLE,2229.6,2334.9,3447.6,110.9,0.01,70.08,1,0.700,1,0.700,1,,0
283.36,283.36,UAV-5,STANDBY,RETURNING,RTH,1633.4,2586.0,3291.0,95.2,13.57,68.66,1,0.700,1,0.700,1,,0
283.36,283.36,UAV-6,RELAY,ACTIVE,RELAY_HOLD,2642.9,2461.2,3571.2,183.8,3.55,70.05,1,0.700,1,0.700,1,,0
284.38,284.38,UAV-1,RELAY,KILLED,LANDED,2543.6,2398.9,3388.3,0.3,0.00,82.87,0,1.000,1,0.000,1,,0
284.38,284.38,UAV-2,STANDBY,RETURNING,RTH,2686.9,2451.9,3498.9,101.4,12.78,67.59,0,0.490,0,0.036,1,,0
284.38,284.38,UAV-3,STANDBY,RETURNING,RTH,2197.2,2403.2,3419.5,84.5,12.28,68.07,1,0.700,1,0.700,1,,0
284.38,284.38,UAV-4,SCOUT,ACTIVE,IDLE,2229.6,2334.9,3447.6,110.9,0.01,69.98,1,0.700,1,0.700,1,,0
284.38,284.38,UAV-5,STANDBY,RETURNING,RTH,1624.9,2596.6,3287.1,92.8,14.17,68.52,1,0.700,1,0.700,1,,0
284.38,284.38,UAV-6,RELAY,ACTIVE,RELAY_HOLD,2642.4,2462.3,3564.7,177.3,9.28,69.95,1,0.700,1,0.671,1,,0
285.40,285.40,UAV-1,RELAY,KILLED,LANDED,2543.6,2398.9,3388.3,0.3,0.00,82.87,0,1.000,1,0.000,1,,0
285.40,285.40,UAV-2,STANDBY,RETURNING,RTH,2674.4,2448.3,3497.6,101.3,12.83,67.46,0,0.490,0,0.035,1,,0
285.40,285.40,UAV-3,STANDBY,RETURNING,RTH,2186.2,2399.8,3414.4,82.1,12.35,67.95,1,0.671,1,0.671,1,,0
285.40,285.40,UAV-4,SCOUT,ACTIVE,IDLE,2229.6,2334.9,3447.6,110.9,0.00,69.89,1,0.700,1,0.700,1,,0
285.40,285.40,UAV-5,STANDBY,RETURNING,RTH,1616.6,2608.2,3283.5,92.5,14.50,68.39,1,0.700,1,0.700,1,,0
285.40,285.40,UAV-6,RELAY,ACTIVE,RELAY_HOLD,2643.3,2462.0,3554.2,166.8,7.28,69.81,1,0.680,1,0.680,1,,0
286.42,286.42,UAV-1,RELAY,KILLED,LANDED,2543.6,2398.9,3388.3,0.3,0.00,82.87,0,1.000,1,0.000,1,,0
286.42,286.42,UAV-2,STANDBY,RETURNING,RTH,2661.7,2445.0,3496.5,101.6,12.86,67.34,0,0.490,0,0.064,1,,0
286.42,286.42,UAV-3,STANDBY,RETURNING,RTH,2174.9,2396.6,3409.7,80.0,12.41,67.83,1,0.700,1,0.700,1,,0
286.42,286.42,UAV-4,SCOUT,ACTIVE,IDLE,2229.6,2334.9,3447.6,110.9,0.00,69.79,1,0.693,1,0.700,1,,0
286.42,286.42,UAV-5,STANDBY,RETURNING,RTH,1608.7,2620.3,3280.0,93.7,14.73,68.25,1,0.700,1,0.700,1,,0
286.42,286.42,UAV-6,RELAY,ACTIVE,RELAY_HOLD,2640.8,2466.0,3552.0,164.4,6.14,69.66,1,0.697,1,0.672,1,,0
287.44,287.44,UAV-1,RELAY,KILLED,LANDED,2543.6,2398.9,3388.3,0.3,0.00,82.87,0,1.000,1,0.000,1,,0
287.44,287.44,UAV-2,STANDBY,RETURNING,RTH,2649.0,2442.1,3495.5,103.0,12.92,67.22,0,0.490,0,0.037,1,,0
287.44,287.44,UAV-3,STANDBY,RETURNING,RTH,2163.3,2393.7,3405.5,78.5,12.51,67.71,1,0.700,1,0.700,1,,0
287.44,287.44,UAV-4,SCOUT,ACTIVE,IDLE,2229.6,2334.9,3447.6,110.9,0.00,69.69,1,0.700,1,0.700,1,,0
287.44,287.44,UAV-5,STANDBY,RETURNING,RTH,1600.8,2632.7,3276.6,92.6,14.85,68.11,1,0.700,1,0.700,1,,0
287.44,287.44,UAV-6,RELAY,ACTIVE,RELAY_HOLD,2640.3,2469.1,3560.8,172.8,13.36,69.51,1,0.658,1,0.679,1,,0
288.46,288.46,UAV-1,RELAY,KILLED,LANDED,2543.6,2398.9,3388.3,0.3,0.00,82.87,0,1.000,1,0.000,1,,0
288.46,288.46,UAV-2,STANDBY,RETURNING,RTH,2636.0,2439.5,3494.7,106.4,12.94,67.10,0,0.490,0,0.082,1,,0
288.46,288.46,UAV-3,STANDBY,RETURNING,RTH,2151.4,2391.1,3401.7,78.8,12.57,67.59,1,0.700,1,0.700,1,,0
288.46,288.46,UAV-4,SCOUT,ACTIVE,IDLE,2229.6,2334.9,3447.6,111.0,0.00,69.60,1,0.700,1,0.700,1,,0
288.46,288.46,UAV-5,STANDBY,RETURNING,RTH,1592.8,2645.2,3273.4,88.5,14.89,67.98,1,0.700,1,0.700,1,,0
288.46,288.46,UAV-6,RELAY,ACTIVE,RELAY_HOLD,2645.5,2468.6,3573.3,185.9,12.55,69.38,1,0.696,1,0.687,1,,0
289.48,289.48,UAV-1,RELAY,KILLED,LANDED,2543.6,2398.9,3388.3,0.3,0.00,82.87,0,1.000,1,0.000,1,,0
289.48,289.48,UAV-2,STANDBY,RETURNING,RTH,2623.0,2437.3,3494.0,108.9,12.99,66.97,0,0.490,0,0.067,1,,0
289.48,289.48,UAV-3,STANDBY,RETURNING,RTH,2139.2,2388.8,3398.3,79.9,12.66,67.47,1,0.700,1,0.700,1,,0
289.48,289.48,UAV-4,SCOUT,ACTIVE,IDLE,2229.6,2334.9,3447.6,111.0,0.00,69.50,1,0.700,1,0.700,1,,0
289.48,289.48,UAV-5,STANDBY,RETURNING,RTH,1584.6,2657.6,3270.4,84.9,14.86,67.84,1,0.700,1,0.700,1,,0
289.48,289.48,UAV-6,RELAY,ACTIVE,RELAY_HOLD,2651.8,2463.3,3581.7,194.3,11.05,69.26,1,0.677,1,0.668,1,,0
290.50,290.50,UAV-1,RELAY,KILLED,LANDED,2543.6,2398.9,3388.3,0.3,0.00,82.87,0,1.000,1,0.000,1,,0
290.50,290.50,UAV-2,STANDBY,RETURNING,RTH,2609.9,2435.5,3493.5,109.1,13.00,66.85,0,0.490,0,0.264,1,,0
290.50,290.50,UAV-3,STANDBY,RETURNING,RTH,2126.7,2386.7,3395.4,80.1,12.72,67.35,1,0.700,1,0.700,1,,0
290.50,290.50,UAV-4,STANDBY,RETURNING,RTH,2229.6,2334.9,3447.6,111.0,0.00,69.41,1,0.700,1,0.700,1,,0
290.50,290.50,UAV-5,STANDBY,RETURNING,RTH,1576.0,2669.7,3267.5,83.5,14.77,67.71,1,0.700,1,0.700,1,,0
290.50,290.50,UAV-6,RELAY,ACTIVE,RELAY_HOLD,2657.0,2456.1,3584.4,194.9,7.94,69.15,1,0.671,1,0.671,1,,0
291.52,291.52,UAV-1,RELAY,KILLED,LANDED,2543.6,2398.9,3388.3,0.3,0.00,82.87,0,1.000,1,0.000,1,,0
291.52,291.52,UAV-2,STANDBY,RETURNING,RTH,2596.8,2434.1,3493.1,108.3,12.39,66.73,0,0.490,0,0.175,1,,0
291.52,291.52,UAV-3,STANDBY,RETURNING,RTH,2114.1,2384.8,3392.9,80.7,12.81,67.23,1,0.700,1,0.700,1,,0
291.52,291.52,UAV-4,STANDBY,RETURNING,RTH,2229.4,2335.5,3444.0,107.7,6.63,69.27,1,0.700,1,0.700,1,,0
291.52,291.52,UAV-5,STANDBY,RETURNING,RTH,1567.2,2681.5,3264.8,83.4,14.65,67.58,1,0.700,1,0.700,1,,0
291.52,291.52,UAV-6,RELAY,ACTIVE,RELAY_HOLD,2660.6,2449.9,3579.7,187.3,9.90,69.04,1,0.693,1,0.700,1,,0
292.54,292.54,UAV-1,RELAY,KILLED,LANDED,2543.6,2398.9,3388.3,0.3,0.00,82.87,0,1.000,1,0.000,1,,0
292.54,292.54,UAV-2,STANDBY,RETURNING,RTH,2585.8,2432.4,3489.5,104.6,11.32,66.60,0,0.490,0,0.300,1,,0
292.54,292.54,UAV-3,STANDBY,RETURNING,RTH,2101.2,2383.2,3390.8,84.1,12.94,67.11,1,0.700,1,0.700,1,,0
292.54,292.54,UAV-4,STANDBY,RETURNING,RTH,2227.1,2338.4,3437.0,102.9,8.78,69.15,1,0.700,1,0.700,1,,0
292.54,292.54,UAV-5,STANDBY,RETURNING,RTH,1558.0,2693.0,3262.3,85.3,14.61,67.45,1,0.700,1,0.700,1,,0
292.54,292.54,UAV-6,RELAY,ACTIVE,RELAY_HOLD,2663.0,2445.0,3569.2,174.0,13.30,68.93,1,0.700,1,0.678,1,,0
293.56,293.56,UAV-1,RELAY,KILLED,LANDED,2543.6,2398.9,3388.3,0.3,0.00,82.87,0,1.000,1,0.000,1,,0
293.56,293.56,UAV-2,STANDBY,RETURNING,RTH,2575.3,2429.3,3485.2,101.4,11.82,66.48,0,0.490,0,0.252,1,,0
293.56,293.56,UAV-3,STANDBY,RETURNING,RTH,2088.2,2381.9,3389.2,90.5,13.05,66.99,1,0.698,1,0.700,1,,0
293.56,293.56,UAV-4,STANDBY,RETURNING,RTH,2221.2,2342.6,3430.4,100.2,10.38,69.03,1,0.700,1,0.700,1,,0
293.56,293.56,UAV-5,STANDBY,RETURNING,RTH,1548.4,2704.2,3260.0,90.4,14.54,67.33,1,0.700,1,0.700,1,,0
293.56,293.56,UAV-6,RELAY,ACTIVE,RELAY_HOLD,2664.7,2441.3,3554.8,157.6,15.75,68.82,1,0.640,1,0.675,1,,0
294.58,294.58,UAV-1,RELAY,KILLED,LANDED,2543.6,2398.9,3388.3,0.3,0.00,82.87,0,1.000,1,0.000,1,,0
294.58,294.58,UAV-2,STANDBY,RETURNING,RTH,2564.3,2425.9,3481.1,99.2,12.10,66.36,0,0.490,0,0.284,1,,0
294.58,294.58,UAV-3,STANDBY,RETURNING,RTH,2074.9,2380.9,3387.9,98.7,13.11,66.86,1,0.700,1,0.700,1,,0
294.58,294.58,UAV-4,STANDBY,RETURNING,RTH,2212.8,2346.6,3424.3,98.7,11.40,68.91,1,0.700,1,0.700,1,,0
294.58,294.58,UAV-5,STANDBY,RETURNING,RTH,1538.5,2714.9,3257.8,92.9,14.41,67.20,1,0.700,1,0.700,1,,0
294.58,294.58,UAV-6,RELAY,ACTIVE,RELAY_HOLD,2666.1,2438.4,3538.3,139.4,17.09,68.70,1,0.671,1,0.693,1,,0
295.60,295.60,UAV-1,RELAY,KILLED,LANDED,2543.6,2398.9,3388.3,0.3,0.00,82.87,0,1.000,1,0.000,1,,0
295.60,295.60,UAV-2,STANDBY,RETURNING,RTH,2552.9,2422.6,3477.3,95.8,12.19,66.24,0,0.490,0,0.281,1,,0
295.60,295.60,UAV-3,STANDBY,RETURNING,RTH,2062.7,2380.6,3385.4,102.5,11.45,66.74,1,0.700,1,0.700,1,,0
295.60,295.60,UAV-4,STANDBY,RETURNING,RTH,2203.0,2350.4,3418.6,97.1,11.92,68.79,1,0.700,1,0.700,1,,0
295.60,295.60,UAV-5,STANDBY,RETURNING,RTH,1528.4,2725.2,3255.8,91.0,14.26,67.07,1,0.700,1,0.700,1,,0
295.60,295.60,UAV-6,RELAY,ACTIVE,RELAY_HOLD,2664.2,2435.1,3526.4,126.6,8.14,68.55,1,0.579,1,0.579,1,,0
296.62,296.62,UAV-1,RELAY,KILLED,LANDED,2543.6,2398.9,3388.3,0.3,0.00,82.87,0,1.000,1,0.000,1,,0
296.62,296.62,UAV-2,STANDBY,RETURNING,RTH,2541.3,2419.6,3473.8,92.8,12.33,66.12,0,0.490,0,0.255,1,,0
296.62,296.62,UAV-3,STANDBY,RETURNING,RTH,2051.8,2381.9,3381.0,101.0,11.88,66.63,1,0.700,1,0.700,1,,0
296.62,296.62,UAV-4,STANDBY,RETURNING,RTH,2192.4,2353.8,3413.3,94.9,12.27,68.67,1,0.700,1,0.700,1,,0
296.62,296.62,UAV-5,STANDBY,RETURNING,RTH,1517.8,2735.0,3254.0,89.1,14.21,66.95,1,0.700,1,0.700,1,,0
296.62,296.62,UAV-6,RELAY,ACTIVE,RELAY_HOLD,2658.6,2435.0,3526.3,128.2,3.95,68.41,1,0.605,1,0.620,1,,0
297.64,297.64,UAV-1,RELAY,KILLED,LANDED,2543.6,2398.9,3388.3,0.3,0.00,82.87,0,1.000,1,0.000,1,,0
297.64,297.64,UAV-2,STANDBY,RETURNING,RTH,2529.5,2416.7,3470.5,90.9,12.39,66.00,0,0.490,0,0.215,1,,0
297.64,297.64,UAV-3,STANDBY,RETURNING,RTH,2040.5,2383.8,3376.7,99.4,12.18,66.51,1,0.700,1,0.700,1,,0
297.64,297.64,UAV-4,STANDBY,RETURNING,RTH,2181.2,2357.0,3408.4,91.7,12.41,68.56,1,0.700,1,0.700,1,,0
297.64,297.64,UAV-5,STANDBY,RETURNING,RTH,1506.8,2744.2,3252.3,89.6,14.07,66.82,1,0.700,1,0.700,1,,0
297.64,297.64,UAV-6,RELAY,ACTIVE,RELAY_HOLD,2658.4,2435.2,3527.7,129.8,0.61,68.32,1,0.637,1,0.661,1,,0
298.66,298.66,UAV-1,RELAY,KILLED,LANDED,2543.6,2398.9,3388.3,0.3,0.00,82.87,0,1.000,1,0.000,1,,0
298.66,298.66,UAV-2,STANDBY,RETURNING,RTH,2517.5,2414.0,3467.5,89.4,12.47,65.88,0,0.490,0,0.231,1,,0
298.66,298.66,UAV-3,STANDBY,RETURNING,RTH,2028.8,2385.6,3372.7,97.9,12.34,66.39,1,0.700,1,0.700,1,,0
298.66,298.66,UAV-4,STANDBY,RETURNING,RTH,2169.8,2360.0,3403.8,88.1,12.50,68.44,1,0.700,1,0.700,1,,0
298.66,298.66,UAV-5,STANDBY,RETURNING,RTH,1495.5,2752.8,3250.9,92.3,13.92,66.70,1,0.700,1,0.700,1,,0
298.66,298.66,UAV-6,RELAY,ACTIVE,RELAY_HOLD,2658.5,2435.2,3527.6,129.7,0.11,68.22,1,0.649,1,0.663,1,,0
299.68,299.68,UAV-1,RELAY,KILLED,LANDED,2543.6,2398.9,3388.3,0.3,0.00,82.87,0,1.000,1,0.000,1,,0
299.68,299.68,UAV-2,STANDBY,RETURNING,RTH,2505.3,2411.5,3464.6,89.6,12.52,65.76,0,0.490,0,0.242,1,,0
299.68,299.68,UAV-3,STANDBY,RETURNING,RTH,2016.8,2387.4,3368.9,97.3,12.41,66.27,1,0.700,1,0.700,1,,0
299.68,299.68,UAV-4,STANDBY,RETURNING,RTH,2158.0,2362.7,3399.6,86.2,12.55,68.32,1,0.700,1,0.700,1,,0
299.68,299.68,UAV-5,STANDBY,RETURNING,RTH,1483.7,2760.4,3249.7,96.8,13.73,66.58,1,0.700,1,0.700,1,,0
299.68,299.68,UAV-6,RELAY,ACTIVE,RELAY_HOLD,2658.4,2435.3,3527.6,129.8,0.08,68.13,1,0.674,1,0.624,1,,0
300.70,300.70,UAV-1,RELAY,KILLED,LANDED,2543.6,2398.9,3388.3,0.3,0.00,82.87,0,1.000,1,0.000,1,,0
300.70,300.70,UAV-2,STANDBY,RETURNING,RTH,2493.0,2409.2,3462.1,89.4,12.59,65.64,0,0.490,0,0.309,1,,0
300.70,300.70,UAV-3,STANDBY,RETURNING,RTH,2004.8,2389.0,3365.4,98.0,12.48,66.15,1,0.700,1,0.700,1,,0
300.70,300.70,UAV-4,STANDBY,RETURNING,RTH,2146.1,2365.3,3395.7,84.4,12.62,68.20,1,0.700,1,0.700,1,,0
300.70,300.70,UAV-5,STANDBY,RETURNING,RTH,1471.6,2767.2,3248.7,101.5,13.56,66.45,1,0.700,1,0.700,1,,0
300.70,300.70,UAV-6,RELAY,ACTIVE,RELAY_HOLD,2658.4,2435.3,3527.7,129.8,0.05,68.03,1,0.620,1,0.620,1,,0
301.72,301.72,UAV-1,RELAY,KILLED,LANDED,2543.6,2398.9,3388.3,0.3,0.00,82.87,0,1.000,1,0.000,1,,0
301.72,301.72,UAV-2,STANDBY,RETURNING,RTH,2480.5,2407.0,3459.7,88.0,12.69,65.52,0,0.490,0,0.216,1,,0
301.72,301.72,UAV-3,STANDBY,RETURNING,RTH,1992.5,2390.5,3362.1,96.4,12.56,66.03,1,0.700,1,0.700,1,,0
301.72,301.72,UAV-4,STANDBY,RETURNING,RTH,2133.9,2367.7,3392.1,82.5,12.72,68.08,1,0.671,1,0.700,1,,0
301.72,301.72,UAV-5,STANDBY,RETURNING,RTH,1459.1,2772.8,3247.9,105.2,13.43,66.33,1,0.700,1,0.700,1,,0
301.72,301.72,UAV-6,RELAY,ACTIVE,RELAY_HOLD,2658.4,2435.3,3527.7,129.8,0.03,67.93,1,0.694,1,0.642,1,,0
302.74,302.74,UAV-1,RELAY,KILLED,LANDED,2543.6,2398.9,3388.3,0.3,0.00,82.87,0,1.000,1,0.000,1,,0
302.74,302.74,UAV-2,STANDBY,RETURNING,RTH,2467.8,2405.1,3457.6,89.8,12.75,65.39,0,0.490,0,0.192,1,,0
302.74,302.74,UAV-3,STANDBY,RETURNING,RTH,1980.1,2392.0,3359.1,92.3,12.62,65.91,1,0.671,1,0.700,1,,0
302.74,302.74,UAV-4,STANDBY,RETURNING,RTH,2121.5,2369.9,3388.9,82.3,12.79,67.96,1,0.700,1,0.700,1,,0
302.74,302.74,UAV-5,STANDBY,RETURNING,RTH,1446.2,2777.2,3247.3,108.1,13.08,66.21,1,0.700,1,0.700,1,,0
302.74,302.74,UAV-6,RELAY,ACTIVE,RELAY_HOLD,2658.3,2435.4,3527.7,129.9,0.03,67.84,1,0.614,1,0.670,1,,0
303.76,303.76,UAV-1,RELAY,KILLED,LANDED,2543.6,2398.9,3388.3,0.3,0.00,82.87,0,1.000,1,0.000,1,,0
303.76,303.76,UAV-2,STANDBY,RETURNING,RTH,2455.1,2403.3,3455.7,94.2,12.83,65.27,0,0.490,0,0.339,1,,0
303.76,303.76,UAV-3,STANDBY,RETURNING,RTH,1967.5,2393.3,3356.4,86.8,12.74,65.79,1,0.700,1,0.700,1,,0
303.76,303.76,UAV-4,STANDBY,RETURNING,RTH,2108.8,2371.9,3386.1,85.3,12.88,67.84,1,0.700,1,0.700,1,,0
303.76,303.76,UAV-5,STANDBY,RETURNING,RTH,1435.2,2781.6,3244.3,106.5,11.90,66.07,1,0.700,1,0.700,1,,0
303.76,303.76,UAV-6,RELAY,ACTIVE,RELAY_HOLD,2658.3,2435.4,3527.7,129.9,0.02,67.74,1,0.596,1,0.603,1,,0
304.78,304.78,UAV-1,RELAY,KILLED,LANDED,2543.6,2398.9,3388.3,0.3,0.00,82.87,0,1.000,1,0.000,1,,0
304.78,304.78,UAV-2,STANDBY,RETURNING,RTH,2442.1,2401.6,3454.0,100.3,12.95,65.15,0,0.490,0,0.303,1,,0
304.78,304.78,UAV-3,STANDBY,RETURNING,RTH,1954.7,2394.6,3353.9,82.0,12.91,65.67,1,0.700,1,0.700,1,,0
304.78,304.78,UAV-4,STANDBY,RETURNING,RTH,2096.0,2373.8,3383.5,89.0,13.01,67.72,1,0.700,1,0.667,1,,0
304.78,304.78,UAV-5,STANDBY,RETURNING,RTH,1425.4,2788.3,3240.5,102.7,12.73,65.94,1,0.700,1,0.700,1,,0
304.78,304.78,UAV-6,RELAY,ACTIVE,RELAY_HOLD,2658.3,2435.4,3527.7,129.9,0.01,67.64,1,0.641,1,0.699,1,,0
305.80,305.80,UAV-1,RELAY,KILLED,LANDED,2543.6,2398.9,3388.3,0.3,0.00,82.87,0,1.000,1,0.000,1,,0
305.80,305.80,UAV-2,STANDBY,RETURNING,RTH,2429.1,2400.2,3452.5,104.9,12.93,65.03,0,0.490,0,0.386,1,,0
305.80,305.80,UAV-3,STANDBY,RETURNING,RTH,1941.8,2395.8,3351.6,80.1,12.96,65.55,1,0.700,1,0.700,1,,0
305.80,305.80,UAV-4,STANDBY,RETURNING,RTH,2083.0,2375.4,3381.4,92.2,13.02,67.59,1,0.672,1,0.672,1,,0
305.80,305.80,UAV-5,STANDBY,RETURNING,RTH,1416.0,2797.2,3236.8,98.9,13.48,65.80,1,0.700,1,0.700,1,,0
305.80,305.80,UAV-6,RELAY,ACTIVE,RELAY_HOLD,2658.3,2435.4,3527.7,129.9,0.01,67.55,1,0.555,1,0.555,1,,0
306.82,306.82,UAV-1,RELAY,KILLED,LANDED,2543.6,2398.9,3388.3,0.3,0.00,82.87,0,1.000,1,0.000,1,,0
306.82,306.82,UAV-2,STANDBY,RETURNING,RTH,2416.0,2398.9,3451.3,106.2,12.86,64.91,0,0.490,0,0.389,1,,0
306.82,306.82,UAV-3,STANDBY,RETURNING,RTH,1928.8,2396.8,3349.5,81.5,12.92,65.42,1,0.700,1,0.700,1,,0
306.82,306.82,UAV-4,STANDBY,RETURNING,RTH,2069.9,2376.8,3379.6,95.4,12.97,67.47,1,0.700,1,0.700,1,,0
306.82,306.82,UAV-5,STANDBY,RETURNING,RTH,1407.2,2807.5,3233.3,96.4,13.99,65.66,1,0.700,1,0.700,1,,0
306.82,306.82,UAV-6,RELAY,ACTIVE,RELAY_HOLD,2658.3,2435.4,3527.7,129.9,0.00,67.45,1,0.669,1,0.613,1,,0
307.84,307.84,UAV-1,RELAY,KILLED,LANDED,2543.6,2398.9,3388.3,0.3,0.00,82.87,0,1.000,1,0.000,1,,0
307.84,307.84,UAV-2,STANDBY,RETURNING,RTH,2403.0,2397.9,3450.3,106.4,12.93,64.79,0,0.490,0,0.303,1,,0
307.84,307.84,UAV-3,STANDBY,RETURNING,RTH,1915.8,2397.8,3347.7,85.8,12.98,65.30,1,0.700,1,0.671,1,,0
307.84,307.84,UAV-4,STANDBY,RETURNING,RTH,2056.8,2378.0,3378.1,97.8,13.04,67.35,1,0.700,1,0.700,1,,0
307.84,307.84,UAV-5,STANDBY,RETURNING,RTH,1398.7,2818.7,3230.0,95.4,14.33,65.52,1,0.700,1,0.700,1,,0
307.84,307.84,UAV-6,RELAY,ACTIVE,RELAY_HOLD,2658.3,2435.4,3527.7,129.9,0.01,67.36,1,0.610,1,0.577,1,,0
308.86,308.86,UAV-1,RELAY,KILLED,LANDED,2543.6,2398.9,3388.3,0.3,0.00,82.87,0,1.000,1,0.000,1,,0
308.86,308.86,UAV-2,STANDBY,RETURNING,RTH,2389.8,2396.9,3449.5,106.5,13.05,64.66,0,0.490,0,0.444,1,,0
308.86,308.86,UAV-3,STANDBY,RETURNING,RTH,1902.6,2398.7,3346.1,92.3,13.05,65.18,1,0.699,1,0.700,1,,0
308.86,308.86,UAV-4,STANDBY,RETURNING,RTH,2043.5,2379.0,3377.0,100.2,13.16,67.23,1,0.700,1,0.700,1,,0
308.86,308.86,UAV-5,STANDBY,RETURNING,RTH,1390.2,2830.3,3226.8,93.3,14.44,65.39,1,0.700,1,0.700,1,,0
308.86,308.86,UAV-6,RELAY,ACTIVE,RELAY_HOLD,2658.3,2435.4,3527.7,129.9,0.00,67.26,1,0.659,1,0.626,1,,0
309.88,309.88,UAV-1,RELAY,KILLED,LANDED,2543.6,2398.9,3388.3,0.3,0.00,82.87,0,1.000,1,0.000,1,,0
309.88,309.88,UAV-2,STANDBY,RETURNING,RTH,2376.5,2396.3,3448.8,106.6,12.45,64.54,0,0.491,0,0.446,1,,0
309.88,309.88,UAV-3,STANDBY,RETURNING,RTH,1889.4,2399.4,3344.8,98.7,13.05,65.06,1,0.700,1,0.700,1,,0
309.88,309.88,UAV-4,STANDBY,RETURNING,RTH,2030.8,2379.9,3375.3,101.9,11.76,67.10,1,0.700,1,0.700,1,,0
309.88,309.88,UAV-5,STANDBY,RETURNING,RTH,1381.4,2841.7,3223.8,88.3,14.44,65.26,1,0.700,1,0.700,1,,0
309.88,309.88,UAV-6,RELAY,ACTIVE,RELAY_HOLD,2658.3,2435.4,3527.7,129.9,0.00,67.16,1,0.699,1,0.626,1,,0
310.90,310.90,UAV-1,RELAY,KILLED,LANDED,2543.6,2398.9,3388.3,0.3,0.00,82.87,0,1.000,1,0.000,1,,0
310.90,310.90,UAV-2,STANDBY,RETURNING,RTH,2364.5,2395.3,3446.5,104.9,12.12,64.42,1,0.595,1,0.595,1,,0
310.90,310.90,UAV-3,STANDBY,RETURNING,RTH,1876.1,2400.1,3343.7,102.8,13.09,64.94,1,0.700,1,0.700,1,,0
310.90,310.90,UAV-4,STANDBY,RETURNING,RTH,2019.6,2382.6,3371.7,101.2,12.09,66.98,1,0.700,1,0.700,1,,0
310.90,310.90,UAV-5,STANDBY,RETURNING,RTH,1372.3,2853.0,3221.0,84.4,14.43,65.13,1,0.700,1,0.700,1,,0
310.90,310.90,UAV-6,RELAY,ACTIVE,RELAY_HOLD,2658.3,2435.4,3527.7,129.9,0.00,67.07,1,0.598,1,0.598,1,,0
311.92,311.92,UAV-1,RELAY,KILLED,LANDED,2543.6,2398.9,3388.3,0.3,0.00,82.87,0,1.000,1,0.000,1,,0
311.92,311.92,UAV-2,STANDBY,RETURNING,RTH,2352.3,2393.8,3443.9,103.9,12.38,64.30,0,0.500,0,0.383,1,,0
311.92,311.92,UAV-3,STANDBY,RETURNING,RTH,1862.8,2400.7,3342.8,105.0,13.16,64.82,1,0.700,1,0.700,1,,0
311.92,311.92,UAV-4,STANDBY,RETURNING,RTH,2008.1,2386.1,3368.2,101.0,12.50,66.86,1,0.700,1,0.698,1,,0
311.92,311.92,UAV-5,STANDBY,RETURNING,RTH,1362.9,2864.0,3218.3,83.4,14.42,65.00,1,0.700,1,0.700,1,,0
311.92,311.92,UAV-6,RELAY,ACTIVE,RELAY_HOLD,2658.3,2435.4,3527.7,129.9,0.00,66.97,1,0.648,1,0.628,1,,0
312.94,312.94,UAV-1,RELAY,KILLED,LANDED,2543.6,2398.9,3388.3,0.3,0.00,82.87,0,1.000,1,0.000,1,,0
312.94,312.94,UAV-2,STANDBY,RETURNING,RTH,2339.9,2392.4,3441.5,103.3,12.55,64.18,1,0.615,1,0.509,1,,0
312.94,312.94,UAV-3,STANDBY,RETURNING,RTH,1849.4,2401.1,3342.1,105.9,12.47,64.69,1,0.700,1,0.700,1,,0
312.94,312.94,UAV-4,STANDBY,RETURNING,RTH,1996.1,2389.7,3364.9,99.2,12.70,66.74,1,0.671,1,0.700,1,,0
312.94,312.94,UAV-5,STANDBY,RETURNING,RTH,1353.1,2874.6,3215.8,84.5,14.38,64.88,1,0.700,1,0.700,1,,0
312.94,312.94,UAV-6,RELAY,ACTIVE,RELAY_HOLD,2658.3,2435.4,3527.7,129.9,0.00,66.87,1,0.639,1,0.607,1,,0
313.96,313.96,UAV-1,RELAY,KILLED,LANDED,2543.6,2398.9,3388.3,0.3,0.00,82.87,0,1.000,1,0.000,1,,0
313.96,313.96,UAV-2,STANDBY,RETURNING,RTH,2327.3,2391.1,3439.3,104.1,12.63,64.06,1,0.597,1,0.619,1,,0
313.96,313.96,UAV-3,STANDBY,RETURNING,RTH,1838.2,2403.1,3339.0,103.0,11.47,64.56,1,0.700,1,0.671,1,,0
313.96,313.96,UAV-4,STANDBY,RETURNING,RTH,1983.9,2393.0,3361.8,95.0,12.78,66.62,1,0.700,1,0.700,1,,0
313.96,313.96,UAV-5,STANDBY,RETURNING,RTH,1343.0,2884.9,3213.5,87.1,14.29,64.75,1,0.700,1,0.700,1,,0
313.96,313.96,UAV-6,RELAY,ACTIVE,RELAY_HOLD,2658.3,2435.4,3527.7,129.9,0.00,66.78,1,0.695,1,0.648,1,,0
314.98,314.98,UAV-1,RELAY,KILLED,LANDED,2543.6,2398.9,3388.3,0.3,0.00,82.87,0,1.000,1,0.000,1,,0
314.98,314.98,UAV-2,STANDBY,RETURNING,RTH,2314.7,2389.8,3437.2,105.5,12.63,63.94,1,0.563,1,0.602,1,,0
314.98,314.98,UAV-3,STANDBY,RETURNING,RTH,1828.0,2408.4,3335.5,101.0,12.21,64.42,1,0.700,1,0.700,1,,0
314.98,314.98,UAV-4,STANDBY,RETURNING,RTH,1971.6,2396.2,3359.0,88.8,12.82,66.50,1,0.700,1,0.700,1,,0
314.98,314.98,UAV-5,STANDBY,RETURNING,RTH,1332.7,2894.9,3211.3,89.3,14.20,64.62,1,0.700,1,0.700,1,,0
314.98,314.98,UAV-6,RELAY,ACTIVE,RELAY_HOLD,2658.3,2435.4,3527.7,129.9,0.00,66.68,1,0.655,1,0.693,1,,0
316.00,316.00,UAV-1,RELAY,KILLED,LANDED,2543.6,2398.9,3388.3,0.3,0.00,82.87,0,1.000,1,0.000,1,,0
316.00,316.00,UAV-2,STANDBY,RETURNING,RTH,2302.0,2388.6,3435.3,103.8,12.64,63.82,1,0.550,1,0.550,1,,0
316.00,316.00,UAV-3,STANDBY,RETURNING,RTH,1818.4,2416.4,3332.2,99.0,13.09,64.28,1,0.700,1,0.700,1,,0
316.00,316.00,UAV-4,STANDBY,RETURNING,RTH,1959.1,2399.2,3356.3,82.3,12.87,66.38,1,0.700,1,0.700,1,,0
316.00,316.00,UAV-5,STANDBY,RETURNING,RTH,1322.0,2904.4,3209.3,91.8,14.11,64.50,1,0.700,1,0.700,1,,0
316.00,316.00,UAV-6,RELAY,ACTIVE,RELAY_HOLD,2658.3,2435.4,3527.7,129.9,0.00,66.58,1,0.620,1,0.620,1,,0
317.02,317.02,UAV-1,RELAY,KILLED,LANDED,2543.6,2398.9,3388.3,0.3,0.00,82.87,0,1.000,1,0.000,1,,0
317.02,317.02,UAV-2,STANDBY,RETURNING,RTH,2289.2,2387.4,3433.5,99.2,12.70,63.70,1,0.629,1,0.621,1,,0
317.02,317.02,UAV-3,STANDBY,RETURNING,RTH,1809.3,2426.1,3329.1,94.4,13.80,64.14,1,0.700,1,0.642,1,,0
317.02,317.02,UAV-4,STANDBY,RETURNING,RTH,1946.5,2402.0,3353.8,78.2,12.95,66.26,1,0.700,1,0.700,1,,0
317.02,317.02,UAV-5,STANDBY,RETURNING,RTH,1311.1,2913.5,3207.4,93.6,14.02,64.37,1,0.700,1,0.700,1,,0
317.02,317.02,UAV-6,RELAY,ACTIVE,RELAY_HOLD,2658.3,2435.4,3527.7,129.9,0.00,66.49,1,0.638,1,0.617,1,,0
318.04,318.04,UAV-1,RELAY,KILLED,LANDED,2543.6,2398.9,3388.3,0.3,0.00,82.87,0,1.000,1,0.000,1,,0
318.04,318.04,UAV-2,STANDBY,RETURNING,RTH,2276.4,2386.4,3431.8,95.1,12.78,63.58,1,0.664,1,0.699,1,,0
318.04,318.04,UAV-3,STANDBY,RETURNING,RTH,1800.5,2437.1,3326.1,86.6,14.27,64.00,1,0.700,1,0.700,1,,0
318.04,318.04,UAV-4,STANDBY,RETURNING,RTH,1933.7,2404.6,3351.5,77.3,13.02,66.14,1,0.700,1,0.700,1,,0
318.04,318.04,UAV-5,STANDBY,RETURNING,RTH,1299.8,2922.1,3205.8,93.0,13.91,64.25,1,0.700,1,0.700,1,,0
318.04,318.04,UAV-6,RELAY,ACTIVE,RELAY_HOLD,2658.3,2435.4,3527.7,129.9,0.00,66.39,1,0.608,1,0.663,1,,0
319.06,319.06,UAV-1,RELAY,KILLED,LANDED,2543.6,2398.9,3388.3,0.3,0.00,82.87,0,1.000,1,0.000,1,,0
319.06,319.06,UAV-2,STANDBY,RETURNING,RTH,2263.4,2385.4,3430.3,94.0,12.84,63.45,1,0.700,1,0.700,1,,0
319.06,319.06,UAV-3,STANDBY,RETURNING,RTH,1792.1,2448.8,3323.2,81.1,14.60,63.86,1,0.675,1,0.700,1,,0
319.06,319.06,UAV-4,STANDBY,RETURNING,RTH,1920.8,2407.0,3349.4,79.1,13.05,66.02,1,0.700,1,0.700,1,,0
319.06,319.06,UAV-5,STANDBY,RETURNING,RTH,1288.2,2930.1,3204.3,91.4,13.81,64.13,1,0.700,1,0.700,1,,0
319.06,319.06,UAV-6,RELAY,ACTIVE,RELAY_HOLD,2658.3,2435.4,3527.7,129.9,0.00,66.30,1,0.700,1,0.644,1,,0
320.08,320.08,UAV-1,RELAY,KILLED,LANDED,2543.6,2398.9,3388.3,0.3,0.00,82.87,0,1.000,1,0.000,1,,0
320.08,320.08,UAV-2,STANDBY,RETURNING,RTH,2250.4,2384.4,3428.9,94.8,12.88,63.33,1,0.700,1,0.700,1,,0
320.08,320.08,UAV-3,STANDBY,RETURNING,RTH,1783.8,2461.0,3320.5,79.0,14.76,63.72,1,0.700,1,0.700,1,,0
320.08,320.08,UAV-4,STANDBY,RETURNING,RTH,1907.8,2409.3,3347.5,83.5,13.06,65.90,1,0.700,1,0.700,1,,0
320.08,320.08,UAV-5,STANDBY,RETURNING,RTH,1276.3,2937.3,3203.0,91.1,13.70,64.00,1,0.700,1,0.700,1,,0
320.08,320.08,UAV-6,RELAY,ACTIVE,RELAY_HOLD,2658.3,2435.4,3527.7,129.9,0.00,66.20,1,0.645,1,0.627,1,,0
321.10,321.10,UAV-1,RELAY,KILLED,LANDED,2543.6,2398.9,3388.3,0.3,0.00,82.87,0,1.000,1,0.000,1,,0
321.10,321.10,UAV-2,STANDBY,RETURNING,RTH,2237.3,2383.6,3427.7,95.6,12.91,63.21,1,0.700,1,0.700,1,,0
321.10,321.10,UAV-3,STANDBY,RETURNING,RTH,1775.4,2473.3,3317.9,78.1,14.77,63.59,1,0.700,1,0.700,1,,0
321.10,321.10,UAV-4,STANDBY,RETURNING,RTH,1894.8,2411.4,3345.8,88.5,13.05,65.78,1,0.700,1,0.700,1,,0
321.10,321.10,UAV-5,STANDBY,RETURNING,RTH,1264.0,2943.8,3201.9,92.7,13.58,63.88,1,0.700,1,0.700,1,,0
321.10,321.10,UAV-6,RELAY,ACTIVE,RELAY_HOLD,2658.3,2435.4,3527.7,129.9,0.00,66.10,1,0.662,1,0.662,1,,0
322.12,322.12,UAV-1,RELAY,KILLED,LANDED,2543.6,2398.9,3388.3,0.3,0.00,82.87,0,1.000,1,0.000,1,,0
322.12,322.12,UAV-2,STANDBY,RETURNING,RTH,2224.2,2382.8,3426.6,95.9,12.93,63.09,1,0.700,1,0.700,1,,0
322.12,322.12,UAV-3,STANDBY,RETURNING,RTH,1766.8,2485.4,3315.4,76.8,14.74,63.46,1,0.700,1,0.700,1,,0
322.12,322.12,UAV-4,STANDBY,RETURNING,RTH,1881.7,2413.3,3344.3,91.7,13.03,65.65,1,0.700,1,0.700,1,,0
322.12,322.12,UAV-5,STANDBY,RETURNING,RTH,1251.5,2949.5,3201.0,94.4,13.47,63.76,1,0.700,1,0.700,1,,0
322.12,322.12,UAV-6,RELAY,ACTIVE,RELAY_HOLD,2658.3,2435.4,3527.7,129.9,0.01,66.01,1,0.695,1,0.614,1,,0
323.14,323.14,UAV-1,RELAY,KILLED,LANDED,2543.6,2398.9,3388.3,0.3,0.00,82.87,0,1.000,1,0.000,1,,0
323.14,323.14,UAV-2,STANDBY,RETURNING,RTH,2211.1,2382.1,3425.7,96.1,12.92,62.97,1,0.700,1,0.700,1,,0
323.14,323.14,UAV-3,STANDBY,RETURNING,RTH,1758.0,2497.3,3313.1,76.5,14.67,63.33,1,0.700,1,0.700,1,,0
323.14,323.14,UAV-4,STANDBY,RETURNING,RTH,1868.6,2415.0,3343.0,92.4,13.01,65.53,1,0.700,1,0.700,1,,0
323.14,323.14,UAV-5,STANDBY,RETURNING,RTH,1238.7,2954.2,3200.2,98.8,13.33,63.64,1,0.700,1,0.700,1,,0
323.14,323.14,UAV-6,RELAY,ACTIVE,RELAY_HOLD,2658.3,2435.4,3527.7,129.9,0.01,65.91,1,0.632,1,0.659,1,,0
324.16,324.16,UAV-1,RELAY,KILLED,LANDED,2543.6,2398.9,3388.3,0.3,0.00,82.87,0,1.000,1,0.000,1,,0
324.16,324.16,UAV-2,STANDBY,RETURNING,RTH,2197.9,2381.5,3424.8,96.9,13.02,62.85,1,0.700,1,0.700,1,,0
324.16,324.16,UAV-3,STANDBY,RETURNING,RTH,1748.8,2508.8,3310.9,76.7,14.67,63.20,1,0.700,1,0.700,1,,0
324.16,324.16,UAV-4,STANDBY,RETURNING,RTH,1855.4,2416.5,3341.9,92.1,13.11,65.41,1,0.700,1,0.700,1,,0
324.16,324.16,UAV-5,STANDBY,RETURNING,RTH,1225.6,2957.8,3199.7,103.2,12.83,63.51,1,0.700,1,0.700,1,,0
324.16,324.16,UAV-6,RELAY,ACTIVE,RELAY_HOLD,2658.3,2435.4,3527.7,129.9,0.00,65.81,1,0.603,1,0.601,1,,0
325.18,325.18,UAV-1,RELAY,KILLED,LANDED,2543.6,2398.9,3388.3,0.3,0.00,82.87,0,1.000,1,0.000,1,,0
325.18,325.18,UAV-2,STANDBY,RETURNING,RTH,2184.6,2381.0,3424.2,98.9,13.10,62.72,1,0.700,1,0.700,1,,0
325.18,325.18,UAV-3,STANDBY,RETURNING,RTH,1739.2,2520.1,3308.9,76.9,14.66,63.07,1,0.700,1,0.700,1,,0
325.18,325.18,UAV-4,STANDBY,RETURNING,RTH,1842.1,2417.8,3340.9,93.2,13.19,65.29,1,0.700,1,0.700,1,,0
325.18,325.18,UAV-5,STANDBY,RETURNING,RTH,1214.3,2962.0,3197.1,103.2,12.12,63.38,1,0.700,1,0.700,1,,0
325.18,325.18,UAV-6,RELAY,ACTIVE,RELAY_HOLD,2658.3,2435.4,3527.7,129.9,0.00,65.72,1,0.660,1,0.496,1,,0
326.20,326.20,UAV-1,RELAY,KILLED,LANDED,2543.6,2398.9,3388.3,0.3,0.00,82.87,0,1.000,1,0.000,1,,0
326.20,326.20,UAV-2,STANDBY,RETURNING,RTH,2171.2,2380.6,3423.6,101.9,13.15,62.60,1,0.700,1,0.700,1,,0
326.20,326.20,UAV-3,STANDBY,RETURNING,RTH,1729.2,2531.0,3307.0,76.4,14.58,62.94,1,0.700,1,0.700,1,,0
326.20,326.20,UAV-4,STANDBY,RETURNING,RTH,1828.7,2418.9,3340.2,99.7,13.22,65.17,1,0.700,1,0.700,1,,0
326.20,326.20,UAV-5,STANDBY,RETURNING,RTH,1204.0,2968.8,3194.0,102.9,12.88,63.24,1,0.700,1,0.700,1,,0
326.20,326.20,UAV-6,RELAY,ACTIVE,RELAY_HOLD,2658.3,2435.4,3527.7,129.9,0.00,65.62,1,0.571,1,0.571,1,,0
327.22,327.22,UAV-1,RELAY,KILLED,LANDED,2543.6,2398.9,3388.3,0.3,0.00,82.87,0,1.000,1,0.000,1,,0
327.22,327.22,UAV-2,STANDBY,RETURNING,RTH,2157.8,2380.3,3423.3,104.9,12.86,62.48,1,0.700,1,0.700,1,,0
327.22,327.22,UAV-3,STANDBY,RETURNING,RTH,1718.8,2541.5,3305.2,76.7,14.46,62.81,1,0.700,1,0.700,1,,0
327.22,327.22,UAV-4,STANDBY,RETURNING,RTH,1815.3,2419.7,3339.6,106.3,12.42,65.04,1,0.700,1,0.697,1,,0
327.22,327.22,UAV-5,STANDBY,RETURNING,RTH,1193.7,2976.9,3191.2,102.4,13.34,63.12,1,0.700,1,0.700,1,,0
327.22,327.22,UAV-6,RELAY,ACTIVE,RELAY_HOLD,2658.3,2435.4,3527.7,129.9,0.00,65.53,1,0.636,1,0.664,1,,0
328.24,328.24,UAV-1,RELAY,KILLED,LANDED,2543.6,2398.9,3388.3,0.3,0.00,82.87,0,1.000,1,0.000,1,,0
328.24,328.24,UAV-2,STANDBY,RETURNING,RTH,2146.8,2380.2,3419.3,103.4,11.32,62.37,1,0.700,1,0.700,1,,0
328.24,328.24,UAV-3,STANDBY,RETURNING,RTH,1708.2,2551.5,3303.7,78.1,14.34,62.69,1,0.700,1,0.700,1,,0
328.24,328.24,UAV-4,STANDBY,RETURNING,RTH,1804.4,2421.7,3336.1,105.3,11.25,64.91,1,0.700,1,0.700,1,,0
328.24,328.24,UAV-5,STANDBY,RETURNING,RTH,1183.1,2985.1,3188.5,103.0,13.48,62.99,1,0.700,1,0.700,1,,0
328.24,328.24,UAV-6,RELAY,ACTIVE,RELAY_HOLD,2658.3,2435.4,3527.7,129.9,0.00,65.43,1,0.580,1,0.667,1,,0
329.26,329.26,UAV-1,RELAY,KILLED,LANDED,2543.6,2398.9,3388.3,0.3,0.00,82.87,0,1.000,1,0.000,1,,0
329.26,329.26,UAV-2,STANDBY,RETURNING,RTH,2136.7,2380.1,3413.2,99.2,11.73,62.25,1,0.700,1,0.700,1,,0
329.26,329.26,UAV-3,STANDBY,RETURNING,RTH,1697.3,2561.0,3302.2,79.9,14.22,62.56,1,0.700,1,0.700,1,,0
329.26,329.26,UAV-4,STANDBY,RETURNING,RTH,1794.7,2426.8,3331.8,100.5,12.02,64.77,1,0.700,1,0.700,1,,0
329.26,329.26,UAV-5,STANDBY,RETURNING,RTH,1172.3,2993.2,3185.9,104.7,13.51,62.87,1,0.700,1,0.700,1,,0
329.26,329.26,UAV-6,RELAY,ACTIVE,RELAY_HOLD,2658.3,2435.4,3527.7,129.9,0.00,65.33,1,0.614,1,0.638,1,,0
330.28,330.28,UAV-1,RELAY,KILLED,LANDED,2543.6,2398.9,3388.3,0.3,0.00,82.87,0,1.000,1,0.000,1,,0
330.28,330.28,UAV-2,SCOUT,ACTIVE,TRANSIT,2126.2,2380.2,3407.9,95.5,9.57,62.12,1,1.000,1,0.966,1,POI-014,0
330.28,330.28,UAV-3,SCOUT,ACTIVE,TRANSIT,1686.0,2569.8,3301.4,83.0,12.32,62.43,1,1.000,1,1.000,1,POI-011,0
330.28,330.28,UAV-4,SCOUT,ACTIVE,TRANSIT,1785.5,2434.5,3328.3,95.4,10.69,64.63,1,1.000,2,0.958,1,POI-013,0
330.28,330.28,UAV-5,STANDBY,RETURNING,RTH,1161.1,3001.0,3183.5,107.3,13.53,62.75,1,1.000,1,1.000,1,,0
330.28,330.28,UAV-6,RELAY,ACTIVE,RELAY_TRANSIT,2658.3,2435.4,3527.4,129.7,1.81,65.23,1,1.000,2,0.860,1,,0
331.30,331.30,UAV-1,RELAY,KILLED,LANDED,2543.6,2398.9,3388.3,0.3,0.00,82.87,0,1.000,1,0.000,1,,0
331.30,331.30,UAV-2,SCOUT,ACTIVE,TRANSIT,2122.9,2381.4,3410.0,97.8,4.50,61.98,1,1.000,1,1.000,1,POI-014,0
331.30,331.30,UAV-3,SCOUT,ACTIVE,TRANSIT,1680.8,2572.9,3305.1,88.7,4.36,62.28,1,1.000,1,1.000,1,POI-011,0
331.30,331.30,UAV-4,SCOUT,ACTIVE,TRANSIT,1782.9,2437.6,3331.2,98.1,4.71,64.48,1,1.000,1,1.000,1,POI-013,0
331.30,331.30,UAV-5,STANDBY,RETURNING,RTH,1149.8,3008.5,3181.3,108.5,13.52,62.62,1,1.000,1,1.000,1,,0
331.30,331.30,UAV-6,RELAY,ACTIVE,RELAY_HOLD,2658.5,2435.7,3522.8,125.1,4.72,65.09,1,1.000,2,0.815,1,,0
332.32,332.32,UAV-1,RELAY,KILLED,LANDED,2543.6,2398.9,3388.3,0.3,0.00,82.87,0,1.000,1,0.000,1,,0
332.32,332.32,UAV-2,SCOUT,ACTIVE,TRANSIT,2128.7,2382.8,3414.1,100.3,10.05,61.86,1,1.000,1,1.000,1,POI-014,0
332.32,332.32,UAV-3,SCOUT,ACTIVE,TRANSIT,1682.6,2570.4,3309.4,92.8,7.77,62.14,1,1.000,1,1.000,1,POI-011,0
332.32,332.32,UAV-4,SCOUT,ACTIVE,TRANSIT,1787.3,2434.8,3335.9,102.5,9.64,64.34,1,1.000,1,1.000,1,POI-013,0
332.32,332.32,UAV-5,STANDBY,RETURNING,RTH,1138.2,3015.7,3179.2,106.1,13.52,62.50,1,1.000,1,1.000,1,,0
332.32,332.32,UAV-6,RELAY,ACTIVE,RELAY_HOLD,2659.4,2442.2,3524.8,129.3,10.80,64.94,1,1.000,2,0.847,1,,0
333.34,333.34,UAV-1,RELAY,KILLED,LANDED,2543.6,2398.9,3388.3,0.3,0.00,82.87,0,1.000,1,0.000,1,,0
333.34,333.34,UAV-2,SCOUT,ACTIVE,TRANSIT,2141.3,2384.0,3417.9,101.4,15.67,61.74,1,1.000,1,1.000,1,POI-014,0
333.34,333.34,UAV-3,SCOUT,ACTIVE,TRANSIT,1689.8,2563.4,3313.5,95.0,13.30,62.00,1,1.000,1,1.000,1,POI-011,0
333.34,333.34,UAV-4,SCOUT,ACTIVE,TRANSIT,1798.0,2429.7,3340.2,106.8,14.95,64.22,1,1.000,1,1.000,1,POI-013,0
333.34,333.34,UAV-5,STANDBY,RETURNING,RTH,1126.3,3022.4,3177.3,103.2,13.50,62.38,1,1.000,1,1.000,1,,0
333.34,333.34,UAV-6,RELAY,ACTIVE,RELAY_HOLD,2660.1,2449.2,3537.2,144.5,17.11,64.79,1,1.000,2,0.861,1,,0
334.36,334.36,UAV-1,RELAY,KILLED,LANDED,2543.6,2398.9,3388.3,0.3,0.00,82.87,0,1.000,1,0.000,1,,0
334.36,334.36,UAV-2,SCOUT,ACTIVE,TRANSIT,2159.2,2385.2,3421.4,100.5,19.76,61.62,1,1.000,1,1.000,1,POI-014,0
334.36,334.36,UAV-3,SCOUT,ACTIVE,TRANSIT,1701.5,2553.3,3317.3,95.2,17.56,61.86,1,1.000,1,1.000,1,POI-011,0
334.36,334.36,UAV-4,SCOUT,ACTIVE,TRANSIT,1814.3,2424.7,3344.2,108.1,19.10,64.09,1,1.000,1,1.000,1,POI-013,0
334.36,334.36,UAV-5,STANDBY,RETURNING,RTH,1114.3,3028.8,3175.5,101.6,13.43,62.26,1,1.000,1,1.000,1,,0
334.36,334.36,UAV-6,RELAY,ACTIVE,RELAY_HOLD,2661.2,2455.3,3554.6,164.2,14.96,64.66,1,1.000,2,0.998,1,,0
335.38,335.38,UAV-1,RELAY,KILLED,LANDED,2543.6,2398.9,3388.3,0.3,0.00,82.87,0,1.000,1,0.000,1,,0
335.38,335.38,UAV-2,SCOUT,ACTIVE,TRANSIT,2179.9,2386.4,3424.9,99.2,20.96,61.51,1,1.000,1,1.000,1,POI-014,0
335.38,335.38,UAV-3,SCOUT,ACTIVE,TRANSIT,1716.4,2541.4,3321.0,93.8,20.10,61.74,1,1.000,1,1.000,1,POI-011,0
335.38,335.38,UAV-4,SCOUT,ACTIVE,TRANSIT,1834.1,2419.7,3348.0,102.7,20.94,63.98,1,1.000,1,1.000,1,POI-013,0
335.38,335.38,UAV-5,STANDBY,RETURNING,RTH,1102.1,3034.7,3173.9,102.0,13.42,62.13,1,1.000,1,1.000,1,,0
335.38,335.38,UAV-6,RELAY,ACTIVE,RELAY_HOLD,2662.4,2460.0,3563.4,174.3,5.62,64.53,1,1.000,2,0.958,1,,0
336.40,336.40,UAV-1,RELAY,KILLED,LANDED,2543.6,2398.9,3388.3,0.3,0.00,82.87,0,1.000,1,0.000,1,,0
336.40,336.40,UAV-2,SCOUT,ACTIVE,TRANSIT,2201.1,2387.6,3428.3,98.4,21.24,61.40,1,1.000,1,1.000,1,POI-014,0
336.40,336.40,UAV-3,SCOUT,ACTIVE,TRANSIT,1732.7,2528.3,3324.6,93.2,21.16,61.62,1,1.000,1,1.000,1,POI-011,0
336.40,336.40,UAV-4,SCOUT,ACTIVE,TRANSIT,1854.7,2414.8,3351.8,103.8,21.25,63.87,1,1.000,2,0.958,1,POI-013,0
336.40,336.40,UAV-5,STANDBY,RETURNING,RTH,1089.7,3040.3,3172.4,102.8,13.42,62.01,1,1.000,1,1.000,1,,0
336.40,336.40,UAV-6,RELAY,ACTIVE,RELAY_HOLD,2662.8,2462.8,3563.9,175.3,1.50,64.40,1,1.000,2,0.999,1,,0
337.42,337.42,UAV-1,RELAY,KILLED,LANDED,2543.6,2398.9,3388.3,0.3,0.00,82.87,0,1.000,1,0.000,1,,0
337.42,337.42,UAV-2,SCOUT,ACTIVE,TRANSIT,2222.6,2388.8,3431.7,99.0,21.44,61.29,1,1.000,1,1.000,1,POI-014,0
337.42,337.42,UAV-3,SCOUT,ACTIVE,TRANSIT,1749.2,2514.8,3328.2,92.1,21.40,61.51,1,1.000,1,0.971,1,POI-011,0
337.42,337.42,UAV-4,SCOUT,ACTIVE,TRANSIT,1875.6,2409.9,3355.5,107.7,21.45,63.76,1,1.000,1,1.000,1,POI-013,0
337.42,337.42,UAV-5,STANDBY,RETURNING,RTH,1077.0,3045.4,3171.1,105.2,13.43,61.89,1,1.000,1,1.000,1,,0
337.42,337.42,UAV-6,RELAY,ACTIVE,RELAY_HOLD,2659.2,2460.1,3568.0,179.4,9.81,64.25,1,1.000,2,0.998,1,,0
338.44,338.44,UAV-1,RELAY,KILLED,LANDED,2543.6,2398.9,3388.3,0.3,0.00,82.87,0,1.000,1,0.000,1,,0
338.44,338.44,UAV-2,SCOUT,ACTIVE,TRANSIT,2244.3,2390.0,3434.9,99.4,21.58,61.18,1,1.000,1,1.000,1,POI-014,0
338.44,338.44,UAV-3,SCOUT,ACTIVE,TRANSIT,1765.9,2501.0,3331.8,88.6,21.55,61.40,1,1.000,1,1.000,1,POI-011,0
338.44,338.44,UAV-4,SCOUT,ACTIVE,TRANSIT,1896.7,2405.0,3359.1,105.2,21.59,63.65,1,1.000,1,1.000,1,POI-013,0
338.44,338.44,UAV-5,STANDBY,RETURNING,RTH,1064.2,3050.1,3169.9,107.7,13.39,61.77,1,1.000,1,1.000,1,,0
338.44,338.44,UAV-6,RELAY,ACTIVE,RELAY_HOLD,2657.1,2458.2,3573.1,184.2,1.80,64.14,1,1.000,2,1.000,1,,0
339.46,339.46,UAV-1,RELAY,KILLED,LANDED,2543.6,2398.9,3388.3,0.3,0.00,82.87,0,1.000,1,0.000,1,,0
339.46,339.46,UAV-2,SCOUT,ACTIVE,TRANSIT,2266.1,2391.1,3438.1,99.3,21.71,61.07,1,1.000,2,1.000,1,POI-014,0
339.46,339.46,UAV-3,SCOUT,ACTIVE,TRANSIT,1782.6,2487.0,3335.3,85.0,21.66,61.28,1,1.000,1,1.000,1,POI-011,0
339.46,339.46,UAV-4,SCOUT,ACTIVE,TRANSIT,1918.0,2400.1,3362.7,98.1,21.70,63.54,1,1.000,1,1.000,1,POI-013,0
339.46,339.46,UAV-5,STANDBY,RETURNING,RTH,1051.3,3054.3,3168.9,107.9,13.35,61.64,1,1.000,1,1.000,1,,0
339.46,339.46,UAV-6,RELAY,ACTIVE,RELAY_HOLD,2656.2,2459.2,3572.2,183.7,2.21,64.04,1,1.000,3,1.000,1,,0
340.48,340.48,UAV-1,RELAY,KILLED,LANDED,2543.6,2398.9,3388.3,0.3,0.00,82.87,0,1.000,1,0.000,1,,0
340.48,340.48,UAV-2,SCOUT,ACTIVE,TRANSIT,2288.0,2392.3,3441.2,105.0,21.79,60.97,1,1.000,2,1.000,1,POI-014,0
340.48,340.48,UAV-3,SCOUT,ACTIVE,TRANSIT,1799.4,2473.0,3338.8,80.1,21.75,61.17,1,1.000,1,1.000,1,POI-011,0
340.48,340.48,UAV-4,SCOUT,ACTIVE,TRANSIT,1939.3,2395.3,3366.1,95.4,21.78,63.43,1,1.000,1,1.000,1,POI-013,0
340.48,340.48,UAV-5,STANDBY,RETURNING,RTH,1038.3,3057.9,3168.1,105.7,13.27,61.52,1,1.000,1,1.000,1,,0
340.48,340.48,UAV-6,RELAY,ACTIVE,RELAY_HOLD,2655.5,2459.9,3570.0,181.8,5.06,63.95,1,1.000,3,0.993,1,,0
341.50,341.50,UAV-1,RELAY,KILLED,LANDED,2543.6,2398.9,3388.3,0.3,0.00,82.87,0,1.000,1,0.000,1,,0
341.50,341.50,UAV-2,SCOUT,ACTIVE,TRANSIT,2310.1,2393.5,3444.1,112.2,21.84,60.86,1,1.000,2,1.000,1,POI-014,0
341.50,341.50,UAV-3,SCOUT,ACTIVE,TRANSIT,1816.2,2458.8,3342.2,76.4,21.82,61.06,1,1.000,1,1.000,1,POI-011,0
341.50,341.50,UAV-4,SCOUT,ACTIVE,TRANSIT,1960.8,2390.5,3369.3,100.3,21.83,63.33,1,1.000,1,1.000,1,POI-013,0
341.50,341.50,UAV-5,STANDBY,RETURNING,RTH,1025.1,3061.0,3167.4,103.5,13.27,61.40,1,1.000,1,1.000,1,,0
341.50,341.50,UAV-6,RELAY,ACTIVE,RELAY_HOLD,2655.0,2460.0,3561.7,173.7,10.74,63.88,1,1.000,3,1.000,1,,0
342.52,342.52,UAV-1,RELAY,KILLED,LANDED,2543.6,2398.9,3388.3,0.3,0.00,82.87,0,1.000,1,0.000,1,,0
342.52,342.52,UAV-2,SCOUT,ACTIVE,TRANSIT,2332.1,2395.1,3447.4,112.0,21.83,60.74,1,1.000,2,0.937,1,POI-014,0
342.52,342.52,UAV-3,SCOUT,ACTIVE,TRANSIT,1833.0,2444.6,3345.5,78.0,21.85,60.94,1,1.000,1,1.000,1,POI-011,0
342.52,342.52,UAV-4,SCOUT,ACTIVE,TRANSIT,1982.4,2385.7,3372.4,108.4,22.00,63.22,1,1.000,1,1.000,1,POI-013,0
342.52,342.52,UAV-5,STANDBY,RETURNING,RTH,1011.8,3063.4,3166.9,102.9,13.32,61.28,1,1.000,1,1.000,1,,0
342.52,342.52,UAV-6,RELAY,ACTIVE,RELAY_HOLD,2654.5,2459.9,3548.7,160.7,14.41,63.81,1,1.000,3,0.946,1,,0
343.54,343.54,UAV-1,RELAY,KILLED,LANDED,2543.6,2398.9,3388.3,0.3,0.00,82.87,0,1.000,1,0.000,1,,0
343.54,343.54,UAV-2,SCOUT,ACTIVE,TRANSIT,2353.6,2398.4,3452.1,114.5,21.91,60.63,1,1.000,2,0.920,1,POI-014,0
343.54,343.54,UAV-3,SCOUT,ACTIVE,TRANSIT,1849.8,2430.4,3348.7,86.7,21.90,60.83,1,1.000,1,1.000,1,POI-011,0
343.54,343.54,UAV-4,SCOUT,ACTIVE,TRANSIT,2003.7,2383.8,3378.2,113.3,21.87,63.09,1,1.000,3,1.000,1,POI-013,0
343.54,343.54,UAV-5,STANDBY,RETURNING,RTH,999.4,3065.5,3165.1,103.0,11.49,61.15,1,1.000,1,1.000,1,,0
343.54,343.54,UAV-6,RELAY,ACTIVE,RELAY_HOLD,2654.3,2459.7,3539.5,151.4,2.60,63.67,1,1.000,3,0.886,1,,0
344.56,344.56,UAV-1,RELAY,KILLED,LANDED,2543.6,2398.9,3388.3,0.3,0.00,82.87,0,1.000,1,0.000,1,,0
344.56,344.56,UAV-2,SCOUT,ACTIVE,TRANSIT,2375.2,2401.8,3456.7,116.9,21.92,60.52,1,1.000,2,0.855,1,POI-014,0
344.56,344.56,UAV-3,SCOUT,ACTIVE,TRANSIT,1866.7,2416.1,3351.8,100.4,21.90,60.72,1,1.000,1,1.000,1,POI-011,0
344.56,344.56,UAV-4,SCOUT,ACTIVE,TRANSIT,2025.1,2383.3,3385.0,112.3,21.92,62.98,1,1.000,1,1.000,1,POI-013,0
344.56,344.56,UAV-5,STANDBY,RETURNING,RTH,989.1,3069.3,3160.6,101.2,11.95,61.02,1,1.000,1,1.000,1,,0
344.56,344.56,UAV-6,RELAY,ACTIVE,RELAY_HOLD,2653.9,2459.8,3539.5,151.4,0.86,63.56,1,1.000,3,0.959,1,,0
345.58,345.58,UAV-1,RELAY,KILLED,LANDED,2543.6,2398.9,3388.3,0.3,0.00,82.87,0,1.000,1,0.000,1,,0
345.58,345.58,UAV-2,SCOUT,ACTIVE,TRANSIT,2396.8,2405.3,3461.3,120.9,21.95,60.41,1,1.000,2,0.910,1,POI-014,0
345.58,345.58,UAV-3,SCOUT,ACTIVE,TRANSIT,1883.7,2401.8,3354.6,109.8,21.89,60.61,1,1.000,1,0.963,1,POI-011,0
345.58,345.58,UAV-4,SCOUT,ACTIVE,TRANSIT,2046.4,2383.0,3391.6,112.9,21.94,62.86,1,1.000,1,1.000,1,POI-013,0
345.58,345.58,UAV-5,STANDBY,RETURNING,RTH,978.6,3074.6,3156.1,101.8,12.52,60.90,1,1.000,1,1.000,1,,0
345.58,345.58,UAV-6,RELAY,ACTIVE,RELAY_HOLD,2652.5,2459.8,3540.8,152.8,3.30,63.45,1,1.000,3,0.914,1,,0
346.60,346.60,UAV-1,RELAY,KILLED,LANDED,2543.6,2398.9,3388.3,0.3,0.00,82.87,0,1.000,1,0.000,1,,0
346.60,346.60,UAV-2,SCOUT,ACTIVE,TRANSIT,2418.5,2408.7,3465.8,124.5,21.95,60.30,1,1.000,2,0.913,1,POI-014,0
346.60,346.60,UAV-3,SCOUT,ACTIVE,TRANSIT,1901.5,2390.0,3359.1,110.9,21.02,60.46,1,1.000,1,1.000,1,POI-011,0
346.60,346.60,UAV-4,SCOUT,ACTIVE,TRANSIT,2067.8,2382.6,3398.2,111.6,21.93,62.75,1,1.000,1,1.000,1,POI-013,0
346.60,346.60,UAV-5,STANDBY,RETURNING,RTH,967.7,3079.9,3152.0,102.8,12.71,60.78,1,1.000,1,1.000,1,,0
346.60,346.60,UAV-6,RELAY,ACTIVE,RELAY_HOLD,2650.2,2459.7,3540.4,152.6,3.42,63.35,1,1.000,3,0.953,1,,0
347.62,347.62,UAV-1,RELAY,KILLED,LANDED,2543.6,2398.9,3388.3,0.3,0.00,82.87,0,1.000,1,0.000,1,,0
347.62,347.62,UAV-2,SCOUT,ACTIVE,TRANSIT,2440.2,2412.1,3470.2,119.7,21.94,60.19,1,1.000,2,0.947,1,POI-014,0
347.62,347.62,UAV-3,SCOUT,ACTIVE,TRANSIT,1921.9,2386.6,3365.9,107.1,21.84,60.34,1,1.000,1,1.000,1,POI-011,0
347.62,347.62,UAV-4,SCOUT,ACTIVE,TRANSIT,2089.2,2382.3,3404.6,104.9,21.92,62.64,1,1.000,1,1.000,1,POI-013,0
347.62,347.62,UAV-5,STANDBY,RETURNING,RTH,956.4,3085.1,3148.1,100.8,12.82,60.66,1,1.000,1,1.000,1,,0
347.62,347.62,UAV-6,RELAY,ACTIVE,RELAY_HOLD,2647.4,2459.3,3540.4,152.7,2.20,63.25,1,1.000,3,0.831,1,,0
348.64,348.64,UAV-1,RELAY,KILLED,LANDED,2543.6,2398.9,3388.3,0.3,0.00,82.87,0,1.000,1,0.000,1,,0
348.64,348.64,UAV-2,SCOUT,ACTIVE,TRANSIT,2461.9,2415.6,3474.5,107.6,21.94,60.08,1,1.000,2,0.958,1,POI-014,0
348.64,348.64,UAV-3,SCOUT,ACTIVE,TRANSIT,1943.1,2385.4,3372.6,106.7,21.96,60.23,1,1.000,1,1.000,1,POI-011,0
348.64,348.64,UAV-4,SCOUT,ACTIVE,TRANSIT,2110.7,2381.9,3410.8,101.7,21.92,62.53,1,1.000,1,1.000,1,POI-013,0
348.64,348.64,UAV-5,STANDBY,RETURNING,RTH,944.8,3090.0,3144.5,96.5,12.85,60.54,1,1.000,1,1.000,1,,0
348.64,348.64,UAV-6,RELAY,ACTIVE,RELAY_HOLD,2644.4,2459.0,3538.7,151.0,3.57,63.14,1,1.000,3,0.989,1,,0
349.66,349.66,UAV-1,RELAY,KILLED,LANDED,2543.6,2398.9,3388.3,0.3,0.00,82.87,0,1.000,1,0.000,1,,0
349.66,349.66,UAV-2,SCOUT,ACTIVE,TRANSIT,2483.6,2419.0,3478.7,105.2,21.92,59.98,1,1.000,2,0.887,1,POI-014,0
349.66,349.66,UAV-3,SCOUT,ACTIVE,TRANSIT,1964.5,2384.5,3379.3,114.0,21.95,60.11,1,1.000,1,1.000,1,POI-011,0
349.66,349.66,UAV-4,SCOUT,ACTIVE,TRANSIT,2132.2,2381.5,3417.0,103.1,21.91,62.41,1,1.000,1,1.000,1,POI-013,0
349.66,349.66,UAV-5,STANDBY,RETURNING,RTH,933.0,3094.6,3141.1,92.4,12.88,60.42,1,1.000,1,1.000,1,,0
349.66,349.66,UAV-6,RELAY,ACTIVE,RELAY_HOLD,2640.3,2458.1,3539.5,152.0,4.54,63.03,1,1.000,3,0.934,1,,0
350.68,350.68,UAV-1,RELAY,KILLED,LANDED,2543.6,2398.9,3388.3,0.3,0.00,82.87,0,1.000,1,0.000,1,,0
350.68,350.68,UAV-2,SCOUT,ACTIVE,TRANSIT,2505.3,2422.4,3482.7,106.2,21.93,59.87,1,1.000,2,0.771,1,POI-014,0
350.68,350.68,UAV-3,SCOUT,ACTIVE,TRANSIT,1985.9,2383.6,3385.8,122.8,21.96,60.00,1,1.000,1,1.000,1,POI-011,0
350.68,350.68,UAV-4,SCOUT,ACTIVE,TRANSIT,2153.7,2381.2,3422.9,105.0,21.92,62.30,1,1.000,1,1.000,1,POI-013,0
350.68,350.68,UAV-5,STANDBY,RETURNING,RTH,921.0,3098.9,3137.9,90.6,12.89,60.30,1,1.000,1,1.000,1,,0
350.68,350.68,UAV-6,RELAY,ACTIVE,RELAY_HOLD,2635.8,2456.3,3540.3,153.1,4.85,62.93,1,1.000,3,1.000,1,,0
351.70,351.70,UAV-1,RELAY,KILLED,LANDED,2543.6,2398.9,3388.3,0.3,0.00,82.87,0,1.000,1,0.000,1,,0
351.70,351.70,UAV-2,SCOUT,ACTIVE,TRANSIT,2527.1,2425.9,3486.5,106.6,21.90,59.76,1,1.000,2,0.669,1,POI-014,0
351.70,351.70,UAV-3,SCOUT,ACTIVE,TRANSIT,2007.4,2382.9,3392.1,126.3,21.94,59.89,1,1.000,1,1.000,1,POI-011,0
351.70,351.70,UAV-4,SCOUT,ACTIVE,TRANSIT,2175.3,2380.8,3428.5,105.6,21.89,62.19,1,1.000,1,1.000,1,POI-013,0
351.70,351.70,UAV-5,STANDBY,RETURNING,RTH,908.8,3103.0,3135.0,88.8,12.97,60.18,1,1.000,1,1.000,1,,0
351.70,351.70,UAV-6,RELAY,ACTIVE,RELAY_HOLD,2630.6,2454.8,3540.5,153.8,5.81,62.80,1,1.000,3,0.939,1,,0
352.72,352.72,UAV-1,RELAY,KILLED,LANDED,2543.6,2398.9,3388.3,0.3,0.00,82.87,0,1.000,1,0.000,1,,0
352.72,352.72,UAV-2,SCOUT,ACTIVE,TRANSIT,2548.6,2429.4,3489.9,109.3,20.84,59.65,1,1.000,2,0.632,1,POI-014,0
352.72,352.72,UAV-3,SCOUT,ACTIVE,TRANSIT,2028.9,2382.3,3398.3,124.8,21.93,59.78,1,1.000,1,1.000,1,POI-011,0
352.72,352.72,UAV-4,SCOUT,ACTIVE,TRANSIT,2197.0,2380.5,3433.8,106.2,21.88,62.08,1,1.000,1,1.000,1,POI-013,0
352.72,352.72,UAV-5,STANDBY,RETURNING,RTH,896.4,3106.8,3132.4,87.2,13.02,60.06,1,1.000,1,1.000,1,,0
352.72,352.72,UAV-6,RELAY,ACTIVE,RELAY_HOLD,2627.3,2453.3,3538.8,152.5,3.65,62.68,1,1.000,3,1.000,1,,0
353.74,353.74,UAV-1,RELAY,KILLED,LANDED,2543.6,2398.9,3388.3,0.3,0.00,82.87,0,1.000,1,0.000,1,,0
353.74,353.74,UAV-2,SCOUT,ACTIVE,TRANSIT,2568.0,2436.6,3492.7,110.2,20.80,59.52,1,1.000,2,0.571,1,POI-014,0
353.74,353.74,UAV-3,SCOUT,ACTIVE,TRANSIT,2050.4,2381.7,3404.3,124.9,21.93,59.67,1,1.000,1,1.000,1,POI-011,0
353.74,353.74,UAV-4,SCOUT,ACTIVE,TRANSIT,2218.5,2381.1,3437.8,108.1,21.70,61.97,1,1.000,1,1.000,1,POI-013,0
353.74,353.74,UAV-5,STANDBY,RETURNING,RTH,883.8,3110.4,3129.9,87.5,13.03,59.94,1,1.000,1,1.000,1,,0
353.74,353.74,UAV-6,RELAY,ACTIVE,RELAY_HOLD,2631.2,2452.1,3538.8,152.3,5.74,62.54,1,1.000,3,0.937,1,,0
354.76,354.76,UAV-1,RELAY,KILLED,LANDED,2543.6,2398.9,3388.3,0.3,0.00,82.87,0,1.000,1,0.000,1,,0
354.76,354.76,UAV-2,SCOUT,ACTIVE,TRANSIT,2587.1,2447.0,3495.3,108.8,21.91,59.41,1,1.000,2,0.563,1,POI-014,0
354.76,354.76,UAV-3,SCOUT,ACTIVE,TRANSIT,2072.0,2381.2,3410.1,122.3,21.91,59.56,1,1.000,1,1.000,1,POI-011,0
354.76,354.76,UAV-4,SCOUT,ACTIVE,TRANSIT,2240.5,2383.0,3441.1,108.8,21.88,61.86,1,1.000,3,1.000,1,POI-013,0
354.76,354.76,UAV-5,STANDBY,RETURNING,RTH,871.1,3113.6,3127.7,87.8,13.08,59.82,1,1.000,1,1.000,1,,0
354.76,354.76,UAV-6,RELAY,ACTIVE,RELAY_HOLD,2635.6,2454.0,3537.9,150.8,6.13,62.41,1,1.000,3,0.918,1,,0
355.78,355.78,UAV-1,RELAY,KILLED,LANDED,2543.6,2398.9,3388.3,0.3,0.00,82.87,0,1.000,1,0.000,1,,0
355.78,355.78,UAV-2,SCOUT,ACTIVE,TRANSIT,2606.5,2458.1,3497.8,108.8,22.00,59.30,1,1.000,2,0.373,1,POI-014,0
355.78,355.78,UAV-3,SCOUT,ACTIVE,TRANSIT,2093.7,2380.7,3415.5,115.2,21.91,59.45,1,1.000,1,1.000,1,POI-011,0
355.78,355.78,UAV-4,SCOUT,ACTIVE,TRANSIT,2262.5,2385.0,3444.2,108.2,21.90,61.75,1,1.000,1,1.000,1,POI-013,0
355.78,355.78,UAV-5,STANDBY,RETURNING,RTH,858.2,3116.7,3125.8,89.2,13.06,59.70,1,1.000,1,1.000,1,,0
355.78,355.78,UAV-6,RELAY,ACTIVE,RELAY_HOLD,2637.7,2456.2,3532.3,144.9,5.28,62.27,1,1.000,3,1.000,1,,0
356.80,356.80,UAV-1,RELAY,KILLED,LANDED,2543.6,2398.9,3388.3,0.3,0.00,82.87,0,1.000,1,0.000,1,,0
356.80,356.80,UAV-2,SCOUT,ACTIVE,TRANSIT,2625.8,2469.2,3500.1,109.6,22.00,59.20,1,1.000,2,0.311,1,POI-014,0
356.80,356.80,UAV-3,SCOUT,ACTIVE,TRANSIT,2115.2,2380.7,3419.7,109.8,21.56,59.34,1,1.000,1,1.000,1,POI-011,0
356.80,356.80,UAV-4,SCOUT,ACTIVE,TRANSIT,2284.5,2386.9,3447.4,112.0,21.92,61.65,1,1.000,3,1.000,1,POI-013,0
356.80,356.80,UAV-5,STANDBY,RETURNING,RTH,845.3,3119.4,3124.0,90.3,13.03,59.57,1,1.000,1,1.000,1,,0
356.80,356.80,UAV-6,RELAY,ACTIVE,RELAY_HOLD,2634.4,2455.9,3529.4,142.4,6.66,62.12,1,1.000,3,0.969,1,,0
357.82,357.82,UAV-1,RELAY,KILLED,LANDED,2543.6,2398.9,3388.3,0.3,0.00,82.87,0,1.000,1,0.000,1,,0
357.82,357.82,UAV-2,SCOUT,ACTIVE,TRANSIT,2644.6,2480.1,3501.5,111.3,19.21,59.08,1,1.000,2,0.204,1,POI-014,0
357.82,357.82,UAV-3,SCOUT,ACTIVE,TRANSIT,2137.3,2382.0,3422.9,108.0,21.89,59.23,1,1.000,3,1.000,1,POI-011,0
357.82,357.82,UAV-4,SCOUT,ACTIVE,TRANSIT,2306.6,2388.9,3450.5,119.4,21.91,61.54,1,1.000,1,0.958,1,POI-013,0
357.82,357.82,UAV-5,STANDBY,RETURNING,RTH,832.3,3121.8,3122.5,91.7,13.07,59.45,1,1.000,1,1.000,1,,0
357.82,357.82,UAV-6,RELAY,ACTIVE,RELAY_HOLD,2627.3,2461.6,3532.5,144.3,10.96,61.98,1,1.000,3,0.965,1,,0
358.84,358.84,UAV-1,RELAY,KILLED,LANDED,2543.6,2398.9,3388.3,0.3,0.00,82.87,0,1.000,1,0.000,1,,0
358.84,358.84,UAV-2,SCOUT,ACTIVE,TRANSIT,2659.5,2487.9,3496.8,103.9,16.12,58.95,1,1.000,2,0.125,1,POI-014,0
358.84,358.84,UAV-3,SCOUT,ACTIVE,TRANSIT,2159.3,2383.5,3425.9,105.7,21.89,59.12,1,1.000,1,1.000,1,POI-011,0
358.84,358.84,UAV-4,SCOUT,ACTIVE,TRANSIT,2328.7,2390.8,3453.5,117.8,21.91,61.43,1,1.000,3,0.958,1,POI-013,0
358.84,358.84,UAV-5,STANDBY,RETURNING,RTH,819.2,3124.0,3121.3,94.5,13.10,59.33,1,1.000,1,1.000,1,,0
358.84,358.84,UAV-6,RELAY,ACTIVE,RELAY_HOLD,2624.2,2470.3,3534.1,142.9,8.52,61.85,1,1.000,3,0.899,1,,0
359.86,359.86,UAV-1,RELAY,KILLED,LANDED,2543.6,2398.9,3388.3,0.3,0.00,82.87,0,1.000,1,0.000,1,,0
359.86,359.86,UAV-2,SCOUT,ACTIVE,TRANSIT,2671.0,2492.9,3486.6,91.1,16.17,58.81,1,1.000,2,0.027,1,POI-014,0
359.86,359.86,UAV-3,SCOUT,ACTIVE,TRANSIT,2181.4,2384.9,3428.9,103.4,21.88,59.01,1,1.000,1,1.000,1,POI-011,0
359.86,359.86,UAV-4,SCOUT,ACTIVE,TRANSIT,2350.7,2392.7,3456.4,116.1,21.90,61.32,1,1.000,3,0.983,1,POI-013,0
359.86,359.86,UAV-5,STANDBY,RETURNING,RTH,806.0,3125.7,3120.3,98.5,13.13,59.21,1,1.000,1,1.000,1,,0
359.86,359.86,UAV-6,RELAY,ACTIVE,RELAY_HOLD,2627.8,2475.8,3535.0,143.0,8.89,61.70,1,1.000,3,0.996,1,,0
360.88,360.88,UAV-1,RELAY,KILLED,LANDED,2543.6,2398.9,3388.3,0.3,0.00,82.87,0,1.000,1,0.000,1,,0
360.88,360.88,UAV-2,SCOUT,ACTIVE,TRANSIT,2679.7,2495.7,3472.3,75.3,17.16,58.68,1,1.000,2,0.001,1,POI-014,0
360.88,360.88,UAV-3,SCOUT,ACTIVE,TRANSIT,2203.5,2386.3,3431.8,101.9,21.87,58.90,1,1.000,1,1.000,1,POI-011,0
360.88,360.88,UAV-4,SCOUT,ACTIVE,TRANSIT,2372.8,2394.6,3459.3,116.5,21.89,61.22,1,1.000,3,0.905,1,POI-013,0
360.88,360.88,UAV-5,STANDBY,RETURNING,RTH,792.7,3127.1,3119.5,102.2,13.21,59.09,1,1.000,1,1.000,1,,0
360.88,360.88,UAV-6,RELAY,ACTIVE,RELAY_HOLD,2639.2,2473.7,3541.7,152.6,16.08,61.55,1,1.000,3,0.952,1,,0
361.90,361.90,UAV-1,RELAY,KILLED,LANDED,2543.6,2398.9,3388.3,0.3,0.00,82.87,0,1.000,1,0.000,1,,0
361.90,361.90,UAV-2,SCOUT,ACTIVE,SURVEY,2686.2,2496.8,3455.7,57.7,17.09,58.55,1,1.000,2,0.000,1,POI-014,0
361.90,361.90,UAV-3,SCOUT,ACTIVE,TRANSIT,2225.6,2387.7,3434.7,102.1,21.88,58.80,1,1.000,1,1.000,1,POI-011,0
361.90,361.90,UAV-4,SCOUT,ACTIVE,TRANSIT,2394.9,2396.6,3462.0,118.3,21.90,61.11,1,1.000,3,0.993,1,POI-013,0
361.90,361.90,UAV-5,STANDBY,RETURNING,RTH,780.1,3128.4,3117.9,104.1,11.49,58.96,1,1.000,1,1.000,1,,0
361.90,361.90,UAV-6,RELAY,ACTIVE,RELAY_HOLD,2645.3,2466.4,3553.6,166.3,13.32,61.42,1,1.000,3,1.000,1,,0
362.92,362.92,UAV-1,RELAY,KILLED,LANDED,2543.6,2398.9,3388.3,0.3,0.00,82.87,0,1.000,1,0.000,1,,0
362.92,362.92,UAV-2,SCOUT,ACTIVE,SURVEY,2688.7,2495.0,3441.6,43.9,11.51,58.42,1,1.000,2,0.000,1,POI-014,0
362.92,362.92,UAV-3,SCOUT,ACTIVE,TRANSIT,2247.7,2389.1,3437.5,101.8,21.91,58.69,1,1.000,1,1.000,1,POI-011,0
362.92,362.92,UAV-4,SCOUT,ACTIVE,TRANSIT,2417.0,2398.5,3464.5,118.9,21.93,61.00,1,1.000,3,0.889,1,POI-013,0
362.92,362.92,UAV-5,STANDBY,RETURNING,RTH,769.9,3131.9,3113.5,102.0,11.62,58.82,1,1.000,1,1.000,1,,0
362.92,362.92,UAV-6,RELAY,ACTIVE,RELAY_HOLD,2644.5,2459.6,3563.4,175.8,11.02,61.29,1,1.000,3,0.969,1,,0
363.94,363.94,UAV-1,RELAY,KILLED,LANDED,2543.6,2398.9,3388.3,0.3,0.00,82.87,0,1.000,1,0.000,1,,0
363.94,363.94,UAV-2,SCOUT,ACTIVE,TRANSIT,2686.9,2492.9,3435.3,38.5,0.92,58.27,1,1.000,2,0.000,1,POI-015,0
363.94,363.94,UAV-3,SCOUT,ACTIVE,TRANSIT,2269.8,2390.6,3440.2,101.5,21.89,58.58,1,1.000,1,1.000,1,POI-011,0
363.94,363.94,UAV-4,SCOUT,ACTIVE,TRANSIT,2436.8,2402.9,3469.5,119.6,19.63,60.87,1,1.000,3,0.870,1,POI-013,0
363.94,363.94,UAV-5,STANDBY,RETURNING,RTH,760.0,3137.8,3109.3,99.5,12.40,58.70,1,1.000,1,1.000,1,,0
363.94,363.94,UAV-6,RELAY,ACTIVE,RELAY_HOLD,2638.9,2453.5,3571.3,183.7,11.88,61.16,1,1.000,3,0.997,1,,0
364.96,364.96,UAV-1,RELAY,KILLED,LANDED,2543.6,2398.9,3388.3,0.3,0.00,82.87,0,1.000,1,0.000,1,,0
364.96,364.96,UAV-2,SCOUT,ACTIVE,TRANSIT,2688.5,2493.1,3441.0,43.9,11.17,58.12,1,1.000,3,0.000,1,POI-015,0
364.96,364.96,UAV-3,SCOUT,ACTIVE,TRANSIT,2291.9,2392.0,3442.8,108.0,21.88,58.48,1,1.000,2,0.956,1,POI-011,0
364.96,364.96,UAV-4,SCOUT,ACTIVE,TRANSIT,2453.0,2413.9,3476.5,115.5,21.28,60.74,1,1.000,3,0.964,1,POI-013,0
364.96,364.96,UAV-5,STANDBY,RETURNING,RTH,749.7,3144.4,3105.3,97.4,12.87,58.58,1,1.000,1,1.000,1,,0
364.96,364.96,UAV-6,RELAY,ACTIVE,RELAY_HOLD,2629.7,2447.7,3578.3,192.3,13.37,61.03,1,1.000,3,0.955,1,,0
365.98,365.98,UAV-1,RELAY,KILLED,LANDED,2543.6,2398.9,3388.3,0.3,0.00,82.87,0,1.000,1,0.000,1,,0
365.98,365.98,UAV-2,SCOUT,ACTIVE,TRANSIT,2689.7,2493.4,3456.5,59.2,18.46,57.96,1,1.000,3,0.000,1,POI-015,0
365.98,365.98,UAV-3,SCOUT,ACTIVE,TRANSIT,2314.1,2393.4,3445.2,113.1,21.89,58.37,1,1.000,2,0.955,1,POI-011,0
365.98,365.98,UAV-4,SCOUT,ACTIVE,TRANSIT,2469.1,2427.1,3483.4,111.6,21.61,60.63,1,1.000,3,0.951,1,POI-013,0
365.98,365.98,UAV-5,STANDBY,RETURNING,RTH,738.8,3151.0,3101.5,94.9,13.03,58.45,1,1.000,1,1.000,1,,0
365.98,365.98,UAV-6,RELAY,ACTIVE,RELAY_HOLD,2618.1,2442.3,3585.1,200.8,15.02,60.90,1,1.000,3,1.000,1,,0
367.00,367.00,UAV-1,RELAY,KILLED,LANDED,2543.6,2398.9,3388.3,0.3,0.00,82.87,0,1.000,1,0.000,1,,0
367.00,367.00,UAV-2,SCOUT,ACTIVE,TRANSIT,2690.1,2493.7,3476.8,79.4,20.53,57.82,1,1.000,2,0.000,1,POI-015,0
367.00,367.00,UAV-3,SCOUT,ACTIVE,TRANSIT,2336.0,2395.5,3448.5,112.5,21.83,58.25,1,1.000,3,0.958,1,POI-011,0
367.00,367.00,UAV-4,SCOUT,ACTIVE,TRANSIT,2485.3,2440.6,3490.2,111.0,21.71,60.51,1,1.000,3,1.000,1,POI-013,0
367.00,367.00,UAV-5,STANDBY,RETURNING,RTH,727.6,3157.4,3098.0,91.4,13.14,58.33,1,1.000,1,1.000,1,,0
367.00,367.00,UAV-6,RELAY,ACTIVE,RELAY_HOLD,2605.5,2437.3,3591.3,206.9,14.14,60.77,1,1.000,1,1.000,1,,0
368.02,368.02,UAV-1,RELAY,KILLED,LANDED,2543.6,2398.9,3388.3,0.3,0.00,82.87,0,1.000,1,0.000,1,,0
368.02,368.02,UAV-2,SCOUT,ACTIVE,TRANSIT,2691.0,2493.9,3492.6,95.0,10.33,57.70,1,1.000,2,0.000,1,POI-015,0
368.02,368.02,UAV-3,SCOUT,ACTIVE,TRANSIT,2357.6,2398.9,3453.2,115.1,21.91,58.14,1,1.000,3,0.900,1,POI-011,0
368.02,368.02,UAV-4,SCOUT,ACTIVE,TRANSIT,2501.4,2454.2,3496.9,110.3,21.78,60.40,1,1.000,3,0.957,1,POI-013,0
368.02,368.02,UAV-5,STANDBY,RETURNING,RTH,716.2,3163.5,3094.7,88.3,13.19,58.21,1,1.000,1,1.000,1,,0
368.02,368.02,UAV-6,RELAY,ACTIVE,RELAY_HOLD,2592.0,2431.1,3599.5,214.6,18.70,60.62,1,1.000,1,1.000,1,,0
369.04,369.04,UAV-1,RELAY,KILLED,LANDED,2543.6,2398.9,3388.3,0.3,0.00,82.87,0,1.000,1,0.000,1,,0
369.04,369.04,UAV-2,SCOUT,ACTIVE,TRANSIT,2696.0,2493.0,3500.7,102.7,10.33,57.58,1,1.000,2,0.000,1,POI-015,0
369.04,369.04,UAV-3,SCOUT,ACTIVE,TRANSIT,2379.2,2402.3,3457.8,117.8,21.90,58.03,1,1.000,3,0.910,1,POI-011,0
369.04,369.04,UAV-4,SCOUT,ACTIVE,TRANSIT,2517.6,2467.9,3503.6,113.5,21.81,60.29,1,1.000,3,1.000,1,POI-013,0
369.04,369.04,UAV-5,STANDBY,RETURNING,RTH,704.4,3169.4,3091.6,85.3,13.29,58.09,1,1.000,1,1.000,1,,0
369.04,369.04,UAV-6,RELAY,ACTIVE,RELAY_HOLD,2581.8,2425.9,3604.8,219.8,7.91,60.49,1,1.000,1,1.000,1,,0
370.06,370.06,UAV-1,RELAY,KILLED,LANDED,2543.6,2398.9,3388.3,0.3,0.00,82.87,0,1.000,1,0.000,1,,0
370.06,370.06,UAV-2,SCOUT,ACTIVE,TRANSIT,2707.1,2491.7,3506.6,107.7,14.57,57.46,1,1.000,2,0.032,1,POI-015,0
370.06,370.06,UAV-3,SCOUT,ACTIVE,TRANSIT,2400.8,2405.8,3462.3,121.8,21.92,57.92,1,1.000,3,0.955,1,POI-011,0
370.06,370.06,UAV-4,SCOUT,ACTIVE,TRANSIT,2533.8,2481.8,3510.1,116.9,21.87,60.17,1,1.000,3,0.996,1,POI-013,0
370.06,370.06,UAV-5,STANDBY,RETURNING,RTH,692.3,3174.9,3088.8,82.2,13.33,57.97,1,1.000,1,1.000,1,,0
370.06,370.06,UAV-6,RELAY,ACTIVE,RELAY_HOLD,2576.8,2423.4,3601.9,217.3,6.97,60.36,1,1.000,1,1.000,1,,0
371.08,371.08,UAV-1,RELAY,KILLED,LANDED,2543.6,2398.9,3388.3,0.3,0.00,82.87,0,1.000,1,0.000,1,,0
371.08,371.08,UAV-2,SCOUT,ACTIVE,TRANSIT,2723.4,2490.6,3511.4,110.9,18.55,57.34,1,1.000,2,0.000,1,POI-015,0
371.08,371.08,UAV-3,SCOUT,ACTIVE,TRANSIT,2422.4,2409.2,3466.8,125.0,21.93,57.81,1,1.000,3,0.869,1,POI-011,0
371.08,371.08,UAV-4,SCOUT,ACTIVE,TRANSIT,2550.0,2495.7,3516.6,116.8,21.91,60.06,1,1.000,3,0.983,1,POI-013,0
371.08,371.08,UAV-5,STANDBY,RETURNING,RTH,680.0,3180.2,3086.1,78.7,13.37,57.85,1,1.000,1,1.000,1,,0
371.08,371.08,UAV-6,RELAY,ACTIVE,RELAY_HOLD,2575.6,2422.3,3595.6,211.0,3.77,60.22,1,1.000,1,1.000,1,,0
372.10,372.10,UAV-1,RELAY,KILLED,LANDED,2543.6,2398.9,3388.3,0.3,0.00,82.87,0,1.000,1,0.000,1,,0
372.10,372.10,UAV-2,SCOUT,ACTIVE,TRANSIT,2742.8,2489.9,3514.7,111.1,17.96,57.22,1,1.000,2,0.049,1,POI-015,0
372.10,372.10,UAV-3,SCOUT,ACTIVE,TRANSIT,2444.1,2412.7,3471.1,117.3,21.93,57.70,1,1.000,3,0.927,1,POI-011,0
372.10,372.10,UAV-4,SCOUT,ACTIVE,TRANSIT,2566.2,2509.7,3522.9,115.9,21.93,59.94,1,1.000,3,0.971,1,POI-013,0
372.10,372.10,UAV-5,STANDBY,RETURNING,RTH,667.6,3185.1,3083.7,76.8,13.32,57.73,1,1.000,1,1.000,1,,0
372.10,372.10,UAV-6,RELAY,ACTIVE,RELAY_HOLD,2575.9,2416.7,3599.3,213.4,10.58,60.06,1,1.000,1,1.000,1,,0
373.12,373.12,UAV-1,RELAY,KILLED,LANDED,2543.6,2398.9,3388.3,0.3,0.00,82.87,0,1.000,1,0.000,1,,0
373.12,373.12,UAV-2,SCOUT,ACTIVE,TRANSIT,2758.7,2489.5,3511.6,104.2,14.91,57.11,1,1.000,2,0.004,1,POI-015,0
373.12,373.12,UAV-3,SCOUT,ACTIVE,TRANSIT,2465.8,2416.1,3475.4,106.5,21.91,57.59,1,1.000,3,0.926,1,POI-011,0
373.12,373.12,UAV-4,SCOUT,ACTIVE,TRANSIT,2582.5,2523.8,3529.0,116.3,21.95,59.83,1,1.000,3,0.988,1,POI-013,0
373.12,373.12,UAV-5,STANDBY,RETURNING,RTH,655.0,3189.7,3081.5,76.4,13.34,57.60,1,1.000,1,1.000,1,,0
373.12,373.12,UAV-6,RELAY,ACTIVE,RELAY_HOLD,2576.0,2412.3,3613.0,225.5,17.19,59.91,1,1.000,1,1.000,1,,0
374.14,374.14,UAV-1,RELAY,KILLED,LANDED,2543.6,2398.9,3388.3,0.3,0.00,82.87,0,1.000,1,0.000,1,,0
374.14,374.14,UAV-2,SCOUT,ACTIVE,TRANSIT,2770.6,2489.5,3502.4,92.7,15.29,57.00,1,1.000,2,0.005,1,POI-015,0
374.14,374.14,UAV-3,SCOUT,ACTIVE,TRANSIT,2487.5,2419.6,3479.5,105.7,21.92,57.48,1,1.000,3,0.861,1,POI-011,0
374.14,374.14,UAV-4,SCOUT,ACTIVE,TRANSIT,2598.9,2537.9,3535.0,119.9,21.99,59.72,1,1.000,3,0.845,1,POI-013,0
374.14,374.14,UAV-5,STANDBY,RETURNING,RTH,642.2,3194.0,3079.6,77.3,13.34,57.48,1,1.000,1,1.000,1,,0
374.14,374.14,UAV-6,RELAY,ACTIVE,RELAY_HOLD,2573.3,2409.9,3631.8,243.7,17.96,59.76,1,1.000,1,1.000,1,,0
375.16,375.16,UAV-1,RELAY,KILLED,LANDED,2543.6,2398.9,3388.3,0.3,0.00,82.87,0,1.000,1,0.000,1,,0
375.16,375.16,UAV-2,SCOUT,ACTIVE,TRANSIT,2779.4,2489.6,3488.7,77.1,16.61,56.89,1,1.000,2,0.000,1,POI-015,0
375.16,375.16,UAV-3,SCOUT,ACTIVE,TRANSIT,2509.2,2423.0,3483.5,106.3,21.93,57.38,1,1.000,3,0.766,1,POI-011,0
375.16,375.16,UAV-4,SCOUT,ACTIVE,TRANSIT,2615.3,2552.1,3540.7,119.9,22.00,59.60,1,1.000,3,0.450,1,POI-013,0
375.16,375.16,UAV-5,STANDBY,RETURNING,RTH,629.3,3197.9,3077.8,79.8,13.29,57.36,1,1.000,1,1.000,1,,0
375.16,375.16,UAV-6,RELAY,ACTIVE,RELAY_HOLD,2570.1,2409.8,3643.2,255.5,6.75,59.63,1,1.000,1,1.000,1,,0
376.18,376.18,UAV-1,RELAY,KILLED,LANDED,2543.6,2398.9,3388.3,0.3,0.00,82.87,0,1.000,1,0.000,1,,0
376.18,376.18,UAV-2,SCOUT,ACTIVE,SURVEY,2785.5,2489.8,3472.3,59.0,17.57,56.78,1,1.000,2,0.000,1,POI-015,0
376.18,376.18,UAV-3,SCOUT,ACTIVE,TRANSIT,2531.0,2426.5,3487.2,106.9,21.91,57.27,1,1.000,3,0.621,1,POI-011,0
376.18,376.18,UAV-4,SCOUT,ACTIVE,TRANSIT,2631.7,2566.4,3546.2,126.7,21.97,59.49,1,1.000,3,0.443,1,POI-013,0
376.18,376.18,UAV-5,STANDBY,RETURNING,RTH,616.3,3201.4,3076.3,84.2,13.27,57.24,1,1.000,1,1.000,1,,0
376.18,376.18,UAV-6,RELAY,ACTIVE,RELAY_HOLD,2567.5,2410.9,3645.3,258.3,3.44,59.52,1,1.000,1,1.000,1,,0
377.20,377.20,UAV-1,RELAY,KILLED,LANDED,2543.6,2398.9,3388.3,0.3,0.00,82.87,0,1.000,1,0.000,1,,0
377.20,377.20,UAV-2,SCOUT,ACTIVE,SURVEY,2787.9,2489.7,3456.9,42.7,12.53,56.66,1,1.000,2,0.000,1,POI-015,0
377.20,377.20,UAV-3,SCOUT,ACTIVE,TRANSIT,2552.2,2430.5,3491.1,110.5,20.28,57.15,1,1.000,3,0.689,1,POI-011,0
377.20,377.20,UAV-4,SCOUT,ACTIVE,TRANSIT,2647.6,2580.0,3550.1,118.5,18.30,59.37,1,1.000,3,0.263,1,POI-013,0
377.20,377.20,UAV-5,STANDBY,RETURNING,RTH,603.2,3204.5,3075.0,89.8,13.27,57.12,1,1.000,1,1.000,1,,0
377.20,377.20,UAV-6,RELAY,ACTIVE,RELAY_HOLD,2564.9,2412.6,3640.0,254.1,8.69,59.41,1,1.000,1,1.000,1,,0
378.22,378.22,UAV-1,RELAY,KILLED,LANDED,2543.6,2398.9,3388.3,0.3,0.00,82.87,0,1.000,1,0.000,1,,0
378.22,378.22,UAV-2,SCOUT,ACTIVE,TRANSIT,2785.1,2489.4,3448.9,35.6,2.06,56.52,1,1.000,2,0.000,1,POI-012,0
378.22,378.22,UAV-3,SCOUT,ACTIVE,TRANSIT,2570.2,2439.3,3495.6,112.5,20.81,57.02,1,1.000,3,0.688,1,POI-011,0
378.22,378.22,UAV-4,SCOUT,ACTIVE,TRANSIT,2660.3,2589.9,3547.1,104.8,14.87,59.24,1,1.000,3,0.042,1,POI-013,0
378.22,378.22,UAV-5,STANDBY,RETURNING,RTH,590.0,3207.2,3073.9,94.2,13.29,57.00,1,1.000,1,1.000,1,,0
378.22,378.22,UAV-6,RELAY,ACTIVE,RELAY_HOLD,2561.6,2414.7,3630.6,246.0,10.37,59.29,1,1.000,1,1.000,1,,0
379.24,379.24,UAV-1,RELAY,KILLED,LANDED,2543.6,2398.9,3388.3,0.3,0.00,82.87,0,1.000,1,0.000,1,,0
379.24,379.24,UAV-2,SCOUT,ACTIVE,TRANSIT,2786.1,2489.3,3453.2,39.5,9.87,56.36,1,1.000,2,0.000,1,POI-012,0
379.24,379.24,UAV-3,SCOUT,ACTIVE,TRANSIT,2587.9,2451.4,3500.0,112.6,21.74,56.91,1,1.000,3,0.585,1,POI-011,0
379.24,379.24,UAV-4,SCOUT,ACTIVE,TRANSIT,2670.1,2596.7,3538.0,84.4,15.12,59.11,1,1.000,3,0.007,1,POI-013,0
379.24,379.24,UAV-5,STANDBY,RETURNING,RTH,576.6,3209.4,3073.1,98.7,13.32,56.87,1,1.000,1,1.000,1,,0
379.24,379.24,UAV-6,RELAY,ACTIVE,RELAY_HOLD,2555.1,2417.6,3622.7,239.8,10.75,59.17,1,1.000,1,1.000,1,,0
380.26,380.26,UAV-1,RELAY,KILLED,LANDED,2543.6,2398.9,3388.3,0.3,0.00,82.87,0,1.000,1,0.000,1,,0
380.26,380.26,UAV-2,SCOUT,ACTIVE,TRANSIT,2787.2,2489.3,3467.7,53.7,17.80,56.21,1,1.000,2,0.000,1,POI-012,0
380.26,380.26,UAV-3,SCOUT,ACTIVE,TRANSIT,2605.7,2464.0,3504.4,113.1,21.84,56.80,1,1.000,3,0.842,1,POI-011,0
380.26,380.26,UAV-4,SCOUT,ACTIVE,SURVEY,2677.5,2600.9,3524.4,63.1,16.48,58.98,1,1.000,3,0.000,1,POI-013,0
380.26,380.26,UAV-5,STANDBY,RETURNING,RTH,563.4,3211.0,3072.2,102.9,12.12,56.75,1,1.000,1,1.000,1,,0
380.26,380.26,UAV-6,RELAY,ACTIVE,RELAY_HOLD,2546.1,2421.1,3616.8,235.5,11.39,59.04,1,1.000,1,1.000,1,,0
381.28,381.28,UAV-1,RELAY,KILLED,LANDED,2543.6,2398.9,3388.3,0.3,0.00,82.87,0,1.000,1,0.000,1,,0
381.28,381.28,UAV-2,SCOUT,ACTIVE,TRANSIT,2787.9,2489.4,3487.7,73.5,20.44,56.06,1,1.000,2,0.000,1,POI-012,0
381.28,381.28,UAV-3,SCOUT,ACTIVE,TRANSIT,2623.6,2476.7,3508.6,115.5,21.90,56.69,1,1.000,3,0.661,1,POI-011,0
381.28,381.28,UAV-4,SCOUT,ACTIVE,SURVEY,2683.2,2603.1,3508.1,43.9,17.20,58.84,1,1.000,3,0.000,1,POI-013,0
381.28,381.28,UAV-5,STANDBY,RETURNING,RTH,553.1,3213.6,3067.5,101.5,11.41,56.62,1,1.000,1,1.000,1,,0
381.28,381.28,UAV-6,RELAY,ACTIVE,RELAY_HOLD,2535.7,2424.1,3612.3,231.8,11.47,58.92,1,1.000,1,1.000,1,,0
382.30,382.30,UAV-1,RELAY,KILLED,LANDED,2543.6,2398.9,3388.3,0.3,0.00,82.87,0,1.000,1,0.000,1,,0
382.30,382.30,UAV-2,SCOUT,ACTIVE,TRANSIT,2788.1,2489.7,3506.0,91.8,13.12,55.93,1,1.000,2,0.003,1,POI-012,0
382.30,382.30,UAV-3,SCOUT,ACTIVE,TRANSIT,2641.4,2489.5,3512.7,118.7,21.92,56.58,1,1.000,3,0.494,1,POI-011,0
382.30,382.30,UAV-4,SCOUT,ACTIVE,IDLE,2686.0,2602.6,3493.9,30.9,8.85,58.70,1,1.000,3,0.000,1,,4
382.30,382.30,UAV-5,STANDBY,RETURNING,RTH,544.0,3218.9,3061.8,98.8,12.16,56.48,1,1.000,1,1.000,1,,0
382.30,382.30,UAV-6,RELAY,ACTIVE,RELAY_HOLD,2524.8,2425.1,3609.0,229.4,9.59,58.79,1,1.000,1,1.000,1,,0
383.32,383.32,UAV-1,RELAY,KILLED,LANDED,2543.6,2398.9,3388.3,0.3,0.00,82.87,0,1.000,1,0.000,1,,0
383.32,383.32,UAV-2,SCOUT,ACTIVE,TRANSIT,2786.6,2493.3,3517.5,104.3,12.11,55.79,1,1.000,2,0.000,1,POI-012,0
383.32,383.32,UAV-3,SCOUT,ACTIVE,TRANSIT,2659.2,2502.4,3516.6,118.7,21.93,56.47,1,1.000,3,0.275,1,POI-011,0
383.32,383.32,UAV-4,SCOUT,ACTIVE,IDLE,2687.2,2603.5,3490.7,26.7,1.60,58.57,1,1.000,3,0.000,1,,0
383.32,383.32,UAV-5,STANDBY,RETURNING,RTH,535.3,3226.6,3056.3,95.9,12.98,56.34,1,1.000,1,1.000,1,,0
383.32,383.32,UAV-6,RELAY,ACTIVE,RELAY_HOLD,2521.1,2420.7,3613.0,234.4,9.95,58.64,1,1.000,1,1.000,1,,0
384.34,384.34,UAV-1,RELAY,KILLED,LANDED,2543.6,2398.9,3388.3,0.3,0.00,82.87,0,1.000,1,0.000,1,,0
384.34,384.34,UAV-2,SCOUT,ACTIVE,TRANSIT,2782.9,2502.0,3527.2,115.7,14.72,55.66,1,1.000,2,0.021,1,POI-012,0
384.34,384.34,UAV-3,SCOUT,ACTIVE,TRANSIT,2677.1,2515.4,3520.4,119.4,21.95,56.36,1,1.000,3,0.117,1,POI-011,0
384.34,384.34,UAV-4,SCOUT,ACTIVE,IDLE,2687.9,2604.7,3490.7,25.3,1.14,58.47,1,1.000,3,0.000,1,,0
384.34,384.34,UAV-5,STANDBY,RETURNING,RTH,527.0,3236.0,3051.1,92.1,13.61,56.20,1,1.000,1,1.000,1,,0
384.34,384.34,UAV-6,RELAY,ACTIVE,RELAY_HOLD,2525.0,2416.3,3619.8,240.8,5.66,58.50,1,1.000,1,1.000,1,,0
385.36,385.36,UAV-1,RELAY,KILLED,LANDED,2543.6,2398.9,3388.3,0.3,0.00,82.87,0,1.000,1,0.000,1,,0
385.36,385.36,UAV-2,SCOUT,ACTIVE,TRANSIT,2778.9,2515.2,3535.8,124.5,17.21,55.52,1,1.000,2,0.025,1,POI-012,0
385.36,385.36,UAV-3,SCOUT,ACTIVE,TRANSIT,2694.7,2528.2,3523.4,113.9,19.69,56.24,1,1.000,3,0.042,1,POI-011,0
385.36,385.36,UAV-4,SCOUT,ACTIVE,IDLE,2688.4,2605.5,3490.9,24.5,0.79,58.37,1,1.000,3,0.000,1,,0
385.36,385.36,UAV-5,STANDBY,RETURNING,RTH,519.0,3246.6,3046.2,88.0,14.07,56.06,1,1.000,1,1.000,1,,0
385.36,385.36,UAV-6,RELAY,ACTIVE,RELAY_HOLD,2527.9,2414.4,3620.0,240.5,2.09,58.36,1,1.000,1,1.000,1,,0
386.38,386.38,UAV-1,RELAY,KILLED,LANDED,2543.6,2398.9,3388.3,0.3,0.00,82.87,0,1.000,1,0.000,1,,0
386.38,386.38,UAV-2,SCOUT,ACTIVE,TRANSIT,2774.9,2531.4,3543.8,128.1,18.70,55.39,1,1.000,2,0.000,1,POI-012,0
386.38,386.38,UAV-3,SCOUT,ACTIVE,TRANSIT,2709.0,2537.7,3520.4,105.0,15.70,56.11,1,1.000,3,0.029,1,POI-011,0
386.38,386.38,UAV-4,SCOUT,ACTIVE,IDLE,2688.8,2606.1,3491.0,24.0,0.54,58.28,1,1.000,3,0.000,1,,0
386.38,386.38,UAV-5,STANDBY,RETURNING,RTH,511.2,3257.8,3041.5,84.9,14.33,55.93,1,1.000,1,1.000,1,,0
386.38,386.38,UAV-6,RELAY,ACTIVE,RELAY_HOLD,2527.6,2417.3,3619.8,240.5,4.57,58.24,1,1.000,1,1.000,1,,0
387.40,387.40,UAV-1,RELAY,KILLED,LANDED,2543.6,2398.9,3388.3,0.3,0.00,82.87,0,1.000,1,0.000,1,,0
387.40,387.40,UAV-2,SCOUT,ACTIVE,TRANSIT,2771.0,2548.9,3551.1,128.2,19.26,55.25,1,1.000,2,0.000,1,POI-012,0
387.40,387.40,UAV-3,SCOUT,ACTIVE,TRANSIT,2720.0,2544.1,3511.4,95.7,15.55,55.98,1,1.000,3,0.000,1,POI-011,0
387.40,387.40,UAV-4,SCOUT,ACTIVE,IDLE,2689.0,2606.4,3491.1,23.6,0.37,58.18,1,1.000,3,0.000,1,,0
387.40,387.40,UAV-5,STANDBY,RETURNING,RTH,503.3,3269.4,3037.0,81.5,14.43,55.79,1,1.000,1,1.000,1,,0
387.40,387.40,UAV-6,RELAY,ACTIVE,RELAY_HOLD,2525.2,2421.6,3615.3,236.2,8.01,58.12,1,1.000,1,1.000,1,,0
388.42,388.42,UAV-1,RELAY,KILLED,LANDED,2543.6,2398.9,3388.3,0.3,0.00,82.87,0,1.000,1,0.000,1,,0
388.42,388.42,UAV-2,SCOUT,ACTIVE,TRANSIT,2767.1,2567.0,3557.5,126.4,18.08,55.12,1,1.000,2,0.000,1,POI-012,0
388.42,388.42,UAV-3,SCOUT,ACTIVE,TRANSIT,2728.5,2548.0,3497.9,84.0,16.70,55.85,1,1.000,3,0.000,1,POI-011,0
388.42,388.42,UAV-4,SCOUT,ACTIVE,IDLE,2689.2,2606.7,3491.1,23.4,0.26,58.08,1,1.000,3,0.000,1,,0
388.42,388.42,UAV-5,STANDBY,RETURNING,RTH,495.2,3281.0,3032.8,78.8,14.47,55.66,1,1.000,1,1.000,1,,0
388.42,388.42,UAV-6,RELAY,ACTIVE,RELAY_HOLD,2518.0,2424.1,3614.3,235.8,9.92,57.96,1,1.000,1,1.000,1,,0
389.44,389.44,UAV-1,RELAY,KILLED,LANDED,2543.6,2398.9,3388.3,0.3,0.00,82.87,0,1.000,1,0.000,1,,0
389.44,389.44,UAV-2,SCOUT,ACTIVE,TRANSIT,2765.0,2581.1,3558.2,115.8,11.60,55.01,1,1.000,2,0.000,1,POI-012,0
389.44,389.44,UAV-3,SCOUT,ACTIVE,SURVEY,2734.8,2550.0,3481.7,69.2,17.53,55.72,1,1.000,3,0.000,1,POI-011,0
389.44,389.44,UAV-4,SCOUT,ACTIVE,IDLE,2689.3,2606.9,3491.2,23.2,0.18,57.99,1,1.000,3,0.000,1,,0
389.44,389.44,UAV-5,STANDBY,RETURNING,RTH,486.7,3292.3,3028.8,77.2,14.41,55.54,1,1.000,1,1.000,1,,0
389.44,389.44,UAV-6,RELAY,ACTIVE,RELAY_HOLD,2513.5,2426.1,3621.3,243.0,9.90,57.82,1,1.000,1,1.000,1,,0
390.46,390.46,UAV-1,RELAY,KILLED,LANDED,2543.6,2398.9,3388.3,0.3,0.00,82.87,0,1.000,1,0.000,1,,0
390.46,390.46,UAV-2,SCOUT,ACTIVE,TRANSIT,2764.4,2590.4,3552.0,99.9,11.55,54.90,1,1.000,2,0.000,1,POI-012,0
390.46,390.46,UAV-3,SCOUT,ACTIVE,SURVEY,2738.1,2549.1,3466.5,54.8,12.73,55.58,1,1.000,3,0.000,1,POI-011,0
390.46,390.46,UAV-4,SCOUT,ACTIVE,IDLE,2689.3,2607.0,3491.2,23.1,0.13,57.89,1,1.000,3,0.000,1,,0
390.46,390.46,UAV-5,STANDBY,RETURNING,RTH,477.9,3303.4,3025.0,76.2,14.36,55.41,1,1.000,1,1.000,1,,0
390.46,390.46,UAV-6,RELAY,ACTIVE,RELAY_HOLD,2515.9,2431.1,3626.9,246.9,6.36,57.69,1,1.000,1,1.000,1,,0
391.48,391.48,UAV-1,RELAY,KILLED,LANDED,2543.6,2398.9,3388.3,0.3,0.00,82.87,0,1.000,1,0.000,1,,0
391.48,391.48,UAV-2,SCOUT,ACTIVE,TRANSIT,2764.5,2596.3,3540.5,82.7,13.97,54.78,1,1.000,2,0.000,1,POI-012,0
391.48,391.48,UAV-3,SCOUT,ACTIVE,IDLE,2735.1,2545.1,3457.1,45.8,9.44,55.44,1,1.000,3,0.000,1,,10
391.48,391.48,UAV-4,SCOUT,ACTIVE,IDLE,2689.4,2607.1,3491.2,23.0,0.09,57.79,1,1.000,3,0.000,1,,0
391.48,391.48,UAV-5,STANDBY,RETURNING,RTH,468.7,3314.2,3021.4,76.0,14.30,55.28,1,1.000,1,1.000,1,,0
391.48,391.48,UAV-6,RELAY,ACTIVE,RELAY_HOLD,2519.9,2436.9,3624.5,242.5,9.56,57.56,1,1.000,1,1.000,1,,0
392.50,392.50,UAV-1,RELAY,KILLED,LANDED,2543.6,2398.9,3388.3,0.3,0.00,82.87,0,1.000,1,0.000,1,,0
392.50,392.50,UAV-2,SCOUT,ACTIVE,SURVEY,2765.0,2599.6,3525.5,64.8,16.05,54.65,1,1.000,2,0.000,1,POI-012,0
392.50,392.50,UAV-3,SCOUT,ACTIVE,IDLE,2732.6,2544.0,3455.4,43.7,0.87,55.31,1,1.000,3,0.000,1,,0
392.50,392.50,UAV-4,SCOUT,ACTIVE,IDLE,2689.4,2607.2,3491.2,22.9,0.06,57.70,1,1.000,3,0.000,1,,0
392.50,392.50,UAV-5,STANDBY,RETURNING,RTH,459.1,3324.7,3018.1,76.4,14.24,55.15,1,1.000,1,1.000,1,,0
392.50,392.50,UAV-6,RELAY,ACTIVE,RELAY_HOLD,2525.7,2443.4,3615.9,232.0,13.81,57.42,1,1.000,1,1.000,1,,0
393.52,393.52,UAV-1,RELAY,KILLED,LANDED,2543.6,2398.9,3388.3,0.3,0.00,82.87,0,1.000,1,0.000,1,,0
393.52,393.52,UAV-2,SCOUT,ACTIVE,SURVEY,2765.8,2601.0,3508.4,46.9,17.31,54.52,1,1.000,2,0.000,1,POI-012,0
393.52,393.52,UAV-3,SCOUT,ACTIVE,IDLE,2733.9,2544.4,3455.7,44.2,1.34,55.21,1,1.000,3,0.000,1,,0
393.52,393.52,UAV-4,SCOUT,ACTIVE,IDLE,2689.5,2607.2,3491.2,22.9,0.04,57.60,1,1.000,3,0.000,1,,0
393.52,393.52,UAV-5,STANDBY,RETURNING,RTH,449.2,3334.8,3015.1,74.9,14.17,55.03,1,1.000,1,1.000,1,,0
393.52,393.52,UAV-6,RELAY,ACTIVE,RELAY_HOLD,2534.7,2451.4,3606.1,221.7,16.49,57.30,1,1.000,1,1.000,1,,0
394.54,394.54,UAV-1,RELAY,KILLED,LANDED,2543.6,2398.9,3388.3,0.3,0.00,82.87,0,1.000,1,0.000,1,,0
394.54,394.54,UAV-2,SCOUT,ACTIVE,IDLE,2766.1,2600.8,3492.1,30.8,11.19,54.38,1,1.000,2,0.000,1,,6
394.54,394.54,UAV-3,SCOUT,ACTIVE,IDLE,2735.0,2544.7,3456.0,44.7,0.95,55.12,1,1.000,3,0.000,1,,0
394.54,394.54,UAV-4,SCOUT,ACTIVE,IDLE,2689.5,2607.3,3491.2,22.9,0.03,57.51,1,1.000,3,0.000,1,,0
394.54,394.54,UAV-5,STANDBY,RETURNING,RTH,438.9,3344.5,3012.2,71.5,14.14,54.90,1,1.000,1,1.000,1,,0
394.54,394.54,UAV-6,RELAY,ACTIVE,RELAY_HOLD,2547.1,2459.9,3596.5,211.8,18.45,57.18,1,1.000,1,1.000,1,,0
395.56,395.56,UAV-1,RELAY,KILLED,LANDED,2543.6,2398.9,3388.3,0.3,0.00,82.87,0,1.000,1,0.000,1,,0
395.56,395.56,UAV-2,SCOUT,ACTIVE,IDLE,2765.0,2601.3,3487.3,25.2,1.47,54.24,1,1.000,2,0.000,1,,0
395.56,395.56,UAV-3,SCOUT,ACTIVE,IDLE,2735.8,2544.9,3456.2,45.0,0.66,55.02,1,1.000,3,0.000,1,,0
395.56,395.56,UAV-4,STANDBY,RETURNING,RTH,2689.5,2607.3,3491.2,22.9,0.02,57.41,1,1.000,3,0.000,1,,0
395.56,395.56,UAV-5,STANDBY,RETURNING,RTH,428.2,3353.8,3009.7,69.2,14.02,54.78,1,1.000,1,1.000,1,,0
395.56,395.56,UAV-6,RELAY,ACTIVE,RELAY_HOLD,2561.9,2468.2,3586.8,199.8,19.62,57.06,1,1.000,1,1.000,1,,0
396.58,396.58,UAV-1,RELAY,KILLED,LANDED,2543.6,2398.9,3388.3,0.3,0.00,82.87,0,1.000,1,0.000,1,,0
396.58,396.58,UAV-2,SCOUT,ACTIVE,IDLE,2764.0,2601.9,3487.3,24.3,1.00,54.14,1,1.000,2,0.000,1,,0
396.58,396.58,UAV-3,SCOUT,ACTIVE,IDLE,2736.3,2545.1,3456.3,45.2,0.45,54.93,1,1.000,3,0.000,1,,0
396.58,396.58,UAV-4,STANDBY,RETURNING,RTH,2689.6,2607.3,3497.4,29.0,11.43,57.26,1,1.000,3,0.000,1,,0
396.58,396.58,UAV-5,STANDBY,RETURNING,RTH,417.2,3362.5,3007.3,69.7,13.99,54.65,1,1.000,1,1.000,1,,0
396.58,396.58,UAV-6,RELAY,ACTIVE,RELAY_HOLD,2577.9,2475.0,3576.7,185.8,19.55,56.94,1,1.000,1,1.000,1,,0
397.60,397.60,UAV-1,RELAY,KILLED,LANDED,2543.6,2398.9,3388.3,0.3,0.00,82.87,0,1.000,1,0.000,1,,0
397.60,397.60,UAV-2,SCOUT,ACTIVE,IDLE,2763.2,2602.3,3487.4,23.8,0.70,54.05,1,1.000,3,0.000,1,,0
397.60,397.60,UAV-3,SCOUT,ACTIVE,IDLE,2736.6,2545.2,3456.4,45.3,0.32,54.83,1,1.000,4,0.000,1,,0
397.60,397.60,UAV-4,STANDBY,RETURNING,RTH,2689.8,2607.3,3513.2,44.8,18.60,57.10,1,1.000,4,0.000,1,,0
397.60,397.60,UAV-5,STANDBY,RETURNING,RTH,405.6,3370.5,3005.2,72.4,13.93,54.53,1,1.000,1,1.000,1,,0
397.60,397.60,UAV-6,RELAY,ACTIVE,RELAY_HOLD,2593.2,2478.6,3565.1,170.7,18.56,56.81,1,1.000,2,0.958,1,,0
398.62,398.62,UAV-1,RELAY,KILLED,LANDED,2543.6,2398.9,3388.3,0.3,0.00,82.87,0,1.000,1,0.000,1,,0
398.62,398.62,UAV-2,SCOUT,ACTIVE,IDLE,2762.7,2602.5,3487.5,23.4,0.49,53.95,1,1.000,3,0.000,1,,0
398.62,398.62,UAV-3,SCOUT,ACTIVE,IDLE,2736.9,2545.3,3456.4,45.3,0.23,54.73,1,1.000,4,0.000,1,,0
398.62,398.62,UAV-4,STANDBY,RETURNING,RTH,2690.0,2607.4,3533.6,65.3,20.63,56.96,1,1.000,4,0.000,1,,0
398.62,398.62,UAV-5,STANDBY,RETURNING,RTH,393.7,3377.9,3003.4,77.4,13.79,54.41,1,1.000,1,1.000,1,,0
398.62,398.62,UAV-6,RELAY,ACTIVE,RELAY_HOLD,2605.7,2476.6,3555.5,160.6,12.10,56.67,1,1.000,2,0.999,1,,0
399.64,399.64,UAV-1,RELAY,KILLED,LANDED,2543.6,2398.9,3388.3,0.3,0.00,82.87,0,1.000,1,0.000,1,,0
399.64,399.64,UAV-2,SCOUT,ACTIVE,IDLE,2762.3,2602.7,3487.6,23.2,0.34,53.86,1,1.000,3,0.000,1,,0
399.64,399.64,UAV-3,SCOUT,ACTIVE,IDLE,2737.1,2545.3,3456.5,45.4,0.15,54.64,1,1.000,4,0.000,1,,0
399.64,399.64,UAV-4,STANDBY,RETURNING,RTH,2690.1,2607.4,3554.5,86.2,17.94,56.82,1,1.000,4,0.000,1,,0
399.64,399.64,UAV-5,STANDBY,RETURNING,RTH,381.4,3384.5,3001.9,83.7,13.71,54.29,1,1.000,1,1.000,1,,0
399.64,399.64,UAV-6,RELAY,ACTIVE,RELAY_HOLD,2610.4,2468.2,3552.2,159.6,10.28,56.52,1,1.000,2,0.997,1,,0
400.66,400.66,UAV-1,RELAY,KILLED,LANDED,2543.6,2398.9,3388.3,0.3,0.00,82.87,0,1.000,1,0.000,1,,0
400.66,400.66,UAV-2,SCOUT,ACTIVE,IDLE,2762.1,2602.9,3487.6,23.0,0.24,53.76,1,1.000,3,0.000,1,,0
400.66,400.66,UAV-3,SCOUT,ACTIVE,IDLE,2737.2,2545.4,3456.5,45.4,0.10,54.54,1,1.000,4,0.000,1,,0
400.66,400.66,UAV-4,STANDBY,RETURNING,RTH,2690.4,2606.9,3566.6,99.1,6.95,56.69,1,1.000,4,0.000,1,,0
400.66,400.66,UAV-5,STANDBY,RETURNING,RTH,368.7,3390.2,3000.6,90.4,13.64,54.16,1,1.000,1,1.000,1,,0
400.66,400.66,UAV-6,RELAY,ACTIVE,RELAY_HOLD,2609.1,2461.3,3552.0,162.0,4.84,56.38,1,1.000,2,1.000,1,,0
401.68,401.68,UAV-1,RELAY,KILLED,LANDED,2543.6,2398.9,3388.3,0.3,0.00,82.87,0,1.000,1,0.000,1,,0
401.68,401.68,UAV-2,SCOUT,ACTIVE,IDLE,2761.9,2603.0,3487.6,22.9,0.17,53.66,1,1.000,3,0.000,1,,0
401.68,401.68,UAV-3,SCOUT,ACTIVE,IDLE,2737.3,2545.4,3456.5,45.4,0.07,54.45,1,1.000,4,0.000,1,,0
401.68,401.68,UAV-4,STANDBY,RETURNING,RTH,2690.3,2605.4,3569.4,103.6,2.21,56.55,1,1.000,4,0.000,1,,0
401.68,401.68,UAV-5,STANDBY,RETURNING,RTH,355.7,3394.9,2999.6,96.6,13.57,54.04,1,1.000,1,1.000,1,,0
401.68,401.68,UAV-6,RELAY,ACTIVE,RELAY_HOLD,2604.5,2459.9,3555.1,165.3,6.63,56.23,1,1.000,2,1.000,1,,0
402.70,402.70,UAV-1,RELAY,KILLED,LANDED,2543.6,2398.9,3388.3,0.3,0.00,82.87,0,1.000,1,0.000,1,,0
402.70,402.70,UAV-2,SCOUT,ACTIVE,IDLE,2761.8,2603.0,3487.7,22.8,0.11,53.57,1,1.000,3,0.000,1,,0
402.70,402.70,UAV-3,SCOUT,ACTIVE,IDLE,2737.3,2545.4,3456.5,45.5,0.05,54.35,1,1.000,4,0.000,1,,0
402.70,402.70,UAV-4,STANDBY,RETURNING,RTH,2689.5,2602.8,3565.1,102.6,7.15,56.42,1,1.000,4,0.000,1,,0
402.70,402.70,UAV-5,STANDBY,RETURNING,RTH,342.8,3398.5,2998.5,101.1,12.20,53.92,1,1.000,1,1.000,1,,0
402.70,402.70,UAV-6,RELAY,ACTIVE,RELAY_HOLD,2601.7,2459.6,3556.0,166.3,3.15,56.10,1,1.000,2,0.984,1,,0
403.72,403.72,UAV-1,RELAY,KILLED,LANDED,2543.6,2398.9,3388.3,0.3,0.00,82.87,0,1.000,1,0.000,1,,0
403.72,403.72,UAV-2,SCOUT,ACTIVE,IDLE,2761.7,2603.1,3487.7,22.7,0.08,53.47,1,1.000,3,0.000,1,,0
403.72,403.72,UAV-3,SCOUT,ACTIVE,IDLE,2737.4,2545.4,3456.5,45.5,0.04,54.25,1,1.000,4,0.000,1,,0
403.72,403.72,UAV-4,STANDBY,RETURNING,RTH,2686.6,2597.7,3558.8,103.2,9.66,56.28,1,1.000,4,0.000,1,,0
403.72,403.72,UAV-5,STANDBY,RETURNING,RTH,333.1,3401.9,2992.5,98.8,12.03,53.80,1,1.000,1,1.000,1,,0
403.72,403.72,UAV-6,RELAY,ACTIVE,RELAY_HOLD,2602.0,2461.3,3551.1,160.8,6.78,55.97,1,1.000,2,0.999,1,,0
404.74,404.74,UAV-1,RELAY,KILLED,LANDED,2543.6,2398.9,3388.3,0.3,0.00,82.87,0,1.000,1,0.000,1,,0
404.74,404.74,UAV-2,SCOUT,ACTIVE,IDLE,2761.6,2603.1,3487.7,22.7,0.05,53.37,1,1.000,3,0.000,1,,0
404.74,404.74,UAV-3,STANDBY,RETURNING,RTH,2737.4,2545.4,3456.5,45.5,0.03,54.16,1,1.000,4,0.000,1,,0
404.74,404.74,UAV-4,STANDBY,RETURNING,RTH,2681.9,2590.2,3552.6,108.4,11.39,56.15,1,1.000,4,0.000,1,,0
404.74,404.74,UAV-5,STANDBY,RETURNING,RTH,326.4,3405.5,2981.8,90.4,13.55,53.67,1,1.000,1,1.000,1,,0
404.74,404.74,UAV-6,RELAY,ACTIVE,RELAY_HOLD,2605.9,2466.8,3550.0,157.7,4.96,55.82,1,1.000,2,0.983,1,,0
405.76,405.76,UAV-1,RELAY,KILLED,LANDED,2543.6,2398.9,3388.3,0.3,0.00,82.87,0,1.000,1,0.000,1,,0
405.76,405.76,UAV-2,SCOUT,ACTIVE,IDLE,2761.6,2603.1,3487.7,22.6,0.04,53.28,1,1.000,3,0.000,1,,0
405.76,405.76,UAV-3,STANDBY,RETURNING,RTH,2737.5,2545.4,3462.7,51.7,11.40,54.00,1,1.000,4,0.000,1,,0
405.76,405.76,UAV-4,STANDBY,RETURNING,RTH,2676.2,2581.3,3546.5,115.5,12.36,56.01,1,1.000,4,0.012,1,,0
405.76,405.76,UAV-5,STANDBY,RETURNING,RTH,320.3,3410.1,2970.3,80.5,13.42,53.55,1,1.000,1,1.000,1,,0
405.76,405.76,UAV-6,RELAY,ACTIVE,RELAY_HOLD,2605.4,2470.4,3552.0,158.4,7.05,55.67,1,1.000,2,0.994,1,,0
406.78,406.78,UAV-1,RELAY,KILLED,LANDED,2543.6,2398.9,3388.3,0.3,0.00,82.87,0,1.000,1,0.000,1,,0
406.78,406.78,UAV-2,SCOUT,ACTIVE,IDLE,2761.6,2603.1,3487.7,22.6,0.03,53.18,1,1.000,3,0.000,1,,0
406.78,406.78,UAV-3,STANDBY,RETURNING,RTH,2737.7,2545.5,3478.5,67.5,18.58,53.85,1,1.000,4,0.000,1,,0
406.78,406.78,UAV-4,STANDBY,RETURNING,RTH,2670.1,2571.6,3540.7,119.2,12.81,55.87,1,1.000,4,0.058,1,,0
406.78,406.78,UAV-5,STANDBY,RETURNING,RTH,313.1,3415.0,2960.0,71.0,13.03,53.43,1,1.000,1,1.000,1,,0
406.78,406.78,UAV-6,RELAY,ACTIVE,RELAY_HOLD,2597.9,2466.6,3560.8,168.6,16.06,55.52,1,1.000,2,1.000,1,,0
407.80,407.80,UAV-1,RELAY,KILLED,LANDED,2543.6,2398.9,3388.3,0.3,0.00,82.87,0,1.000,1,0.000,1,,0
407.80,407.80,UAV-2,STANDBY,RETURNING,RTH,2761.6,2603.2,3487.7,22.6,0.02,53.09,1,1.000,2,0.000,1,,0
407.80,407.80,UAV-3,STANDBY,RETURNING,RTH,2737.9,2545.5,3498.2,87.2,16.39,53.71,1,1.000,3,0.000,1,,0
407.80,407.80,UAV-4,STANDBY,RETURNING,RTH,2663.8,2561.5,3535.0,119.2,13.01,55.73,1,1.000,3,0.086,1,,0
407.80,407.80,UAV-5,STANDBY,RETURNING,RTH,304.5,3419.5,2951.2,62.4,12.78,53.32,1,1.000,1,1.000,1,,0
407.80,407.80,UAV-6,RELAY,ACTIVE,RELAY_HOLD,2588.4,2459.9,3573.9,184.2,17.03,55.37,1,1.000,1,1.000,1,,0
408.82,408.82,UAV-1,RELAY,KILLED,LANDED,2543.6,2398.9,3388.3,0.3,0.00,82.87,0,1.000,1,0.000,1,,0
408.82,408.82,UAV-2,STANDBY,RETURNING,RTH,2761.6,2603.2,3493.9,28.8,11.44,52.93,1,1.000,3,0.000,1,,0
408.82,408.82,UAV-3,STANDBY,RETURNING,RTH,2738.3,2544.9,3509.1,98.3,6.05,53.58,1,1.000,4,0.001,1,,0
408.82,408.82,UAV-4,STANDBY,RETURNING,RTH,2657.4,2551.1,3529.6,119.6,13.13,55.60,1,1.000,4,0.190,1,,0
408.82,408.82,UAV-5,STANDBY,RETURNING,RTH,294.5,3423.2,2943.8,56.6,12.75,53.20,1,1.000,1,1.000,1,,0
408.82,408.82,UAV-6,RELAY,ACTIVE,RELAY_HOLD,2578.8,2452.5,3586.9,200.2,18.01,55.23,1,1.000,2,1.000,1,,0
409.84,409.84,UAV-1,RELAY,KILLED,LANDED,2543.6,2398.9,3388.3,0.3,0.00,82.87,0,1.000,1,0.000,1,,0
409.84,409.84,UAV-2,STANDBY,RETURNING,RTH,2761.8,2603.2,3509.7,44.7,18.62,52.78,1,1.000,2,0.000,1,,0
409.84,409.84,UAV-3,STANDBY,RETURNING,RTH,2738.2,2543.4,3511.1,100.5,2.64,53.44,1,1.000,3,0.000,1,,0
409.84,409.84,UAV-4,STANDBY,RETURNING,RTH,2651.0,2540.6,3524.4,119.4,13.15,55.46,1,1.000,3,0.099,1,,0
409.84,409.84,UAV-5,STANDBY,RETURNING,RTH,283.3,3426.1,2937.9,54.9,12.84,53.08,1,1.000,1,1.000,1,,0
409.84,409.84,UAV-6,RELAY,ACTIVE,RELAY_HOLD,2567.1,2444.6,3599.1,216.0,18.25,55.09,1,1.000,1,1.000,1,,0
410.86,410.86,UAV-1,RELAY,KILLED,LANDED,2543.6,2398.9,3388.3,0.3,0.00,82.87,0,1.000,1,0.000,1,,0
410.86,410.86,UAV-2,STANDBY,RETURNING,RTH,2762.0,2603.3,3530.1,65.1,20.65,52.63,1,1.000,2,0.000,1,,0
410.86,410.86,UAV-3,STANDBY,RETURNING,RTH,2736.0,2539.3,3509.2,98.8,7.12,53.31,1,1.000,3,0.000,1,,0
410.86,410.86,UAV-4,STANDBY,RETURNING,RTH,2644.4,2529.9,3519.4,117.7,13.17,55.32,1,1.000,3,0.047,1,,0
410.86,410.86,UAV-5,STANDBY,RETURNING,RTH,271.1,3428.2,2933.4,55.6,13.00,52.95,1,1.000,1,1.000,1,,0
410.86,410.86,UAV-6,RELAY,ACTIVE,RELAY_HOLD,2554.6,2436.9,3610.0,229.3,17.50,54.95,1,1.000,1,1.000,1,,0
411.88,411.88,UAV-1,RELAY,KILLED,LANDED,2543.6,2398.9,3388.3,0.3,0.00,82.87,0,1.000,1,0.000,1,,0
411.88,411.88,UAV-2,STANDBY,RETURNING,RTH,2762.1,2603.3,3551.1,86.1,17.96,52.49,1,1.000,2,0.000,1,,0
411.88,411.88,UAV-3,STANDBY,RETURNING,RTH,2731.0,2532.0,3507.2,96.8,10.28,53.17,1,1.000,3,0.000,1,,0
411.88,411.88,UAV-4,STANDBY,RETURNING,RTH,2637.8,2519.2,3514.8,116.4,13.22,55.18,1,1.000,3,0.114,1,,0
411.88,411.88,UAV-5,STANDBY,RETURNING,RTH,258.7,3429.5,2929.6,56.0,12.12,52.84,1,1.000,1,1.000,1,,0
411.88,411.88,UAV-6,RELAY,ACTIVE,RELAY_HOLD,2542.4,2429.5,3619.0,238.2,15.29,54.82,1,1.000,1,1.000,1,,0
412.90,412.90,UAV-1,RELAY,KILLED,LANDED,2543.6,2398.9,3388.3,0.3,0.00,82.87,0,1.000,1,0.000,1,,0
412.90,412.90,UAV-2,STANDBY,RETURNING,RTH,2762.4,2602.7,3563.2,98.9,7.01,52.36,1,1.000,2,0.000,1,,0
412.90,412.90,UAV-3,STANDBY,RETURNING,RTH,2724.1,2523.1,3505.3,96.2,11.88,53.04,1,1.000,3,0.000,1,,0
412.90,412.90,UAV-4,STANDBY,RETURNING,RTH,2631.0,2508.4,3510.4,114.2,13.22,55.05,1,1.000,3,0.277,1,,0
412.90,412.90,UAV-5,STANDBY,RETURNING,LANDING,248.5,3430.2,2922.9,52.0,11.81,52.71,1,1.000,1,1.000,1,,0
412.90,412.90,UAV-6,RELAY,ACTIVE,RELAY_HOLD,2531.6,2423.9,3623.7,243.6,10.00,54.70,1,1.000,1,1.000,1,,0
413.92,413.92,UAV-1,RELAY,KILLED,LANDED,2543.6,2398.9,3388.3,0.3,0.00,82.87,0,1.000,1,0.000,1,,0
413.92,413.92,UAV-2,STANDBY,RETURNING,RTH,2762.4,2601.2,3566.0,102.9,2.18,52.23,1,1.000,2,0.000,1,,0
413.92,413.92,UAV-3,STANDBY,RETURNING,RTH,2715.8,2513.9,3503.5,97.1,12.51,52.91,1,1.000,3,0.000,1,,0
413.92,413.92,UAV-4,STANDBY,RETURNING,RTH,2623.7,2497.9,3506.3,110.5,13.09,54.92,1,1.000,3,0.473,1,,0
413.92,413.92,UAV-5,STANDBY,RETURNING,LANDING,236.7,3430.0,2921.1,52.6,10.02,52.59,1,1.000,1,1.000,1,,0
413.92,413.92,UAV-6,RELAY,ACTIVE,RELAY_HOLD,2525.4,2422.7,3623.9,244.6,2.79,54.57,1,1.000,1,1.000,1,,0
414.94,414.94,UAV-1,RELAY,KILLED,LANDED,2543.6,2398.9,3388.3,0.3,0.00,82.87,0,1.000,1,0.000,1,,0
414.94,414.94,UAV-2,STANDBY,RETURNING,RTH,2761.6,2598.5,3562.0,101.1,6.79,52.10,1,1.000,2,0.000,1,,0
414.94,414.94,UAV-3,STANDBY,RETURNING,RTH,2706.7,2504.9,3501.8,98.9,12.87,52.78,1,1.000,3,0.000,1,,0
414.94,414.94,UAV-4,STANDBY,RETURNING,RTH,2616.1,2487.7,3502.4,106.7,13.07,54.79,1,1.000,3,0.556,1,,0
414.94,414.94,UAV-5,STANDBY,RETURNING,LANDING,231.1,3430.0,2916.0,48.5,5.77,52.48,1,1.000,1,1.000,1,,0
414.94,414.94,UAV-6,RELAY,ACTIVE,RELAY_HOLD,2525.9,2424.2,3623.8,244.3,1.56,54.47,1,1.000,1,1.000,1,,0
415.96,415.96,UAV-1,RELAY,KILLED,LANDED,2543.6,2398.9,3388.3,0.3,0.00,82.87,0,1.000,1,0.000,1,,0
415.96,415.96,UAV-2,STANDBY,RETURNING,RTH,2758.5,2593.1,3556.5,100.3,9.50,51.96,1,1.000,2,0.000,1,,0
415.96,415.96,UAV-3,STANDBY,RETURNING,RTH,2697.0,2496.0,3500.1,101.1,13.04,52.65,1,1.000,3,0.000,1,,0
415.96,415.96,UAV-4,STANDBY,RETURNING,RTH,2607.9,2477.8,3498.9,103.8,13.07,54.66,1,1.000,3,0.540,1,,0
415.96,415.96,UAV-5,STANDBY,RETURNING,LANDING,233.0,3430.0,2910.3,42.4,7.46,52.37,1,1.000,1,1.000,1,,0
415.96,415.96,UAV-6,RELAY,ACTIVE,RELAY_HOLD,2526.3,2424.2,3623.8,244.2,0.26,54.37,1,1.000,1,1.000,1,,0
416.98,416.98,UAV-1,RELAY,KILLED,LANDED,2543.6,2398.9,3388.3,0.3,0.00,82.87,0,1.000,1,0.000,1,,0
416.98,416.98,UAV-2,STANDBY,RETURNING,RTH,2753.5,2585.3,3551.1,104.0,11.31,51.82,1,1.000,2,0.000,1,,0
416.98,416.98,UAV-3,STANDBY,RETURNING,RTH,2686.9,2487.4,3498.6,103.5,13.11,52.52,1,1.000,3,0.051,1,,0
416.98,416.98,UAV-4,STANDBY,RETURNING,RTH,2599.2,2468.2,3495.7,102.9,13.06,54.53,1,1.000,3,0.459,1,,0
416.98,416.98,UAV-5,STANDBY,RETURNING,LANDING,236.0,3430.0,2904.6,36.2,5.64,52.27,1,1.000,1,1.000,1,,0
416.98,416.98,UAV-6,RELAY,ACTIVE,RELAY_HOLD,2526.1,2424.2,3623.8,244.3,0.10,54.27,1,1.000,1,1.000,1,,0
418.00,418.00,UAV-1,RELAY,KILLED,LANDED,2543.6,2398.9,3388.3,0.3,0.00,82.87,0,1.000,1,0.000,1,,0
418.00,418.00,UAV-2,STANDBY,RETURNING,RTH,2747.5,2576.2,3545.9,111.6,12.28,51.68,1,1.000,2,0.000,1,,0
418.00,418.00,UAV-3,STANDBY,RETURNING,RTH,2676.5,2479.2,3497.2,105.8,13.11,52.40,1,1.000,3,0.048,1,,0
418.00,418.00,UAV-4,STANDBY,RETURNING,RTH,2590.0,2459.1,3492.7,103.2,13.02,54.40,1,1.000,3,0.359,1,,0
418.00,418.00,UAV-5,STANDBY,RETURNING,LANDING,235.9,3430.0,2898.9,30.5,5.54,52.17,1,1.000,1,1.000,1,,0
418.00,418.00,UAV-6,RELAY,ACTIVE,RELAY_HOLD,2526.1,2424.2,3623.8,244.3,0.05,54.18,1,1.000,1,1.000,1,,0
419.02,419.02,UAV-1,RELAY,KILLED,LANDED,2543.6,2398.9,3388.3,0.3,0.00,82.87,0,1.000,1,0.000,1,,0
419.02,419.02,UAV-2,STANDBY,RETURNING,RTH,2741.0,2566.3,3540.9,118.8,12.80,51.54,1,1.000,2,0.000,1,,0
419.02,419.02,UAV-3,STANDBY,RETURNING,RTH,2665.8,2471.3,3495.8,107.5,13.12,52.27,1,1.000,3,0.065,1,,0
419.02,419.02,UAV-4,STANDBY,RETURNING,RTH,2580.3,2450.4,3490.0,103.4,13.02,54.28,1,1.000,3,0.461,1,,0
419.02,419.02,UAV-5,STANDBY,RETURNING,LANDING,235.9,3430.0,2893.3,24.9,5.53,52.08,1,1.000,1,1.000,1,,0
419.02,419.02,UAV-6,RELAY,ACTIVE,RELAY_HOLD,2526.0,2424.2,3623.8,244.3,0.04,54.08,1,1.000,1,1.000,1,,0
420.04,420.04,UAV-1,RELAY,KILLED,LANDED,2543.6,2398.9,3388.3,0.3,0.00,82.87,0,1.000,1,0.000,1,,0
420.04,420.04,UAV-2,STANDBY,RETURNING,RTH,2734.4,2556.0,3536.0,120.8,13.08,51.41,1,1.000,2,0.000,1,,0
420.04,420.04,UAV-3,STANDBY,RETURNING,RTH,2654.8,2463.7,3494.6,107.1,13.14,52.15,1,1.000,3,0.040,1,,0
420.04,420.04,UAV-4,STANDBY,RETURNING,RTH,2570.1,2442.2,3487.6,104.2,13.03,54.15,1,1.000,3,0.349,1,,0
420.04,420.04,UAV-5,STANDBY,RETURNING,LANDING,236.0,3430.0,2887.6,19.2,5.52,51.99,1,1.000,1,1.000,1,,0
420.04,420.04,UAV-6,RELAY,ACTIVE,RELAY_HOLD,2526.0,2424.2,3623.8,244.3,0.03,53.98,1,1.000,1,0.997,1,,0
421.06,421.06,UAV-1,RELAY,KILLED,LANDED,2543.6,2398.9,3388.3,0.3,0.00,82.87,0,1.000,1,0.000,1,,0
421.06,421.06,UAV-2,STANDBY,RETURNING,RTH,2727.6,2545.4,3531.3,117.8,13.20,51.27,1,1.000,2,0.001,1,,0
421.06,421.06,UAV-3,STANDBY,RETURNING,RTH,2643.5,2456.5,3493.4,105.5,13.15,52.02,1,1.000,3,0.028,1,,0
421.06,421.06,UAV-4,STANDBY,RETURNING,RTH,2559.5,2434.5,3485.5,104.5,13.03,54.03,1,1.000,3,0.273,1,,0
421.06,421.06,UAV-5,STANDBY,RETURNING,LANDING,236.1,3430.0,2882.0,13.6,5.52,51.89,1,1.000,1,1.000,1,,0
421.06,421.06,UAV-6,RELAY,ACTIVE,RELAY_HOLD,2525.9,2424.2,3623.8,244.3,0.02,53.89,1,1.000,1,0.958,1,,0
422.08,422.08,UAV-1,RELAY,KILLED,LANDED,2543.6,2398.9,3388.3,0.3,0.00,82.87,0,1.000,1,0.000,1,,0
422.08,422.08,UAV-2,STANDBY,RETURNING,RTH,2720.4,2534.9,3526.9,114.2,13.17,51.14,1,1.000,2,0.001,1,,0
422.08,422.08,UAV-3,STANDBY,RETURNING,RTH,2632.0,2449.8,3492.4,105.9,13.10,51.90,1,1.000,3,0.016,1,,0
422.08,422.08,UAV-4,STANDBY,RETURNING,RTH,2548.4,2427.5,3483.7,102.9,12.98,53.90,1,1.000,3,0.377,1,,0
422.08,422.08,UAV-5,STANDBY,RETURNING,LANDING,236.1,3430.0,2876.4,8.0,5.51,51.80,1,1.000,1,1.000,1,,0
422.08,422.08,UAV-6,RELAY,ACTIVE,RELAY_HOLD,2525.9,2424.2,3623.8,244.3,0.02,53.79,1,1.000,1,0.873,1,,0
423.10,423.10,UAV-1,RELAY,KILLED,LANDED,2543.6,2398.9,3388.3,0.3,0.00,82.87,0,1.000,1,0.000,1,,0
423.10,423.10,UAV-2,STANDBY,RETURNING,RTH,2712.9,2524.6,3522.7,113.1,13.13,51.01,1,0.995,2,0.000,1,,0
423.10,423.10,UAV-3,STANDBY,RETURNING,RTH,2620.2,2443.5,3491.5,107.0,13.08,51.77,1,0.995,3,0.009,1,,0
423.10,423.10,UAV-4,STANDBY,RETURNING,RTH,2536.8,2421.2,3482.1,101.6,12.97,53.78,1,0.995,3,0.469,1,,0
423.10,423.10,UAV-5,STANDBY,CHARGING,CHARGING,236.2,3430.0,2868.7,0.3,0.00,52.21,1,1.000,1,0.000,1,,0
423.10,423.10,UAV-6,RELAY,ACTIVE,RELAY_HOLD,2525.9,2424.2,3623.8,244.3,0.01,53.70,1,0.995,1,0.995,1,,0
424.12,424.12,UAV-1,RELAY,KILLED,LANDED,2543.6,2398.9,3388.3,0.3,0.00,82.87,0,1.000,1,0.000,1,,0
424.12,424.12,UAV-2,STANDBY,RETURNING,RTH,2705.0,2514.6,3518.8,113.2,13.09,50.88,1,0.978,2,0.012,1,,0
424.12,424.12,UAV-3,STANDBY,RETURNING,RTH,2608.3,2437.8,3490.7,106.4,13.04,51.65,1,0.978,3,0.038,1,,0
424.12,424.12,UAV-4,STANDBY,RETURNING,RTH,2524.9,2415.7,3480.8,101.8,12.96,53.66,1,0.978,3,0.457,1,,0
424.12,424.12,UAV-5,STANDBY,CHARGING,CHARGING,236.2,3430.0,2868.7,0.3,0.00,53.06,1,1.000,1,0.000,1,,0
424.12,424.12,UAV-6,RELAY,ACTIVE,RELAY_HOLD,2525.9,2424.2,3623.8,244.3,0.00,53.60,1,0.978,1,0.999,1,,0
425.14,425.14,UAV-1,RELAY,KILLED,LANDED,2543.6,2398.9,3388.3,0.3,0.00,82.87,0,1.000,1,0.000,1,,0
425.14,425.14,UAV-2,STANDBY,RETURNING,RTH,2696.7,2504.8,3515.1,113.4,13.04,50.75,1,0.996,2,0.000,1,,0
425.14,425.14,UAV-3,STANDBY,RETURNING,RTH,2596.0,2432.6,3489.9,105.1,13.02,51.53,1,0.996,3,0.216,1,,0
425.14,425.14,UAV-4,STANDBY,RETURNING,RTH,2512.5,2411.1,3479.8,102.7,12.97,53.53,1,0.996,3,0.635,1,,0
425.14,425.14,UAV-5,STANDBY,CHARGING,CHARGING,236.2,3430.0,2868.7,0.3,0.00,53.91,1,1.000,1,0.000,1,,0
425.14,425.14,UAV-6,RELAY,ACTIVE,RELAY_HOLD,2525.9,2424.2,3623.8,244.3,0.01,53.50,1,0.996,1,1.000,1,,0
426.16,426.16,UAV-1,RELAY,KILLED,LANDED,2543.6,2398.9,3388.3,0.3,0.00,82.87,0,1.000,1,0.000,1,,0
426.16,426.16,UAV-2,STANDBY,RETURNING,RTH,2688.0,2495.4,3511.7,113.9,12.99,50.62,1,1.000,2,0.021,1,,0
426.16,426.16,UAV-3,STANDBY,RETURNING,RTH,2583.6,2428.0,3489.3,104.4,13.02,51.40,1,1.000,3,0.357,1,,0
426.16,426.16,UAV-4,STANDBY,RETURNING,RTH,2499.8,2407.5,3479.0,105.4,12.99,53.41,1,1.000,3,0.662,1,,0
426.16,426.16,UAV-5,STANDBY,CHARGING,CHARGING,236.2,3430.0,2868.7,0.3,0.00,54.76,1,1.000,1,0.000,1,,0
426.16,426.16,UAV-6,RELAY,ACTIVE,RELAY_HOLD,2525.9,2424.2,3623.8,244.3,0.00,53.41,1,1.000,1,0.957,1,,0
427.18,427.18,UAV-1,RELAY,KILLED,LANDED,2543.6,2398.9,3388.3,0.3,0.00,82.87,0,1.000,1,0.000,1,,0
427.18,427.18,UAV-2,STANDBY,RETURNING,RTH,2678.9,2486.3,3508.5,114.8,12.96,50.49,1,1.000,2,0.130,1,,0
427.18,427.18,UAV-3,STANDBY,RETURNING,RTH,2570.9,2424.1,3488.8,105.4,13.04,51.28,1,1.000,3,0.325,1,,0
427.18,427.18,UAV-4,STANDBY,RETURNING,RTH,2487.9,2404.9,3476.8,104.7,11.75,53.30,1,1.000,3,0.825,1,,0
427.18,427.18,UAV-5,STANDBY,CHARGING,CHARGING,236.2,3430.0,2868.7,0.3,0.00,55.61,1,1.000,1,0.000,1,,0
427.18,427.18,UAV-6,RELAY,ACTIVE,RELAY_HOLD,2525.9,2424.2,3623.8,244.3,0.01,53.31,1,1.000,1,0.953,1,,0
428.20,428.20,UAV-1,RELAY,KILLED,LANDED,2543.6,2398.9,3388.3,0.3,0.00,82.87,0,1.000,1,0.000,1,,0
428.20,428.20,UAV-2,STANDBY,RETURNING,RTH,2669.4,2477.6,3505.6,115.7,12.94,50.37,1,0.958,2,0.122,1,,0
428.20,428.20,UAV-3,STANDBY,RETURNING,RTH,2558.0,2420.8,3488.4,106.2,13.09,51.16,1,0.958,3,0.500,1,,0
428.20,428.20,UAV-4,STANDBY,RETURNING,RTH,2476.5,2402.7,3473.3,103.0,12.08,53.18,1,0.958,3,0.759,1,,0
428.20,428.20,UAV-5,STANDBY,CHARGING,CHARGING,236.2,3430.0,2868.7,0.3,0.00,56.46,1,1.000,1,0.000,1,,0
428.20,428.20,UAV-6,RELAY,ACTIVE,RELAY_HOLD,2525.9,2424.2,3623.8,244.3,0.00,53.21,1,0.958,1,0.958,1,,0
429.22,429.22,UAV-1,RELAY,KILLED,LANDED,2543.6,2398.9,3388.3,0.3,0.00,82.87,0,1.000,1,0.000,1,,0
429.22,429.22,UAV-2,STANDBY,RETURNING,RTH,2659.5,2469.4,3503.0,115.6,12.92,50.24,1,1.000,2,0.167,1,,0
429.22,429.22,UAV-3,STANDBY,RETURNING,RTH,2544.9,2418.3,3488.2,106.5,13.02,51.03,1,1.000,3,0.487,1,,0
429.22,429.22,UAV-4,STANDBY,RETURNING,RTH,2464.7,2400.6,3469.9,103.9,12.30,53.06,1,1.000,3,0.761,1,,0
429.22,429.22,UAV-5,STANDBY,CHARGING,CHARGING,236.2,3430.0,2868.7,0.3,0.00,57.31,1,1.000,1,0.000,1,,0
429.22,429.22,UAV-6,RELAY,ACTIVE,RELAY_HOLD,2525.9,2424.2,3623.8,244.3,0.00,53.12,1,1.000,1,0.949,1,,0
430.24,430.24,UAV-1,RELAY,KILLED,LANDED,2543.6,2398.9,3388.3,0.3,0.00,82.87,0,1.000,1,0.000,1,,0
430.24,430.24,UAV-2,STANDBY,RETURNING,RTH,2649.2,2461.5,3500.6,113.1,12.86,50.11,1,1.000,2,0.084,1,,0
430.24,430.24,UAV-3,STANDBY,RETURNING,RTH,2533.6,2416.3,3485.0,104.8,11.43,50.92,1,1.000,3,0.645,1,,0
430.24,430.24,UAV-4,STANDBY,RETURNING,RTH,2452.7,2398.5,3466.8,106.4,12.35,52.93,1,1.000,3,0.770,1,,0
430.24,430.24,UAV-5,STANDBY,CHARGING,CHARGING,236.2,3430.0,2868.7,0.3,0.00,58.16,1,1.000,1,0.000,1,,0
430.24,430.24,UAV-6,RELAY,ACTIVE,RELAY_HOLD,2525.9,2424.2,3623.8,244.3,0.01,53.02,1,1.000,1,0.930,1,,0
431.26,431.26,UAV-1,RELAY,KILLED,LANDED,2543.6,2398.9,3388.3,0.3,0.00,82.87,0,1.000,1,0.000,1,,0
431.26,431.26,UAV-2,STANDBY,RETURNING,RTH,2638.5,2454.2,3498.5,111.0,12.82,49.99,1,0.920,2,0.134,1,,0
431.26,431.26,UAV-3,STANDBY,RETURNING,RTH,2522.9,2413.8,3480.5,101.6,11.82,50.80,1,0.920,3,0.423,1,,0
431.26,431.26,UAV-4,STANDBY,RETURNING,RTH,2440.6,2396.6,3463.8,108.9,12.38,52.81,1,0.920,3,0.737,1,,0
431.26,431.26,UAV-5,STANDBY,CHARGING,CHARGING,236.2,3430.0,2868.7,0.3,0.00,59.01,1,1.000,1,0.000,1,,0
431.26,431.26,UAV-6,RELAY,ACTIVE,RELAY_HOLD,2525.9,2424.2,3623.8,244.3,0.01,52.92,1,0.920,1,0.956,1,,0
432.28,432.28,UAV-1,RELAY,KILLED,LANDED,2543.6,2398.9,3388.3,0.3,0.00,82.87,0,1.000,1,0.000,1,,0
432.28,432.28,UAV-2,STANDBY,RETURNING,RTH,2627.5,2447.5,3496.6,111.0,12.82,49.87,1,1.000,2,0.077,1,,0
432.28,432.28,UAV-3,STANDBY,RETURNING,RTH,2511.8,2411.2,3476.3,99.3,12.09,50.68,1,1.000,3,0.529,1,,0
432.28,432.28,UAV-4,STANDBY,RETURNING,RTH,2428.4,2394.8,3461.1,109.8,12.43,52.69,1,1.000,3,0.734,1,,0
432.28,432.28,UAV-5,STANDBY,CHARGING,CHARGING,236.2,3430.0,2868.7,0.3,0.00,59.86,1,1.000,1,0.000,1,,0
432.28,432.28,UAV-6,RELAY,ACTIVE,RELAY_HOLD,2525.9,2424.2,3623.8,244.3,0.00,52.83,1,1.000,1,0.989,1,,0
433.30,433.30,UAV-1,RELAY,KILLED,LANDED,2543.6,2398.9,3388.3,0.3,0.00,82.87,0,1.000,1,0.000,1,,0
433.30,433.30,UAV-2,STANDBY,RETURNING,RTH,2616.0,2441.4,3495.1,110.9,12.83,49.74,1,0.982,2,0.202,1,,0
433.30,433.30,UAV-3,STANDBY,RETURNING,RTH,2500.2,2408.7,3472.3,98.6,12.24,50.56,1,0.982,3,0.320,1,,0
433.30,433.30,UAV-4,STANDBY,RETURNING,RTH,2416.1,2393.1,3458.5,109.6,12.48,52.57,1,0.982,3,0.622,1,,0
433.30,433.30,UAV-5,STANDBY,CHARGING,CHARGING,236.2,3430.0,2868.7,0.3,0.00,60.71,1,1.000,1,0.000,1,,0
433.30,433.30,UAV-6,RELAY,ACTIVE,RELAY_HOLD,2525.9,2424.2,3623.8,244.3,0.00,52.73,1,0.982,1,0.982,1,,0
434.32,434.32,UAV-1,RELAY,KILLED,LANDED,2543.6,2398.9,3388.3,0.3,0.00,82.87,0,1.000,1,0.000,1,,0
434.32,434.32,UAV-2,STANDBY,RETURNING,RTH,2604.1,2436.1,3493.7,109.3,12.88,49.62,1,0.990,2,0.210,1,,0
434.32,434.32,UAV-3,STANDBY,RETURNING,RTH,2488.5,2406.4,3468.6,96.3,12.37,50.44,1,0.990,3,0.641,1,,0
434.32,434.32,UAV-4,STANDBY,RETURNING,RTH,2403.6,2391.5,3456.2,108.7,12.56,52.45,1,0.990,3,0.438,1,,0
434.32,434.32,UAV-5,STANDBY,CHARGING,CHARGING,236.2,3430.0,2868.7,0.3,0.00,61.56,1,1.000,1,0.000,1,,0
434.32,434.32,UAV-6,RELAY,ACTIVE,RELAY_HOLD,2525.9,2424.2,3623.8,244.3,0.00,52.64,1,0.990,1,0.997,1,,0
435.34,435.34,UAV-1,RELAY,KILLED,LANDED,2543.6,2398.9,3388.3,0.3,0.00,82.87,0,1.000,1,0.000,1,,0
435.34,435.34,UAV-2,STANDBY,RETURNING,RTH,2591.8,2431.5,3492.6,107.7,12.88,49.50,1,0.917,2,0.313,1,,0
435.34,435.34,UAV-3,STANDBY,RETURNING,RTH,2476.5,2404.2,3465.2,94.6,12.42,50.32,1,0.917,3,0.396,1,,0
435.34,435.34,UAV-4,STANDBY,RETURNING,RTH,2391.1,2390.0,3454.0,107.5,12.59,52.33,1,0.917,3,0.712,1,,0
435.34,435.34,UAV-5,STANDBY,CHARGING,CHARGING,236.2,3430.0,2868.7,0.3,0.00,62.41,1,1.000,1,0.000,1,,0
435.34,435.34,UAV-6,RELAY,ACTIVE,RELAY_HOLD,2525.9,2424.2,3623.8,244.3,0.00,52.54,1,0.917,1,0.967,1,,0
436.36,436.36,UAV-1,RELAY,KILLED,LANDED,2543.6,2398.9,3388.3,0.3,0.00,82.87,0,1.000,1,0.000,1,,0
436.36,436.36,UAV-2,STANDBY,RETURNING,RTH,2579.2,2427.8,3491.8,107.3,12.98,49.38,1,0.996,2,0.518,1,,0
436.36,436.36,UAV-3,STANDBY,RETURNING,RTH,2464.4,2402.2,3462.0,96.0,12.52,50.20,1,0.996,3,0.417,1,,0
436.36,436.36,UAV-4,STANDBY,RETURNING,RTH,2378.4,2388.6,3452.0,106.1,12.69,52.21,1,0.996,3,0.712,1,,0
436.36,436.36,UAV-5,STANDBY,CHARGING,CHARGING,236.2,3430.0,2868.7,0.3,0.00,63.26,1,1.000,1,0.000,1,,0
436.36,436.36,UAV-6,RELAY,ACTIVE,RELAY_HOLD,2525.9,2424.2,3623.8,244.3,0.00,52.44,1,0.996,1,0.974,1,,0
437.38,437.38,UAV-1,RELAY,KILLED,LANDED,2543.6,2398.9,3388.3,0.3,0.00,82.87,0,1.000,1,0.000,1,,0
437.38,437.38,UAV-2,STANDBY,RETURNING,RTH,2566.4,2425.1,3491.0,108.6,12.06,49.25,1,0.933,2,0.405,1,,0
437.38,437.38,UAV-3,STANDBY,RETURNING,RTH,2452.1,2400.3,3459.0,99.2,12.57,50.08,1,0.933,3,0.356,1,,0
437.38,437.38,UAV-4,STANDBY,RETURNING,RTH,2365.6,2387.3,3450.3,104.8,12.75,52.09,1,0.933,3,0.767,1,,0
437.38,437.38,UAV-5,STANDBY,CHARGING,CHARGING,236.2,3430.0,2868.7,0.3,0.00,64.11,1,1.000,1,0.000,1,,0
437.38,437.38,UAV-6,RELAY,ACTIVE,RELAY_HOLD,2525.9,2424.2,3623.8,244.3,0.00,52.35,1,0.933,1,0.925,1,,0
438.40,438.40,UAV-1,RELAY,KILLED,LANDED,2543.6,2398.9,3388.3,0.3,0.00,82.87,0,1.000,1,0.000,1,,0
438.40,438.40,UAV-2,STANDBY,RETURNING,RTH,2555.7,2422.6,3486.9,105.2,11.56,49.14,1,1.000,2,0.427,1,,0
438.40,438.40,UAV-3,STANDBY,RETURNING,RTH,2439.6,2398.5,3456.3,102.8,12.56,49.96,1,1.000,3,0.244,1,,0
438.40,438.40,UAV-4,STANDBY,RETURNING,RTH,2352.7,2386.2,3448.7,104.6,12.76,51.97,1,1.000,3,0.822,1,,0
438.40,438.40,UAV-5,STANDBY,CHARGING,CHARGING,236.2,3430.0,2868.7,0.3,0.00,64.96,1,1.000,1,0.000,1,,0
438.40,438.40,UAV-6,RELAY,ACTIVE,RELAY_HOLD,2525.9,2424.2,3623.8,244.3,0.00,52.25,1,1.000,1,1.000,1,,0
439.42,439.42,UAV-1,RELAY,KILLED,LANDED,2543.6,2398.9,3388.3,0.3,0.00,82.87,0,1.000,1,0.000,1,,0
439.42,439.42,UAV-2,STANDBY,RETURNING,RTH,2545.0,2419.7,3482.3,100.9,11.93,49.02,1,0.917,2,0.391,1,,0
439.42,439.42,UAV-3,STANDBY,RETURNING,RTH,2427.2,2396.8,3453.9,104.4,12.58,49.84,1,0.917,3,0.444,1,,0
439.42,439.42,UAV-4,STANDBY,RETURNING,RTH,2339.8,2385.1,3447.3,105.8,12.81,51.84,1,0.917,3,0.855,1,,0
439.42,439.42,UAV-5,STANDBY,CHARGING,CHARGING,236.2,3430.0,2868.7,0.3,0.00,65.81,1,1.000,1,0.000,1,,0
439.42,439.42,UAV-6,RELAY,ACTIVE,RELAY_HOLD,2525.9,2424.2,3623.8,244.3,0.01,52.15,1,0.917,1,1.000,1,,0
440.44,440.44,UAV-1,RELAY,KILLED,LANDED,2543.6,2398.9,3388.3,0.3,0.00,82.87,0,1.000,1,0.000,1,,0
440.44,440.44,UAV-2,STANDBY,RETURNING,RTH,2533.8,2416.9,3478.0,97.8,12.15,48.90,1,0.998,2,0.401,1,,0
440.44,440.44,UAV-3,STANDBY,RETURNING,RTH,2414.6,2395.3,3451.6,104.5,12.63,49.71,1,0.998,3,0.342,1,,0
440.44,440.44,UAV-4,STANDBY,RETURNING,RTH,2326.8,2384.1,3446.1,109.1,12.86,51.72,1,0.998,3,0.890,1,,0
440.44,440.44,UAV-5,STANDBY,CHARGING,CHARGING,236.2,3430.0,2868.7,0.3,0.00,66.66,1,1.000,1,0.000,1,,0
440.44,440.44,UAV-6,RELAY,ACTIVE,RELAY_HOLD,2525.9,2424.2,3623.8,244.3,0.00,52.06,1,0.998,1,1.000,1,,0
441.46,441.46,UAV-1,RELAY,KILLED,LANDED,2543.6,2398.9,3388.3,0.3,0.00,82.87,0,1.000,1,0.000,1,,0
441.46,441.46,UAV-2,STANDBY,RETURNING,RTH,2522.3,2414.2,3473.9,95.2,12.30,48.78,1,0.958,2,0.286,1,,0
441.46,441.46,UAV-3,STANDBY,RETURNING,RTH,2401.9,2394.0,3449.6,103.8,12.71,49.59,1,0.958,3,0.718,1,,0
441.46,441.46,UAV-4,STANDBY,RETURNING,RTH,2313.7,2383.3,3445.0,112.4,12.92,51.60,1,0.958,3,0.968,1,,0
441.46,441.46,UAV-5,STANDBY,CHARGING,CHARGING,236.2,3430.0,2868.7,0.3,0.00,67.51,1,1.000,1,0.000,1,,0
441.46,441.46,UAV-6,RELAY,ACTIVE,RELAY_HOLD,2525.9,2424.2,3623.8,244.3,0.00,51.96,1,0.958,1,0.934,1,,0
442.48,442.48,UAV-1,RELAY,KILLED,LANDED,2543.6,2398.9,3388.3,0.3,0.00,82.87,0,1.000,1,0.000,1,,0
442.48,442.48,UAV-2,STANDBY,RETURNING,RTH,2510.6,2411.6,3470.2,93.5,12.41,48.66,1,0.983,2,0.406,1,,0
442.48,442.48,UAV-3,STANDBY,RETURNING,RTH,2389.1,2392.7,3447.9,103.0,12.80,49.47,1,0.983,3,0.565,1,,0
442.48,442.48,UAV-4,STANDBY,RETURNING,RTH,2300.6,2382.6,3444.2,112.5,13.00,51.48,1,0.983,3,0.994,1,,0
442.48,442.48,UAV-5,STANDBY,CHARGING,CHARGING,236.2,3430.0,2868.7,0.3,0.00,68.36,1,1.000,1,0.000,1,,0
442.48,442.48,UAV-6,RELAY,ACTIVE,RELAY_HOLD,2525.9,2424.2,3623.8,244.3,0.00,51.86,1,0.983,1,1.000,1,,0
443.50,443.50,UAV-1,RELAY,KILLED,LANDED,2543.6,2398.9,3388.3,0.3,0.00,82.87,0,1.000,1,0.000,1,,0
443.50,443.50,UAV-2,STANDBY,RETURNING,RTH,2498.6,2409.3,3466.6,93.3,12.49,48.54,1,1.000,2,0.319,1,,0
443.50,443.50,UAV-3,STANDBY,RETURNING,RTH,2376.1,2391.6,3446.4,101.9,12.88,49.35,1,1.000,3,0.469,1,,0
443.50,443.50,UAV-4,STANDBY,RETURNING,RTH,2287.3,2382.1,3443.6,109.6,13.08,51.36,1,1.000,1,1.000,1,,0
443.50,443.50,UAV-5,STANDBY,CHARGING,CHARGING,236.2,3430.0,2868.7,0.3,0.00,69.21,1,1.000,1,0.000,1,,0
443.50,443.50,UAV-6,RELAY,ACTIVE,RELAY_HOLD,2525.9,2424.2,3623.8,244.3,0.00,51.77,1,1.000,3,0.957,1,,0
444.52,444.52,UAV-1,RELAY,KILLED,LANDED,2543.6,2398.9,3388.3,0.3,0.00,82.87,0,1.000,1,0.000,1,,0
444.52,444.52,UAV-2,STANDBY,RETURNING,RTH,2486.5,2407.0,3463.4,91.2,12.50,48.42,1,1.000,2,0.334,1,,0
444.52,444.52,UAV-3,STANDBY,RETURNING,RTH,2363.1,2390.6,3445.1,101.3,12.90,49.23,1,1.000,3,0.689,1,,0
444.52,444.52,UAV-4,STANDBY,RETURNING,RTH,2274.1,2381.7,3442.9,107.5,12.04,51.24,1,1.000,1,1.000,1,,0
444.52,444.52,UAV-5,STANDBY,CHARGING,CHARGING,236.2,3430.0,2868.7,0.3,0.00,70.06,1,1.000,1,0.000,1,,0
444.52,444.52,UAV-6,RELAY,ACTIVE,RELAY_HOLD,2525.9,2424.2,3623.8,244.3,0.01,51.67,1,1.000,3,0.993,1,,0
445.54,445.54,UAV-1,RELAY,KILLED,LANDED,2543.6,2398.9,3388.3,0.3,0.00,82.87,0,1.000,1,0.000,1,,0
445.54,445.54,UAV-2,STANDBY,RETURNING,RTH,2474.3,2404.9,3460.4,90.3,12.49,48.30,1,1.000,2,0.294,1,,0
445.54,445.54,UAV-3,STANDBY,RETURNING,RTH,2350.0,2389.8,3444.0,102.2,12.91,49.11,1,1.000,3,0.595,1,,0
445.54,445.54,UAV-4,STANDBY,RETURNING,RTH,2263.6,2381.5,3438.1,103.3,11.42,51.13,1,1.000,1,1.000,1,,0
445.54,445.54,UAV-5,STANDBY,CHARGING,CHARGING,236.2,3430.0,2868.7,0.3,0.00,70.91,1,1.000,1,0.000,1,,0
445.54,445.54,UAV-6,RELAY,ACTIVE,RELAY_HOLD,2525.9,2424.2,3623.8,244.3,0.00,51.57,1,1.000,3,0.987,1,,0
446.56,446.56,UAV-1,RELAY,KILLED,LANDED,2543.6,2398.9,3388.3,0.3,0.00,82.87,0,1.000,1,0.000,1,,0
446.56,446.56,UAV-2,STANDBY,RETURNING,RTH,2462.0,2403.0,3457.6,92.6,12.55,48.18,1,1.000,2,0.359,1,,0
446.56,446.56,UAV-3,STANDBY,RETURNING,RTH,2336.8,2389.1,3443.2,104.3,12.99,48.98,1,1.000,3,0.661,1,,0
446.56,446.56,UAV-4,STANDBY,RETURNING,RTH,2253.2,2381.4,3432.4,99.0,11.82,51.01,1,1.000,3,1.000,1,,0
446.56,446.56,UAV-5,STANDBY,CHARGING,CHARGING,236.2,3430.0,2868.7,0.3,0.00,71.76,1,1.000,1,0.000,1,,0
446.56,446.56,UAV-6,RELAY,ACTIVE,RELAY_HOLD,2525.9,2424.2,3623.8,244.3,0.00,51.48,1,1.000,1,0.988,1,,0
447.58,447.58,UAV-1,RELAY,KILLED,LANDED,2543.6,2398.9,3388.3,0.3,0.00,82.87,0,1.000,1,0.000,1,,0
447.58,447.58,UAV-2,STANDBY,RETURNING,RTH,2449.5,2401.1,3455.1,96.8,12.63,48.05,1,1.000,2,0.200,1,,0
447.58,447.58,UAV-3,STANDBY,RETURNING,RTH,2323.6,2388.6,3442.5,108.1,12.47,48.86,1,1.000,3,0.880,1,,0
447.58,447.58,UAV-4,STANDBY,RETURNING,RTH,2242.3,2381.2,3426.9,95.1,12.08,50.89,1,1.000,1,0.992,1,,0
447.58,447.58,UAV-5,STANDBY,CHARGING,CHARGING,236.2,3430.0,2868.7,0.3,0.00,72.61,1,1.000,1,0.000,1,,0
447.58,447.58,UAV-6,RELAY,ACTIVE,RELAY_HOLD,2525.9,2424.2,3623.8,244.3,0.00,51.38,1,1.000,3,1.000,1,,0
448.60,448.60,UAV-1,RELAY,KILLED,LANDED,2543.6,2398.9,3388.3,0.3,0.00,82.87,0,1.000,1,0.000,1,,0
448.60,448.60,UAV-2,STANDBY,RETURNING,RTH,2436.9,2399.5,3452.9,101.2,12.69,47.93,1,0.960,2,0.326,1,,0
448.60,448.60,UAV-3,STANDBY,RETURNING,RTH,2312.2,2388.1,3439.0,107.5,11.67,48.75,1,0.960,3,0.880,1,,0
448.60,448.60,UAV-4,STANDBY,RETURNING,RTH,2230.9,2381.1,3421.8,91.2,12.24,50.77,1,0.960,1,0.960,1,,0
448.60,448.60,UAV-5,STANDBY,CHARGING,CHARGING,236.2,3430.0,2868.7,0.3,0.00,73.46,1,1.000,1,0.000,1,,0
448.60,448.60,UAV-6,RELAY,ACTIVE,RELAY_HOLD,2525.9,2424.2,3623.8,244.3,0.00,51.29,1,0.960,3,0.959,1,,0
449.62,449.62,UAV-1,RELAY,KILLED,LANDED,2543.6,2398.9,3388.3,0.3,0.00,82.87,0,1.000,1,0.000,1,,0
449.62,449.62,UAV-2,STANDBY,RETURNING,RTH,2424.2,2397.9,3450.8,103.2,12.77,47.81,1,1.000,2,0.433,1,,0
449.62,449.62,UAV-3,STANDBY,RETURNING,RTH,2300.9,2387.3,3434.8,103.4,12.04,48.63,1,1.000,3,0.824,1,,0
449.62,449.62,UAV-4,STANDBY,RETURNING,RTH,2219.3,2380.9,3417.1,87.3,12.38,50.65,1,1.000,1,1.000,1,,0
449.62,449.62,UAV-5,STANDBY,CHARGING,CHARGING,236.2,3430.0,2868.7,0.3,0.00,74.31,1,1.000,1,0.000,1,,0
449.62,449.62,UAV-6,RELAY,ACTIVE,RELAY_HOLD,2525.9,2424.2,3623.8,244.3,0.00,51.19,1,1.000,3,1.000,1,,0
450.64,450.64,UAV-1,RELAY,KILLED,LANDED,2543.6,2398.9,3388.3,0.3,0.00,82.87,0,1.000,1,0.000,1,,0
450.64,450.64,UAV-2,STANDBY,RETURNING,RTH,2411.3,2396.5,3449.1,103.3,12.83,47.69,1,0.997,2,0.418,1,,0
450.64,450.64,UAV-3,STANDBY,RETURNING,RTH,2289.1,2386.6,3430.9,96.8,12.27,48.51,1,0.997,3,0.704,1,,0
450.64,450.64,UAV-4,STANDBY,RETURNING,RTH,2207.4,2380.8,3412.6,83.7,12.48,50.53,1,0.997,3,0.000,1,,0
450.64,450.64,UAV-5,STANDBY,CHARGING,CHARGING,236.2,3430.0,2868.7,0.3,0.00,75.16,1,1.000,1,0.000,1,,0
450.64,450.64,UAV-6,RELAY,ACTIVE,RELAY_HOLD,2525.9,2424.2,3623.8,244.3,0.01,51.09,1,0.997,1,0.957,1,,0
451.66,451.66,UAV-1,RELAY,KILLED,LANDED,2543.6,2398.9,3388.3,0.3,0.00,82.87,0,1.000,1,0.000,1,,0
451.66,451.66,UAV-2,STANDBY,RETURNING,RTH,2398.4,2395.3,3447.5,102.9,12.83,47.57,1,0.995,2,0.468,1,,0
451.66,451.66,UAV-3,STANDBY,RETURNING,RTH,2277.1,2385.8,3427.2,90.7,12.36,48.39,1,0.995,3,0.856,1,,0
451.66,451.66,UAV-4,STANDBY,RETURNING,RTH,2195.4,2380.7,3408.5,81.1,12.50,50.41,1,0.995,3,0.000,1,,0
451.66,451.66,UAV-5,STANDBY,CHARGING,CHARGING,236.2,3430.0,2868.7,0.3,0.00,76.01,1,1.000,1,0.000,1,,0
451.66,451.66,UAV-6,RELAY,ACTIVE,RELAY_HOLD,2525.9,2424.2,3623.8,244.3,0.00,51.00,1,0.995,1,0.981,1,,0
452.68,452.68,UAV-1,RELAY,KILLED,LANDED,2543.6,2398.9,3388.3,0.3,0.00,82.87,0,1.000,1,0.000,1,,0
452.68,452.68,UAV-2,STANDBY,RETURNING,RTH,2385.4,2394.2,3446.2,102.4,12.88,47.45,1,0.956,2,0.402,1,,0
452.68,452.68,UAV-3,STANDBY,RETURNING,RTH,2265.0,2385.2,3423.8,87.3,12.45,48.27,1,0.956,3,0.920,1,,0
452.68,452.68,UAV-4,STANDBY,RETURNING,RTH,2183.2,2380.6,3404.7,79.9,12.55,50.29,1,0.956,3,0.000,1,,0
452.68,452.68,UAV-5,STANDBY,CHARGING,CHARGING,236.2,3430.0,2868.7,0.3,0.00,76.86,1,1.000,1,0.000,1,,0
452.68,452.68,UAV-6,RELAY,ACTIVE,RELAY_HOLD,2525.9,2424.2,3623.8,244.3,0.01,50.90,1,0.956,1,0.987,1,,0
453.70,453.70,UAV-1,RELAY,KILLED,LANDED,2543.6,2398.9,3388.3,0.3,0.00,82.87,0,1.000,1,0.000,1,,0
453.70,453.70,UAV-2,STANDBY,RETURNING,RTH,2372.3,2393.3,3445.2,101.8,12.99,47.32,1,0.954,2,0.566,1,,0
453.70,453.70,UAV-3,STANDBY,RETURNING,RTH,2252.6,2384.6,3420.6,86.1,12.56,48.15,1,0.954,3,0.813,1,,0
453.70,453.70,UAV-4,STANDBY,RETURNING,RTH,2170.8,2380.5,3401.2,79.6,12.64,50.17,1,0.954,3,0.003,1,,0
453.70,453.70,UAV-5,STANDBY,CHARGING,CHARGING,236.2,3430.0,2868.7,0.3,0.00,77.71,1,1.000,1,0.000,1,,0
453.70,453.70,UAV-6,RELAY,ACTIVE,RELAY_HOLD,2525.9,2424.2,3623.8,244.3,0.00,50.80,1,0.954,1,0.954,1,,0
454.72,454.72,UAV-1,RELAY,KILLED,LANDED,2543.6,2398.9,3388.3,0.3,0.00,82.87,0,1.000,1,0.000,1,,0
454.72,454.72,UAV-2,STANDBY,RETURNING,RTH,2359.0,2392.6,3444.3,102.3,13.05,47.20,1,1.000,2,0.661,1,,0
454.72,454.72,UAV-3,STANDBY,RETURNING,RTH,2240.2,2384.0,3417.6,85.1,12.60,48.03,1,1.000,3,0.926,1,,0
454.72,454.72,UAV-4,STANDBY,RETURNING,RTH,2158.3,2380.4,3398.1,79.5,12.68,50.05,1,1.000,1,1.000,1,,0
454.72,454.72,UAV-5,STANDBY,CHARGING,CHARGING,236.2,3430.0,2868.7,0.3,0.00,78.56,1,1.000,1,0.000,1,,0
454.72,454.72,UAV-6,RELAY,ACTIVE,RELAY_HOLD,2525.9,2424.2,3623.8,244.3,0.00,50.71,1,1.000,3,0.991,1,,0
455.74,455.74,UAV-1,RELAY,KILLED,LANDED,2543.6,2398.9,3388.3,0.3,0.00,82.87,0,1.000,1,0.000,1,,0
455.74,455.74,UAV-2,STANDBY,RETURNING,RTH,2345.9,2392.0,3443.5,103.8,12.10,47.08,1,0.983,2,0.775,1,,0
455.74,455.74,UAV-3,STANDBY,RETURNING,RTH,2227.6,2383.4,3414.9,83.8,12.61,47.91,1,0.983,3,0.999,1,,0
455.74,455.74,UAV-4,STANDBY,RETURNING,RTH,2145.7,2380.4,3395.2,79.4,12.69,49.93,1,0.983,3,0.999,1,,0
455.74,455.74,UAV-5,STANDBY,CHARGING,CHARGING,236.2,3430.0,2868.7,0.3,0.00,79.41,1,1.000,1,0.000,1,,0
455.74,455.74,UAV-6,RELAY,ACTIVE,RELAY_HOLD,2525.9,2424.2,3623.8,244.3,0.00,50.61,1,0.983,1,0.957,1,,0
456.76,456.76,UAV-1,RELAY,KILLED,LANDED,2543.6,2398.9,3388.3,0.3,0.00,82.87,0,1.000,1,0.000,1,,0
456.76,456.76,UAV-2,STANDBY,RETURNING,RTH,2334.2,2391.2,3440.7,103.4,11.93,46.96,1,1.000,2,0.713,1,,0
456.76,456.76,UAV-3,STANDBY,RETURNING,RTH,2215.0,2382.9,3412.4,82.4,12.64,47.79,1,1.000,3,0.867,1,,0
456.76,456.76,UAV-4,STANDBY,RETURNING,RTH,2133.0,2380.3,3392.6,79.2,12.72,49.81,1,1.000,1,1.000,1,,0
456.76,456.76,UAV-5,STANDBY,CHARGING,CHARGING,236.2,3430.0,2868.7,0.3,0.00,80.26,1,1.000,1,0.000,1,,0
456.76,456.76,UAV-6,RELAY,ACTIVE,RELAY_HOLD,2525.9,2424.2,3623.8,244.3,0.00,50.51,1,1.000,3,0.979,1,,0
457.78,457.78,UAV-1,RELAY,KILLED,LANDED,2543.6,2398.9,3388.3,0.3,0.00,82.87,0,1.000,1,0.000,1,,0
457.78,457.78,UAV-2,STANDBY,RETURNING,RTH,2322.3,2390.1,3437.7,104.0,12.20,46.84,1,1.000,2,0.859,1,,0
457.78,457.78,UAV-3,STANDBY,RETURNING,RTH,2202.3,2382.4,3410.2,81.4,12.74,47.67,1,1.000,3,0.000,1,,0
457.78,457.78,UAV-4,STANDBY,RETURNING,RTH,2120.2,2380.2,3390.4,79.3,12.83,49.69,1,1.000,1,1.000,1,,0
457.78,457.78,UAV-5,STANDBY,CHARGING,CHARGING,236.2,3430.0,2868.7,0.3,0.00,81.11,1,1.000,1,0.000,1,,0
457.78,457.78,UAV-6,RELAY,ACTIVE,RELAY_HOLD,2525.9,2424.2,3623.8,244.3,0.01,50.42,1,1.000,3,0.928,1,,0
458.80,458.80,UAV-1,RELAY,KILLED,LANDED,2543.6,2398.9,3388.3,0.3,0.00,82.87,0,1.000,1,0.000,1,,0
458.80,458.80,UAV-2,STANDBY,RETURNING,RTH,2310.1,2389.1,3435.0,103.8,12.35,46.72,1,1.000,2,0.712,1,,0
458.80,458.80,UAV-3,STANDBY,RETURNING,RTH,2189.4,2382.0,3408.1,81.6,12.83,47.55,1,1.000,3,0.000,1,,0
458.80,458.80,UAV-4,STANDBY,RETURNING,RTH,2107.2,2380.1,3388.4,82.1,12.92,49.57,1,1.000,1,1.000,1,,0
458.80,458.80,UAV-5,STANDBY,CHARGING,CHARGING,236.2,3430.0,2868.7,0.3,0.00,81.96,1,1.000,1,0.000,1,,0
458.80,458.80,UAV-6,RELAY,ACTIVE,RELAY_HOLD,2525.9,2424.2,3623.8,244.3,0.00,50.32,1,1.000,3,0.976,1,,0
459.82,459.82,UAV-1,RELAY,KILLED,LANDED,2543.6,2398.9,3388.3,0.3,0.00,82.87,0,1.000,1,0.000,1,,0
459.82,459.82,UAV-2,STANDBY,RETURNING,RTH,2297.8,2388.1,3432.4,100.3,12.45,46.60,1,1.000,2,0.806,1,,0
459.82,459.82,UAV-3,STANDBY,RETURNING,RTH,2176.4,2381.5,3406.3,82.9,12.88,47.43,1,1.000,3,0.003,1,,0
459.82,459.82,UAV-4,STANDBY,RETURNING,RTH,2094.1,2380.1,3386.7,86.9,12.98,49.45,1,1.000,1,1.000,1,,0
459.82,459.82,UAV-5,STANDBY,CHARGING,CHARGING,236.2,3430.0,2868.7,0.3,0.00,82.81,1,1.000,1,0.000,1,,0
459.82,459.82,UAV-6,RELAY,ACTIVE,RELAY_HOLD,2525.9,2424.2,3623.8,244.3,0.00,50.23,1,1.000,3,0.996,1,,0
460.84,460.84,UAV-1,RELAY,KILLED,LANDED,2543.6,2398.9,3388.3,0.3,0.00,82.87,0,1.000,1,0.000,1,,0
460.84,460.84,UAV-2,STANDBY,RETURNING,RTH,2285.3,2387.1,3430.0,94.7,12.52,46.48,1,1.000,2,0.864,1,,0
460.84,460.84,UAV-3,STANDBY,RETURNING,RTH,2163.3,2381.2,3404.7,84.7,12.93,47.30,1,1.000,3,1.000,1,,0
460.84,460.84,UAV-4,STANDBY,RETURNING,RTH,2080.9,2380.0,3385.4,93.3,13.02,49.33,1,1.000,1,1.000,1,,0
460.84,460.84,UAV-5,STANDBY,CHARGING,CHARGING,236.2,3430.0,2868.7,0.3,0.00,83.66,1,1.000,1,0.000,1,,0
460.84,460.84,UAV-6,RELAY,ACTIVE,RELAY_HOLD,2525.9,2424.2,3623.8,244.3,0.00,50.13,1,1.000,3,0.997,1,,0
461.86,461.86,UAV-1,RELAY,KILLED,LANDED,2543.6,2398.9,3388.3,0.3,0.00,82.87,0,1.000,1,0.000,1,,0
461.86,461.86,UAV-2,STANDBY,RETURNING,RTH,2272.7,2386.2,3427.7,90.7,12.60,46.36,1,1.000,2,0.815,1,,0
461.86,461.86,UAV-3,STANDBY,RETURNING,RTH,2150.2,2380.9,3403.3,86.4,12.98,47.18,1,1.000,3,1.000,1,,0
461.86,461.86,UAV-4,STANDBY,RETURNING,RTH,2067.6,2380.0,3384.3,99.7,13.06,49.20,1,1.000,1,1.000,1,,0
461.86,461.86,UAV-5,STANDBY,CHARGING,CHARGING,236.2,3430.0,2868.7,0.3,0.00,84.51,1,1.000,1,0.000,1,,0
461.86,461.86,UAV-6,RELAY,ACTIVE,RELAY_HOLD,2525.9,2424.2,3623.8,244.3,0.00,50.03,1,1.000,3,0.917,1,,0
462.88,462.88,UAV-1,RELAY,KILLED,LANDED,2543.6,2398.9,3388.3,0.3,0.00,82.87,0,1.000,1,0.000,1,,0
462.88,462.88,UAV-2,STANDBY,RETURNING,RTH,2260.0,2385.4,3425.6,89.7,12.65,46.24,1,1.000,2,0.915,1,,0
462.88,462.88,UAV-3,STANDBY,RETURNING,RTH,2137.0,2380.6,3402.2,87.9,13.02,47.06,1,1.000,3,1.000,1,,0
462.88,462.88,UAV-4,STANDBY,RETURNING,RTH,2054.5,2380.0,3383.4,103.5,12.09,49.08,1,1.000,1,0.958,1,,0
462.88,462.88,UAV-5,STANDBY,CHARGING,CHARGING,236.2,3430.0,2868.7,0.3,0.00,85.36,1,1.000,1,0.000,1,,0
462.88,462.88,UAV-6,RELAY,ACTIVE,RELAY_HOLD,2525.9,2424.2,3623.8,244.3,0.00,49.94,1,1.000,3,0.918,1,,0
463.90,463.90,UAV-1,RELAY,KILLED,LANDED,2543.6,2398.9,3388.3,0.3,0.00,82.87,0,1.000,1,0.000,1,,0
463.90,463.90,UAV-2,STANDBY,RETURNING,RTH,2247.2,2384.6,3423.7,90.0,12.74,46.12,1,1.000,2,0.976,1,,0
463.90,463.90,UAV-3,STANDBY,RETURNING,RTH,2123.7,2380.4,3401.3,89.3,13.11,46.94,1,1.000,3,0.999,1,,0
463.90,463.90,UAV-4,STANDBY,RETURNING,RTH,2043.4,2381.2,3379.5,102.2,11.62,48.96,1,1.000,1,1.000,1,,0
463.90,463.90,UAV-5,STANDBY,CHARGING,CHARGING,236.2,3430.0,2868.7,0.3,0.00,86.21,1,1.000,1,0.000,1,,0
463.90,463.90,UAV-6,RELAY,ACTIVE,RELAY_HOLD,2525.9,2424.2,3623.8,244.3,0.01,49.84,1,1.000,3,1.000,1,,0
464.92,464.92,UAV-1,RELAY,KILLED,LANDED,2543.6,2398.9,3388.3,0.3,0.00,82.87,0,1.000,1,0.000,1,,0
464.92,464.92,UAV-2,STANDBY,RETURNING,RTH,2234.3,2383.9,3422.0,90.0,12.90,46.00,1,1.000,2,1.000,1,,0
464.92,464.92,UAV-3,STANDBY,RETURNING,RTH,2110.3,2380.2,3400.6,92.9,13.28,46.82,1,1.000,1,0.958,1,,0
464.92,464.92,UAV-4,STANDBY,RETURNING,RTH,2032.3,2383.6,3375.2,100.2,12.20,48.84,1,1.000,3,1.000,1,,0
464.92,464.92,UAV-5,STANDBY,CHARGING,CHARGING,236.2,3430.0,2868.7,0.3,0.00,87.06,1,1.000,1,0.000,1,,0
464.92,464.92,UAV-6,RELAY,ACTIVE,RELAY_HOLD,2525.9,2424.2,3623.8,244.3,0.00,49.74,1,1.000,3,1.000,1,,0
465.94,465.94,UAV-1,RELAY,KILLED,LANDED,2543.6,2398.9,3388.3,0.3,0.00,82.87,0,1.000,1,0.000,1,,0
465.94,465.94,UAV-2,STANDBY,RETURNING,RTH,2221.2,2383.2,3420.4,89.8,12.98,45.88,1,1.000,1,1.000,1,,0
465.94,465.94,UAV-3,STANDBY,RETURNING,RTH,2097.6,2380.2,3398.7,96.9,11.55,46.70,1,1.000,1,1.000,1,,0
465.94,465.94,UAV-4,STANDBY,RETURNING,RTH,2020.7,2386.2,3371.1,98.7,12.47,48.72,1,1.000,2,1.000,1,,0
465.94,465.94,UAV-5,STANDBY,CHARGING,CHARGING,236.2,3430.0,2868.7,0.3,0.00,87.91,1,1.000,1,0.000,1,,0
465.94,465.94,UAV-6,RELAY,ACTIVE,RELAY_HOLD,2525.9,2424.2,3623.8,244.3,0.01,49.65,1,1.000,1,1.000,1,,0
466.96,466.96,UAV-1,RELAY,KILLED,LANDED,2543.6,2398.9,3388.3,0.3,0.00,82.87,0,1.000,1,0.000,1,,0
466.96,466.96,UAV-2,STANDBY,RETURNING,RTH,2208.0,2382.6,3419.0,89.5,13.01,45.76,1,1.000,2,0.958,1,,0
466.96,466.96,UAV-3,STANDBY,RETURNING,RTH,2087.2,2380.7,3393.1,96.4,11.83,46.59,1,1.000,1,1.000,1,,0
466.96,466.96,UAV-4,STANDBY,RETURNING,RTH,2008.7,2388.7,3367.3,98.6,12.58,48.60,1,1.000,1,1.000,1,,0
466.96,466.96,UAV-5,STANDBY,CHARGING,CHARGING,236.2,3430.0,2868.7,0.3,0.00,88.76,1,1.000,1,0.000,1,,0
466.96,466.96,UAV-6,RELAY,ACTIVE,RELAY_HOLD,2525.9,2424.2,3623.8,244.3,0.01,49.55,1,1.000,1,1.000,1,,0
467.98,467.98,UAV-1,RELAY,KILLED,LANDED,2543.6,2398.9,3388.3,0.3,0.00,82.87,0,1.000,1,0.000,1,,0
467.98,467.98,UAV-2,STANDBY,RETURNING,RTH,2194.8,2382.1,3417.7,90.1,12.95,45.63,1,1.000,1,1.000,1,,0
467.98,467.98,UAV-3,STANDBY,RETURNING,RTH,2076.4,2381.5,3387.5,96.8,12.03,46.47,1,1.000,1,1.000,1,,0
467.98,467.98,UAV-4,STANDBY,RETURNING,RTH,1996.6,2391.0,3363.8,97.5,12.54,48.48,1,1.000,1,1.000,1,,0
467.98,467.98,UAV-5,STANDBY,CHARGING,CHARGING,236.2,3430.0,2868.7,0.3,0.00,89.61,1,1.000,1,0.000,1,,0
467.98,467.98,UAV-6,RELAY,ACTIVE,RELAY_HOLD,2525.9,2424.2,3623.8,244.3,0.01,49.45,1,1.000,1,1.000,1,,0
469.00,469.00,UAV-1,RELAY,KILLED,LANDED,2543.6,2398.9,3388.3,0.3,0.00,82.87,0,1.000,1,0.000,1,,0
469.00,469.00,UAV-2,STANDBY,RETURNING,RTH,2181.7,2381.6,3416.6,91.9,12.92,45.51,1,1.000,1,1.000,1,,0
469.00,469.00,UAV-3,STANDBY,RETURNING,RTH,2065.3,2382.4,3382.2,97.1,12.13,46.35,1,1.000,1,1.000,1,,0
469.00,469.00,UAV-4,STANDBY,RETURNING,RTH,1984.4,2393.2,3360.5,93.7,12.54,48.36,1,1.000,1,1.000,1,,0
469.00,469.00,UAV-5,STANDBY,CHARGING,CHARGING,236.2,3430.0,2868.7,0.3,0.00,90.46,1,1.000,1,0.000,1,,0
469.00,469.00,UAV-6,RELAY,ACTIVE,RELAY_HOLD,2525.9,2424.2,3623.8,244.3,0.01,49.36,1,1.000,1,1.000,1,,0
470.02,470.02,UAV-1,RELAY,KILLED,LANDED,2543.6,2398.9,3388.3,0.3,0.00,82.87,0,1.000,1,0.000,1,,0
470.02,470.02,UAV-2,STANDBY,RETURNING,RTH,2168.5,2381.1,3415.7,94.4,12.99,45.39,1,1.000,2,1.000,1,,0
470.02,470.02,UAV-3,STANDBY,RETURNING,RTH,2053.9,2383.2,3377.3,96.1,12.23,46.23,1,1.000,1,1.000,1,,0
470.02,470.02,UAV-4,STANDBY,RETURNING,RTH,1972.1,2395.2,3357.5,87.8,12.63,48.24,1,1.000,1,1.000,1,,0
470.02,470.02,UAV-5,STANDBY,CHARGING,CHARGING,236.2,3430.0,2868.7,0.3,0.00,91.31,1,1.000,1,0.000,1,,0
470.02,470.02,UAV-6,RELAY,ACTIVE,RELAY_HOLD,2525.9,2424.2,3623.8,244.3,0.00,49.26,1,1.000,1,1.000,1,,0
471.04,471.04,UAV-1,RELAY,KILLED,LANDED,2543.6,2398.9,3388.3,0.3,0.00,82.87,0,1.000,1,0.000,1,,0
471.04,471.04,UAV-2,STANDBY,RETURNING,RTH,2155.3,2380.8,3414.9,96.9,13.04,45.27,1,1.000,1,1.000,1,,0
471.04,471.04,UAV-3,STANDBY,RETURNING,RTH,2042.3,2383.9,3372.7,94.8,12.31,46.11,1,1.000,1,1.000,1,,0
471.04,471.04,UAV-4,STANDBY,RETURNING,RTH,1959.6,2397.1,3354.7,81.8,12.73,48.12,1,1.000,1,1.000,1,,0
471.04,471.04,UAV-5,STANDBY,CHARGING,CHARGING,236.2,3430.0,2868.7,0.3,0.00,92.16,1,1.000,1,0.000,1,,0
471.04,471.04,UAV-6,RELAY,ACTIVE,RELAY_HOLD,2525.9,2424.2,3623.8,244.3,0.00,49.17,1,1.000,1,1.000,1,,0
472.06,472.06,UAV-1,RELAY,KILLED,LANDED,2543.6,2398.9,3388.3,0.3,0.00,82.87,0,1.000,1,0.000,1,,0
472.06,472.06,UAV-2,STANDBY,RETURNING,RTH,2142.0,2380.4,3414.3,99.2,13.08,45.14,1,1.000,1,1.000,1,,0
472.06,472.06,UAV-3,STANDBY,RETURNING,RTH,2030.5,2384.5,3368.4,93.7,12.37,45.99,1,1.000,1,1.000,1,,0
472.06,472.06,UAV-4,STANDBY,RETURNING,RTH,1947.0,2398.9,3352.1,78.1,12.81,48.00,1,1.000,1,1.000,1,,0
472.06,472.06,UAV-5,STANDBY,CHARGING,CHARGING,236.2,3430.0,2868.7,0.3,0.00,93.01,1,1.000,1,0.000,1,,0
472.06,472.06,UAV-6,RELAY,ACTIVE,RELAY_HOLD,2525.9,2424.2,3623.8,244.3,0.00,49.07,1,1.000,1,1.000,1,,0
473.08,473.08,UAV-1,RELAY,KILLED,LANDED,2543.6,2398.9,3388.3,0.3,0.00,82.87,0,1.000,1,0.000,1,,0
473.08,473.08,UAV-2,STANDBY,RETURNING,RTH,2128.7,2380.2,3413.8,101.1,12.83,45.02,1,1.000,1,1.000,1,,0
473.08,473.08,UAV-3,STANDBY,RETURNING,RTH,2018.5,2385.2,3364.4,93.6,12.41,45.87,1,1.000,2,0.958,1,,0
473.08,473.08,UAV-4,STANDBY,RETURNING,RTH,1934.2,2400.5,3349.8,77.7,12.87,47.88,1,1.000,1,1.000,1,,0
473.08,473.08,UAV-5,STANDBY,CHARGING,CHARGING,236.2,3430.0,2868.7,0.3,0.00,93.86,1,1.000,1,0.000,1,,0
473.08,473.08,UAV-6,RELAY,ACTIVE,RELAY_HOLD,2525.9,2424.2,3623.8,244.3,0.00,48.97,1,1.000,1,1.000,1,,0
474.10,474.10,UAV-1,RELAY,KILLED,LANDED,2543.6,2398.9,3388.3,0.3,0.00,82.87,0,1.000,1,0.000,1,,0
474.10,474.10,UAV-2,STANDBY,RETURNING,RTH,2117.7,2380.1,3409.8,99.5,11.34,44.91,1,1.000,1,1.000,1,,0
474.10,474.10,UAV-3,STANDBY,RETURNING,RTH,2006.3,2385.7,3360.8,94.4,12.46,45.75,1,1.000,1,1.000,1,,0
474.10,474.10,UAV-4,STANDBY,RETURNING,RTH,1921.3,2402.0,3347.7,80.1,12.92,47.76,1,1.000,1,1.000,1,,0
474.10,474.10,UAV-5,STANDBY,CHARGING,CHARGING,236.2,3430.0,2868.7,0.3,0.00,94.71,1,1.000,1,0.000,1,,0
474.10,474.10,UAV-6,RELAY,ACTIVE,RELAY_HOLD,2525.9,2424.2,3623.8,244.3,0.00,48.88,1,1.000,1,1.000,1,,0
475.12,475.12,UAV-1,RELAY,KILLED,LANDED,2543.6,2398.9,3388.3,0.3,0.00,82.87,0,1.000,1,0.000,1,,0
475.12,475.12,UAV-2,STANDBY,RETURNING,RTH,2107.8,2380.3,3403.4,96.7,11.76,44.80,1,1.000,1,1.000,1,,0
475.12,475.12,UAV-3,STANDBY,RETURNING,RTH,1994.1,2386.2,3357.4,93.3,12.50,45.63,1,1.000,1,1.000,1,,0
475.12,475.12,UAV-4,STANDBY,RETURNING,RTH,1908.3,2403.4,3345.8,85.2,12.95,47.64,1,1.000,1,1.000,1,,0
475.12,475.12,UAV-5,STANDBY,CHARGING,CHARGING,236.2,3430.0,2868.7,0.3,0.00,95.56,1,1.000,1,0.000,1,,0
475.12,475.12,UAV-6,RELAY,ACTIVE,RELAY_HOLD,2525.9,2424.2,3623.8,244.3,0.00,48.78,1,1.000,1,1.000,1,,0
476.14,476.14,UAV-1,RELAY,KILLED,LANDED,2543.6,2398.9,3388.3,0.3,0.00,82.87,0,1.000,1,0.000,1,,0
476.14,476.14,UAV-2,STANDBY,RETURNING,RTH,2097.4,2380.6,3397.2,95.1,11.97,44.68,1,1.000,1,1.000,1,,0
476.14,476.14,UAV-3,STANDBY,RETURNING,RTH,1981.7,2386.8,3354.4,89.9,12.54,45.51,1,1.000,1,1.000,1,,0
476.14,476.14,UAV-4,STANDBY,RETURNING,RTH,1895.3,2404.6,3344.1,91.3,12.94,47.52,1,1.000,1,1.000,1,,0
476.14,476.14,UAV-5,STANDBY,CHARGING,CHARGING,236.2,3430.0,2868.7,0.3,0.00,96.41,1,1.000,1,0.000,1,,0
476.14,476.14,UAV-6,RELAY,ACTIVE,RELAY_HOLD,2525.9,2424.2,3623.8,244.3,0.00,48.68,1,1.000,1,1.000,1,,0
477.16,477.16,UAV-1,RELAY,KILLED,LANDED,2543.6,2398.9,3388.3,0.3,0.00,82.87,0,1.000,1,0.000,1,,0
477.16,477.16,UAV-2,STANDBY,RETURNING,RTH,2086.6,2380.8,3391.4,94.9,12.07,44.56,1,1.000,1,1.000,1,,0
477.16,477.16,UAV-3,STANDBY,RETURNING,RTH,1969.2,2387.3,3351.7,85.5,12.59,45.39,1,1.000,2,0.958,1,,0
477.16,477.16,UAV-4,STANDBY,RETURNING,RTH,1882.2,2405.8,3342.7,95.7,12.92,47.40,1,1.000,1,1.000,1,,0
477.16,477.16,UAV-5,STANDBY,CHARGING,CHARGING,236.2,3430.0,2868.7,0.3,0.00,97.26,1,1.000,1,0.000,1,,0
477.16,477.16,UAV-6,RELAY,ACTIVE,RELAY_HOLD,2525.9,2424.2,3623.8,244.3,0.00,48.59,1,1.000,1,1.000,1,,0
478.18,478.18,UAV-1,RELAY,KILLED,LANDED,2543.6,2398.9,3388.3,0.3,0.00,82.87,0,1.000,1,0.000,1,,0
478.18,478.18,UAV-2,STANDBY,RETURNING,RTH,2075.5,2381.0,3385.9,96.2,12.16,44.44,1,1.000,1,1.000,1,,0
478.18,478.18,UAV-3,STANDBY,RETURNING,RTH,1956.5,2387.7,3349.3,81.4,12.72,45.27,1,1.000,2,1.000,1,,0
478.18,478.18,UAV-4,STANDBY,RETURNING,RTH,1869.1,2406.8,3341.5,97.8,12.97,47.28,1,1.000,2,1.000,1,,0
478.18,478.18,UAV-5,STANDBY,CHARGING,CHARGING,236.2,3430.0,2868.7,0.3,0.00,98.11,1,1.000,1,0.000,1,,0
478.18,478.18,UAV-6,RELAY,ACTIVE,RELAY_HOLD,2525.9,2424.2,3623.8,244.3,0.00,48.49,1,1.000,1,1.000,1,,0
479.20,479.20,UAV-1,RELAY,KILLED,LANDED,2543.6,2398.9,3388.3,0.3,0.00,82.87,0,1.000,1,0.000,1,,0
479.20,479.20,UAV-2,STANDBY,RETURNING,RTH,2064.1,2381.2,3380.8,97.0,12.24,44.32,1,1.000,1,1.000,1,,0
479.20,479.20,UAV-3,STANDBY,RETURNING,RTH,1943.6,2388.1,3347.1,79.7,12.85,45.15,1,1.000,2,1.000,1,,0
479.20,479.20,UAV-4,STANDBY,RETURNING,RTH,1855.9,2407.6,3340.6,98.5,13.05,47.15,1,1.000,2,1.000,1,,0
479.20,479.20,UAV-5,STANDBY,CHARGING,CHARGING,236.2,3430.0,2868.7,0.3,0.00,98.96,1,1.000,1,0.000,1,,0
479.20,479.20,UAV-6,RELAY,ACTIVE,RELAY_HOLD,2525.9,2424.2,3623.8,244.3,0.00,48.39,1,1.000,1,1.000,1,,0
480.22,480.22,UAV-1,RELAY,KILLED,LANDED,2543.6,2398.9,3388.3,0.3,0.00,82.87,0,1.000,1,0.000,1,,0
480.22,480.22,UAV-2,STANDBY,RETURNING,RTH,2052.6,2381.4,3376.1,96.1,12.27,44.21,1,1.000,1,1.000,1,,0
480.22,480.22,UAV-3,STANDBY,RETURNING,RTH,1930.6,2388.4,3345.3,81.4,12.94,45.03,1,1.000,1,1.000,1,,0
480.22,480.22,UAV-4,STANDBY,RETURNING,RTH,1842.6,2408.2,3339.9,99.6,13.10,47.03,1,1.000,1,1.000,1,,0
480.22,480.22,UAV-5,STANDBY,CHARGING,CHARGING,236.2,3430.0,2868.7,0.3,0.00,99.81,1,1.000,1,0.000,1,,0
480.22,480.22,UAV-6,STANDBY,RETURNING,RTH,2525.9,2424.2,3623.6,244.1,1.53,48.28,1,1.000,1,1.000,1,,0
481.24,481.24,UAV-1,RELAY,KILLED,LANDED,2543.6,2398.9,3388.3,0.3,0.00,82.87,0,1.000,1,0.000,1,,0
481.24,481.24,UAV-2,STANDBY,RETURNING,RTH,2040.8,2381.6,3371.7,95.1,12.31,44.09,1,1.000,1,1.000,1,,0
481.24,481.24,UAV-3,STANDBY,RETURNING,RTH,1917.5,2388.7,3343.8,86.3,12.99,44.91,1,1.000,2,1.000,1,,0
481.24,481.24,UAV-4,STANDBY,RETURNING,RTH,1830.1,2409.0,3338.2,102.5,11.36,46.90,1,1.000,2,1.000,1,,0
481.24,481.24,UAV-5,STANDBY,READY,READY,236.2,3430.0,2868.7,0.3,0.00,100.00,1,1.000,1,0.000,1,,0
481.24,481.24,UAV-6,STANDBY,RETURNING,RTH,2525.6,2423.7,3618.5,239.1,8.17,48.13,1,1.000,1,1.000,1,,0
482.26,482.26,UAV-1,RELAY,KILLED,LANDED,2543.6,2398.9,3388.3,0.3,0.00,82.87,0,1.000,1,0.000,1,,0
482.26,482.26,UAV-2,STANDBY,RETURNING,RTH,2028.9,2381.7,3367.7,94.3,12.37,43.97,1,1.000,1,0.969,1,,0
482.26,482.26,UAV-3,STANDBY,RETURNING,RTH,1904.2,2388.9,3342.6,93.1,13.06,44.79,1,1.000,2,0.998,1,,0
482.26,482.26,UAV-4,STANDBY,RETURNING,RTH,1819.8,2412.4,3334.5,102.1,11.60,46.76,1,1.000,2,0.958,1,,0
482.26,482.26,UAV-5,STANDBY,READY,READY,236.2,3430.0,2868.7,0.3,0.00,100.00,1,1.000,1,0.000,1,,0
482.26,482.26,UAV-6,STANDBY,RETURNING,RTH,2525.3,2422.5,3607.7,228.4,12.82,47.97,1,1.000,1,1.000,1,,0
483.28,483.28,UAV-1,RELAY,KILLED,LANDED,2543.6,2398.9,3388.3,0.3,0.00,82.87,0,1.000,1,0.000,1,,0
483.28,483.28,UAV-2,STANDBY,RETURNING,RTH,2016.8,2381.8,3364.0,94.7,12.41,43.85,1,1.000,1,1.000,1,,0
483.28,483.28,UAV-3,STANDBY,RETURNING,RTH,1891.0,2389.1,3341.6,100.1,13.09,44.66,1,1.000,2,0.948,1,,0
483.28,483.28,UAV-4,STANDBY,RETURNING,RTH,1810.1,2419.0,3330.8,99.8,12.50,46.63,1,1.000,2,0.958,1,,0
483.28,483.28,UAV-5,STANDBY,READY,READY,236.2,3430.0,2868.7,0.3,0.00,100.00,1,1.000,1,0.000,1,,0
483.28,483.28,UAV-6,STANDBY,RETURNING,RTH,2524.7,2420.8,3593.9,214.9,13.71,47.81,1,1.000,1,1.000,1,,0
484.30,484.30,UAV-1,RELAY,KILLED,LANDED,2543.6,2398.9,3388.3,0.3,0.00,82.87,0,1.000,1,0.000,1,,0
484.30,484.30,UAV-2,STANDBY,RETURNING,RTH,2004.5,2382.0,3360.7,96.0,12.51,43.73,1,1.000,2,1.000,1,,0
484.30,484.30,UAV-3,STANDBY,RETURNING,RTH,1878.3,2389.6,3340.1,103.7,11.62,44.54,1,1.000,3,1.000,1,,0
484.30,484.30,UAV-4,STANDBY,RETURNING,RTH,1800.9,2427.8,3327.3,94.3,13.38,46.49,1,1.000,1,1.000,1,,0
484.30,484.30,UAV-5,STANDBY,READY,READY,236.2,3430.0,2868.7,0.3,0.00,100.00,1,1.000,1,0.000,1,,0
484.30,484.30,UAV-6,STANDBY,RETURNING,RTH,2522.7,2418.2,3580.5,201.8,13.46,47.65,1,1.000,1,1.000,1,,0
485.32,485.32,UAV-1,RELAY,KILLED,LANDED,2543.6,2398.9,3388.3,0.3,0.00,82.87,0,1.000,1,0.000,1,,0
485.32,485.32,UAV-2,STANDBY,RETURNING,RTH,1992.1,2382.1,3357.7,95.2,12.56,43.61,1,1.000,1,1.000,1,,0
485.32,485.32,UAV-3,STANDBY,RETURNING,RTH,1867.5,2393.1,3337.1,102.5,11.77,44.40,1,1.000,2,0.958,1,,0
485.32,485.32,UAV-4,STANDBY,RETURNING,RTH,1792.0,2438.2,3324.0,87.4,14.01,46.35,1,1.000,2,1.000,1,,0
485.32,485.32,UAV-5,STANDBY,READY,READY,236.2,3430.0,2868.7,0.3,0.00,100.00,1,1.000,1,0.000,1,,0
485.32,485.32,UAV-6,STANDBY,RETURNING,RTH,2519.2,2415.4,3567.7,189.4,13.20,47.50,1,1.000,1,1.000,1,,0
486.34,486.34,UAV-1,RELAY,KILLED,LANDED,2543.6,2398.9,3388.3,0.3,0.00,82.87,0,1.000,1,0.000,1,,0
486.34,486.34,UAV-2,STANDBY,RETURNING,RTH,1979.5,2382.2,3355.0,92.3,12.66,43.49,1,1.000,2,1.000,1,,0
486.34,486.34,UAV-3,STANDBY,RETURNING,RTH,1857.5,2399.8,3334.2,97.9,12.71,44.26,1,1.000,3,1.000,1,,0
486.34,486.34,UAV-4,STANDBY,RETURNING,RTH,1783.5,2449.5,3320.8,83.5,14.47,46.21,1,1.000,1,1.000,1,,0
486.34,486.34,UAV-5,STANDBY,READY,READY,236.2,3430.0,2868.7,0.3,0.00,100.00,1,1.000,1,0.000,1,,0
486.34,486.34,UAV-6,STANDBY,RETURNING,RTH,2514.5,2412.8,3555.4,177.9,12.96,47.34,1,1.000,1,1.000,1,,0
487.36,487.36,UAV-1,RELAY,KILLED,LANDED,2543.6,2398.9,3388.3,0.3,0.00,82.87,0,1.000,1,0.000,1,,0
487.36,487.36,UAV-2,STANDBY,RETURNING,RTH,1966.8,2382.3,3352.7,88.7,12.77,43.36,1,1.000,1,0.957,1,,0
487.36,487.36,UAV-3,STANDBY,RETURNING,RTH,1847.9,2408.8,3331.3,89.5,13.58,44.12,1,1.000,2,1.000,1,,0
487.36,487.36,UAV-4,STANDBY,RETURNING,RTH,1775.3,2461.6,3317.8,81.9,14.79,46.07,1,1.000,1,1.000,1,,0
487.36,487.36,UAV-5,STANDBY,READY,READY,236.2,3430.0,2868.7,0.3,0.00,100.00,1,1.000,1,0.000,1,,0
487.36,487.36,UAV-6,STANDBY,RETURNING,RTH,2508.9,2410.3,3543.8,167.7,12.77,47.19,1,1.000,1,1.000,1,,0
488.38,488.38,UAV-1,RELAY,KILLED,LANDED,2543.6,2398.9,3388.3,0.3,0.00,82.87,0,1.000,1,0.000,1,,0
488.38,488.38,UAV-2,STANDBY,RETURNING,RTH,1953.9,2382.4,3350.7,85.7,12.84,43.24,1,1.000,2,0.958,1,,0
488.38,488.38,UAV-3,STANDBY,RETURNING,RTH,1838.8,2419.3,3328.7,81.0,14.15,43.98,1,1.000,3,1.000,1,,0
488.38,488.38,UAV-4,STANDBY,RETURNING,RTH,1767.2,2474.1,3314.9,80.8,14.88,45.93,1,1.000,3,1.000,1,,0
488.38,488.38,UAV-5,STANDBY,READY,READY,236.2,3430.0,2868.7,0.3,0.00,100.00,1,1.000,1,0.000,1,,0
488.38,488.38,UAV-6,STANDBY,RETURNING,RTH,2502.4,2408.1,3532.9,158.6,12.56,47.03,1,1.000,1,1.000,1,,0
489.40,489.40,UAV-1,RELAY,KILLED,LANDED,2543.6,2398.9,3388.3,0.3,0.00,82.87,0,1.000,1,0.000,1,,0
489.40,489.40,UAV-2,STANDBY,RETURNING,RTH,1940.8,2382.5,3349.0,85.2,12.90,43.12,1,1.000,2,1.000,1,,0
489.40,489.40,UAV-3,STANDBY,RETURNING,RTH,1829.9,2430.6,3326.1,74.5,14.48,43.84,1,1.000,1,1.000,1,,0
489.40,489.40,UAV-4,STANDBY,RETURNING,RTH,1759.0,2486.6,3312.2,78.6,14.86,45.80,1,1.000,1,1.000,1,,0
489.40,489.40,UAV-5,STANDBY,READY,READY,236.2,3430.0,2868.7,0.3,0.00,100.00,1,1.000,1,0.000,1,,0
489.40,489.40,UAV-6,STANDBY,RETURNING,RTH,2495.3,2406.0,3522.6,149.8,12.36,46.87,1,1.000,1,1.000,1,,0
490.42,490.42,UAV-1,RELAY,KILLED,LANDED,2543.6,2398.9,3388.3,0.3,0.00,82.87,0,1.000,1,0.000,1,,0
490.42,490.42,UAV-2,STANDBY,RETURNING,RTH,1927.7,2382.5,3347.7,88.1,13.00,43.00,1,1.000,2,1.000,1,,0
490.42,490.42,UAV-3,STANDBY,RETURNING,RTH,1821.0,2442.3,3323.7,67.1,14.65,43.71,1,1.000,3,1.000,1,,0
490.42,490.42,UAV-4,STANDBY,RETURNING,RTH,1750.6,2498.9,3309.6,77.3,14.83,45.67,1,1.000,1,1.000,1,,0
490.42,490.42,UAV-5,STANDBY,READY,READY,236.2,3430.0,2868.7,0.3,0.00,100.00,1,1.000,1,0.000,1,,0
490.42,490.42,UAV-6,STANDBY,RETURNING,RTH,2487.6,2404.0,3512.9,140.9,12.21,46.72,1,1.000,1,1.000,1,,0
491.44,491.44,UAV-1,RELAY,KILLED,LANDED,2543.6,2398.9,3388.3,0.3,0.00,82.87,0,1.000,1,0.000,1,,0
491.44,491.44,UAV-2,STANDBY,RETURNING,RTH,1914.4,2382.6,3346.7,94.1,13.08,42.88,1,1.000,1,1.000,1,,0
491.44,491.44,UAV-3,STANDBY,RETURNING,RTH,1811.8,2453.9,3321.4,61.4,14.69,43.58,1,1.000,1,1.000,1,,0
491.44,491.44,UAV-4,STANDBY,RETURNING,RTH,1741.9,2511.0,3307.1,76.3,14.78,45.54,1,1.000,1,1.000,1,,0
491.44,491.44,UAV-5,STANDBY,READY,READY,236.2,3430.0,2868.7,0.3,0.00,100.00,1,1.000,1,0.000,1,,0
491.44,491.44,UAV-6,STANDBY,RETURNING,RTH,2479.3,2402.3,3503.9,133.0,12.11,46.56,1,1.000,2,1.000,1,,0
492.46,492.46,UAV-1,RELAY,KILLED,LANDED,2543.6,2398.9,3388.3,0.3,0.00,82.87,0,1.000,1,0.000,1,,0
492.46,492.46,UAV-2,STANDBY,RETURNING,RTH,1901.9,2383.1,3345.0,99.7,11.59,42.75,1,1.000,2,1.000,1,,0
492.46,492.46,UAV-3,STANDBY,RETURNING,RTH,1802.3,2465.3,3319.3,60.7,14.66,43.45,1,1.000,1,1.000,1,,0
492.46,492.46,UAV-4,STANDBY,RETURNING,RTH,1732.9,2522.8,3304.8,75.4,14.69,45.41,1,1.000,1,1.000,1,,0
492.46,492.46,UAV-5,STANDBY,READY,READY,236.2,3430.0,2868.7,0.3,0.00,100.00,1,1.000,1,0.000,1,,0
492.46,492.46,UAV-6,STANDBY,RETURNING,RTH,2470.4,2400.6,3495.5,127.4,12.06,46.40,1,1.000,1,1.000,1,,0
493.48,493.48,UAV-1,RELAY,KILLED,LANDED,2543.6,2398.9,3388.3,0.3,0.00,82.87,0,1.000,1,0.000,1,,0
493.48,493.48,UAV-2,STANDBY,RETURNING,RTH,1891.1,2386.7,3342.0,101.2,11.83,42.61,1,1.000,2,1.000,1,,0
493.48,493.48,UAV-3,STANDBY,RETURNING,RTH,1792.5,2476.3,3317.2,63.1,14.64,43.32,1,1.000,3,1.000,1,,0
493.48,493.48,UAV-4,STANDBY,RETURNING,RTH,1723.5,2534.2,3302.6,73.9,14.65,45.28,1,1.000,1,1.000,1,,0
493.48,493.48,UAV-5,STANDBY,READY,READY,236.2,3430.0,2868.7,0.3,0.00,100.00,1,1.000,1,0.000,1,,0
493.48,493.48,UAV-6,STANDBY,RETURNING,RTH,2461.0,2399.0,3487.8,123.5,12.05,46.24,1,1.000,3,1.000,1,,0
494.50,494.50,UAV-1,RELAY,KILLED,LANDED,2543.6,2398.9,3388.3,0.3,0.00,82.87,0,1.000,1,0.000,1,,0
494.50,494.50,UAV-2,STANDBY,RETURNING,RTH,1881.0,2393.5,3339.1,100.0,12.74,42.47,1,1.000,2,1.000,1,,0
494.50,494.50,UAV-3,STANDBY,RETURNING,RTH,1782.3,2487.1,3315.3,65.2,14.59,43.20,1,1.000,1,1.000,1,,0
494.50,494.50,UAV-4,STANDBY,RETURNING,RTH,1713.7,2545.3,3300.6,73.9,14.59,45.15,1,1.000,1,1.000,1,,0
494.50,494.50,UAV-5,STANDBY,READY,READY,236.2,3430.0,2868.7,0.3,0.00,100.00,1,1.000,1,0.000,1,,0
494.50,494.50,UAV-6,STANDBY,RETURNING,RTH,2451.1,2397.6,3480.7,121.0,12.04,46.08,1,1.000,1,1.000,1,,0
495.52,495.52,UAV-1,RELAY,KILLED,LANDED,2543.6,2398.9,3388.3,0.3,0.00,82.87,0,1.000,1,0.000,1,,0
495.52,495.52,UAV-2,STANDBY,RETURNING,RTH,1871.5,2402.5,3336.4,95.2,13.51,42.33,1,1.000,2,1.000,1,,0
495.52,495.52,UAV-3,STANDBY,RETURNING,RTH,1771.9,2497.5,3313.5,67.0,14.48,43.07,1,1.000,1,1.000,1,,0
495.52,495.52,UAV-4,STANDBY,RETURNING,RTH,1703.6,2555.9,3298.8,74.5,14.46,45.02,1,1.000,1,1.000,1,,0
495.52,495.52,UAV-5,STANDBY,READY,READY,236.2,3430.0,2868.7,0.3,0.00,100.00,1,1.000,1,0.000,1,,0
495.52,495.52,UAV-6,STANDBY,RETURNING,RTH,2440.7,2396.3,3474.2,119.0,12.06,45.93,1,1.000,3,0.913,1,,0
496.54,496.54,UAV-1,RELAY,KILLED,LANDED,2543.6,2398.9,3388.3,0.3,0.00,82.87,0,1.000,1,0.000,1,,0
496.54,496.54,UAV-2,STANDBY,RETURNING,RTH,1862.1,2412.6,3333.8,86.4,13.98,42.20,1,1.000,2,0.998,1,,0
496.54,496.54,UAV-3,STANDBY,RETURNING,RTH,1761.2,2507.5,3311.9,70.3,14.37,42.94,1,1.000,1,1.000,1,,0
496.54,496.54,UAV-4,STANDBY,RETURNING,RTH,1693.1,2566.1,3297.1,75.6,14.35,44.89,1,1.000,1,1.000,1,,0
496.54,496.54,UAV-5,STANDBY,READY,READY,236.2,3430.0,2868.7,0.3,0.00,100.00,1,1.000,1,0.000,1,,0
496.54,496.54,UAV-6,STANDBY,RETURNING,RTH,2430.0,2395.1,3468.3,116.7,12.09,45.77,1,1.000,3,0.976,1,,0
497.56,497.56,UAV-1,RELAY,KILLED,LANDED,2543.6,2398.9,3388.3,0.3,0.00,82.87,0,1.000,1,0.000,1,,0
497.56,497.56,UAV-2,STANDBY,RETURNING,RTH,1852.7,2423.3,3331.3,75.7,14.24,42.07,1,1.000,1,1.000,1,,0
497.56,497.56,UAV-3,STANDBY,RETURNING,RTH,1750.3,2517.0,3310.4,73.0,14.29,42.82,1,1.000,1,1.000,1,,0
497.56,497.56,UAV-4,STANDBY,RETURNING,RTH,1682.3,2575.7,3295.6,77.3,14.26,44.77,1,1.000,1,1.000,1,,0
497.56,497.56,UAV-5,STANDBY,READY,READY,236.2,3430.0,2868.7,0.3,0.00,100.00,1,1.000,1,0.000,1,,0
497.56,497.56,UAV-6,STANDBY,RETURNING,RTH,2418.9,2394.0,3463.0,114.0,12.18,45.61,1,1.000,2,0.719,1,,0
498.58,498.58,UAV-1,RELAY,KILLED,LANDED,2543.6,2398.9,3388.3,0.3,0.00,82.87,0,1.000,1,0.000,1,,0
498.58,498.58,UAV-2,STANDBY,RETURNING,RTH,1843.0,2434.0,3328.9,65.5,14.40,41.94,1,1.000,1,1.000,1,,0
498.58,498.58,UAV-3,STANDBY,RETURNING,RTH,1739.0,2526.1,3309.0,75.0,14.24,42.69,1,1.000,1,1.000,1,,0
498.58,498.58,UAV-4,STANDBY,RETURNING,RTH,1671.0,2584.8,3294.2,80.0,14.19,44.64,1,1.000,1,1.000,1,,0
498.58,498.58,UAV-5,STANDBY,READY,READY,236.2,3430.0,2868.7,0.3,0.00,100.00,1,1.000,1,0.000,1,,0
498.58,498.58,UAV-6,STANDBY,RETURNING,RTH,2407.4,2393.1,3458.3,111.1,12.27,45.45,1,1.000,2,0.762,1,,0
499.60,499.60,UAV-1,RELAY,KILLED,LANDED,2543.6,2398.9,3388.3,0.3,0.00,82.87,0,1.000,1,0.000,1,,0
499.60,499.60,UAV-2,STANDBY,RETURNING,RTH,1833.0,2444.5,3326.7,59.4,14.46,41.81,1,1.000,2,1.000,1,,0
499.60,499.60,UAV-3,STANDBY,RETURNING,RTH,1727.4,2534.6,3307.7,76.8,14.14,42.57,1,1.000,1,1.000,1,,0
499.60,499.60,UAV-4,STANDBY,RETURNING,RTH,1659.3,2593.1,3293.0,83.6,14.05,44.52,1,1.000,1,1.000,1,,0
499.60,499.60,UAV-5,STANDBY,READY,READY,236.2,3430.0,2868.7,0.3,0.00,100.00,1,1.000,1,0.000,1,,0
499.60,499.60,UAV-6,STANDBY,RETURNING,RTH,2395.5,2392.3,3454.1,108.2,12.35,45.29,1,1.000,3,0.882,1,,0
500.62,500.62,UAV-1,RELAY,KILLED,LANDED,2543.6,2398.9,3388.3,0.3,0.00,82.87,0,1.000,1,0.000,1,,0
500.62,500.62,UAV-2,STANDBY,RETURNING,RTH,1822.5,2454.7,3324.6,57.5,14.46,41.69,1,1.000,2,1.000,1,,0
500.62,500.62,UAV-3,STANDBY,RETURNING,RTH,1715.4,2542.5,3306.6,79.7,14.01,42.44,1,1.000,1,1.000,1,,0
500.62,500.62,UAV-4,STANDBY,RETURNING,RTH,1647.3,2600.6,3292.0,87.9,13.87,44.40,1,1.000,1,1.000,1,,0
500.62,500.62,UAV-5,STANDBY,READY,READY,236.2,3430.0,2868.7,0.3,0.00,100.00,1,1.000,1,0.000,1,,0
500.62,500.62,UAV-6,STANDBY,RETURNING,RTH,2383.4,2391.6,3450.6,105.6,12.44,45.13,1,1.000,3,0.594,1,,0
501.64,501.64,UAV-1,RELAY,KILLED,LANDED,2543.6,2398.9,3388.3,0.3,0.00,82.87,0,1.000,1,0.000,1,,0
501.64,501.64,UAV-2,STANDBY,RETURNING,RTH,1811.8,2464.6,3322.7,57.0,14.47,41.56,1,1.000,1,1.000,1,,0
501.64,501.64,UAV-3,STANDBY,RETURNING,RTH,1703.1,2549.6,3305.7,83.9,13.90,42.32,1,1.000,1,1.000,1,,0
501.64,501.64,UAV-4,STANDBY,RETURNING,RTH,1634.8,2607.0,3291.2,92.2,13.71,44.28,1,1.000,1,1.000,1,,0
501.64,501.64,UAV-5,STANDBY,READY,READY,236.2,3430.0,2868.7,0.3,0.00,100.00,1,1.000,1,0.000,1,,0
501.64,501.64,UAV-6,STANDBY,RETURNING,RTH,2371.0,2390.9,3447.6,103.1,12.60,44.98,1,1.000,2,0.599,1,,0
502.66,502.66,UAV-1,RELAY,KILLED,LANDED,2543.6,2398.9,3388.3,0.3,0.00,82.87,0,1.000,1,0.000,1,,0
502.66,502.66,UAV-2,STANDBY,RETURNING,RTH,1800.7,2474.2,3320.8,60.7,14.44,41.43,1,1.000,1,1.000,1,,0
502.66,502.66,UAV-3,STANDBY,RETURNING,RTH,1690.5,2555.8,3304.9,88.6,13.75,42.20,1,1.000,1,1.000,1,,0
502.66,502.66,UAV-4,STANDBY,RETURNING,RTH,1621.9,2612.2,3290.6,97.7,13.52,44.15,1,1.000,1,1.000,1,,0
502.66,502.66,UAV-5,STANDBY,READY,READY,236.2,3430.0,2868.7,0.3,0.00,100.00,1,1.000,1,0.000,1,,0
502.66,502.66,UAV-6,STANDBY,RETURNING,RTH,2358.4,2390.4,3445.1,102.0,12.74,44.82,1,1.000,2,0.554,1,,0
503.68,503.68,UAV-1,RELAY,KILLED,LANDED,2543.6,2398.9,3388.3,0.3,0.00,82.87,0,1.000,1,0.000,1,,0
503.68,503.68,UAV-2,STANDBY,RETURNING,RTH,1789.4,2483.4,3319.1,65.3,14.32,41.31,1,1.000,1,1.000,1,,0
503.68,503.68,UAV-3,STANDBY,RETURNING,RTH,1677.6,2561.0,3304.3,93.6,13.53,42.08,1,1.000,1,1.000,1,,0
503.68,503.68,UAV-4,STANDBY,RETURNING,RTH,1609.8,2616.4,3289.0,101.8,11.88,44.03,1,1.000,1,1.000,1,,0
503.68,503.68,UAV-5,STANDBY,READY,READY,236.2,3430.0,2868.7,0.3,0.00,100.00,1,1.000,1,0.000,1,,0
503.68,503.68,UAV-6,STANDBY,RETURNING,RTH,2345.5,2390.0,3443.3,102.5,12.84,44.66,1,1.000,2,0.813,1,,0
504.70,504.70,UAV-1,RELAY,KILLED,LANDED,2543.6,2398.9,3388.3,0.3,0.00,82.87,0,1.000,1,0.000,1,,0
504.70,504.70,UAV-2,STANDBY,RETURNING,RTH,1777.9,2492.2,3317.6,68.6,14.25,41.19,1,1.000,1,1.000,1,,0
504.70,504.70,UAV-3,STANDBY,RETURNING,RTH,1664.5,2565.1,3303.8,98.7,13.19,41.95,1,1.000,1,1.000,1,,0
504.70,504.70,UAV-4,STANDBY,RETURNING,RTH,1599.7,2622.4,3285.3,102.4,12.47,43.89,1,1.000,1,1.000,1,,0
504.70,504.70,UAV-5,STANDBY,READY,READY,236.2,3430.0,2868.7,0.3,0.00,100.00,1,1.000,1,0.000,1,,0
504.70,504.70,UAV-6,STANDBY,RETURNING,RTH,2332.4,2389.7,3441.9,104.7,12.60,44.50,1,1.000,2,0.862,1,,0
505.72,505.72,UAV-1,RELAY,KILLED,LANDED,2543.6,2398.9,3388.3,0.3,0.00,82.87,0,1.000,1,0.000,1,,0
505.72,505.72,UAV-2,STANDBY,RETURNING,RTH,1766.1,2500.4,3316.2,73.0,14.14,41.06,1,1.000,1,1.000,1,,0
505.72,505.72,UAV-3,STANDBY,RETURNING,RTH,1653.5,2569.1,3300.7,100.1,11.79,41.82,1,1.000,1,1.000,1,,0
505.72,505.72,UAV-4,STANDBY,RETURNING,RTH,1590.2,2630.8,3281.6,102.1,13.30,43.75,1,1.000,1,1.000,1,,0
505.72,505.72,UAV-5,STANDBY,READY,READY,236.2,3430.0,2868.7,0.3,0.00,100.00,1,1.000,1,0.000,1,,0
505.72,505.72,UAV-6,STANDBY,RETURNING,RTH,2320.5,2389.2,3438.8,105.5,11.95,44.35,1,1.000,2,0.917,1,,0
506.74,506.74,UAV-1,RELAY,KILLED,LANDED,2543.6,2398.9,3388.3,0.3,0.00,82.87,0,1.000,1,0.000,1,,0
506.74,506.74,UAV-2,STANDBY,RETURNING,RTH,1754.0,2508.0,3314.9,77.8,14.02,40.94,1,1.000,1,1.000,1,,0
506.74,506.74,UAV-3,STANDBY,RETURNING,RTH,1643.8,2575.5,3296.4,98.6,12.59,41.68,1,1.000,1,1.000,1,,0
506.74,506.74,UAV-4,STANDBY,RETURNING,RTH,1581.2,2640.8,3278.2,101.1,13.93,43.61,1,1.000,1,1.000,1,,0
506.74,506.74,UAV-5,STANDBY,READY,READY,236.2,3430.0,2868.7,0.3,0.00,100.00,1,1.000,1,0.000,1,,0
506.74,506.74,UAV-6,STANDBY,RETURNING,RTH,2308.8,2388.3,3435.3,104.1,12.15,44.19,1,1.000,2,0.789,1,,0
507.76,507.76,UAV-1,RELAY,KILLED,LANDED,2543.6,2398.9,3388.3,0.3,0.00,82.87,0,1.000,1,0.000,1,,0
507.76,507.76,UAV-2,STANDBY,RETURNING,RTH,1741.7,2515.0,3313.8,82.0,13.86,40.82,1,1.000,1,1.000,1,,0
507.76,507.76,UAV-3,STANDBY,RETURNING,RTH,1634.6,2584.2,3292.3,96.4,13.36,41.54,1,1.000,1,1.000,1,,0
507.76,507.76,UAV-4,STANDBY,RETURNING,RTH,1572.7,2652.0,3274.8,98.9,14.35,43.47,1,1.000,1,1.000,1,,0
507.76,507.76,UAV-5,STANDBY,READY,READY,236.2,3430.0,2868.7,0.3,0.00,100.00,1,1.000,1,0.000,1,,0
507.76,507.76,UAV-6,STANDBY,RETURNING,RTH,2296.8,2387.5,3431.9,99.7,12.26,44.03,1,1.000,2,0.905,1,,0
508.78,508.78,UAV-1,RELAY,KILLED,LANDED,2543.6,2398.9,3388.3,0.3,0.00,82.87,0,1.000,1,0.000,1,,0
508.78,508.78,UAV-2,STANDBY,RETURNING,RTH,1729.2,2521.3,3312.8,86.0,13.64,40.69,1,1.000,1,1.000,1,,0
508.78,508.78,UAV-3,STANDBY,RETURNING,RTH,1626.0,2594.3,3288.4,94.0,13.87,41.41,1,1.000,1,1.000,1,,0
508.78,508.78,UAV-4,STANDBY,RETURNING,RTH,1564.5,2663.8,3271.7,97.0,14.57,43.33,1,1.000,1,1.000,1,,0
508.78,508.78,UAV-5,STANDBY,READY,READY,236.2,3430.0,2868.7,0.3,0.00,100.00,1,1.000,1,0.000,1,,0
508.78,508.78,UAV-6,STANDBY,RETURNING,RTH,2284.7,2386.6,3428.7,93.4,12.29,43.87,1,1.000,2,0.935,1,,0
509.80,509.80,UAV-1,RELAY,KILLED,LANDED,2543.6,2398.9,3388.3,0.3,0.00,82.87,0,1.000,1,0.000,1,,0
509.80,509.80,UAV-2,STANDBY,RETURNING,RTH,1716.5,2526.8,3312.0,89.1,13.50,40.57,1,1.000,1,1.000,1,,0
509.80,509.80,UAV-3,STANDBY,RETURNING,RTH,1617.7,2605.5,3284.7,93.0,14.25,41.27,1,1.000,1,1.000,1,,0
509.80,509.80,UAV-4,STANDBY,RETURNING,RTH,1556.6,2676.2,3268.6,95.4,14.72,43.19,1,1.000,1,1.000,1,,0
509.80,509.80,UAV-5,STANDBY,READY,READY,236.2,3430.0,2868.7,0.3,0.00,100.00,1,1.000,1,0.000,1,,0
509.80,509.80,UAV-6,STANDBY,RETURNING,RTH,2272.5,2385.9,3425.7,88.9,12.40,43.71,1,1.000,2,0.902,1,,0
510.82,510.82,UAV-1,RELAY,KILLED,LANDED,2543.6,2398.9,3388.3,0.3,0.00,82.87,0,1.000,1,0.000,1,,0
510.82,510.82,UAV-2,STANDBY,RETURNING,RTH,1703.6,2531.4,3311.4,93.4,13.41,40.45,1,1.000,2,1.000,1,,0
510.82,510.82,UAV-3,STANDBY,RETURNING,RTH,1609.8,2617.3,3281.2,94.2,14.55,41.13,1,1.000,1,1.000,1,,0
510.82,510.82,UAV-4,STANDBY,RETURNING,RTH,1548.7,2688.6,3265.8,95.8,14.77,43.06,1,1.000,1,1.000,1,,0
510.82,510.82,UAV-5,STANDBY,READY,READY,236.2,3430.0,2868.7,0.3,0.00,100.00,1,1.000,1,0.000,1,,0
510.82,510.82,UAV-6,STANDBY,RETURNING,RTH,2260.2,2385.1,3422.9,87.1,12.49,43.55,1,1.000,3,0.872,1,,0
511.84,511.84,UAV-1,RELAY,KILLED,LANDED,2543.6,2398.9,3388.3,0.3,0.00,82.87,0,1.000,1,0.000,1,,0
511.84,511.84,UAV-2,STANDBY,RETURNING,RTH,1690.5,2535.1,3310.9,98.8,13.32,40.32,1,1.000,1,1.000,1,,0
511.84,511.84,UAV-3,STANDBY,RETURNING,RTH,1602.0,2629.6,3277.8,94.0,14.76,40.99,1,1.000,1,1.000,1,,0
511.84,511.84,UAV-4,STANDBY,RETURNING,RTH,1540.5,2700.9,3263.0,98.4,14.76,42.93,1,1.000,1,1.000,1,,0
511.84,511.84,UAV-5,STANDBY,READY,READY,236.2,3430.0,2868.7,0.3,0.00,100.00,1,1.000,1,0.000,1,,0
511.84,511.84,UAV-6,STANDBY,RETURNING,RTH,2247.7,2384.4,3420.4,86.7,12.60,43.40,1,1.000,2,0.994,1,,0
512.86,512.86,UAV-1,RELAY,KILLED,LANDED,2543.6,2398.9,3388.3,0.3,0.00,82.87,0,1.000,1,0.000,1,,0
512.86,512.86,UAV-2,STANDBY,RETURNING,RTH,1679.1,2538.3,3308.1,100.3,11.53,40.20,1,1.000,1,1.000,1,,0
512.86,512.86,UAV-3,STANDBY,RETURNING,RTH,1594.1,2642.1,3274.6,90.2,14.85,40.85,1,1.000,1,1.000,1,,0
512.86,512.86,UAV-4,STANDBY,RETURNING,RTH,1531.9,2713.0,3260.4,98.5,14.74,42.80,1,1.000,1,1.000,1,,0
512.86,512.86,UAV-5,STANDBY,READY,READY,236.2,3430.0,2868.7,0.3,0.00,100.00,1,1.000,1,0.000,1,,0
512.86,512.86,UAV-6,STANDBY,RETURNING,RTH,2235.0,2383.8,3418.0,86.0,12.74,43.24,1,1.000,2,0.923,1,,0
513.88,513.88,UAV-1,RELAY,KILLED,LANDED,2543.6,2398.9,3388.3,0.3,0.00,82.87,0,1.000,1,0.000,1,,0
513.88,513.88,UAV-2,STANDBY,RETURNING,RTH,1669.5,2543.8,3303.2,99.2,12.24,40.06,1,1.000,2,1.000,1,,0
513.88,513.88,UAV-3,STANDBY,RETURNING,RTH,1586.0,2654.5,3271.5,86.3,14.84,40.72,1,1.000,1,1.000,1,,0
513.88,513.88,UAV-4,STANDBY,RETURNING,RTH,1523.0,2724.9,3258.0,95.3,14.69,42.67,1,1.000,1,1.000,1,,0
513.88,513.88,UAV-5,STANDBY,READY,READY,236.2,3430.0,2868.7,0.3,0.00,100.00,1,1.000,1,0.000,1,,0
513.88,513.88,UAV-6,STANDBY,RETURNING,RTH,2222.1,2383.2,3415.8,85.1,12.80,43.08,1,1.000,3,0.912,1,,0
514.90,514.90,UAV-1,RELAY,KILLED,LANDED,2543.6,2398.9,3388.3,0.3,0.00,82.87,0,1.000,1,0.000,1,,0
514.90,514.90,UAV-2,STANDBY,RETURNING,RTH,1660.5,2551.7,3298.5,97.9,13.03,39.92,1,1.000,1,1.000,1,,0
514.90,514.90,UAV-3,STANDBY,RETURNING,RTH,1577.6,2666.7,3268.6,84.4,14.75,40.59,1,1.000,1,1.000,1,,0
514.90,514.90,UAV-4,STANDBY,RETURNING,RTH,1513.8,2736.4,3255.7,92.1,14.57,42.54,1,1.000,1,1.000,1,,0
514.90,514.90,UAV-5,STANDBY,READY,READY,236.2,3430.0,2868.7,0.3,0.00,100.00,1,1.000,1,0.000,1,,0
514.90,514.90,UAV-6,STANDBY,RETURNING,RTH,2209.2,2382.7,3413.8,84.2,12.82,42.92,1,1.000,2,0.000,1,,0
515.92,515.92,UAV-1,RELAY,KILLED,LANDED,2543.6,2398.9,3388.3,0.3,0.00,82.87,0,1.000,1,0.000,1,,0
515.92,515.92,UAV-2,STANDBY,RETURNING,RTH,1651.9,2561.3,3294.0,95.9,13.65,39.78,1,1.000,1,1.000,1,,0
515.92,515.92,UAV-3,STANDBY,RETURNING,RTH,1568.9,2678.6,3265.8,84.0,14.66,40.46,1,1.000,1,1.000,1,,0
515.92,515.92,UAV-4,STANDBY,RETURNING,RTH,1504.3,2747.5,3253.5,91.2,14.48,42.41,1,1.000,1,1.000,1,,0
515.92,515.92,UAV-5,STANDBY,READY,READY,236.2,3430.0,2868.7,0.3,0.00,100.00,1,1.000,1,0.000,1,,0
515.92,515.92,UAV-6,STANDBY,RETURNING,RTH,2196.3,2382.2,3412.0,84.2,12.89,42.76,1,1.000,2,0.335,1,,0
516.94,516.94,UAV-1,RELAY,KILLED,LANDED,2543.6,2398.9,3388.3,0.3,0.00,82.87,0,1.000,1,0.000,1,,0
516.94,516.94,UAV-2,STANDBY,RETURNING,RTH,1643.7,2572.0,3289.7,92.9,14.11,39.64,1,1.000,1,1.000,1,,0
516.94,516.94,UAV-3,STANDBY,RETURNING,RTH,1559.9,2690.2,3263.3,85.1,14.60,40.33,1,1.000,1,1.000,1,,0
516.94,516.94,UAV-4,STANDBY,RETURNING,RTH,1494.5,2758.3,3251.5,91.8,14.41,42.28,1,1.000,1,1.000,1,,0
516.94,516.94,UAV-5,STANDBY,READY,READY,236.2,3430.0,2868.7,0.3,0.00,100.00,1,1.000,1,0.000,1,,0
516.94,516.94,UAV-6,STANDBY,RETURNING,RTH,2183.2,2381.7,3410.4,85.3,12.94,42.60,1,1.000,1,1.000,1,,0
517.96,517.96,UAV-1,RELAY,KILLED,LANDED,2543.6,2398.9,3388.3,0.3,0.00,82.87,0,1.000,1,0.000,1,,0
517.96,517.96,UAV-2,STANDBY,RETURNING,RTH,1635.7,2583.5,3285.6,89.3,14.42,39.50,1,1.000,1,1.000,1,,0
517.96,517.96,UAV-3,STANDBY,RETURNING,RTH,1550.5,2701.5,3260.9,89.7,14.50,40.20,1,1.000,1,1.000,1,,0
517.96,517.96,UAV-4,STANDBY,RETURNING,RTH,1484.3,2768.7,3249.7,92.7,14.30,42.15,1,1.000,1,1.000,1,,0
517.96,517.96,UAV-5,STANDBY,READY,READY,236.2,3430.0,2868.7,0.3,0.00,100.00,1,1.000,1,0.000,1,,0
517.96,517.96,UAV-6,STANDBY,RETURNING,RTH,2170.1,2381.3,3409.0,87.3,12.97,42.45,1,1.000,1,1.000,1,,0
518.98,518.98,UAV-1,RELAY,KILLED,LANDED,2543.6,2398.9,3388.3,0.3,0.00,82.87,0,1.000,1,0.000,1,,0
518.98,518.98,UAV-2,STANDBY,RETURNING,RTH,1628.0,2595.5,3281.6,86.3,14.65,39.36,1,1.000,1,1.000,1,,0
518.98,518.98,UAV-3,STANDBY,RETURNING,RTH,1540.8,2712.4,3258.6,93.1,14.41,40.07,1,1.000,1,1.000,1,,0
518.98,518.98,UAV-4,STANDBY,RETURNING,RTH,1473.7,2778.5,3248.0,91.9,14.22,42.03,1,1.000,1,1.000,1,,0
518.98,518.98,UAV-5,STANDBY,READY,READY,236.2,3430.0,2868.7,0.3,0.00,100.00,1,1.000,1,0.000,1,,0
518.98,518.98,UAV-6,STANDBY,RETURNING,RTH,2156.9,2381.0,3407.8,89.4,13.02,42.29,1,1.000,1,1.000,1,,0
520.00,520.00,UAV-1,RELAY,KILLED,LANDED,2543.6,2398.9,3388.3,0.3,0.00,82.87,0,1.000,1,0.000,1,,0
520.00,520.00,UAV-2,STANDBY,RETURNING,RTH,1620.3,2607.9,3277.9,85.2,14.79,39.23,1,1.000,1,1.000,1,,0
520.00,520.00,UAV-3,STANDBY,RETURNING,RTH,1530.8,2722.8,3256.6,91.9,14.30,39.95,1,1.000,1,1.000,1,,0
520.00,520.00,UAV-4,STANDBY,RETURNING,RTH,1462.8,2787.9,3246.5,90.7,14.10,41.90,1,1.000,1,1.000,1,,0
520.00,520.00,UAV-5,STANDBY,READY,READY,236.2,3430.0,2868.7,0.3,0.00,100.00,1,1.000,1,0.000,1,,0
520.00,520.00,UAV-6,STANDBY,RETURNING,RTH,2143.6,2380.6,3406.9,91.4,13.07,42.13,1,1.000,1,1.000,1,,0
521.02,521.02,UAV-1,RELAY,KILLED,LANDED,2543.6,2398.9,3388.3,0.3,0.00,82.87,0,1.000,1,0.000,1,,0
521.02,521.02,UAV-2,STANDBY,RETURNING,RTH,1612.8,2620.5,3274.3,86.3,14.80,39.09,1,1.000,1,1.000,1,,0
521.02,521.02,UAV-3,STANDBY,RETURNING,RTH,1520.4,2732.8,3254.7,89.6,14.13,39.82,1,1.000,1,1.000,1,,0
521.02,521.02,UAV-4,STANDBY,RETURNING,RTH,1451.5,2796.5,3245.2,92.9,13.90,41.78,1,1.000,1,1.000,1,,0
521.02,521.02,UAV-5,STANDBY,READY,READY,236.2,3430.0,2868.7,0.3,0.00,100.00,1,1.000,1,0.000,1,,0
521.02,521.02,UAV-6,STANDBY,RETURNING,RTH,2130.3,2380.4,3406.1,93.0,13.05,41.97,1,1.000,1,1.000,1,,0
522.04,522.04,UAV-1,RELAY,KILLED,LANDED,2543.6,2398.9,3388.3,0.3,0.00,82.87,0,1.000,1,0.000,1,,0
522.04,522.04,UAV-2,STANDBY,RETURNING,RTH,1605.2,2633.1,3270.9,85.2,14.75,38.95,1,1.000,1,1.000,1,,0
522.04,522.04,UAV-3,STANDBY,RETURNING,RTH,1509.7,2742.2,3253.0,89.4,14.00,39.70,1,1.000,1,1.000,1,,0
522.04,522.04,UAV-4,STANDBY,RETURNING,RTH,1439.9,2804.4,3244.1,96.3,13.73,41.66,1,1.000,1,1.000,1,,0
522.04,522.04,UAV-5,STANDBY,READY,READY,236.2,3430.0,2868.7,0.3,0.00,100.00,1,1.000,1,0.000,1,,0
522.04,522.04,UAV-6,STANDBY,RETURNING,RTH,2117.0,2380.2,3405.5,95.4,13.08,41.81,1,1.000,1,1.000,1,,0
523.06,523.06,UAV-1,RELAY,KILLED,LANDED,2543.6,2398.9,3388.3,0.3,0.00,82.87,0,1.000,1,0.000,1,,0
523.06,523.06,UAV-2,STANDBY,RETURNING,RTH,1597.4,2645.5,3267.7,80.0,14.69,38.82,1,1.000,1,1.000,1,,0
523.06,523.06,UAV-3,STANDBY,RETURNING,RTH,1498.7,2751.0,3251.6,91.5,13.85,39.57,1,1.000,1,1.000,1,,0
523.06,523.06,UAV-4,STANDBY,RETURNING,RTH,1428.0,2811.5,3243.1,98.7,13.54,41.53,1,1.000,1,1.000,1,,0
523.06,523.06,UAV-5,STANDBY,READY,READY,236.2,3430.0,2868.7,0.3,0.00,100.00,1,1.000,1,0.000,1,,0
523.06,523.06,UAV-6,STANDBY,RETURNING,RTH,2105.0,2380.2,3403.1,97.7,11.24,41.66,1,1.000,1,1.000,1,,0
524.08,524.08,UAV-1,RELAY,KILLED,LANDED,2543.6,2398.9,3388.3,0.3,0.00,82.87,0,1.000,1,0.000,1,,0
524.08,524.08,UAV-2,STANDBY,RETURNING,RTH,1589.3,2657.7,3264.6,75.8,14.65,38.69,1,1.000,1,1.000,1,,0
524.08,524.08,UAV-3,STANDBY,RETURNING,RTH,1487.2,2759.0,3250.3,95.4,13.72,39.45,1,1.000,1,1.000,1,,0
524.08,524.08,UAV-4,STANDBY,RETURNING,RTH,1415.7,2817.5,3242.3,101.6,13.41,41.41,1,1.000,1,1.000,1,,0
524.08,524.08,UAV-5,STANDBY,READY,READY,236.2,3430.0,2868.7,0.3,0.00,100.00,1,1.000,1,0.000,1,,0
524.08,524.08,UAV-6,STANDBY,RETURNING,RTH,2094.9,2380.6,3397.3,96.4,11.65,41.51,1,1.000,1,1.000,1,,0
525.10,525.10,UAV-1,RELAY,KILLED,LANDED,2543.6,2398.9,3388.3,0.3,0.00,82.87,0,1.000,1,0.000,1,,0
525.10,525.10,UAV-2,STANDBY,RETURNING,RTH,1580.7,2669.6,3261.8,74.2,14.66,38.56,1,1.000,1,1.000,1,,0
525.10,525.10,UAV-3,STANDBY,RETURNING,RTH,1475.2,2766.1,3249.2,100.1,13.66,39.33,1,1.000,1,1.000,1,,0
525.10,525.10,UAV-4,STANDBY,RETURNING,RTH,1402.9,2822.4,3241.7,105.5,13.36,41.29,1,1.000,1,1.000,1,,0
525.10,525.10,UAV-5,STANDBY,READY,READY,236.2,3430.0,2868.7,0.3,0.00,100.00,1,1.000,1,0.000,1,,0
525.10,525.10,UAV-6,STANDBY,RETURNING,RTH,2084.3,2381.2,3391.5,95.9,12.02,41.35,1,1.000,1,1.000,1,,0
526.12,526.12,UAV-1,RELAY,KILLED,LANDED,2543.6,2398.9,3388.3,0.3,0.00,82.87,0,1.000,1,0.000,1,,0
526.12,526.12,UAV-2,STANDBY,RETURNING,RTH,1571.7,2681.1,3259.1,74.6,14.59,38.43,1,1.000,1,1.000,1,,0
526.12,526.12,UAV-3,STANDBY,RETURNING,RTH,1462.8,2772.2,3248.3,103.9,13.50,39.20,1,1.000,1,1.000,1,,0
526.12,526.12,UAV-4,STANDBY,RETURNING,RTH,1390.7,2826.1,3240.2,107.2,11.61,41.16,1,1.000,1,1.000,1,,0
526.12,526.12,UAV-5,STANDBY,READY,READY,236.2,3430.0,2868.7,0.3,0.00,100.00,1,1.000,1,0.000,1,,0
526.12,526.12,UAV-6,STANDBY,RETURNING,RTH,2073.3,2381.8,3385.9,96.9,12.16,41.19,1,1.000,1,1.000,1,,0
527.14,527.14,UAV-1,RELAY,KILLED,LANDED,2543.6,2398.9,3388.3,0.3,0.00,82.87,0,1.000,1,0.000,1,,0
527.14,527.14,UAV-2,STANDBY,RETURNING,RTH,1562.3,2692.3,3256.7,76.4,14.49,38.30,1,1.000,1,1.000,1,,0
527.14,527.14,UAV-3,STANDBY,RETURNING,RTH,1450.0,2777.1,3247.7,107.0,13.32,39.08,1,1.000,1,1.000,1,,0
527.14,527.14,UAV-4,STANDBY,RETURNING,RTH,1381.0,2831.0,3235.4,102.7,11.95,41.03,1,1.000,1,1.000,1,,0
527.14,527.14,UAV-5,STANDBY,READY,READY,236.2,3430.0,2868.7,0.3,0.00,100.00,1,1.000,1,0.000,1,,0
527.14,527.14,UAV-6,STANDBY,RETURNING,RTH,2062.0,2382.4,3380.8,97.0,12.22,41.03,1,1.000,1,1.000,1,,0
528.16,528.16,UAV-1,RELAY,KILLED,LANDED,2543.6,2398.9,3388.3,0.3,0.00,82.87,0,1.000,1,0.000,1,,0
528.16,528.16,UAV-2,STANDBY,RETURNING,RTH,1552.5,2703.1,3254.4,81.5,14.39,38.17,1,1.000,1,1.000,1,,0
528.16,528.16,UAV-3,STANDBY,RETURNING,RTH,1438.0,2780.9,3246.0,107.8,11.74,38.95,1,1.000,1,1.000,1,,0
528.16,528.16,UAV-4,STANDBY,RETURNING,RTH,1371.9,2838.4,3230.6,97.0,12.78,40.89,1,1.000,1,1.000,1,,0
528.16,528.16,UAV-5,STANDBY,READY,READY,236.2,3430.0,2868.7,0.3,0.00,100.00,1,1.000,1,0.000,1,,0
528.16,528.16,UAV-6,STANDBY,RETURNING,RTH,2050.5,2382.9,3375.9,95.9,12.27,40.87,1,1.000,1,1.000,1,,0
529.18,529.18,UAV-1,RELAY,KILLED,LANDED,2543.6,2398.9,3388.3,0.3,0.00,82.87,0,1.000,1,0.000,1,,0
529.18,529.18,UAV-2,STANDBY,RETURNING,RTH,1542.3,2713.4,3252.3,85.8,14.34,38.05,1,1.000,1,1.000,1,,0
529.18,529.18,UAV-3,STANDBY,RETURNING,RTH,1427.9,2786.5,3242.2,104.4,12.30,38.82,1,1.000,1,1.000,1,,0
529.18,529.18,UAV-4,STANDBY,RETURNING,RTH,1363.3,2847.6,3226.0,91.8,13.55,40.75,1,1.000,1,1.000,1,,0
529.18,529.18,UAV-5,STANDBY,READY,READY,236.2,3430.0,2868.7,0.3,0.00,100.00,1,1.000,1,0.000,1,,0
529.18,529.18,UAV-6,STANDBY,RETURNING,RTH,2038.8,2383.4,3371.3,94.7,12.37,40.71,1,1.000,1,1.000,1,,0
530.20,530.20,UAV-1,RELAY,KILLED,LANDED,2543.6,2398.9,3388.3,0.3,0.00,82.87,0,1.000,1,0.000,1,,0
530.20,530.20,UAV-2,STANDBY,RETURNING,RTH,1531.6,2723.2,3250.5,85.3,14.26,37.92,1,1.000,2,1.000,1,,0
530.20,530.20,UAV-3,STANDBY,RETURNING,RTH,1418.4,2794.6,3238.4,100.5,13.17,38.68,1,1.000,1,1.000,1,,0
530.20,530.20,UAV-4,STANDBY,RETURNING,RTH,1354.8,2858.0,3221.6,88.6,14.05,40.62,1,1.000,1,1.000,1,,0
530.20,530.20,UAV-5,STANDBY,READY,READY,236.2,3430.0,2868.7,0.3,0.00,100.00,1,1.000,1,0.000,1,,0
530.20,530.20,UAV-6,STANDBY,RETURNING,RTH,2026.9,2383.9,3367.1,93.7,12.45,40.56,1,1.000,1,1.000,1,,0
531.22,531.22,UAV-1,RELAY,KILLED,LANDED,2543.6,2398.9,3388.3,0.3,0.00,82.87,0,1.000,1,0.000,1,,0
531.22,531.22,UAV-2,STANDBY,RETURNING,RTH,1520.5,2732.3,3248.8,83.9,14.13,37.80,1,1.000,1,1.000,1,,0
531.22,531.22,UAV-3,STANDBY,RETURNING,RTH,1409.4,2804.4,3234.8,97.6,13.83,38.54,1,1.000,1,1.000,1,,0
531.22,531.22,UAV-4,STANDBY,RETURNING,RTH,1346.3,2868.9,3217.5,88.0,14.24,40.49,1,1.000,1,1.000,1,,0
531.22,531.22,UAV-5,STANDBY,READY,READY,236.2,3430.0,2868.7,0.3,0.00,100.00,1,1.000,1,0.000,1,,0
531.22,531.22,UAV-6,STANDBY,RETURNING,RTH,2014.8,2384.3,3363.2,94.1,12.51,40.40,1,1.000,1,0.934,1,,0
532.24,532.24,UAV-1,RELAY,KILLED,LANDED,2543.6,2398.9,3388.3,0.3,0.00,82.87,0,1.000,1,0.000,1,,0
532.24,532.24,UAV-2,STANDBY,RETURNING,RTH,1509.0,2740.6,3247.4,84.7,13.93,37.67,1,1.000,1,1.000,1,,0
532.24,532.24,UAV-3,STANDBY,RETURNING,RTH,1400.8,2815.3,3231.3,96.1,14.19,38.40,1,1.000,1,1.000,1,,0
532.24,532.24,UAV-4,STANDBY,RETURNING,RTH,1337.5,2879.8,3213.6,88.8,14.18,40.36,1,1.000,1,1.000,1,,0
532.24,532.24,UAV-5,STANDBY,READY,READY,236.2,3430.0,2868.7,0.3,0.00,100.00,1,1.000,1,0.000,1,,0
532.24,532.24,UAV-6,STANDBY,RETURNING,RTH,2002.6,2384.7,3359.6,94.7,12.52,40.24,1,1.000,1,1.000,1,,0
533.26,533.26,UAV-1,RELAY,KILLED,LANDED,2543.6,2398.9,3388.3,0.3,0.00,82.87,0,1.000,1,0.000,1,,0
533.26,533.26,UAV-2,STANDBY,RETURNING,RTH,1497.0,2748.0,3246.2,87.8,13.77,37.55,1,1.000,1,1.000,1,,0
533.26,533.26,UAV-3,STANDBY,RETURNING,RTH,1392.4,2826.7,3228.1,94.7,14.37,38.27,1,1.000,1,1.000,1,,0
533.26,533.26,UAV-4,STANDBY,RETURNING,RTH,1328.5,2890.4,3209.9,88.9,14.13,40.23,1,1.000,1,1.000,1,,0
533.26,533.26,UAV-5,STANDBY,READY,READY,236.2,3430.0,2868.7,0.3,0.00,100.00,1,1.000,1,0.000,1,,0
533.26,533.26,UAV-6,STANDBY,RETURNING,RTH,1990.2,2385.0,3356.4,92.9,12.58,40.08,1,1.000,1,1.000,1,,0
534.28,534.28,UAV-1,RELAY,KILLED,LANDED,2543.6,2398.9,3388.3,0.3,0.00,82.87,0,1.000,1,0.000,1,,0
534.28,534.28,UAV-2,STANDBY,RETURNING,RTH,1484.7,2754.4,3245.2,93.4,13.56,37.43,1,1.000,1,1.000,1,,0
534.28,534.28,UAV-3,STANDBY,RETURNING,RTH,1383.8,2838.2,3225.0,90.1,14.38,38.14,1,1.000,1,1.000,1,,0
534.28,534.28,UAV-4,STANDBY,RETURNING,RTH,1319.2,2900.8,3206.4,89.6,14.04,40.10,1,1.000,1,1.000,1,,0
534.28,534.28,UAV-5,STANDBY,READY,READY,236.2,3430.0,2868.7,0.3,0.00,100.00,1,1.000,1,0.000,1,,0
534.28,534.28,UAV-6,STANDBY,RETURNING,RTH,1977.7,2385.3,3353.4,89.2,12.62,39.92,1,1.000,1,0.958,1,,0
535.30,535.30,UAV-1,RELAY,KILLED,LANDED,2543.6,2398.9,3388.3,0.3,0.00,82.87,0,1.000,1,0.000,1,,0
535.30,535.30,UAV-2,STANDBY,RETURNING,RTH,1472.0,2759.5,3244.5,99.9,13.34,37.31,1,1.000,1,1.000,1,,0
535.30,535.30,UAV-3,STANDBY,RETURNING,RTH,1374.9,2849.5,3222.1,85.7,14.35,38.01,1,1.000,1,1.000,1,,0
535.30,535.30,UAV-4,STANDBY,RETURNING,RTH,1309.6,2910.9,3203.1,90.0,13.97,39.98,1,1.000,1,1.000,1,,0
535.30,535.30,UAV-5,STANDBY,READY,READY,236.2,3430.0,2868.7,0.3,0.00,100.00,1,1.000,1,0.000,1,,0
535.30,535.30,UAV-6,STANDBY,RETURNING,RTH,1965.0,2385.7,3350.9,85.0,12.67,39.76,1,1.000,1,1.000,1,,0
536.32,536.32,UAV-1,RELAY,KILLED,LANDED,2543.6,2398.9,3388.3,0.3,0.00,82.87,0,1.000,1,0.000,1,,0
536.32,536.32,UAV-2,STANDBY,RETURNING,RTH,1460.2,2763.9,3242.5,103.3,12.00,37.18,1,1.000,1,1.000,1,,0
536.32,536.32,UAV-3,STANDBY,RETURNING,RTH,1365.7,2860.6,3219.3,83.5,14.31,37.88,1,1.000,1,1.000,1,,0
536.32,536.32,UAV-4,STANDBY,RETURNING,RTH,1299.7,2920.6,3200.0,87.9,13.91,39.85,1,1.000,1,1.000,1,,0
536.32,536.32,UAV-5,STANDBY,READY,READY,236.2,3430.0,2868.7,0.3,0.00,100.00,1,1.000,1,0.000,1,,0
536.32,536.32,UAV-6,STANDBY,RETURNING,RTH,1952.3,2385.9,3348.6,81.6,12.78,39.61,1,1.000,1,1.000,1,,0
537.34,537.34,UAV-1,RELAY,KILLED,LANDED,2543.6,2398.9,3388.3,0.3,0.00,82.87,0,1.000,1,0.000,1,,0
537.34,537.34,UAV-2,STANDBY,RETURNING,RTH,1450.1,2770.4,3239.3,102.0,12.59,37.04,1,1.000,1,1.000,1,,0
537.34,537.34,UAV-3,STANDBY,RETURNING,RTH,1356.3,2871.3,3216.7,84.1,14.22,37.75,1,1.000,1,1.000,1,,0
537.34,537.34,UAV-4,STANDBY,RETURNING,RTH,1289.5,2930.0,3197.2,83.9,13.82,39.73,1,1.000,1,1.000,1,,0
537.34,537.34,UAV-5,STANDBY,READY,READY,236.2,3430.0,2868.7,0.3,0.00,100.00,1,1.000,1,0.000,1,,0
537.34,537.34,UAV-6,STANDBY,RETURNING,RTH,1939.3,2386.2,3346.6,81.1,12.88,39.45,1,1.000,2,1.000,1,,0
538.36,538.36,UAV-1,RELAY,KILLED,LANDED,2543.6,2398.9,3388.3,0.3,0.00,82.87,0,1.000,1,0.000,1,,0
538.36,538.36,UAV-2,STANDBY,RETURNING,RTH,1440.6,2779.2,3236.2,97.9,13.36,36.90,1,1.000,1,1.000,1,,0
538.36,538.36,UAV-3,STANDBY,RETURNING,RTH,1346.5,2881.7,3214.3,86.2,14.19,37.62,1,1.000,1,1.000,1,,0
538.36,538.36,UAV-4,STANDBY,RETURNING,RTH,1279.0,2938.9,3194.6,80.7,13.82,39.60,1,1.000,1,1.000,1,,0
538.36,538.36,UAV-5,STANDBY,READY,READY,236.2,3430.0,2868.7,0.3,0.00,100.00,1,1.000,1,0.000,1,,0
538.36,538.36,UAV-6,STANDBY,RETURNING,RTH,1926.2,2386.4,3345.0,84.1,13.01,39.29,1,1.000,1,1.000,1,,0
539.38,539.38,UAV-1,RELAY,KILLED,LANDED,2543.6,2398.9,3388.3,0.3,0.00,82.87,0,1.000,1,0.000,1,,0
539.38,539.38,UAV-2,STANDBY,RETURNING,RTH,1431.6,2789.4,3233.2,93.9,13.97,36.76,1,1.000,1,1.000,1,,0
539.38,539.38,UAV-3,STANDBY,RETURNING,RTH,1336.4,2891.8,3212.0,88.5,14.15,37.50,1,1.000,1,1.000,1,,0
539.38,539.38,UAV-4,STANDBY,RETURNING,RTH,1268.0,2947.5,3192.2,79.6,13.80,39.48,1,1.000,1,1.000,1,,0
539.38,539.38,UAV-5,STANDBY,READY,READY,236.2,3430.0,2868.7,0.3,0.00,100.00,1,1.000,1,0.000,1,,0
539.38,539.38,UAV-6,STANDBY,RETURNING,RTH,1913.0,2386.6,3343.7,90.0,13.11,39.13,1,1.000,2,1.000,1,,0
540.40,540.40,UAV-1,RELAY,KILLED,LANDED,2543.6,2398.9,3388.3,0.3,0.00,82.87,0,1.000,1,0.000,1,,0
540.40,540.40,UAV-2,STANDBY,RETURNING,RTH,1422.9,2800.6,3230.4,90.3,14.44,36.62,1,1.000,1,1.000,1,,0
540.40,540.40,UAV-3,STANDBY,RETURNING,RTH,1325.9,2901.5,3209.9,90.7,14.16,37.37,1,1.000,1,1.000,1,,0
540.40,540.40,UAV-4,STANDBY,RETURNING,RTH,1256.7,2955.5,3190.0,78.3,13.83,39.35,1,1.000,1,1.000,1,,0
540.40,540.40,UAV-5,STANDBY,READY,READY,236.2,3430.0,2868.7,0.3,0.00,100.00,1,1.000,1,0.000,1,,0
540.40,540.40,UAV-6,STANDBY,RETURNING,RTH,1899.6,2386.7,3342.7,97.2,13.22,38.97,1,1.000,2,1.000,1,,0
541.42,541.42,UAV-1,RELAY,KILLED,LANDED,2543.6,2398.9,3388.3,0.3,0.00,82.87,0,1.000,1,0.000,1,,0
541.42,541.42,UAV-2,STANDBY,RETURNING,RTH,1414.1,2812.3,3227.7,88.2,14.64,36.49,1,1.000,1,1.000,1,,0
541.42,541.42,UAV-3,STANDBY,RETURNING,RTH,1315.0,2910.7,3208.0,93.2,14.13,37.25,1,1.000,1,1.000,1,,0
541.42,541.42,UAV-4,STANDBY,RETURNING,RTH,1244.9,2963.0,3188.0,78.4,13.82,39.23,1,1.000,1,1.000,1,,0
541.42,541.42,UAV-5,STANDBY,READY,READY,236.2,3430.0,2868.7,0.3,0.00,100.00,1,1.000,1,0.000,1,,0
541.42,541.42,UAV-6,STANDBY,RETURNING,RTH,1886.8,2387.2,3341.2,102.3,11.73,38.81,1,1.000,2,0.958,1,,0
542.44,542.44,UAV-1,RELAY,KILLED,LANDED,2543.6,2398.9,3388.3,0.3,0.00,82.87,0,1.000,1,0.000,1,,0
542.44,542.44,UAV-2,STANDBY,RETURNING,RTH,1405.0,2823.9,3225.1,88.1,14.67,36.36,1,1.000,1,1.000,1,,0
542.44,542.44,UAV-3,STANDBY,RETURNING,RTH,1303.7,2919.5,3206.2,93.3,14.07,37.12,1,1.000,1,1.000,1,,0
542.44,542.44,UAV-4,STANDBY,RETURNING,RTH,1232.7,2969.8,3186.3,80.5,13.78,39.11,1,1.000,1,1.000,1,,0
542.44,542.44,UAV-5,STANDBY,READY,READY,236.2,3430.0,2868.7,0.3,0.00,100.00,1,1.000,1,0.000,1,,0
542.44,542.44,UAV-6,STANDBY,RETURNING,RTH,1876.0,2390.5,3337.8,101.8,11.79,38.66,1,1.000,2,1.000,1,,0
543.46,543.46,UAV-1,RELAY,KILLED,LANDED,2543.6,2398.9,3388.3,0.3,0.00,82.87,0,1.000,1,0.000,1,,0
543.46,543.46,UAV-2,STANDBY,RETURNING,RTH,1395.6,2835.3,3222.7,87.0,14.59,36.23,1,1.000,1,1.000,1,,0
543.46,543.46,UAV-3,STANDBY,RETURNING,RTH,1292.1,2927.7,3204.7,91.7,13.93,37.00,1,1.000,1,1.000,1,,0
543.46,543.46,UAV-4,STANDBY,RETURNING,RTH,1220.2,2976.0,3184.8,82.4,13.67,38.99,1,1.000,1,1.000,1,,0
543.46,543.46,UAV-5,STANDBY,READY,READY,236.2,3430.0,2868.7,0.3,0.00,100.00,1,1.000,1,0.000,1,,0
543.46,543.46,UAV-6,STANDBY,RETURNING,RTH,1865.9,2397.0,3334.4,98.2,12.67,38.50,1,1.000,2,1.000,1,,0
544.48,544.48,UAV-1,RELAY,KILLED,LANDED,2543.6,2398.9,3388.3,0.3,0.00,82.87,0,1.000,1,0.000,1,,0
544.48,544.48,UAV-2,STANDBY,RETURNING,RTH,1386.0,2846.3,3220.4,82.9,14.53,36.10,1,1.000,1,1.000,1,,0
544.48,544.48,UAV-3,STANDBY,RETURNING,RTH,1280.2,2935.2,3203.3,90.6,13.83,36.88,1,1.000,1,1.000,1,,0
544.48,544.48,UAV-4,STANDBY,RETURNING,RTH,1207.4,2981.3,3183.6,85.8,13.59,38.86,1,1.000,1,1.000,1,,0
544.48,544.48,UAV-5,STANDBY,READY,READY,236.2,3430.0,2868.7,0.3,0.00,100.00,1,1.000,1,0.000,1,,0
544.48,544.48,UAV-6,STANDBY,RETURNING,RTH,1856.3,2405.9,3331.3,90.7,13.54,38.34,1,1.000,2,1.000,1,,0
545.50,545.50,UAV-1,RELAY,KILLED,LANDED,2543.6,2398.9,3388.3,0.3,0.00,82.87,0,1.000,1,0.000,1,,0
545.50,545.50,UAV-2,STANDBY,RETURNING,RTH,1376.1,2857.1,3218.2,80.2,14.44,35.97,1,1.000,1,1.000,1,,0
545.50,545.50,UAV-3,STANDBY,RETURNING,RTH,1268.0,2942.0,3202.0,92.0,13.70,36.75,1,1.000,1,1.000,1,,0
545.50,545.50,UAV-4,STANDBY,RETURNING,RTH,1194.4,2985.9,3182.5,90.6,13.48,38.74,1,1.000,1,1.000,1,,0
545.50,545.50,UAV-5,STANDBY,READY,READY,236.2,3430.0,2868.7,0.3,0.00,100.00,1,1.000,1,0.000,1,,0
545.50,545.50,UAV-6,STANDBY,RETURNING,RTH,1847.0,2416.2,3328.6,80.8,14.16,38.18,1,1.000,1,1.000,1,,0
546.52,546.52,UAV-1,RELAY,KILLED,LANDED,2543.6,2398.9,3388.3,0.3,0.00,82.87,0,1.000,1,0.000,1,,0
546.52,546.52,UAV-2,STANDBY,RETURNING,RTH,1366.0,2867.5,3216.2,80.4,14.40,35.85,1,1.000,1,1.000,1,,0
546.52,546.52,UAV-3,STANDBY,RETURNING,RTH,1255.5,2948.0,3201.0,93.3,13.62,36.63,1,1.000,1,1.000,1,,0
546.52,546.52,UAV-4,STANDBY,RETURNING,RTH,1181.2,2989.5,3181.8,96.4,13.43,38.62,1,1.000,1,1.000,1,,0
546.52,546.52,UAV-5,STANDBY,READY,READY,236.2,3430.0,2868.7,0.3,0.00,100.00,1,1.000,1,0.000,1,,0
546.52,546.52,UAV-6,STANDBY,RETURNING,RTH,1837.8,2427.3,3326.1,71.7,14.54,38.02,1,1.000,2,1.000,1,,0
547.54,547.54,UAV-1,RELAY,KILLED,LANDED,2543.6,2398.9,3388.3,0.3,0.00,82.87,0,1.000,1,0.000,1,,0
547.54,547.54,UAV-2,STANDBY,RETURNING,RTH,1355.5,2877.6,3214.3,82.6,14.39,35.72,1,1.000,1,1.000,1,,0
547.54,547.54,UAV-3,STANDBY,RETURNING,RTH,1242.6,2953.2,3200.2,96.8,13.57,36.51,1,1.000,1,1.000,1,,0
547.54,547.54,UAV-4,STANDBY,RETURNING,RTH,1168.7,2992.9,3180.2,100.9,12.27,38.49,1,1.000,1,1.000,1,,0
547.54,547.54,UAV-5,STANDBY,READY,READY,236.2,3430.0,2868.7,0.3,0.00,100.00,1,1.000,1,0.000,1,,0
547.54,547.54,UAV-6,STANDBY,RETURNING,RTH,1828.4,2438.7,3323.9,65.4,14.76,37.86,1,1.000,1,1.000,1,,0
548.56,548.56,UAV-1,RELAY,KILLED,LANDED,2543.6,2398.9,3388.3,0.3,0.00,82.87,0,1.000,1,0.000,1,,0
548.56,548.56,UAV-2,STANDBY,RETURNING,RTH,1344.6,2887.3,3212.6,85.8,14.28,35.60,1,1.000,1,1.000,1,,0
548.56,548.56,UAV-3,STANDBY,RETURNING,RTH,1229.5,2957.3,3199.6,101.8,13.43,36.39,1,1.000,1,1.000,1,,0
548.56,548.56,UAV-4,STANDBY,RETURNING,RTH,1157.6,2998.6,3177.7,103.5,12.77,38.36,1,1.000,1,1.000,1,,0
548.56,548.56,UAV-5,STANDBY,READY,READY,236.2,3430.0,2868.7,0.3,0.00,100.00,1,1.000,1,0.000,1,,0
548.56,548.56,UAV-6,STANDBY,RETURNING,RTH,1818.7,2450.1,3321.9,60.2,14.75,37.71,1,1.000,2,0.958,1,,0
549.58,549.58,UAV-1,RELAY,KILLED,LANDED,2543.6,2398.9,3388.3,0.3,0.00,82.87,0,1.000,1,0.000,1,,0
549.58,549.58,UAV-2,STANDBY,RETURNING,RTH,1333.6,2896.5,3211.0,88.7,14.15,35.47,1,1.000,1,1.000,1,,0
549.58,549.58,UAV-3,STANDBY,RETURNING,RTH,1217.2,2960.7,3198.0,103.5,11.99,36.26,1,1.000,1,1.000,1,,0
549.58,549.58,UAV-4,STANDBY,RETURNING,RTH,1146.6,3005.5,3175.3,104.2,13.17,38.23,1,1.000,1,1.000,1,,0
549.58,549.58,UAV-5,STANDBY,READY,READY,236.2,3430.0,2868.7,0.3,0.00,100.00,1,1.000,1,0.000,1,,0
549.58,549.58,UAV-6,STANDBY,RETURNING,RTH,1808.7,2461.1,3319.9,58.0,14.69,37.55,1,1.000,1,1.000,1,,0
550.60,550.60,UAV-1,RELAY,KILLED,LANDED,2543.6,2398.9,3388.3,0.3,0.00,82.87,0,1.000,1,0.000,1,,0
550.60,550.60,UAV-2,STANDBY,RETURNING,RTH,1322.2,2905.3,3209.5,92.0,14.05,35.35,1,1.000,1,1.000,1,,0
550.60,550.60,UAV-3,STANDBY,RETURNING,RTH,1206.6,2966.5,3194.9,103.2,12.52,36.12,1,1.000,1,1.000,1,,0
550.60,550.60,UAV-4,STANDBY,RETURNING,RTH,1135.3,3012.5,3173.0,101.6,13.34,38.11,1,1.000,1,1.000,1,,0
550.60,550.60,UAV-5,STANDBY,READY,READY,236.2,3430.0,2868.7,0.3,0.00,100.00,1,1.000,1,0.000,1,,0
550.60,550.60,UAV-6,STANDBY,RETURNING,RTH,1798.5,2471.9,3318.1,60.5,14.65,37.39,1,1.000,1,1.000,1,,0
551.62,551.62,UAV-1,RELAY,KILLED,LANDED,2543.6,2398.9,3388.3,0.3,0.00,82.87,0,1.000,1,0.000,1,,0
551.62,551.62,UAV-2,STANDBY,RETURNING,RTH,1310.6,2913.4,3208.3,94.6,13.90,35.22,1,1.000,1,1.000,1,,0
551.62,551.62,UAV-3,STANDBY,RETURNING,RTH,1196.4,2974.2,3192.0,102.8,13.17,35.99,1,1.000,1,1.000,1,,0
551.62,551.62,UAV-4,STANDBY,RETURNING,RTH,1123.7,3019.4,3170.8,98.7,13.37,37.99,1,1.000,1,1.000,1,,0
551.62,551.62,UAV-5,STANDBY,READY,READY,236.2,3430.0,2868.7,0.3,0.00,100.00,1,1.000,1,0.000,1,,0
551.62,551.62,UAV-6,STANDBY,RETURNING,RTH,1788.0,2482.3,3316.3,63.8,14.55,37.23,1,1.000,1,1.000,1,,0
552.64,552.64,UAV-1,RELAY,KILLED,LANDED,2543.6,2398.9,3388.3,0.3,0.00,82.87,0,1.000,1,0.000,1,,0
552.64,552.64,UAV-2,STANDBY,RETURNING,RTH,1298.7,2920.9,3207.1,95.1,13.79,35.10,1,1.000,1,1.000,1,,0
552.64,552.64,UAV-3,STANDBY,RETURNING,RTH,1185.9,2982.4,3189.2,102.8,13.46,35.87,1,1.000,1,1.000,1,,0
552.64,552.64,UAV-4,STANDBY,RETURNING,RTH,1111.8,3025.9,3168.8,96.7,13.40,37.87,1,1.000,1,1.000,1,,0
552.64,552.64,UAV-5,STANDBY,READY,READY,236.2,3430.0,2868.7,0.3,0.00,100.00,1,1.000,1,0.000,1,,0
552.64,552.64,UAV-6,STANDBY,RETURNING,RTH,1777.3,2492.4,3314.7,66.0,14.48,37.07,1,1.000,2,0.963,1,,0
553.66,553.66,UAV-1,RELAY,KILLED,LANDED,2543.6,2398.9,3388.3,0.3,0.00,82.87,0,1.000,1,0.000,1,,0
553.66,553.66,UAV-2,STANDBY,RETURNING,RTH,1286.4,2927.5,3206.2,94.8,13.68,34.98,1,1.000,1,1.000,1,,0
553.66,553.66,UAV-3,STANDBY,RETURNING,RTH,1175.1,2990.6,3186.5,104.3,13.55,35.74,1,1.000,1,1.000,1,,0
553.66,553.66,UAV-4,STANDBY,RETURNING,RTH,1099.8,3032.1,3166.9,96.3,13.41,37.74,1,1.000,1,1.000,1,,0
553.66,553.66,UAV-5,STANDBY,READY,READY,236.2,3430.0,2868.7,0.3,0.00,100.00,1,1.000,1,0.000,1,,0
553.66,553.66,UAV-6,STANDBY,RETURNING,RTH,1766.3,2502.1,3313.1,69.3,14.40,36.91,1,1.000,1,1.000,1,,0
554.68,554.68,UAV-1,RELAY,KILLED,LANDED,2543.6,2398.9,3388.3,0.3,0.00,82.87,0,1.000,1,0.000,1,,0
554.68,554.68,UAV-2,STANDBY,RETURNING,RTH,1273.8,2933.3,3205.4,96.3,13.54,34.85,1,1.000,1,1.000,1,,0
554.68,554.68,UAV-3,STANDBY,RETURNING,RTH,1164.0,2998.5,3184.1,106.6,13.52,35.62,1,1.000,1,1.000,1,,0
554.68,554.68,UAV-4,STANDBY,RETURNING,RTH,1087.6,3038.1,3165.1,96.3,13.37,37.62,1,1.000,1,1.000,1,,0
554.68,554.68,UAV-5,STANDBY,READY,READY,236.2,3430.0,2868.7,0.3,0.00,100.00,1,1.000,1,0.000,1,,0
554.68,554.68,UAV-6,STANDBY,RETURNING,RTH,1755.1,2511.4,3311.7,73.0,14.27,36.76,1,1.000,1,1.000,1,,0
555.70,555.70,UAV-1,RELAY,KILLED,LANDED,2543.6,2398.9,3388.3,0.3,0.00,82.87,0,1.000,1,0.000,1,,0
555.70,555.70,UAV-2,STANDBY,RETURNING,RTH,1260.9,2938.1,3204.7,99.0,13.45,34.73,1,1.000,1,1.000,1,,0
555.70,555.70,UAV-3,STANDBY,RETURNING,RTH,1152.8,3006.1,3181.7,108.5,13.51,35.50,1,1.000,1,1.000,1,,0
555.70,555.70,UAV-4,STANDBY,RETURNING,RTH,1075.3,3043.6,3163.5,98.2,13.37,37.50,1,1.000,1,1.000,1,,0
555.70,555.70,UAV-5,STANDBY,READY,READY,236.2,3430.0,2868.7,0.3,0.00,100.00,1,1.000,1,0.000,1,,0
555.70,555.70,UAV-6,STANDBY,RETURNING,RTH,1743.6,2520.1,3310.4,75.9,14.17,36.60,1,1.000,1,1.000,1,,0
556.72,556.72,UAV-1,RELAY,KILLED,LANDED,2543.6,2398.9,3388.3,0.3,0.00,82.87,0,1.000,1,0.000,1,,0
556.72,556.72,UAV-2,STANDBY,RETURNING,RTH,1247.8,2941.8,3204.2,101.8,12.81,34.61,1,1.000,1,1.000,1,,0
556.72,556.72,UAV-3,STANDBY,RETURNING,RTH,1141.3,3013.3,3179.6,107.0,13.48,35.38,1,1.000,1,1.000,1,,0
556.72,556.72,UAV-4,STANDBY,RETURNING,RTH,1062.8,3048.9,3162.0,100.1,13.35,37.38,1,1.000,1,1.000,1,,0
556.72,556.72,UAV-5,STANDBY,READY,READY,236.2,3430.0,2868.7,0.3,0.00,100.00,1,1.000,1,0.000,1,,0
556.72,556.72,UAV-6,STANDBY,RETURNING,RTH,1731.7,2528.2,3309.2,78.3,14.04,36.44,1,1.000,1,1.000,1,,0
557.74,557.74,UAV-1,RELAY,KILLED,LANDED,2543.6,2398.9,3388.3,0.3,0.00,82.87,0,1.000,1,0.000,1,,0
557.74,557.74,UAV-2,STANDBY,RETURNING,RTH,1236.5,2946.1,3201.6,103.5,12.17,34.47,1,1.000,1,1.000,1,,0
557.74,557.74,UAV-3,STANDBY,RETURNING,RTH,1129.6,3020.2,3177.6,103.8,13.49,35.25,1,1.000,1,1.000,1,,0
557.74,557.74,UAV-4,STANDBY,RETURNING,RTH,1050.2,3053.8,3160.6,99.8,13.37,37.25,1,1.000,1,1.000,1,,0
557.74,557.74,UAV-5,STANDBY,READY,READY,236.2,3430.0,2868.7,0.3,0.00,100.00,1,1.000,1,0.000,1,,0
557.74,557.74,UAV-6,STANDBY,RETURNING,RTH,1719.6,2535.6,3308.1,80.9,13.95,36.28,1,1.000,1,1.000,1,,0
558.76,558.76,UAV-1,RELAY,KILLED,LANDED,2543.6,2398.9,3388.3,0.3,0.00,82.87,0,1.000,1,0.000,1,,0
558.76,558.76,UAV-2,STANDBY,RETURNING,RTH,1226.2,2953.1,3198.6,103.2,12.97,34.34,1,1.000,1,1.000,1,,0
558.76,558.76,UAV-3,STANDBY,RETURNING,RTH,1117.6,3026.8,3175.7,101.7,13.52,35.13,1,1.000,1,1.000,1,,0
558.76,558.76,UAV-4,STANDBY,RETURNING,RTH,1037.4,3058.4,3159.4,96.8,13.41,37.13,1,1.000,1,1.000,1,,0
558.76,558.76,UAV-5,STANDBY,READY,READY,236.2,3430.0,2868.7,0.3,0.00,100.00,1,1.000,1,0.000,1,,0
558.76,558.76,UAV-6,STANDBY,RETURNING,RTH,1707.1,2542.2,3307.2,85.1,13.87,36.12,1,1.000,1,1.000,1,,0
559.78,559.78,UAV-1,RELAY,KILLED,LANDED,2543.6,2398.9,3388.3,0.3,0.00,82.87,0,1.000,1,0.000,1,,0
559.78,559.78,UAV-2,STANDBY,RETURNING,RTH,1216.0,2961.6,3195.8,101.5,13.56,34.21,1,1.000,1,1.000,1,,0
559.78,559.78,UAV-3,STANDBY,RETURNING,RTH,1105.4,3032.9,3174.0,101.6,13.53,35.01,1,1.000,1,1.000,1,,0
559.78,559.78,UAV-4,STANDBY,RETURNING,RTH,1024.4,3062.6,3158.3,93.4,13.44,37.01,1,1.000,1,1.000,1,,0
559.78,559.78,UAV-5,STANDBY,READY,READY,236.2,3430.0,2868.7,0.3,0.00,100.00,1,1.000,1,0.000,1,,0
559.78,559.78,UAV-6,STANDBY,RETURNING,RTH,1694.2,2547.9,3306.4,90.2,13.75,35.96,1,1.000,1,1.000,1,,0
560.80,560.80,UAV-1,RELAY,KILLED,LANDED,2543.6,2398.9,3388.3,0.3,0.00,82.87,0,1.000,1,0.000,1,,0
560.80,560.80,UAV-2,STANDBY,RETURNING,RTH,1205.5,2970.4,3193.2,101.2,13.71,34.08,1,1.000,1,1.000,1,,0
560.80,560.80,UAV-3,STANDBY,RETURNING,RTH,1092.9,3038.6,3172.4,102.2,13.45,34.89,1,1.000,1,1.000,1,,0
560.80,560.80,UAV-4,STANDBY,RETURNING,RTH,1011.3,3066.3,3157.3,91.8,13.40,36.89,1,1.000,1,1.000,1,,0
560.80,560.80,UAV-5,STANDBY,READY,READY,236.2,3430.0,2868.7,0.3,0.00,100.00,1,1.000,1,0.000,1,,0
560.80,560.80,UAV-6,STANDBY,RETURNING,RTH,1681.2,2552.6,3305.8,95.2,13.55,35.81,1,1.000,1,1.000,1,,0
561.82,561.82,UAV-1,RELAY,KILLED,LANDED,2543.6,2398.9,3388.3,0.3,0.00,82.87,0,1.000,1,0.000,1,,0
561.82,561.82,UAV-2,STANDBY,RETURNING,RTH,1194.8,2979.1,3190.7,101.0,13.76,33.96,1,1.000,1,1.000,1,,0
561.82,561.82,UAV-3,STANDBY,RETURNING,RTH,1080.4,3043.9,3171.0,104.1,13.41,34.76,1,1.000,1,1.000,1,,0
561.82,561.82,UAV-4,STANDBY,RETURNING,RTH,998.1,3069.7,3156.5,93.4,13.39,36.77,1,1.000,1,1.000,1,,0
561.82,561.82,UAV-5,STANDBY,READY,READY,236.2,3430.0,2868.7,0.3,0.00,100.00,1,1.000,1,0.000,1,,0
561.82,561.82,UAV-6,STANDBY,RETURNING,RTH,1668.4,2556.3,3304.7,99.7,11.92,35.65,1,1.000,1,1.000,1,,0
562.84,562.84,UAV-1,RELAY,KILLED,LANDED,2543.6,2398.9,3388.3,0.3,0.00,82.87,0,1.000,1,0.000,1,,0
562.84,562.84,UAV-2,STANDBY,RETURNING,RTH,1183.9,2987.5,3188.3,101.9,13.77,33.83,1,1.000,1,1.000,1,,0
562.84,562.84,UAV-3,STANDBY,RETURNING,RTH,1067.7,3048.8,3169.8,106.6,13.38,34.64,1,1.000,1,1.000,1,,0
562.84,562.84,UAV-4,STANDBY,RETURNING,RTH,984.7,3072.6,3155.8,98.3,13.38,36.64,1,1.000,1,1.000,1,,0
562.84,562.84,UAV-5,STANDBY,READY,READY,236.2,3430.0,2868.7,0.3,0.00,100.00,1,1.000,1,0.000,1,,0
562.84,562.84,UAV-6,STANDBY,RETURNING,RTH,1658.3,2560.9,3300.3,99.3,11.99,35.49,1,1.000,1,1.000,1,,0
563.86,563.86,UAV-1,RELAY,KILLED,LANDED,2543.6,2398.9,3388.3,0.3,0.00,82.87,0,1.000,1,0.000,1,,0
563.86,563.86,UAV-2,STANDBY,RETURNING,RTH,1172.7,2995.7,3186.1,104.2,13.72,33.71,1,1.000,1,1.000,1,,0
563.86,563.86,UAV-3,STANDBY,RETURNING,RTH,1054.8,3053.1,3168.7,107.7,13.34,34.52,1,1.000,1,1.000,1,,0
563.86,563.86,UAV-4,STANDBY,RETURNING,RTH,971.3,3075.1,3155.3,104.0,13.35,36.52,1,1.000,1,1.000,1,,0
563.86,563.86,UAV-5,STANDBY,READY,READY,236.2,3430.0,2868.7,0.3,0.00,100.00,1,1.000,1,0.000,1,,0
563.86,563.86,UAV-6,STANDBY,RETURNING,RTH,1648.9,2568.0,3295.6,97.4,12.80,35.33,1,1.000,1,1.000,1,,0
564.88,564.88,UAV-1,RELAY,KILLED,LANDED,2543.6,2398.9,3388.3,0.3,0.00,82.87,0,1.000,1,0.000,1,,0
564.88,564.88,UAV-2,STANDBY,RETURNING,RTH,1161.3,3003.5,3184.1,107.3,13.64,33.59,1,1.000,1,1.000,1,,0
564.88,564.88,UAV-3,STANDBY,RETURNING,RTH,1041.8,3057.0,3167.8,105.9,13.28,34.40,1,1.000,1,1.000,1,,0
564.88,564.88,UAV-4,STANDBY,RETURNING,RTH,957.9,3077.0,3154.9,107.0,13.29,36.40,1,1.000,1,1.000,1,,0
564.88,564.88,UAV-5,STANDBY,READY,READY,236.2,3430.0,2868.7,0.3,0.00,100.00,1,1.000,1,0.000,1,,0
564.88,564.88,UAV-6,STANDBY,RETURNING,RTH,1640.0,2577.1,3291.2,94.6,13.50,35.17,1,1.000,1,1.000,1,,0
565.90,565.90,UAV-1,RELAY,KILLED,LANDED,2543.6,2398.9,3388.3,0.3,0.00,82.87,0,1.000,1,0.000,1,,0
565.90,565.90,UAV-2,STANDBY,RETURNING,RTH,1149.7,3010.9,3182.1,108.6,13.53,33.46,1,1.000,1,1.000,1,,0
565.90,565.90,UAV-3,STANDBY,RETURNING,RTH,1028.8,3060.3,3167.0,103.5,13.23,34.27,1,1.000,1,1.000,1,,0
565.90,565.90,UAV-4,STANDBY,RETURNING,RTH,946.4,3079.2,3152.0,105.4,11.45,36.27,1,1.000,1,1.000,1,,0
565.90,565.90,UAV-5,STANDBY,READY,READY,236.2,3430.0,2868.7,0.3,0.00,100.00,1,1.000,1,0.000,1,,0
565.90,565.90,UAV-6,STANDBY,RETURNING,RTH,1631.5,2587.5,3287.1,91.7,14.00,35.01,1,1.000,1,1.000,1,,0
566.92,566.92,UAV-1,RELAY,KILLED,LANDED,2543.6,2398.9,3388.3,0.3,0.00,82.87,0,1.000,1,0.000,1,,0
566.92,566.92,UAV-2,STANDBY,RETURNING,RTH,1138.0,3017.9,3180.4,106.2,13.45,33.34,1,1.000,1,1.000,1,,0
566.92,566.92,UAV-3,STANDBY,RETURNING,RTH,1015.6,3063.0,3166.4,102.1,13.19,34.15,1,1.000,1,1.000,1,,0
566.92,566.92,UAV-4,STANDBY,RETURNING,RTH,936.0,3083.5,3147.8,101.6,12.11,36.15,1,1.000,1,1.000,1,,0
566.92,566.92,UAV-5,STANDBY,READY,READY,236.2,3430.0,2868.7,0.3,0.00,100.00,1,1.000,1,0.000,1,,0
566.92,566.92,UAV-6,STANDBY,RETURNING,RTH,1623.4,2598.7,3283.2,89.2,14.35,34.86,1,1.000,1,1.000,1,,0
567.94,567.94,UAV-1,RELAY,KILLED,LANDED,2543.6,2398.9,3388.3,0.3,0.00,82.87,0,1.000,1,0.000,1,,0
567.94,567.94,UAV-2,STANDBY,RETURNING,RTH,1126.1,3024.5,3178.7,103.6,13.43,33.22,1,1.000,1,1.000,1,,0
567.94,567.94,UAV-3,STANDBY,RETURNING,RTH,1002.4,3065.1,3165.8,103.1,12.24,34.03,1,1.000,1,1.000,1,,0
567.94,567.94,UAV-4,STANDBY,RETURNING,RTH,925.2,3088.6,3143.7,98.4,12.53,36.03,1,1.000,1,1.000,1,,0
567.94,567.94,UAV-5,STANDBY,READY,READY,236.2,3430.0,2868.7,0.3,0.00,100.00,1,1.000,1,0.000,1,,0
567.94,567.94,UAV-6,STANDBY,RETURNING,RTH,1615.4,2610.7,3279.6,89.4,14.62,34.70,1,1.000,1,1.000,1,,0
568.96,568.96,UAV-1,RELAY,KILLED,LANDED,2543.6,2398.9,3388.3,0.3,0.00,82.87,0,1.000,1,0.000,1,,0
568.96,568.96,UAV-2,STANDBY,RETURNING,RTH,1114.0,3030.6,3177.3,102.7,13.37,33.10,1,1.000,1,1.000,1,,0
568.96,568.96,UAV-3,STANDBY,RETURNING,RTH,991.8,3068.0,3161.9,101.6,11.54,33.90,1,1.000,1,1.000,1,,0
568.96,568.96,UAV-4,STANDBY,RETURNING,RTH,913.9,3093.5,3140.0,95.9,12.68,35.91,1,1.000,1,1.000,1,,0
568.96,568.96,UAV-5,STANDBY,READY,READY,236.2,3430.0,2868.7,0.3,0.00,100.00,1,1.000,1,0.000,1,,0
568.96,568.96,UAV-6,STANDBY,RETURNING,RTH,1607.6,2623.0,3276.2,90.5,14.78,34.54,1,1.000,1,1.000,1,,0
569.98,569.98,UAV-1,RELAY,KILLED,LANDED,2543.6,2398.9,3388.3,0.3,0.00,82.87,0,1.000,1,0.000,1,,0
569.98,569.98,UAV-2,STANDBY,RETURNING,RTH,1101.7,3036.3,3176.0,103.7,13.34,32.97,1,1.000,1,1.000,1,,0
569.98,569.98,UAV-3,STANDBY,RETURNING,RTH,981.6,3072.8,3157.4,101.5,12.25,33.78,1,1.000,1,1.000,1,,0
569.98,569.98,UAV-4,STANDBY,RETURNING,RTH,902.3,3098.1,3136.5,93.0,12.77,35.78,1,1.000,1,1.000,1,,0
569.98,569.98,UAV-5,STANDBY,READY,READY,236.2,3430.0,2868.7,0.3,0.00,100.00,1,1.000,1,0.000,1,,0
569.98,569.98,UAV-6,STANDBY,RETURNING,RTH,1599.8,2635.6,3273.0,88.6,14.85,34.38,1,1.000,1,1.000,1,,0
571.00,571.00,UAV-1,RELAY,KILLED,LANDED,2543.6,2398.9,3388.3,0.3,0.00,82.87,0,1.000,1,0.000,1,,0
571.00,571.00,UAV-2,STANDBY,RETURNING,RTH,1089.2,3041.4,3174.8,105.2,13.31,32.85,1,1.000,1,1.000,1,,0
571.00,571.00,UAV-3,STANDBY,RETURNING,RTH,970.9,3078.2,3153.2,102.7,12.60,33.65,1,1.000,1,1.000,1,,0
571.00,571.00,UAV-4,STANDBY,RETURNING,RTH,890.4,3102.5,3133.2,90.6,12.84,35.66,1,1.000,1,1.000,1,,0
571.00,571.00,UAV-5,STANDBY,READY,READY,236.2,3430.0,2868.7,0.3,0.00,100.00,1,1.000,1,0.000,1,,0
571.00,571.00,UAV-6,STANDBY,RETURNING,RTH,1591.8,2648.1,3270.1,84.3,14.84,34.22,1,1.000,1,1.000,1,,0
572.02,572.02,UAV-1,RELAY,KILLED,LANDED,2543.6,2398.9,3388.3,0.3,0.00,82.87,0,1.000,1,0.000,1,,0
572.02,572.02,UAV-2,STANDBY,RETURNING,RTH,1076.4,3046.0,3173.8,108.1,13.32,32.73,1,1.000,1,1.000,1,,0
572.02,572.02,UAV-3,STANDBY,RETURNING,RTH,959.7,3083.4,3149.2,101.7,12.77,33.53,1,1.000,1,1.000,1,,0
572.02,572.02,UAV-4,STANDBY,RETURNING,RTH,878.3,3106.6,3130.2,89.6,12.92,35.54,1,1.000,1,1.000,1,,0
572.02,572.02,UAV-5,STANDBY,READY,READY,236.2,3430.0,2868.7,0.3,0.00,100.00,1,1.000,1,0.000,1,,0
572.02,572.02,UAV-6,STANDBY,RETURNING,RTH,1583.4,2660.4,3267.3,81.4,14.81,34.06,1,1.000,1,1.000,1,,0
573.04,573.04,UAV-1,RELAY,KILLED,LANDED,2543.6,2398.9,3388.3,0.3,0.00,82.87,0,1.000,1,0.000,1,,0
573.04,573.04,UAV-2,STANDBY,RETURNING,RTH,1063.5,3050.1,3172.9,110.9,13.27,32.61,1,1.000,1,1.000,1,,0
573.04,573.04,UAV-3,STANDBY,RETURNING,RTH,948.2,3088.4,3145.5,97.8,12.83,33.41,1,1.000,1,1.000,1,,0
573.04,573.04,UAV-4,STANDBY,RETURNING,RTH,866.0,3110.5,3127.3,89.2,12.95,35.42,1,1.000,1,1.000,1,,0
573.04,573.04,UAV-5,STANDBY,READY,READY,236.2,3430.0,2868.7,0.3,0.00,100.00,1,1.000,1,0.000,1,,0
573.04,573.04,UAV-6,STANDBY,RETURNING,RTH,1574.7,2672.4,3264.7,80.8,14.74,33.91,1,1.000,1,1.000,1,,0
574.06,574.06,UAV-1,RELAY,KILLED,LANDED,2543.6,2398.9,3388.3,0.3,0.00,82.87,0,1.000,1,0.000,1,,0
574.06,574.06,UAV-2,STANDBY,RETURNING,RTH,1050.5,3053.5,3172.2,111.5,13.19,32.48,1,1.000,1,1.000,1,,0
574.06,574.06,UAV-3,STANDBY,RETURNING,RTH,936.5,3093.1,3142.1,93.4,12.84,33.29,1,1.000,1,1.000,1,,0
574.06,574.06,UAV-4,STANDBY,RETURNING,RTH,853.6,3114.1,3124.7,89.7,12.93,35.30,1,1.000,1,1.000,1,,0
574.06,574.06,UAV-5,STANDBY,READY,READY,236.2,3430.0,2868.7,0.3,0.00,100.00,1,1.000,1,0.000,1,,0
574.06,574.06,UAV-6,STANDBY,RETURNING,RTH,1565.7,2684.1,3262.3,81.1,14.62,33.75,1,1.000,1,1.000,1,,0
575.08,575.08,UAV-1,RELAY,KILLED,LANDED,2543.6,2398.9,3388.3,0.3,0.00,82.87,0,1.000,1,0.000,1,,0
575.08,575.08,UAV-2,STANDBY,RETURNING,RTH,1037.4,3056.3,3171.7,110.1,13.14,32.36,1,1.000,1,1.000,1,,0
575.08,575.08,UAV-3,STANDBY,RETURNING,RTH,924.6,3097.5,3138.8,91.0,12.86,33.17,1,1.000,1,1.000,1,,0
575.08,575.08,UAV-4,STANDBY,RETURNING,RTH,841.1,3117.5,3122.3,89.5,12.93,35.18,1,1.000,1,1.000,1,,0
575.08,575.08,UAV-5,STANDBY,READY,READY,236.2,3430.0,2868.7,0.3,0.00,100.00,1,1.000,1,0.000,1,,0
575.08,575.08,UAV-6,STANDBY,RETURNING,RTH,1556.4,2695.5,3260.0,84.1,14.55,33.59,1,1.000,1,1.000,1,,0
576.10,576.10,UAV-1,RELAY,KILLED,LANDED,2543.6,2398.9,3388.3,0.3,0.00,82.87,0,1.000,1,0.000,1,,0
576.10,576.10,UAV-2,STANDBY,RETURNING,RTH,1024.5,3058.5,3170.8,108.2,11.71,32.24,1,1.000,1,1.000,1,,0
576.10,576.10,UAV-3,STANDBY,RETURNING,RTH,912.5,3101.7,3135.8,89.4,12.96,33.05,1,1.000,1,1.000,1,,0
576.10,576.10,UAV-4,STANDBY,RETURNING,RTH,828.4,3120.6,3120.2,90.4,13.02,35.06,1,1.000,1,1.000,1,,0
576.10,576.10,UAV-5,STANDBY,READY,READY,236.2,3430.0,2868.7,0.3,0.00,100.00,1,1.000,1,0.000,1,,0
576.10,576.10,UAV-6,STANDBY,RETURNING,RTH,1546.7,2706.5,3257.8,89.4,14.51,33.43,1,1.000,1,1.000,1,,0
577.12,577.12,UAV-1,RELAY,KILLED,LANDED,2543.6,2398.9,3388.3,0.3,0.00,82.87,0,1.000,1,0.000,1,,0
577.12,577.12,UAV-2,STANDBY,RETURNING,RTH,1014.2,3061.8,3166.4,102.9,11.73,32.11,1,1.000,1,1.000,1,,0
577.12,577.12,UAV-3,STANDBY,RETURNING,RTH,900.1,3105.6,3133.1,87.5,13.02,32.93,1,1.000,1,1.000,1,,0
577.12,577.12,UAV-4,STANDBY,RETURNING,RTH,815.6,3123.5,3118.2,92.9,13.08,34.94,1,1.000,1,1.000,1,,0
577.12,577.12,UAV-5,STANDBY,READY,READY,236.2,3430.0,2868.7,0.3,0.00,100.00,1,1.000,1,0.000,1,,0
577.12,577.12,UAV-6,STANDBY,RETURNING,RTH,1536.6,2717.0,3255.8,91.1,14.42,33.27,1,1.000,1,1.000,1,,0
578.14,578.14,UAV-1,RELAY,KILLED,LANDED,2543.6,2398.9,3388.3,0.3,0.00,82.87,0,1.000,1,0.000,1,,0
578.14,578.14,UAV-2,STANDBY,RETURNING,RTH,1004.0,3066.9,3161.7,97.7,12.38,31.99,1,1.000,1,1.000,1,,0
578.14,578.14,UAV-3,STANDBY,RETURNING,RTH,887.6,3109.3,3130.6,87.3,13.01,32.81,1,1.000,1,1.000,1,,0
578.14,578.14,UAV-4,STANDBY,RETURNING,RTH,802.6,3126.1,3116.5,95.9,13.05,34.82,1,1.000,1,1.000,1,,0
578.14,578.14,UAV-5,STANDBY,READY,READY,236.2,3430.0,2868.7,0.3,0.00,100.00,1,1.000,1,0.000,1,,0
578.14,578.14,UAV-6,STANDBY,RETURNING,RTH,1526.1,2727.1,3254.0,89.2,14.28,33.11,1,1.000,1,1.000,1,,0
579.16,579.16,UAV-1,RELAY,KILLED,LANDED,2543.6,2398.9,3388.3,0.3,0.00,82.87,0,1.000,1,0.000,1,,0
579.16,579.16,UAV-2,STANDBY,RETURNING,RTH,993.2,3072.3,3157.4,95.5,12.69,31.87,1,1.000,1,1.000,1,,0
579.16,579.16,UAV-3,STANDBY,RETURNING,RTH,875.0,3112.6,3128.3,87.5,13.04,32.69,1,1.000,1,1.000,1,,0
579.16,579.16,UAV-4,STANDBY,RETURNING,RTH,789.6,3128.5,3115.0,98.2,13.06,34.70,1,1.000,1,1.000,1,,0
579.16,579.16,UAV-5,STANDBY,READY,READY,236.2,3430.0,2868.7,0.3,0.00,100.00,1,1.000,1,0.000,1,,0
579.16,579.16,UAV-6,STANDBY,RETURNING,RTH,1515.3,2736.6,3252.4,88.1,14.18,32.95,1,1.000,1,1.000,1,,0
580.18,580.18,UAV-1,RELAY,KILLED,LANDED,2543.6,2398.9,3388.3,0.3,0.00,82.87,0,1.000,1,0.000,1,,0
580.18,580.18,UAV-2,STANDBY,RETURNING,RTH,982.0,3077.6,3153.3,97.5,12.80,31.75,1,1.000,1,1.000,1,,0
580.18,580.18,UAV-3,STANDBY,RETURNING,RTH,862.2,3115.8,3126.2,88.6,13.05,32.57,1,1.000,1,1.000,1,,0
580.18,580.18,UAV-4,STANDBY,RETURNING,RTH,776.5,3130.5,3113.7,100.4,13.07,34.58,1,1.000,1,1.000,1,,0
580.18,580.18,UAV-5,STANDBY,READY,READY,236.2,3430.0,2868.7,0.3,0.00,100.00,1,1.000,1,0.000,1,,0
580.18,580.18,UAV-6,STANDBY,RETURNING,RTH,1504.0,2745.5,3250.9,89.3,14.04,32.80,1,1.000,1,1.000,1,,0
581.20,581.20,UAV-1,RELAY,KILLED,LANDED,2543.6,2398.9,3388.3,0.3,0.00,82.87,0,1.000,1,0.000,1,,0
581.20,581.20,UAV-2,STANDBY,RETURNING,RTH,970.5,3082.5,3149.5,99.6,12.79,31.63,1,1.000,1,1.000,1,,0
581.20,581.20,UAV-3,STANDBY,RETURNING,RTH,849.3,3118.6,3124.4,90.0,13.03,32.45,1,1.000,1,1.000,1,,0
581.20,581.20,UAV-4,STANDBY,RETURNING,RTH,763.3,3132.3,3112.7,102.7,13.05,34.45,1,1.000,1,1.000,1,,0
581.20,581.20,UAV-5,STANDBY,READY,READY,236.2,3430.0,2868.7,0.3,0.00,100.00,1,1.000,1,0.000,1,,0
581.20,581.20,UAV-6,STANDBY,RETURNING,RTH,1492.4,2753.5,3249.6,92.7,13.83,32.64,1,1.000,1,1.000,1,,0
582.22,582.22,UAV-1,RELAY,KILLED,LANDED,2543.6,2398.9,3388.3,0.3,0.00,82.87,0,1.000,1,0.000,1,,0
582.22,582.22,UAV-2,STANDBY,RETURNING,RTH,958.9,3087.1,3146.0,98.2,12.79,31.51,1,1.000,1,1.000,1,,0
582.22,582.22,UAV-3,STANDBY,RETURNING,RTH,836.4,3121.1,3122.8,91.0,13.03,32.33,1,1.000,1,1.000,1,,0
582.22,582.22,UAV-4,STANDBY,RETURNING,RTH,750.1,3133.8,3111.8,104.6,13.06,34.33,1,1.000,1,1.000,1,,0
582.22,582.22,UAV-5,STANDBY,READY,READY,236.2,3430.0,2868.7,0.3,0.00,100.00,1,1.000,1,0.000,1,,0
582.22,582.22,UAV-6,STANDBY,RETURNING,RTH,1480.4,2760.7,3248.5,97.9,13.64,32.48,1,1.000,1,1.000,1,,0
583.24,583.24,UAV-1,RELAY,KILLED,LANDED,2543.6,2398.9,3388.3,0.3,0.00,82.87,0,1.000,1,0.000,1,,0
583.24,583.24,UAV-2,STANDBY,RETURNING,RTH,947.1,3091.5,3142.6,94.2,12.79,31.39,1,1.000,1,1.000,1,,0
583.24,583.24,UAV-3,STANDBY,RETURNING,RTH,823.3,3123.4,3121.5,93.3,13.04,32.20,1,1.000,1,1.000,1,,0
583.24,583.24,UAV-4,STANDBY,RETURNING,RTH,736.9,3134.9,3111.2,106.5,12.87,34.21,1,1.000,1,0.997,1,,0
583.24,583.24,UAV-5,STANDBY,READY,READY,236.2,3430.0,2868.7,0.3,0.00,100.00,1,1.000,1,0.000,1,,0
583.24,583.24,UAV-6,STANDBY,RETURNING,RTH,1468.0,2766.7,3247.6,102.9,13.42,32.32,1,1.000,1,1.000,1,,0
584.26,584.26,UAV-1,RELAY,KILLED,LANDED,2543.6,2398.9,3388.3,0.3,0.00,82.87,0,1.000,1,0.000,1,,0
584.26,584.26,UAV-2,STANDBY,RETURNING,RTH,935.0,3095.6,3139.6,90.2,12.88,31.26,1,1.000,1,1.000,1,,0
584.26,584.26,UAV-3,STANDBY,RETURNING,RTH,810.2,3125.3,3120.4,97.0,13.12,32.08,1,1.000,1,1.000,1,,0
584.26,584.26,UAV-4,STANDBY,RETURNING,RTH,725.8,3136.7,3107.8,104.4,11.27,34.07,1,1.000,1,1.000,1,,0
584.26,584.26,UAV-5,STANDBY,READY,READY,236.2,3430.0,2868.7,0.3,0.00,100.00,1,1.000,1,0.000,1,,0
584.26,584.26,UAV-6,STANDBY,RETURNING,RTH,1455.3,2771.5,3246.9,106.8,13.28,32.16,1,1.000,1,1.000,1,,0
585.28,585.28,UAV-1,RELAY,KILLED,LANDED,2543.6,2398.9,3388.3,0.3,0.00,82.87,0,1.000,1,0.000,1,,0
585.28,585.28,UAV-2,STANDBY,RETURNING,RTH,922.7,3099.5,3136.8,88.8,12.97,31.14,1,1.000,1,1.000,1,,0
585.28,585.28,UAV-3,STANDBY,RETURNING,RTH,796.9,3126.8,3119.5,100.9,13.22,31.96,1,1.000,1,1.000,1,,0
585.28,585.28,UAV-4,STANDBY,RETURNING,RTH,716.0,3141.6,3103.3,101.2,12.00,33.94,1,1.000,1,1.000,1,,0
585.28,585.28,UAV-5,STANDBY,READY,READY,236.2,3430.0,2868.7,0.3,0.00,100.00,1,1.000,1,0.000,1,,0
585.28,585.28,UAV-6,STANDBY,RETURNING,RTH,1443.8,2775.7,3244.4,106.7,11.88,32.01,1,1.000,1,1.000,1,,0
586.30,586.30,UAV-1,RELAY,KILLED,LANDED,2543.6,2398.9,3388.3,0.3,0.00,82.87,0,1.000,1,0.000,1,,0
586.30,586.30,UAV-2,STANDBY,RETURNING,RTH,910.2,3103.1,3134.2,87.7,13.01,31.02,1,1.000,1,1.000,1,,0
586.30,586.30,UAV-3,STANDBY,RETURNING,RTH,783.5,3128.0,3118.8,104.2,12.61,31.84,1,1.000,1,1.000,1,,0
586.30,586.30,UAV-4,STANDBY,RETURNING,RTH,706.6,3148.9,3099.0,98.5,12.87,33.80,1,1.000,1,1.000,1,,0
586.30,586.30,UAV-5,STANDBY,READY,READY,236.2,3430.0,2868.7,0.3,0.00,100.00,1,1.000,1,0.000,1,,0
586.30,586.30,UAV-6,STANDBY,RETURNING,RTH,1433.9,2782.0,3240.4,102.7,12.51,31.85,1,1.000,1,1.000,1,,0
587.32,587.32,UAV-1,RELAY,KILLED,LANDED,2543.6,2398.9,3388.3,0.3,0.00,82.87,0,1.000,1,0.000,1,,0
587.32,587.32,UAV-2,STANDBY,RETURNING,RTH,897.6,3106.4,3131.8,86.6,13.06,30.90,1,1.000,1,1.000,1,,0
587.32,587.32,UAV-3,STANDBY,RETURNING,RTH,772.5,3130.2,3115.1,103.2,11.43,31.70,1,1.000,1,1.000,1,,0
587.32,587.32,UAV-4,STANDBY,RETURNING,RTH,697.0,3157.3,3095.0,94.1,13.35,33.68,1,1.000,1,1.000,1,,0
587.32,587.32,UAV-5,STANDBY,READY,READY,236.2,3430.0,2868.7,0.3,0.00,100.00,1,1.000,1,0.000,1,,0
587.32,587.32,UAV-6,STANDBY,RETURNING,RTH,1424.7,2790.6,3236.6,98.5,13.32,31.69,1,1.000,1,1.000,1,,0
588.34,588.34,UAV-1,RELAY,KILLED,LANDED,2543.6,2398.9,3388.3,0.3,0.00,82.87,0,1.000,1,0.000,1,,0
588.34,588.34,UAV-2,STANDBY,RETURNING,RTH,884.8,3109.4,3129.7,87.2,13.06,30.78,1,1.000,1,1.000,1,,0
588.34,588.34,UAV-3,STANDBY,RETURNING,RTH,762.5,3135.3,3110.8,100.6,12.20,31.57,1,1.000,1,1.000,1,,0
588.34,588.34,UAV-4,STANDBY,RETURNING,RTH,687.0,3166.0,3091.2,89.2,13.54,33.55,1,1.000,1,1.000,1,,0
588.34,588.34,UAV-5,STANDBY,READY,READY,236.2,3430.0,2868.7,0.3,0.00,100.00,1,1.000,1,0.000,1,,0
588.34,588.34,UAV-6,STANDBY,RETURNING,RTH,1415.8,2800.7,3233.0,94.7,13.96,31.53,1,1.000,1,1.000,1,,0
589.36,589.36,UAV-1,RELAY,KILLED,LANDED,2543.6,2398.9,3388.3,0.3,0.00,82.87,0,1.000,1,0.000,1,,0
589.36,589.36,UAV-2,STANDBY,RETURNING,RTH,871.9,3112.2,3127.9,87.9,13.10,30.66,1,1.000,1,1.000,1,,0
589.36,589.36,UAV-3,STANDBY,RETURNING,RTH,752.3,3141.7,3106.6,98.4,12.79,31.45,1,1.000,1,1.000,1,,0
589.36,589.36,UAV-4,STANDBY,RETURNING,RTH,676.8,3174.6,3087.6,83.0,13.63,33.43,1,1.000,1,1.000,1,,0
589.36,589.36,UAV-5,STANDBY,READY,READY,236.2,3430.0,2868.7,0.3,0.00,100.00,1,1.000,1,0.000,1,,0
589.36,589.36,UAV-6,STANDBY,RETURNING,RTH,1407.1,2811.8,3229.8,92.7,14.39,31.37,1,1.000,1,1.000,1,,0
590.38,590.38,UAV-1,RELAY,KILLED,LANDED,2543.6,2398.9,3388.3,0.3,0.00,82.87,0,1.000,1,0.000,1,,0
590.38,590.38,UAV-2,STANDBY,RETURNING,RTH,858.8,3114.7,3126.3,89.8,13.21,30.54,1,1.000,1,1.000,1,,0
590.38,590.38,UAV-3,STANDBY,RETURNING,RTH,741.6,3148.5,3102.7,96.1,13.10,31.33,1,1.000,1,1.000,1,,0
590.38,590.38,UAV-4,STANDBY,RETURNING,RTH,666.1,3183.0,3084.2,78.2,13.74,33.31,1,1.000,1,1.000,1,,0
590.38,590.38,UAV-5,STANDBY,READY,READY,236.2,3430.0,2868.7,0.3,0.00,100.00,1,1.000,1,0.000,1,,0
590.38,590.38,UAV-6,STANDBY,RETURNING,RTH,1398.4,2823.5,3226.9,92.2,14.65,31.21,1,1.000,1,1.000,1,,0
591.40,591.40,UAV-1,RELAY,KILLED,LANDED,2543.6,2398.9,3388.3,0.3,0.00,82.87,0,1.000,1,0.000,1,,0
591.40,591.40,UAV-2,STANDBY,RETURNING,RTH,845.5,3116.9,3124.9,91.3,13.23,30.42,1,1.000,1,1.000,1,,0
591.40,591.40,UAV-3,STANDBY,RETURNING,RTH,730.5,3155.0,3099.1,92.7,13.21,31.21,1,1.000,1,1.000,1,,0
591.40,591.40,UAV-4,STANDBY,RETURNING,RTH,655.1,3191.1,3081.1,75.6,13.74,33.18,1,1.000,1,1.000,1,,0
591.40,591.40,UAV-5,STANDBY,READY,READY,236.2,3430.0,2868.7,0.3,0.00,100.00,1,1.000,1,0.000,1,,0
591.40,591.40,UAV-6,STANDBY,RETURNING,RTH,1389.3,2835.1,3224.2,89.7,14.65,31.05,1,1.000,1,1.000,1,,0
592.42,592.42,UAV-1,RELAY,KILLED,LANDED,2543.6,2398.9,3388.3,0.3,0.00,82.87,0,1.000,1,0.000,1,,0
592.42,592.42,UAV-2,STANDBY,RETURNING,RTH,832.2,3118.8,3123.8,92.9,13.22,30.29,1,1.000,1,1.000,1,,0
592.42,592.42,UAV-3,STANDBY,RETURNING,RTH,719.1,3161.4,3095.7,89.4,13.21,31.08,1,1.000,1,1.000,1,,0
592.42,592.42,UAV-4,STANDBY,RETURNING,RTH,643.8,3198.9,3078.1,74.4,13.69,33.06,1,1.000,1,1.000,1,,0
592.42,592.42,UAV-5,STANDBY,READY,READY,236.2,3430.0,2868.7,0.3,0.00,100.00,1,1.000,1,0.000,1,,0
592.42,592.42,UAV-6,STANDBY,RETURNING,RTH,1380.0,2846.4,3221.7,85.2,14.56,30.90,1,1.000,1,1.000,1,,0
593.44,593.44,UAV-1,RELAY,KILLED,LANDED,2543.6,2398.9,3388.3,0.3,0.00,82.87,0,1.000,1,0.000,1,,0
593.44,593.44,UAV-2,STANDBY,RETURNING,RTH,818.9,3120.3,3122.9,96.5,13.21,30.17,1,1.000,1,1.000,1,,0
593.44,593.44,UAV-3,STANDBY,RETURNING,RTH,707.5,3167.4,3092.5,86.3,13.19,30.96,1,1.000,1,1.000,1,,0
593.44,593.44,UAV-4,STANDBY,RETURNING,RTH,632.4,3206.2,3075.4,74.7,13.62,32.94,1,1.000,1,1.000,1,,0
593.44,593.44,UAV-5,STANDBY,READY,READY,236.2,3430.0,2868.7,0.3,0.00,100.00,1,1.000,1,0.000,1,,0
593.44,593.44,UAV-6,STANDBY,RETURNING,RTH,1370.5,2857.5,3219.3,82.6,14.45,30.74,1,1.000,1,1.000,1,,0
594.46,594.46,UAV-1,RELAY,KILLED,LANDED,2543.6,2398.9,3388.3,0.3,0.00,82.87,0,1.000,1,0.000,1,,0
594.46,594.46,UAV-2,STANDBY,RETURNING,RTH,805.7,3121.5,3122.0,101.3,12.04,30.05,1,1.000,1,1.000,1,,0
594.46,594.46,UAV-3,STANDBY,RETURNING,RTH,695.7,3173.2,3089.5,83.3,13.21,30.84,1,1.000,1,1.000,1,,0
594.46,594.46,UAV-4,STANDBY,RETURNING,RTH,620.6,3213.2,3072.9,77.2,13.58,32.82,1,1.000,1,1.000,1,,0
594.46,594.46,UAV-5,STANDBY,READY,READY,236.2,3430.0,2868.7,0.3,0.00,100.00,1,1.000,1,0.000,1,,0
594.46,594.46,UAV-6,STANDBY,RETURNING,RTH,1360.7,2868.2,3217.0,82.9,14.39,30.58,1,1.000,1,1.000,1,,0
595.48,595.48,UAV-1,RELAY,KILLED,LANDED,2543.6,2398.9,3388.3,0.3,0.00,82.87,0,1.000,1,0.000,1,,0
595.48,595.48,UAV-2,STANDBY,RETURNING,RTH,794.9,3124.2,3118.2,101.3,11.63,29.91,1,1.000,1,1.000,1,,0
595.48,595.48,UAV-3,STANDBY,RETURNING,RTH,683.6,3178.6,3086.8,79.6,13.27,30.72,1,1.000,1,1.000,1,,0
595.48,595.48,UAV-4,STANDBY,RETURNING,RTH,608.6,3219.8,3070.6,82.1,13.57,32.69,1,1.000,1,1.000,1,,0
595.48,595.48,UAV-5,STANDBY,READY,READY,236.2,3430.0,2868.7,0.3,0.00,100.00,1,1.000,1,0.000,1,,0
595.48,595.48,UAV-6,STANDBY,RETURNING,RTH,1350.6,2878.7,3214.9,84.8,14.37,30.42,1,1.000,1,1.000,1,,0
596.50,596.50,UAV-1,RELAY,KILLED,LANDED,2543.6,2398.9,3388.3,0.3,0.00,82.87,0,1.000,1,0.000,1,,0
596.50,596.50,UAV-2,STANDBY,RETURNING,RTH,784.6,3129.6,3114.2,98.6,12.47,29.79,1,1.000,1,1.000,1,,0
596.50,596.50,UAV-3,STANDBY,RETURNING,RTH,671.3,3183.8,3084.3,77.0,13.33,30.60,1,1.000,1,1.000,1,,0
596.50,596.50,UAV-4,STANDBY,RETURNING,RTH,596.4,3225.9,3068.6,85.5,13.55,32.57,1,1.000,1,1.000,1,,0
596.50,596.50,UAV-5,STANDBY,READY,READY,236.2,3430.0,2868.7,0.3,0.00,100.00,1,1.000,1,0.000,1,,0
596.50,596.50,UAV-6,STANDBY,RETURNING,RTH,1340.2,2888.7,3212.9,87.8,14.32,30.26,1,1.000,1,1.000,1,,0
597.52,597.52,UAV-1,RELAY,KILLED,LANDED,2543.6,2398.9,3388.3,0.3,0.00,82.87,0,1.000,1,0.000,1,,0
597.52,597.52,UAV-2,STANDBY,RETURNING,RTH,773.8,3135.8,3110.5,96.5,12.90,29.67,1,1.000,1,1.000,1,,0
597.52,597.52,UAV-3,STANDBY,RETURNING,RTH,658.8,3188.6,3082.0,76.2,13.35,30.48,1,1.000,1,1.000,1,,0
597.52,597.52,UAV-4,STANDBY,RETURNING,RTH,583.9,3231.5,3066.7,87.6,13.50,32.45,1,1.000,1,1.000,1,,0
597.52,597.52,UAV-5,STANDBY,READY,READY,236.2,3430.0,2868.7,0.3,0.00,100.00,1,1.000,1,0.000,1,,0
597.52,597.52,UAV-6,STANDBY,RETURNING,RTH,1329.5,2898.4,3211.0,90.3,14.23,30.10,1,1.000,1,1.000,1,,0
598.54,598.54,UAV-1,RELAY,KILLED,LANDED,2543.6,2398.9,3388.3,0.3,0.00,82.87,0,1.000,1,0.000,1,,0
598.54,598.54,UAV-2,STANDBY,RETURNING,RTH,762.6,3142.0,3106.9,95.7,13.02,29.54,1,1.000,1,1.000,1,,0
598.54,598.54,UAV-3,STANDBY,RETURNING,RTH,646.1,3193.1,3079.9,76.5,13.31,30.36,1,1.000,1,1.000,1,,0
598.54,598.54,UAV-4,STANDBY,RETURNING,RTH,571.3,3236.5,3065.1,89.8,13.40,32.33,1,1.000,1,1.000,1,,0
598.54,598.54,UAV-5,STANDBY,READY,READY,236.2,3430.0,2868.7,0.3,0.00,100.00,1,1.000,1,0.000,1,,0
598.54,598.54,UAV-6,STANDBY,RETURNING,RTH,1318.5,2907.6,3209.2,93.2,14.09,29.95,1,1.000,1,1.000,1,,0
599.56,599.56,UAV-1,RELAY,KILLED,LANDED,2543.6,2398.9,3388.3,0.3,0.00,82.87,0,1.000,1,0.000,1,,0
599.56,599.56,UAV-2,STANDBY,RETURNING,RTH,751.2,3148.0,3103.6,94.7,13.09,29.42,1,1.000,1,1.000,1,,0
599.56,599.56,UAV-3,STANDBY,RETURNING,RTH,633.3,3197.2,3078.0,78.5,13.31,30.23,1,1.000,1,1.000,1,,0
599.56,599.56,UAV-4,STANDBY,RETURNING,RTH,558.5,3241.1,3063.7,93.7,13.36,32.21,1,1.000,1,1.000,1,,0
599.56,599.56,UAV-5,STANDBY,READY,READY,236.2,3430.0,2868.7,0.3,0.00,100.00,1,1.000,1,0.000,1,,0
599.56,599.56,UAV-6,STANDBY,RETURNING,RTH,1307.3,2916.3,3207.7,94.4,13.97,29.79,1,1.000,1,1.000,1,,0
600.58,600.58,UAV-1,RELAY,KILLED,LANDED,2543.6,2398.9,3388.3,0.3,0.00,82.87,0,1.000,1,0.000,1,,0
600.58,600.58,UAV-2,STANDBY,RETURNING,RTH,739.5,3153.7,3100.5,93.1,13.18,29.30,1,1.000,1,1.000,1,,0
600.58,600.58,UAV-3,STANDBY,RETURNING,RTH,620.4,3200.9,3076.4,82.1,13.37,30.11,1,1.000,1,1.000,1,,0
600.58,600.58,UAV-4,STANDBY,RETURNING,RTH,545.5,3245.0,3062.5,97.9,13.38,32.08,1,1.000,1,1.000,1,,0
600.58,600.58,UAV-5,STANDBY,READY,READY,236.2,3430.0,2868.7,0.3,0.00,100.00,1,1.000,1,0.000,1,,0
600.58,600.58,UAV-6,STANDBY,RETURNING,RTH,1295.7,2924.4,3206.2,93.7,13.92,29.63,1,1.000,1,1.000,1,,0
601.60,601.60,UAV-1,RELAY,KILLED,LANDED,2543.6,2398.9,3388.3,0.3,0.00,82.87,0,1.000,1,0.000,1,,0
601.60,601.60,UAV-2,STANDBY,RETURNING,RTH,727.6,3159.2,3097.6,90.5,13.15,29.18,1,1.000,1,1.000,1,,0
601.60,601.60,UAV-3,STANDBY,RETURNING,RTH,607.2,3204.3,3075.0,87.8,13.31,29.99,1,1.000,1,1.000,1,,0
601.60,601.60,UAV-4,STANDBY,RETURNING,RTH,532.3,3248.3,3061.6,100.8,13.30,31.96,1,1.000,1,1.000,1,,0
601.60,601.60,UAV-5,STANDBY,READY,READY,236.2,3430.0,2868.7,0.3,0.00,100.00,1,1.000,1,0.000,1,,0
601.60,601.60,UAV-6,STANDBY,RETURNING,RTH,1283.7,2931.8,3205.0,92.6,13.77,29.47,1,1.000,1,1.000,1,,0
602.62,602.62,UAV-1,RELAY,KILLED,LANDED,2543.6,2398.9,3388.3,0.3,0.00,82.87,0,1.000,1,0.000,1,,0
602.62,602.62,UAV-2,STANDBY,RETURNING,RTH,715.5,3164.4,3094.9,88.3,13.14,29.06,1,1.000,1,1.000,1,,0
602.62,602.62,UAV-3,STANDBY,RETURNING,RTH,594.0,3207.2,3073.8,92.5,13.26,29.87,1,1.000,1,1.000,1,,0
602.62,602.62,UAV-4,STANDBY,RETURNING,RTH,519.1,3250.9,3060.9,102.7,13.25,31.84,1,1.000,1,1.000,1,,0
602.62,602.62,UAV-5,STANDBY,READY,READY,236.2,3430.0,2868.7,0.3,0.00,100.00,1,1.000,1,0.000,1,,0
602.62,602.62,UAV-6,STANDBY,RETURNING,RTH,1271.5,2938.5,3203.9,93.7,13.63,29.31,1,1.000,1,1.000,1,,0
603.64,603.64,UAV-1,RELAY,KILLED,LANDED,2543.6,2398.9,3388.3,0.3,0.00,82.87,0,1.000,1,0.000,1,,0
603.64,603.64,UAV-2,STANDBY,RETURNING,RTH,703.3,3169.3,3092.5,86.3,13.13,28.94,1,1.000,1,1.000,1,,0
603.64,603.64,UAV-3,STANDBY,RETURNING,RTH,580.8,3209.6,3072.9,96.8,13.23,29.75,1,1.000,1,1.000,1,,0
603.64,603.64,UAV-4,STANDBY,RETURNING,RTH,507.6,3253.2,3057.9,102.0,11.31,31.71,1,1.000,1,1.000,1,,0
603.64,603.64,UAV-5,STANDBY,READY,READY,236.2,3430.0,2868.7,0.3,0.00,100.00,1,1.000,1,0.000,1,,0
603.64,603.64,UAV-6,STANDBY,RETURNING,RTH,1259.0,2944.3,3202.9,95.6,13.49,29.15,1,1.000,1,1.000,1,,0
604.66,604.66,UAV-1,RELAY,KILLED,LANDED,2543.6,2398.9,3388.3,0.3,0.00,82.87,0,1.000,1,0.000,1,,0
604.66,604.66,UAV-2,STANDBY,RETURNING,RTH,690.9,3174.0,3090.2,84.2,13.18,28.82,1,1.000,1,1.000,1,,0
604.66,604.66,UAV-3,STANDBY,RETURNING,RTH,567.5,3211.5,3072.2,101.4,13.25,29.62,1,1.000,1,1.000,1,,0
604.66,604.66,UAV-4,STANDBY,RETURNING,RTH,498.3,3257.7,3052.1,98.6,11.91,31.57,1,1.000,1,1.000,1,,0
604.66,604.66,UAV-5,STANDBY,READY,READY,236.2,3430.0,2868.7,0.3,0.00,100.00,1,1.000,1,0.000,1,,0
604.66,604.66,UAV-6,STANDBY,RETURNING,RTH,1246.1,2949.1,3202.2,98.3,13.41,29.00,1,1.000,1,1.000,1,,0
605.68,605.68,UAV-1,RELAY,KILLED,LANDED,2543.6,2398.9,3388.3,0.3,0.00,82.87,0,1.000,1,0.000,1,,0
605.68,605.68,UAV-2,STANDBY,RETURNING,RTH,678.3,3178.3,3088.1,81.7,13.23,28.69,1,1.000,1,1.000,1,,0
605.68,605.68,UAV-3,STANDBY,RETURNING,RTH,555.8,3213.4,3069.3,102.5,11.29,29.50,1,1.000,1,1.000,1,,0
605.68,605.68,UAV-4,STANDBY,RETURNING,RTH,489.6,3264.7,3046.5,94.8,12.78,31.43,1,1.000,1,1.000,1,,0
605.68,605.68,UAV-5,STANDBY,READY,READY,236.2,3430.0,2868.7,0.3,0.00,100.00,1,1.000,1,0.000,1,,0
605.68,605.68,UAV-6,STANDBY,RETURNING,RTH,1233.1,2952.9,3201.6,103.5,13.13,28.84,1,1.000,1,1.000,1,,0
606.70,606.70,UAV-1,RELAY,KILLED,LANDED,2543.6,2398.9,3388.3,0.3,0.00,82.87,0,1.000,1,0.000,1,,0
606.70,606.70,UAV-2,STANDBY,RETURNING,RTH,665.5,3182.2,3086.3,80.6,13.29,28.57,1,1.000,1,1.000,1,,0
606.70,606.70,UAV-3,STANDBY,RETURNING,RTH,546.4,3217.5,3063.6,99.9,11.85,29.36,1,1.000,1,1.000,1,,0
606.70,606.70,UAV-4,STANDBY,RETURNING,RTH,481.1,3273.7,3041.1,92.1,13.52,31.30,1,1.000,1,1.000,1,,0
606.70,606.70,UAV-5,STANDBY,READY,READY,236.2,3430.0,2868.7,0.3,0.00,100.00,1,1.000,1,0.000,1,,0
606.70,606.70,UAV-6,STANDBY,RETURNING,RTH,1221.6,2956.9,3199.0,104.0,12.03,28.68,1,1.000,1,1.000,1,,0
607.72,607.72,UAV-1,RELAY,KILLED,LANDED,2543.6,2398.9,3388.3,0.3,0.00,82.87,0,1.000,1,0.000,1,,0
607.72,607.72,UAV-2,STANDBY,RETURNING,RTH,652.6,3185.9,3084.6,81.2,13.30,28.45,1,1.000,1,1.000,1,,0
607.72,607.72,UAV-3,STANDBY,RETURNING,RTH,537.5,3224.3,3058.1,97.1,12.70,29.22,1,1.000,1,1.000,1,,0
607.72,607.72,UAV-4,STANDBY,RETURNING,RTH,472.9,3283.9,3036.0,90.7,13.99,31.16,1,1.000,1,1.000,1,,0
607.72,607.72,UAV-5,STANDBY,READY,READY,236.2,3430.0,2868.7,0.3,0.00,100.00,1,1.000,1,0.000,1,,0
607.72,607.72,UAV-6,STANDBY,RETURNING,RTH,1211.4,2963.6,3195.7,102.6,12.85,28.52,1,1.000,1,1.000,1,,0
608.74,608.74,UAV-1,RELAY,KILLED,LANDED,2543.6,2398.9,3388.3,0.3,0.00,82.87,0,1.000,1,0.000,1,,0
608.74,608.74,UAV-2,STANDBY,RETURNING,RTH,639.5,3189.1,3083.2,83.1,13.33,28.33,1,1.000,1,1.000,1,,0
608.74,608.74,UAV-3,STANDBY,RETURNING,RTH,529.0,3233.2,3052.8,93.6,13.44,29.08,1,1.000,1,1.000,1,,0
608.74,608.74,UAV-4,STANDBY,RETURNING,RTH,464.8,3294.8,3031.2,89.4,14.25,31.03,1,1.000,1,1.000,1,,0
608.74,608.74,UAV-5,STANDBY,READY,READY,236.2,3430.0,2868.7,0.3,0.00,100.00,1,1.000,1,0.000,1,,0
608.74,608.74,UAV-6,STANDBY,RETURNING,RTH,1201.1,2971.8,3192.9,102.3,13.51,28.36,1,1.000,1,1.000,1,,0
609.76,609.76,UAV-1,RELAY,KILLED,LANDED,2543.6,2398.9,3388.3,0.3,0.00,82.87,0,1.000,1,0.000,1,,0
609.76,609.76,UAV-2,STANDBY,RETURNING,RTH,626.2,3192.0,3082.0,86.7,13.38,28.21,1,1.000,1,1.000,1,,0
609.76,609.76,UAV-3,STANDBY,RETURNING,RTH,520.8,3243.3,3047.8,89.3,14.00,28.94,1,1.000,1,1.000,1,,0
609.76,609.76,UAV-4,STANDBY,RETURNING,RTH,456.5,3305.9,3026.6,88.2,14.35,30.90,1,1.000,1,1.000,1,,0
609.76,609.76,UAV-5,STANDBY,READY,READY,236.2,3430.0,2868.7,0.3,0.00,100.00,1,1.000,1,0.000,1,,0
609.76,609.76,UAV-6,STANDBY,RETURNING,RTH,1190.3,2980.2,3190.4,102.4,13.72,28.20,1,1.000,1,1.000,1,,0
610.78,610.78,UAV-1,RELAY,KILLED,LANDED,2543.6,2398.9,3388.3,0.3,0.00,82.87,0,1.000,1,0.000,1,,0
610.78,610.78,UAV-2,STANDBY,RETURNING,RTH,612.8,3194.5,3081.0,91.9,13.37,28.09,1,1.000,1,1.000,1,,0
610.78,610.78,UAV-3,STANDBY,RETURNING,RTH,512.8,3254.4,3043.0,85.9,14.36,28.81,1,1.000,1,1.000,1,,0
610.78,610.78,UAV-4,STANDBY,RETURNING,RTH,447.9,3316.9,3022.2,87.6,14.33,30.77,1,1.000,1,1.000,1,,0
610.78,610.78,UAV-5,STANDBY,READY,READY,236.2,3430.0,2868.7,0.3,0.00,100.00,1,1.000,1,0.000,1,,0
610.78,610.78,UAV-6,STANDBY,RETURNING,RTH,1179.3,2988.5,3188.0,103.9,13.75,28.05,1,1.000,1,1.000,1,,0
611.80,611.80,UAV-1,RELAY,KILLED,LANDED,2543.6,2398.9,3388.3,0.3,0.00,82.87,0,1.000,1,0.000,1,,0
611.80,611.80,UAV-2,STANDBY,RETURNING,RTH,599.4,3196.5,3080.2,97.4,13.37,27.96,1,1.000,1,1.000,1,,0
611.80,611.80,UAV-3,STANDBY,RETURNING,RTH,504.8,3266.0,3038.4,82.8,14.53,28.67,1,1.000,1,1.000,1,,0
611.80,611.80,UAV-4,STANDBY,RETURNING,RTH,438.9,3327.6,3018.1,85.7,14.27,30.64,1,1.000,1,1.000,1,,0
611.80,611.80,UAV-5,STANDBY,READY,READY,236.2,3430.0,2868.7,0.3,0.00,100.00,1,1.000,1,0.000,1,,0
611.80,611.80,UAV-6,STANDBY,RETURNING,RTH,1168.0,2996.5,3185.7,106.3,13.71,27.89,1,1.000,1,1.000,1,,0
612.82,612.82,UAV-1,RELAY,KILLED,LANDED,2543.6,2398.9,3388.3,0.3,0.00,82.87,0,1.000,1,0.000,1,,0
612.82,612.82,UAV-2,STANDBY,RETURNING,RTH,586.0,3198.1,3079.4,101.8,12.20,27.84,1,1.000,1,1.000,1,,0
612.82,612.82,UAV-3,STANDBY,RETURNING,RTH,496.7,3277.6,3034.0,79.7,14.53,28.54,1,1.000,1,1.000,1,,0
612.82,612.82,UAV-4,STANDBY,RETURNING,RTH,429.6,3338.1,3014.2,81.9,14.19,30.52,1,1.000,1,1.000,1,,0
612.82,612.82,UAV-5,STANDBY,READY,READY,236.2,3430.0,2868.7,0.3,0.00,100.00,1,1.000,1,0.000,1,,0
612.82,612.82,UAV-6,STANDBY,RETURNING,RTH,1156.6,3004.2,3183.6,109.1,13.62,27.73,1,1.000,1,1.000,1,,0
613.84,613.84,UAV-1,RELAY,KILLED,LANDED,2543.6,2398.9,3388.3,0.3,0.00,82.87,0,1.000,1,0.000,1,,0
613.84,613.84,UAV-2,STANDBY,RETURNING,RTH,575.7,3200.5,3074.7,100.8,11.35,27.71,1,1.000,1,1.000,1,,0
613.84,613.84,UAV-3,STANDBY,RETURNING,RTH,488.3,3289.0,3029.9,78.0,14.40,28.41,1,1.000,1,1.000,1,,0
613.84,613.84,UAV-4,STANDBY,RETURNING,RTH,420.0,3348.2,3010.5,78.1,14.04,30.39,1,1.000,1,1.000,1,,0
613.84,613.84,UAV-5,STANDBY,READY,READY,236.2,3430.0,2868.7,0.3,0.00,100.00,1,1.000,1,0.000,1,,0
613.84,613.84,UAV-6,STANDBY,RETURNING,RTH,1145.0,3011.6,3181.6,109.0,13.48,27.57,1,1.000,1,1.000,1,,0
614.86,614.86,UAV-1,RELAY,KILLED,LANDED,2543.6,2398.9,3388.3,0.3,0.00,82.87,0,1.000,1,0.000,1,,0
614.86,614.86,UAV-2,STANDBY,RETURNING,RTH,566.6,3205.7,3069.1,98.5,12.03,27.57,1,1.000,1,1.000,1,,0
614.86,614.86,UAV-3,STANDBY,RETURNING,RTH,479.7,3300.2,3026.0,76.9,14.29,28.28,1,1.000,1,1.000,1,,0
614.86,614.86,UAV-4,STANDBY,RETURNING,RTH,410.2,3357.9,3007.1,75.9,13.93,30.27,1,1.000,1,1.000,1,,0
614.86,614.86,UAV-5,STANDBY,READY,READY,236.2,3430.0,2868.7,0.3,0.00,100.00,1,1.000,1,0.000,1,,0
614.86,614.86,UAV-6,STANDBY,RETURNING,RTH,1133.4,3018.5,3179.7,106.0,13.38,27.41,1,1.000,1,1.000,1,,0
615.88,615.88,UAV-1,RELAY,KILLED,LANDED,2543.6,2398.9,3388.3,0.3,0.00,82.87,0,1.000,1,0.000,1,,0
615.88,615.88,UAV-2,STANDBY,RETURNING,RTH,558.0,3213.2,3063.8,96.2,12.87,27.43,1,1.000,1,1.000,1,,0
615.88,615.88,UAV-3,STANDBY,RETURNING,RTH,470.8,3311.1,3022.4,76.3,14.26,28.16,1,1.000,1,1.000,1,,0
615.88,615.88,UAV-4,STANDBY,RETURNING,RTH,400.0,3367.2,3004.0,76.2,13.92,30.14,1,1.000,1,1.000,1,,0
615.88,615.88,UAV-5,STANDBY,READY,READY,236.2,3430.0,2868.7,0.3,0.00,100.00,1,1.000,1,0.000,1,,0
615.88,615.88,UAV-6,STANDBY,RETURNING,RTH,1121.6,3025.2,3177.9,103.6,13.38,27.25,1,1.000,1,1.000,1,,0
616.90,616.90,UAV-1,RELAY,KILLED,LANDED,2543.6,2398.9,3388.3,0.3,0.00,82.87,0,1.000,1,0.000,1,,0
616.90,616.90,UAV-2,STANDBY,RETURNING,RTH,549.6,3222.5,3058.7,93.9,13.56,27.29,1,1.000,1,1.000,1,,0
616.90,616.90,UAV-3,STANDBY,RETURNING,RTH,461.5,3321.7,3019.0,76.4,14.24,28.03,1,1.000,1,1.000,1,,0
616.90,616.90,UAV-4,STANDBY,RETURNING,RTH,389.4,3376.2,3001.1,78.5,13.89,30.02,1,1.000,1,1.000,1,,0
616.90,616.90,UAV-5,STANDBY,READY,READY,236.2,3430.0,2868.7,0.3,0.00,100.00,1,1.000,1,0.000,1,,0
616.90,616.90,UAV-6,STANDBY,RETURNING,RTH,1109.6,3031.4,3176.3,103.0,13.40,27.10,1,1.000,1,1.000,1,,0
617.92,617.92,UAV-1,RELAY,KILLED,LANDED,2543.6,2398.9,3388.3,0.3,0.00,82.87,0,1.000,1,0.000,1,,0
617.92,617.92,UAV-2,STANDBY,RETURNING,RTH,541.5,3233.0,3053.8,91.3,14.02,27.16,1,1.000,1,1.000,1,,0
617.92,617.92,UAV-3,STANDBY,RETURNING,RTH,451.7,3331.9,3015.8,75.6,14.19,27.90,1,1.000,1,1.000,1,,0
617.92,617.92,UAV-4,STANDBY,RETURNING,RTH,378.3,3384.6,2998.5,82.4,13.83,29.89,1,1.000,1,1.000,1,,0
617.92,617.92,UAV-5,STANDBY,READY,READY,236.2,3430.0,2868.7,0.3,0.00,100.00,1,1.000,1,0.000,1,,0
617.92,617.92,UAV-6,STANDBY,RETURNING,RTH,1097.3,3037.1,3174.8,103.7,13.39,26.94,1,1.000,1,1.000,1,,0
618.94,618.94,UAV-1,RELAY,KILLED,LANDED,2543.6,2398.9,3388.3,0.3,0.00,82.87,0,1.000,1,0.000,1,,0
618.94,618.94,UAV-2,STANDBY,RETURNING,RTH,533.6,3244.1,3049.2,88.3,14.26,27.02,1,1.000,1,1.000,1,,0
618.94,618.94,UAV-3,STANDBY,RETURNING,RTH,441.6,3341.8,3012.8,72.4,14.10,27.78,1,1.000,1,1.000,1,,0
618.94,618.94,UAV-4,STANDBY,RETURNING,RTH,367.0,3392.5,2996.2,86.8,13.71,29.77,1,1.000,1,1.000,1,,0
618.94,618.94,UAV-5,STANDBY,READY,READY,236.2,3430.0,2868.7,0.3,0.00,100.00,1,1.000,1,0.000,1,,0
618.94,618.94,UAV-6,STANDBY,RETURNING,RTH,1084.8,3042.4,3173.5,105.2,13.34,26.78,1,1.000,1,1.000,1,,0
619.96,619.96,UAV-1,RELAY,KILLED,LANDED,2543.6,2398.9,3388.3,0.3,0.00,82.87,0,1.000,1,0.000,1,,0
619.96,619.96,UAV-2,STANDBY,RETURNING,RTH,525.6,3255.5,3044.8,85.5,14.33,26.89,1,1.000,1,1.000,1,,0
619.96,619.96,UAV-3,STANDBY,RETURNING,RTH,431.1,3351.2,3010.2,69.6,14.03,27.65,1,1.000,1,1.000,1,,0
619.96,619.96,UAV-4,STANDBY,RETURNING,RTH,355.3,3399.8,2994.1,90.2,13.59,29.65,1,1.000,1,1.000,1,,0
619.96,619.96,UAV-5,STANDBY,READY,READY,236.2,3430.0,2868.7,0.3,0.00,100.00,1,1.000,1,0.000,1,,0
619.96,619.96,UAV-6,STANDBY,RETURNING,RTH,1072.1,3047.3,3172.3,107.9,13.27,26.62,1,1.000,1,1.000,1,,0
620.98,620.98,UAV-1,RELAY,KILLED,LANDED,2543.6,2398.9,3388.3,0.3,0.00,82.87,0,1.000,1,0.000,1,,0
620.98,620.98,UAV-2,STANDBY,RETURNING,RTH,517.3,3266.9,3040.6,82.6,14.32,26.76,1,1.000,1,1.000,1,,0
620.98,620.98,UAV-3,STANDBY,RETURNING,RTH,420.2,3360.1,3007.7,69.3,13.98,27.53,1,1.000,1,1.000,1,,0
620.98,620.98,UAV-4,STANDBY,RETURNING,RTH,343.2,3406.3,2992.3,92.8,13.52,29.53,1,1.000,1,1.000,1,,0
620.98,620.98,UAV-5,STANDBY,READY,READY,236.2,3430.0,2868.7,0.3,0.00,100.00,1,1.000,1,0.000,1,,0
620.98,620.98,UAV-6,STANDBY,RETURNING,RTH,1059.4,3051.6,3171.3,109.8,13.26,26.46,1,1.000,1,1.000,1,,0
622.00,622.00,UAV-1,RELAY,KILLED,LANDED,2543.6,2398.9,3388.3,0.3,0.00,82.87,0,1.000,1,0.000,1,,0
622.00,622.00,UAV-2,STANDBY,RETURNING,RTH,508.7,3278.0,3036.7,78.1,14.36,26.63,1,1.000,1,1.000,1,,0
622.00,622.00,UAV-3,STANDBY,RETURNING,RTH,408.8,3368.4,3005.5,71.1,13.99,27.41,1,1.000,1,1.000,1,,0
622.00,622.00,UAV-4,STANDBY,RETURNING,RTH,330.8,3412.1,2990.7,95.4,13.52,29.40,1,1.000,1,1.000,1,,0
622.00,622.00,UAV-5,STANDBY,READY,READY,236.2,3430.0,2868.7,0.3,0.00,100.00,1,1.000,1,0.000,1,,0
622.00,622.00,UAV-6,STANDBY,RETURNING,RTH,1046.4,3055.4,3170.4,109.3,13.31,26.30,1,1.000,1,1.000,1,,0
623.02,623.02,UAV-1,RELAY,KILLED,LANDED,2543.6,2398.9,3388.3,0.3,0.00,82.87,0,1.000,1,0.000,1,,0
623.02,623.02,UAV-2,STANDBY,RETURNING,RTH,499.6,3288.9,3033.0,74.8,14.38,26.50,1,1.000,1,1.000,1,,0
623.02,623.02,UAV-3,STANDBY,RETURNING,RTH,397.0,3376.1,3003.6,75.5,13.95,27.28,1,1.000,1,1.000,1,,0
623.02,623.02,UAV-4,STANDBY,RETURNING,RTH,318.0,3417.1,2989.5,97.7,13.51,29.28,1,1.000,1,1.000,1,,0
623.02,623.02,UAV-5,STANDBY,READY,READY,236.2,3430.0,2868.7,0.3,0.00,100.00,1,1.000,1,0.000,1,,0
623.02,623.02,UAV-6,STANDBY,RETURNING,RTH,1033.2,3058.6,3169.7,107.0,13.35,26.15,1,1.000,1,1.000,1,,0
624.04,624.04,UAV-1,RELAY,KILLED,LANDED,2543.6,2398.9,3388.3,0.3,0.00,82.87,0,1.000,1,0.000,1,,0
624.04,624.04,UAV-2,STANDBY,RETURNING,RTH,490.1,3299.4,3029.5,74.3,14.31,26.38,1,1.000,1,1.000,1,,0
624.04,624.04,UAV-3,STANDBY,RETURNING,RTH,384.8,3383.1,3001.9,81.6,13.81,27.16,1,1.000,1,1.000,1,,0
624.04,624.04,UAV-4,STANDBY,RETURNING,RTH,304.9,3421.2,2988.5,98.7,13.42,29.16,1,1.000,1,1.000,1,,0
624.04,624.04,UAV-5,STANDBY,READY,READY,236.2,3430.0,2868.7,0.3,0.00,100.00,1,1.000,1,0.000,1,,0
624.04,624.04,UAV-6,STANDBY,RETURNING,RTH,1019.9,3061.2,3169.2,105.5,13.32,25.99,1,1.000,1,1.000,1,,0
625.06,625.06,UAV-1,RELAY,KILLED,LANDED,2543.6,2398.9,3388.3,0.3,0.00,82.87,0,1.000,1,0.000,1,,0
625.06,625.06,UAV-2,STANDBY,RETURNING,RTH,480.2,3309.6,3026.3,74.5,14.22,26.25,1,1.000,1,1.000,1,,0
625.06,625.06,UAV-3,STANDBY,RETURNING,RTH,372.2,3389.2,3000.6,88.1,13.62,27.04,1,1.000,1,1.000,1,,0
625.06,625.06,UAV-4,STANDBY,RETURNING,RTH,292.2,3424.3,2987.2,100.6,11.80,29.04,1,1.000,1,1.000,1,,0
625.06,625.06,UAV-5,STANDBY,READY,READY,236.2,3430.0,2868.7,0.3,0.00,100.00,1,1.000,1,0.000,1,,0
625.06,625.06,UAV-6,STANDBY,RETURNING,RTH,1007.3,3063.3,3167.7,104.6,11.51,25.83,1,1.000,1,1.000,1,,0
626.08,626.08,UAV-1,RELAY,KILLED,LANDED,2543.6,2398.9,3388.3,0.3,0.00,82.87,0,1.000,1,0.000,1,,0
626.08,626.08,UAV-2,STANDBY,RETURNING,RTH,470.1,3319.5,3023.3,75.2,14.14,26.13,1,1.000,1,1.000,1,,0
626.08,626.08,UAV-3,STANDBY,RETURNING,RTH,359.5,3394.3,2999.4,94.4,13.47,26.92,1,1.000,1,1.000,1,,0
626.08,626.08,UAV-4,STANDBY,RETURNING,RTH,283.0,3427.5,2980.8,97.9,12.03,28.91,1,1.000,1,1.000,1,,0
626.08,626.08,UAV-5,STANDBY,READY,READY,236.2,3430.0,2868.7,0.3,0.00,100.00,1,1.000,1,0.000,1,,0
626.08,626.08,UAV-6,STANDBY,RETURNING,RTH,997.1,3067.0,3163.1,101.2,11.84,25.67,1,1.000,1,1.000,1,,0
627.10,627.10,UAV-1,RELAY,KILLED,LANDED,2543.6,2398.9,3388.3,0.3,0.00,82.87,0,1.000,1,0.000,1,,0
627.10,627.10,UAV-2,STANDBY,RETURNING,RTH,459.5,3328.9,3020.6,76.7,14.04,26.00,1,1.000,1,1.000,1,,0
627.10,627.10,UAV-3,STANDBY,RETURNING,RTH,346.4,3398.3,2998.6,99.6,13.34,26.79,1,1.000,1,1.000,1,,0
627.10,627.10,UAV-4,STANDBY,RETURNING,RTH,276.7,3431.2,2969.7,89.9,14.06,28.78,1,1.000,1,1.000,1,,0
627.10,627.10,UAV-5,STANDBY,READY,READY,236.2,3430.0,2868.7,0.3,0.00,100.00,1,1.000,1,0.000,1,,0
627.10,627.10,UAV-6,STANDBY,RETURNING,RTH,986.8,3072.2,3158.6,100.1,12.46,25.51,1,1.000,1,1.000,1,,0
628.12,628.12,UAV-1,RELAY,KILLED,LANDED,2543.6,2398.9,3388.3,0.3,0.00,82.87,0,1.000,1,0.000,1,,0
628.12,628.12,UAV-2,STANDBY,RETURNING,RTH,448.7,3337.8,3018.1,76.2,13.98,25.88,1,1.000,1,1.000,1,,0
628.12,628.12,UAV-3,STANDBY,RETURNING,RTH,335.2,3401.6,2995.2,100.7,11.59,26.68,1,1.000,1,1.000,1,,0
628.12,628.12,UAV-4,STANDBY,RETURNING,RTH,272.0,3435.4,2956.5,79.0,14.23,28.66,1,1.000,1,1.000,1,,0
628.12,628.12,UAV-5,STANDBY,READY,READY,236.2,3430.0,2868.7,0.3,0.00,100.00,1,1.000,1,0.000,1,,0
628.12,628.12,UAV-6,STANDBY,RETURNING,RTH,975.9,3077.6,3154.4,101.8,12.72,25.35,1,1.000,1,1.000,1,,0
629.14,629.14,UAV-1,RELAY,KILLED,LANDED,2543.6,2398.9,3388.3,0.3,0.00,82.87,0,1.000,1,0.000,1,,0
629.14,629.14,UAV-2,STANDBY,RETURNING,RTH,437.4,3346.2,3015.8,74.7,13.96,25.75,1,1.000,1,1.000,1,,0
629.14,629.14,UAV-3,STANDBY,RETURNING,RTH,327.2,3404.9,2986.3,94.7,13.04,26.56,1,1.000,1,1.000,1,,0
629.14,629.14,UAV-4,STANDBY,RETURNING,RTH,265.9,3440.6,2944.9,69.7,13.32,28.54,1,1.000,1,1.000,1,,0
629.14,629.14,UAV-5,STANDBY,READY,READY,236.2,3430.0,2868.7,0.3,0.00,100.00,1,1.000,1,0.000,1,,0
629.14,629.14,UAV-6,STANDBY,RETURNING,RTH,964.6,3082.8,3150.5,102.2,12.85,25.20,1,1.000,1,1.000,1,,0
630.16,630.16,UAV-1,RELAY,KILLED,LANDED,2543.6,2398.9,3388.3,0.3,0.00,82.87,0,1.000,1,0.000,1,,0
630.16,630.16,UAV-2,STANDBY,RETURNING,RTH,425.7,3354.0,3013.8,75.1,13.90,25.63,1,1.000,1,1.000,1,,0
630.16,630.16,UAV-3,STANDBY,RETURNING,RTH,320.6,3408.8,2975.2,85.5,13.32,26.44,1,1.000,1,1.000,1,,0
630.16,630.16,UAV-4,STANDBY,RETURNING,RTH,257.5,3445.2,2935.9,62.8,12.68,28.41,1,1.000,1,1.000,1,,0
630.16,630.16,UAV-5,STANDBY,READY,READY,236.2,3430.0,2868.7,0.3,0.00,100.00,1,1.000,1,0.000,1,,0
630.16,630.16,UAV-6,STANDBY,RETURNING,RTH,953.0,3087.7,3146.7,99.2,12.90,25.04,1,1.000,1,1.000,1,,0
631.18,631.18,UAV-1,RELAY,KILLED,LANDED,2543.6,2398.9,3388.3,0.3,0.00,82.87,0,1.000,1,0.000,1,,0
631.18,631.18,UAV-2,STANDBY,RETURNING,RTH,413.5,3361.0,3012.1,77.6,13.80,25.51,1,1.000,1,1.000,1,,0
631.18,631.18,UAV-3,STANDBY,RETURNING,RTH,313.1,3413.2,2964.9,76.5,13.10,26.32,1,1.000,1,1.000,1,,0
631.18,631.18,UAV-4,STANDBY,RETURNING,RTH,246.8,3448.4,2929.6,59.6,12.60,28.29,1,1.000,1,1.000,1,,0
631.18,631.18,UAV-5,STANDBY,READY,READY,236.2,3430.0,2868.7,0.3,0.00,100.00,1,1.000,1,0.000,1,,0
631.18,631.18,UAV-6,STANDBY,RETURNING,RTH,941.1,3092.3,3143.2,94.5,12.93,24.88,1,1.000,1,1.000,1,,0
632.20,632.20,UAV-1,RELAY,KILLED,LANDED,2543.6,2398.9,3388.3,0.3,0.00,82.87,0,1.000,1,0.000,1,,0
632.20,632.20,UAV-2,STANDBY,RETURNING,RTH,401.0,3367.2,3010.6,82.1,13.70,25.39,1,1.000,1,1.000,1,,0
632.20,632.20,UAV-3,STANDBY,RETURNING,RTH,304.4,3417.3,2955.7,67.9,12.88,26.21,1,1.000,1,1.000,1,,0
632.20,632.20,UAV-4,STANDBY,RETURNING,RTH,237.3,3450.4,2921.4,53.8,12.95,28.18,1,1.000,1,1.000,1,,0
632.20,632.20,UAV-5,STANDBY,READY,READY,236.2,3430.0,2868.7,0.3,0.00,100.00,1,1.000,1,0.000,1,,0
632.20,632.20,UAV-6,STANDBY,RETURNING,RTH,929.1,3096.7,3140.0,91.2,12.96,24.72,1,1.000,1,1.000,1,,0
633.22,633.22,UAV-1,RELAY,KILLED,LANDED,2543.6,2398.9,3388.3,0.3,0.00,82.87,0,1.000,1,0.000,1,,0
633.22,633.22,UAV-2,STANDBY,RETURNING,RTH,388.2,3372.5,3009.4,87.9,13.61,25.26,1,1.000,1,1.000,1,,0
633.22,633.22,UAV-3,STANDBY,RETURNING,RTH,294.6,3420.8,2947.8,61.3,12.81,26.09,1,1.000,1,1.000,1,,0
633.22,633.22,UAV-4,STANDBY,RETURNING,LANDING,226.5,3450.3,2916.6,50.9,12.46,28.04,1,1.000,1,1.000,1,,0
633.22,633.22,UAV-5,STANDBY,READY,READY,236.2,3430.0,2868.7,0.3,0.00,100.00,1,1.000,1,0.000,1,,0
633.22,633.22,UAV-6,STANDBY,RETURNING,RTH,916.9,3100.8,3136.9,89.9,13.01,24.56,1,1.000,1,1.000,1,,0
634.24,634.24,UAV-1,RELAY,KILLED,LANDED,2543.6,2398.9,3388.3,0.3,0.00,82.87,0,1.000,1,0.000,1,,0
634.24,634.24,UAV-2,STANDBY,RETURNING,RTH,375.1,3376.8,3008.5,94.7,13.55,25.14,1,1.000,1,1.000,1,,0
634.24,634.24,UAV-3,STANDBY,RETURNING,RTH,283.8,3423.7,2941.1,58.1,12.87,25.97,1,1.000,1,1.000,1,,0
634.24,634.24,UAV-4,STANDBY,RETURNING,LANDING,217.1,3449.9,2913.2,49.2,7.69,27.93,1,1.000,1,1.000,1,,0
634.24,634.24,UAV-5,STANDBY,READY,READY,236.2,3430.0,2868.7,0.3,0.00,100.00,1,1.000,1,0.000,1,,0
634.24,634.24,UAV-6,STANDBY,RETURNING,RTH,904.5,3104.7,3134.1,88.0,13.08,24.40,1,1.000,1,1.000,1,,0
635.26,635.26,UAV-1,RELAY,KILLED,LANDED,2543.6,2398.9,3388.3,0.3,0.00,82.87,0,1.000,1,0.000,1,,0
635.26,635.26,UAV-2,STANDBY,RETURNING,RTH,362.6,3380.2,3006.6,100.6,11.74,25.01,1,1.000,1,1.000,1,,0
635.26,635.26,UAV-3,STANDBY,RETURNING,RTH,272.0,3426.1,2935.6,57.3,12.98,25.85,1,1.000,1,1.000,1,,0
635.26,635.26,UAV-4,STANDBY,RETURNING,LANDING,215.2,3450.0,2907.6,44.0,5.86,27.81,1,1.000,1,1.000,1,,0
635.26,635.26,UAV-5,STANDBY,READY,READY,236.2,3430.0,2868.7,0.3,0.00,100.00,1,1.000,1,0.000,1,,0
635.26,635.26,UAV-6,STANDBY,RETURNING,RTH,891.8,3108.2,3131.6,87.3,13.10,24.25,1,1.000,1,1.000,1,,0
636.28,636.28,UAV-1,RELAY,KILLED,LANDED,2543.6,2398.9,3388.3,0.3,0.00,82.87,0,1.000,1,0.000,1,,0
636.28,636.28,UAV-2,STANDBY,RETURNING,RTH,353.8,3383.7,2999.4,97.7,12.36,24.88,1,1.000,1,1.000,1,,0
636.28,636.28,UAV-3,STANDBY,RETURNING,RTH,259.6,3427.9,2931.3,57.2,13.10,25.73,1,1.000,1,1.000,1,,0
636.28,636.28,UAV-4,STANDBY,RETURNING,LANDING,219.2,3450.0,2901.9,37.5,6.44,27.70,1,1.000,1,1.000,1,,0
636.28,636.28,UAV-5,STANDBY,READY,READY,236.2,3430.0,2868.7,0.3,0.00,100.00,1,1.000,1,0.000,1,,0
636.28,636.28,UAV-6,STANDBY,RETURNING,RTH,879.1,3111.5,3129.2,87.7,13.04,24.09,1,1.000,1,1.000,1,,0
637.30,637.30,UAV-1,RELAY,KILLED,LANDED,2543.6,2398.9,3388.3,0.3,0.00,82.87,0,1.000,1,0.000,1,,0
637.30,637.30,UAV-2,STANDBY,RETURNING,RTH,347.1,3388.4,2989.3,90.5,12.95,24.75,1,1.000,1,1.000,1,,0
637.30,637.30,UAV-3,STANDBY,RETURNING,RTH,246.6,3429.2,2928.2,57.5,12.90,25.61,1,1.000,1,1.000,1,,0
637.30,637.30,UAV-4,STANDBY,RETURNING,LANDING,220.0,3450.0,2896.2,31.6,5.60,27.61,1,1.000,1,1.000,1,,0
637.30,637.30,UAV-5,STANDBY,READY,READY,236.2,3430.0,2868.7,0.3,0.00,100.00,1,1.000,1,0.000,1,,0
637.30,637.30,UAV-6,STANDBY,RETURNING,RTH,866.4,3114.5,3127.1,88.3,13.02,23.93,1,1.000,1,1.000,1,,0
638.32,638.32,UAV-1,RELAY,KILLED,LANDED,2543.6,2398.9,3388.3,0.3,0.00,82.87,0,1.000,1,0.000,1,,0
638.32,638.32,UAV-2,STANDBY,RETURNING,RTH,340.4,3394.9,2979.7,83.5,13.29,24.62,1,1.000,1,1.000,1,,0
638.32,638.32,UAV-3,STANDBY,RETURNING,LANDING,235.9,3430.0,2922.1,53.8,12.06,25.50,1,1.000,1,1.000,1,,0
638.32,638.32,UAV-4,STANDBY,RETURNING,LANDING,219.9,3450.0,2890.5,26.0,5.54,27.51,1,1.000,1,1.000,1,,0
638.32,638.32,UAV-5,STANDBY,READY,READY,236.2,3430.0,2868.7,0.3,0.00,100.00,1,1.000,1,0.000,1,,0
638.32,638.32,UAV-6,STANDBY,RETURNING,RTH,853.5,3117.3,3125.3,90.0,13.08,23.77,1,1.000,1,1.000,1,,0
639.34,639.34,UAV-1,RELAY,KILLED,LANDED,2543.6,2398.9,3388.3,0.3,0.00,82.87,0,1.000,1,0.000,1,,0
639.34,639.34,UAV-2,STANDBY,RETURNING,RTH,333.0,3402.1,2970.8,77.1,13.37,24.50,1,1.000,1,1.000,1,,0
639.34,639.34,UAV-3,STANDBY,RETURNING,LANDING,223.8,3430.0,2919.6,53.2,11.52,25.36,1,1.000,1,1.000,1,,0
639.34,639.34,UAV-4,STANDBY,RETURNING,LANDING,220.0,3450.0,2884.8,20.3,5.53,27.42,1,1.000,1,1.000,1,,0
639.34,639.34,UAV-5,STANDBY,READY,READY,236.2,3430.0,2868.7,0.3,0.00,100.00,1,1.000,1,0.000,1,,0
639.34,639.34,UAV-6,STANDBY,RETURNING,RTH,840.4,3119.8,3123.7,91.0,13.12,23.61,1,1.000,1,1.000,1,,0
640.36,640.36,UAV-1,RELAY,KILLED,LANDED,2543.6,2398.9,3388.3,0.3,0.00,82.87,0,1.000,1,0.000,1,,0
640.36,640.36,UAV-2,STANDBY,RETURNING,RTH,324.8,3409.2,2962.6,71.2,13.32,24.38,1,1.000,1,1.000,1,,0
640.36,640.36,UAV-3,STANDBY,RETURNING,LANDING,215.9,3430.0,2915.3,49.9,6.69,25.25,1,1.000,1,1.000,1,,0
640.36,640.36,UAV-4,STANDBY,RETURNING,LANDING,220.0,3450.0,2879.2,14.7,5.52,27.33,1,1.000,1,1.000,1,,0
640.36,640.36,UAV-5,STANDBY,READY,READY,236.2,3430.0,2868.7,0.3,0.00,100.00,1,1.000,1,0.000,1,,0
640.36,640.36,UAV-6,STANDBY,RETURNING,RTH,827.3,3121.9,3122.4,93.0,13.16,23.45,1,1.000,1,1.000,1,,0
641.38,641.38,UAV-1,RELAY,KILLED,LANDED,2543.6,2398.9,3388.3,0.3,0.00,82.87,0,1.000,1,0.000,1,,0
641.38,641.38,UAV-2,STANDBY,RETURNING,RTH,315.7,3416.0,2955.2,64.9,13.25,24.26,1,1.000,1,1.000,1,,0
641.38,641.38,UAV-3,STANDBY,RETURNING,LANDING,215.5,3430.0,2909.7,44.3,6.42,25.13,1,1.000,1,1.000,1,,0
641.38,641.38,UAV-4,STANDBY,RETURNING,LANDING,220.1,3450.0,2873.6,9.1,5.52,27.23,1,1.000,1,1.000,1,,0
641.38,641.38,UAV-5,STANDBY,READY,READY,236.2,3430.0,2868.7,0.3,0.00,100.00,1,1.000,1,0.000,1,,0
641.38,641.38,UAV-6,STANDBY,RETURNING,RTH,814.0,3123.7,3121.3,96.6,13.20,23.30,1,1.000,1,1.000,1,,0
642.40,642.40,UAV-1,RELAY,KILLED,LANDED,2543.6,2398.9,3388.3,0.3,0.00,82.87,0,1.000,1,0.000,1,,0
642.40,642.40,UAV-2,STANDBY,RETURNING,RTH,305.9,3422.4,2948.5,57.9,13.21,24.14,1,1.000,1,1.000,1,,0
642.40,642.40,UAV-3,STANDBY,RETURNING,LANDING,219.6,3430.0,2904.0,38.2,5.95,25.03,1,1.000,1,1.000,1,,0
642.40,642.40,UAV-4,STANDBY,CHARGING,CHARGING,220.2,3450.0,2864.8,0.3,0.00,27.46,1,1.000,1,0.000,1,,0
642.40,642.40,UAV-5,STANDBY,READY,READY,236.2,3430.0,2868.7,0.3,0.00,100.00,1,1.000,1,0.000,1,,0
642.40,642.40,UAV-6,STANDBY,RETURNING,RTH,800.6,3125.2,3120.5,101.0,13.25,23.14,1,1.000,1,1.000,1,,0
643.42,643.42,UAV-1,RELAY,KILLED,LANDED,2543.6,2398.9,3388.3,0.3,0.00,82.87,0,1.000,1,0.000,1,,0
643.42,643.42,UAV-2,STANDBY,RETURNING,RTH,295.3,3428.2,2942.6,53.8,13.20,24.02,1,1.000,1,1.000,1,,0
643.42,643.42,UAV-3,STANDBY,RETURNING,LANDING,219.9,3430.0,2898.3,32.4,5.56,24.94,1,1.000,1,1.000,1,,0
643.42,643.42,UAV-4,STANDBY,CHARGING,CHARGING,220.2,3450.0,2864.8,0.3,0.00,28.31,1,1.000,1,0.000,1,,0
643.42,643.42,UAV-5,STANDBY,READY,READY,236.2,3430.0,2868.7,0.3,0.00,100.00,1,1.000,1,0.000,1,,0
643.42,643.42,UAV-6,STANDBY,RETURNING,RTH,787.8,3126.5,3119.1,103.7,11.64,22.98,1,1.000,1,1.000,1,,0
644.44,644.44,UAV-1,RELAY,KILLED,LANDED,2543.6,2398.9,3388.3,0.3,0.00,82.87,0,1.000,1,0.000,1,,0
644.44,644.44,UAV-2,STANDBY,RETURNING,RTH,284.0,3433.4,2937.4,54.1,13.23,23.90,1,1.000,1,1.000,1,,0
644.44,644.44,UAV-3,STANDBY,RETURNING,LANDING,219.9,3430.0,2892.6,26.8,5.53,24.84,1,1.000,1,1.000,1,,0
644.44,644.44,UAV-4,STANDBY,CHARGING,CHARGING,220.2,3450.0,2864.8,0.3,0.00,29.16,1,1.000,1,0.000,1,,0
644.44,644.44,UAV-5,STANDBY,READY,READY,236.2,3430.0,2868.7,0.3,0.00,100.00,1,1.000,1,0.000,1,,0
644.44,644.44,UAV-6,STANDBY,RETURNING,RTH,777.5,3129.7,3114.7,101.4,11.67,22.82,1,1.000,1,1.000,1,,0
645.46,645.46,UAV-1,RELAY,KILLED,LANDED,2543.6,2398.9,3388.3,0.3,0.00,82.87,0,1.000,1,0.000,1,,0
645.46,645.46,UAV-2,STANDBY,RETURNING,RTH,272.1,3438.0,2932.9,55.6,13.21,23.78,1,1.000,1,1.000,1,,0
645.46,645.46,UAV-3,STANDBY,RETURNING,LANDING,220.0,3430.0,2887.0,21.2,5.51,24.75,1,1.000,1,1.000,1,,0
645.46,645.46,UAV-4,STANDBY,CHARGING,CHARGING,220.2,3450.0,2864.8,0.3,0.00,30.01,1,1.000,1,0.000,1,,0
645.46,645.46,UAV-5,STANDBY,READY,READY,236.2,3430.0,2868.7,0.3,0.00,100.00,1,1.000,1,0.000,1,,0
645.46,645.46,UAV-6,STANDBY,RETURNING,RTH,767.4,3135.5,3110.5,98.9,12.54,22.66,1,1.000,1,1.000,1,,0
646.48,646.48,UAV-1,RELAY,KILLED,LANDED,2543.6,2398.9,3388.3,0.3,0.00,82.87,0,1.000,1,0.000,1,,0
646.48,646.48,UAV-2,STANDBY,RETURNING,RTH,259.8,3441.9,2929.2,55.6,13.22,23.66,1,1.000,1,1.000,1,,0
646.48,646.48,UAV-3,STANDBY,RETURNING,LANDING,220.0,3430.0,2881.4,15.5,5.51,24.66,1,1.000,1,1.000,1,,0
646.48,646.48,UAV-4,STANDBY,CHARGING,CHARGING,220.2,3450.0,2864.8,0.3,0.00,30.86,1,1.000,1,0.000,1,,0
646.48,646.48,UAV-5,STANDBY,READY,READY,236.2,3430.0,2868.7,0.3,0.00,100.00,1,1.000,1,0.000,1,,0
646.48,646.48,UAV-6,STANDBY,RETURNING,RTH,756.7,3141.9,3106.7,97.2,12.90,22.50,1,1.000,1,1.000,1,,0
647.50,647.50,UAV-1,RELAY,KILLED,LANDED,2543.6,2398.9,3388.3,0.3,0.00,82.87,0,1.000,1,0.000,1,,0
647.50,647.50,UAV-2,STANDBY,RETURNING,RTH,247.0,3445.2,2926.3,56.3,13.30,23.54,1,1.000,1,1.000,1,,0
647.50,647.50,UAV-3,STANDBY,RETURNING,LANDING,220.1,3430.0,2875.7,9.9,5.51,24.56,1,1.000,1,1.000,1,,0
647.50,647.50,UAV-4,STANDBY,CHARGING,CHARGING,220.2,3450.0,2864.8,0.3,0.00,31.71,1,1.000,1,0.000,1,,0
647.50,647.50,UAV-5,STANDBY,READY,READY,236.2,3430.0,2868.7,0.3,0.00,100.00,1,1.000,1,0.000,1,,0
647.50,647.50,UAV-6,STANDBY,RETURNING,RTH,745.7,3148.4,3103.1,95.6,13.01,22.35,1,1.000,1,1.000,1,,0
648.52,648.52,UAV-1,RELAY,KILLED,LANDED,2543.6,2398.9,3388.3,0.3,0.00,82.87,0,1.000,1,0.000,1,,0
648.52,648.52,UAV-2,STANDBY,RETURNING,RTH,233.8,3447.8,2924.1,57.1,13.45,23.42,1,1.000,1,1.000,1,,0
648.52,648.52,UAV-3,STANDBY,CHARGING,CHARGING,220.2,3430.0,2866.2,0.3,0.00,24.66,1,1.000,1,0.000,1,,0
648.52,648.52,UAV-4,STANDBY,CHARGING,CHARGING,220.2,3450.0,2864.8,0.3,0.00,32.56,1,1.000,1,0.000,1,,0
648.52,648.52,UAV-5,STANDBY,READY,READY,236.2,3430.0,2868.7,0.3,0.00,100.00,1,1.000,1,0.000,1,,0
648.52,648.52,UAV-6,STANDBY,RETURNING,RTH,734.5,3154.6,3099.8,92.9,13.08,22.19,1,1.000,1,1.000,1,,0
649.54,649.54,UAV-1,RELAY,KILLED,LANDED,2543.6,2398.9,3388.3,0.3,0.00,82.87,0,1.000,1,0.000,1,,0
649.54,649.54,UAV-2,STANDBY,RETURNING,RTH,222.1,3449.5,2920.0,55.1,11.88,23.31,1,1.000,1,1.000,1,,0
649.54,649.54,UAV-3,STANDBY,CHARGING,CHARGING,220.2,3430.0,2866.2,0.3,0.00,25.51,1,1.000,1,0.000,1,,0
649.54,649.54,UAV-4,STANDBY,CHARGING,CHARGING,220.2,3450.0,2864.8,0.3,0.00,33.41,1,1.000,1,0.000,1,,0
649.54,649.54,UAV-5,STANDBY,READY,READY,236.2,3430.0,2868.7,0.3,0.00,100.00,1,1.000,1,0.000,1,,0
649.54,649.54,UAV-6,STANDBY,RETURNING,RTH,723.0,3160.6,3096.6,89.9,13.12,22.03,1,1.000,1,1.000,1,,0
650.56,650.56,UAV-1,RELAY,KILLED,LANDED,2543.6,2398.9,3388.3,0.3,0.00,82.87,0,1.000,1,0.000,1,,0
650.56,650.56,UAV-2,STANDBY,RETURNING,LANDING,210.5,3450.1,2916.6,53.7,12.80,23.17,1,1.000,1,1.000,1,,0
650.56,650.56,UAV-3,STANDBY,CHARGING,CHARGING,220.2,3430.0,2866.2,0.3,0.00,26.36,1,1.000,1,0.000,1,,0
650.56,650.56,UAV-4,STANDBY,CHARGING,CHARGING,220.2,3450.0,2864.8,0.3,0.00,34.26,1,1.000,1,0.000,1,,0
650.56,650.56,UAV-5,STANDBY,READY,READY,236.2,3430.0,2868.7,0.3,0.00,100.00,1,1.000,1,0.000,1,,0
650.56,650.56,UAV-6,STANDBY,RETURNING,RTH,711.2,3166.4,3093.6,87.1,13.14,21.87,1,1.000,1,1.000,1,,0
651.58,651.58,UAV-1,RELAY,KILLED,LANDED,2543.6,2398.9,3388.3,0.3,0.00,82.87,0,1.000,1,0.000,1,,0
651.58,651.58,UAV-2,STANDBY,RETURNING,LANDING,200.9,3450.1,2913.3,51.4,7.73,23.06,1,1.000,1,1.000,1,,0
651.58,651.58,UAV-3,STANDBY,CHARGING,CHARGING,220.2,3430.0,2866.2,0.3,0.00,27.21,1,1.000,1,0.000,1,,0
651.58,651.58,UAV-4,STANDBY,CHARGING,CHARGING,220.2,3450.0,2864.8,0.3,0.00,35.11,1,1.000,1,0.000,1,,0
651.58,651.58,UAV-5,STANDBY,READY,READY,236.2,3430.0,2868.7,0.3,0.00,100.00,1,1.000,1,0.000,1,,0
651.58,651.58,UAV-6,STANDBY,RETURNING,RTH,699.3,3171.8,3090.8,84.5,13.18,21.71,1,1.000,1,1.000,1,,0
652.60,652.60,UAV-1,RELAY,KILLED,LANDED,2543.6,2398.9,3388.3,0.3,0.00,82.87,0,1.000,1,0.000,1,,0
652.60,652.60,UAV-2,STANDBY,RETURNING,LANDING,198.8,3450.0,2907.8,45.9,5.78,22.95,1,1.000,1,1.000,1,,0
652.60,652.60,UAV-3,STANDBY,CHARGING,CHARGING,220.2,3430.0,2866.2,0.3,0.00,28.06,1,1.000,1,0.000,1,,0
652.60,652.60,UAV-4,STANDBY,CHARGING,CHARGING,220.2,3450.0,2864.8,0.3,0.00,35.96,1,1.000,1,0.000,1,,0
652.60,652.60,UAV-5,STANDBY,READY,READY,236.2,3430.0,2868.7,0.3,0.00,100.00,1,1.000,1,0.000,1,,0
652.60,652.60,UAV-6,STANDBY,RETURNING,RTH,687.1,3177.0,3088.2,81.4,13.20,21.55,1,1.000,1,1.000,1,,0
653.62,653.62,UAV-1,RELAY,KILLED,LANDED,2543.6,2398.9,3388.3,0.3,0.00,82.87,0,1.000,1,0.000,1,,0
653.62,653.62,UAV-2,STANDBY,RETURNING,LANDING,202.9,3449.9,2902.1,40.0,6.64,22.84,1,1.000,1,1.000,1,,0
653.62,653.62,UAV-3,STANDBY,CHARGING,CHARGING,220.2,3430.0,2866.2,0.3,0.00,28.91,1,1.000,1,0.000,1,,0
653.62,653.62,UAV-4,STANDBY,CHARGING,CHARGING,220.2,3450.0,2864.8,0.3,0.00,36.81,1,1.000,1,0.000,1,,0
653.62,653.62,UAV-5,STANDBY,READY,READY,236.2,3430.0,2868.7,0.3,0.00,100.00,1,1.000,1,0.000,1,,0
653.62,653.62,UAV-6,STANDBY,RETURNING,RTH,674.8,3181.8,3085.8,78.6,13.21,21.40,1,1.000,1,1.000,1,,0
654.64,654.64,UAV-1,RELAY,KILLED,LANDED,2543.6,2398.9,3388.3,0.3,0.00,82.87,0,1.000,1,0.000,1,,0
654.64,654.64,UAV-2,STANDBY,RETURNING,LANDING,204.0,3450.0,2896.4,34.2,5.59,22.74,1,1.000,1,1.000,1,,0
654.64,654.64,UAV-3,STANDBY,CHARGING,CHARGING,220.2,3430.0,2866.2,0.3,0.00,29.76,1,1.000,1,0.000,1,,0
654.64,654.64,UAV-4,STANDBY,CHARGING,CHARGING,220.2,3450.0,2864.8,0.3,0.00,37.66,1,1.000,1,0.000,1,,0
654.64,654.64,UAV-5,STANDBY,READY,READY,236.2,3430.0,2868.7,0.3,0.00,100.00,1,1.000,1,0.000,1,,0
654.64,654.64,UAV-6,STANDBY,RETURNING,RTH,662.3,3186.3,3083.7,77.7,13.28,21.24,1,1.000,1,1.000,1,,0
655.66,655.66,UAV-1,RELAY,KILLED,LANDED,2543.6,2398.9,3388.3,0.3,0.00,82.87,0,1.000,1,0.000,1,,0
655.66,655.66,UAV-2,STANDBY,RETURNING,LANDING,203.8,3450.0,2890.7,28.6,5.53,22.65,1,1.000,1,1.000,1,,0
655.66,655.66,UAV-3,STANDBY,CHARGING,CHARGING,220.2,3430.0,2866.2,0.3,0.00,30.61,1,1.000,1,0.000,1,,0
655.66,655.66,UAV-4,STANDBY,CHARGING,CHARGING,220.2,3450.0,2864.8,0.3,0.00,38.51,1,1.000,1,0.000,1,,0
655.66,655.66,UAV-5,STANDBY,READY,READY,236.2,3430.0,2868.7,0.3,0.00,100.00,1,1.000,1,0.000,1,,0
655.66,655.66,UAV-6,STANDBY,RETURNING,RTH,649.5,3190.4,3081.7,77.9,13.35,21.08,1,1.000,1,1.000,1,,0
656.68,656.68,UAV-1,RELAY,KILLED,LANDED,2543.6,2398.9,3388.3,0.3,0.00,82.87,0,1.000,1,0.000,1,,0
656.68,656.68,UAV-2,STANDBY,RETURNING,LANDING,203.9,3450.0,2885.1,22.9,5.52,22.56,1,1.000,1,1.000,1,,0
656.68,656.68,UAV-3,STANDBY,CHARGING,CHARGING,220.2,3430.0,2866.2,0.3,0.00,31.46,1,1.000,1,0.000,1,,0
656.68,656.68,UAV-4,STANDBY,CHARGING,CHARGING,220.2,3450.0,2864.8,0.3,0.00,39.36,1,1.000,1,0.000,1,,0
656.68,656.68,UAV-5,STANDBY,READY,READY,236.2,3430.0,2868.7,0.3,0.00,100.00,1,1.000,1,0.000,1,,0
656.68,656.68,UAV-6,STANDBY,RETURNING,RTH,636.5,3194.2,3080.0,79.8,13.37,20.92,1,1.000,1,1.000,1,,0
657.70,657.70,UAV-1,RELAY,KILLED,LANDED,2543.6,2398.9,3388.3,0.3,0.00,82.87,0,1.000,1,0.000,1,,0
657.70,657.70,UAV-2,STANDBY,RETURNING,LANDING,204.0,3450.0,2879.5,17.3,5.52,22.46,1,1.000,1,1.000,1,,0
657.70,657.70,UAV-3,STANDBY,CHARGING,CHARGING,220.2,3430.0,2866.2,0.3,0.00,32.31,1,1.000,1,0.000,1,,0
657.70,657.70,UAV-4,STANDBY,CHARGING,CHARGING,220.2,3450.0,2864.8,0.3,0.00,40.21,1,1.000,1,0.000,1,,0
657.70,657.70,UAV-5,STANDBY,READY,READY,236.2,3430.0,2868.7,0.3,0.00,100.00,1,1.000,1,0.000,1,,0
657.70,657.70,UAV-6,STANDBY,RETURNING,RTH,623.4,3197.7,3078.4,83.2,13.36,20.76,1,1.000,1,1.000,1,,0
658.72,658.72,UAV-1,RELAY,KILLED,LANDED,2543.6,2398.9,3388.3,0.3,0.00,82.87,0,1.000,1,0.000,1,,0
658.72,658.72,UAV-2,STANDBY,RETURNING,LANDING,204.1,3450.0,2873.8,11.7,5.51,22.37,1,1.000,1,1.000,1,,0
658.72,658.72,UAV-3,STANDBY,CHARGING,CHARGING,220.2,3430.0,2866.2,0.3,0.00,33.16,1,1.000,1,0.000,1,,0
658.72,658.72,UAV-4,STANDBY,CHARGING,CHARGING,220.2,3450.0,2864.8,0.3,0.00,41.06,1,1.000,1,0.000,1,,0
658.72,658.72,UAV-5,STANDBY,READY,READY,236.2,3430.0,2868.7,0.3,0.00,100.00,1,1.000,1,0.000,1,,0
658.72,658.72,UAV-6,STANDBY,RETURNING,RTH,610.2,3200.7,3077.1,88.7,13.34,20.60,1,1.000,1,1.000,1,,0
659.74,659.74,UAV-1,RELAY,KILLED,LANDED,2543.6,2398.9,3388.3,0.3,0.00,82.87,0,1.000,1,0.000,1,,0
659.74,659.74,UAV-2,STANDBY,RETURNING,LANDING,204.1,3450.0,2868.2,6.1,5.51,22.28,1,1.000,1,1.000,1,,0
659.74,659.74,UAV-3,STANDBY,CHARGING,CHARGING,220.2,3430.0,2866.2,0.3,0.00,34.01,1,1.000,1,0.000,1,,0
659.74,659.74,UAV-4,STANDBY,CHARGING,CHARGING,220.2,3450.0,2864.8,0.3,0.00,41.91,1,1.000,1,0.000,1,,0
659.74,659.74,UAV-5,STANDBY,READY,READY,236.2,3430.0,2868.7,0.3,0.00,100.00,1,1.000,1,0.000,1,,0
659.74,659.74,UAV-6,STANDBY,RETURNING,RTH,596.9,3203.3,3076.1,93.8,13.29,20.45,1,1.000,1,1.000,1,,0
660.76,660.76,UAV-1,RELAY,KILLED,LANDED,2543.6,2398.9,3388.3,0.3,0.00,82.87,0,1.000,1,0.000,1,,0
660.76,660.76,UAV-2,STANDBY,CHARGING,CHARGING,204.2,3450.0,2862.5,0.3,0.00,23.00,1,1.000,1,0.000,1,,0
660.76,660.76,UAV-3,STANDBY,CHARGING,CHARGING,220.2,3430.0,2866.2,0.3,0.00,34.86,1,1.000,1,0.000,1,,0
660.76,660.76,UAV-4,STANDBY,CHARGING,CHARGING,220.2,3450.0,2864.8,0.3,0.00,42.76,1,1.000,1,0.000,1,,0
660.76,660.76,UAV-5,STANDBY,READY,READY,236.2,3430.0,2868.7,0.3,0.00,100.00,1,1.000,1,0.000,1,,0
660.76,660.76,UAV-6,STANDBY,RETURNING,RTH,583.5,3205.4,3075.2,98.2,13.31,20.29,1,1.000,1,1.000,1,,0
661.78,661.78,UAV-1,RELAY,KILLED,LANDED,2543.6,2398.9,3388.3,0.3,0.00,82.87,0,1.000,1,0.000,1,,0
661.78,661.78,UAV-2,STANDBY,CHARGING,CHARGING,204.2,3450.0,2862.5,0.3,0.00,23.85,1,1.000,1,0.000,1,,0
661.78,661.78,UAV-3,STANDBY,CHARGING,CHARGING,220.2,3430.0,2866.2,0.3,0.00,35.71,1,1.000,1,0.000,1,,0
661.78,661.78,UAV-4,STANDBY,CHARGING,CHARGING,220.2,3450.0,2864.8,0.3,0.00,43.61,1,1.000,1,0.000,1,,0
661.78,661.78,UAV-5,STANDBY,READY,READY,236.2,3430.0,2868.7,0.3,0.00,100.00,1,1.000,1,0.000,1,,0
661.78,661.78,UAV-6,STANDBY,RETURNING,RTH,570.3,3207.0,3074.4,102.5,12.16,20.13,1,1.000,1,1.000,1,,0
662.80,662.80,UAV-1,RELAY,KILLED,LANDED,2543.6,2398.9,3388.3,0.3,0.00,82.87,0,1.000,1,0.000,1,,0
662.80,662.80,UAV-2,STANDBY,CHARGING,CHARGING,204.2,3450.0,2862.5,0.3,0.00,24.70,1,1.000,1,0.000,1,,0
662.80,662.80,UAV-3,STANDBY,CHARGING,CHARGING,220.2,3430.0,2866.2,0.3,0.00,36.56,1,1.000,1,0.000,1,,0
662.80,662.80,UAV-4,STANDBY,CHARGING,CHARGING,220.2,3450.0,2864.8,0.3,0.00,44.46,1,1.000,1,0.000,1,,0
662.80,662.80,UAV-5,STANDBY,READY,READY,236.2,3430.0,2868.7,0.3,0.00,100.00,1,1.000,1,0.000,1,,0
662.80,662.80,UAV-6,STANDBY,RETURNING,RTH,560.0,3209.5,3069.5,101.3,11.46,19.97,1,1.000,1,1.000,1,,0
663.82,663.82,UAV-1,RELAY,KILLED,LANDED,2543.6,2398.9,3388.3,0.3,0.00,82.87,0,1.000,1,0.000,1,,0
663.82,663.82,UAV-2,STANDBY,CHARGING,CHARGING,204.2,3450.0,2862.5,0.3,0.00,25.55,1,1.000,1,0.000,1,,0
663.82,663.82,UAV-3,STANDBY,CHARGING,CHARGING,220.2,3430.0,2866.2,0.3,0.00,37.41,1,1.000,1,0.000,1,,0
663.82,663.82,UAV-4,STANDBY,CHARGING,CHARGING,220.2,3450.0,2864.8,0.3,0.00,45.31,1,1.000,1,0.000,1,,0
663.82,663.82,UAV-5,STANDBY,READY,READY,236.2,3430.0,2868.7,0.3,0.00,100.00,1,1.000,1,0.000,1,,0
663.82,663.82,UAV-6,STANDBY,RETURNING,RTH,550.9,3214.7,3063.5,98.3,12.18,19.81,1,1.000,1,1.000,1,,0
664.84,664.84,UAV-1,RELAY,KILLED,LANDED,2543.6,2398.9,3388.3,0.3,0.00,82.87,0,1.000,1,0.000,1,,0
664.84,664.84,UAV-2,STANDBY,CHARGING,CHARGING,204.2,3450.0,2862.5,0.3,0.00,26.40,1,1.000,1,0.000,1,,0
664.84,664.84,UAV-3,STANDBY,CHARGING,CHARGING,220.2,3430.0,2866.2,0.3,0.00,38.26,1,1.000,1,0.000,1,,0
664.84,664.84,UAV-4,STANDBY,CHARGING,CHARGING,220.2,3450.0,2864.8,0.3,0.00,46.16,1,1.000,1,0.000,1,,0
664.84,664.84,UAV-5,STANDBY,READY,READY,236.2,3430.0,2868.7,0.3,0.00,100.00,1,1.000,1,0.000,1,,0
664.84,664.84,UAV-6,STANDBY,RETURNING,RTH,542.3,3222.3,3057.8,95.4,12.99,19.65,1,1.000,1,1.000,1,,0
665.86,665.86,UAV-1,RELAY,KILLED,LANDED,2543.6,2398.9,3388.3,0.3,0.00,82.87,0,1.000,1,0.000,1,,0
665.86,665.86,UAV-2,STANDBY,CHARGING,CHARGING,204.2,3450.0,2862.5,0.3,0.00,27.25,1,1.000,1,0.000,1,,0
665.86,665.86,UAV-3,STANDBY,CHARGING,CHARGING,220.2,3430.0,2866.2,0.3,0.00,39.11,1,1.000,1,0.000,1,,0
665.86,665.86,UAV-4,STANDBY,CHARGING,CHARGING,220.2,3450.0,2864.8,0.3,0.00,47.01,1,1.000,1,0.000,1,,0
665.86,665.86,UAV-5,STANDBY,READY,READY,236.2,3430.0,2868.7,0.3,0.00,100.00,1,1.000,1,0.000,1,,0
665.86,665.86,UAV-6,STANDBY,RETURNING,RTH,534.0,3231.6,3052.4,92.1,13.67,19.50,1,1.000,1,1.000,1,,0
666.88,666.88,UAV-1,RELAY,KILLED,LANDED,2543.6,2398.9,3388.3,0.3,0.00,82.87,0,1.000,1,0.000,1,,0
666.88,666.88,UAV-2,STANDBY,CHARGING,CHARGING,204.2,3450.0,2862.5,0.3,0.00,28.10,1,1.000,1,0.000,1,,0
666.88,666.88,UAV-3,STANDBY,CHARGING,CHARGING,220.2,3430.0,2866.2,0.3,0.00,39.96,1,1.000,1,0.000,1,,0
666.88,666.88,UAV-4,STANDBY,CHARGING,CHARGING,220.2,3450.0,2864.8,0.3,0.00,47.86,1,1.000,1,0.000,1,,0
666.88,666.88,UAV-5,STANDBY,READY,READY,236.2,3430.0,2868.7,0.3,0.00,100.00,1,1.000,1,0.000,1,,0
666.88,666.88,UAV-6,STANDBY,RETURNING,RTH,525.9,3242.2,3047.4,88.2,14.12,19.34,1,1.000,1,1.000,1,,0
667.90,667.90,UAV-1,RELAY,KILLED,LANDED,2543.6,2398.9,3388.3,0.3,0.00,82.87,0,1.000,1,0.000,1,,0
667.90,667.90,UAV-2,STANDBY,CHARGING,CHARGING,204.2,3450.0,2862.5,0.3,0.00,28.95,1,1.000,1,0.000,1,,0
667.90,667.90,UAV-3,STANDBY,CHARGING,CHARGING,220.2,3430.0,2866.2,0.3,0.00,40.81,1,1.000,1,0.000,1,,0
667.90,667.90,UAV-4,STANDBY,CHARGING,CHARGING,220.2,3450.0,2864.8,0.3,0.00,48.71,1,1.000,1,0.000,1,,0
667.90,667.90,UAV-5,STANDBY,READY,READY,236.2,3430.0,2868.7,0.3,0.00,100.00,1,1.000,1,0.000,1,,0
667.90,667.90,UAV-6,STANDBY,RETURNING,RTH,518.0,3253.4,3042.8,84.8,14.40,19.18,1,1.000,1,1.000,1,,0
668.92,668.92,UAV-1,RELAY,KILLED,LANDED,2543.6,2398.9,3388.3,0.3,0.00,82.87,0,1.000,1,0.000,1,,0
668.92,668.92,UAV-2,STANDBY,CHARGING,CHARGING,204.2,3450.0,2862.5,0.3,0.00,29.80,1,1.000,1,0.000,1,,0
668.92,668.92,UAV-3,STANDBY,CHARGING,CHARGING,220.2,3430.0,2866.2,0.3,0.00,41.66,1,1.000,1,0.000,1,,0
668.92,668.92,UAV-4,STANDBY,CHARGING,CHARGING,220.2,3450.0,2864.8,0.3,0.00,49.56,1,1.000,1,0.000,1,,0
668.92,668.92,UAV-5,STANDBY,READY,READY,236.2,3430.0,2868.7,0.3,0.00,100.00,1,1.000,1,0.000,1,,0
668.92,668.92,UAV-6,STANDBY,RETURNING,RTH,509.9,3265.1,3038.5,82.0,14.53,19.02,1,1.000,1,1.000,1,,0
669.94,669.94,UAV-1,RELAY,KILLED,LANDED,2543.6,2398.9,3388.3,0.3,0.00,82.87,0,1.000,1,0.000,1,,0
669.94,669.94,UAV-2,STANDBY,CHARGING,CHARGING,204.2,3450.0,2862.5,0.3,0.00,30.65,1,1.000,1,0.000,1,,0
669.94,669.94,UAV-3,STANDBY,CHARGING,CHARGING,220.2,3430.0,2866.2,0.3,0.00,42.51,1,1.000,1,0.000,1,,0
669.94,669.94,UAV-4,STANDBY,CHARGING,CHARGING,220.2,3450.0,2864.8,0.3,0.00,50.41,1,1.000,1,0.000,1,,0
669.94,669.94,UAV-5,STANDBY,READY,READY,236.2,3430.0,2868.7,0.3,0.00,100.00,1,1.000,1,0.000,1,,0
669.94,669.94,UAV-6,STANDBY,RETURNING,RTH,501.5,3276.6,3034.5,78.5,14.54,18.86,1,1.000,1,1.000,1,,0
670.96,670.96,UAV-1,RELAY,KILLED,LANDED,2543.6,2398.9,3388.3,0.3,0.00,82.87,0,1.000,1,0.000,1,,0
670.96,670.96,UAV-2,STANDBY,CHARGING,CHARGING,204.2,3450.0,2862.5,0.3,0.00,31.50,1,1.000,1,0.000,1,,0
670.96,670.96,UAV-3,STANDBY,CHARGING,CHARGING,220.2,3430.0,2866.2,0.3,0.00,43.36,1,1.000,1,0.000,1,,0
670.96,670.96,UAV-4,STANDBY,CHARGING,CHARGING,220.2,3450.0,2864.8,0.3,0.00,51.26,1,1.000,1,0.000,1,,0
670.96,670.96,UAV-5,STANDBY,READY,READY,236.2,3430.0,2868.7,0.3,0.00,100.00,1,1.000,1,0.000,1,,0
670.96,670.96,UAV-6,STANDBY,RETURNING,RTH,492.8,3288.0,3030.7,76.6,14.49,18.70,1,1.000,1,1.000,1,,0
671.98,671.98,UAV-1,RELAY,KILLED,LANDED,2543.6,2398.9,3388.3,0.3,0.00,82.87,0,1.000,1,0.000,1,,0
671.98,671.98,UAV-2,STANDBY,CHARGING,CHARGING,204.2,3450.0,2862.5,0.3,0.00,32.35,1,1.000,1,0.000,1,,0
671.98,671.98,UAV-3,STANDBY,CHARGING,CHARGING,220.2,3430.0,2866.2,0.3,0.00,44.21,1,1.000,1,0.000,1,,0
671.98,671.98,UAV-4,STANDBY,CHARGING,CHARGING,220.2,3450.0,2864.8,0.3,0.00,52.11,1,1.000,1,0.000,1,,0
671.98,671.98,UAV-5,STANDBY,READY,READY,236.2,3430.0,2868.7,0.3,0.00,100.00,1,1.000,1,0.000,1,,0
671.98,671.98,UAV-6,STANDBY,RETURNING,RTH,483.8,3299.1,3027.1,75.8,14.45,18.55,1,1.000,1,1.000,1,,0
673.00,673.00,UAV-1,RELAY,KILLED,LANDED,2543.6,2398.9,3388.3,0.3,0.00,82.87,0,1.000,1,0.000,1,,0
673.00,673.00,UAV-2,STANDBY,CHARGING,CHARGING,204.2,3450.0,2862.5,0.3,0.00,33.20,1,1.000,1,0.000,1,,0
673.00,673.00,UAV-3,STANDBY,CHARGING,CHARGING,220.2,3430.0,2866.2,0.3,0.00,45.06,1,1.000,1,0.000,1,,0
673.00,673.00,UAV-4,STANDBY,CHARGING,CHARGING,220.2,3450.0,2864.8,0.3,0.00,52.96,1,1.000,1,0.000,1,,0
673.00,673.00,UAV-5,STANDBY,READY,READY,236.2,3430.0,2868.7,0.3,0.00,100.00,1,1.000,1,0.000,1,,0
673.00,673.00,UAV-6,STANDBY,RETURNING,RTH,474.4,3309.9,3023.6,75.6,14.39,18.39,1,1.000,1,1.000,1,,0
674.02,674.02,UAV-1,RELAY,KILLED,LANDED,2543.6,2398.9,3388.3,0.3,0.00,82.87,0,1.000,1,0.000,1,,0
674.02,674.02,UAV-2,STANDBY,CHARGING,CHARGING,204.2,3450.0,2862.5,0.3,0.00,34.05,1,1.000,1,0.000,1,,0
674.02,674.02,UAV-3,STANDBY,CHARGING,CHARGING,220.2,3430.0,2866.2,0.3,0.00,45.91,1,1.000,1,0.000,1,,0
674.02,674.02,UAV-4,STANDBY,CHARGING,CHARGING,220.2,3450.0,2864.8,0.3,0.00,53.81,1,1.000,1,0.000,1,,0
674.02,674.02,UAV-5,STANDBY,READY,READY,236.2,3430.0,2868.7,0.3,0.00,100.00,1,1.000,1,0.000,1,,0
674.02,674.02,UAV-6,STANDBY,RETURNING,RTH,464.7,3320.3,3020.4,76.1,14.32,18.23,1,1.000,1,1.000,1,,0
675.04,675.04,UAV-1,RELAY,KILLED,LANDED,2543.6,2398.9,3388.3,0.3,0.00,82.87,0,1.000,1,0.000,1,,0
675.04,675.04,UAV-2,STANDBY,CHARGING,CHARGING,204.2,3450.0,2862.5,0.3,0.00,34.90,1,1.000,1,0.000,1,,0
675.04,675.04,UAV-3,STANDBY,CHARGING,CHARGING,220.2,3430.0,2866.2,0.3,0.00,46.76,1,1.000,1,0.000,1,,0
675.04,675.04,UAV-4,STANDBY,CHARGING,CHARGING,220.2,3450.0,2864.8,0.3,0.00,54.66,1,1.000,1,0.000,1,,0
675.04,675.04,UAV-5,STANDBY,READY,READY,236.2,3430.0,2868.7,0.3,0.00,100.00,1,1.000,1,0.000,1,,0
675.04,675.04,UAV-6,STANDBY,RETURNING,RTH,454.6,3330.4,3017.5,76.5,14.23,18.07,1,1.000,1,1.000,1,,0
676.06,676.06,UAV-1,RELAY,KILLED,LANDED,2543.6,2398.9,3388.3,0.3,0.00,82.87,0,1.000,1,0.000,1,,0
676.06,676.06,UAV-2,STANDBY,CHARGING,CHARGING,204.2,3450.0,2862.5,0.3,0.00,35.75,1,1.000,1,0.000,1,,0
676.06,676.06,UAV-3,STANDBY,CHARGING,CHARGING,220.2,3430.0,2866.2,0.3,0.00,47.61,1,1.000,1,0.000,1,,0
676.06,676.06,UAV-4,STANDBY,CHARGING,CHARGING,220.2,3450.0,2864.8,0.3,0.00,55.51,1,1.000,1,0.000,1,,0
676.06,676.06,UAV-5,STANDBY,READY,READY,236.2,3430.0,2868.7,0.3,0.00,100.00,1,1.000,1,0.000,1,,0
676.06,676.06,UAV-6,STANDBY,RETURNING,RTH,444.2,3340.1,3014.7,74.1,14.15,17.91,1,1.000,1,1.000,1,,0
677.08,677.08,UAV-1,RELAY,KILLED,LANDED,2543.6,2398.9,3388.3,0.3,0.00,82.87,0,1.000,1,0.000,1,,0
677.08,677.08,UAV-2,STANDBY,CHARGING,CHARGING,204.2,3450.0,2862.5,0.3,0.00,36.60,1,1.000,1,0.000,1,,0
677.08,677.08,UAV-3,STANDBY,CHARGING,CHARGING,220.2,3430.0,2866.2,0.3,0.00,48.46,1,1.000,1,0.000,1,,0
677.08,677.08,UAV-4,STANDBY,CHARGING,CHARGING,220.2,3450.0,2864.8,0.3,0.00,56.36,1,1.000,1,0.000,1,,0
677.08,677.08,UAV-5,STANDBY,READY,READY,236.2,3430.0,2868.7,0.3,0.00,100.00,1,1.000,1,0.000,1,,0
677.08,677.08,UAV-6,STANDBY,RETURNING,RTH,433.4,3349.3,3012.2,71.4,14.09,17.75,1,1.000,1,1.000,1,,0
678.10,678.10,UAV-1,RELAY,KILLED,LANDED,2543.6,2398.9,3388.3,0.3,0.00,82.87,0,1.000,1,0.000,1,,0
678.10,678.10,UAV-2,STANDBY,CHARGING,CHARGING,204.2,3450.0,2862.5,0.3,0.00,37.45,1,1.000,1,0.000,1,,0
678.10,678.10,UAV-3,STANDBY,CHARGING,CHARGING,220.2,3430.0,2866.2,0.3,0.00,49.31,1,1.000,1,0.000,1,,0
678.10,678.10,UAV-4,STANDBY,CHARGING,CHARGING,220.2,3450.0,2864.8,0.3,0.00,57.21,1,1.000,1,0.000,1,,0
678.10,678.10,UAV-5,STANDBY,READY,READY,236.2,3430.0,2868.7,0.3,0.00,100.00,1,1.000,1,0.000,1,,0
678.10,678.10,UAV-6,STANDBY,RETURNING,RTH,422.2,3357.9,3009.9,71.2,14.00,17.60,1,1.000,1,1.000,1,,0
679.12,679.12,UAV-1,RELAY,KILLED,LANDED,2543.6,2398.9,3388.3,0.3,0.00,82.87,0,1.000,1,0.000,1,,0
679.12,679.12,UAV-2,STANDBY,CHARGING,CHARGING,204.2,3450.0,2862.5,0.3,0.00,38.30,1,1.000,1,0.000,1,,0
679.12,679.12,UAV-3,STANDBY,CHARGING,CHARGING,220.2,3430.0,2866.2,0.3,0.00,50.16,1,1.000,1,0.000,1,,0
679.12,679.12,UAV-4,STANDBY,CHARGING,CHARGING,220.2,3450.0,2864.8,0.3,0.00,58.06,1,1.000,1,0.000,1,,0
679.12,679.12,UAV-5,STANDBY,READY,READY,236.2,3430.0,2868.7,0.3,0.00,100.00,1,1.000,1,0.000,1,,0
679.12,679.12,UAV-6,STANDBY,RETURNING,RTH,410.6,3365.9,3007.8,73.2,13.90,17.44,1,1.000,1,1.000,1,,0
680.14,680.14,UAV-1,RELAY,KILLED,LANDED,2543.6,2398.9,3388.3,0.3,0.00,82.87,0,1.000,1,0.000,1,,0
680.14,680.14,UAV-2,STANDBY,CHARGING,CHARGING,204.2,3450.0,2862.5,0.3,0.00,39.15,1,1.000,1,0.000,1,,0
680.14,680.14,UAV-3,STANDBY,CHARGING,CHARGING,220.2,3430.0,2866.2,0.3,0.00,51.01,1,1.000,1,0.000,1,,0
680.14,680.14,UAV-4,STANDBY,CHARGING,CHARGING,220.2,3450.0,2864.8,0.3,0.00,58.91,1,1.000,1,0.000,1,,0
680.14,680.14,UAV-5,STANDBY,READY,READY,236.2,3430.0,2868.7,0.3,0.00,100.00,1,1.000,1,0.000,1,,0
680.14,680.14,UAV-6,STANDBY,RETURNING,RTH,398.7,3373.2,3006.0,77.4,13.77,17.28,1,1.000,1,1.000,1,,0
681.16,681.16,UAV-1,RELAY,KILLED,LANDED,2543.6,2398.9,3388.3,0.3,0.00,82.87,0,1.000,1,0.000,1,,0
681.16,681.16,UAV-2,STANDBY,CHARGING,CHARGING,204.2,3450.0,2862.5,0.3,0.00,40.00,1,1.000,1,0.000,1,,0
681.16,681.16,UAV-3,STANDBY,CHARGING,CHARGING,220.2,3430.0,2866.2,0.3,0.00,51.86,1,1.000,1,0.000,1,,0
681.16,681.16,UAV-4,STANDBY,CHARGING,CHARGING,220.2,3450.0,2864.8,0.3,0.00,59.76,1,1.000,1,0.000,1,,0
681.16,681.16,UAV-5,STANDBY,READY,READY,236.2,3430.0,2868.7,0.3,0.00,100.00,1,1.000,1,0.000,1,,0
681.16,681.16,UAV-6,STANDBY,RETURNING,RTH,386.4,3379.7,3004.5,83.4,13.65,17.12,1,1.000,1,1.000,1,,0
682.18,682.18,UAV-1,RELAY,KILLED,LANDED,2543.6,2398.9,3388.3,0.3,0.00,82.87,0,1.000,1,0.000,1,,0
682.18,682.18,UAV-2,STANDBY,CHARGING,CHARGING,204.2,3450.0,2862.5,0.3,0.00,40.85,1,1.000,1,0.000,1,,0
682.18,682.18,UAV-3,STANDBY,CHARGING,CHARGING,220.2,3430.0,2866.2,0.3,0.00,52.71,1,1.000,1,0.000,1,,0
682.18,682.18,UAV-4,STANDBY,CHARGING,CHARGING,220.2,3450.0,2864.8,0.3,0.00,60.61,1,1.000,1,0.000,1,,0
682.18,682.18,UAV-5,STANDBY,READY,READY,236.2,3430.0,2868.7,0.3,0.00,100.00,1,1.000,1,0.000,1,,0
682.18,682.18,UAV-6,STANDBY,RETURNING,RTH,373.7,3385.2,3003.2,90.1,13.53,16.96,1,1.000,1,1.000,1,,0
683.20,683.20,UAV-1,RELAY,KILLED,LANDED,2543.6,2398.9,3388.3,0.3,0.00,82.87,0,1.000,1,0.000,1,,0
683.20,683.20,UAV-2,STANDBY,CHARGING,CHARGING,204.2,3450.0,2862.5,0.3,0.00,41.70,1,1.000,1,0.000,1,,0
683.20,683.20,UAV-3,STANDBY,CHARGING,CHARGING,220.2,3430.0,2866.2,0.3,0.00,53.56,1,1.000,1,0.000,1,,0
683.20,683.20,UAV-4,STANDBY,CHARGING,CHARGING,220.2,3450.0,2864.8,0.3,0.00,61.46,1,1.000,1,0.000,1,,0
683.20,683.20,UAV-5,STANDBY,READY,READY,236.2,3430.0,2868.7,0.3,0.00,100.00,1,1.000,1,0.000,1,,0
683.20,683.20,UAV-6,STANDBY,RETURNING,RTH,360.8,3389.7,3002.2,97.0,13.41,16.80,1,1.000,1,1.000,1,,0
684.22,684.22,UAV-1,RELAY,KILLED,LANDED,2543.6,2398.9,3388.3,0.3,0.00,82.87,0,1.000,1,0.000,1,,0
684.22,684.22,UAV-2,STANDBY,CHARGING,CHARGING,204.2,3450.0,2862.5,0.3,0.00,42.55,1,1.000,1,0.000,1,,0
684.22,684.22,UAV-3,STANDBY,CHARGING,CHARGING,220.2,3430.0,2866.2,0.3,0.00,54.41,1,1.000,1,0.000,1,,0
684.22,684.22,UAV-4,STANDBY,CHARGING,CHARGING,220.2,3450.0,2864.8,0.3,0.00,62.31,1,1.000,1,0.000,1,,0
684.22,684.22,UAV-5,STANDBY,READY,READY,236.2,3430.0,2868.7,0.3,0.00,100.00,1,1.000,1,0.000,1,,0
684.22,684.22,UAV-6,STANDBY,RETURNING,RTH,348.2,3393.2,3000.7,101.4,11.80,16.65,1,1.000,1,1.000,1,,0
685.24,685.24,UAV-1,RELAY,KILLED,LANDED,2543.6,2398.9,3388.3,0.3,0.00,82.87,0,1.000,1,0.000,1,,0
685.24,685.24,UAV-2,STANDBY,CHARGING,CHARGING,204.2,3450.0,2862.5,0.3,0.00,43.40,1,1.000,1,0.000,1,,0
685.24,685.24,UAV-3,STANDBY,CHARGING,CHARGING,220.2,3430.0,2866.2,0.3,0.00,55.26,1,1.000,1,0.000,1,,0
685.24,685.24,UAV-4,STANDBY,CHARGING,CHARGING,220.2,3450.0,2864.8,0.3,0.00,63.16,1,1.000,1,0.000,1,,0
685.24,685.24,UAV-5,STANDBY,READY,READY,236.2,3430.0,2868.7,0.3,0.00,100.00,1,1.000,1,0.000,1,,0
685.24,685.24,UAV-6,STANDBY,RETURNING,RTH,339.1,3396.8,2994.0,98.2,12.22,16.49,1,1.000,1,1.000,1,,0
686.26,686.26,UAV-1,RELAY,KILLED,LANDED,2543.6,2398.9,3388.3,0.3,0.00,82.87,0,1.000,1,0.000,1,,0
686.26,686.26,UAV-2,STANDBY,CHARGING,CHARGING,204.2,3450.0,2862.5,0.3,0.00,44.25,1,1.000,1,0.000,1,,0
686.26,686.26,UAV-3,STANDBY,CHARGING,CHARGING,220.2,3430.0,2866.2,0.3,0.00,56.11,1,1.000,1,0.000,1,,0
686.26,686.26,UAV-4,STANDBY,CHARGING,CHARGING,220.2,3450.0,2864.8,0.3,0.00,64.01,1,1.000,1,0.000,1,,0
686.26,686.26,UAV-5,STANDBY,READY,READY,236.2,3430.0,2868.7,0.3,0.00,100.00,1,1.000,1,0.000,1,,0
686.26,686.26,UAV-6,STANDBY,RETURNING,RTH,332.7,3400.9,2983.2,89.7,13.45,16.33,1,1.000,1,1.000,1,,0
687.28,687.28,UAV-1,RELAY,KILLED,LANDED,2543.6,2398.9,3388.3,0.3,0.00,82.87,0,1.000,1,0.000,1,,0
687.28,687.28,UAV-2,STANDBY,CHARGING,CHARGING,204.2,3450.0,2862.5,0.3,0.00,45.10,1,1.000,1,0.000,1,,0
687.28,687.28,UAV-3,STANDBY,CHARGING,CHARGING,220.2,3430.0,2866.2,0.3,0.00,56.96,1,1.000,1,0.000,1,,0
687.28,687.28,UAV-4,STANDBY,CHARGING,CHARGING,220.2,3450.0,2864.8,0.3,0.00,64.86,1,1.000,1,0.000,1,,0
687.28,687.28,UAV-5,STANDBY,READY,READY,236.2,3430.0,2868.7,0.3,0.00,100.00,1,1.000,1,0.000,1,,0
687.28,687.28,UAV-6,STANDBY,RETURNING,RTH,326.9,3406.8,2972.1,80.3,13.60,16.17,1,1.000,1,1.000,1,,0
688.30,688.30,UAV-1,RELAY,KILLED,LANDED,2543.6,2398.9,3388.3,0.3,0.00,82.87,0,1.000,1,0.000,1,,0
688.30,688.30,UAV-2,STANDBY,CHARGING,CHARGING,204.2,3450.0,2862.5,0.3,0.00,45.95,1,1.000,1,0.000,1,,0
688.30,688.30,UAV-3,STANDBY,CHARGING,CHARGING,220.2,3430.0,2866.2,0.3,0.00,57.81,1,1.000,1,0.000,1,,0
688.30,688.30,UAV-4,STANDBY,CHARGING,CHARGING,220.2,3450.0,2864.8,0.3,0.00,65.71,1,1.000,1,0.000,1,,0
688.30,688.30,UAV-5,STANDBY,READY,READY,236.2,3430.0,2868.7,0.3,0.00,100.00,1,1.000,1,0.000,1,,0
688.30,688.30,UAV-6,STANDBY,RETURNING,RTH,320.3,3414.2,2962.4,71.1,13.60,16.01,1,1.000,1,1.000,1,,0
689.32,689.32,UAV-1,RELAY,KILLED,LANDED,2543.6,2398.9,3388.3,0.3,0.00,82.87,0,1.000,1,0.000,1,,0
689.32,689.32,UAV-2,STANDBY,CHARGING,CHARGING,204.2,3450.0,2862.5,0.3,0.00,46.80,1,1.000,1,0.000,1,,0
689.32,689.32,UAV-3,STANDBY,CHARGING,CHARGING,220.2,3430.0,2866.2,0.3,0.00,58.66,1,1.000,1,0.000,1,,0
689.32,689.32,UAV-4,STANDBY,CHARGING,CHARGING,220.2,3450.0,2864.8,0.3,0.00,66.56,1,1.000,1,0.000,1,,0
689.32,689.32,UAV-5,STANDBY,READY,READY,236.2,3430.0,2868.7,0.3,0.00,100.00,1,1.000,1,0.000,1,,0
689.32,689.32,UAV-6,STANDBY,RETURNING,RTH,312.6,3421.9,2953.9,61.3,13.51,15.85,1,1.000,1,1.000,1,,0
690.34,690.34,UAV-1,RELAY,KILLED,LANDED,2543.6,2398.9,3388.3,0.3,0.00,82.87,0,1.000,1,0.000,1,,0
690.34,690.34,UAV-2,STANDBY,CHARGING,CHARGING,204.2,3450.0,2862.5,0.3,0.00,47.65,1,1.000,1,0.000,1,,0
690.34,690.34,UAV-3,STANDBY,CHARGING,CHARGING,220.2,3430.0,2866.2,0.3,0.00,59.51,1,1.000,1,0.000,1,,0
690.34,690.34,UAV-4,STANDBY,CHARGING,CHARGING,220.2,3450.0,2864.8,0.3,0.00,67.41,1,1.000,1,0.000,1,,0
690.34,690.34,UAV-5,STANDBY,READY,READY,236.2,3430.0,2868.7,0.3,0.00,100.00,1,1.000,1,0.000,1,,0
690.34,690.34,UAV-6,STANDBY,RETURNING,RTH,303.5,3429.1,2946.6,53.5,13.40,15.70,1,1.000,1,1.000,1,,0
691.36,691.36,UAV-1,RELAY,KILLED,LANDED,2543.6,2398.9,3388.3,0.3,0.00,82.87,0,1.000,1,0.000,1,,0
691.36,691.36,UAV-2,STANDBY,CHARGING,CHARGING,204.2,3450.0,2862.5,0.3,0.00,48.50,1,1.000,1,0.000,1,,0
691.36,691.36,UAV-3,STANDBY,CHARGING,CHARGING,220.2,3430.0,2866.2,0.3,0.00,60.36,1,1.000,1,0.000,1,,0
691.36,691.36,UAV-4,STANDBY,CHARGING,CHARGING,220.2,3450.0,2864.8,0.3,0.00,68.26,1,1.000,1,0.000,1,,0
691.36,691.36,UAV-5,STANDBY,READY,READY,236.2,3430.0,2868.7,0.3,0.00,100.00,1,1.000,1,0.000,1,,0
691.36,691.36,UAV-6,STANDBY,RETURNING,RTH,293.2,3435.6,2940.4,51.7,13.34,15.54,1,1.000,1,1.000,1,,0
692.38,692.38,UAV-1,RELAY,KILLED,LANDED,2543.6,2398.9,3388.3,0.3,0.00,82.87,0,1.000,1,0.000,1,,0
692.38,692.38,UAV-2,STANDBY,CHARGING,CHARGING,204.2,3450.0,2862.5,0.3,0.00,49.35,1,1.000,1,0.000,1,,0
692.38,692.38,UAV-3,STANDBY,CHARGING,CHARGING,220.2,3430.0,2866.2,0.3,0.00,61.21,1,1.000,1,0.000,1,,0
692.38,692.38,UAV-4,STANDBY,CHARGING,CHARGING,220.2,3450.0,2864.8,0.3,0.00,69.11,1,1.000,1,0.000,1,,0
692.38,692.38,UAV-5,STANDBY,READY,READY,236.2,3430.0,2868.7,0.3,0.00,100.00,1,1.000,1,0.000,1,,0
692.38,692.38,UAV-6,STANDBY,RETURNING,RTH,281.8,3441.0,2935.3,53.7,13.35,15.38,1,1.000,1,1.000,1,,0
693.40,693.40,UAV-1,RELAY,KILLED,LANDED,2543.6,2398.9,3388.3,0.3,0.00,82.87,0,1.000,1,0.000,1,,0
693.40,693.40,UAV-2,STANDBY,CHARGING,CHARGING,204.2,3450.0,2862.5,0.3,0.00,50.20,1,1.000,1,0.000,1,,0
693.40,693.40,UAV-3,STANDBY,CHARGING,CHARGING,220.2,3430.0,2866.2,0.3,0.00,62.06,1,1.000,1,0.000,1,,0
693.40,693.40,UAV-4,STANDBY,CHARGING,CHARGING,220.2,3450.0,2864.8,0.3,0.00,69.96,1,1.000,1,0.000,1,,0
693.40,693.40,UAV-5,STANDBY,READY,READY,236.2,3430.0,2868.7,0.3,0.00,100.00,1,1.000,1,0.000,1,,0
693.40,693.40,UAV-6,STANDBY,RETURNING,RTH,269.5,3445.4,2931.4,54.9,13.43,15.22,1,1.000,1,1.000,1,,0
694.42,694.42,UAV-1,RELAY,KILLED,LANDED,2543.6,2398.9,3388.3,0.3,0.00,82.87,0,1.000,1,0.000,1,,0
694.42,694.42,UAV-2,STANDBY,CHARGING,CHARGING,204.2,3450.0,2862.5,0.3,0.00,51.05,1,1.000,1,0.000,1,,0
694.42,694.42,UAV-3,STANDBY,CHARGING,CHARGING,220.2,3430.0,2866.2,0.3,0.00,62.91,1,1.000,1,0.000,1,,0
694.42,694.42,UAV-4,STANDBY,CHARGING,CHARGING,220.2,3450.0,2864.8,0.3,0.00,70.81,1,1.000,1,0.000,1,,0
694.42,694.42,UAV-5,STANDBY,READY,READY,236.2,3430.0,2868.7,0.3,0.00,100.00,1,1.000,1,0.000,1,,0
694.42,694.42,UAV-6,STANDBY,RETURNING,RTH,257.3,3448.5,2927.6,54.1,12.21,15.07,1,1.000,1,1.000,1,,0
695.44,695.44,UAV-1,RELAY,KILLED,LANDED,2543.6,2398.9,3388.3,0.3,0.00,82.87,0,1.000,1,0.000,1,,0
695.44,695.44,UAV-2,STANDBY,CHARGING,CHARGING,204.2,3450.0,2862.5,0.3,0.00,51.90,1,1.000,1,0.000,1,,0
695.44,695.44,UAV-3,STANDBY,CHARGING,CHARGING,220.2,3430.0,2866.2,0.3,0.00,63.76,1,1.000,1,0.000,1,,0
695.44,695.44,UAV-4,STANDBY,CHARGING,CHARGING,220.2,3450.0,2864.8,0.3,0.00,71.66,1,1.000,1,0.000,1,,0
695.44,695.44,UAV-5,STANDBY,READY,READY,236.2,3430.0,2868.7,0.3,0.00,100.00,1,1.000,1,0.000,1,,0
695.44,695.44,UAV-6,STANDBY,RETURNING,LANDING,247.4,3450.1,2920.6,50.4,11.52,14.92,1,1.000,1,1.000,1,,0
696.46,696.46,UAV-1,RELAY,KILLED,LANDED,2543.6,2398.9,3388.3,0.3,0.00,82.87,0,1.000,1,0.000,1,,0
696.46,696.46,UAV-2,STANDBY,CHARGING,CHARGING,204.2,3450.0,2862.5,0.3,0.00,52.75,1,1.000,1,0.000,1,,0
696.46,696.46,UAV-3,STANDBY,CHARGING,CHARGING,220.2,3430.0,2866.2,0.3,0.00,64.61,1,1.000,1,0.000,1,,0
696.46,696.46,UAV-4,STANDBY,CHARGING,CHARGING,220.2,3450.0,2864.8,0.3,0.00,72.51,1,1.000,1,0.000,1,,0
696.46,696.46,UAV-5,STANDBY,READY,READY,236.2,3430.0,2868.7,0.3,0.00,100.00,1,1.000,1,0.000,1,,0
696.46,696.46,UAV-6,STANDBY,RETURNING,LANDING,237.3,3450.1,2916.3,48.7,8.88,14.77,1,1.000,1,1.000,1,,0
697.48,697.48,UAV-1,RELAY,KILLED,LANDED,2543.6,2398.9,3388.3,0.3,0.00,82.87,0,1.000,1,0.000,1,,0
697.48,697.48,UAV-2,STANDBY,CHARGING,CHARGING,204.2,3450.0,2862.5,0.3,0.00,53.60,1,1.000,1,0.000,1,,0
697.48,697.48,UAV-3,STANDBY,CHARGING,CHARGING,220.2,3430.0,2866.2,0.3,0.00,65.46,1,1.000,1,0.000,1,,0
697.48,697.48,UAV-4,STANDBY,CHARGING,CHARGING,220.2,3450.0,2864.8,0.3,0.00,73.36,1,1.000,1,0.000,1,,0
697.48,697.48,UAV-5,STANDBY,READY,READY,236.2,3430.0,2868.7,0.3,0.00,100.00,1,1.000,1,0.000,1,,0
697.48,697.48,UAV-6,STANDBY,RETURNING,LANDING,233.8,3449.9,2910.9,44.0,5.51,14.61,1,1.000,1,1.000,1,,0
698.50,698.50,UAV-1,RELAY,KILLED,LANDED,2543.6,2398.9,3388.3,0.3,0.00,82.87,0,1.000,1,0.000,1,,0
698.50,698.50,UAV-2,STANDBY,CHARGING,CHARGING,204.2,3450.0,2862.5,0.3,0.00,54.45,1,1.000,1,0.000,1,,0
698.50,698.50,UAV-3,STANDBY,CHARGING,CHARGING,220.2,3430.0,2866.2,0.3,0.00,66.31,1,1.000,1,0.000,1,,0
698.50,698.50,UAV-4,STANDBY,CHARGING,CHARGING,220.2,3450.0,2864.8,0.3,0.00,74.21,1,1.000,1,0.000,1,,0
698.50,698.50,UAV-5,STANDBY,READY,READY,236.2,3430.0,2868.7,0.3,0.00,100.00,1,1.000,1,0.000,1,,0
698.50,698.50,UAV-6,STANDBY,RETURNING,LANDING,235.8,3449.9,2905.3,38.0,5.68,14.48,1,1.000,1,1.000,1,,0
699.52,699.52,UAV-1,RELAY,KILLED,LANDED,2543.6,2398.9,3388.3,0.3,0.00,82.87,0,1.000,1,0.000,1,,0
699.52,699.52,UAV-2,STANDBY,CHARGING,CHARGING,204.2,3450.0,2862.5,0.3,0.00,55.30,1,1.000,1,0.000,1,,0
699.52,699.52,UAV-3,STANDBY,CHARGING,CHARGING,220.2,3430.0,2866.2,0.3,0.00,67.16,1,1.000,1,0.000,1,,0
699.52,699.52,UAV-4,STANDBY,CHARGING,CHARGING,220.2,3450.0,2864.8,0.3,0.00,75.06,1,1.000,1,0.000,1,,0
699.52,699.52,UAV-5,STANDBY,READY,READY,236.2,3430.0,2868.7,0.3,0.00,100.00,1,1.000,1,0.000,1,,0
699.52,699.52,UAV-6,STANDBY,RETURNING,LANDING,236.1,3450.0,2899.7,32.3,5.51,14.35,1,1.000,1,1.000,1,,0
700.54,700.54,UAV-1,RELAY,KILLED,LANDED,2543.6,2398.9,3388.3,0.3,0.00,82.87,0,1.000,1,0.000,1,,0
700.54,700.54,UAV-2,STANDBY,CHARGING,CHARGING,204.2,3450.0,2862.5,0.3,0.00,56.15,1,1.000,1,0.000,1,,0
700.54,700.54,UAV-3,STANDBY,CHARGING,CHARGING,220.2,3430.0,2866.2,0.3,0.00,68.01,1,1.000,1,0.000,1,,0
700.54,700.54,UAV-4,STANDBY,CHARGING,CHARGING,220.2,3450.0,2864.8,0.3,0.00,75.91,1,1.000,1,0.000,1,,0
700.54,700.54,UAV-5,STANDBY,READY,READY,236.2,3430.0,2868.7,0.3,0.00,100.00,1,1.000,1,0.000,1,,0
700.54,700.54,UAV-6,STANDBY,RETURNING,LANDING,236.0,3450.0,2894.1,26.7,5.50,14.23,1,1.000,1,1.000,1,,0
701.56,701.56,UAV-1,RELAY,KILLED,LANDED,2543.6,2398.9,3388.3,0.3,0.00,82.87,0,1.000,1,0.000,1,,0
701.56,701.56,UAV-2,STANDBY,CHARGING,CHARGING,204.2,3450.0,2862.5,0.3,0.00,57.00,1,1.000,1,0.000,1,,0
701.56,701.56,UAV-3,STANDBY,CHARGING,CHARGING,220.2,3430.0,2866.2,0.3,0.00,68.86,1,1.000,1,0.000,1,,0
701.56,701.56,UAV-4,STANDBY,CHARGING,CHARGING,220.2,3450.0,2864.8,0.3,0.00,76.76,1,1.000,1,0.000,1,,0
701.56,701.56,UAV-5,STANDBY,READY,READY,236.2,3430.0,2868.7,0.3,0.00,100.00,1,1.000,1,0.000,1,,0
701.56,701.56,UAV-6,STANDBY,RETURNING,LANDING,236.1,3450.0,2888.4,21.1,5.50,14.10,1,1.000,1,1.000,1,,0
702.58,702.58,UAV-1,RELAY,KILLED,LANDED,2543.6,2398.9,3388.3,0.3,0.00,82.87,0,1.000,1,0.000,1,,0
702.58,702.58,UAV-2,STANDBY,CHARGING,CHARGING,204.2,3450.0,2862.5,0.3,0.00,57.85,1,1.000,1,0.000,1,,0
702.58,702.58,UAV-3,STANDBY,CHARGING,CHARGING,220.2,3430.0,2866.2,0.3,0.00,69.71,1,1.000,1,0.000,1,,0
702.58,702.58,UAV-4,STANDBY,CHARGING,CHARGING,220.2,3450.0,2864.8,0.3,0.00,77.61,1,1.000,1,0.000,1,,0
702.58,702.58,UAV-5,STANDBY,READY,READY,236.2,3430.0,2868.7,0.3,0.00,100.00,1,1.000,1,0.000,1,,0
702.58,702.58,UAV-6,STANDBY,RETURNING,LANDING,236.1,3450.0,2882.8,15.5,5.50,13.98,1,1.000,1,1.000,1,,0
703.60,703.60,UAV-1,RELAY,KILLED,LANDED,2543.6,2398.9,3388.3,0.3,0.00,82.87,0,1.000,1,0.000,1,,0
703.60,703.60,UAV-2,STANDBY,CHARGING,CHARGING,204.2,3450.0,2862.5,0.3,0.00,58.70,1,1.000,1,0.000,1,,0
703.60,703.60,UAV-3,STANDBY,CHARGING,CHARGING,220.2,3430.0,2866.2,0.3,0.00,70.56,1,1.000,1,0.000,1,,0
703.60,703.60,UAV-4,STANDBY,CHARGING,CHARGING,220.2,3450.0,2864.8,0.3,0.00,78.46,1,1.000,1,0.000,1,,0
703.60,703.60,UAV-5,STANDBY,READY,READY,236.2,3430.0,2868.7,0.3,0.00,100.00,1,1.000,1,0.000,1,,0
703.60,703.60,UAV-6,STANDBY,RETURNING,LANDING,236.1,3450.0,2877.2,9.8,5.51,13.85,1,1.000,1,1.000,1,,0
704.62,704.62,UAV-1,RELAY,KILLED,LANDED,2543.6,2398.9,3388.3,0.3,0.00,82.87,0,1.000,1,0.000,1,,0
704.62,704.62,UAV-2,STANDBY,CHARGING,CHARGING,204.2,3450.0,2862.5,0.3,0.00,59.55,1,1.000,1,0.000,1,,0
704.62,704.62,UAV-3,STANDBY,CHARGING,CHARGING,220.2,3430.0,2866.2,0.3,0.00,71.41,1,1.000,1,0.000,1,,0
704.62,704.62,UAV-4,STANDBY,CHARGING,CHARGING,220.2,3450.0,2864.8,0.3,0.00,79.31,1,1.000,1,0.000,1,,0
704.62,704.62,UAV-5,STANDBY,READY,READY,236.2,3430.0,2868.7,0.3,0.00,100.00,1,1.000,1,0.000,1,,0
704.62,704.62,UAV-6,STANDBY,CHARGING,CHARGING,236.2,3450.0,2867.7,0.3,0.00,13.92,1,1.000,1,0.000,1,,0
705.64,705.64,UAV-1,RELAY,KILLED,LANDED,2543.6,2398.9,3388.3,0.3,0.00,82.87,0,1.000,1,0.000,1,,0
705.64,705.64,UAV-2,STANDBY,CHARGING,CHARGING,204.2,3450.0,2862.5,0.3,0.00,60.40,1,1.000,1,0.000,1,,0
705.64,705.64,UAV-3,STANDBY,CHARGING,CHARGING,220.2,3430.0,2866.2,0.3,0.00,72.26,1,1.000,1,0.000,1,,0
705.64,705.64,UAV-4,STANDBY,CHARGING,CHARGING,220.2,3450.0,2864.8,0.3,0.00,80.16,1,1.000,1,0.000,1,,0
705.64,705.64,UAV-5,STANDBY,READY,READY,236.2,3430.0,2868.7,0.3,0.00,100.00,1,1.000,1,0.000,1,,0
705.64,705.64,UAV-6,STANDBY,CHARGING,CHARGING,236.2,3450.0,2867.7,0.3,0.00,14.77,1,1.000,1,0.000,1,,0
706.66,706.66,UAV-1,RELAY,KILLED,LANDED,2543.6,2398.9,3388.3,0.3,0.00,82.87,0,1.000,1,0.000,1,,0
706.66,706.66,UAV-2,STANDBY,CHARGING,CHARGING,204.2,3450.0,2862.5,0.3,0.00,61.25,1,1.000,1,0.000,1,,0
706.66,706.66,UAV-3,STANDBY,CHARGING,CHARGING,220.2,3430.0,2866.2,0.3,0.00,73.11,1,1.000,1,0.000,1,,0
706.66,706.66,UAV-4,STANDBY,CHARGING,CHARGING,220.2,3450.0,2864.8,0.3,0.00,81.01,1,1.000,1,0.000,1,,0
706.66,706.66,UAV-5,STANDBY,READY,READY,236.2,3430.0,2868.7,0.3,0.00,100.00,1,1.000,1,0.000,1,,0
706.66,706.66,UAV-6,STANDBY,CHARGING,CHARGING,236.2,3450.0,2867.7,0.3,0.00,15.62,1,1.000,1,0.000,1,,0
707.68,707.68,UAV-1,RELAY,KILLED,LANDED,2543.6,2398.9,3388.3,0.3,0.00,82.87,0,1.000,1,0.000,1,,0
707.68,707.68,UAV-2,STANDBY,CHARGING,CHARGING,204.2,3450.0,2862.5,0.3,0.00,62.10,1,1.000,1,0.000,1,,0
707.68,707.68,UAV-3,STANDBY,CHARGING,CHARGING,220.2,3430.0,2866.2,0.3,0.00,73.96,1,1.000,1,0.000,1,,0
707.68,707.68,UAV-4,STANDBY,CHARGING,CHARGING,220.2,3450.0,2864.8,0.3,0.00,81.86,1,1.000,1,0.000,1,,0
707.68,707.68,UAV-5,STANDBY,READY,READY,236.2,3430.0,2868.7,0.3,0.00,100.00,1,1.000,1,0.000,1,,0
707.68,707.68,UAV-6,STANDBY,CHARGING,CHARGING,236.2,3450.0,2867.7,0.3,0.00,16.47,1,1.000,1,0.000,1,,0
708.70,708.70,UAV-1,RELAY,KILLED,LANDED,2543.6,2398.9,3388.3,0.3,0.00,82.87,0,1.000,1,0.000,1,,0
708.70,708.70,UAV-2,STANDBY,CHARGING,CHARGING,204.2,3450.0,2862.5,0.3,0.00,62.95,1,1.000,1,0.000,1,,0
708.70,708.70,UAV-3,STANDBY,CHARGING,CHARGING,220.2,3430.0,2866.2,0.3,0.00,74.81,1,1.000,1,0.000,1,,0
708.70,708.70,UAV-4,STANDBY,CHARGING,CHARGING,220.2,3450.0,2864.8,0.3,0.00,82.71,1,1.000,1,0.000,1,,0
708.70,708.70,UAV-5,STANDBY,READY,READY,236.2,3430.0,2868.7,0.3,0.00,100.00,1,1.000,1,0.000,1,,0
708.70,708.70,UAV-6,STANDBY,CHARGING,CHARGING,236.2,3450.0,2867.7,0.3,0.00,17.32,1,1.000,1,0.000,1,,0
709.72,709.72,UAV-1,RELAY,KILLED,LANDED,2543.6,2398.9,3388.3,0.3,0.00,82.87,0,1.000,1,0.000,1,,0
709.72,709.72,UAV-2,STANDBY,CHARGING,CHARGING,204.2,3450.0,2862.5,0.3,0.00,63.80,1,1.000,1,0.000,1,,0
709.72,709.72,UAV-3,STANDBY,CHARGING,CHARGING,220.2,3430.0,2866.2,0.3,0.00,75.66,1,1.000,1,0.000,1,,0
709.72,709.72,UAV-4,STANDBY,CHARGING,CHARGING,220.2,3450.0,2864.8,0.3,0.00,83.56,1,1.000,1,0.000,1,,0
709.72,709.72,UAV-5,STANDBY,READY,READY,236.2,3430.0,2868.7,0.3,0.00,100.00,1,1.000,1,0.000,1,,0
709.72,709.72,UAV-6,STANDBY,CHARGING,CHARGING,236.2,3450.0,2867.7,0.3,0.00,18.17,1,1.000,1,0.000,1,,0
710.74,710.74,UAV-1,RELAY,KILLED,LANDED,2543.6,2398.9,3388.3,0.3,0.00,82.87,0,1.000,1,0.000,1,,0
710.74,710.74,UAV-2,STANDBY,CHARGING,CHARGING,204.2,3450.0,2862.5,0.3,0.00,64.65,1,1.000,1,0.000,1,,0
710.74,710.74,UAV-3,STANDBY,CHARGING,CHARGING,220.2,3430.0,2866.2,0.3,0.00,76.51,1,1.000,1,0.000,1,,0
710.74,710.74,UAV-4,STANDBY,CHARGING,CHARGING,220.2,3450.0,2864.8,0.3,0.00,84.41,1,1.000,1,0.000,1,,0
710.74,710.74,UAV-5,STANDBY,READY,READY,236.2,3430.0,2868.7,0.3,0.00,100.00,1,1.000,1,0.000,1,,0
710.74,710.74,UAV-6,STANDBY,CHARGING,CHARGING,236.2,3450.0,2867.7,0.3,0.00,19.02,1,1.000,1,0.000,1,,0
711.76,711.76,UAV-1,RELAY,KILLED,LANDED,2543.6,2398.9,3388.3,0.3,0.00,82.87,0,1.000,1,0.000,1,,0
711.76,711.76,UAV-2,STANDBY,CHARGING,CHARGING,204.2,3450.0,2862.5,0.3,0.00,65.50,1,1.000,1,0.000,1,,0
711.76,711.76,UAV-3,STANDBY,CHARGING,CHARGING,220.2,3430.0,2866.2,0.3,0.00,77.36,1,1.000,1,0.000,1,,0
711.76,711.76,UAV-4,STANDBY,CHARGING,CHARGING,220.2,3450.0,2864.8,0.3,0.00,85.26,1,1.000,1,0.000,1,,0
711.76,711.76,UAV-5,STANDBY,READY,READY,236.2,3430.0,2868.7,0.3,0.00,100.00,1,1.000,1,0.000,1,,0
711.76,711.76,UAV-6,STANDBY,CHARGING,CHARGING,236.2,3450.0,2867.7,0.3,0.00,19.87,1,1.000,1,0.000,1,,0
712.78,712.78,UAV-1,RELAY,KILLED,LANDED,2543.6,2398.9,3388.3,0.3,0.00,82.87,0,1.000,1,0.000,1,,0
712.78,712.78,UAV-2,STANDBY,CHARGING,CHARGING,204.2,3450.0,2862.5,0.3,0.00,66.35,1,1.000,1,0.000,1,,0
712.78,712.78,UAV-3,STANDBY,CHARGING,CHARGING,220.2,3430.0,2866.2,0.3,0.00,78.21,1,1.000,1,0.000,1,,0
712.78,712.78,UAV-4,STANDBY,CHARGING,CHARGING,220.2,3450.0,2864.8,0.3,0.00,86.11,1,1.000,1,0.000,1,,0
712.78,712.78,UAV-5,STANDBY,READY,READY,236.2,3430.0,2868.7,0.3,0.00,100.00,1,1.000,1,0.000,1,,0
712.78,712.78,UAV-6,STANDBY,CHARGING,CHARGING,236.2,3450.0,2867.7,0.3,0.00,20.72,1,1.000,1,0.000,1,,0
713.80,713.80,UAV-1,RELAY,KILLED,LANDED,2543.6,2398.9,3388.3,0.3,0.00,82.87,0,1.000,1,0.000,1,,0
713.80,713.80,UAV-2,STANDBY,CHARGING,CHARGING,204.2,3450.0,2862.5,0.3,0.00,67.20,1,1.000,1,0.000,1,,0
713.80,713.80,UAV-3,STANDBY,CHARGING,CHARGING,220.2,3430.0,2866.2,0.3,0.00,79.06,1,1.000,1,0.000,1,,0
713.80,713.80,UAV-4,STANDBY,CHARGING,CHARGING,220.2,3450.0,2864.8,0.3,0.00,86.96,1,1.000,1,0.000,1,,0
713.80,713.80,UAV-5,STANDBY,READY,READY,236.2,3430.0,2868.7,0.3,0.00,100.00,1,1.000,1,0.000,1,,0
713.80,713.80,UAV-6,STANDBY,CHARGING,CHARGING,236.2,3450.0,2867.7,0.3,0.00,21.57,1,1.000,1,0.000,1,,0
714.82,714.82,UAV-1,RELAY,KILLED,LANDED,2543.6,2398.9,3388.3,0.3,0.00,82.87,0,1.000,1,0.000,1,,0
714.82,714.82,UAV-2,STANDBY,CHARGING,CHARGING,204.2,3450.0,2862.5,0.3,0.00,68.05,1,1.000,1,0.000,1,,0
714.82,714.82,UAV-3,STANDBY,CHARGING,CHARGING,220.2,3430.0,2866.2,0.3,0.00,79.91,1,1.000,1,0.000,1,,0
714.82,714.82,UAV-4,STANDBY,CHARGING,CHARGING,220.2,3450.0,2864.8,0.3,0.00,87.81,1,1.000,1,0.000,1,,0
714.82,714.82,UAV-5,STANDBY,READY,READY,236.2,3430.0,2868.7,0.3,0.00,100.00,1,1.000,1,0.000,1,,0
714.82,714.82,UAV-6,STANDBY,CHARGING,CHARGING,236.2,3450.0,2867.7,0.3,0.00,22.42,1,1.000,1,0.000,1,,0
715.84,715.84,UAV-1,RELAY,KILLED,LANDED,2543.6,2398.9,3388.3,0.3,0.00,82.87,0,1.000,1,0.000,1,,0
715.84,715.84,UAV-2,STANDBY,CHARGING,CHARGING,204.2,3450.0,2862.5,0.3,0.00,68.90,1,1.000,1,0.000,1,,0
715.84,715.84,UAV-3,STANDBY,CHARGING,CHARGING,220.2,3430.0,2866.2,0.3,0.00,80.76,1,1.000,1,0.000,1,,0
715.84,715.84,UAV-4,STANDBY,CHARGING,CHARGING,220.2,3450.0,2864.8,0.3,0.00,88.66,1,1.000,1,0.000,1,,0
715.84,715.84,UAV-5,STANDBY,READY,READY,236.2,3430.0,2868.7,0.3,0.00,100.00,1,1.000,1,0.000,1,,0
715.84,715.84,UAV-6,STANDBY,CHARGING,CHARGING,236.2,3450.0,2867.7,0.3,0.00,23.27,1,1.000,1,0.000,1,,0
716.86,716.86,UAV-1,RELAY,KILLED,LANDED,2543.6,2398.9,3388.3,0.3,0.00,82.87,0,1.000,1,0.000,1,,0
716.86,716.86,UAV-2,STANDBY,CHARGING,CHARGING,204.2,3450.0,2862.5,0.3,0.00,69.75,1,1.000,1,0.000,1,,0
716.86,716.86,UAV-3,STANDBY,CHARGING,CHARGING,220.2,3430.0,2866.2,0.3,0.00,81.61,1,1.000,1,0.000,1,,0
716.86,716.86,UAV-4,STANDBY,CHARGING,CHARGING,220.2,3450.0,2864.8,0.3,0.00,89.51,1,1.000,1,0.000,1,,0
716.86,716.86,UAV-5,STANDBY,READY,READY,236.2,3430.0,2868.7,0.3,0.00,100.00,1,1.000,1,0.000,1,,0
716.86,716.86,UAV-6,STANDBY,CHARGING,CHARGING,236.2,3450.0,2867.7,0.3,0.00,24.12,1,1.000,1,0.000,1,,0
717.88,717.88,UAV-1,RELAY,KILLED,LANDED,2543.6,2398.9,3388.3,0.3,0.00,82.87,0,1.000,1,0.000,1,,0
717.88,717.88,UAV-2,STANDBY,CHARGING,CHARGING,204.2,3450.0,2862.5,0.3,0.00,70.60,1,1.000,1,0.000,1,,0
717.88,717.88,UAV-3,STANDBY,CHARGING,CHARGING,220.2,3430.0,2866.2,0.3,0.00,82.46,1,1.000,1,0.000,1,,0
717.88,717.88,UAV-4,STANDBY,CHARGING,CHARGING,220.2,3450.0,2864.8,0.3,0.00,90.36,1,1.000,1,0.000,1,,0
717.88,717.88,UAV-5,STANDBY,READY,READY,236.2,3430.0,2868.7,0.3,0.00,100.00,1,1.000,1,0.000,1,,0
717.88,717.88,UAV-6,STANDBY,CHARGING,CHARGING,236.2,3450.0,2867.7,0.3,0.00,24.97,1,1.000,1,0.000,1,,0
718.90,718.90,UAV-1,RELAY,KILLED,LANDED,2543.6,2398.9,3388.3,0.3,0.00,82.87,0,1.000,1,0.000,1,,0
718.90,718.90,UAV-2,STANDBY,CHARGING,CHARGING,204.2,3450.0,2862.5,0.3,0.00,71.45,1,1.000,1,0.000,1,,0
718.90,718.90,UAV-3,STANDBY,CHARGING,CHARGING,220.2,3430.0,2866.2,0.3,0.00,83.31,1,1.000,1,0.000,1,,0
718.90,718.90,UAV-4,STANDBY,CHARGING,CHARGING,220.2,3450.0,2864.8,0.3,0.00,91.21,1,1.000,1,0.000,1,,0
718.90,718.90,UAV-5,STANDBY,READY,READY,236.2,3430.0,2868.7,0.3,0.00,100.00,1,1.000,1,0.000,1,,0
718.90,718.90,UAV-6,STANDBY,CHARGING,CHARGING,236.2,3450.0,2867.7,0.3,0.00,25.82,1,1.000,1,0.000,1,,0
719.92,719.92,UAV-1,RELAY,KILLED,LANDED,2543.6,2398.9,3388.3,0.3,0.00,82.87,0,1.000,1,0.000,1,,0
719.92,719.92,UAV-2,STANDBY,CHARGING,CHARGING,204.2,3450.0,2862.5,0.3,0.00,72.30,1,1.000,1,0.000,1,,0
719.92,719.92,UAV-3,STANDBY,CHARGING,CHARGING,220.2,3430.0,2866.2,0.3,0.00,84.16,1,1.000,1,0.000,1,,0
719.92,719.92,UAV-4,STANDBY,CHARGING,CHARGING,220.2,3450.0,2864.8,0.3,0.00,92.06,1,1.000,1,0.000,1,,0
719.92,719.92,UAV-5,STANDBY,READY,READY,236.2,3430.0,2868.7,0.3,0.00,100.00,1,1.000,1,0.000,1,,0
719.92,719.92,UAV-6,STANDBY,CHARGING,CHARGING,236.2,3450.0,2867.7,0.3,0.00,26.67,1,1.000,1,0.000,1,,0
720.94,720.94,UAV-1,RELAY,KILLED,LANDED,2543.6,2398.9,3388.3,0.3,0.00,82.87,0,1.000,1,0.000,1,,0
720.94,720.94,UAV-2,STANDBY,CHARGING,CHARGING,204.2,3450.0,2862.5,0.3,0.00,73.15,1,1.000,1,0.000,1,,0
720.94,720.94,UAV-3,STANDBY,CHARGING,CHARGING,220.2,3430.0,2866.2,0.3,0.00,85.01,1,1.000,1,0.000,1,,0
720.94,720.94,UAV-4,STANDBY,CHARGING,CHARGING,220.2,3450.0,2864.8,0.3,0.00,92.91,1,1.000,1,0.000,1,,0
720.94,720.94,UAV-5,STANDBY,READY,READY,236.2,3430.0,2868.7,0.3,0.00,100.00,1,1.000,1,0.000,1,,0
720.94,720.94,UAV-6,STANDBY,CHARGING,CHARGING,236.2,3450.0,2867.7,0.3,0.00,27.52,1,1.000,1,0.000,1,,0
721.96,721.96,UAV-1,RELAY,KILLED,LANDED,2543.6,2398.9,3388.3,0.3,0.00,82.87,0,1.000,1,0.000,1,,0
721.96,721.96,UAV-2,STANDBY,CHARGING,CHARGING,204.2,3450.0,2862.5,0.3,0.00,74.00,1,1.000,1,0.000,1,,0
721.96,721.96,UAV-3,STANDBY,CHARGING,CHARGING,220.2,3430.0,2866.2,0.3,0.00,85.86,1,1.000,1,0.000,1,,0
721.96,721.96,UAV-4,STANDBY,CHARGING,CHARGING,220.2,3450.0,2864.8,0.3,0.00,93.76,1,1.000,1,0.000,1,,0
721.96,721.96,UAV-5,STANDBY,READY,READY,236.2,3430.0,2868.7,0.3,0.00,100.00,1,1.000,1,0.000,1,,0
721.96,721.96,UAV-6,STANDBY,CHARGING,CHARGING,236.2,3450.0,2867.7,0.3,0.00,28.37,1,1.000,1,0.000,1,,0
722.98,722.98,UAV-1,RELAY,KILLED,LANDED,2543.6,2398.9,3388.3,0.3,0.00,82.87,0,1.000,1,0.000,1,,0
722.98,722.98,UAV-2,STANDBY,CHARGING,CHARGING,204.2,3450.0,2862.5,0.3,0.00,74.85,1,1.000,1,0.000,1,,0
722.98,722.98,UAV-3,STANDBY,CHARGING,CHARGING,220.2,3430.0,2866.2,0.3,0.00,86.71,1,1.000,1,0.000,1,,0
722.98,722.98,UAV-4,STANDBY,CHARGING,CHARGING,220.2,3450.0,2864.8,0.3,0.00,94.61,1,1.000,1,0.000,1,,0
722.98,722.98,UAV-5,STANDBY,READY,READY,236.2,3430.0,2868.7,0.3,0.00,100.00,1,1.000,1,0.000,1,,0
722.98,722.98,UAV-6,STANDBY,CHARGING,CHARGING,236.2,3450.0,2867.7,0.3,0.00,29.22,1,1.000,1,0.000,1,,0
724.00,724.00,UAV-1,RELAY,KILLED,LANDED,2543.6,2398.9,3388.3,0.3,0.00,82.87,0,1.000,1,0.000,1,,0
724.00,724.00,UAV-2,STANDBY,CHARGING,CHARGING,204.2,3450.0,2862.5,0.3,0.00,75.70,1,1.000,1,0.000,1,,0
724.00,724.00,UAV-3,STANDBY,CHARGING,CHARGING,220.2,3430.0,2866.2,0.3,0.00,87.56,1,1.000,1,0.000,1,,0
724.00,724.00,UAV-4,STANDBY,CHARGING,CHARGING,220.2,3450.0,2864.8,0.3,0.00,95.46,1,1.000,1,0.000,1,,0
724.00,724.00,UAV-5,STANDBY,READY,READY,236.2,3430.0,2868.7,0.3,0.00,100.00,1,1.000,1,0.000,1,,0
724.00,724.00,UAV-6,STANDBY,CHARGING,CHARGING,236.2,3450.0,2867.7,0.3,0.00,30.07,1,1.000,1,0.000,1,,0
725.02,725.02,UAV-1,RELAY,KILLED,LANDED,2543.6,2398.9,3388.3,0.3,0.00,82.87,0,1.000,1,0.000,1,,0
725.02,725.02,UAV-2,STANDBY,CHARGING,CHARGING,204.2,3450.0,2862.5,0.3,0.00,76.55,1,1.000,1,0.000,1,,0
725.02,725.02,UAV-3,STANDBY,CHARGING,CHARGING,220.2,3430.0,2866.2,0.3,0.00,88.41,1,1.000,1,0.000,1,,0
725.02,725.02,UAV-4,STANDBY,CHARGING,CHARGING,220.2,3450.0,2864.8,0.3,0.00,96.31,1,1.000,1,0.000,1,,0
725.02,725.02,UAV-5,STANDBY,READY,READY,236.2,3430.0,2868.7,0.3,0.00,100.00,1,1.000,1,0.000,1,,0
725.02,725.02,UAV-6,STANDBY,CHARGING,CHARGING,236.2,3450.0,2867.7,0.3,0.00,30.92,1,1.000,1,0.000,1,,0
726.04,726.04,UAV-1,RELAY,KILLED,LANDED,2543.6,2398.9,3388.3,0.3,0.00,82.87,0,1.000,1,0.000,1,,0
726.04,726.04,UAV-2,STANDBY,CHARGING,CHARGING,204.2,3450.0,2862.5,0.3,0.00,77.40,1,1.000,1,0.000,1,,0
726.04,726.04,UAV-3,STANDBY,CHARGING,CHARGING,220.2,3430.0,2866.2,0.3,0.00,89.26,1,1.000,1,0.000,1,,0
726.04,726.04,UAV-4,STANDBY,CHARGING,CHARGING,220.2,3450.0,2864.8,0.3,0.00,97.16,1,1.000,1,0.000,1,,0
726.04,726.04,UAV-5,STANDBY,READY,READY,236.2,3430.0,2868.7,0.3,0.00,100.00,1,1.000,1,0.000,1,,0
726.04,726.04,UAV-6,STANDBY,CHARGING,CHARGING,236.2,3450.0,2867.7,0.3,0.00,31.77,1,1.000,1,0.000,1,,0
727.06,727.06,UAV-1,RELAY,KILLED,LANDED,2543.6,2398.9,3388.3,0.3,0.00,82.87,0,1.000,1,0.000,1,,0
727.06,727.06,UAV-2,STANDBY,CHARGING,CHARGING,204.2,3450.0,2862.5,0.3,0.00,78.25,1,1.000,1,0.000,1,,0
727.06,727.06,UAV-3,STANDBY,CHARGING,CHARGING,220.2,3430.0,2866.2,0.3,0.00,90.11,1,1.000,1,0.000,1,,0
727.06,727.06,UAV-4,STANDBY,CHARGING,CHARGING,220.2,3450.0,2864.8,0.3,0.00,98.01,1,1.000,1,0.000,1,,0
727.06,727.06,UAV-5,STANDBY,READY,READY,236.2,3430.0,2868.7,0.3,0.00,100.00,1,1.000,1,0.000,1,,0
727.06,727.06,UAV-6,STANDBY,CHARGING,CHARGING,236.2,3450.0,2867.7,0.3,0.00,32.62,1,1.000,1,0.000,1,,0
728.08,728.08,UAV-1,RELAY,KILLED,LANDED,2543.6,2398.9,3388.3,0.3,0.00,82.87,0,1.000,1,0.000,1,,0
728.08,728.08,UAV-2,STANDBY,CHARGING,CHARGING,204.2,3450.0,2862.5,0.3,0.00,79.10,1,1.000,1,0.000,1,,0
728.08,728.08,UAV-3,STANDBY,CHARGING,CHARGING,220.2,3430.0,2866.2,0.3,0.00,90.96,1,1.000,1,0.000,1,,0
728.08,728.08,UAV-4,STANDBY,CHARGING,CHARGING,220.2,3450.0,2864.8,0.3,0.00,98.86,1,1.000,1,0.000,1,,0
728.08,728.08,UAV-5,STANDBY,READY,READY,236.2,3430.0,2868.7,0.3,0.00,100.00,1,1.000,1,0.000,1,,0
728.08,728.08,UAV-6,STANDBY,CHARGING,CHARGING,236.2,3450.0,2867.7,0.3,0.00,33.47,1,1.000,1,0.000,1,,0
729.10,729.10,UAV-1,RELAY,KILLED,LANDED,2543.6,2398.9,3388.3,0.3,0.00,82.87,0,1.000,1,0.000,1,,0
729.10,729.10,UAV-2,STANDBY,CHARGING,CHARGING,204.2,3450.0,2862.5,0.3,0.00,79.95,1,1.000,1,0.000,1,,0
729.10,729.10,UAV-3,STANDBY,CHARGING,CHARGING,220.2,3430.0,2866.2,0.3,0.00,91.81,1,1.000,1,0.000,1,,0
729.10,729.10,UAV-4,STANDBY,CHARGING,CHARGING,220.2,3450.0,2864.8,0.3,0.00,99.71,1,1.000,1,0.000,1,,0
729.10,729.10,UAV-5,STANDBY,READY,READY,236.2,3430.0,2868.7,0.3,0.00,100.00,1,1.000,1,0.000,1,,0
729.10,729.10,UAV-6,STANDBY,CHARGING,CHARGING,236.2,3450.0,2867.7,0.3,0.00,34.32,1,1.000,1,0.000,1,,0
730.12,730.12,UAV-1,RELAY,KILLED,LANDED,2543.6,2398.9,3388.3,0.3,0.00,82.87,0,1.000,1,0.000,1,,0
730.12,730.12,UAV-2,STANDBY,CHARGING,CHARGING,204.2,3450.0,2862.5,0.3,0.00,80.80,1,1.000,1,0.000,1,,0
730.12,730.12,UAV-3,STANDBY,CHARGING,CHARGING,220.2,3430.0,2866.2,0.3,0.00,92.66,1,1.000,1,0.000,1,,0
730.12,730.12,UAV-4,STANDBY,READY,READY,220.2,3450.0,2864.8,0.3,0.00,100.00,1,1.000,1,0.000,1,,0
730.12,730.12,UAV-5,STANDBY,READY,READY,236.2,3430.0,2868.7,0.3,0.00,100.00,1,1.000,1,0.000,1,,0
730.12,730.12,UAV-6,STANDBY,CHARGING,CHARGING,236.2,3450.0,2867.7,0.3,0.00,35.17,1,1.000,1,0.000,1,,0
731.14,731.14,UAV-1,RELAY,KILLED,LANDED,2543.6,2398.9,3388.3,0.3,0.00,82.87,0,1.000,1,0.000,1,,0
731.14,731.14,UAV-2,STANDBY,CHARGING,CHARGING,204.2,3450.0,2862.5,0.3,0.00,81.65,1,1.000,1,0.000,1,,0
731.14,731.14,UAV-3,STANDBY,CHARGING,CHARGING,220.2,3430.0,2866.2,0.3,0.00,93.51,1,1.000,1,0.000,1,,0
731.14,731.14,UAV-4,STANDBY,READY,READY,220.2,3450.0,2864.8,0.3,0.00,100.00,1,1.000,1,0.000,1,,0
731.14,731.14,UAV-5,STANDBY,READY,READY,236.2,3430.0,2868.7,0.3,0.00,100.00,1,1.000,1,0.000,1,,0
731.14,731.14,UAV-6,STANDBY,CHARGING,CHARGING,236.2,3450.0,2867.7,0.3,0.00,36.02,1,1.000,1,0.000,1,,0
732.16,732.16,UAV-1,RELAY,KILLED,LANDED,2543.6,2398.9,3388.3,0.3,0.00,82.87,0,1.000,1,0.000,1,,0
732.16,732.16,UAV-2,STANDBY,CHARGING,CHARGING,204.2,3450.0,2862.5,0.3,0.00,82.50,1,1.000,1,0.000,1,,0
732.16,732.16,UAV-3,STANDBY,CHARGING,CHARGING,220.2,3430.0,2866.2,0.3,0.00,94.36,1,1.000,1,0.000,1,,0
732.16,732.16,UAV-4,STANDBY,READY,READY,220.2,3450.0,2864.8,0.3,0.00,100.00,1,1.000,1,0.000,1,,0
732.16,732.16,UAV-5,STANDBY,READY,READY,236.2,3430.0,2868.7,0.3,0.00,100.00,1,1.000,1,0.000,1,,0
732.16,732.16,UAV-6,STANDBY,CHARGING,CHARGING,236.2,3450.0,2867.7,0.3,0.00,36.87,1,1.000,1,0.000,1,,0
733.18,733.18,UAV-1,RELAY,KILLED,LANDED,2543.6,2398.9,3388.3,0.3,0.00,82.87,0,1.000,1,0.000,1,,0
733.18,733.18,UAV-2,STANDBY,CHARGING,CHARGING,204.2,3450.0,2862.5,0.3,0.00,83.35,1,1.000,1,0.000,1,,0
733.18,733.18,UAV-3,STANDBY,CHARGING,CHARGING,220.2,3430.0,2866.2,0.3,0.00,95.21,1,1.000,1,0.000,1,,0
733.18,733.18,UAV-4,STANDBY,READY,READY,220.2,3450.0,2864.8,0.3,0.00,100.00,1,1.000,1,0.000,1,,0
733.18,733.18,UAV-5,STANDBY,READY,READY,236.2,3430.0,2868.7,0.3,0.00,100.00,1,1.000,1,0.000,1,,0
733.18,733.18,UAV-6,STANDBY,CHARGING,CHARGING,236.2,3450.0,2867.7,0.3,0.00,37.72,1,1.000,1,0.000,1,,0
734.20,734.20,UAV-1,RELAY,KILLED,LANDED,2543.6,2398.9,3388.3,0.3,0.00,82.87,0,1.000,1,0.000,1,,0
734.20,734.20,UAV-2,STANDBY,CHARGING,CHARGING,204.2,3450.0,2862.5,0.3,0.00,84.20,1,1.000,1,0.000,1,,0
734.20,734.20,UAV-3,STANDBY,CHARGING,CHARGING,220.2,3430.0,2866.2,0.3,0.00,96.06,1,1.000,1,0.000,1,,0
734.20,734.20,UAV-4,STANDBY,READY,READY,220.2,3450.0,2864.8,0.3,0.00,100.00,1,1.000,1,0.000,1,,0
734.20,734.20,UAV-5,STANDBY,READY,READY,236.2,3430.0,2868.7,0.3,0.00,100.00,1,1.000,1,0.000,1,,0
734.20,734.20,UAV-6,STANDBY,CHARGING,CHARGING,236.2,3450.0,2867.7,0.3,0.00,38.57,1,1.000,1,0.000,1,,0
735.22,735.22,UAV-1,RELAY,KILLED,LANDED,2543.6,2398.9,3388.3,0.3,0.00,82.87,0,1.000,1,0.000,1,,0
735.22,735.22,UAV-2,STANDBY,CHARGING,CHARGING,204.2,3450.0,2862.5,0.3,0.00,85.05,1,1.000,1,0.000,1,,0
735.22,735.22,UAV-3,STANDBY,CHARGING,CHARGING,220.2,3430.0,2866.2,0.3,0.00,96.91,1,1.000,1,0.000,1,,0
735.22,735.22,UAV-4,STANDBY,READY,READY,220.2,3450.0,2864.8,0.3,0.00,100.00,1,1.000,1,0.000,1,,0
735.22,735.22,UAV-5,STANDBY,READY,READY,236.2,3430.0,2868.7,0.3,0.00,100.00,1,1.000,1,0.000,1,,0
735.22,735.22,UAV-6,STANDBY,CHARGING,CHARGING,236.2,3450.0,2867.7,0.3,0.00,39.42,1,1.000,1,0.000,1,,0
736.24,736.24,UAV-1,RELAY,KILLED,LANDED,2543.6,2398.9,3388.3,0.3,0.00,82.87,0,1.000,1,0.000,1,,0
736.24,736.24,UAV-2,STANDBY,CHARGING,CHARGING,204.2,3450.0,2862.5,0.3,0.00,85.90,1,1.000,1,0.000,1,,0
736.24,736.24,UAV-3,STANDBY,CHARGING,CHARGING,220.2,3430.0,2866.2,0.3,0.00,97.76,1,1.000,1,0.000,1,,0
736.24,736.24,UAV-4,STANDBY,READY,READY,220.2,3450.0,2864.8,0.3,0.00,100.00,1,1.000,1,0.000,1,,0
736.24,736.24,UAV-5,STANDBY,READY,READY,236.2,3430.0,2868.7,0.3,0.00,100.00,1,1.000,1,0.000,1,,0
736.24,736.24,UAV-6,STANDBY,CHARGING,CHARGING,236.2,3450.0,2867.7,0.3,0.00,40.27,1,1.000,1,0.000,1,,0
737.26,737.26,UAV-1,RELAY,KILLED,LANDED,2543.6,2398.9,3388.3,0.3,0.00,82.87,0,1.000,1,0.000,1,,0
737.26,737.26,UAV-2,STANDBY,CHARGING,CHARGING,204.2,3450.0,2862.5,0.3,0.00,86.75,1,1.000,1,0.000,1,,0
737.26,737.26,UAV-3,STANDBY,CHARGING,CHARGING,220.2,3430.0,2866.2,0.3,0.00,98.61,1,1.000,1,0.000,1,,0
737.26,737.26,UAV-4,STANDBY,READY,READY,220.2,3450.0,2864.8,0.3,0.00,100.00,1,1.000,1,0.000,1,,0
737.26,737.26,UAV-5,STANDBY,READY,READY,236.2,3430.0,2868.7,0.3,0.00,100.00,1,1.000,1,0.000,1,,0
737.26,737.26,UAV-6,STANDBY,CHARGING,CHARGING,236.2,3450.0,2867.7,0.3,0.00,41.12,1,1.000,1,0.000,1,,0
738.28,738.28,UAV-1,RELAY,KILLED,LANDED,2543.6,2398.9,3388.3,0.3,0.00,82.87,0,1.000,1,0.000,1,,0
738.28,738.28,UAV-2,STANDBY,CHARGING,CHARGING,204.2,3450.0,2862.5,0.3,0.00,87.60,1,1.000,1,0.000,1,,0
738.28,738.28,UAV-3,STANDBY,CHARGING,CHARGING,220.2,3430.0,2866.2,0.3,0.00,99.46,1,1.000,1,0.000,1,,0
738.28,738.28,UAV-4,STANDBY,READY,READY,220.2,3450.0,2864.8,0.3,0.00,100.00,1,1.000,1,0.000,1,,0
738.28,738.28,UAV-5,STANDBY,READY,READY,236.2,3430.0,2868.7,0.3,0.00,100.00,1,1.000,1,0.000,1,,0
738.28,738.28,UAV-6,STANDBY,CHARGING,CHARGING,236.2,3450.0,2867.7,0.3,0.00,41.97,1,1.000,1,0.000,1,,0
739.30,739.30,UAV-1,RELAY,KILLED,LANDED,2543.6,2398.9,3388.3,0.3,0.00,82.87,0,1.000,1,0.000,1,,0
739.30,739.30,UAV-2,STANDBY,CHARGING,CHARGING,204.2,3450.0,2862.5,0.3,0.00,88.45,1,1.000,1,0.000,1,,0
739.30,739.30,UAV-3,STANDBY,READY,READY,220.2,3430.0,2866.2,0.3,0.00,100.00,1,1.000,1,0.000,1,,0
739.30,739.30,UAV-4,STANDBY,READY,READY,220.2,3450.0,2864.8,0.3,0.00,100.00,1,1.000,1,0.000,1,,0
739.30,739.30,UAV-5,STANDBY,READY,READY,236.2,3430.0,2868.7,0.3,0.00,100.00,1,1.000,1,0.000,1,,0
739.30,739.30,UAV-6,STANDBY,CHARGING,CHARGING,236.2,3450.0,2867.7,0.3,0.00,42.82,1,1.000,1,0.000,1,,0
740.32,740.32,UAV-1,RELAY,KILLED,LANDED,2543.6,2398.9,3388.3,0.3,0.00,82.87,0,1.000,1,0.000,1,,0
740.32,740.32,UAV-2,STANDBY,CHARGING,CHARGING,204.2,3450.0,2862.5,0.3,0.00,89.30,1,1.000,1,0.000,1,,0
740.32,740.32,UAV-3,STANDBY,READY,READY,220.2,3430.0,2866.2,0.3,0.00,100.00,1,1.000,1,0.000,1,,0
740.32,740.32,UAV-4,STANDBY,READY,READY,220.2,3450.0,2864.8,0.3,0.00,100.00,1,1.000,1,0.000,1,,0
740.32,740.32,UAV-5,STANDBY,READY,READY,236.2,3430.0,2868.7,0.3,0.00,100.00,1,1.000,1,0.000,1,,0
740.32,740.32,UAV-6,STANDBY,CHARGING,CHARGING,236.2,3450.0,2867.7,0.3,0.00,43.67,1,1.000,1,0.000,1,,0
741.34,741.34,UAV-1,RELAY,KILLED,LANDED,2543.6,2398.9,3388.3,0.3,0.00,82.87,0,1.000,1,0.000,1,,0
741.34,741.34,UAV-2,STANDBY,CHARGING,CHARGING,204.2,3450.0,2862.5,0.3,0.00,90.15,1,1.000,1,0.000,1,,0
741.34,741.34,UAV-3,STANDBY,READY,READY,220.2,3430.0,2866.2,0.3,0.00,100.00,1,1.000,1,0.000,1,,0
741.34,741.34,UAV-4,STANDBY,READY,READY,220.2,3450.0,2864.8,0.3,0.00,100.00,1,1.000,1,0.000,1,,0
741.34,741.34,UAV-5,STANDBY,READY,READY,236.2,3430.0,2868.7,0.3,0.00,100.00,1,1.000,1,0.000,1,,0
741.34,741.34,UAV-6,STANDBY,CHARGING,CHARGING,236.2,3450.0,2867.7,0.3,0.00,44.52,1,1.000,1,0.000,1,,0
742.36,742.36,UAV-1,RELAY,KILLED,LANDED,2543.6,2398.9,3388.3,0.3,0.00,82.87,0,1.000,1,0.000,1,,0
742.36,742.36,UAV-2,STANDBY,CHARGING,CHARGING,204.2,3450.0,2862.5,0.3,0.00,91.00,1,1.000,1,0.000,1,,0
742.36,742.36,UAV-3,STANDBY,READY,READY,220.2,3430.0,2866.2,0.3,0.00,100.00,1,1.000,1,0.000,1,,0
742.36,742.36,UAV-4,STANDBY,READY,READY,220.2,3450.0,2864.8,0.3,0.00,100.00,1,1.000,1,0.000,1,,0
742.36,742.36,UAV-5,STANDBY,READY,READY,236.2,3430.0,2868.7,0.3,0.00,100.00,1,1.000,1,0.000,1,,0
742.36,742.36,UAV-6,STANDBY,CHARGING,CHARGING,236.2,3450.0,2867.7,0.3,0.00,45.37,1,1.000,1,0.000,1,,0
743.38,743.38,UAV-1,RELAY,KILLED,LANDED,2543.6,2398.9,3388.3,0.3,0.00,82.87,0,1.000,1,0.000,1,,0
743.38,743.38,UAV-2,STANDBY,CHARGING,CHARGING,204.2,3450.0,2862.5,0.3,0.00,91.85,1,1.000,1,0.000,1,,0
743.38,743.38,UAV-3,STANDBY,READY,READY,220.2,3430.0,2866.2,0.3,0.00,100.00,1,1.000,1,0.000,1,,0
743.38,743.38,UAV-4,STANDBY,READY,READY,220.2,3450.0,2864.8,0.3,0.00,100.00,1,1.000,1,0.000,1,,0
743.38,743.38,UAV-5,STANDBY,READY,READY,236.2,3430.0,2868.7,0.3,0.00,100.00,1,1.000,1,0.000,1,,0
743.38,743.38,UAV-6,STANDBY,CHARGING,CHARGING,236.2,3450.0,2867.7,0.3,0.00,46.22,1,1.000,1,0.000,1,,0
744.40,744.40,UAV-1,RELAY,KILLED,LANDED,2543.6,2398.9,3388.3,0.3,0.00,82.87,0,1.000,1,0.000,1,,0
744.40,744.40,UAV-2,STANDBY,CHARGING,CHARGING,204.2,3450.0,2862.5,0.3,0.00,92.70,1,1.000,1,0.000,1,,0
744.40,744.40,UAV-3,STANDBY,READY,READY,220.2,3430.0,2866.2,0.3,0.00,100.00,1,1.000,1,0.000,1,,0
744.40,744.40,UAV-4,STANDBY,READY,READY,220.2,3450.0,2864.8,0.3,0.00,100.00,1,1.000,1,0.000,1,,0
744.40,744.40,UAV-5,STANDBY,READY,READY,236.2,3430.0,2868.7,0.3,0.00,100.00,1,1.000,1,0.000,1,,0
744.40,744.40,UAV-6,STANDBY,CHARGING,CHARGING,236.2,3450.0,2867.7,0.3,0.00,47.07,1,1.000,1,0.000,1,,0
745.42,745.42,UAV-1,RELAY,KILLED,LANDED,2543.6,2398.9,3388.3,0.3,0.00,82.87,0,1.000,1,0.000,1,,0
745.42,745.42,UAV-2,STANDBY,CHARGING,CHARGING,204.2,3450.0,2862.5,0.3,0.00,93.55,1,1.000,1,0.000,1,,0
745.42,745.42,UAV-3,STANDBY,READY,READY,220.2,3430.0,2866.2,0.3,0.00,100.00,1,1.000,1,0.000,1,,0
745.42,745.42,UAV-4,STANDBY,READY,READY,220.2,3450.0,2864.8,0.3,0.00,100.00,1,1.000,1,0.000,1,,0
745.42,745.42,UAV-5,STANDBY,READY,READY,236.2,3430.0,2868.7,0.3,0.00,100.00,1,1.000,1,0.000,1,,0
745.42,745.42,UAV-6,STANDBY,CHARGING,CHARGING,236.2,3450.0,2867.7,0.3,0.00,47.92,1,1.000,1,0.000,1,,0
746.44,746.44,UAV-1,RELAY,KILLED,LANDED,2543.6,2398.9,3388.3,0.3,0.00,82.87,0,1.000,1,0.000,1,,0
746.44,746.44,UAV-2,STANDBY,CHARGING,CHARGING,204.2,3450.0,2862.5,0.3,0.00,94.40,1,1.000,1,0.000,1,,0
746.44,746.44,UAV-3,STANDBY,READY,READY,220.2,3430.0,2866.2,0.3,0.00,100.00,1,1.000,1,0.000,1,,0
746.44,746.44,UAV-4,STANDBY,READY,READY,220.2,3450.0,2864.8,0.3,0.00,100.00,1,1.000,1,0.000,1,,0
746.44,746.44,UAV-5,STANDBY,READY,READY,236.2,3430.0,2868.7,0.3,0.00,100.00,1,1.000,1,0.000,1,,0
746.44,746.44,UAV-6,STANDBY,CHARGING,CHARGING,236.2,3450.0,2867.7,0.3,0.00,48.77,1,1.000,1,0.000,1,,0
747.46,747.46,UAV-1,RELAY,KILLED,LANDED,2543.6,2398.9,3388.3,0.3,0.00,82.87,0,1.000,1,0.000,1,,0
747.46,747.46,UAV-2,STANDBY,CHARGING,CHARGING,204.2,3450.0,2862.5,0.3,0.00,95.25,1,1.000,1,0.000,1,,0
747.46,747.46,UAV-3,STANDBY,READY,READY,220.2,3430.0,2866.2,0.3,0.00,100.00,1,1.000,1,0.000,1,,0
747.46,747.46,UAV-4,STANDBY,READY,READY,220.2,3450.0,2864.8,0.3,0.00,100.00,1,1.000,1,0.000,1,,0
747.46,747.46,UAV-5,STANDBY,READY,READY,236.2,3430.0,2868.7,0.3,0.00,100.00,1,1.000,1,0.000,1,,0
747.46,747.46,UAV-6,STANDBY,CHARGING,CHARGING,236.2,3450.0,2867.7,0.3,0.00,49.62,1,1.000,1,0.000,1,,0
748.48,748.48,UAV-1,RELAY,KILLED,LANDED,2543.6,2398.9,3388.3,0.3,0.00,82.87,0,1.000,1,0.000,1,,0
748.48,748.48,UAV-2,STANDBY,CHARGING,CHARGING,204.2,3450.0,2862.5,0.3,0.00,96.10,1,1.000,1,0.000,1,,0
748.48,748.48,UAV-3,STANDBY,READY,READY,220.2,3430.0,2866.2,0.3,0.00,100.00,1,1.000,1,0.000,1,,0
748.48,748.48,UAV-4,STANDBY,READY,READY,220.2,3450.0,2864.8,0.3,0.00,100.00,1,1.000,1,0.000,1,,0
748.48,748.48,UAV-5,STANDBY,READY,READY,236.2,3430.0,2868.7,0.3,0.00,100.00,1,1.000,1,0.000,1,,0
748.48,748.48,UAV-6,STANDBY,CHARGING,CHARGING,236.2,3450.0,2867.7,0.3,0.00,50.47,1,1.000,1,0.000,1,,0
749.50,749.50,UAV-1,RELAY,KILLED,LANDED,2543.6,2398.9,3388.3,0.3,0.00,82.87,0,1.000,1,0.000,1,,0
749.50,749.50,UAV-2,STANDBY,CHARGING,CHARGING,204.2,3450.0,2862.5,0.3,0.00,96.95,1,1.000,1,0.000,1,,0
749.50,749.50,UAV-3,STANDBY,READY,READY,220.2,3430.0,2866.2,0.3,0.00,100.00,1,1.000,1,0.000,1,,0
749.50,749.50,UAV-4,STANDBY,READY,READY,220.2,3450.0,2864.8,0.3,0.00,100.00,1,1.000,1,0.000,1,,0
749.50,749.50,UAV-5,STANDBY,READY,READY,236.2,3430.0,2868.7,0.3,0.00,100.00,1,1.000,1,0.000,1,,0
749.50,749.50,UAV-6,STANDBY,CHARGING,CHARGING,236.2,3450.0,2867.7,0.3,0.00,51.32,1,1.000,1,0.000,1,,0
750.52,750.52,UAV-1,RELAY,KILLED,LANDED,2543.6,2398.9,3388.3,0.3,0.00,82.87,0,1.000,1,0.000,1,,0
750.52,750.52,UAV-2,STANDBY,CHARGING,CHARGING,204.2,3450.0,2862.5,0.3,0.00,97.80,1,1.000,1,0.000,1,,0
750.52,750.52,UAV-3,STANDBY,READY,READY,220.2,3430.0,2866.2,0.3,0.00,100.00,1,1.000,1,0.000,1,,0
750.52,750.52,UAV-4,STANDBY,READY,READY,220.2,3450.0,2864.8,0.3,0.00,100.00,1,1.000,1,0.000,1,,0
750.52,750.52,UAV-5,STANDBY,READY,READY,236.2,3430.0,2868.7,0.3,0.00,100.00,1,1.000,1,0.000,1,,0
750.52,750.52,UAV-6,STANDBY,CHARGING,CHARGING,236.2,3450.0,2867.7,0.3,0.00,52.17,1,1.000,1,0.000,1,,0
751.54,751.54,UAV-1,RELAY,KILLED,LANDED,2543.6,2398.9,3388.3,0.3,0.00,82.87,0,1.000,1,0.000,1,,0
751.54,751.54,UAV-2,STANDBY,CHARGING,CHARGING,204.2,3450.0,2862.5,0.3,0.00,98.65,1,1.000,1,0.000,1,,0
751.54,751.54,UAV-3,STANDBY,READY,READY,220.2,3430.0,2866.2,0.3,0.00,100.00,1,1.000,1,0.000,1,,0
751.54,751.54,UAV-4,STANDBY,READY,READY,220.2,3450.0,2864.8,0.3,0.00,100.00,1,1.000,1,0.000,1,,0
751.54,751.54,UAV-5,STANDBY,READY,READY,236.2,3430.0,2868.7,0.3,0.00,100.00,1,1.000,1,0.000,1,,0
751.54,751.54,UAV-6,STANDBY,CHARGING,CHARGING,236.2,3450.0,2867.7,0.3,0.00,53.02,1,1.000,1,0.000,1,,0
752.56,752.56,UAV-1,RELAY,KILLED,LANDED,2543.6,2398.9,3388.3,0.3,0.00,82.87,0,1.000,1,0.000,1,,0
752.56,752.56,UAV-2,STANDBY,CHARGING,CHARGING,204.2,3450.0,2862.5,0.3,0.00,99.50,1,1.000,1,0.000,1,,0
752.56,752.56,UAV-3,STANDBY,READY,READY,220.2,3430.0,2866.2,0.3,0.00,100.00,1,1.000,1,0.000,1,,0
752.56,752.56,UAV-4,STANDBY,READY,READY,220.2,3450.0,2864.8,0.3,0.00,100.00,1,1.000,1,0.000,1,,0
752.56,752.56,UAV-5,STANDBY,READY,READY,236.2,3430.0,2868.7,0.3,0.00,100.00,1,1.000,1,0.000,1,,0
752.56,752.56,UAV-6,STANDBY,CHARGING,CHARGING,236.2,3450.0,2867.7,0.3,0.00,53.87,1,1.000,1,0.000,1,,0
753.58,753.58,UAV-1,RELAY,KILLED,LANDED,2543.6,2398.9,3388.3,0.3,0.00,82.87,0,1.000,1,0.000,1,,0
753.58,753.58,UAV-2,STANDBY,READY,READY,204.2,3450.0,2862.5,0.3,0.00,100.00,1,1.000,1,0.000,1,,0
753.58,753.58,UAV-3,STANDBY,READY,READY,220.2,3430.0,2866.2,0.3,0.00,100.00,1,1.000,1,0.000,1,,0
753.58,753.58,UAV-4,STANDBY,READY,READY,220.2,3450.0,2864.8,0.3,0.00,100.00,1,1.000,1,0.000,1,,0
753.58,753.58,UAV-5,STANDBY,READY,READY,236.2,3430.0,2868.7,0.3,0.00,100.00,1,1.000,1,0.000,1,,0
753.58,753.58,UAV-6,STANDBY,CHARGING,CHARGING,236.2,3450.0,2867.7,0.3,0.00,54.72,1,1.000,1,0.000,1,,0
754.60,754.60,UAV-1,RELAY,KILLED,LANDED,2543.6,2398.9,3388.3,0.3,0.00,82.87,0,1.000,1,0.000,1,,0
754.60,754.60,UAV-2,STANDBY,READY,READY,204.2,3450.0,2862.5,0.3,0.00,100.00,1,1.000,1,0.000,1,,0
754.60,754.60,UAV-3,STANDBY,READY,READY,220.2,3430.0,2866.2,0.3,0.00,100.00,1,1.000,1,0.000,1,,0
754.60,754.60,UAV-4,STANDBY,READY,READY,220.2,3450.0,2864.8,0.3,0.00,100.00,1,1.000,1,0.000,1,,0
754.60,754.60,UAV-5,STANDBY,READY,READY,236.2,3430.0,2868.7,0.3,0.00,100.00,1,1.000,1,0.000,1,,0
754.60,754.60,UAV-6,STANDBY,CHARGING,CHARGING,236.2,3450.0,2867.7,0.3,0.00,55.57,1,1.000,1,0.000,1,,0
755.62,755.62,UAV-1,RELAY,KILLED,LANDED,2543.6,2398.9,3388.3,0.3,0.00,82.87,0,1.000,1,0.000,1,,0
755.62,755.62,UAV-2,STANDBY,READY,READY,204.2,3450.0,2862.5,0.3,0.00,100.00,1,1.000,1,0.000,1,,0
755.62,755.62,UAV-3,STANDBY,READY,READY,220.2,3430.0,2866.2,0.3,0.00,100.00,1,1.000,1,0.000,1,,0
755.62,755.62,UAV-4,STANDBY,READY,READY,220.2,3450.0,2864.8,0.3,0.00,100.00,1,1.000,1,0.000,1,,0
755.62,755.62,UAV-5,STANDBY,READY,READY,236.2,3430.0,2868.7,0.3,0.00,100.00,1,1.000,1,0.000,1,,0
755.62,755.62,UAV-6,STANDBY,CHARGING,CHARGING,236.2,3450.0,2867.7,0.3,0.00,56.42,1,1.000,1,0.000,1,,0
756.64,756.64,UAV-1,RELAY,KILLED,LANDED,2543.6,2398.9,3388.3,0.3,0.00,82.87,0,1.000,1,0.000,1,,0
756.64,756.64,UAV-2,STANDBY,READY,READY,204.2,3450.0,2862.5,0.3,0.00,100.00,1,1.000,1,0.000,1,,0
756.64,756.64,UAV-3,STANDBY,READY,READY,220.2,3430.0,2866.2,0.3,0.00,100.00,1,1.000,1,0.000,1,,0
756.64,756.64,UAV-4,STANDBY,READY,READY,220.2,3450.0,2864.8,0.3,0.00,100.00,1,1.000,1,0.000,1,,0
756.64,756.64,UAV-5,STANDBY,READY,READY,236.2,3430.0,2868.7,0.3,0.00,100.00,1,1.000,1,0.000,1,,0
756.64,756.64,UAV-6,STANDBY,CHARGING,CHARGING,236.2,3450.0,2867.7,0.3,0.00,57.27,1,1.000,1,0.000,1,,0
757.66,757.66,UAV-1,RELAY,KILLED,LANDED,2543.6,2398.9,3388.3,0.3,0.00,82.87,0,1.000,1,0.000,1,,0
757.66,757.66,UAV-2,STANDBY,READY,READY,204.2,3450.0,2862.5,0.3,0.00,100.00,1,1.000,1,0.000,1,,0
757.66,757.66,UAV-3,STANDBY,READY,READY,220.2,3430.0,2866.2,0.3,0.00,100.00,1,1.000,1,0.000,1,,0
757.66,757.66,UAV-4,STANDBY,READY,READY,220.2,3450.0,2864.8,0.3,0.00,100.00,1,1.000,1,0.000,1,,0
757.66,757.66,UAV-5,STANDBY,READY,READY,236.2,3430.0,2868.7,0.3,0.00,100.00,1,1.000,1,0.000,1,,0
757.66,757.66,UAV-6,STANDBY,CHARGING,CHARGING,236.2,3450.0,2867.7,0.3,0.00,58.12,1,1.000,1,0.000,1,,0
758.68,758.68,UAV-1,RELAY,KILLED,LANDED,2543.6,2398.9,3388.3,0.3,0.00,82.87,0,1.000,1,0.000,1,,0
758.68,758.68,UAV-2,STANDBY,READY,READY,204.2,3450.0,2862.5,0.3,0.00,100.00,1,1.000,1,0.000,1,,0
758.68,758.68,UAV-3,STANDBY,READY,READY,220.2,3430.0,2866.2,0.3,0.00,100.00,1,1.000,1,0.000,1,,0
758.68,758.68,UAV-4,STANDBY,READY,READY,220.2,3450.0,2864.8,0.3,0.00,100.00,1,1.000,1,0.000,1,,0
758.68,758.68,UAV-5,STANDBY,READY,READY,236.2,3430.0,2868.7,0.3,0.00,100.00,1,1.000,1,0.000,1,,0
758.68,758.68,UAV-6,STANDBY,CHARGING,CHARGING,236.2,3450.0,2867.7,0.3,0.00,58.97,1,1.000,1,0.000,1,,0
759.70,759.70,UAV-1,RELAY,KILLED,LANDED,2543.6,2398.9,3388.3,0.3,0.00,82.87,0,1.000,1,0.000,1,,0
759.70,759.70,UAV-2,STANDBY,READY,READY,204.2,3450.0,2862.5,0.3,0.00,100.00,1,1.000,1,0.000,1,,0
759.70,759.70,UAV-3,STANDBY,READY,READY,220.2,3430.0,2866.2,0.3,0.00,100.00,1,1.000,1,0.000,1,,0
759.70,759.70,UAV-4,STANDBY,READY,READY,220.2,3450.0,2864.8,0.3,0.00,100.00,1,1.000,1,0.000,1,,0
759.70,759.70,UAV-5,STANDBY,READY,READY,236.2,3430.0,2868.7,0.3,0.00,100.00,1,1.000,1,0.000,1,,0
759.70,759.70,UAV-6,STANDBY,CHARGING,CHARGING,236.2,3450.0,2867.7,0.3,0.00,59.82,1,1.000,1,0.000,1,,0
760.72,760.72,UAV-1,RELAY,KILLED,LANDED,2543.6,2398.9,3388.3,0.3,0.00,82.87,0,1.000,1,0.000,1,,0
760.72,760.72,UAV-2,STANDBY,READY,READY,204.2,3450.0,2862.5,0.3,0.00,100.00,1,1.000,1,0.000,1,,0
760.72,760.72,UAV-3,STANDBY,READY,READY,220.2,3430.0,2866.2,0.3,0.00,100.00,1,1.000,1,0.000,1,,0
760.72,760.72,UAV-4,STANDBY,READY,READY,220.2,3450.0,2864.8,0.3,0.00,100.00,1,1.000,1,0.000,1,,0
760.72,760.72,UAV-5,STANDBY,READY,READY,236.2,3430.0,2868.7,0.3,0.00,100.00,1,1.000,1,0.000,1,,0
760.72,760.72,UAV-6,STANDBY,CHARGING,CHARGING,236.2,3450.0,2867.7,0.3,0.00,60.67,1,1.000,1,0.000,1,,0
761.74,761.74,UAV-1,RELAY,KILLED,LANDED,2543.6,2398.9,3388.3,0.3,0.00,82.87,0,1.000,1,0.000,1,,0
761.74,761.74,UAV-2,STANDBY,READY,READY,204.2,3450.0,2862.5,0.3,0.00,100.00,1,1.000,1,0.000,1,,0
761.74,761.74,UAV-3,STANDBY,READY,READY,220.2,3430.0,2866.2,0.3,0.00,100.00,1,1.000,1,0.000,1,,0
761.74,761.74,UAV-4,STANDBY,READY,READY,220.2,3450.0,2864.8,0.3,0.00,100.00,1,1.000,1,0.000,1,,0
761.74,761.74,UAV-5,STANDBY,READY,READY,236.2,3430.0,2868.7,0.3,0.00,100.00,1,1.000,1,0.000,1,,0
761.74,761.74,UAV-6,STANDBY,CHARGING,CHARGING,236.2,3450.0,2867.7,0.3,0.00,61.52,1,1.000,1,0.000,1,,0
762.76,762.76,UAV-1,RELAY,KILLED,LANDED,2543.6,2398.9,3388.3,0.3,0.00,82.87,0,1.000,1,0.000,1,,0
762.76,762.76,UAV-2,STANDBY,READY,READY,204.2,3450.0,2862.5,0.3,0.00,100.00,1,1.000,1,0.000,1,,0
762.76,762.76,UAV-3,STANDBY,READY,READY,220.2,3430.0,2866.2,0.3,0.00,100.00,1,1.000,1,0.000,1,,0
762.76,762.76,UAV-4,STANDBY,READY,READY,220.2,3450.0,2864.8,0.3,0.00,100.00,1,1.000,1,0.000,1,,0
762.76,762.76,UAV-5,STANDBY,READY,READY,236.2,3430.0,2868.7,0.3,0.00,100.00,1,1.000,1,0.000,1,,0
762.76,762.76,UAV-6,STANDBY,CHARGING,CHARGING,236.2,3450.0,2867.7,0.3,0.00,62.37,1,1.000,1,0.000,1,,0
763.78,763.78,UAV-1,RELAY,KILLED,LANDED,2543.6,2398.9,3388.3,0.3,0.00,82.87,0,1.000,1,0.000,1,,0
763.78,763.78,UAV-2,STANDBY,READY,READY,204.2,3450.0,2862.5,0.3,0.00,100.00,1,1.000,1,0.000,1,,0
763.78,763.78,UAV-3,STANDBY,READY,READY,220.2,3430.0,2866.2,0.3,0.00,100.00,1,1.000,1,0.000,1,,0
763.78,763.78,UAV-4,STANDBY,READY,READY,220.2,3450.0,2864.8,0.3,0.00,100.00,1,1.000,1,0.000,1,,0
763.78,763.78,UAV-5,STANDBY,READY,READY,236.2,3430.0,2868.7,0.3,0.00,100.00,1,1.000,1,0.000,1,,0
763.78,763.78,UAV-6,STANDBY,CHARGING,CHARGING,236.2,3450.0,2867.7,0.3,0.00,63.22,1,1.000,1,0.000,1,,0
764.80,764.80,UAV-1,RELAY,KILLED,LANDED,2543.6,2398.9,3388.3,0.3,0.00,82.87,0,1.000,1,0.000,1,,0
764.80,764.80,UAV-2,STANDBY,READY,READY,204.2,3450.0,2862.5,0.3,0.00,100.00,1,1.000,1,0.000,1,,0
764.80,764.80,UAV-3,STANDBY,READY,READY,220.2,3430.0,2866.2,0.3,0.00,100.00,1,1.000,1,0.000,1,,0
764.80,764.80,UAV-4,STANDBY,READY,READY,220.2,3450.0,2864.8,0.3,0.00,100.00,1,1.000,1,0.000,1,,0
764.80,764.80,UAV-5,STANDBY,READY,READY,236.2,3430.0,2868.7,0.3,0.00,100.00,1,1.000,1,0.000,1,,0
764.80,764.80,UAV-6,STANDBY,CHARGING,CHARGING,236.2,3450.0,2867.7,0.3,0.00,64.07,1,1.000,1,0.000,1,,0
765.82,765.82,UAV-1,RELAY,KILLED,LANDED,2543.6,2398.9,3388.3,0.3,0.00,82.87,0,1.000,1,0.000,1,,0
765.82,765.82,UAV-2,STANDBY,READY,READY,204.2,3450.0,2862.5,0.3,0.00,100.00,1,1.000,1,0.000,1,,0
765.82,765.82,UAV-3,STANDBY,READY,READY,220.2,3430.0,2866.2,0.3,0.00,100.00,1,1.000,1,0.000,1,,0
765.82,765.82,UAV-4,STANDBY,READY,READY,220.2,3450.0,2864.8,0.3,0.00,100.00,1,1.000,1,0.000,1,,0
765.82,765.82,UAV-5,STANDBY,READY,READY,236.2,3430.0,2868.7,0.3,0.00,100.00,1,1.000,1,0.000,1,,0
765.82,765.82,UAV-6,STANDBY,CHARGING,CHARGING,236.2,3450.0,2867.7,0.3,0.00,64.92,1,1.000,1,0.000,1,,0
766.84,766.84,UAV-1,RELAY,KILLED,LANDED,2543.6,2398.9,3388.3,0.3,0.00,82.87,0,1.000,1,0.000,1,,0
766.84,766.84,UAV-2,STANDBY,READY,READY,204.2,3450.0,2862.5,0.3,0.00,100.00,1,1.000,1,0.000,1,,0
766.84,766.84,UAV-3,STANDBY,READY,READY,220.2,3430.0,2866.2,0.3,0.00,100.00,1,1.000,1,0.000,1,,0
766.84,766.84,UAV-4,STANDBY,READY,READY,220.2,3450.0,2864.8,0.3,0.00,100.00,1,1.000,1,0.000,1,,0
766.84,766.84,UAV-5,STANDBY,READY,READY,236.2,3430.0,2868.7,0.3,0.00,100.00,1,1.000,1,0.000,1,,0
766.84,766.84,UAV-6,STANDBY,CHARGING,CHARGING,236.2,3450.0,2867.7,0.3,0.00,65.77,1,1.000,1,0.000,1,,0
767.86,767.86,UAV-1,RELAY,KILLED,LANDED,2543.6,2398.9,3388.3,0.3,0.00,82.87,0,1.000,1,0.000,1,,0
767.86,767.86,UAV-2,STANDBY,READY,READY,204.2,3450.0,2862.5,0.3,0.00,100.00,1,1.000,1,0.000,1,,0
767.86,767.86,UAV-3,STANDBY,READY,READY,220.2,3430.0,2866.2,0.3,0.00,100.00,1,1.000,1,0.000,1,,0
767.86,767.86,UAV-4,STANDBY,READY,READY,220.2,3450.0,2864.8,0.3,0.00,100.00,1,1.000,1,0.000,1,,0
767.86,767.86,UAV-5,STANDBY,READY,READY,236.2,3430.0,2868.7,0.3,0.00,100.00,1,1.000,1,0.000,1,,0
767.86,767.86,UAV-6,STANDBY,CHARGING,CHARGING,236.2,3450.0,2867.7,0.3,0.00,66.62,1,1.000,1,0.000,1,,0
768.88,768.88,UAV-1,RELAY,KILLED,LANDED,2543.6,2398.9,3388.3,0.3,0.00,82.87,0,1.000,1,0.000,1,,0
768.88,768.88,UAV-2,STANDBY,READY,READY,204.2,3450.0,2862.5,0.3,0.00,100.00,1,1.000,1,0.000,1,,0
768.88,768.88,UAV-3,STANDBY,READY,READY,220.2,3430.0,2866.2,0.3,0.00,100.00,1,1.000,1,0.000,1,,0
768.88,768.88,UAV-4,STANDBY,READY,READY,220.2,3450.0,2864.8,0.3,0.00,100.00,1,1.000,1,0.000,1,,0
768.88,768.88,UAV-5,STANDBY,READY,READY,236.2,3430.0,2868.7,0.3,0.00,100.00,1,1.000,1,0.000,1,,0
768.88,768.88,UAV-6,STANDBY,CHARGING,CHARGING,236.2,3450.0,2867.7,0.3,0.00,67.47,1,1.000,1,0.000,1,,0
769.90,769.90,UAV-1,RELAY,KILLED,LANDED,2543.6,2398.9,3388.3,0.3,0.00,82.87,0,1.000,1,0.000,1,,0
769.90,769.90,UAV-2,STANDBY,READY,READY,204.2,3450.0,2862.5,0.3,0.00,100.00,1,1.000,1,0.000,1,,0
769.90,769.90,UAV-3,STANDBY,READY,READY,220.2,3430.0,2866.2,0.3,0.00,100.00,1,1.000,1,0.000,1,,0
769.90,769.90,UAV-4,STANDBY,READY,READY,220.2,3450.0,2864.8,0.3,0.00,100.00,1,1.000,1,0.000,1,,0
769.90,769.90,UAV-5,STANDBY,READY,READY,236.2,3430.0,2868.7,0.3,0.00,100.00,1,1.000,1,0.000,1,,0
769.90,769.90,UAV-6,STANDBY,CHARGING,CHARGING,236.2,3450.0,2867.7,0.3,0.00,68.32,1,1.000,1,0.000,1,,0
770.92,770.92,UAV-1,RELAY,KILLED,LANDED,2543.6,2398.9,3388.3,0.3,0.00,82.87,0,1.000,1,0.000,1,,0
770.92,770.92,UAV-2,STANDBY,READY,READY,204.2,3450.0,2862.5,0.3,0.00,100.00,1,1.000,1,0.000,1,,0
770.92,770.92,UAV-3,STANDBY,READY,READY,220.2,3430.0,2866.2,0.3,0.00,100.00,1,1.000,1,0.000,1,,0
770.92,770.92,UAV-4,STANDBY,READY,READY,220.2,3450.0,2864.8,0.3,0.00,100.00,1,1.000,1,0.000,1,,0
770.92,770.92,UAV-5,STANDBY,READY,READY,236.2,3430.0,2868.7,0.3,0.00,100.00,1,1.000,1,0.000,1,,0
770.92,770.92,UAV-6,STANDBY,CHARGING,CHARGING,236.2,3450.0,2867.7,0.3,0.00,69.17,1,1.000,1,0.000,1,,0
771.94,771.94,UAV-1,RELAY,KILLED,LANDED,2543.6,2398.9,3388.3,0.3,0.00,82.87,0,1.000,1,0.000,1,,0
771.94,771.94,UAV-2,STANDBY,READY,READY,204.2,3450.0,2862.5,0.3,0.00,100.00,1,1.000,1,0.000,1,,0
771.94,771.94,UAV-3,STANDBY,READY,READY,220.2,3430.0,2866.2,0.3,0.00,100.00,1,1.000,1,0.000,1,,0
771.94,771.94,UAV-4,STANDBY,READY,READY,220.2,3450.0,2864.8,0.3,0.00,100.00,1,1.000,1,0.000,1,,0
771.94,771.94,UAV-5,STANDBY,READY,READY,236.2,3430.0,2868.7,0.3,0.00,100.00,1,1.000,1,0.000,1,,0
771.94,771.94,UAV-6,STANDBY,CHARGING,CHARGING,236.2,3450.0,2867.7,0.3,0.00,70.02,1,1.000,1,0.000,1,,0
772.96,772.96,UAV-1,RELAY,KILLED,LANDED,2543.6,2398.9,3388.3,0.3,0.00,82.87,0,1.000,1,0.000,1,,0
772.96,772.96,UAV-2,STANDBY,READY,READY,204.2,3450.0,2862.5,0.3,0.00,100.00,1,1.000,1,0.000,1,,0
772.96,772.96,UAV-3,STANDBY,READY,READY,220.2,3430.0,2866.2,0.3,0.00,100.00,1,1.000,1,0.000,1,,0
772.96,772.96,UAV-4,STANDBY,READY,READY,220.2,3450.0,2864.8,0.3,0.00,100.00,1,1.000,1,0.000,1,,0
772.96,772.96,UAV-5,STANDBY,READY,READY,236.2,3430.0,2868.7,0.3,0.00,100.00,1,1.000,1,0.000,1,,0
772.96,772.96,UAV-6,STANDBY,CHARGING,CHARGING,236.2,3450.0,2867.7,0.3,0.00,70.87,1,1.000,1,0.000,1,,0
773.98,773.98,UAV-1,RELAY,KILLED,LANDED,2543.6,2398.9,3388.3,0.3,0.00,82.87,0,1.000,1,0.000,1,,0
773.98,773.98,UAV-2,STANDBY,READY,READY,204.2,3450.0,2862.5,0.3,0.00,100.00,1,1.000,1,0.000,1,,0
773.98,773.98,UAV-3,STANDBY,READY,READY,220.2,3430.0,2866.2,0.3,0.00,100.00,1,1.000,1,0.000,1,,0
773.98,773.98,UAV-4,STANDBY,READY,READY,220.2,3450.0,2864.8,0.3,0.00,100.00,1,1.000,1,0.000,1,,0
773.98,773.98,UAV-5,STANDBY,READY,READY,236.2,3430.0,2868.7,0.3,0.00,100.00,1,1.000,1,0.000,1,,0
773.98,773.98,UAV-6,STANDBY,CHARGING,CHARGING,236.2,3450.0,2867.7,0.3,0.00,71.72,1,1.000,1,0.000,1,,0
775.00,775.00,UAV-1,RELAY,KILLED,LANDED,2543.6,2398.9,3388.3,0.3,0.00,82.87,0,1.000,1,0.000,1,,0
775.00,775.00,UAV-2,STANDBY,READY,READY,204.2,3450.0,2862.5,0.3,0.00,100.00,1,1.000,1,0.000,1,,0
775.00,775.00,UAV-3,STANDBY,READY,READY,220.2,3430.0,2866.2,0.3,0.00,100.00,1,1.000,1,0.000,1,,0
775.00,775.00,UAV-4,STANDBY,READY,READY,220.2,3450.0,2864.8,0.3,0.00,100.00,1,1.000,1,0.000,1,,0
775.00,775.00,UAV-5,STANDBY,READY,READY,236.2,3430.0,2868.7,0.3,0.00,100.00,1,1.000,1,0.000,1,,0
775.00,775.00,UAV-6,STANDBY,CHARGING,CHARGING,236.2,3450.0,2867.7,0.3,0.00,72.57,1,1.000,1,0.000,1,,0
776.02,776.02,UAV-1,RELAY,KILLED,LANDED,2543.6,2398.9,3388.3,0.3,0.00,82.87,0,1.000,1,0.000,1,,0
776.02,776.02,UAV-2,STANDBY,READY,READY,204.2,3450.0,2862.5,0.3,0.00,100.00,1,1.000,1,0.000,1,,0
776.02,776.02,UAV-3,STANDBY,READY,READY,220.2,3430.0,2866.2,0.3,0.00,100.00,1,1.000,1,0.000,1,,0
776.02,776.02,UAV-4,STANDBY,READY,READY,220.2,3450.0,2864.8,0.3,0.00,100.00,1,1.000,1,0.000,1,,0
776.02,776.02,UAV-5,STANDBY,READY,READY,236.2,3430.0,2868.7,0.3,0.00,100.00,1,1.000,1,0.000,1,,0
776.02,776.02,UAV-6,STANDBY,CHARGING,CHARGING,236.2,3450.0,2867.7,0.3,0.00,73.42,1,1.000,1,0.000,1,,0
777.04,777.04,UAV-1,RELAY,KILLED,LANDED,2543.6,2398.9,3388.3,0.3,0.00,82.87,0,1.000,1,0.000,1,,0
777.04,777.04,UAV-2,STANDBY,READY,READY,204.2,3450.0,2862.5,0.3,0.00,100.00,1,1.000,1,0.000,1,,0
777.04,777.04,UAV-3,STANDBY,READY,READY,220.2,3430.0,2866.2,0.3,0.00,100.00,1,1.000,1,0.000,1,,0
777.04,777.04,UAV-4,STANDBY,READY,READY,220.2,3450.0,2864.8,0.3,0.00,100.00,1,1.000,1,0.000,1,,0
777.04,777.04,UAV-5,STANDBY,READY,READY,236.2,3430.0,2868.7,0.3,0.00,100.00,1,1.000,1,0.000,1,,0
777.04,777.04,UAV-6,STANDBY,CHARGING,CHARGING,236.2,3450.0,2867.7,0.3,0.00,74.27,1,1.000,1,0.000,1,,0
778.06,778.06,UAV-1,RELAY,KILLED,LANDED,2543.6,2398.9,3388.3,0.3,0.00,82.87,0,1.000,1,0.000,1,,0
778.06,778.06,UAV-2,STANDBY,READY,READY,204.2,3450.0,2862.5,0.3,0.00,100.00,1,1.000,1,0.000,1,,0
778.06,778.06,UAV-3,STANDBY,READY,READY,220.2,3430.0,2866.2,0.3,0.00,100.00,1,1.000,1,0.000,1,,0
778.06,778.06,UAV-4,STANDBY,READY,READY,220.2,3450.0,2864.8,0.3,0.00,100.00,1,1.000,1,0.000,1,,0
778.06,778.06,UAV-5,STANDBY,READY,READY,236.2,3430.0,2868.7,0.3,0.00,100.00,1,1.000,1,0.000,1,,0
778.06,778.06,UAV-6,STANDBY,CHARGING,CHARGING,236.2,3450.0,2867.7,0.3,0.00,75.12,1,1.000,1,0.000,1,,0
779.08,779.08,UAV-1,RELAY,KILLED,LANDED,2543.6,2398.9,3388.3,0.3,0.00,82.87,0,1.000,1,0.000,1,,0
779.08,779.08,UAV-2,STANDBY,READY,READY,204.2,3450.0,2862.5,0.3,0.00,100.00,1,1.000,1,0.000,1,,0
779.08,779.08,UAV-3,STANDBY,READY,READY,220.2,3430.0,2866.2,0.3,0.00,100.00,1,1.000,1,0.000,1,,0
779.08,779.08,UAV-4,STANDBY,READY,READY,220.2,3450.0,2864.8,0.3,0.00,100.00,1,1.000,1,0.000,1,,0
779.08,779.08,UAV-5,STANDBY,READY,READY,236.2,3430.0,2868.7,0.3,0.00,100.00,1,1.000,1,0.000,1,,0
779.08,779.08,UAV-6,STANDBY,CHARGING,CHARGING,236.2,3450.0,2867.7,0.3,0.00,75.97,1,1.000,1,0.000,1,,0
780.10,780.10,UAV-1,RELAY,KILLED,LANDED,2543.6,2398.9,3388.3,0.3,0.00,82.87,0,1.000,1,0.000,1,,0
780.10,780.10,UAV-2,STANDBY,READY,READY,204.2,3450.0,2862.5,0.3,0.00,100.00,1,1.000,1,0.000,1,,0
780.10,780.10,UAV-3,STANDBY,READY,READY,220.2,3430.0,2866.2,0.3,0.00,100.00,1,1.000,1,0.000,1,,0
780.10,780.10,UAV-4,STANDBY,READY,READY,220.2,3450.0,2864.8,0.3,0.00,100.00,1,1.000,1,0.000,1,,0
780.10,780.10,UAV-5,STANDBY,READY,READY,236.2,3430.0,2868.7,0.3,0.00,100.00,1,1.000,1,0.000,1,,0
780.10,780.10,UAV-6,STANDBY,CHARGING,CHARGING,236.2,3450.0,2867.7,0.3,0.00,76.82,1,1.000,1,0.000,1,,0
781.12,781.12,UAV-1,RELAY,KILLED,LANDED,2543.6,2398.9,3388.3,0.3,0.00,82.87,0,1.000,1,0.000,1,,0
781.12,781.12,UAV-2,STANDBY,READY,READY,204.2,3450.0,2862.5,0.3,0.00,100.00,1,1.000,1,0.000,1,,0
781.12,781.12,UAV-3,STANDBY,READY,READY,220.2,3430.0,2866.2,0.3,0.00,100.00,1,1.000,1,0.000,1,,0
781.12,781.12,UAV-4,STANDBY,READY,READY,220.2,3450.0,2864.8,0.3,0.00,100.00,1,1.000,1,0.000,1,,0
781.12,781.12,UAV-5,STANDBY,READY,READY,236.2,3430.0,2868.7,0.3,0.00,100.00,1,1.000,1,0.000,1,,0
781.12,781.12,UAV-6,STANDBY,CHARGING,CHARGING,236.2,3450.0,2867.7,0.3,0.00,77.67,1,1.000,1,0.000,1,,0
782.14,782.14,UAV-1,RELAY,KILLED,LANDED,2543.6,2398.9,3388.3,0.3,0.00,82.87,0,1.000,1,0.000,1,,0
782.14,782.14,UAV-2,STANDBY,READY,READY,204.2,3450.0,2862.5,0.3,0.00,100.00,1,1.000,1,0.000,1,,0
782.14,782.14,UAV-3,STANDBY,READY,READY,220.2,3430.0,2866.2,0.3,0.00,100.00,1,1.000,1,0.000,1,,0
782.14,782.14,UAV-4,STANDBY,READY,READY,220.2,3450.0,2864.8,0.3,0.00,100.00,1,1.000,1,0.000,1,,0
782.14,782.14,UAV-5,STANDBY,READY,READY,236.2,3430.0,2868.7,0.3,0.00,100.00,1,1.000,1,0.000,1,,0
782.14,782.14,UAV-6,STANDBY,CHARGING,CHARGING,236.2,3450.0,2867.7,0.3,0.00,78.52,1,1.000,1,0.000,1,,0
783.16,783.16,UAV-1,RELAY,KILLED,LANDED,2543.6,2398.9,3388.3,0.3,0.00,82.87,0,1.000,1,0.000,1,,0
783.16,783.16,UAV-2,STANDBY,READY,READY,204.2,3450.0,2862.5,0.3,0.00,100.00,1,1.000,1,0.000,1,,0
783.16,783.16,UAV-3,STANDBY,READY,READY,220.2,3430.0,2866.2,0.3,0.00,100.00,1,1.000,1,0.000,1,,0
783.16,783.16,UAV-4,STANDBY,READY,READY,220.2,3450.0,2864.8,0.3,0.00,100.00,1,1.000,1,0.000,1,,0
783.16,783.16,UAV-5,STANDBY,READY,READY,236.2,3430.0,2868.7,0.3,0.00,100.00,1,1.000,1,0.000,1,,0
783.16,783.16,UAV-6,STANDBY,CHARGING,CHARGING,236.2,3450.0,2867.7,0.3,0.00,79.37,1,1.000,1,0.000,1,,0
784.18,784.18,UAV-1,RELAY,KILLED,LANDED,2543.6,2398.9,3388.3,0.3,0.00,82.87,0,1.000,1,0.000,1,,0
784.18,784.18,UAV-2,STANDBY,READY,READY,204.2,3450.0,2862.5,0.3,0.00,100.00,1,1.000,1,0.000,1,,0
784.18,784.18,UAV-3,STANDBY,READY,READY,220.2,3430.0,2866.2,0.3,0.00,100.00,1,1.000,1,0.000,1,,0
784.18,784.18,UAV-4,STANDBY,READY,READY,220.2,3450.0,2864.8,0.3,0.00,100.00,1,1.000,1,0.000,1,,0
784.18,784.18,UAV-5,STANDBY,READY,READY,236.2,3430.0,2868.7,0.3,0.00,100.00,1,1.000,1,0.000,1,,0
784.18,784.18,UAV-6,STANDBY,CHARGING,CHARGING,236.2,3450.0,2867.7,0.3,0.00,80.22,1,1.000,1,0.000,1,,0
785.20,785.20,UAV-1,RELAY,KILLED,LANDED,2543.6,2398.9,3388.3,0.3,0.00,82.87,0,1.000,1,0.000,1,,0
785.20,785.20,UAV-2,STANDBY,READY,READY,204.2,3450.0,2862.5,0.3,0.00,100.00,1,1.000,1,0.000,1,,0
785.20,785.20,UAV-3,STANDBY,READY,READY,220.2,3430.0,2866.2,0.3,0.00,100.00,1,1.000,1,0.000,1,,0
785.20,785.20,UAV-4,STANDBY,READY,READY,220.2,3450.0,2864.8,0.3,0.00,100.00,1,1.000,1,0.000,1,,0
785.20,785.20,UAV-5,STANDBY,READY,READY,236.2,3430.0,2868.7,0.3,0.00,100.00,1,1.000,1,0.000,1,,0
785.20,785.20,UAV-6,STANDBY,CHARGING,CHARGING,236.2,3450.0,2867.7,0.3,0.00,81.07,1,1.000,1,0.000,1,,0
786.22,786.22,UAV-1,RELAY,KILLED,LANDED,2543.6,2398.9,3388.3,0.3,0.00,82.87,0,1.000,1,0.000,1,,0
786.22,786.22,UAV-2,STANDBY,READY,READY,204.2,3450.0,2862.5,0.3,0.00,100.00,1,1.000,1,0.000,1,,0
786.22,786.22,UAV-3,STANDBY,READY,READY,220.2,3430.0,2866.2,0.3,0.00,100.00,1,1.000,1,0.000,1,,0
786.22,786.22,UAV-4,STANDBY,READY,READY,220.2,3450.0,2864.8,0.3,0.00,100.00,1,1.000,1,0.000,1,,0
786.22,786.22,UAV-5,STANDBY,READY,READY,236.2,3430.0,2868.7,0.3,0.00,100.00,1,1.000,1,0.000,1,,0
786.22,786.22,UAV-6,STANDBY,CHARGING,CHARGING,236.2,3450.0,2867.7,0.3,0.00,81.92,1,1.000,1,0.000,1,,0
787.24,787.24,UAV-1,RELAY,KILLED,LANDED,2543.6,2398.9,3388.3,0.3,0.00,82.87,0,1.000,1,0.000,1,,0
787.24,787.24,UAV-2,STANDBY,READY,READY,204.2,3450.0,2862.5,0.3,0.00,100.00,1,1.000,1,0.000,1,,0
787.24,787.24,UAV-3,STANDBY,READY,READY,220.2,3430.0,2866.2,0.3,0.00,100.00,1,1.000,1,0.000,1,,0
787.24,787.24,UAV-4,STANDBY,READY,READY,220.2,3450.0,2864.8,0.3,0.00,100.00,1,1.000,1,0.000,1,,0
787.24,787.24,UAV-5,STANDBY,READY,READY,236.2,3430.0,2868.7,0.3,0.00,100.00,1,1.000,1,0.000,1,,0
787.24,787.24,UAV-6,STANDBY,CHARGING,CHARGING,236.2,3450.0,2867.7,0.3,0.00,82.77,1,1.000,1,0.000,1,,0
788.26,788.26,UAV-1,RELAY,KILLED,LANDED,2543.6,2398.9,3388.3,0.3,0.00,82.87,0,1.000,1,0.000,1,,0
788.26,788.26,UAV-2,STANDBY,READY,READY,204.2,3450.0,2862.5,0.3,0.00,100.00,1,1.000,1,0.000,1,,0
788.26,788.26,UAV-3,STANDBY,READY,READY,220.2,3430.0,2866.2,0.3,0.00,100.00,1,1.000,1,0.000,1,,0
788.26,788.26,UAV-4,STANDBY,READY,READY,220.2,3450.0,2864.8,0.3,0.00,100.00,1,1.000,1,0.000,1,,0
788.26,788.26,UAV-5,STANDBY,READY,READY,236.2,3430.0,2868.7,0.3,0.00,100.00,1,1.000,1,0.000,1,,0
788.26,788.26,UAV-6,STANDBY,CHARGING,CHARGING,236.2,3450.0,2867.7,0.3,0.00,83.62,1,1.000,1,0.000,1,,0
789.28,789.28,UAV-1,RELAY,KILLED,LANDED,2543.6,2398.9,3388.3,0.3,0.00,82.87,0,1.000,1,0.000,1,,0
789.28,789.28,UAV-2,STANDBY,READY,READY,204.2,3450.0,2862.5,0.3,0.00,100.00,1,1.000,1,0.000,1,,0
789.28,789.28,UAV-3,STANDBY,READY,READY,220.2,3430.0,2866.2,0.3,0.00,100.00,1,1.000,1,0.000,1,,0
789.28,789.28,UAV-4,STANDBY,READY,READY,220.2,3450.0,2864.8,0.3,0.00,100.00,1,1.000,1,0.000,1,,0
789.28,789.28,UAV-5,STANDBY,READY,READY,236.2,3430.0,2868.7,0.3,0.00,100.00,1,1.000,1,0.000,1,,0
789.28,789.28,UAV-6,STANDBY,CHARGING,CHARGING,236.2,3450.0,2867.7,0.3,0.00,84.47,1,1.000,1,0.000,1,,0
790.30,790.30,UAV-1,RELAY,KILLED,LANDED,2543.6,2398.9,3388.3,0.3,0.00,82.87,0,1.000,1,0.000,1,,0
790.30,790.30,UAV-2,STANDBY,READY,READY,204.2,3450.0,2862.5,0.3,0.00,100.00,1,1.000,1,0.000,1,,0
790.30,790.30,UAV-3,STANDBY,READY,READY,220.2,3430.0,2866.2,0.3,0.00,100.00,1,1.000,1,0.000,1,,0
790.30,790.30,UAV-4,STANDBY,READY,READY,220.2,3450.0,2864.8,0.3,0.00,100.00,1,1.000,1,0.000,1,,0
790.30,790.30,UAV-5,STANDBY,READY,READY,236.2,3430.0,2868.7,0.3,0.00,100.00,1,1.000,1,0.000,1,,0
790.30,790.30,UAV-6,STANDBY,CHARGING,CHARGING,236.2,3450.0,2867.7,0.3,0.00,85.32,1,1.000,1,0.000,1,,0
791.32,791.32,UAV-1,RELAY,KILLED,LANDED,2543.6,2398.9,3388.3,0.3,0.00,82.87,0,1.000,1,0.000,1,,0
791.32,791.32,UAV-2,STANDBY,READY,READY,204.2,3450.0,2862.5,0.3,0.00,100.00,1,1.000,1,0.000,1,,0
791.32,791.32,UAV-3,STANDBY,READY,READY,220.2,3430.0,2866.2,0.3,0.00,100.00,1,1.000,1,0.000,1,,0
791.32,791.32,UAV-4,STANDBY,READY,READY,220.2,3450.0,2864.8,0.3,0.00,100.00,1,1.000,1,0.000,1,,0
791.32,791.32,UAV-5,STANDBY,READY,READY,236.2,3430.0,2868.7,0.3,0.00,100.00,1,1.000,1,0.000,1,,0
791.32,791.32,UAV-6,STANDBY,CHARGING,CHARGING,236.2,3450.0,2867.7,0.3,0.00,86.17,1,1.000,1,0.000,1,,0
792.34,792.34,UAV-1,RELAY,KILLED,LANDED,2543.6,2398.9,3388.3,0.3,0.00,82.87,0,1.000,1,0.000,1,,0
792.34,792.34,UAV-2,STANDBY,READY,READY,204.2,3450.0,2862.5,0.3,0.00,100.00,1,1.000,1,0.000,1,,0
792.34,792.34,UAV-3,STANDBY,READY,READY,220.2,3430.0,2866.2,0.3,0.00,100.00,1,1.000,1,0.000,1,,0
792.34,792.34,UAV-4,STANDBY,READY,READY,220.2,3450.0,2864.8,0.3,0.00,100.00,1,1.000,1,0.000,1,,0
792.34,792.34,UAV-5,STANDBY,READY,READY,236.2,3430.0,2868.7,0.3,0.00,100.00,1,1.000,1,0.000,1,,0
792.34,792.34,UAV-6,STANDBY,CHARGING,CHARGING,236.2,3450.0,2867.7,0.3,0.00,87.02,1,1.000,1,0.000,1,,0
793.36,793.36,UAV-1,RELAY,KILLED,LANDED,2543.6,2398.9,3388.3,0.3,0.00,82.87,0,1.000,1,0.000,1,,0
793.36,793.36,UAV-2,STANDBY,READY,READY,204.2,3450.0,2862.5,0.3,0.00,100.00,1,1.000,1,0.000,1,,0
793.36,793.36,UAV-3,STANDBY,READY,READY,220.2,3430.0,2866.2,0.3,0.00,100.00,1,1.000,1,0.000,1,,0
793.36,793.36,UAV-4,STANDBY,READY,READY,220.2,3450.0,2864.8,0.3,0.00,100.00,1,1.000,1,0.000,1,,0
793.36,793.36,UAV-5,STANDBY,READY,READY,236.2,3430.0,2868.7,0.3,0.00,100.00,1,1.000,1,0.000,1,,0
793.36,793.36,UAV-6,STANDBY,CHARGING,CHARGING,236.2,3450.0,2867.7,0.3,0.00,87.87,1,1.000,1,0.000,1,,0
794.38,794.38,UAV-1,RELAY,KILLED,LANDED,2543.6,2398.9,3388.3,0.3,0.00,82.87,0,1.000,1,0.000,1,,0
794.38,794.38,UAV-2,STANDBY,READY,READY,204.2,3450.0,2862.5,0.3,0.00,100.00,1,1.000,1,0.000,1,,0
794.38,794.38,UAV-3,STANDBY,READY,READY,220.2,3430.0,2866.2,0.3,0.00,100.00,1,1.000,1,0.000,1,,0
794.38,794.38,UAV-4,STANDBY,READY,READY,220.2,3450.0,2864.8,0.3,0.00,100.00,1,1.000,1,0.000,1,,0
794.38,794.38,UAV-5,STANDBY,READY,READY,236.2,3430.0,2868.7,0.3,0.00,100.00,1,1.000,1,0.000,1,,0
794.38,794.38,UAV-6,STANDBY,CHARGING,CHARGING,236.2,3450.0,2867.7,0.3,0.00,88.72,1,1.000,1,0.000,1,,0
795.40,795.40,UAV-1,RELAY,KILLED,LANDED,2543.6,2398.9,3388.3,0.3,0.00,82.87,0,1.000,1,0.000,1,,0
795.40,795.40,UAV-2,STANDBY,READY,READY,204.2,3450.0,2862.5,0.3,0.00,100.00,1,1.000,1,0.000,1,,0
795.40,795.40,UAV-3,STANDBY,READY,READY,220.2,3430.0,2866.2,0.3,0.00,100.00,1,1.000,1,0.000,1,,0
795.40,795.40,UAV-4,STANDBY,READY,READY,220.2,3450.0,2864.8,0.3,0.00,100.00,1,1.000,1,0.000,1,,0
795.40,795.40,UAV-5,STANDBY,READY,READY,236.2,3430.0,2868.7,0.3,0.00,100.00,1,1.000,1,0.000,1,,0
795.40,795.40,UAV-6,STANDBY,CHARGING,CHARGING,236.2,3450.0,2867.7,0.3,0.00,89.57,1,1.000,1,0.000,1,,0
796.42,796.42,UAV-1,RELAY,KILLED,LANDED,2543.6,2398.9,3388.3,0.3,0.00,82.87,0,1.000,1,0.000,1,,0
796.42,796.42,UAV-2,STANDBY,READY,READY,204.2,3450.0,2862.5,0.3,0.00,100.00,1,1.000,1,0.000,1,,0
796.42,796.42,UAV-3,STANDBY,READY,READY,220.2,3430.0,2866.2,0.3,0.00,100.00,1,1.000,1,0.000,1,,0
796.42,796.42,UAV-4,STANDBY,READY,READY,220.2,3450.0,2864.8,0.3,0.00,100.00,1,1.000,1,0.000,1,,0
796.42,796.42,UAV-5,STANDBY,READY,READY,236.2,3430.0,2868.7,0.3,0.00,100.00,1,1.000,1,0.000,1,,0
796.42,796.42,UAV-6,STANDBY,CHARGING,CHARGING,236.2,3450.0,2867.7,0.3,0.00,90.42,1,1.000,1,0.000,1,,0
797.44,797.44,UAV-1,RELAY,KILLED,LANDED,2543.6,2398.9,3388.3,0.3,0.00,82.87,0,1.000,1,0.000,1,,0
797.44,797.44,UAV-2,STANDBY,READY,READY,204.2,3450.0,2862.5,0.3,0.00,100.00,1,1.000,1,0.000,1,,0
797.44,797.44,UAV-3,STANDBY,READY,READY,220.2,3430.0,2866.2,0.3,0.00,100.00,1,1.000,1,0.000,1,,0
797.44,797.44,UAV-4,STANDBY,READY,READY,220.2,3450.0,2864.8,0.3,0.00,100.00,1,1.000,1,0.000,1,,0
797.44,797.44,UAV-5,STANDBY,READY,READY,236.2,3430.0,2868.7,0.3,0.00,100.00,1,1.000,1,0.000,1,,0
797.44,797.44,UAV-6,STANDBY,CHARGING,CHARGING,236.2,3450.0,2867.7,0.3,0.00,91.27,1,1.000,1,0.000,1,,0
798.46,798.46,UAV-1,RELAY,KILLED,LANDED,2543.6,2398.9,3388.3,0.3,0.00,82.87,0,1.000,1,0.000,1,,0
798.46,798.46,UAV-2,STANDBY,READY,READY,204.2,3450.0,2862.5,0.3,0.00,100.00,1,1.000,1,0.000,1,,0
798.46,798.46,UAV-3,STANDBY,READY,READY,220.2,3430.0,2866.2,0.3,0.00,100.00,1,1.000,1,0.000,1,,0
798.46,798.46,UAV-4,STANDBY,READY,READY,220.2,3450.0,2864.8,0.3,0.00,100.00,1,1.000,1,0.000,1,,0
798.46,798.46,UAV-5,STANDBY,READY,READY,236.2,3430.0,2868.7,0.3,0.00,100.00,1,1.000,1,0.000,1,,0
798.46,798.46,UAV-6,STANDBY,CHARGING,CHARGING,236.2,3450.0,2867.7,0.3,0.00,92.12,1,1.000,1,0.000,1,,0
799.48,799.48,UAV-1,RELAY,KILLED,LANDED,2543.6,2398.9,3388.3,0.3,0.00,82.87,0,1.000,1,0.000,1,,0
799.48,799.48,UAV-2,STANDBY,READY,READY,204.2,3450.0,2862.5,0.3,0.00,100.00,1,1.000,1,0.000,1,,0
799.48,799.48,UAV-3,STANDBY,READY,READY,220.2,3430.0,2866.2,0.3,0.00,100.00,1,1.000,1,0.000,1,,0
799.48,799.48,UAV-4,STANDBY,READY,READY,220.2,3450.0,2864.8,0.3,0.00,100.00,1,1.000,1,0.000,1,,0
799.48,799.48,UAV-5,STANDBY,READY,READY,236.2,3430.0,2868.7,0.3,0.00,100.00,1,1.000,1,0.000,1,,0
799.48,799.48,UAV-6,STANDBY,CHARGING,CHARGING,236.2,3450.0,2867.7,0.3,0.00,92.97,1,1.000,1,0.000,1,,0
800.50,800.50,UAV-1,RELAY,KILLED,LANDED,2543.6,2398.9,3388.3,0.3,0.00,82.87,0,1.000,1,0.000,1,,0
800.50,800.50,UAV-2,STANDBY,READY,READY,204.2,3450.0,2862.5,0.3,0.00,100.00,1,1.000,1,0.000,1,,0
800.50,800.50,UAV-3,STANDBY,READY,READY,220.2,3430.0,2866.2,0.3,0.00,100.00,1,1.000,1,0.000,1,,0
800.50,800.50,UAV-4,STANDBY,READY,READY,220.2,3450.0,2864.8,0.3,0.00,100.00,1,1.000,1,0.000,1,,0
800.50,800.50,UAV-5,STANDBY,READY,READY,236.2,3430.0,2868.7,0.3,0.00,100.00,1,1.000,1,0.000,1,,0
800.50,800.50,UAV-6,STANDBY,CHARGING,CHARGING,236.2,3450.0,2867.7,0.3,0.00,93.82,1,1.000,1,0.000,1,,0
801.52,801.52,UAV-1,RELAY,KILLED,LANDED,2543.6,2398.9,3388.3,0.3,0.00,82.87,0,1.000,1,0.000,1,,0
801.52,801.52,UAV-2,STANDBY,READY,READY,204.2,3450.0,2862.5,0.3,0.00,100.00,1,1.000,1,0.000,1,,0
801.52,801.52,UAV-3,STANDBY,READY,READY,220.2,3430.0,2866.2,0.3,0.00,100.00,1,1.000,1,0.000,1,,0
801.52,801.52,UAV-4,STANDBY,READY,READY,220.2,3450.0,2864.8,0.3,0.00,100.00,1,1.000,1,0.000,1,,0
801.52,801.52,UAV-5,STANDBY,READY,READY,236.2,3430.0,2868.7,0.3,0.00,100.00,1,1.000,1,0.000,1,,0
801.52,801.52,UAV-6,STANDBY,CHARGING,CHARGING,236.2,3450.0,2867.7,0.3,0.00,94.67,1,1.000,1,0.000,1,,0
802.54,802.54,UAV-1,RELAY,KILLED,LANDED,2543.6,2398.9,3388.3,0.3,0.00,82.87,0,1.000,1,0.000,1,,0
802.54,802.54,UAV-2,STANDBY,READY,READY,204.2,3450.0,2862.5,0.3,0.00,100.00,1,1.000,1,0.000,1,,0
802.54,802.54,UAV-3,STANDBY,READY,READY,220.2,3430.0,2866.2,0.3,0.00,100.00,1,1.000,1,0.000,1,,0
802.54,802.54,UAV-4,STANDBY,READY,READY,220.2,3450.0,2864.8,0.3,0.00,100.00,1,1.000,1,0.000,1,,0
802.54,802.54,UAV-5,STANDBY,READY,READY,236.2,3430.0,2868.7,0.3,0.00,100.00,1,1.000,1,0.000,1,,0
802.54,802.54,UAV-6,STANDBY,CHARGING,CHARGING,236.2,3450.0,2867.7,0.3,0.00,95.52,1,1.000,1,0.000,1,,0
803.56,803.56,UAV-1,RELAY,KILLED,LANDED,2543.6,2398.9,3388.3,0.3,0.00,82.87,0,1.000,1,0.000,1,,0
803.56,803.56,UAV-2,STANDBY,READY,READY,204.2,3450.0,2862.5,0.3,0.00,100.00,1,1.000,1,0.000,1,,0
803.56,803.56,UAV-3,STANDBY,READY,READY,220.2,3430.0,2866.2,0.3,0.00,100.00,1,1.000,1,0.000,1,,0
803.56,803.56,UAV-4,STANDBY,READY,READY,220.2,3450.0,2864.8,0.3,0.00,100.00,1,1.000,1,0.000,1,,0
803.56,803.56,UAV-5,STANDBY,READY,READY,236.2,3430.0,2868.7,0.3,0.00,100.00,1,1.000,1,0.000,1,,0
803.56,803.56,UAV-6,STANDBY,CHARGING,CHARGING,236.2,3450.0,2867.7,0.3,0.00,96.37,1,1.000,1,0.000,1,,0
804.58,804.58,UAV-1,RELAY,KILLED,LANDED,2543.6,2398.9,3388.3,0.3,0.00,82.87,0,1.000,1,0.000,1,,0
804.58,804.58,UAV-2,STANDBY,READY,READY,204.2,3450.0,2862.5,0.3,0.00,100.00,1,1.000,1,0.000,1,,0
804.58,804.58,UAV-3,STANDBY,READY,READY,220.2,3430.0,2866.2,0.3,0.00,100.00,1,1.000,1,0.000,1,,0
804.58,804.58,UAV-4,STANDBY,READY,READY,220.2,3450.0,2864.8,0.3,0.00,100.00,1,1.000,1,0.000,1,,0
804.58,804.58,UAV-5,STANDBY,READY,READY,236.2,3430.0,2868.7,0.3,0.00,100.00,1,1.000,1,0.000,1,,0
804.58,804.58,UAV-6,STANDBY,CHARGING,CHARGING,236.2,3450.0,2867.7,0.3,0.00,97.22,1,1.000,1,0.000,1,,0
805.60,805.60,UAV-1,RELAY,KILLED,LANDED,2543.6,2398.9,3388.3,0.3,0.00,82.87,0,1.000,1,0.000,1,,0
805.60,805.60,UAV-2,STANDBY,READY,READY,204.2,3450.0,2862.5,0.3,0.00,100.00,1,1.000,1,0.000,1,,0
805.60,805.60,UAV-3,STANDBY,READY,READY,220.2,3430.0,2866.2,0.3,0.00,100.00,1,1.000,1,0.000,1,,0
805.60,805.60,UAV-4,STANDBY,READY,READY,220.2,3450.0,2864.8,0.3,0.00,100.00,1,1.000,1,0.000,1,,0
805.60,805.60,UAV-5,STANDBY,READY,READY,236.2,3430.0,2868.7,0.3,0.00,100.00,1,1.000,1,0.000,1,,0
805.60,805.60,UAV-6,STANDBY,CHARGING,CHARGING,236.2,3450.0,2867.7,0.3,0.00,98.07,1,1.000,1,0.000,1,,0
806.62,806.62,UAV-1,RELAY,KILLED,LANDED,2543.6,2398.9,3388.3,0.3,0.00,82.87,0,1.000,1,0.000,1,,0
806.62,806.62,UAV-2,STANDBY,READY,READY,204.2,3450.0,2862.5,0.3,0.00,100.00,1,1.000,1,0.000,1,,0
806.62,806.62,UAV-3,STANDBY,READY,READY,220.2,3430.0,2866.2,0.3,0.00,100.00,1,1.000,1,0.000,1,,0
806.62,806.62,UAV-4,STANDBY,READY,READY,220.2,3450.0,2864.8,0.3,0.00,100.00,1,1.000,1,0.000,1,,0
806.62,806.62,UAV-5,STANDBY,READY,READY,236.2,3430.0,2868.7,0.3,0.00,100.00,1,1.000,1,0.000,1,,0
806.62,806.62,UAV-6,STANDBY,CHARGING,CHARGING,236.2,3450.0,2867.7,0.3,0.00,98.92,1,1.000,1,0.000,1,,0
807.64,807.64,UAV-1,RELAY,KILLED,LANDED,2543.6,2398.9,3388.3,0.3,0.00,82.87,0,1.000,1,0.000,1,,0
807.64,807.64,UAV-2,STANDBY,READY,READY,204.2,3450.0,2862.5,0.3,0.00,100.00,1,1.000,1,0.000,1,,0
807.64,807.64,UAV-3,STANDBY,READY,READY,220.2,3430.0,2866.2,0.3,0.00,100.00,1,1.000,1,0.000,1,,0
807.64,807.64,UAV-4,STANDBY,READY,READY,220.2,3450.0,2864.8,0.3,0.00,100.00,1,1.000,1,0.000,1,,0
807.64,807.64,UAV-5,STANDBY,READY,READY,236.2,3430.0,2868.7,0.3,0.00,100.00,1,1.000,1,0.000,1,,0
807.64,807.64,UAV-6,STANDBY,CHARGING,CHARGING,236.2,3450.0,2867.7,0.3,0.00,99.77,1,1.000,1,0.000,1,,0
808.66,808.66,UAV-1,RELAY,KILLED,LANDED,2543.6,2398.9,3388.3,0.3,0.00,82.87,0,1.000,1,0.000,1,,0
808.66,808.66,UAV-2,STANDBY,READY,READY,204.2,3450.0,2862.5,0.3,0.00,100.00,1,1.000,1,0.000,1,,0
808.66,808.66,UAV-3,STANDBY,READY,READY,220.2,3430.0,2866.2,0.3,0.00,100.00,1,1.000,1,0.000,1,,0
808.66,808.66,UAV-4,STANDBY,READY,READY,220.2,3450.0,2864.8,0.3,0.00,100.00,1,1.000,1,0.000,1,,0
808.66,808.66,UAV-5,STANDBY,READY,READY,236.2,3430.0,2868.7,0.3,0.00,100.00,1,1.000,1,0.000,1,,0
808.66,808.66,UAV-6,STANDBY,READY,READY,236.2,3450.0,2867.7,0.3,0.00,100.00,1,1.000,1,0.000,1,,0
809.68,809.68,UAV-1,RELAY,KILLED,LANDED,2543.6,2398.9,3388.3,0.3,0.00,82.87,0,1.000,1,0.000,1,,0
809.68,809.68,UAV-2,STANDBY,READY,READY,204.2,3450.0,2862.5,0.3,0.00,100.00,1,1.000,1,0.000,1,,0
809.68,809.68,UAV-3,STANDBY,READY,READY,220.2,3430.0,2866.2,0.3,0.00,100.00,1,1.000,1,0.000,1,,0
809.68,809.68,UAV-4,STANDBY,READY,READY,220.2,3450.0,2864.8,0.3,0.00,100.00,1,1.000,1,0.000,1,,0
809.68,809.68,UAV-5,STANDBY,READY,READY,236.2,3430.0,2868.7,0.3,0.00,100.00,1,1.000,1,0.000,1,,0
809.68,809.68,UAV-6,STANDBY,READY,READY,236.2,3450.0,2867.7,0.3,0.00,100.00,1,1.000,1,0.000,1,,0
810.70,810.70,UAV-1,RELAY,KILLED,LANDED,2543.6,2398.9,3388.3,0.3,0.00,82.87,0,1.000,1,0.000,1,,0
810.70,810.70,UAV-2,STANDBY,READY,READY,204.2,3450.0,2862.5,0.3,0.00,100.00,1,1.000,1,0.000,1,,0
810.70,810.70,UAV-3,STANDBY,READY,READY,220.2,3430.0,2866.2,0.3,0.00,100.00,1,1.000,1,0.000,1,,0
810.70,810.70,UAV-4,STANDBY,READY,READY,220.2,3450.0,2864.8,0.3,0.00,100.00,1,1.000,1,0.000,1,,0
810.70,810.70,UAV-5,STANDBY,READY,READY,236.2,3430.0,2868.7,0.3,0.00,100.00,1,1.000,1,0.000,1,,0
810.70,810.70,UAV-6,STANDBY,READY,READY,236.2,3450.0,2867.7,0.3,0.00,100.00,1,1.000,1,0.000,1,,0
811.72,811.72,UAV-1,RELAY,KILLED,LANDED,2543.6,2398.9,3388.3,0.3,0.00,82.87,0,1.000,1,0.000,1,,0
811.72,811.72,UAV-2,STANDBY,READY,READY,204.2,3450.0,2862.5,0.3,0.00,100.00,1,1.000,1,0.000,1,,0
811.72,811.72,UAV-3,STANDBY,READY,READY,220.2,3430.0,2866.2,0.3,0.00,100.00,1,1.000,1,0.000,1,,0
811.72,811.72,UAV-4,STANDBY,READY,READY,220.2,3450.0,2864.8,0.3,0.00,100.00,1,1.000,1,0.000,1,,0
811.72,811.72,UAV-5,STANDBY,READY,READY,236.2,3430.0,2868.7,0.3,0.00,100.00,1,1.000,1,0.000,1,,0
811.72,811.72,UAV-6,STANDBY,READY,READY,236.2,3450.0,2867.7,0.3,0.00,100.00,1,1.000,1,0.000,1,,0
812.74,812.74,UAV-1,RELAY,KILLED,LANDED,2543.6,2398.9,3388.3,0.3,0.00,82.87,0,1.000,1,0.000,1,,0
812.74,812.74,UAV-2,STANDBY,READY,READY,204.2,3450.0,2862.5,0.3,0.00,100.00,1,1.000,1,0.000,1,,0
812.74,812.74,UAV-3,STANDBY,READY,READY,220.2,3430.0,2866.2,0.3,0.00,100.00,1,1.000,1,0.000,1,,0
812.74,812.74,UAV-4,STANDBY,READY,READY,220.2,3450.0,2864.8,0.3,0.00,100.00,1,1.000,1,0.000,1,,0
812.74,812.74,UAV-5,STANDBY,READY,READY,236.2,3430.0,2868.7,0.3,0.00,100.00,1,1.000,1,0.000,1,,0
812.74,812.74,UAV-6,STANDBY,READY,READY,236.2,3450.0,2867.7,0.3,0.00,100.00,1,1.000,1,0.000,1,,0
813.76,813.76,UAV-1,RELAY,KILLED,LANDED,2543.6,2398.9,3388.3,0.3,0.00,82.87,0,1.000,1,0.000,1,,0
813.76,813.76,UAV-2,STANDBY,READY,READY,204.2,3450.0,2862.5,0.3,0.00,100.00,1,1.000,1,0.000,1,,0
813.76,813.76,UAV-3,STANDBY,READY,READY,220.2,3430.0,2866.2,0.3,0.00,100.00,1,1.000,1,0.000,1,,0
813.76,813.76,UAV-4,STANDBY,READY,READY,220.2,3450.0,2864.8,0.3,0.00,100.00,1,1.000,1,0.000,1,,0
813.76,813.76,UAV-5,STANDBY,READY,READY,236.2,3430.0,2868.7,0.3,0.00,100.00,1,1.000,1,0.000,1,,0
813.76,813.76,UAV-6,STANDBY,READY,READY,236.2,3450.0,2867.7,0.3,0.00,100.00,1,1.000,1,0.000,1,,0
814.78,814.78,UAV-1,RELAY,KILLED,LANDED,2543.6,2398.9,3388.3,0.3,0.00,82.87,0,1.000,1,0.000,1,,0
814.78,814.78,UAV-2,STANDBY,READY,READY,204.2,3450.0,2862.5,0.3,0.00,100.00,1,1.000,1,0.000,1,,0
814.78,814.78,UAV-3,STANDBY,READY,READY,220.2,3430.0,2866.2,0.3,0.00,100.00,1,1.000,1,0.000,1,,0
814.78,814.78,UAV-4,STANDBY,READY,READY,220.2,3450.0,2864.8,0.3,0.00,100.00,1,1.000,1,0.000,1,,0
814.78,814.78,UAV-5,STANDBY,READY,READY,236.2,3430.0,2868.7,0.3,0.00,100.00,1,1.000,1,0.000,1,,0
814.78,814.78,UAV-6,STANDBY,READY,READY,236.2,3450.0,2867.7,0.3,0.00,100.00,1,1.000,1,0.000,1,,0
815.80,815.80,UAV-1,RELAY,KILLED,LANDED,2543.6,2398.9,3388.3,0.3,0.00,82.87,0,1.000,1,0.000,1,,0
815.80,815.80,UAV-2,STANDBY,READY,READY,204.2,3450.0,2862.5,0.3,0.00,100.00,1,1.000,1,0.000,1,,0
815.80,815.80,UAV-3,STANDBY,READY,READY,220.2,3430.0,2866.2,0.3,0.00,100.00,1,1.000,1,0.000,1,,0
815.80,815.80,UAV-4,STANDBY,READY,READY,220.2,3450.0,2864.8,0.3,0.00,100.00,1,1.000,1,0.000,1,,0
815.80,815.80,UAV-5,STANDBY,READY,READY,236.2,3430.0,2868.7,0.3,0.00,100.00,1,1.000,1,0.000,1,,0
815.80,815.80,UAV-6,STANDBY,READY,READY,236.2,3450.0,2867.7,0.3,0.00,100.00,1,1.000,1,0.000,1,,0
816.82,816.82,UAV-1,RELAY,KILLED,LANDED,2543.6,2398.9,3388.3,0.3,0.00,82.87,0,1.000,1,0.000,1,,0
816.82,816.82,UAV-2,STANDBY,READY,READY,204.2,3450.0,2862.5,0.3,0.00,100.00,1,1.000,1,0.000,1,,0
816.82,816.82,UAV-3,STANDBY,READY,READY,220.2,3430.0,2866.2,0.3,0.00,100.00,1,1.000,1,0.000,1,,0
816.82,816.82,UAV-4,STANDBY,READY,READY,220.2,3450.0,2864.8,0.3,0.00,100.00,1,1.000,1,0.000,1,,0
816.82,816.82,UAV-5,STANDBY,READY,READY,236.2,3430.0,2868.7,0.3,0.00,100.00,1,1.000,1,0.000,1,,0
816.82,816.82,UAV-6,STANDBY,READY,READY,236.2,3450.0,2867.7,0.3,0.00,100.00,1,1.000,1,0.000,1,,0
817.84,817.84,UAV-1,RELAY,KILLED,LANDED,2543.6,2398.9,3388.3,0.3,0.00,82.87,0,1.000,1,0.000,1,,0
817.84,817.84,UAV-2,STANDBY,READY,READY,204.2,3450.0,2862.5,0.3,0.00,100.00,1,1.000,1,0.000,1,,0
817.84,817.84,UAV-3,STANDBY,READY,READY,220.2,3430.0,2866.2,0.3,0.00,100.00,1,1.000,1,0.000,1,,0
817.84,817.84,UAV-4,STANDBY,READY,READY,220.2,3450.0,2864.8,0.3,0.00,100.00,1,1.000,1,0.000,1,,0
817.84,817.84,UAV-5,STANDBY,READY,READY,236.2,3430.0,2868.7,0.3,0.00,100.00,1,1.000,1,0.000,1,,0
817.84,817.84,UAV-6,STANDBY,READY,READY,236.2,3450.0,2867.7,0.3,0.00,100.00,1,1.000,1,0.000,1,,0
818.86,818.86,UAV-1,RELAY,KILLED,LANDED,2543.6,2398.9,3388.3,0.3,0.00,82.87,0,1.000,1,0.000,1,,0
818.86,818.86,UAV-2,STANDBY,READY,READY,204.2,3450.0,2862.5,0.3,0.00,100.00,1,1.000,1,0.000,1,,0
818.86,818.86,UAV-3,STANDBY,READY,READY,220.2,3430.0,2866.2,0.3,0.00,100.00,1,1.000,1,0.000,1,,0
818.86,818.86,UAV-4,STANDBY,READY,READY,220.2,3450.0,2864.8,0.3,0.00,100.00,1,1.000,1,0.000,1,,0
818.86,818.86,UAV-5,STANDBY,READY,READY,236.2,3430.0,2868.7,0.3,0.00,100.00,1,1.000,1,0.000,1,,0
818.86,818.86,UAV-6,STANDBY,READY,READY,236.2,3450.0,2867.7,0.3,0.00,100.00,1,1.000,1,0.000,1,,0
819.88,819.88,UAV-1,RELAY,KILLED,LANDED,2543.6,2398.9,3388.3,0.3,0.00,82.87,0,1.000,1,0.000,1,,0
819.88,819.88,UAV-2,STANDBY,READY,READY,204.2,3450.0,2862.5,0.3,0.00,100.00,1,1.000,1,0.000,1,,0
819.88,819.88,UAV-3,STANDBY,READY,READY,220.2,3430.0,2866.2,0.3,0.00,100.00,1,1.000,1,0.000,1,,0
819.88,819.88,UAV-4,STANDBY,READY,READY,220.2,3450.0,2864.8,0.3,0.00,100.00,1,1.000,1,0.000,1,,0
819.88,819.88,UAV-5,STANDBY,READY,READY,236.2,3430.0,2868.7,0.3,0.00,100.00,1,1.000,1,0.000,1,,0
819.88,819.88,UAV-6,STANDBY,READY,READY,236.2,3450.0,2867.7,0.3,0.00,100.00,1,1.000,1,0.000,1,,0
820.90,820.90,UAV-1,RELAY,KILLED,LANDED,2543.6,2398.9,3388.3,0.3,0.00,82.87,0,1.000,1,0.000,1,,0
820.90,820.90,UAV-2,STANDBY,READY,READY,204.2,3450.0,2862.5,0.3,0.00,100.00,1,1.000,1,0.000,1,,0
820.90,820.90,UAV-3,STANDBY,READY,READY,220.2,3430.0,2866.2,0.3,0.00,100.00,1,1.000,1,0.000,1,,0
820.90,820.90,UAV-4,STANDBY,READY,READY,220.2,3450.0,2864.8,0.3,0.00,100.00,1,1.000,1,0.000,1,,0
820.90,820.90,UAV-5,STANDBY,READY,READY,236.2,3430.0,2868.7,0.3,0.00,100.00,1,1.000,1,0.000,1,,0
820.90,820.90,UAV-6,STANDBY,READY,READY,236.2,3450.0,2867.7,0.3,0.00,100.00,1,1.000,1,0.000,1,,0
821.92,821.92,UAV-1,RELAY,KILLED,LANDED,2543.6,2398.9,3388.3,0.3,0.00,82.87,0,1.000,1,0.000,1,,0
821.92,821.92,UAV-2,STANDBY,READY,READY,204.2,3450.0,2862.5,0.3,0.00,100.00,1,1.000,1,0.000,1,,0
821.92,821.92,UAV-3,STANDBY,READY,READY,220.2,3430.0,2866.2,0.3,0.00,100.00,1,1.000,1,0.000,1,,0
821.92,821.92,UAV-4,STANDBY,READY,READY,220.2,3450.0,2864.8,0.3,0.00,100.00,1,1.000,1,0.000,1,,0
821.92,821.92,UAV-5,STANDBY,READY,READY,236.2,3430.0,2868.7,0.3,0.00,100.00,1,1.000,1,0.000,1,,0
821.92,821.92,UAV-6,STANDBY,READY,READY,236.2,3450.0,2867.7,0.3,0.00,100.00,1,1.000,1,0.000,1,,0
822.94,822.94,UAV-1,RELAY,KILLED,LANDED,2543.6,2398.9,3388.3,0.3,0.00,82.87,0,1.000,1,0.000,1,,0
822.94,822.94,UAV-2,STANDBY,READY,READY,204.2,3450.0,2862.5,0.3,0.00,100.00,1,1.000,1,0.000,1,,0
822.94,822.94,UAV-3,STANDBY,READY,READY,220.2,3430.0,2866.2,0.3,0.00,100.00,1,1.000,1,0.000,1,,0
822.94,822.94,UAV-4,STANDBY,READY,READY,220.2,3450.0,2864.8,0.3,0.00,100.00,1,1.000,1,0.000,1,,0
822.94,822.94,UAV-5,STANDBY,READY,READY,236.2,3430.0,2868.7,0.3,0.00,100.00,1,1.000,1,0.000,1,,0
822.94,822.94,UAV-6,STANDBY,READY,READY,236.2,3450.0,2867.7,0.3,0.00,100.00,1,1.000,1,0.000,1,,0
823.96,823.96,UAV-1,RELAY,KILLED,LANDED,2543.6,2398.9,3388.3,0.3,0.00,82.87,0,1.000,1,0.000,1,,0
823.96,823.96,UAV-2,STANDBY,READY,READY,204.2,3450.0,2862.5,0.3,0.00,100.00,1,1.000,1,0.000,1,,0
823.96,823.96,UAV-3,STANDBY,READY,READY,220.2,3430.0,2866.2,0.3,0.00,100.00,1,1.000,1,0.000,1,,0
823.96,823.96,UAV-4,STANDBY,READY,READY,220.2,3450.0,2864.8,0.3,0.00,100.00,1,1.000,1,0.000,1,,0
823.96,823.96,UAV-5,STANDBY,READY,READY,236.2,3430.0,2868.7,0.3,0.00,100.00,1,1.000,1,0.000,1,,0
823.96,823.96,UAV-6,STANDBY,READY,READY,236.2,3450.0,2867.7,0.3,0.00,100.00,1,1.000,1,0.000,1,,0
824.98,824.98,UAV-1,RELAY,KILLED,LANDED,2543.6,2398.9,3388.3,0.3,0.00,82.87,0,1.000,1,0.000,1,,0
824.98,824.98,UAV-2,STANDBY,READY,READY,204.2,3450.0,2862.5,0.3,0.00,100.00,1,1.000,1,0.000,1,,0
824.98,824.98,UAV-3,STANDBY,READY,READY,220.2,3430.0,2866.2,0.3,0.00,100.00,1,1.000,1,0.000,1,,0
824.98,824.98,UAV-4,STANDBY,READY,READY,220.2,3450.0,2864.8,0.3,0.00,100.00,1,1.000,1,0.000,1,,0
824.98,824.98,UAV-5,STANDBY,READY,READY,236.2,3430.0,2868.7,0.3,0.00,100.00,1,1.000,1,0.000,1,,0
824.98,824.98,UAV-6,STANDBY,READY,READY,236.2,3450.0,2867.7,0.3,0.00,100.00,1,1.000,1,0.000,1,,0
826.00,826.00,UAV-1,RELAY,KILLED,LANDED,2543.6,2398.9,3388.3,0.3,0.00,82.87,0,1.000,1,0.000,1,,0
826.00,826.00,UAV-2,STANDBY,READY,READY,204.2,3450.0,2862.5,0.3,0.00,100.00,1,1.000,1,0.000,1,,0
826.00,826.00,UAV-3,STANDBY,READY,READY,220.2,3430.0,2866.2,0.3,0.00,100.00,1,1.000,1,0.000,1,,0
826.00,826.00,UAV-4,STANDBY,READY,READY,220.2,3450.0,2864.8,0.3,0.00,100.00,1,1.000,1,0.000,1,,0
826.00,826.00,UAV-5,STANDBY,READY,READY,236.2,3430.0,2868.7,0.3,0.00,100.00,1,1.000,1,0.000,1,,0
826.00,826.00,UAV-6,STANDBY,READY,READY,236.2,3450.0,2867.7,0.3,0.00,100.00,1,1.000,1,0.000,1,,0
827.02,827.02,UAV-1,RELAY,KILLED,LANDED,2543.6,2398.9,3388.3,0.3,0.00,82.87,0,1.000,1,0.000,1,,0
827.02,827.02,UAV-2,STANDBY,READY,READY,204.2,3450.0,2862.5,0.3,0.00,100.00,1,1.000,1,0.000,1,,0
827.02,827.02,UAV-3,STANDBY,READY,READY,220.2,3430.0,2866.2,0.3,0.00,100.00,1,1.000,1,0.000,1,,0
827.02,827.02,UAV-4,STANDBY,READY,READY,220.2,3450.0,2864.8,0.3,0.00,100.00,1,1.000,1,0.000,1,,0
827.02,827.02,UAV-5,STANDBY,READY,READY,236.2,3430.0,2868.7,0.3,0.00,100.00,1,1.000,1,0.000,1,,0
827.02,827.02,UAV-6,STANDBY,READY,READY,236.2,3450.0,2867.7,0.3,0.00,100.00,1,1.000,1,0.000,1,,0
828.04,828.04,UAV-1,RELAY,KILLED,LANDED,2543.6,2398.9,3388.3,0.3,0.00,82.87,0,1.000,1,0.000,1,,0
828.04,828.04,UAV-2,STANDBY,READY,READY,204.2,3450.0,2862.5,0.3,0.00,100.00,1,1.000,1,0.000,1,,0
828.04,828.04,UAV-3,STANDBY,READY,READY,220.2,3430.0,2866.2,0.3,0.00,100.00,1,1.000,1,0.000,1,,0
828.04,828.04,UAV-4,STANDBY,READY,READY,220.2,3450.0,2864.8,0.3,0.00,100.00,1,1.000,1,0.000,1,,0
828.04,828.04,UAV-5,STANDBY,READY,READY,236.2,3430.0,2868.7,0.3,0.00,100.00,1,1.000,1,0.000,1,,0
828.04,828.04,UAV-6,STANDBY,READY,READY,236.2,3450.0,2867.7,0.3,0.00,100.00,1,1.000,1,0.000,1,,0
829.06,829.06,UAV-1,RELAY,KILLED,LANDED,2543.6,2398.9,3388.3,0.3,0.00,82.87,0,1.000,1,0.000,1,,0
829.06,829.06,UAV-2,STANDBY,READY,READY,204.2,3450.0,2862.5,0.3,0.00,100.00,1,1.000,1,0.000,1,,0
829.06,829.06,UAV-3,STANDBY,READY,READY,220.2,3430.0,2866.2,0.3,0.00,100.00,1,1.000,1,0.000,1,,0
829.06,829.06,UAV-4,STANDBY,READY,READY,220.2,3450.0,2864.8,0.3,0.00,100.00,1,1.000,1,0.000,1,,0
829.06,829.06,UAV-5,STANDBY,READY,READY,236.2,3430.0,2868.7,0.3,0.00,100.00,1,1.000,1,0.000,1,,0
829.06,829.06,UAV-6,STANDBY,READY,READY,236.2,3450.0,2867.7,0.3,0.00,100.00,1,1.000,1,0.000,1,,0
830.08,830.08,UAV-1,RELAY,KILLED,LANDED,2543.6,2398.9,3388.3,0.3,0.00,82.87,0,1.000,1,0.000,1,,0
830.08,830.08,UAV-2,STANDBY,READY,READY,204.2,3450.0,2862.5,0.3,0.00,100.00,1,1.000,1,0.000,1,,0
830.08,830.08,UAV-3,STANDBY,READY,READY,220.2,3430.0,2866.2,0.3,0.00,100.00,1,1.000,1,0.000,1,,0
830.08,830.08,UAV-4,STANDBY,READY,READY,220.2,3450.0,2864.8,0.3,0.00,100.00,1,1.000,1,0.000,1,,0
830.08,830.08,UAV-5,STANDBY,READY,READY,236.2,3430.0,2868.7,0.3,0.00,100.00,1,1.000,1,0.000,1,,0
830.08,830.08,UAV-6,STANDBY,READY,READY,236.2,3450.0,2867.7,0.3,0.00,100.00,1,1.000,1,0.000,1,,0
831.10,831.10,UAV-1,RELAY,KILLED,LANDED,2543.6,2398.9,3388.3,0.3,0.00,82.87,0,1.000,1,0.000,1,,0
831.10,831.10,UAV-2,STANDBY,READY,READY,204.2,3450.0,2862.5,0.3,0.00,100.00,1,1.000,1,0.000,1,,0
831.10,831.10,UAV-3,STANDBY,READY,READY,220.2,3430.0,2866.2,0.3,0.00,100.00,1,1.000,1,0.000,1,,0
831.10,831.10,UAV-4,STANDBY,READY,READY,220.2,3450.0,2864.8,0.3,0.00,100.00,1,1.000,1,0.000,1,,0
831.10,831.10,UAV-5,STANDBY,READY,READY,236.2,3430.0,2868.7,0.3,0.00,100.00,1,1.000,1,0.000,1,,0
831.10,831.10,UAV-6,STANDBY,READY,READY,236.2,3450.0,2867.7,0.3,0.00,100.00,1,1.000,1,0.000,1,,0
832.12,832.12,UAV-1,RELAY,KILLED,LANDED,2543.6,2398.9,3388.3,0.3,0.00,82.87,0,1.000,1,0.000,1,,0
832.12,832.12,UAV-2,STANDBY,READY,READY,204.2,3450.0,2862.5,0.3,0.00,100.00,1,1.000,1,0.000,1,,0
832.12,832.12,UAV-3,STANDBY,READY,READY,220.2,3430.0,2866.2,0.3,0.00,100.00,1,1.000,1,0.000,1,,0
832.12,832.12,UAV-4,STANDBY,READY,READY,220.2,3450.0,2864.8,0.3,0.00,100.00,1,1.000,1,0.000,1,,0
832.12,832.12,UAV-5,STANDBY,READY,READY,236.2,3430.0,2868.7,0.3,0.00,100.00,1,1.000,1,0.000,1,,0
832.12,832.12,UAV-6,STANDBY,READY,READY,236.2,3450.0,2867.7,0.3,0.00,100.00,1,1.000,1,0.000,1,,0
833.14,833.14,UAV-1,RELAY,KILLED,LANDED,2543.6,2398.9,3388.3,0.3,0.00,82.87,0,1.000,1,0.000,1,,0
833.14,833.14,UAV-2,STANDBY,READY,READY,204.2,3450.0,2862.5,0.3,0.00,100.00,1,1.000,1,0.000,1,,0
833.14,833.14,UAV-3,STANDBY,READY,READY,220.2,3430.0,2866.2,0.3,0.00,100.00,1,1.000,1,0.000,1,,0
833.14,833.14,UAV-4,STANDBY,READY,READY,220.2,3450.0,2864.8,0.3,0.00,100.00,1,1.000,1,0.000,1,,0
833.14,833.14,UAV-5,STANDBY,READY,READY,236.2,3430.0,2868.7,0.3,0.00,100.00,1,1.000,1,0.000,1,,0
833.14,833.14,UAV-6,STANDBY,READY,READY,236.2,3450.0,2867.7,0.3,0.00,100.00,1,1.000,1,0.000,1,,0
834.16,834.16,UAV-1,RELAY,KILLED,LANDED,2543.6,2398.9,3388.3,0.3,0.00,82.87,0,1.000,1,0.000,1,,0
834.16,834.16,UAV-2,STANDBY,READY,READY,204.2,3450.0,2862.5,0.3,0.00,100.00,1,1.000,1,0.000,1,,0
834.16,834.16,UAV-3,STANDBY,READY,READY,220.2,3430.0,2866.2,0.3,0.00,100.00,1,1.000,1,0.000,1,,0
834.16,834.16,UAV-4,STANDBY,READY,READY,220.2,3450.0,2864.8,0.3,0.00,100.00,1,1.000,1,0.000,1,,0
834.16,834.16,UAV-5,STANDBY,READY,READY,236.2,3430.0,2868.7,0.3,0.00,100.00,1,1.000,1,0.000,1,,0
834.16,834.16,UAV-6,STANDBY,READY,READY,236.2,3450.0,2867.7,0.3,0.00,100.00,1,1.000,1,0.000,1,,0
835.18,835.18,UAV-1,RELAY,KILLED,LANDED,2543.6,2398.9,3388.3,0.3,0.00,82.87,0,1.000,1,0.000,1,,0
835.18,835.18,UAV-2,STANDBY,READY,READY,204.2,3450.0,2862.5,0.3,0.00,100.00,1,1.000,1,0.000,1,,0
835.18,835.18,UAV-3,STANDBY,READY,READY,220.2,3430.0,2866.2,0.3,0.00,100.00,1,1.000,1,0.000,1,,0
835.18,835.18,UAV-4,STANDBY,READY,READY,220.2,3450.0,2864.8,0.3,0.00,100.00,1,1.000,1,0.000,1,,0
835.18,835.18,UAV-5,STANDBY,READY,READY,236.2,3430.0,2868.7,0.3,0.00,100.00,1,1.000,1,0.000,1,,0
835.18,835.18,UAV-6,STANDBY,READY,READY,236.2,3450.0,2867.7,0.3,0.00,100.00,1,1.000,1,0.000,1,,0
836.20,836.20,UAV-1,RELAY,KILLED,LANDED,2543.6,2398.9,3388.3,0.3,0.00,82.87,0,1.000,1,0.000,1,,0
836.20,836.20,UAV-2,STANDBY,READY,READY,204.2,3450.0,2862.5,0.3,0.00,100.00,1,1.000,1,0.000,1,,0
836.20,836.20,UAV-3,STANDBY,READY,READY,220.2,3430.0,2866.2,0.3,0.00,100.00,1,1.000,1,0.000,1,,0
836.20,836.20,UAV-4,STANDBY,READY,READY,220.2,3450.0,2864.8,0.3,0.00,100.00,1,1.000,1,0.000,1,,0
836.20,836.20,UAV-5,STANDBY,READY,READY,236.2,3430.0,2868.7,0.3,0.00,100.00,1,1.000,1,0.000,1,,0
836.20,836.20,UAV-6,STANDBY,READY,READY,236.2,3450.0,2867.7,0.3,0.00,100.00,1,1.000,1,0.000,1,,0
837.22,837.22,UAV-1,RELAY,KILLED,LANDED,2543.6,2398.9,3388.3,0.3,0.00,82.87,0,1.000,1,0.000,1,,0
837.22,837.22,UAV-2,STANDBY,READY,READY,204.2,3450.0,2862.5,0.3,0.00,100.00,1,1.000,1,0.000,1,,0
837.22,837.22,UAV-3,STANDBY,READY,READY,220.2,3430.0,2866.2,0.3,0.00,100.00,1,1.000,1,0.000,1,,0
837.22,837.22,UAV-4,STANDBY,READY,READY,220.2,3450.0,2864.8,0.3,0.00,100.00,1,1.000,1,0.000,1,,0
837.22,837.22,UAV-5,STANDBY,READY,READY,236.2,3430.0,2868.7,0.3,0.00,100.00,1,1.000,1,0.000,1,,0
837.22,837.22,UAV-6,STANDBY,READY,READY,236.2,3450.0,2867.7,0.3,0.00,100.00,1,1.000,1,0.000,1,,0
838.24,838.24,UAV-1,RELAY,KILLED,LANDED,2543.6,2398.9,3388.3,0.3,0.00,82.87,0,1.000,1,0.000,1,,0
838.24,838.24,UAV-2,STANDBY,READY,READY,204.2,3450.0,2862.5,0.3,0.00,100.00,1,1.000,1,0.000,1,,0
838.24,838.24,UAV-3,STANDBY,READY,READY,220.2,3430.0,2866.2,0.3,0.00,100.00,1,1.000,1,0.000,1,,0
838.24,838.24,UAV-4,STANDBY,READY,READY,220.2,3450.0,2864.8,0.3,0.00,100.00,1,1.000,1,0.000,1,,0
838.24,838.24,UAV-5,STANDBY,READY,READY,236.2,3430.0,2868.7,0.3,0.00,100.00,1,1.000,1,0.000,1,,0
838.24,838.24,UAV-6,STANDBY,READY,READY,236.2,3450.0,2867.7,0.3,0.00,100.00,1,1.000,1,0.000,1,,0
839.26,839.26,UAV-1,RELAY,KILLED,LANDED,2543.6,2398.9,3388.3,0.3,0.00,82.87,0,1.000,1,0.000,1,,0
839.26,839.26,UAV-2,STANDBY,READY,READY,204.2,3450.0,2862.5,0.3,0.00,100.00,1,1.000,1,0.000,1,,0
839.26,839.26,UAV-3,STANDBY,READY,READY,220.2,3430.0,2866.2,0.3,0.00,100.00,1,1.000,1,0.000,1,,0
839.26,839.26,UAV-4,STANDBY,READY,READY,220.2,3450.0,2864.8,0.3,0.00,100.00,1,1.000,1,0.000,1,,0
839.26,839.26,UAV-5,STANDBY,READY,READY,236.2,3430.0,2868.7,0.3,0.00,100.00,1,1.000,1,0.000,1,,0
839.26,839.26,UAV-6,STANDBY,READY,READY,236.2,3450.0,2867.7,0.3,0.00,100.00,1,1.000,1,0.000,1,,0
840.28,840.28,UAV-1,RELAY,KILLED,LANDED,2543.6,2398.9,3388.3,0.3,0.00,82.87,0,1.000,1,0.000,1,,0
840.28,840.28,UAV-2,STANDBY,READY,READY,204.2,3450.0,2862.5,0.3,0.00,100.00,1,1.000,1,0.000,1,,0
840.28,840.28,UAV-3,STANDBY,READY,READY,220.2,3430.0,2866.2,0.3,0.00,100.00,1,1.000,1,0.000,1,,0
840.28,840.28,UAV-4,STANDBY,READY,READY,220.2,3450.0,2864.8,0.3,0.00,100.00,1,1.000,1,0.000,1,,0
840.28,840.28,UAV-5,STANDBY,READY,READY,236.2,3430.0,2868.7,0.3,0.00,100.00,1,1.000,1,0.000,1,,0
840.28,840.28,UAV-6,STANDBY,READY,READY,236.2,3450.0,2867.7,0.3,0.00,100.00,1,1.000,1,0.000,1,,0
841.30,841.30,UAV-1,RELAY,KILLED,LANDED,2543.6,2398.9,3388.3,0.3,0.00,82.87,0,1.000,1,0.000,1,,0
841.30,841.30,UAV-2,STANDBY,READY,READY,204.2,3450.0,2862.5,0.3,0.00,100.00,1,1.000,1,0.000,1,,0
841.30,841.30,UAV-3,STANDBY,READY,READY,220.2,3430.0,2866.2,0.3,0.00,100.00,1,1.000,1,0.000,1,,0
841.30,841.30,UAV-4,STANDBY,READY,READY,220.2,3450.0,2864.8,0.3,0.00,100.00,1,1.000,1,0.000,1,,0
841.30,841.30,UAV-5,STANDBY,READY,READY,236.2,3430.0,2868.7,0.3,0.00,100.00,1,1.000,1,0.000,1,,0
841.30,841.30,UAV-6,STANDBY,READY,READY,236.2,3450.0,2867.7,0.3,0.00,100.00,1,1.000,1,0.000,1,,0
842.32,842.32,UAV-1,RELAY,KILLED,LANDED,2543.6,2398.9,3388.3,0.3,0.00,82.87,0,1.000,1,0.000,1,,0
842.32,842.32,UAV-2,STANDBY,READY,READY,204.2,3450.0,2862.5,0.3,0.00,100.00,1,1.000,1,0.000,1,,0
842.32,842.32,UAV-3,STANDBY,READY,READY,220.2,3430.0,2866.2,0.3,0.00,100.00,1,1.000,1,0.000,1,,0
842.32,842.32,UAV-4,STANDBY,READY,READY,220.2,3450.0,2864.8,0.3,0.00,100.00,1,1.000,1,0.000,1,,0
842.32,842.32,UAV-5,STANDBY,READY,READY,236.2,3430.0,2868.7,0.3,0.00,100.00,1,1.000,1,0.000,1,,0
842.32,842.32,UAV-6,STANDBY,READY,READY,236.2,3450.0,2867.7,0.3,0.00,100.00,1,1.000,1,0.000,1,,0
843.34,843.34,UAV-1,RELAY,KILLED,LANDED,2543.6,2398.9,3388.3,0.3,0.00,82.87,0,1.000,1,0.000,1,,0
843.34,843.34,UAV-2,STANDBY,READY,READY,204.2,3450.0,2862.5,0.3,0.00,100.00,1,1.000,1,0.000,1,,0
843.34,843.34,UAV-3,STANDBY,READY,READY,220.2,3430.0,2866.2,0.3,0.00,100.00,1,1.000,1,0.000,1,,0
843.34,843.34,UAV-4,STANDBY,READY,READY,220.2,3450.0,2864.8,0.3,0.00,100.00,1,1.000,1,0.000,1,,0
843.34,843.34,UAV-5,STANDBY,READY,READY,236.2,3430.0,2868.7,0.3,0.00,100.00,1,1.000,1,0.000,1,,0
843.34,843.34,UAV-6,STANDBY,READY,READY,236.2,3450.0,2867.7,0.3,0.00,100.00,1,1.000,1,0.000,1,,0
844.36,844.36,UAV-1,RELAY,KILLED,LANDED,2543.6,2398.9,3388.3,0.3,0.00,82.87,0,1.000,1,0.000,1,,0
844.36,844.36,UAV-2,STANDBY,READY,READY,204.2,3450.0,2862.5,0.3,0.00,100.00,1,1.000,1,0.000,1,,0
844.36,844.36,UAV-3,STANDBY,READY,READY,220.2,3430.0,2866.2,0.3,0.00,100.00,1,1.000,1,0.000,1,,0
844.36,844.36,UAV-4,STANDBY,READY,READY,220.2,3450.0,2864.8,0.3,0.00,100.00,1,1.000,1,0.000,1,,0
844.36,844.36,UAV-5,STANDBY,READY,READY,236.2,3430.0,2868.7,0.3,0.00,100.00,1,1.000,1,0.000,1,,0
844.36,844.36,UAV-6,STANDBY,READY,READY,236.2,3450.0,2867.7,0.3,0.00,100.00,1,1.000,1,0.000,1,,0
845.38,845.38,UAV-1,RELAY,KILLED,LANDED,2543.6,2398.9,3388.3,0.3,0.00,82.87,0,1.000,1,0.000,1,,0
845.38,845.38,UAV-2,STANDBY,READY,READY,204.2,3450.0,2862.5,0.3,0.00,100.00,1,1.000,1,0.000,1,,0
845.38,845.38,UAV-3,STANDBY,READY,READY,220.2,3430.0,2866.2,0.3,0.00,100.00,1,1.000,1,0.000,1,,0
845.38,845.38,UAV-4,STANDBY,READY,READY,220.2,3450.0,2864.8,0.3,0.00,100.00,1,1.000,1,0.000,1,,0
845.38,845.38,UAV-5,STANDBY,READY,READY,236.2,3430.0,2868.7,0.3,0.00,100.00,1,1.000,1,0.000,1,,0
845.38,845.38,UAV-6,STANDBY,READY,READY,236.2,3450.0,2867.7,0.3,0.00,100.00,1,1.000,1,0.000,1,,0
846.40,846.40,UAV-1,RELAY,KILLED,LANDED,2543.6,2398.9,3388.3,0.3,0.00,82.87,0,1.000,1,0.000,1,,0
846.40,846.40,UAV-2,STANDBY,READY,READY,204.2,3450.0,2862.5,0.3,0.00,100.00,1,1.000,1,0.000,1,,0
846.40,846.40,UAV-3,STANDBY,READY,READY,220.2,3430.0,2866.2,0.3,0.00,100.00,1,1.000,1,0.000,1,,0
846.40,846.40,UAV-4,STANDBY,READY,READY,220.2,3450.0,2864.8,0.3,0.00,100.00,1,1.000,1,0.000,1,,0
846.40,846.40,UAV-5,STANDBY,READY,READY,236.2,3430.0,2868.7,0.3,0.00,100.00,1,1.000,1,0.000,1,,0
846.40,846.40,UAV-6,STANDBY,READY,READY,236.2,3450.0,2867.7,0.3,0.00,100.00,1,1.000,1,0.000,1,,0
847.42,847.42,UAV-1,RELAY,KILLED,LANDED,2543.6,2398.9,3388.3,0.3,0.00,82.87,0,1.000,1,0.000,1,,0
847.42,847.42,UAV-2,STANDBY,READY,READY,204.2,3450.0,2862.5,0.3,0.00,100.00,1,1.000,1,0.000,1,,0
847.42,847.42,UAV-3,STANDBY,READY,READY,220.2,3430.0,2866.2,0.3,0.00,100.00,1,1.000,1,0.000,1,,0
847.42,847.42,UAV-4,STANDBY,READY,READY,220.2,3450.0,2864.8,0.3,0.00,100.00,1,1.000,1,0.000,1,,0
847.42,847.42,UAV-5,STANDBY,READY,READY,236.2,3430.0,2868.7,0.3,0.00,100.00,1,1.000,1,0.000,1,,0
847.42,847.42,UAV-6,STANDBY,READY,READY,236.2,3450.0,2867.7,0.3,0.00,100.00,1,1.000,1,0.000,1,,0
848.44,848.44,UAV-1,RELAY,KILLED,LANDED,2543.6,2398.9,3388.3,0.3,0.00,82.87,0,1.000,1,0.000,1,,0
848.44,848.44,UAV-2,STANDBY,READY,READY,204.2,3450.0,2862.5,0.3,0.00,100.00,1,1.000,1,0.000,1,,0
848.44,848.44,UAV-3,STANDBY,READY,READY,220.2,3430.0,2866.2,0.3,0.00,100.00,1,1.000,1,0.000,1,,0
848.44,848.44,UAV-4,STANDBY,READY,READY,220.2,3450.0,2864.8,0.3,0.00,100.00,1,1.000,1,0.000,1,,0
848.44,848.44,UAV-5,STANDBY,READY,READY,236.2,3430.0,2868.7,0.3,0.00,100.00,1,1.000,1,0.000,1,,0
848.44,848.44,UAV-6,STANDBY,READY,READY,236.2,3450.0,2867.7,0.3,0.00,100.00,1,1.000,1,0.000,1,,0
849.46,849.46,UAV-1,RELAY,KILLED,LANDED,2543.6,2398.9,3388.3,0.3,0.00,82.87,0,1.000,1,0.000,1,,0
849.46,849.46,UAV-2,STANDBY,READY,READY,204.2,3450.0,2862.5,0.3,0.00,100.00,1,1.000,1,0.000,1,,0
849.46,849.46,UAV-3,STANDBY,READY,READY,220.2,3430.0,2866.2,0.3,0.00,100.00,1,1.000,1,0.000,1,,0
849.46,849.46,UAV-4,STANDBY,READY,READY,220.2,3450.0,2864.8,0.3,0.00,100.00,1,1.000,1,0.000,1,,0
849.46,849.46,UAV-5,STANDBY,READY,READY,236.2,3430.0,2868.7,0.3,0.00,100.00,1,1.000,1,0.000,1,,0
849.46,849.46,UAV-6,STANDBY,READY,READY,236.2,3450.0,2867.7,0.3,0.00,100.00,1,1.000,1,0.000,1,,0
850.48,850.48,UAV-1,RELAY,KILLED,LANDED,2543.6,2398.9,3388.3,0.3,0.00,82.87,0,1.000,1,0.000,1,,0
850.48,850.48,UAV-2,STANDBY,READY,READY,204.2,3450.0,2862.5,0.3,0.00,100.00,1,1.000,1,0.000,1,,0
850.48,850.48,UAV-3,STANDBY,READY,READY,220.2,3430.0,2866.2,0.3,0.00,100.00,1,1.000,1,0.000,1,,0
850.48,850.48,UAV-4,STANDBY,READY,READY,220.2,3450.0,2864.8,0.3,0.00,100.00,1,1.000,1,0.000,1,,0
850.48,850.48,UAV-5,STANDBY,READY,READY,236.2,3430.0,2868.7,0.3,0.00,100.00,1,1.000,1,0.000,1,,0
850.48,850.48,UAV-6,STANDBY,READY,READY,236.2,3450.0,2867.7,0.3,0.00,100.00,1,1.000,1,0.000,1,,0
851.50,851.50,UAV-1,RELAY,KILLED,LANDED,2543.6,2398.9,3388.3,0.3,0.00,82.87,0,1.000,1,0.000,1,,0
851.50,851.50,UAV-2,STANDBY,READY,READY,204.2,3450.0,2862.5,0.3,0.00,100.00,1,1.000,1,0.000,1,,0
851.50,851.50,UAV-3,STANDBY,READY,READY,220.2,3430.0,2866.2,0.3,0.00,100.00,1,1.000,1,0.000,1,,0
851.50,851.50,UAV-4,STANDBY,READY,READY,220.2,3450.0,2864.8,0.3,0.00,100.00,1,1.000,1,0.000,1,,0
851.50,851.50,UAV-5,STANDBY,READY,READY,236.2,3430.0,2868.7,0.3,0.00,100.00,1,1.000,1,0.000,1,,0
851.50,851.50,UAV-6,STANDBY,READY,READY,236.2,3450.0,2867.7,0.3,0.00,100.00,1,1.000,1,0.000,1,,0
852.52,852.52,UAV-1,RELAY,KILLED,LANDED,2543.6,2398.9,3388.3,0.3,0.00,82.87,0,1.000,1,0.000,1,,0
852.52,852.52,UAV-2,STANDBY,READY,READY,204.2,3450.0,2862.5,0.3,0.00,100.00,1,1.000,1,0.000,1,,0
852.52,852.52,UAV-3,STANDBY,READY,READY,220.2,3430.0,2866.2,0.3,0.00,100.00,1,1.000,1,0.000,1,,0
852.52,852.52,UAV-4,STANDBY,READY,READY,220.2,3450.0,2864.8,0.3,0.00,100.00,1,1.000,1,0.000,1,,0
852.52,852.52,UAV-5,STANDBY,READY,READY,236.2,3430.0,2868.7,0.3,0.00,100.00,1,1.000,1,0.000,1,,0
852.52,852.52,UAV-6,STANDBY,READY,READY,236.2,3450.0,2867.7,0.3,0.00,100.00,1,1.000,1,0.000,1,,0
853.54,853.54,UAV-1,RELAY,KILLED,LANDED,2543.6,2398.9,3388.3,0.3,0.00,82.87,0,1.000,1,0.000,1,,0
853.54,853.54,UAV-2,STANDBY,READY,READY,204.2,3450.0,2862.5,0.3,0.00,100.00,1,1.000,1,0.000,1,,0
853.54,853.54,UAV-3,STANDBY,READY,READY,220.2,3430.0,2866.2,0.3,0.00,100.00,1,1.000,1,0.000,1,,0
853.54,853.54,UAV-4,STANDBY,READY,READY,220.2,3450.0,2864.8,0.3,0.00,100.00,1,1.000,1,0.000,1,,0
853.54,853.54,UAV-5,STANDBY,READY,READY,236.2,3430.0,2868.7,0.3,0.00,100.00,1,1.000,1,0.000,1,,0
853.54,853.54,UAV-6,STANDBY,READY,READY,236.2,3450.0,2867.7,0.3,0.00,100.00,1,1.000,1,0.000,1,,0
854.56,854.56,UAV-1,RELAY,KILLED,LANDED,2543.6,2398.9,3388.3,0.3,0.00,82.87,0,1.000,1,0.000,1,,0
854.56,854.56,UAV-2,STANDBY,READY,READY,204.2,3450.0,2862.5,0.3,0.00,100.00,1,1.000,1,0.000,1,,0
854.56,854.56,UAV-3,STANDBY,READY,READY,220.2,3430.0,2866.2,0.3,0.00,100.00,1,1.000,1,0.000,1,,0
854.56,854.56,UAV-4,STANDBY,READY,READY,220.2,3450.0,2864.8,0.3,0.00,100.00,1,1.000,1,0.000,1,,0
854.56,854.56,UAV-5,STANDBY,READY,READY,236.2,3430.0,2868.7,0.3,0.00,100.00,1,1.000,1,0.000,1,,0
854.56,854.56,UAV-6,STANDBY,READY,READY,236.2,3450.0,2867.7,0.3,0.00,100.00,1,1.000,1,0.000,1,,0
855.58,855.58,UAV-1,RELAY,KILLED,LANDED,2543.6,2398.9,3388.3,0.3,0.00,82.87,0,1.000,1,0.000,1,,0
855.58,855.58,UAV-2,STANDBY,READY,READY,204.2,3450.0,2862.5,0.3,0.00,100.00,1,1.000,1,0.000,1,,0
855.58,855.58,UAV-3,STANDBY,READY,READY,220.2,3430.0,2866.2,0.3,0.00,100.00,1,1.000,1,0.000,1,,0
855.58,855.58,UAV-4,STANDBY,READY,READY,220.2,3450.0,2864.8,0.3,0.00,100.00,1,1.000,1,0.000,1,,0
855.58,855.58,UAV-5,STANDBY,READY,READY,236.2,3430.0,2868.7,0.3,0.00,100.00,1,1.000,1,0.000,1,,0
855.58,855.58,UAV-6,STANDBY,READY,READY,236.2,3450.0,2867.7,0.3,0.00,100.00,1,1.000,1,0.000,1,,0
856.60,856.60,UAV-1,RELAY,KILLED,LANDED,2543.6,2398.9,3388.3,0.3,0.00,82.87,0,1.000,1,0.000,1,,0
856.60,856.60,UAV-2,STANDBY,READY,READY,204.2,3450.0,2862.5,0.3,0.00,100.00,1,1.000,1,0.000,1,,0
856.60,856.60,UAV-3,STANDBY,READY,READY,220.2,3430.0,2866.2,0.3,0.00,100.00,1,1.000,1,0.000,1,,0
856.60,856.60,UAV-4,STANDBY,READY,READY,220.2,3450.0,2864.8,0.3,0.00,100.00,1,1.000,1,0.000,1,,0
856.60,856.60,UAV-5,STANDBY,READY,READY,236.2,3430.0,2868.7,0.3,0.00,100.00,1,1.000,1,0.000,1,,0
856.60,856.60,UAV-6,STANDBY,READY,READY,236.2,3450.0,2867.7,0.3,0.00,100.00,1,1.000,1,0.000,1,,0
857.62,857.62,UAV-1,RELAY,KILLED,LANDED,2543.6,2398.9,3388.3,0.3,0.00,82.87,0,1.000,1,0.000,1,,0
857.62,857.62,UAV-2,STANDBY,READY,READY,204.2,3450.0,2862.5,0.3,0.00,100.00,1,1.000,1,0.000,1,,0
857.62,857.62,UAV-3,STANDBY,READY,READY,220.2,3430.0,2866.2,0.3,0.00,100.00,1,1.000,1,0.000,1,,0
857.62,857.62,UAV-4,STANDBY,READY,READY,220.2,3450.0,2864.8,0.3,0.00,100.00,1,1.000,1,0.000,1,,0
857.62,857.62,UAV-5,STANDBY,READY,READY,236.2,3430.0,2868.7,0.3,0.00,100.00,1,1.000,1,0.000,1,,0
857.62,857.62,UAV-6,STANDBY,READY,READY,236.2,3450.0,2867.7,0.3,0.00,100.00,1,1.000,1,0.000,1,,0
858.64,858.64,UAV-1,RELAY,KILLED,LANDED,2543.6,2398.9,3388.3,0.3,0.00,82.87,0,1.000,1,0.000,1,,0
858.64,858.64,UAV-2,STANDBY,READY,READY,204.2,3450.0,2862.5,0.3,0.00,100.00,1,1.000,1,0.000,1,,0
858.64,858.64,UAV-3,STANDBY,READY,READY,220.2,3430.0,2866.2,0.3,0.00,100.00,1,1.000,1,0.000,1,,0
858.64,858.64,UAV-4,STANDBY,READY,READY,220.2,3450.0,2864.8,0.3,0.00,100.00,1,1.000,1,0.000,1,,0
858.64,858.64,UAV-5,STANDBY,READY,READY,236.2,3430.0,2868.7,0.3,0.00,100.00,1,1.000,1,0.000,1,,0
858.64,858.64,UAV-6,STANDBY,READY,READY,236.2,3450.0,2867.7,0.3,0.00,100.00,1,1.000,1,0.000,1,,0
859.66,859.66,UAV-1,RELAY,KILLED,LANDED,2543.6,2398.9,3388.3,0.3,0.00,82.87,0,1.000,1,0.000,1,,0
859.66,859.66,UAV-2,STANDBY,READY,READY,204.2,3450.0,2862.5,0.3,0.00,100.00,1,1.000,1,0.000,1,,0
859.66,859.66,UAV-3,STANDBY,READY,READY,220.2,3430.0,2866.2,0.3,0.00,100.00,1,1.000,1,0.000,1,,0
859.66,859.66,UAV-4,STANDBY,READY,READY,220.2,3450.0,2864.8,0.3,0.00,100.00,1,1.000,1,0.000,1,,0
859.66,859.66,UAV-5,STANDBY,READY,READY,236.2,3430.0,2868.7,0.3,0.00,100.00,1,1.000,1,0.000,1,,0
859.66,859.66,UAV-6,STANDBY,READY,READY,236.2,3450.0,2867.7,0.3,0.00,100.00,1,1.000,1,0.000,1,,0
860.68,860.68,UAV-1,RELAY,KILLED,LANDED,2543.6,2398.9,3388.3,0.3,0.00,82.87,0,1.000,1,0.000,1,,0
860.68,860.68,UAV-2,STANDBY,READY,READY,204.2,3450.0,2862.5,0.3,0.00,100.00,1,1.000,1,0.000,1,,0
860.68,860.68,UAV-3,STANDBY,READY,READY,220.2,3430.0,2866.2,0.3,0.00,100.00,1,1.000,1,0.000,1,,0
860.68,860.68,UAV-4,STANDBY,READY,READY,220.2,3450.0,2864.8,0.3,0.00,100.00,1,1.000,1,0.000,1,,0
860.68,860.68,UAV-5,STANDBY,READY,READY,236.2,3430.0,2868.7,0.3,0.00,100.00,1,1.000,1,0.000,1,,0
860.68,860.68,UAV-6,STANDBY,READY,READY,236.2,3450.0,2867.7,0.3,0.00,100.00,1,1.000,1,0.000,1,,0
861.70,861.70,UAV-1,RELAY,KILLED,LANDED,2543.6,2398.9,3388.3,0.3,0.00,82.87,0,1.000,1,0.000,1,,0
861.70,861.70,UAV-2,STANDBY,READY,READY,204.2,3450.0,2862.5,0.3,0.00,100.00,1,1.000,1,0.000,1,,0
861.70,861.70,UAV-3,STANDBY,READY,READY,220.2,3430.0,2866.2,0.3,0.00,100.00,1,1.000,1,0.000,1,,0
861.70,861.70,UAV-4,STANDBY,READY,READY,220.2,3450.0,2864.8,0.3,0.00,100.00,1,1.000,1,0.000,1,,0
861.70,861.70,UAV-5,STANDBY,READY,READY,236.2,3430.0,2868.7,0.3,0.00,100.00,1,1.000,1,0.000,1,,0
861.70,861.70,UAV-6,STANDBY,READY,READY,236.2,3450.0,2867.7,0.3,0.00,100.00,1,1.000,1,0.000,1,,0
862.72,862.72,UAV-1,RELAY,KILLED,LANDED,2543.6,2398.9,3388.3,0.3,0.00,82.87,0,1.000,1,0.000,1,,0
862.72,862.72,UAV-2,STANDBY,READY,READY,204.2,3450.0,2862.5,0.3,0.00,100.00,1,1.000,1,0.000,1,,0
862.72,862.72,UAV-3,STANDBY,READY,READY,220.2,3430.0,2866.2,0.3,0.00,100.00,1,1.000,1,0.000,1,,0
862.72,862.72,UAV-4,STANDBY,READY,READY,220.2,3450.0,2864.8,0.3,0.00,100.00,1,1.000,1,0.000,1,,0
862.72,862.72,UAV-5,STANDBY,READY,READY,236.2,3430.0,2868.7,0.3,0.00,100.00,1,1.000,1,0.000,1,,0
862.72,862.72,UAV-6,STANDBY,READY,READY,236.2,3450.0,2867.7,0.3,0.00,100.00,1,1.000,1,0.000,1,,0
863.74,863.74,UAV-1,RELAY,KILLED,LANDED,2543.6,2398.9,3388.3,0.3,0.00,82.87,0,1.000,1,0.000,1,,0
863.74,863.74,UAV-2,STANDBY,READY,READY,204.2,3450.0,2862.5,0.3,0.00,100.00,1,1.000,1,0.000,1,,0
863.74,863.74,UAV-3,STANDBY,READY,READY,220.2,3430.0,2866.2,0.3,0.00,100.00,1,1.000,1,0.000,1,,0
863.74,863.74,UAV-4,STANDBY,READY,READY,220.2,3450.0,2864.8,0.3,0.00,100.00,1,1.000,1,0.000,1,,0
863.74,863.74,UAV-5,STANDBY,READY,READY,236.2,3430.0,2868.7,0.3,0.00,100.00,1,1.000,1,0.000,1,,0
863.74,863.74,UAV-6,STANDBY,READY,READY,236.2,3450.0,2867.7,0.3,0.00,100.00,1,1.000,1,0.000,1,,0
864.76,864.76,UAV-1,RELAY,KILLED,LANDED,2543.6,2398.9,3388.3,0.3,0.00,82.87,0,1.000,1,0.000,1,,0
864.76,864.76,UAV-2,STANDBY,READY,READY,204.2,3450.0,2862.5,0.3,0.00,100.00,1,1.000,1,0.000,1,,0
864.76,864.76,UAV-3,STANDBY,READY,READY,220.2,3430.0,2866.2,0.3,0.00,100.00,1,1.000,1,0.000,1,,0
864.76,864.76,UAV-4,STANDBY,READY,READY,220.2,3450.0,2864.8,0.3,0.00,100.00,1,1.000,1,0.000,1,,0
864.76,864.76,UAV-5,STANDBY,READY,READY,236.2,3430.0,2868.7,0.3,0.00,100.00,1,1.000,1,0.000,1,,0
864.76,864.76,UAV-6,STANDBY,READY,READY,236.2,3450.0,2867.7,0.3,0.00,100.00,1,1.000,1,0.000,1,,0
865.78,865.78,UAV-1,RELAY,KILLED,LANDED,2543.6,2398.9,3388.3,0.3,0.00,82.87,0,1.000,1,0.000,1,,0
865.78,865.78,UAV-2,STANDBY,READY,READY,204.2,3450.0,2862.5,0.3,0.00,100.00,1,1.000,1,0.000,1,,0
865.78,865.78,UAV-3,STANDBY,READY,READY,220.2,3430.0,2866.2,0.3,0.00,100.00,1,1.000,1,0.000,1,,0
865.78,865.78,UAV-4,STANDBY,READY,READY,220.2,3450.0,2864.8,0.3,0.00,100.00,1,1.000,1,0.000,1,,0
865.78,865.78,UAV-5,STANDBY,READY,READY,236.2,3430.0,2868.7,0.3,0.00,100.00,1,1.000,1,0.000,1,,0
865.78,865.78,UAV-6,STANDBY,READY,READY,236.2,3450.0,2867.7,0.3,0.00,100.00,1,1.000,1,0.000,1,,0
866.80,866.80,UAV-1,RELAY,KILLED,LANDED,2543.6,2398.9,3388.3,0.3,0.00,82.87,0,1.000,1,0.000,1,,0
866.80,866.80,UAV-2,STANDBY,READY,READY,204.2,3450.0,2862.5,0.3,0.00,100.00,1,1.000,1,0.000,1,,0
866.80,866.80,UAV-3,STANDBY,READY,READY,220.2,3430.0,2866.2,0.3,0.00,100.00,1,1.000,1,0.000,1,,0
866.80,866.80,UAV-4,STANDBY,READY,READY,220.2,3450.0,2864.8,0.3,0.00,100.00,1,1.000,1,0.000,1,,0
866.80,866.80,UAV-5,STANDBY,READY,READY,236.2,3430.0,2868.7,0.3,0.00,100.00,1,1.000,1,0.000,1,,0
866.80,866.80,UAV-6,STANDBY,READY,READY,236.2,3450.0,2867.7,0.3,0.00,100.00,1,1.000,1,0.000,1,,0
867.82,867.82,UAV-1,RELAY,KILLED,LANDED,2543.6,2398.9,3388.3,0.3,0.00,82.87,0,1.000,1,0.000,1,,0
867.82,867.82,UAV-2,STANDBY,READY,READY,204.2,3450.0,2862.5,0.3,0.00,100.00,1,1.000,1,0.000,1,,0
867.82,867.82,UAV-3,STANDBY,READY,READY,220.2,3430.0,2866.2,0.3,0.00,100.00,1,1.000,1,0.000,1,,0
867.82,867.82,UAV-4,STANDBY,READY,READY,220.2,3450.0,2864.8,0.3,0.00,100.00,1,1.000,1,0.000,1,,0
867.82,867.82,UAV-5,STANDBY,READY,READY,236.2,3430.0,2868.7,0.3,0.00,100.00,1,1.000,1,0.000,1,,0
867.82,867.82,UAV-6,STANDBY,READY,READY,236.2,3450.0,2867.7,0.3,0.00,100.00,1,1.000,1,0.000,1,,0
868.84,868.84,UAV-1,RELAY,KILLED,LANDED,2543.6,2398.9,3388.3,0.3,0.00,82.87,0,1.000,1,0.000,1,,0
868.84,868.84,UAV-2,STANDBY,READY,READY,204.2,3450.0,2862.5,0.3,0.00,100.00,1,1.000,1,0.000,1,,0
868.84,868.84,UAV-3,STANDBY,READY,READY,220.2,3430.0,2866.2,0.3,0.00,100.00,1,1.000,1,0.000,1,,0
868.84,868.84,UAV-4,STANDBY,READY,READY,220.2,3450.0,2864.8,0.3,0.00,100.00,1,1.000,1,0.000,1,,0
868.84,868.84,UAV-5,STANDBY,READY,READY,236.2,3430.0,2868.7,0.3,0.00,100.00,1,1.000,1,0.000,1,,0
868.84,868.84,UAV-6,STANDBY,READY,READY,236.2,3450.0,2867.7,0.3,0.00,100.00,1,1.000,1,0.000,1,,0
869.86,869.86,UAV-1,RELAY,KILLED,LANDED,2543.6,2398.9,3388.3,0.3,0.00,82.87,0,1.000,1,0.000,1,,0
869.86,869.86,UAV-2,STANDBY,READY,READY,204.2,3450.0,2862.5,0.3,0.00,100.00,1,1.000,1,0.000,1,,0
869.86,869.86,UAV-3,STANDBY,READY,READY,220.2,3430.0,2866.2,0.3,0.00,100.00,1,1.000,1,0.000,1,,0
869.86,869.86,UAV-4,STANDBY,READY,READY,220.2,3450.0,2864.8,0.3,0.00,100.00,1,1.000,1,0.000,1,,0
869.86,869.86,UAV-5,STANDBY,READY,READY,236.2,3430.0,2868.7,0.3,0.00,100.00,1,1.000,1,0.000,1,,0
869.86,869.86,UAV-6,STANDBY,READY,READY,236.2,3450.0,2867.7,0.3,0.00,100.00,1,1.000,1,0.000,1,,0
870.88,870.88,UAV-1,RELAY,KILLED,LANDED,2543.6,2398.9,3388.3,0.3,0.00,82.87,0,1.000,1,0.000,1,,0
870.88,870.88,UAV-2,STANDBY,READY,READY,204.2,3450.0,2862.5,0.3,0.00,100.00,1,1.000,1,0.000,1,,0
870.88,870.88,UAV-3,STANDBY,READY,READY,220.2,3430.0,2866.2,0.3,0.00,100.00,1,1.000,1,0.000,1,,0
870.88,870.88,UAV-4,STANDBY,READY,READY,220.2,3450.0,2864.8,0.3,0.00,100.00,1,1.000,1,0.000,1,,0
870.88,870.88,UAV-5,STANDBY,READY,READY,236.2,3430.0,2868.7,0.3,0.00,100.00,1,1.000,1,0.000,1,,0
870.88,870.88,UAV-6,STANDBY,READY,READY,236.2,3450.0,2867.7,0.3,0.00,100.00,1,1.000,1,0.000,1,,0
871.90,871.90,UAV-1,RELAY,KILLED,LANDED,2543.6,2398.9,3388.3,0.3,0.00,82.87,0,1.000,1,0.000,1,,0
871.90,871.90,UAV-2,STANDBY,READY,READY,204.2,3450.0,2862.5,0.3,0.00,100.00,1,1.000,1,0.000,1,,0
871.90,871.90,UAV-3,STANDBY,READY,READY,220.2,3430.0,2866.2,0.3,0.00,100.00,1,1.000,1,0.000,1,,0
871.90,871.90,UAV-4,STANDBY,READY,READY,220.2,3450.0,2864.8,0.3,0.00,100.00,1,1.000,1,0.000,1,,0
871.90,871.90,UAV-5,STANDBY,READY,READY,236.2,3430.0,2868.7,0.3,0.00,100.00,1,1.000,1,0.000,1,,0
871.90,871.90,UAV-6,STANDBY,READY,READY,236.2,3450.0,2867.7,0.3,0.00,100.00,1,1.000,1,0.000,1,,0
872.92,872.92,UAV-1,RELAY,KILLED,LANDED,2543.6,2398.9,3388.3,0.3,0.00,82.87,0,1.000,1,0.000,1,,0
872.92,872.92,UAV-2,STANDBY,READY,READY,204.2,3450.0,2862.5,0.3,0.00,100.00,1,1.000,1,0.000,1,,0
872.92,872.92,UAV-3,STANDBY,READY,READY,220.2,3430.0,2866.2,0.3,0.00,100.00,1,1.000,1,0.000,1,,0
872.92,872.92,UAV-4,STANDBY,READY,READY,220.2,3450.0,2864.8,0.3,0.00,100.00,1,1.000,1,0.000,1,,0
872.92,872.92,UAV-5,STANDBY,READY,READY,236.2,3430.0,2868.7,0.3,0.00,100.00,1,1.000,1,0.000,1,,0
872.92,872.92,UAV-6,STANDBY,READY,READY,236.2,3450.0,2867.7,0.3,0.00,100.00,1,1.000,1,0.000,1,,0
873.94,873.94,UAV-1,RELAY,KILLED,LANDED,2543.6,2398.9,3388.3,0.3,0.00,82.87,0,1.000,1,0.000,1,,0
873.94,873.94,UAV-2,STANDBY,READY,READY,204.2,3450.0,2862.5,0.3,0.00,100.00,1,1.000,1,0.000,1,,0
873.94,873.94,UAV-3,STANDBY,READY,READY,220.2,3430.0,2866.2,0.3,0.00,100.00,1,1.000,1,0.000,1,,0
873.94,873.94,UAV-4,STANDBY,READY,READY,220.2,3450.0,2864.8,0.3,0.00,100.00,1,1.000,1,0.000,1,,0
873.94,873.94,UAV-5,STANDBY,READY,READY,236.2,3430.0,2868.7,0.3,0.00,100.00,1,1.000,1,0.000,1,,0
873.94,873.94,UAV-6,STANDBY,READY,READY,236.2,3450.0,2867.7,0.3,0.00,100.00,1,1.000,1,0.000,1,,0
874.96,874.96,UAV-1,RELAY,KILLED,LANDED,2543.6,2398.9,3388.3,0.3,0.00,82.87,0,1.000,1,0.000,1,,0
874.96,874.96,UAV-2,STANDBY,READY,READY,204.2,3450.0,2862.5,0.3,0.00,100.00,1,1.000,1,0.000,1,,0
874.96,874.96,UAV-3,STANDBY,READY,READY,220.2,3430.0,2866.2,0.3,0.00,100.00,1,1.000,1,0.000,1,,0
874.96,874.96,UAV-4,STANDBY,READY,READY,220.2,3450.0,2864.8,0.3,0.00,100.00,1,1.000,1,0.000,1,,0
874.96,874.96,UAV-5,STANDBY,READY,READY,236.2,3430.0,2868.7,0.3,0.00,100.00,1,1.000,1,0.000,1,,0
874.96,874.96,UAV-6,STANDBY,READY,READY,236.2,3450.0,2867.7,0.3,0.00,100.00,1,1.000,1,0.000,1,,0
875.98,875.98,UAV-1,RELAY,KILLED,LANDED,2543.6,2398.9,3388.3,0.3,0.00,82.87,0,1.000,1,0.000,1,,0
875.98,875.98,UAV-2,STANDBY,READY,READY,204.2,3450.0,2862.5,0.3,0.00,100.00,1,1.000,1,0.000,1,,0
875.98,875.98,UAV-3,STANDBY,READY,READY,220.2,3430.0,2866.2,0.3,0.00,100.00,1,1.000,1,0.000,1,,0
875.98,875.98,UAV-4,STANDBY,READY,READY,220.2,3450.0,2864.8,0.3,0.00,100.00,1,1.000,1,0.000,1,,0
875.98,875.98,UAV-5,STANDBY,READY,READY,236.2,3430.0,2868.7,0.3,0.00,100.00,1,1.000,1,0.000,1,,0
875.98,875.98,UAV-6,STANDBY,READY,READY,236.2,3450.0,2867.7,0.3,0.00,100.00,1,1.000,1,0.000,1,,0
877.00,877.00,UAV-1,RELAY,KILLED,LANDED,2543.6,2398.9,3388.3,0.3,0.00,82.87,0,1.000,1,0.000,1,,0
877.00,877.00,UAV-2,STANDBY,READY,READY,204.2,3450.0,2862.5,0.3,0.00,100.00,1,1.000,1,0.000,1,,0
877.00,877.00,UAV-3,STANDBY,READY,READY,220.2,3430.0,2866.2,0.3,0.00,100.00,1,1.000,1,0.000,1,,0
877.00,877.00,UAV-4,STANDBY,READY,READY,220.2,3450.0,2864.8,0.3,0.00,100.00,1,1.000,1,0.000,1,,0
877.00,877.00,UAV-5,STANDBY,READY,READY,236.2,3430.0,2868.7,0.3,0.00,100.00,1,1.000,1,0.000,1,,0
877.00,877.00,UAV-6,STANDBY,READY,READY,236.2,3450.0,2867.7,0.3,0.00,100.00,1,1.000,1,0.000,1,,0
878.02,878.02,UAV-1,RELAY,KILLED,LANDED,2543.6,2398.9,3388.3,0.3,0.00,82.87,0,1.000,1,0.000,1,,0
878.02,878.02,UAV-2,STANDBY,READY,READY,204.2,3450.0,2862.5,0.3,0.00,100.00,1,1.000,1,0.000,1,,0
878.02,878.02,UAV-3,STANDBY,READY,READY,220.2,3430.0,2866.2,0.3,0.00,100.00,1,1.000,1,0.000,1,,0
878.02,878.02,UAV-4,STANDBY,READY,READY,220.2,3450.0,2864.8,0.3,0.00,100.00,1,1.000,1,0.000,1,,0
878.02,878.02,UAV-5,STANDBY,READY,READY,236.2,3430.0,2868.7,0.3,0.00,100.00,1,1.000,1,0.000,1,,0
878.02,878.02,UAV-6,STANDBY,READY,READY,236.2,3450.0,2867.7,0.3,0.00,100.00,1,1.000,1,0.000,1,,0
879.04,879.04,UAV-1,RELAY,KILLED,LANDED,2543.6,2398.9,3388.3,0.3,0.00,82.87,0,1.000,1,0.000,1,,0
879.04,879.04,UAV-2,STANDBY,READY,READY,204.2,3450.0,2862.5,0.3,0.00,100.00,1,1.000,1,0.000,1,,0
879.04,879.04,UAV-3,STANDBY,READY,READY,220.2,3430.0,2866.2,0.3,0.00,100.00,1,1.000,1,0.000,1,,0
879.04,879.04,UAV-4,STANDBY,READY,READY,220.2,3450.0,2864.8,0.3,0.00,100.00,1,1.000,1,0.000,1,,0
879.04,879.04,UAV-5,STANDBY,READY,READY,236.2,3430.0,2868.7,0.3,0.00,100.00,1,1.000,1,0.000,1,,0
879.04,879.04,UAV-6,STANDBY,READY,READY,236.2,3450.0,2867.7,0.3,0.00,100.00,1,1.000,1,0.000,1,,0
880.06,880.06,UAV-1,RELAY,KILLED,LANDED,2543.6,2398.9,3388.3,0.3,0.00,82.87,0,1.000,1,0.000,1,,0
880.06,880.06,UAV-2,STANDBY,READY,READY,204.2,3450.0,2862.5,0.3,0.00,100.00,1,1.000,1,0.000,1,,0
880.06,880.06,UAV-3,STANDBY,READY,READY,220.2,3430.0,2866.2,0.3,0.00,100.00,1,1.000,1,0.000,1,,0
880.06,880.06,UAV-4,STANDBY,READY,READY,220.2,3450.0,2864.8,0.3,0.00,100.00,1,1.000,1,0.000,1,,0
880.06,880.06,UAV-5,STANDBY,READY,READY,236.2,3430.0,2868.7,0.3,0.00,100.00,1,1.000,1,0.000,1,,0
880.06,880.06,UAV-6,STANDBY,READY,READY,236.2,3450.0,2867.7,0.3,0.00,100.00,1,1.000,1,0.000,1,,0
881.08,881.08,UAV-1,RELAY,KILLED,LANDED,2543.6,2398.9,3388.3,0.3,0.00,82.87,0,1.000,1,0.000,1,,0
881.08,881.08,UAV-2,STANDBY,READY,READY,204.2,3450.0,2862.5,0.3,0.00,100.00,1,1.000,1,0.000,1,,0
881.08,881.08,UAV-3,STANDBY,READY,READY,220.2,3430.0,2866.2,0.3,0.00,100.00,1,1.000,1,0.000,1,,0
881.08,881.08,UAV-4,STANDBY,READY,READY,220.2,3450.0,2864.8,0.3,0.00,100.00,1,1.000,1,0.000,1,,0
881.08,881.08,UAV-5,STANDBY,READY,READY,236.2,3430.0,2868.7,0.3,0.00,100.00,1,1.000,1,0.000,1,,0
881.08,881.08,UAV-6,STANDBY,READY,READY,236.2,3450.0,2867.7,0.3,0.00,100.00,1,1.000,1,0.000,1,,0
882.10,882.10,UAV-1,RELAY,KILLED,LANDED,2543.6,2398.9,3388.3,0.3,0.00,82.87,0,1.000,1,0.000,1,,0
882.10,882.10,UAV-2,STANDBY,READY,READY,204.2,3450.0,2862.5,0.3,0.00,100.00,1,1.000,1,0.000,1,,0
882.10,882.10,UAV-3,STANDBY,READY,READY,220.2,3430.0,2866.2,0.3,0.00,100.00,1,1.000,1,0.000,1,,0
882.10,882.10,UAV-4,STANDBY,READY,READY,220.2,3450.0,2864.8,0.3,0.00,100.00,1,1.000,1,0.000,1,,0
882.10,882.10,UAV-5,STANDBY,READY,READY,236.2,3430.0,2868.7,0.3,0.00,100.00,1,1.000,1,0.000,1,,0
882.10,882.10,UAV-6,STANDBY,READY,READY,236.2,3450.0,2867.7,0.3,0.00,100.00,1,1.000,1,0.000,1,,0
883.12,883.12,UAV-1,RELAY,KILLED,LANDED,2543.6,2398.9,3388.3,0.3,0.00,82.87,0,1.000,1,0.000,1,,0
883.12,883.12,UAV-2,STANDBY,READY,READY,204.2,3450.0,2862.5,0.3,0.00,100.00,1,1.000,1,0.000,1,,0
883.12,883.12,UAV-3,STANDBY,READY,READY,220.2,3430.0,2866.2,0.3,0.00,100.00,1,1.000,1,0.000,1,,0
883.12,883.12,UAV-4,STANDBY,READY,READY,220.2,3450.0,2864.8,0.3,0.00,100.00,1,1.000,1,0.000,1,,0
883.12,883.12,UAV-5,STANDBY,READY,READY,236.2,3430.0,2868.7,0.3,0.00,100.00,1,1.000,1,0.000,1,,0
883.12,883.12,UAV-6,STANDBY,READY,READY,236.2,3450.0,2867.7,0.3,0.00,100.00,1,1.000,1,0.000,1,,0
884.14,884.14,UAV-1,RELAY,KILLED,LANDED,2543.6,2398.9,3388.3,0.3,0.00,82.87,0,1.000,1,0.000,1,,0
884.14,884.14,UAV-2,STANDBY,READY,READY,204.2,3450.0,2862.5,0.3,0.00,100.00,1,1.000,1,0.000,1,,0
884.14,884.14,UAV-3,STANDBY,READY,READY,220.2,3430.0,2866.2,0.3,0.00,100.00,1,1.000,1,0.000,1,,0
884.14,884.14,UAV-4,STANDBY,READY,READY,220.2,3450.0,2864.8,0.3,0.00,100.00,1,1.000,1,0.000,1,,0
884.14,884.14,UAV-5,STANDBY,READY,READY,236.2,3430.0,2868.7,0.3,0.00,100.00,1,1.000,1,0.000,1,,0
884.14,884.14,UAV-6,STANDBY,READY,READY,236.2,3450.0,2867.7,0.3,0.00,100.00,1,1.000,1,0.000,1,,0
885.16,885.16,UAV-1,RELAY,KILLED,LANDED,2543.6,2398.9,3388.3,0.3,0.00,82.87,0,1.000,1,0.000,1,,0
885.16,885.16,UAV-2,STANDBY,READY,READY,204.2,3450.0,2862.5,0.3,0.00,100.00,1,1.000,1,0.000,1,,0
885.16,885.16,UAV-3,STANDBY,READY,READY,220.2,3430.0,2866.2,0.3,0.00,100.00,1,1.000,1,0.000,1,,0
885.16,885.16,UAV-4,STANDBY,READY,READY,220.2,3450.0,2864.8,0.3,0.00,100.00,1,1.000,1,0.000,1,,0
885.16,885.16,UAV-5,STANDBY,READY,READY,236.2,3430.0,2868.7,0.3,0.00,100.00,1,1.000,1,0.000,1,,0
885.16,885.16,UAV-6,STANDBY,READY,READY,236.2,3450.0,2867.7,0.3,0.00,100.00,1,1.000,1,0.000,1,,0
886.18,886.18,UAV-1,RELAY,KILLED,LANDED,2543.6,2398.9,3388.3,0.3,0.00,82.87,0,1.000,1,0.000,1,,0
886.18,886.18,UAV-2,STANDBY,READY,READY,204.2,3450.0,2862.5,0.3,0.00,100.00,1,1.000,1,0.000,1,,0
886.18,886.18,UAV-3,STANDBY,READY,READY,220.2,3430.0,2866.2,0.3,0.00,100.00,1,1.000,1,0.000,1,,0
886.18,886.18,UAV-4,STANDBY,READY,READY,220.2,3450.0,2864.8,0.3,0.00,100.00,1,1.000,1,0.000,1,,0
886.18,886.18,UAV-5,STANDBY,READY,READY,236.2,3430.0,2868.7,0.3,0.00,100.00,1,1.000,1,0.000,1,,0
886.18,886.18,UAV-6,STANDBY,READY,READY,236.2,3450.0,2867.7,0.3,0.00,100.00,1,1.000,1,0.000,1,,0
887.20,887.20,UAV-1,RELAY,KILLED,LANDED,2543.6,2398.9,3388.3,0.3,0.00,82.87,0,1.000,1,0.000,1,,0
887.20,887.20,UAV-2,STANDBY,READY,READY,204.2,3450.0,2862.5,0.3,0.00,100.00,1,1.000,1,0.000,1,,0
887.20,887.20,UAV-3,STANDBY,READY,READY,220.2,3430.0,2866.2,0.3,0.00,100.00,1,1.000,1,0.000,1,,0
887.20,887.20,UAV-4,STANDBY,READY,READY,220.2,3450.0,2864.8,0.3,0.00,100.00,1,1.000,1,0.000,1,,0
887.20,887.20,UAV-5,STANDBY,READY,READY,236.2,3430.0,2868.7,0.3,0.00,100.00,1,1.000,1,0.000,1,,0
887.20,887.20,UAV-6,STANDBY,READY,READY,236.2,3450.0,2867.7,0.3,0.00,100.00,1,1.000,1,0.000,1,,0
888.22,888.22,UAV-1,RELAY,KILLED,LANDED,2543.6,2398.9,3388.3,0.3,0.00,82.87,0,1.000,1,0.000,1,,0
888.22,888.22,UAV-2,STANDBY,READY,READY,204.2,3450.0,2862.5,0.3,0.00,100.00,1,1.000,1,0.000,1,,0
888.22,888.22,UAV-3,STANDBY,READY,READY,220.2,3430.0,2866.2,0.3,0.00,100.00,1,1.000,1,0.000,1,,0
888.22,888.22,UAV-4,STANDBY,READY,READY,220.2,3450.0,2864.8,0.3,0.00,100.00,1,1.000,1,0.000,1,,0
888.22,888.22,UAV-5,STANDBY,READY,READY,236.2,3430.0,2868.7,0.3,0.00,100.00,1,1.000,1,0.000,1,,0
888.22,888.22,UAV-6,STANDBY,READY,READY,236.2,3450.0,2867.7,0.3,0.00,100.00,1,1.000,1,0.000,1,,0
889.24,889.24,UAV-1,RELAY,KILLED,LANDED,2543.6,2398.9,3388.3,0.3,0.00,82.87,0,1.000,1,0.000,1,,0
889.24,889.24,UAV-2,STANDBY,READY,READY,204.2,3450.0,2862.5,0.3,0.00,100.00,1,1.000,1,0.000,1,,0
889.24,889.24,UAV-3,STANDBY,READY,READY,220.2,3430.0,2866.2,0.3,0.00,100.00,1,1.000,1,0.000,1,,0
889.24,889.24,UAV-4,STANDBY,READY,READY,220.2,3450.0,2864.8,0.3,0.00,100.00,1,1.000,1,0.000,1,,0
889.24,889.24,UAV-5,STANDBY,READY,READY,236.2,3430.0,2868.7,0.3,0.00,100.00,1,1.000,1,0.000,1,,0
889.24,889.24,UAV-6,STANDBY,READY,READY,236.2,3450.0,2867.7,0.3,0.00,100.00,1,1.000,1,0.000,1,,0
890.26,890.26,UAV-1,RELAY,KILLED,LANDED,2543.6,2398.9,3388.3,0.3,0.00,82.87,0,1.000,1,0.000,1,,0
890.26,890.26,UAV-2,STANDBY,READY,READY,204.2,3450.0,2862.5,0.3,0.00,100.00,1,1.000,1,0.000,1,,0
890.26,890.26,UAV-3,STANDBY,READY,READY,220.2,3430.0,2866.2,0.3,0.00,100.00,1,1.000,1,0.000,1,,0
890.26,890.26,UAV-4,STANDBY,READY,READY,220.2,3450.0,2864.8,0.3,0.00,100.00,1,1.000,1,0.000,1,,0
890.26,890.26,UAV-5,STANDBY,READY,READY,236.2,3430.0,2868.7,0.3,0.00,100.00,1,1.000,1,0.000,1,,0
890.26,890.26,UAV-6,STANDBY,READY,READY,236.2,3450.0,2867.7,0.3,0.00,100.00,1,1.000,1,0.000,1,,0
891.28,891.28,UAV-1,RELAY,KILLED,LANDED,2543.6,2398.9,3388.3,0.3,0.00,82.87,0,1.000,1,0.000,1,,0
891.28,891.28,UAV-2,STANDBY,READY,READY,204.2,3450.0,2862.5,0.3,0.00,100.00,1,1.000,1,0.000,1,,0
891.28,891.28,UAV-3,STANDBY,READY,READY,220.2,3430.0,2866.2,0.3,0.00,100.00,1,1.000,1,0.000,1,,0
891.28,891.28,UAV-4,STANDBY,READY,READY,220.2,3450.0,2864.8,0.3,0.00,100.00,1,1.000,1,0.000,1,,0
891.28,891.28,UAV-5,STANDBY,READY,READY,236.2,3430.0,2868.7,0.3,0.00,100.00,1,1.000,1,0.000,1,,0
891.28,891.28,UAV-6,STANDBY,READY,READY,236.2,3450.0,2867.7,0.3,0.00,100.00,1,1.000,1,0.000,1,,0
892.30,892.30,UAV-1,RELAY,KILLED,LANDED,2543.6,2398.9,3388.3,0.3,0.00,82.87,0,1.000,1,0.000,1,,0
892.30,892.30,UAV-2,STANDBY,READY,READY,204.2,3450.0,2862.5,0.3,0.00,100.00,1,1.000,1,0.000,1,,0
892.30,892.30,UAV-3,STANDBY,READY,READY,220.2,3430.0,2866.2,0.3,0.00,100.00,1,1.000,1,0.000,1,,0
892.30,892.30,UAV-4,STANDBY,READY,READY,220.2,3450.0,2864.8,0.3,0.00,100.00,1,1.000,1,0.000,1,,0
892.30,892.30,UAV-5,STANDBY,READY,READY,236.2,3430.0,2868.7,0.3,0.00,100.00,1,1.000,1,0.000,1,,0
892.30,892.30,UAV-6,STANDBY,READY,READY,236.2,3450.0,2867.7,0.3,0.00,100.00,1,1.000,1,0.000,1,,0
893.32,893.32,UAV-1,RELAY,KILLED,LANDED,2543.6,2398.9,3388.3,0.3,0.00,82.87,0,1.000,1,0.000,1,,0
893.32,893.32,UAV-2,STANDBY,READY,READY,204.2,3450.0,2862.5,0.3,0.00,100.00,1,1.000,1,0.000,1,,0
893.32,893.32,UAV-3,STANDBY,READY,READY,220.2,3430.0,2866.2,0.3,0.00,100.00,1,1.000,1,0.000,1,,0
893.32,893.32,UAV-4,STANDBY,READY,READY,220.2,3450.0,2864.8,0.3,0.00,100.00,1,1.000,1,0.000,1,,0
893.32,893.32,UAV-5,STANDBY,READY,READY,236.2,3430.0,2868.7,0.3,0.00,100.00,1,1.000,1,0.000,1,,0
893.32,893.32,UAV-6,STANDBY,READY,READY,236.2,3450.0,2867.7,0.3,0.00,100.00,1,1.000,1,0.000,1,,0
894.34,894.34,UAV-1,RELAY,KILLED,LANDED,2543.6,2398.9,3388.3,0.3,0.00,82.87,0,1.000,1,0.000,1,,0
894.34,894.34,UAV-2,STANDBY,READY,READY,204.2,3450.0,2862.5,0.3,0.00,100.00,1,1.000,1,0.000,1,,0
894.34,894.34,UAV-3,STANDBY,READY,READY,220.2,3430.0,2866.2,0.3,0.00,100.00,1,1.000,1,0.000,1,,0
894.34,894.34,UAV-4,STANDBY,READY,READY,220.2,3450.0,2864.8,0.3,0.00,100.00,1,1.000,1,0.000,1,,0
894.34,894.34,UAV-5,STANDBY,READY,READY,236.2,3430.0,2868.7,0.3,0.00,100.00,1,1.000,1,0.000,1,,0
894.34,894.34,UAV-6,STANDBY,READY,READY,236.2,3450.0,2867.7,0.3,0.00,100.00,1,1.000,1,0.000,1,,0
895.36,895.36,UAV-1,RELAY,KILLED,LANDED,2543.6,2398.9,3388.3,0.3,0.00,82.87,0,1.000,1,0.000,1,,0
895.36,895.36,UAV-2,STANDBY,READY,READY,204.2,3450.0,2862.5,0.3,0.00,100.00,1,1.000,1,0.000,1,,0
895.36,895.36,UAV-3,STANDBY,READY,READY,220.2,3430.0,2866.2,0.3,0.00,100.00,1,1.000,1,0.000,1,,0
895.36,895.36,UAV-4,STANDBY,READY,READY,220.2,3450.0,2864.8,0.3,0.00,100.00,1,1.000,1,0.000,1,,0
895.36,895.36,UAV-5,STANDBY,READY,READY,236.2,3430.0,2868.7,0.3,0.00,100.00,1,1.000,1,0.000,1,,0
895.36,895.36,UAV-6,STANDBY,READY,READY,236.2,3450.0,2867.7,0.3,0.00,100.00,1,1.000,1,0.000,1,,0
896.38,896.38,UAV-1,RELAY,KILLED,LANDED,2543.6,2398.9,3388.3,0.3,0.00,82.87,0,1.000,1,0.000,1,,0
896.38,896.38,UAV-2,STANDBY,READY,READY,204.2,3450.0,2862.5,0.3,0.00,100.00,1,1.000,1,0.000,1,,0
896.38,896.38,UAV-3,STANDBY,READY,READY,220.2,3430.0,2866.2,0.3,0.00,100.00,1,1.000,1,0.000,1,,0
896.38,896.38,UAV-4,STANDBY,READY,READY,220.2,3450.0,2864.8,0.3,0.00,100.00,1,1.000,1,0.000,1,,0
896.38,896.38,UAV-5,STANDBY,READY,READY,236.2,3430.0,2868.7,0.3,0.00,100.00,1,1.000,1,0.000,1,,0
896.38,896.38,UAV-6,STANDBY,READY,READY,236.2,3450.0,2867.7,0.3,0.00,100.00,1,1.000,1,0.000,1,,0
897.40,897.40,UAV-1,RELAY,KILLED,LANDED,2543.6,2398.9,3388.3,0.3,0.00,82.87,0,1.000,1,0.000,1,,0
897.40,897.40,UAV-2,STANDBY,READY,READY,204.2,3450.0,2862.5,0.3,0.00,100.00,1,1.000,1,0.000,1,,0
897.40,897.40,UAV-3,STANDBY,READY,READY,220.2,3430.0,2866.2,0.3,0.00,100.00,1,1.000,1,0.000,1,,0
897.40,897.40,UAV-4,STANDBY,READY,READY,220.2,3450.0,2864.8,0.3,0.00,100.00,1,1.000,1,0.000,1,,0
897.40,897.40,UAV-5,STANDBY,READY,READY,236.2,3430.0,2868.7,0.3,0.00,100.00,1,1.000,1,0.000,1,,0
897.40,897.40,UAV-6,STANDBY,READY,READY,236.2,3450.0,2867.7,0.3,0.00,100.00,1,1.000,1,0.000,1,,0
898.42,898.42,UAV-1,RELAY,KILLED,LANDED,2543.6,2398.9,3388.3,0.3,0.00,82.87,0,1.000,1,0.000,1,,0
898.42,898.42,UAV-2,STANDBY,READY,READY,204.2,3450.0,2862.5,0.3,0.00,100.00,1,1.000,1,0.000,1,,0
898.42,898.42,UAV-3,STANDBY,READY,READY,220.2,3430.0,2866.2,0.3,0.00,100.00,1,1.000,1,0.000,1,,0
898.42,898.42,UAV-4,STANDBY,READY,READY,220.2,3450.0,2864.8,0.3,0.00,100.00,1,1.000,1,0.000,1,,0
898.42,898.42,UAV-5,STANDBY,READY,READY,236.2,3430.0,2868.7,0.3,0.00,100.00,1,1.000,1,0.000,1,,0
898.42,898.42,UAV-6,STANDBY,READY,READY,236.2,3450.0,2867.7,0.3,0.00,100.00,1,1.000,1,0.000,1,,0
899.44,899.44,UAV-1,RELAY,KILLED,LANDED,2543.6,2398.9,3388.3,0.3,0.00,82.87,0,1.000,1,0.000,1,,0
899.44,899.44,UAV-2,STANDBY,READY,READY,204.2,3450.0,2862.5,0.3,0.00,100.00,1,1.000,1,0.000,1,,0
899.44,899.44,UAV-3,STANDBY,READY,READY,220.2,3430.0,2866.2,0.3,0.00,100.00,1,1.000,1,0.000,1,,0
899.44,899.44,UAV-4,STANDBY,READY,READY,220.2,3450.0,2864.8,0.3,0.00,100.00,1,1.000,1,0.000,1,,0
899.44,899.44,UAV-5,STANDBY,READY,READY,236.2,3430.0,2868.7,0.3,0.00,100.00,1,1.000,1,0.000,1,,0
899.44,899.44,UAV-6,STANDBY,READY,READY,236.2,3450.0,2867.7,0.3,0.00,100.00,1,1.000,1,0.000,1,,0
